anho,mes,codigo_nivel,codigo_entidad,codigo_oee,nivel_categoria,sexo,cantidad,devengado
2015,6,11,1,1,A,FEMENINO,3,25300000
2015,6,11,1,1,B,FEMENINO,25,319200000
2015,6,11,1,1,B,MASCULINO,26,344300000
2015,6,11,1,1,C,FEMENINO,28,204000000
2015,6,11,1,1,C,MASCULINO,25,175900000
2015,6,11,1,1,D,FEMENINO,28,185500000
2015,6,11,1,1,D,MASCULINO,38,274200000
2015,6,11,1,1,E,FEMENINO,4,14800000
2015,6,11,1,1,E,MASCULINO,2,11600000
2015,6,11,1,1,F,FEMENINO,65,240800000
2015,6,11,1,1,F,MASCULINO,110,374100000
2015,6,11,2,1,A,FEMENINO,5,34800000
2015,6,11,2,1,A,MASCULINO,5,72500000
2015,6,11,2,1,B,FEMENINO,64,823100000
2015,6,11,2,1,B,MASCULINO,62,819300000
2015,6,11,2,1,C,FEMENINO,55,496000000
2015,6,11,2,1,C,MASCULINO,53,485200000
2015,6,11,2,1,D,FEMENINO,43,270801800
2015,6,11,2,1,D,MASCULINO,65,418200000
2015,6,11,2,1,E,FEMENINO,2,16000000
2015,6,11,2,1,E,MASCULINO,4,32000000
2015,6,11,2,1,F,FEMENINO,70,279100000
2015,6,11,2,1,F,MASCULINO,134,513359300
2015,6,11,3,1,A,FEMENINO,14,140100000
2015,6,11,3,1,A,MASCULINO,23,254800000
2015,6,11,3,1,B,FEMENINO,44,573500000
2015,6,11,3,1,B,MASCULINO,59,812200000
2015,6,11,3,1,C,FEMENINO,130,975200000
2015,6,11,3,1,C,MASCULINO,160,1369050000
2015,6,11,3,1,D,FEMENINO,164,1132300000
2015,6,11,3,1,D,MASCULINO,221,1526900000
2015,6,11,3,1,E,FEMENINO,4,29600000
2015,6,11,3,1,E,MASCULINO,5,37000000
2015,6,11,3,1,F,FEMENINO,125,471700000
2015,6,11,3,1,F,MASCULINO,122,450800000
2015,6,12,1,1,A,MASCULINO,8,156266100
2015,6,12,1,1,B,FEMENINO,8,99748300
2015,6,12,1,1,B,MASCULINO,3,32024700
2015,6,12,1,1,C,FEMENINO,32,172106800
2015,6,12,1,1,C,MASCULINO,34,187386300
2015,6,12,1,1,D,FEMENINO,15,50700600
2015,6,12,1,1,D,MASCULINO,25,93446300
2015,6,12,1,1,E,FEMENINO,17,35256285
2015,6,12,1,1,E,MASCULINO,29,62920595
2015,6,12,1,1,F,FEMENINO,10,29917500
2015,6,12,1,1,F,MASCULINO,11,34316300
2015,6,12,1,1,G,FEMENINO,23,64230155
2015,6,12,1,1,G,MASCULINO,61,167002155
2015,6,12,1,2,A,FEMENINO,2,9490300
2015,6,12,1,2,A,MASCULINO,2,14974400
2015,6,12,1,2,D,FEMENINO,2,8420600
2015,6,12,1,2,D,MASCULINO,4,15533500
2015,6,12,1,2,E,FEMENINO,7,19453155
2015,6,12,1,2,E,MASCULINO,11,27979955
2015,6,12,1,5,A,MASCULINO,1,22000000
2015,6,12,1,5,B,FEMENINO,9,63680900
2015,6,12,1,5,B,MASCULINO,13,98089800
2015,6,12,1,5,C,FEMENINO,17,73394100
2015,6,12,1,5,C,MASCULINO,19,100619000
2015,6,12,1,5,D,FEMENINO,7,18848900
2015,6,12,1,5,D,MASCULINO,10,29092100
2015,6,12,1,5,E,FEMENINO,9,22054200
2015,6,12,1,5,E,MASCULINO,16,38353100
2015,6,12,1,5,F,FEMENINO,13,29500300
2015,6,12,1,5,F,MASCULINO,7,14163700
2015,6,12,1,5,G,MASCULINO,4,8711000
2015,6,12,1,6,A,MASCULINO,1,22000000
2015,6,12,1,6,B,FEMENINO,16,113651200
2015,6,12,1,6,B,MASCULINO,5,32506127
2015,6,12,1,6,C,FEMENINO,21,106698100
2015,6,12,1,6,C,MASCULINO,10,52169100
2015,6,12,1,6,D,FEMENINO,4,11278200
2015,6,12,1,6,D,MASCULINO,5,15632100
2015,6,12,1,6,F,FEMENINO,1,2143400
2015,6,12,1,6,F,MASCULINO,2,4771900
2015,6,12,1,7,B,FEMENINO,8,71794128
2015,6,12,1,7,B,MASCULINO,1,8218196
2015,6,12,1,7,C,FEMENINO,28,160745744
2015,6,12,1,7,C,MASCULINO,19,107667416
2015,6,12,1,7,D,FEMENINO,7,18591299
2015,6,12,1,7,D,MASCULINO,10,33995956
2015,6,12,1,7,E,FEMENINO,5,19134892
2015,6,12,1,7,E,MASCULINO,4,15156238
2015,6,12,1,7,F,FEMENINO,1,1263720
2015,6,12,1,7,F,MASCULINO,7,15240454
2015,6,12,1,7,G,FEMENINO,3,6723043
2015,6,12,1,7,G,MASCULINO,2,3165769
2015,6,12,1,11,A,FEMENINO,1,8385300
2015,6,12,1,11,A,MASCULINO,1,22000000
2015,6,12,1,11,B,FEMENINO,7,54923900
2015,6,12,1,11,B,MASCULINO,3,21452200
2015,6,12,1,11,C,FEMENINO,24,115121100
2015,6,12,1,11,C,MASCULINO,22,113540600
2015,6,12,1,11,D,FEMENINO,23,76360200
2015,6,12,1,11,D,MASCULINO,31,108647200
2015,6,12,1,11,F,FEMENINO,4,11242400
2015,6,12,1,11,F,MASCULINO,2,5872500
2015,6,12,1,11,G,FEMENINO,13,36411200
2015,6,12,1,11,G,MASCULINO,14,37275300
2015,6,12,1,11,K,FEMENINO,40,113600400
2015,6,12,1,11,K,MASCULINO,185,577894000
2015,6,12,1,12,A,MASCULINO,1,22000000
2015,6,12,1,12,B,MASCULINO,9,83768400
2015,6,12,1,14,A,MASCULINO,1,22000000
2015,6,12,1,14,B,FEMENINO,5,32757200
2015,6,12,1,14,B,MASCULINO,7,58447200
2015,6,12,1,14,C,FEMENINO,10,45559700
2015,6,12,1,14,C,MASCULINO,7,29597300
2015,6,12,1,14,D,FEMENINO,3,8289200
2015,6,12,1,14,D,MASCULINO,6,19333600
2015,6,12,1,14,E,FEMENINO,4,7712610
2015,6,12,1,14,E,MASCULINO,5,9729865
2015,6,12,1,15,A,FEMENINO,14,117816191
2015,6,12,1,15,A,MASCULINO,30,266766667
2015,6,12,1,15,B,FEMENINO,7,68569071
2015,6,12,1,15,B,MASCULINO,4,35044500
2015,6,12,1,15,C,FEMENINO,22,81219903
2015,6,12,1,15,C,MASCULINO,20,78063636
2015,6,12,1,15,D,FEMENINO,4,11026900
2015,6,12,1,15,D,MASCULINO,5,14271400
2015,6,12,1,15,E,FEMENINO,2,3827759
2015,6,12,1,15,E,MASCULINO,2,3658400
2015,6,12,1,16,A,MASCULINO,1,22000000
2015,6,12,1,16,B,FEMENINO,1,9214524
2015,6,12,1,16,B,MASCULINO,6,53166914
2015,6,12,1,16,C,FEMENINO,27,185419379
2015,6,12,1,16,C,MASCULINO,13,91057076
2015,6,12,1,16,D,FEMENINO,5,21842027
2015,6,12,1,16,D,MASCULINO,7,30231253
2015,6,12,1,16,E,FEMENINO,1,1991979
2015,6,12,1,16,F,MASCULINO,1,3898100
2015,6,12,1,16,G,MASCULINO,1,3393423
2015,6,12,1,17,A,MASCULINO,1,22000000
2015,6,12,1,17,B,FEMENINO,4,23695600
2015,6,12,1,17,B,MASCULINO,2,11237997
2015,6,12,1,17,C,FEMENINO,5,20916200
2015,6,12,1,17,C,MASCULINO,7,27061100
2015,6,12,1,17,D,FEMENINO,4,14114300
2015,6,12,1,17,D,MASCULINO,7,18062200
2015,6,12,1,17,E,FEMENINO,5,11711300
2015,6,12,1,17,E,MASCULINO,5,10279200
2015,6,12,1,17,F,FEMENINO,1,2718200
2015,6,12,1,17,F,MASCULINO,4,9748010
2015,6,12,1,18,A,FEMENINO,1,22000000
2015,6,12,1,18,B,FEMENINO,9,67472100
2015,6,12,1,18,B,MASCULINO,1,11279000
2015,6,12,1,18,C,FEMENINO,32,145979400
2015,6,12,1,18,C,MASCULINO,12,50093200
2015,6,12,1,18,D,FEMENINO,11,29462400
2015,6,12,1,18,D,MASCULINO,2,5459400
2015,6,12,1,18,E,FEMENINO,20,40279600
2015,6,12,1,18,E,MASCULINO,15,33105010
2015,6,12,1,18,F,FEMENINO,10,21305530
2015,6,12,1,18,F,MASCULINO,21,39646625
2015,6,12,1,18,G,FEMENINO,1,1921100
2015,6,12,1,18,G,MASCULINO,4,7587355
2015,6,12,1,19,A,MASCULINO,1,22000000
2015,6,12,1,19,B,FEMENINO,6,45947600
2015,6,12,1,19,B,MASCULINO,11,78212900
2015,6,12,1,19,C,FEMENINO,15,65337700
2015,6,12,1,19,C,MASCULINO,27,131101600
2015,6,12,1,19,D,FEMENINO,8,21083400
2015,6,12,1,19,D,MASCULINO,18,48999100
2015,6,12,1,19,E,FEMENINO,10,30395810
2015,6,12,1,19,E,MASCULINO,19,40453485
2015,6,12,1,19,F,FEMENINO,2,4562700
2015,6,12,1,19,F,MASCULINO,4,8849500
2015,6,12,1,19,G,FEMENINO,1,1824055
2015,6,12,1,20,A,FEMENINO,2,26795800
2015,6,12,1,20,A,MASCULINO,2,11759900
2015,6,12,1,20,B,FEMENINO,6,41078600
2015,6,12,1,20,B,MASCULINO,8,52943200
2015,6,12,1,20,C,FEMENINO,19,85441100
2015,6,12,1,20,C,MASCULINO,12,49554900
2015,6,12,1,21,A,FEMENINO,3,30401700
2015,6,12,1,21,A,MASCULINO,1,7666100
2015,6,12,1,21,B,FEMENINO,6,38484400
2015,6,12,1,21,B,MASCULINO,6,47079227
2015,6,12,1,21,C,FEMENINO,12,47068381
2015,6,12,1,21,C,MASCULINO,6,29060997
2015,6,12,1,21,D,FEMENINO,25,75607430
2015,6,12,1,21,D,MASCULINO,23,69521781
2015,6,12,1,21,E,FEMENINO,4,8976000
2015,6,12,1,21,E,MASCULINO,1,2002100
2015,6,12,1,21,F,FEMENINO,68,130422714
2015,6,12,1,21,F,MASCULINO,40,73415562
2015,6,12,1,21,G,MASCULINO,6,10561233
2015,6,12,1,23,A,MASCULINO,1,22000000
2015,6,12,1,23,B,FEMENINO,3,39000000
2015,6,12,1,23,B,MASCULINO,4,37158000
2015,6,12,1,23,C,FEMENINO,9,52578100
2015,6,12,1,23,C,MASCULINO,12,73807200
2015,6,12,1,23,D,FEMENINO,4,12234500
2015,6,12,1,23,D,MASCULINO,9,25878800
2015,6,12,1,23,E,FEMENINO,1,2012100
2015,6,12,1,23,E,MASCULINO,1,1824055
2015,6,12,1,23,F,FEMENINO,2,5251755
2015,6,12,1,23,F,MASCULINO,4,7689710
2015,6,12,1,23,G,FEMENINO,7,12768385
2015,6,12,1,23,G,MASCULINO,18,39965820
2015,6,12,1,29,A,FEMENINO,1,22000000
2015,6,12,1,29,B,FEMENINO,3,17198900
2015,6,12,1,29,B,MASCULINO,1,8748300
2015,6,12,1,29,C,FEMENINO,9,39934300
2015,6,12,1,29,C,MASCULINO,6,25523600
2015,6,12,1,29,E,FEMENINO,3,6749100
2015,6,12,1,29,E,MASCULINO,4,8573600
2015,6,12,1,29,G,FEMENINO,3,6430200
2015,6,12,1,29,L,FEMENINO,3,11160000
2015,6,12,1,29,L,MASCULINO,4,14880000
2015,6,12,1,30,A,FEMENINO,1,22000000
2015,6,12,1,30,B,FEMENINO,5,56395000
2015,6,12,1,30,B,MASCULINO,5,56395000
2015,6,12,1,30,C,FEMENINO,20,94670500
2015,6,12,1,30,C,MASCULINO,31,159751600
2015,6,12,1,30,D,FEMENINO,24,80556800
2015,6,12,1,30,D,MASCULINO,21,61172400
2015,6,12,1,30,E,FEMENINO,6,14520100
2015,6,12,1,30,E,MASCULINO,7,16867800
2015,6,12,1,30,F,FEMENINO,16,43292700
2015,6,12,1,30,F,MASCULINO,22,61662700
2015,6,12,1,30,G,FEMENINO,27,89945500
2015,6,12,1,30,G,MASCULINO,22,60521600
2015,6,12,1,30,L,FEMENINO,5,10013500
2015,6,12,1,30,S,FEMENINO,77,321958600
2015,6,12,1,30,S,MASCULINO,29,131800000
2015,6,12,1,30,Z,FEMENINO,5,7949152
2015,6,12,1,30,Z,MASCULINO,1,1502020
2015,6,12,1,36,B,FEMENINO,5,55890000
2015,6,12,1,36,B,MASCULINO,4,38438000
2015,6,12,1,36,C,FEMENINO,8,45704823
2015,6,12,1,36,C,MASCULINO,13,75427594
2015,6,12,1,36,D,FEMENINO,3,9571300
2015,6,12,1,36,D,MASCULINO,4,14023253
2015,6,12,1,36,E,FEMENINO,2,4155500
2015,6,12,1,36,E,MASCULINO,3,7193633
2015,6,12,1,36,G,FEMENINO,1,2672500
2015,6,12,1,36,G,MASCULINO,1,2236600
2015,6,12,1,38,A,MASCULINO,1,6143500
2015,6,12,1,38,B,FEMENINO,9,63816531
2015,6,12,1,38,B,MASCULINO,7,53322800
2015,6,12,1,38,C,FEMENINO,4,19924400
2015,6,12,1,38,C,MASCULINO,5,28304800
2015,6,12,1,40,A,FEMENINO,1,22000000
2015,6,12,1,40,B,FEMENINO,2,13416400
2015,6,12,1,40,C,FEMENINO,6,31239100
2015,6,12,1,40,C,MASCULINO,2,9436400
2015,6,12,1,40,D,FEMENINO,3,11766700
2015,6,12,1,40,D,MASCULINO,4,18459400
2015,6,12,1,40,E,FEMENINO,2,5805300
2015,6,12,1,40,G,FEMENINO,2,4064500
2015,6,12,1,40,G,MASCULINO,5,11822500
2015,6,12,1,41,A,MASCULINO,1,22000000
2015,6,12,1,41,B,FEMENINO,7,52192100
2015,6,12,1,41,B,MASCULINO,4,43496600
2015,6,12,1,41,C,FEMENINO,17,84647900
2015,6,12,1,41,C,MASCULINO,10,56496000
2015,6,12,1,41,D,FEMENINO,3,8221600
2015,6,12,1,41,D,MASCULINO,2,5006400
2015,6,12,1,41,E,FEMENINO,5,13665700
2015,6,12,1,41,E,MASCULINO,2,4491200
2015,6,12,1,41,F,FEMENINO,5,10232455
2015,6,12,1,41,F,MASCULINO,3,5640900
2015,6,12,1,41,G,MASCULINO,1,2035700
2015,6,12,1,51,A,MASCULINO,1,22000000
2015,6,12,1,51,B,MASCULINO,4,34489500
2015,6,12,1,51,C,FEMENINO,3,13163800
2015,6,12,1,51,C,MASCULINO,2,11477600
2015,6,12,1,51,D,FEMENINO,4,8695000
2015,6,12,1,51,D,MASCULINO,2,5179300
2015,6,12,1,51,E,MASCULINO,1,2035700
2015,6,12,1,51,G,FEMENINO,6,10944330
2015,6,12,1,51,G,MASCULINO,4,7296220
2015,6,12,1,52,A,MASCULINO,1,22000000
2015,6,12,1,52,B,FEMENINO,4,49590400
2015,6,12,1,52,B,MASCULINO,8,99180800
2015,6,12,1,52,C,FEMENINO,15,91612000
2015,6,12,1,52,C,MASCULINO,23,145292800
2015,6,12,1,52,D,MASCULINO,8,35959300
2015,6,12,1,52,F,FEMENINO,1,3898100
2015,6,12,1,52,G,MASCULINO,3,8294100
2015,6,12,1,53,A,FEMENINO,1,22000000
2015,6,12,1,53,B,FEMENINO,2,18615200
2015,6,12,1,53,B,MASCULINO,5,57615200
2015,6,12,1,53,C,FEMENINO,2,11542100
2015,6,12,1,53,C,MASCULINO,3,18352800
2015,6,12,2,1,A,MASCULINO,1,32000000
2015,6,12,2,1,B,FEMENINO,4,17329700
2015,6,12,2,1,B,MASCULINO,4,29154900
2015,6,12,2,1,C,FEMENINO,12,73035300
2015,6,12,2,1,C,MASCULINO,15,78624300
2015,6,12,2,1,D,FEMENINO,5,17639200
2015,6,12,2,1,D,MASCULINO,6,20718000
2015,6,12,2,1,E,FEMENINO,1,3427700
2015,6,12,2,1,E,MASCULINO,2,6632200
2015,6,12,2,1,G,FEMENINO,5,13422700
2015,6,12,2,1,G,MASCULINO,7,22022700
2015,6,12,3,1,A,MASCULINO,3,52000000
2015,6,12,3,1,B,FEMENINO,12,95158300
2015,6,12,3,1,B,MASCULINO,22,190409300
2015,6,12,3,1,C,FEMENINO,84,425755840
2015,6,12,3,1,C,MASCULINO,102,505594500
2015,6,12,3,1,D,FEMENINO,58,170239167
2015,6,12,3,1,D,MASCULINO,113,331187500
2015,6,12,3,1,E,FEMENINO,9,30927600
2015,6,12,3,1,E,MASCULINO,23,78061255
2015,6,12,3,1,F,FEMENINO,13,33271700
2015,6,12,3,1,F,MASCULINO,16,40930900
2015,6,12,3,1,G,FEMENINO,11,20383950
2015,6,12,3,1,G,MASCULINO,6,10944330
2015,6,12,3,2,C,FEMENINO,5,16503100
2015,6,12,3,2,C,MASCULINO,1,3166500
2015,6,12,3,2,D,FEMENINO,18,46060700
2015,6,12,3,2,D,MASCULINO,16,39739800
2015,6,12,3,2,E,FEMENINO,78,158770180
2015,6,12,3,2,E,MASCULINO,32,63261815
2015,6,12,3,2,F,FEMENINO,60,109443300
2015,6,12,3,2,F,MASCULINO,32,58369760
2015,6,12,3,2,G,FEMENINO,832,1518514150
2015,6,12,3,2,G,MASCULINO,398,726936135
2015,6,12,3,2,L,FEMENINO,122,104215320
2015,6,12,3,2,L,MASCULINO,255,239339760
2015,6,12,3,2,P,FEMENINO,2479,10093245328
2015,6,12,3,2,P,MASCULINO,19867,79921240524
2015,6,12,3,2,S,FEMENINO,76,196302000
2015,6,12,3,2,S,MASCULINO,26,80453200
2015,6,12,3,2,Y,FEMENINO,268,89652281
2015,6,12,3,2,Y,MASCULINO,801,259106922
2015,6,12,3,2,Z,FEMENINO,6,2734200
2015,6,12,3,2,Z,MASCULINO,16,7771400
2015,6,12,4,1,A,MASCULINO,2,37000000
2015,6,12,4,1,B,FEMENINO,87,385953200
2015,6,12,4,1,B,MASCULINO,157,785928593
2015,6,12,4,1,C,FEMENINO,51,271624700
2015,6,12,4,1,C,MASCULINO,49,271823300
2015,6,12,4,1,D,FEMENINO,21,68201600
2015,6,12,4,1,D,MASCULINO,26,86451200
2015,6,12,4,1,E,FEMENINO,11,27385400
2015,6,12,4,1,E,MASCULINO,17,43582400
2015,6,12,4,1,F,FEMENINO,8,24728900
2015,6,12,4,1,F,MASCULINO,14,41793100
2015,6,12,4,1,G,FEMENINO,15,37222795
2015,6,12,4,1,G,MASCULINO,38,92596975
2015,6,12,5,1,A,FEMENINO,3,21272400
2015,6,12,5,1,A,MASCULINO,7,77457400
2015,6,12,5,1,B,FEMENINO,19,103714900
2015,6,12,5,1,B,MASCULINO,23,126535200
2015,6,12,5,1,C,FEMENINO,74,280098600
2015,6,12,5,1,C,MASCULINO,88,330163300
2015,6,12,5,1,D,FEMENINO,127,353795100
2015,6,12,5,1,D,MASCULINO,185,508139800
2015,6,12,5,1,E,FEMENINO,402,809327215
2015,6,12,5,1,E,MASCULINO,848,1707936220
2015,6,12,5,1,F,FEMENINO,162,361995100
2015,6,12,5,1,F,MASCULINO,263,560160400
2015,6,12,5,1,G,FEMENINO,313,627656280
2015,6,12,5,1,G,MASCULINO,440,905238645
2015,6,12,5,1,M,FEMENINO,1072,3659697148
2015,6,12,5,1,M,MASCULINO,10966,43974561436
2015,6,12,5,1,S,FEMENINO,72,213096100
2015,6,12,5,1,S,MASCULINO,10,35018200
2015,6,12,5,1,Y,FEMENINO,114,43803718
2015,6,12,5,1,Y,MASCULINO,4609,1058443468
2015,6,12,5,1,Z,FEMENINO,84,74800210
2015,6,12,5,1,Z,MASCULINO,295,264346460
2015,6,12,6,1,A,FEMENINO,2,28000000
2015,6,12,6,1,A,MASCULINO,3,52000000
2015,6,12,6,1,B,FEMENINO,13,169000000
2015,6,12,6,1,B,MASCULINO,18,234000000
2015,6,12,6,1,C,FEMENINO,285,1883444010
2015,6,12,6,1,C,MASCULINO,389,2796349100
2015,6,12,6,1,D,FEMENINO,271,1131975100
2015,6,12,6,1,D,MASCULINO,583,2342752700
2015,6,12,6,1,F,FEMENINO,7,21224100
2015,6,12,6,1,F,MASCULINO,22,67005900
2015,6,12,6,1,G,MASCULINO,1,2347800
2015,6,12,7,1,A,FEMENINO,5,57703500
2015,6,12,7,1,A,MASCULINO,5,38984900
2015,6,12,7,1,B,FEMENINO,52,489342300
2015,6,12,7,1,B,MASCULINO,28,260753700
2015,6,12,7,1,C,FEMENINO,152,706346400
2015,6,12,7,1,C,MASCULINO,145,664971700
2015,6,12,7,1,D,FEMENINO,521,1421478000
2015,6,12,7,1,D,MASCULINO,351,1012559800
2015,6,12,7,1,E,FEMENINO,84,181793195
2015,6,12,7,1,E,MASCULINO,84,186335075
2015,6,12,7,1,F,FEMENINO,10,24540510
2015,6,12,7,1,F,MASCULINO,10,22796010
2015,6,12,7,1,G,FEMENINO,2222,4452376770
2015,6,12,7,1,G,MASCULINO,1212,2444905395
2015,6,12,7,1,L,FEMENINO,38952,113565869555
2015,6,12,7,1,L,MASCULINO,16593,48139255290
2015,6,12,7,1,Z,FEMENINO,22526,51123473355
2015,6,12,7,1,Z,MASCULINO,14349,33703384695
2015,6,12,8,1,5,FEMENINO,34,135945800
2015,6,12,8,1,5,MASCULINO,38,154029500
2015,6,12,8,1,6,MASCULINO,2,9073680
2015,6,12,8,1,A,FEMENINO,1,4653600
2015,6,12,8,1,A,MASCULINO,2,10409100
2015,6,12,8,1,B,FEMENINO,27,121328700
2015,6,12,8,1,B,MASCULINO,33,145608000
2015,6,12,8,1,C,FEMENINO,886,3621178900
2015,6,12,8,1,C,MASCULINO,1079,4545231500
2015,6,12,8,1,D,FEMENINO,306,974543000
2015,6,12,8,1,D,MASCULINO,292,930079700
2015,6,12,8,1,E,FEMENINO,24,78189700
2015,6,12,8,1,E,MASCULINO,24,79168900
2015,6,12,8,1,F,FEMENINO,1121,3163510700
2015,6,12,8,1,F,MASCULINO,1189,3354631400
2015,6,12,8,1,G,FEMENINO,1181,2601371400
2015,6,12,8,1,G,MASCULINO,559,1246400800
2015,6,12,8,1,S,FEMENINO,10473,38243026000
2015,6,12,8,1,S,MASCULINO,3340,13523974500
2015,6,12,9,1,A,FEMENINO,2,37000000
2015,6,12,9,1,A,MASCULINO,1,15000000
2015,6,12,9,1,B,FEMENINO,8,38592400
2015,6,12,9,1,B,MASCULINO,13,69889800
2015,6,12,9,1,C,FEMENINO,41,176294200
2015,6,12,9,1,C,MASCULINO,37,158115300
2015,6,12,9,1,D,FEMENINO,269,807984523
2015,6,12,9,1,D,MASCULINO,666,1989828900
2015,6,12,9,1,E,FEMENINO,270,525802430
2015,6,12,9,1,E,MASCULINO,313,601722250
2015,6,12,9,1,F,FEMENINO,15,38662375
2015,6,12,9,1,F,MASCULINO,12,35746710
2015,6,12,9,1,G,FEMENINO,121,246440650
2015,6,12,9,1,G,MASCULINO,144,297415470
2015,6,12,9,1,S,FEMENINO,44,175866400
2015,6,12,9,1,S,MASCULINO,32,145699900
2015,6,12,10,1,A,FEMENINO,1,7653100
2015,6,12,10,1,A,MASCULINO,4,61583200
2015,6,12,10,1,B,FEMENINO,11,98613600
2015,6,12,10,1,B,MASCULINO,17,179499800
2015,6,12,10,1,C,FEMENINO,279,1299190700
2015,6,12,10,1,C,MASCULINO,335,1592085500
2015,6,12,10,1,D,FEMENINO,64,193487000
2015,6,12,10,1,D,MASCULINO,101,339782200
2015,6,12,10,1,E,FEMENINO,83,196084810
2015,6,12,10,1,E,MASCULINO,173,431625610
2015,6,12,10,1,F,FEMENINO,138,365569010
2015,6,12,10,1,F,MASCULINO,276,740878375
2015,6,12,10,1,G,FEMENINO,51,119284610
2015,6,12,10,1,G,MASCULINO,103,258786265
2015,6,12,11,1,A,FEMENINO,1,15000000
2015,6,12,11,1,A,MASCULINO,3,52000000
2015,6,12,11,1,B,FEMENINO,13,104652100
2015,6,12,11,1,B,MASCULINO,31,273411600
2015,6,12,11,1,C,FEMENINO,45,207973900
2015,6,12,11,1,C,MASCULINO,41,212893000
2015,6,12,11,1,D,FEMENINO,14,60197000
2015,6,12,11,1,D,MASCULINO,48,181234500
2015,6,12,11,1,E,FEMENINO,5,22051200
2015,6,12,11,1,E,MASCULINO,1,5272400
2015,6,12,11,1,F,FEMENINO,49,155468800
2015,6,12,11,1,F,MASCULINO,49,151366800
2015,6,12,11,1,G,FEMENINO,18,50076400
2015,6,12,11,1,G,MASCULINO,25,70070700
2015,6,12,11,1,S,FEMENINO,2,5080800
2015,6,12,13,1,A,MASCULINO,4,67000000
2015,6,12,13,1,B,FEMENINO,3,39000000
2015,6,12,13,1,B,MASCULINO,21,273000000
2015,6,12,13,1,C,FEMENINO,157,925338000
2015,6,12,13,1,C,MASCULINO,367,2172972300
2015,6,12,13,1,D,FEMENINO,109,350220800
2015,6,12,13,1,D,MASCULINO,644,2039348100
2015,6,12,13,1,E,FEMENINO,54,136652300
2015,6,12,13,1,E,MASCULINO,192,482074200
2015,6,12,13,1,F,FEMENINO,70,172168160
2015,6,12,13,1,F,MASCULINO,381,1001310326
2015,6,12,13,1,G,FEMENINO,65,174642000
2015,6,12,13,1,G,MASCULINO,451,1384399500
2015,6,12,14,1,A,FEMENINO,4,58750100
2015,6,12,14,1,B,FEMENINO,18,138650600
2015,6,12,14,1,C,FEMENINO,20,92031400
2015,6,12,14,1,C,MASCULINO,1,5528600
2015,6,12,14,1,D,FEMENINO,10,32254800
2015,6,12,14,1,D,MASCULINO,4,12829900
2015,6,12,14,1,E,FEMENINO,4,8638300
2015,6,12,14,1,E,MASCULINO,2,4901200
2015,6,12,14,1,F,MASCULINO,1,2872600
2015,6,12,14,1,G,FEMENINO,2,4846100
2015,6,12,14,1,G,MASCULINO,3,6560200
2015,6,12,16,1,A,FEMENINO,1,6964100
2015,6,12,16,1,A,MASCULINO,5,70021300
2015,6,12,16,1,B,FEMENINO,20,172285900
2015,6,12,16,1,B,MASCULINO,36,305120300
2015,6,12,16,1,C,FEMENINO,87,422767800
2015,6,12,16,1,C,MASCULINO,74,332394400
2015,6,12,16,1,D,FEMENINO,112,346155900
2015,6,12,16,1,D,MASCULINO,171,532610000
2015,6,12,16,1,E,FEMENINO,36,81088010
2015,6,12,16,1,E,MASCULINO,47,113410710
2015,6,12,16,1,F,FEMENINO,13,40570900
2015,6,12,16,1,F,MASCULINO,22,73060600
2015,6,12,16,1,G,FEMENINO,55,152412800
2015,6,12,16,1,G,MASCULINO,78,217836500
2015,6,13,1,1,A,FEMENINO,60,593995868
2015,6,13,1,1,A,MASCULINO,58,570141066
2015,6,13,1,1,B,FEMENINO,71,429084248
2015,6,13,1,1,B,MASCULINO,49,297390374
2015,6,13,1,1,C,FEMENINO,259,1339668265
2015,6,13,1,1,C,MASCULINO,196,999658212
2015,6,13,1,1,D,FEMENINO,341,1451423497
2015,6,13,1,1,D,MASCULINO,305,1309012381
2015,6,13,1,1,E,FEMENINO,365,1306225720
2015,6,13,1,1,E,MASCULINO,344,1220595291
2015,6,13,1,1,F,FEMENINO,590,1921287931
2015,6,13,1,1,F,MASCULINO,423,1353026121
2015,6,13,1,1,G,FEMENINO,461,1056752140
2015,6,13,1,1,G,MASCULINO,517,1322054591
2015,6,13,1,1,J,FEMENINO,3192,14384206785
2015,6,13,1,1,J,MASCULINO,2672,13149701820
2015,6,13,1,1,K,FEMENINO,1,2797720
2015,6,13,2,1,1,FEMENINO,1,4536700
2015,6,13,2,1,2,FEMENINO,13,46021300
2015,6,13,2,1,2,MASCULINO,32,113339300
2015,6,13,2,1,3,FEMENINO,53,218898300
2015,6,13,2,1,3,MASCULINO,46,195166600
2015,6,13,2,1,4,FEMENINO,3,18088500
2015,6,13,2,1,4,MASCULINO,7,41395345
2015,6,13,2,1,5,FEMENINO,1,3750400
2015,6,13,2,1,5,MASCULINO,1,3750400
2015,6,13,2,1,6,FEMENINO,2,8549700
2015,6,13,2,1,6,MASCULINO,2,8931800
2015,6,13,2,1,7,FEMENINO,4,21071400
2015,6,13,2,1,7,MASCULINO,2,10052000
2015,6,13,2,1,8,FEMENINO,1,3344600
2015,6,13,2,1,9,FEMENINO,1,4020000
2015,6,13,2,1,9,MASCULINO,2,7765900
2015,6,13,2,1,A,FEMENINO,46,280052225
2015,6,13,2,1,A,MASCULINO,62,388739950
2015,6,13,2,1,B,FEMENINO,22,150879200
2015,6,13,2,1,B,MASCULINO,25,170148200
2015,6,13,2,1,C,FEMENINO,280,1070901700
2015,6,13,2,1,C,MASCULINO,382,1460212240
2015,6,13,2,1,D,FEMENINO,597,1595511164
2015,6,13,2,1,D,MASCULINO,677,1820677500
2015,6,13,2,1,E,FEMENINO,462,958080085
2015,6,13,2,1,E,MASCULINO,682,1432564594
2015,6,13,2,1,F,FEMENINO,7,17321655
2015,6,13,2,1,F,MASCULINO,14,37096200
2015,6,13,2,1,G,FEMENINO,479,1006487225
2015,6,13,2,1,G,MASCULINO,518,1122758250
2015,6,13,2,1,H,FEMENINO,1,2208100
2015,6,13,2,1,H,MASCULINO,2,4416200
2015,6,13,2,1,J,FEMENINO,9,71044650
2015,6,13,2,1,J,MASCULINO,34,268000800
2015,6,13,2,1,S,FEMENINO,1,4000000
2015,6,13,3,1,A,FEMENINO,1,3330900
2015,6,13,3,1,C,FEMENINO,16,45432400
2015,6,13,3,1,C,MASCULINO,24,69117600
2015,6,13,3,1,D,FEMENINO,264,762708078
2015,6,13,3,1,D,MASCULINO,491,1346713608
2015,6,13,3,1,G,FEMENINO,20,36481100
2015,6,13,3,1,G,MASCULINO,22,40129210
2015,6,13,3,1,H,MASCULINO,1,2732600
2015,6,13,3,1,J,FEMENINO,1863,8673086777
2015,6,13,3,1,J,MASCULINO,1404,6394292316
2015,6,13,3,1,K,FEMENINO,248,1306210000
2015,6,13,3,1,K,MASCULINO,184,968901200
2015,6,13,3,1,T,FEMENINO,1,1824055
2015,6,13,3,1,T,MASCULINO,1,1824055
2015,6,13,4,1,3,FEMENINO,1,4413300
2015,6,13,4,1,B,FEMENINO,8,55036200
2015,6,13,4,1,B,MASCULINO,9,66391800
2015,6,13,4,1,C,FEMENINO,30,138019540
2015,6,13,4,1,C,MASCULINO,21,95360400
2015,6,13,4,1,D,FEMENINO,16,44505400
2015,6,13,4,1,D,MASCULINO,14,39225900
2015,6,13,4,1,E,FEMENINO,2,4416400
2015,6,13,4,1,G,FEMENINO,12,27601000
2015,6,13,4,1,G,MASCULINO,10,23635400
2015,6,13,5,1,A,MASCULINO,8,48282500
2015,6,13,5,1,B,FEMENINO,11,84183000
2015,6,13,5,1,B,MASCULINO,11,86493000
2015,6,13,5,1,C,FEMENINO,84,363770500
2015,6,13,5,1,C,MASCULINO,80,321845500
2015,6,13,5,1,D,FEMENINO,8,20874500
2015,6,13,5,1,D,MASCULINO,3,7819300
2015,6,13,5,1,E,FEMENINO,1,2208200
2015,6,13,5,1,E,MASCULINO,1,2208200
2015,6,13,5,1,G,FEMENINO,1,2787000
2015,6,13,5,1,G,MASCULINO,2,6082300
2015,6,13,6,1,A,FEMENINO,5,70080000
2015,6,13,6,1,A,MASCULINO,8,112128000
2015,6,13,6,1,B,FEMENINO,3,42048000
2015,6,13,6,1,B,MASCULINO,9,123215225
2015,6,13,6,1,C,FEMENINO,37,253308250
2015,6,13,6,1,C,MASCULINO,22,184365865
2015,6,13,6,1,E,FEMENINO,42,164101435
2015,6,13,6,1,E,MASCULINO,53,209502055
2015,6,13,6,1,F,FEMENINO,2,10222695
2015,6,13,6,1,F,MASCULINO,4,21786980
2015,6,13,6,1,G,FEMENINO,50,130474725
2015,6,13,6,1,G,MASCULINO,71,205243270
2015,6,13,6,1,J,FEMENINO,873,6017311875
2015,6,13,6,1,J,MASCULINO,493,3171702492
2015,6,14,1,1,A,FEMENINO,1,22000000
2015,6,14,1,1,A,MASCULINO,1,22000000
2015,6,14,1,1,B,FEMENINO,34,402415040
2015,6,14,1,1,B,MASCULINO,44,481461200
2015,6,14,1,1,C,FEMENINO,371,2246598107
2015,6,14,1,1,C,MASCULINO,284,1681316399
2015,6,14,1,1,D,FEMENINO,24,64467533
2015,6,14,1,1,D,MASCULINO,35,96500900
2015,6,14,1,1,E,FEMENINO,20,46797487
2015,6,14,1,1,E,MASCULINO,20,46797487
2015,6,14,1,1,F,MASCULINO,1,2419300
2015,6,15,1,1,A,MASCULINO,2,37000000
2015,6,15,1,1,B,FEMENINO,26,166783700
2015,6,15,1,1,B,MASCULINO,1,6679200
2015,6,15,1,1,C,FEMENINO,29,119608900
2015,6,15,1,1,C,MASCULINO,8,30745600
2015,6,15,1,1,D,FEMENINO,25,78960500
2015,6,15,1,1,D,MASCULINO,23,68672400
2015,6,15,1,1,E,FEMENINO,2,4024200
2015,6,15,1,1,E,MASCULINO,2,5344100
2015,6,15,1,1,F,MASCULINO,1,2872600
2015,6,15,1,1,G,FEMENINO,2,3886400
2015,6,15,1,1,G,MASCULINO,1,3427700
2015,6,15,2,1,C,FEMENINO,1,2556900
2015,6,15,2,1,C,MASCULINO,1,2556900
2015,6,15,2,1,D,FEMENINO,1,3819900
2015,6,15,2,1,D,MASCULINO,1,3819900
2015,6,15,2,1,J,FEMENINO,3,36362700
2015,6,15,2,1,J,MASCULINO,3,36362700
2015,6,15,2,1,K,FEMENINO,4,23182300
2015,6,15,2,1,K,MASCULINO,4,21158200
2015,6,21,1,1,A,MASCULINO,5,163787033
2015,6,21,1,1,B,FEMENINO,8,184000000
2015,6,21,1,1,B,MASCULINO,32,738800000
2015,6,21,1,1,C,FEMENINO,75,1283277000
2015,6,21,1,1,C,MASCULINO,164,2829356000
2015,6,21,1,1,D,FEMENINO,62,835900000
2015,6,21,1,1,D,MASCULINO,140,1790800000
2015,6,21,1,1,F,FEMENINO,108,1092213333
2015,6,21,1,1,F,MASCULINO,237,2280800000
2015,6,21,1,1,G,FEMENINO,8,57100000
2015,6,21,1,1,G,MASCULINO,47,329000000
2015,6,22,1,1,A,MASCULINO,1,18240200
2015,6,22,1,1,B,FEMENINO,1,3480960
2015,6,22,1,1,C,FEMENINO,6,26967652
2015,6,22,1,1,C,MASCULINO,10,52483960
2015,6,22,1,1,D,MASCULINO,1,2193660
2015,6,22,1,1,E,FEMENINO,3,5144748
2015,6,22,1,1,E,MASCULINO,13,21147128
2015,6,22,1,1,F,FEMENINO,7,10263950
2015,6,22,1,1,F,MASCULINO,5,7903492
2015,6,22,1,1,G,FEMENINO,4,5642408
2015,6,22,1,1,G,MASCULINO,1,1532206
2015,6,22,1,1,J,MASCULINO,4,11760000
2015,6,22,3,1,A,MASCULINO,1,18240200
2015,6,22,3,1,B,MASCULINO,1,4144000
2015,6,22,3,1,C,FEMENINO,3,14164000
2015,6,22,3,1,C,MASCULINO,7,47947600
2015,6,22,3,1,E,FEMENINO,3,5549210
2015,6,22,3,1,G,FEMENINO,10,18240550
2015,6,22,3,1,G,MASCULINO,12,21888660
2015,6,22,3,1,J,FEMENINO,1,3000000
2015,6,22,3,1,J,MASCULINO,3,11000000
2015,6,22,4,1,A,MASCULINO,1,18240200
2015,6,22,4,1,B,FEMENINO,1,3480960
2015,6,22,4,1,B,MASCULINO,1,5064780
2015,6,22,4,1,C,FEMENINO,10,46601436
2015,6,22,4,1,C,MASCULINO,13,54911472
2015,6,22,4,1,D,FEMENINO,3,6987204
2015,6,22,4,1,D,MASCULINO,4,8937768
2015,6,22,4,1,E,FEMENINO,2,3599904
2015,6,22,4,1,E,MASCULINO,3,5216652
2015,6,22,4,1,G,FEMENINO,11,17609410
2015,6,22,4,1,G,MASCULINO,20,32909552
2015,6,22,4,1,J,FEMENINO,1,2520000
2015,6,22,4,1,J,MASCULINO,3,9240000
2015,6,22,6,1,A,MASCULINO,1,18240200
2015,6,22,6,1,B,FEMENINO,1,3480960
2015,6,22,6,1,C,FEMENINO,6,29906520
2015,6,22,6,1,C,MASCULINO,14,76807836
2015,6,22,6,1,D,MASCULINO,1,2338224
2015,6,22,6,1,E,MASCULINO,3,5322156
2015,6,22,6,1,F,FEMENINO,1,1532206
2015,6,22,6,1,F,MASCULINO,1,1532206
2015,6,22,6,1,G,FEMENINO,4,6128824
2015,6,22,6,1,G,MASCULINO,5,7661030
2015,6,22,6,1,J,FEMENINO,1,4200000
2015,6,22,6,1,J,MASCULINO,3,7560000
2015,6,22,7,1,A,FEMENINO,2,10242400
2015,6,22,7,1,A,MASCULINO,2,22384200
2015,6,22,7,1,B,MASCULINO,1,4144000
2015,6,22,7,1,C,FEMENINO,10,44254100
2015,6,22,7,1,C,MASCULINO,26,123139000
2015,6,22,7,1,D,FEMENINO,12,31325400
2015,6,22,7,1,D,MASCULINO,26,64979400
2015,6,22,7,1,E,FEMENINO,6,12566455
2015,6,22,7,1,E,MASCULINO,11,22781120
2015,6,22,7,1,G,FEMENINO,7,14265165
2015,6,22,7,1,G,MASCULINO,9,19498255
2015,6,22,7,1,J,FEMENINO,4,14000000
2015,6,22,9,1,A,MASCULINO,2,22126880
2015,6,22,9,1,B,FEMENINO,1,3480960
2015,6,22,9,1,B,MASCULINO,1,2730420
2015,6,22,9,1,C,FEMENINO,5,23857344
2015,6,22,9,1,C,MASCULINO,13,71089216
2015,6,22,9,1,D,FEMENINO,3,6790308
2015,6,22,9,1,D,MASCULINO,11,25715256
2015,6,22,9,1,E,FEMENINO,1,2338224
2015,6,22,9,1,E,MASCULINO,8,12987050
2015,6,22,9,1,F,MASCULINO,7,10725442
2015,6,22,9,1,G,FEMENINO,8,14012682
2015,6,22,9,1,G,MASCULINO,12,21542534
2015,6,22,9,1,J,FEMENINO,1,2520000
2015,6,22,9,1,J,MASCULINO,3,9240000
2015,6,22,13,1,A,MASCULINO,1,18240200
2015,6,22,13,1,B,FEMENINO,1,4144000
2015,6,22,13,1,C,FEMENINO,4,17185900
2015,6,22,13,1,C,MASCULINO,6,44551000
2015,6,22,13,1,D,FEMENINO,1,2794600
2015,6,22,13,1,E,MASCULINO,1,1901100
2015,6,22,13,1,F,FEMENINO,2,3648110
2015,6,22,13,1,G,FEMENINO,10,18240550
2015,6,22,13,1,G,MASCULINO,8,14592440
2015,6,22,13,1,J,FEMENINO,3,12396220
2015,6,22,13,1,J,MASCULINO,9,56963540
2015,6,22,13,1,S,MASCULINO,1,7296220
2015,6,22,14,1,A,MASCULINO,1,0
2015,6,22,14,1,B,MASCULINO,1,3480960
2015,6,22,14,1,C,FEMENINO,2,12474336
2015,6,22,14,1,C,MASCULINO,8,35584248
2015,6,22,14,1,D,MASCULINO,2,4182948
2015,6,22,14,1,E,FEMENINO,1,1532206
2015,6,22,14,1,E,MASCULINO,2,3064412
2015,6,22,14,1,F,FEMENINO,4,6128824
2015,6,22,14,1,F,MASCULINO,5,7661030
2015,6,22,14,1,G,FEMENINO,3,4596618
2015,6,22,14,1,G,MASCULINO,7,10725442
2015,6,22,14,1,J,MASCULINO,4,11760000
2015,6,22,17,1,A,FEMENINO,1,0
2015,6,22,17,1,B,MASCULINO,1,2799888
2015,6,22,17,1,C,FEMENINO,3,11583180
2015,6,22,17,1,C,MASCULINO,6,26882268
2015,6,22,17,1,D,MASCULINO,1,1989288
2015,6,22,17,1,E,FEMENINO,2,3306874
2015,6,22,17,1,E,MASCULINO,16,26874724
2015,6,22,17,1,F,FEMENINO,1,1532206
2015,6,22,17,1,F,MASCULINO,1,1532206
2015,6,22,17,1,G,FEMENINO,7,10725442
2015,6,22,17,1,G,MASCULINO,13,19918678
2015,6,23,3,1,A,MASCULINO,1,12600000
2015,6,23,3,1,B,FEMENINO,34,229921524
2015,6,23,3,1,B,MASCULINO,69,462722960
2015,6,23,3,1,C,FEMENINO,64,275111352
2015,6,23,3,1,C,MASCULINO,153,668963148
2015,6,23,3,1,D,FEMENINO,10,33691560
2015,6,23,3,1,D,MASCULINO,39,131397084
2015,6,23,3,1,E,FEMENINO,9,26911332
2015,6,23,3,1,E,MASCULINO,36,107645328
2015,6,23,3,1,G,FEMENINO,4,10520832
2015,6,23,3,1,G,MASCULINO,36,92307824
2015,6,23,6,1,3,MASCULINO,1,4564900
2015,6,23,6,1,A,MASCULINO,1,8712000
2015,6,23,6,1,B,FEMENINO,2,10153800
2015,6,23,6,1,B,MASCULINO,1,5076900
2015,6,23,6,1,C,FEMENINO,20,73275000
2015,6,23,6,1,C,MASCULINO,25,84385100
2015,6,23,6,1,D,MASCULINO,7,20149900
2015,6,23,6,1,G,FEMENINO,4,9494400
2015,6,23,6,1,G,MASCULINO,4,9494400
2015,6,23,10,1,B,FEMENINO,4,46000000
2015,6,23,10,1,B,MASCULINO,15,204000000
2015,6,23,10,1,C,FEMENINO,52,404500000
2015,6,23,10,1,C,MASCULINO,99,864900000
2015,6,23,10,1,D,FEMENINO,4,21200000
2015,6,23,10,1,D,MASCULINO,17,62200000
2015,6,23,10,1,F,FEMENINO,25,124400000
2015,6,23,10,1,F,MASCULINO,28,133400000
2015,6,23,10,1,G,FEMENINO,4,14700000
2015,6,23,10,1,G,MASCULINO,24,90400000
2015,6,23,15,1,1,FEMENINO,1,5054318
2015,6,23,15,1,1,MASCULINO,1,5320513
2015,6,23,15,1,A,FEMENINO,180,1253982949
2015,6,23,15,1,A,MASCULINO,834,6220988842
2015,6,23,15,1,K,MASCULINO,4,19283964
2015,6,23,15,1,R,FEMENINO,2,9522414
2015,6,23,15,1,R,MASCULINO,3,14283621
2015,6,23,16,1,5,MASCULINO,1,3606800
2015,6,23,16,1,A,FEMENINO,2,9713700
2015,6,23,16,1,A,MASCULINO,5,27692100
2015,6,23,16,1,B,FEMENINO,15,75092200
2015,6,23,16,1,B,MASCULINO,16,91941800
2015,6,23,16,1,C,FEMENINO,124,455026900
2015,6,23,16,1,C,MASCULINO,175,630221100
2015,6,23,16,1,D,FEMENINO,77,203650600
2015,6,23,16,1,D,MASCULINO,77,195896300
2015,6,23,16,1,E,FEMENINO,173,430135355
2015,6,23,16,1,E,MASCULINO,399,916301900
2015,6,23,16,1,G,FEMENINO,108,203888452
2015,6,23,16,1,G,MASCULINO,247,474748225
2015,6,23,17,1,A,FEMENINO,1,15000000
2015,6,23,17,1,B,FEMENINO,6,37911201
2015,6,23,17,1,B,MASCULINO,7,46322634
2015,6,23,17,1,C,FEMENINO,8,24836253
2015,6,23,17,1,C,MASCULINO,4,15073583
2015,6,23,17,1,D,FEMENINO,13,33230748
2015,6,23,17,1,D,MASCULINO,8,18658190
2015,6,23,17,1,E,FEMENINO,2,5279878
2015,6,23,17,1,E,MASCULINO,2,6073536
2015,6,23,17,1,F,FEMENINO,7,16528955
2015,6,23,17,1,F,MASCULINO,3,5880308
2015,6,23,17,1,G,FEMENINO,11,18359373
2015,6,23,17,1,G,MASCULINO,3,5530250
2015,6,23,19,1,A,FEMENINO,5,53361000
2015,6,23,19,1,A,MASCULINO,1,22000000
2015,6,23,19,1,B,FEMENINO,5,65000000
2015,6,23,19,1,B,MASCULINO,2,26000000
2015,6,23,19,1,C,FEMENINO,42,257071700
2015,6,23,19,1,C,MASCULINO,32,204911900
2015,6,23,19,1,D,FEMENINO,10,27423600
2015,6,23,19,1,D,MASCULINO,21,68727146
2015,6,23,19,1,E,FEMENINO,4,8573600
2015,6,23,19,1,E,MASCULINO,3,6430200
2015,6,23,20,1,A,FEMENINO,1,4144000
2015,6,23,20,1,A,MASCULINO,6,38001500
2015,6,23,20,1,B,FEMENINO,9,36828900
2015,6,23,20,1,B,MASCULINO,15,72677500
2015,6,23,20,1,C,FEMENINO,31,115620600
2015,6,23,20,1,C,MASCULINO,50,181416600
2015,6,23,20,1,D,FEMENINO,17,50649900
2015,6,23,20,1,D,MASCULINO,107,313621200
2015,6,23,20,1,E,FEMENINO,6,12518755
2015,6,23,20,1,E,MASCULINO,19,36919295
2015,6,23,20,1,F,FEMENINO,2,3648110
2015,6,23,20,1,F,MASCULINO,2,3648110
2015,6,23,20,1,G,FEMENINO,12,22341050
2015,6,23,20,1,G,MASCULINO,38,70139080
2015,6,23,21,1,L,FEMENINO,1,838530
2015,6,23,21,1,L,MASCULINO,1,3354120
2015,6,23,22,1,6,MASCULINO,2,7685664
2015,6,23,22,1,A,FEMENINO,2,7324632
2015,6,23,22,1,A,MASCULINO,5,23421216
2015,6,23,22,1,B,FEMENINO,8,34659732
2015,6,23,22,1,B,MASCULINO,14,61146456
2015,6,23,22,1,C,FEMENINO,80,253467732
2015,6,23,22,1,C,MASCULINO,94,295127196
2015,6,23,22,1,D,FEMENINO,13,27346536
2015,6,23,22,1,D,MASCULINO,51,108208884
2015,6,23,22,1,E,FEMENINO,10,15875696
2015,6,23,22,1,E,MASCULINO,45,69502906
2015,6,23,22,1,F,FEMENINO,1,1636824
2015,6,23,22,1,F,MASCULINO,1,3582348
2015,6,23,22,1,G,MASCULINO,3,5598318
2015,6,23,23,1,4,FEMENINO,1,7623000
2015,6,23,23,1,4,MASCULINO,1,7623000
2015,6,23,23,1,A,FEMENINO,1,12223640
2015,6,23,23,1,B,FEMENINO,13,100555100
2015,6,23,23,1,B,MASCULINO,13,98790700
2015,6,23,23,1,C,FEMENINO,84,424708900
2015,6,23,23,1,C,MASCULINO,69,356554100
2015,6,23,23,1,D,FEMENINO,51,168332600
2015,6,23,23,1,D,MASCULINO,65,213369000
2015,6,23,23,1,E,FEMENINO,3,13817000
2015,6,23,23,1,E,MASCULINO,3,13817000
2015,6,23,23,1,F,FEMENINO,5,13994600
2015,6,23,23,1,F,MASCULINO,1,2353300
2015,6,23,23,1,G,FEMENINO,7,20661900
2015,6,23,23,1,G,MASCULINO,26,72861500
2015,6,23,24,1,2,FEMENINO,1,3072972
2015,6,23,24,1,5,FEMENINO,1,2935800
2015,6,23,24,1,5,MASCULINO,2,5021352
2015,6,23,24,1,6,FEMENINO,1,3948756
2015,6,23,24,1,A,MASCULINO,1,7683984
2015,6,23,24,1,B,FEMENINO,1,7318080
2015,6,23,24,1,B,MASCULINO,7,51226560
2015,6,23,24,1,C,FEMENINO,52,177367176
2015,6,23,24,1,C,MASCULINO,40,130329612
2015,6,23,24,1,D,FEMENINO,57,131851776
2015,6,23,24,1,D,MASCULINO,36,79472820
2015,6,23,24,1,E,FEMENINO,21,42358596
2015,6,23,24,1,E,MASCULINO,24,48391476
2015,6,23,24,1,F,FEMENINO,20,40415592
2015,6,23,24,1,F,MASCULINO,14,29791860
2015,6,23,24,1,G,FEMENINO,381,660030756
2015,6,23,24,1,G,MASCULINO,361,624487580
2015,6,23,25,1,3,MASCULINO,1,3834516
2015,6,23,25,1,5,FEMENINO,1,3150336
2015,6,23,25,1,A,FEMENINO,1,6403320
2015,6,23,25,1,B,FEMENINO,9,39312432
2015,6,23,25,1,B,MASCULINO,15,67835638
2015,6,23,25,1,C,FEMENINO,13,31421889
2015,6,23,25,1,C,MASCULINO,16,34835342
2015,6,23,25,1,D,FEMENINO,3,5161970
2015,6,23,25,1,D,MASCULINO,5,8842250
2015,6,23,25,1,E,FEMENINO,1,3315228
2015,6,23,25,1,E,MASCULINO,1,1738612
2015,6,23,25,1,F,FEMENINO,9,18305008
2015,6,23,25,1,F,MASCULINO,21,37183365
2015,6,23,29,1,A,FEMENINO,1,4795800
2015,6,23,29,1,A,MASCULINO,1,4795800
2015,6,23,29,1,B,FEMENINO,3,27922800
2015,6,23,29,1,D,MASCULINO,2,5875600
2015,6,23,29,1,G,MASCULINO,3,5883632
2015,6,23,29,1,L,FEMENINO,1,1824055
2015,6,23,29,1,L,MASCULINO,1,1824055
2015,6,23,29,1,Z,MASCULINO,1,1675000
2015,6,23,30,1,B,FEMENINO,1,7818384
2015,6,23,30,1,C,FEMENINO,3,12790260
2015,6,23,30,1,C,MASCULINO,2,8149764
2015,6,23,30,1,D,MASCULINO,2,7198212
2015,6,24,4,1,1,MASCULINO,1,2178803
2015,6,24,4,1,A,FEMENINO,31,146733731
2015,6,24,4,1,A,MASCULINO,57,249172638
2015,6,24,4,1,R,MASCULINO,1,15016478
2015,6,24,5,1,C,FEMENINO,1,1937700
2015,6,24,5,1,E,FEMENINO,11,18058150
2015,6,24,5,1,E,MASCULINO,16,26266400
2015,6,24,5,1,F,FEMENINO,8,13930830
2015,6,24,5,1,F,MASCULINO,5,8500950
2015,6,24,5,1,G,FEMENINO,5,16098750
2015,6,24,5,1,G,MASCULINO,1,2346030
2015,6,24,5,1,H,FEMENINO,20,41633140
2015,6,24,5,1,H,MASCULINO,24,50577665
2015,6,24,5,1,I,FEMENINO,7,13631658
2015,6,24,5,1,I,MASCULINO,13,28280926
2015,6,24,5,1,K,FEMENINO,11,38192220
2015,6,24,5,1,K,MASCULINO,16,64292256
2015,6,24,5,1,R,FEMENINO,1,3293100
2015,6,24,5,1,R,MASCULINO,4,13172400
2015,6,25,4,1,1,FEMENINO,19,48867446
2015,6,25,4,1,1,MASCULINO,63,225051379
2015,6,25,4,1,E,FEMENINO,137,217937604
2015,6,25,4,1,E,MASCULINO,586,945572390
2015,6,25,4,1,F,FEMENINO,65,127214970
2015,6,25,4,1,F,MASCULINO,175,347971575
2015,6,25,4,1,G,FEMENINO,50,133213771
2015,6,25,4,1,G,MASCULINO,156,433701597
2015,6,25,4,1,H,FEMENINO,23,58460612
2015,6,25,4,1,H,MASCULINO,41,100980285
2015,6,25,4,1,I,FEMENINO,1,2094288
2015,6,25,4,1,I,MASCULINO,2,4674803
2015,6,25,4,1,J,FEMENINO,5,15111200
2015,6,25,4,1,J,MASCULINO,4,12449304
2015,6,25,4,1,K,FEMENINO,8,24028183
2015,6,25,4,1,K,MASCULINO,25,82085843
2015,6,25,4,1,R,FEMENINO,3,17041024
2015,6,25,4,1,R,MASCULINO,17,96092192
2015,6,25,6,1,1,FEMENINO,3,14872600
2015,6,25,6,1,1,MASCULINO,14,56942155
2015,6,25,6,1,2,FEMENINO,3,15750700
2015,6,25,6,1,2,MASCULINO,7,37377800
2015,6,25,6,1,F,FEMENINO,1,1918600
2015,6,25,6,1,F,MASCULINO,4,9293000
2015,6,25,6,1,G,FEMENINO,8,31230600
2015,6,25,6,1,G,MASCULINO,20,73777100
2015,6,25,6,1,H,FEMENINO,9,28438700
2015,6,25,6,1,H,MASCULINO,48,150687100
2015,6,25,6,1,I,FEMENINO,14,41724200
2015,6,25,6,1,I,MASCULINO,95,289228500
2015,6,25,6,1,J,FEMENINO,2,6243300
2015,6,25,6,1,J,MASCULINO,13,41016500
2015,6,25,6,1,K,FEMENINO,34,151471600
2015,6,25,6,1,K,MASCULINO,239,1010265800
2015,6,25,6,1,R,FEMENINO,17,123012100
2015,6,25,6,1,R,MASCULINO,69,502898700
2015,6,27,3,1,E,FEMENINO,39,79950000
2015,6,27,3,1,E,MASCULINO,55,112750000
2015,6,27,3,1,F,FEMENINO,12,28689204
2015,6,27,3,1,F,MASCULINO,39,90849146
2015,6,27,3,1,G,FEMENINO,2,12863900
2015,6,27,3,1,G,MASCULINO,3,11510900
2015,6,27,3,1,H,FEMENINO,2,4982400
2015,6,27,3,1,H,MASCULINO,2,4982400
2015,6,27,3,1,I,FEMENINO,24,69403800
2015,6,27,3,1,I,MASCULINO,66,187884100
2015,6,27,3,1,K,FEMENINO,35,106517400
2015,6,27,3,1,K,MASCULINO,107,354884250
2015,6,27,3,1,R,FEMENINO,5,18424000
2015,6,27,3,1,R,MASCULINO,11,40532800
2015,6,27,4,1,K,FEMENINO,41,186706959
2015,6,27,4,1,K,MASCULINO,73,364308061
2015,6,27,4,1,R,MASCULINO,2,19847000
2015,6,28,1,1,F,MASCULINO,1,2040930
2015,6,28,1,1,G,FEMENINO,31,105586322
2015,6,28,1,1,G,MASCULINO,19,66516400
2015,6,28,1,1,H,FEMENINO,59,157159750
2015,6,28,1,1,H,MASCULINO,56,141191453
2015,6,28,1,1,I,FEMENINO,39,71074303
2015,6,28,1,1,I,MASCULINO,97,176925166
2015,6,28,1,1,K,FEMENINO,15,39254347
2015,6,28,1,1,K,MASCULINO,10,28197087
2015,6,28,1,1,L,FEMENINO,204,552547875
2015,6,28,1,1,L,MASCULINO,258,837671650
2015,6,28,1,1,U,FEMENINO,106,406441491
2015,6,28,1,1,U,MASCULINO,133,562439293
2015,6,28,3,1,1,FEMENINO,1,4145300
2015,6,28,3,1,1,MASCULINO,1,4145300
2015,6,28,3,1,D,FEMENINO,17,30850631
2015,6,28,3,1,D,MASCULINO,12,21596811
2015,6,28,3,1,E,FEMENINO,12,21000096
2015,6,28,3,1,E,MASCULINO,7,12032254
2015,6,28,3,1,F,FEMENINO,18,39582280
2015,6,28,3,1,F,MASCULINO,15,35191860
2015,6,28,3,1,G,FEMENINO,18,53952630
2015,6,28,3,1,G,MASCULINO,22,60506774
2015,6,28,3,1,H,FEMENINO,1,2917300
2015,6,28,3,1,K,FEMENINO,6,27511000
2015,6,28,3,1,K,MASCULINO,4,18299000
2015,6,28,3,1,U,FEMENINO,278,915114800
2015,6,28,3,1,U,MASCULINO,255,1019048340
2015,6,28,8,1,0,FEMENINO,1,6160000
2015,6,28,8,1,E,FEMENINO,5,9738855
2015,6,28,8,1,E,MASCULINO,7,12769385
2015,6,28,8,1,F,FEMENINO,12,25816600
2015,6,28,8,1,F,MASCULINO,7,14748400
2015,6,28,8,1,G,FEMENINO,16,60312700
2015,6,28,8,1,G,MASCULINO,10,38711900
2015,6,28,8,1,H,MASCULINO,1,2583900
2015,6,28,8,1,U,FEMENINO,1,6600000
2015,6,28,8,1,U,MASCULINO,10,48390700
2015,6,30,4,47,M,FEMENINO,37,54289808
2015,6,30,4,47,M,MASCULINO,49,83964665
2015,6,30,4,50,M,FEMENINO,5,4707000
2015,6,30,4,50,M,MASCULINO,1,1052140
2015,6,30,4,234,M,FEMENINO,4,79593600
2015,6,30,4,234,M,MASCULINO,3,80596800
2015,6,30,5,78,M,FEMENINO,6,4797500
2015,6,30,5,78,M,MASCULINO,5,5443800
2015,6,30,7,95,M,FEMENINO,4,6885222
2015,6,30,7,95,M,MASCULINO,10,31042738
2015,6,30,7,104,M,FEMENINO,6,11479500
2015,6,30,7,104,M,MASCULINO,7,12642750
2015,6,30,9,137,P,FEMENINO,1,700000
2015,6,30,9,137,P,MASCULINO,4,3650000
2015,6,30,9,148,M,FEMENINO,3,4500000
2015,6,30,9,148,M,MASCULINO,14,26650000
2015,6,30,10,165,A,MASCULINO,1,11277000
2015,6,30,10,165,C,FEMENINO,4,11113667
2015,6,30,10,165,C,MASCULINO,1,3591000
2015,6,30,10,165,D,FEMENINO,5,11670750
2015,6,30,10,165,D,MASCULINO,2,3402000
2015,6,30,10,165,G,MASCULINO,2,7182000
2015,6,30,16,230,M,FEMENINO,1,3734910
2015,6,30,16,230,M,MASCULINO,5,26638980
2015,6,30,16,231,A,MASCULINO,1,17500000
2015,6,30,16,231,B,MASCULINO,2,9516309
2015,6,30,16,231,C,FEMENINO,9,19791527
2015,6,30,16,231,C,MASCULINO,3,6710963
2015,6,30,16,231,F,FEMENINO,7,11935124
2015,6,30,16,231,F,MASCULINO,4,6142225
2015,6,40,2,1,A,FEMENINO,14,30974930
2015,6,40,2,1,A,MASCULINO,42,92924790
2015,6,40,2,1,B,FEMENINO,13,30599257
2015,6,40,2,1,B,MASCULINO,29,68586595
2015,6,40,2,1,C,FEMENINO,65,183896097
2015,6,40,2,1,C,MASCULINO,321,932278163
2015,6,40,2,1,D,FEMENINO,43,145693121
2015,6,40,2,1,D,MASCULINO,259,889848141
2015,6,40,2,1,E,FEMENINO,49,201441086
2015,6,40,2,1,E,MASCULINO,121,503119927
2015,6,40,2,1,F,FEMENINO,47,258809665
2015,6,40,2,1,F,MASCULINO,122,666188756
2015,6,40,2,1,G,FEMENINO,40,291786712
2015,6,40,2,1,G,MASCULINO,85,610148001
2015,6,40,2,1,I,FEMENINO,5,43472031
2015,6,40,2,1,I,MASCULINO,23,204178411
2015,6,40,2,1,J,FEMENINO,2,21985326
2015,6,40,2,1,J,MASCULINO,19,204959733
2016,6,11,1,1,A,FEMENINO,6,46800000
2016,6,11,1,1,A,MASCULINO,7,47000000
2016,6,11,1,1,B,FEMENINO,25,322700000
2016,6,11,1,1,B,MASCULINO,26,347000000
2016,6,11,1,1,C,FEMENINO,24,166800000
2016,6,11,1,1,C,MASCULINO,23,162200000
2016,6,11,1,1,D,FEMENINO,29,184300000
2016,6,11,1,1,D,MASCULINO,34,247700000
2016,6,11,1,1,E,FEMENINO,3,12100000
2016,6,11,1,1,E,MASCULINO,3,16300000
2016,6,11,1,1,F,FEMENINO,56,211900000
2016,6,11,1,1,F,MASCULINO,95,321900000
2016,6,11,2,1,A,FEMENINO,4,39300000
2016,6,11,2,1,A,MASCULINO,9,97700000
2016,6,11,2,1,B,FEMENINO,66,855700000
2016,6,11,2,1,B,MASCULINO,62,821600000
2016,6,11,2,1,C,FEMENINO,48,433200000
2016,6,11,2,1,C,MASCULINO,58,521250000
2016,6,11,2,1,D,FEMENINO,46,296600000
2016,6,11,2,1,D,MASCULINO,63,402488500
2016,6,11,2,1,E,FEMENINO,3,20700000
2016,6,11,2,1,E,MASCULINO,3,19700000
2016,6,11,2,1,F,FEMENINO,63,250800000
2016,6,11,2,1,F,MASCULINO,121,467200000
2016,6,11,3,1,A,FEMENINO,17,151000000
2016,6,11,3,1,A,MASCULINO,24,267800000
2016,6,11,3,1,B,FEMENINO,48,634900000
2016,6,11,3,1,B,MASCULINO,60,861100000
2016,6,11,3,1,C,FEMENINO,135,1014000000
2016,6,11,3,1,C,MASCULINO,177,1494300000
2016,6,11,3,1,D,FEMENINO,173,1208400000
2016,6,11,3,1,D,MASCULINO,217,1488233333
2016,6,11,3,1,E,FEMENINO,7,51800000
2016,6,11,3,1,E,MASCULINO,5,37000000
2016,6,11,3,1,F,FEMENINO,112,416900000
2016,6,11,3,1,F,MASCULINO,106,394800000
2016,6,11,3,1,S,FEMENINO,1,5000000
2016,6,12,1,1,A,FEMENINO,8,102200000
2016,6,12,1,1,A,MASCULINO,9,155800000
2016,6,12,1,1,B,FEMENINO,4,52000000
2016,6,12,1,1,B,MASCULINO,4,52000000
2016,6,12,1,1,C,FEMENINO,13,91800000
2016,6,12,1,1,C,MASCULINO,26,180400000
2016,6,12,1,1,D,FEMENINO,30,126500000
2016,6,12,1,1,D,MASCULINO,19,83700000
2016,6,12,1,1,E,FEMENINO,13,43400000
2016,6,12,1,1,E,MASCULINO,22,77600000
2016,6,12,1,1,F,FEMENINO,7,15400000
2016,6,12,1,1,F,MASCULINO,7,15400000
2016,6,12,1,1,G,FEMENINO,30,82324055
2016,6,12,1,1,G,MASCULINO,66,186572165
2016,6,12,1,2,A,MASCULINO,1,22000000
2016,6,12,1,2,C,MASCULINO,1,9400000
2016,6,12,1,2,D,FEMENINO,4,20600000
2016,6,12,1,2,D,MASCULINO,3,18200000
2016,6,12,1,2,E,FEMENINO,3,9800000
2016,6,12,1,2,E,MASCULINO,7,21000000
2016,6,12,1,2,G,FEMENINO,3,8500000
2016,6,12,1,2,G,MASCULINO,5,12500000
2016,6,12,1,5,A,FEMENINO,2,16300000
2016,6,12,1,5,A,MASCULINO,5,72700000
2016,6,12,1,5,B,FEMENINO,10,81200000
2016,6,12,1,5,B,MASCULINO,11,103200000
2016,6,12,1,5,C,FEMENINO,9,50800000
2016,6,12,1,5,C,MASCULINO,15,78500000
2016,6,12,1,5,D,FEMENINO,21,81100000
2016,6,12,1,5,D,MASCULINO,17,68900000
2016,6,12,1,5,E,FEMENINO,8,21600000
2016,6,12,1,5,E,MASCULINO,12,37400000
2016,6,12,1,5,F,FEMENINO,11,28226667
2016,6,12,1,5,F,MASCULINO,14,34000000
2016,6,12,1,5,G,MASCULINO,4,10800000
2016,6,12,1,6,A,MASCULINO,1,22000000
2016,6,12,1,6,B,FEMENINO,17,146300000
2016,6,12,1,6,B,MASCULINO,9,77200000
2016,6,12,1,6,C,FEMENINO,13,84300000
2016,6,12,1,6,C,MASCULINO,7,44100000
2016,6,12,1,6,D,FEMENINO,12,48400000
2016,6,12,1,6,D,MASCULINO,5,22500000
2016,6,12,1,6,E,FEMENINO,4,13200000
2016,6,12,1,6,E,MASCULINO,3,8800000
2016,6,12,1,6,F,MASCULINO,1,3000000
2016,6,12,1,7,B,FEMENINO,6,59200000
2016,6,12,1,7,B,MASCULINO,3,24400000
2016,6,12,1,7,C,FEMENINO,26,173700000
2016,6,12,1,7,C,MASCULINO,14,88800000
2016,6,12,1,7,D,FEMENINO,14,59100000
2016,6,12,1,7,D,MASCULINO,13,55200000
2016,6,12,1,7,E,FEMENINO,6,17600000
2016,6,12,1,7,E,MASCULINO,8,25000000
2016,6,12,1,7,F,FEMENINO,1,3200000
2016,6,12,1,7,F,MASCULINO,6,15600000
2016,6,12,1,7,G,FEMENINO,3,9000000
2016,6,12,1,7,G,MASCULINO,2,5800000
2016,6,12,1,11,A,FEMENINO,1,15000000
2016,6,12,1,11,A,MASCULINO,1,15400000
2016,6,12,1,11,B,FEMENINO,5,39900000
2016,6,12,1,11,B,MASCULINO,9,69000000
2016,6,12,1,11,C,FEMENINO,24,140400000
2016,6,12,1,11,C,MASCULINO,15,87100000
2016,6,12,1,11,D,FEMENINO,16,66700000
2016,6,12,1,11,D,MASCULINO,24,103100000
2016,6,12,1,11,E,FEMENINO,19,60200000
2016,6,12,1,11,E,MASCULINO,24,78200000
2016,6,12,1,11,F,FEMENINO,2,5200000
2016,6,12,1,11,F,MASCULINO,1,2600000
2016,6,12,1,11,G,FEMENINO,3,8800000
2016,6,12,1,11,G,MASCULINO,1,2900000
2016,6,12,1,11,K,FEMENINO,45,170600800
2016,6,12,1,11,K,MASCULINO,194,793609200
2016,6,12,1,12,A,MASCULINO,1,22000000
2016,6,12,1,12,B,MASCULINO,9,84600000
2016,6,12,1,14,A,MASCULINO,1,22000000
2016,6,12,1,14,B,FEMENINO,6,47400000
2016,6,12,1,14,B,MASCULINO,9,76400000
2016,6,12,1,14,C,FEMENINO,5,28900000
2016,6,12,1,14,C,MASCULINO,2,12600000
2016,6,12,1,14,D,FEMENINO,4,19000000
2016,6,12,1,14,D,MASCULINO,5,22400000
2016,6,12,1,14,E,FEMENINO,7,16648110
2016,6,12,1,14,E,MASCULINO,10,26248110
2016,6,12,1,15,A,FEMENINO,15,127500000
2016,6,12,1,15,A,MASCULINO,31,281500000
2016,6,12,1,15,B,FEMENINO,8,77300000
2016,6,12,1,15,B,MASCULINO,5,45000000
2016,6,12,1,15,C,MASCULINO,2,14500000
2016,6,12,1,15,D,FEMENINO,20,89900000
2016,6,12,1,15,D,MASCULINO,15,66900000
2016,6,12,1,15,E,FEMENINO,3,7600000
2016,6,12,1,15,E,MASCULINO,4,12000000
2016,6,12,1,15,F,FEMENINO,2,6100000
2016,6,12,1,15,F,MASCULINO,2,7000000
2016,6,12,1,15,G,MASCULINO,4,9200000
2016,6,12,1,16,A,MASCULINO,1,22000000
2016,6,12,1,16,B,FEMENINO,3,27600000
2016,6,12,1,16,B,MASCULINO,6,61000000
2016,6,12,1,16,C,FEMENINO,19,144500000
2016,6,12,1,16,C,MASCULINO,12,101200000
2016,6,12,1,16,D,FEMENINO,9,46500000
2016,6,12,1,16,D,MASCULINO,10,51300000
2016,6,12,1,16,E,FEMENINO,2,6100000
2016,6,12,1,16,G,MASCULINO,1,3500000
2016,6,12,1,17,A,MASCULINO,1,22000000
2016,6,12,1,17,B,FEMENINO,1,6900000
2016,6,12,1,17,B,MASCULINO,5,33400000
2016,6,12,1,17,C,FEMENINO,8,44300000
2016,6,12,1,17,C,MASCULINO,7,33000000
2016,6,12,1,17,D,FEMENINO,5,19300000
2016,6,12,1,17,D,MASCULINO,4,14000000
2016,6,12,1,17,E,FEMENINO,6,15800000
2016,6,12,1,17,E,MASCULINO,11,28000000
2016,6,12,1,17,F,FEMENINO,1,3000000
2016,6,12,1,17,F,MASCULINO,3,7000000
2016,6,12,1,17,G,MASCULINO,2,5500000
2016,6,12,1,18,A,FEMENINO,1,22000000
2016,6,12,1,18,B,FEMENINO,11,98800000
2016,6,12,1,18,B,MASCULINO,3,21600000
2016,6,12,1,18,C,FEMENINO,22,124700000
2016,6,12,1,18,C,MASCULINO,5,26400000
2016,6,12,1,18,D,FEMENINO,19,63100000
2016,6,12,1,18,D,MASCULINO,5,17900000
2016,6,12,1,18,E,FEMENINO,6,14500000
2016,6,12,1,18,E,MASCULINO,3,8800000
2016,6,12,1,18,F,FEMENINO,26,66324055
2016,6,12,1,18,F,MASCULINO,37,79140550
2016,6,12,1,18,G,FEMENINO,1,4400000
2016,6,12,1,19,A,MASCULINO,1,22000000
2016,6,12,1,19,B,FEMENINO,6,50800000
2016,6,12,1,19,B,MASCULINO,10,87200000
2016,6,12,1,19,C,FEMENINO,6,30500000
2016,6,12,1,19,C,MASCULINO,10,67400000
2016,6,12,1,19,D,FEMENINO,14,60500000
2016,6,12,1,19,D,MASCULINO,17,68800000
2016,6,12,1,19,E,FEMENINO,17,44972165
2016,6,12,1,19,E,MASCULINO,40,101644330
2016,6,12,1,20,A,FEMENINO,1,22000000
2016,6,12,1,20,A,MASCULINO,1,5200000
2016,6,12,1,20,B,FEMENINO,8,54400000
2016,6,12,1,20,B,MASCULINO,10,70700000
2016,6,12,1,20,C,FEMENINO,18,89100000
2016,6,12,1,20,C,MASCULINO,11,53300000
2016,6,12,1,20,D,FEMENINO,1,4300000
2016,6,12,1,20,E,MASCULINO,1,2800000
2016,6,12,1,21,A,FEMENINO,2,27200000
2016,6,12,1,21,A,MASCULINO,1,8500000
2016,6,12,1,21,B,FEMENINO,5,39500000
2016,6,12,1,21,B,MASCULINO,8,64500000
2016,6,12,1,21,C,FEMENINO,15,73500000
2016,6,12,1,21,C,MASCULINO,5,26100000
2016,6,12,1,21,D,FEMENINO,18,57800000
2016,6,12,1,21,D,MASCULINO,16,55500000
2016,6,12,1,21,E,FEMENINO,19,59700000
2016,6,12,1,21,E,MASCULINO,16,52300000
2016,6,12,1,21,F,FEMENINO,38,85300000
2016,6,12,1,21,F,MASCULINO,30,66200000
2016,6,12,1,21,G,FEMENINO,15,28464605
2016,6,12,1,21,G,MASCULINO,6,12696220
2016,6,12,1,23,A,MASCULINO,1,22000000
2016,6,12,1,23,B,FEMENINO,4,44800000
2016,6,12,1,23,B,MASCULINO,4,44800000
2016,6,12,1,23,C,FEMENINO,8,53600000
2016,6,12,1,23,C,MASCULINO,22,160800000
2016,6,12,1,23,D,FEMENINO,5,23000000
2016,6,12,1,23,D,MASCULINO,5,26000000
2016,6,12,1,23,E,MASCULINO,2,5400000
2016,6,12,1,23,F,FEMENINO,3,10400000
2016,6,12,1,23,F,MASCULINO,2,5800000
2016,6,12,1,23,G,FEMENINO,6,18000000
2016,6,12,1,23,G,MASCULINO,14,42724055
2016,6,12,1,29,A,FEMENINO,1,22000000
2016,6,12,1,29,B,FEMENINO,2,17600000
2016,6,12,1,29,B,MASCULINO,3,20800000
2016,6,12,1,29,C,FEMENINO,6,29000000
2016,6,12,1,29,C,MASCULINO,3,15000000
2016,6,12,1,29,D,FEMENINO,3,13100000
2016,6,12,1,29,D,MASCULINO,1,4900000
2016,6,12,1,29,E,FEMENINO,1,3000000
2016,6,12,1,29,G,FEMENINO,5,11000000
2016,6,12,1,29,G,MASCULINO,6,14100000
2016,6,12,1,29,L,FEMENINO,2,7440000
2016,6,12,1,29,L,MASCULINO,2,7440000
2016,6,12,1,30,A,MASCULINO,2,27200000
2016,6,12,1,30,B,FEMENINO,2,22600000
2016,6,12,1,30,B,MASCULINO,6,67800000
2016,6,12,1,30,C,FEMENINO,12,61660000
2016,6,12,1,30,C,MASCULINO,15,93500000
2016,6,12,1,30,D,FEMENINO,25,101400000
2016,6,12,1,30,D,MASCULINO,11,45200000
2016,6,12,1,30,E,FEMENINO,24,71900000
2016,6,12,1,30,E,MASCULINO,24,79000000
2016,6,12,1,30,F,FEMENINO,19,59500000
2016,6,12,1,30,F,MASCULINO,18,59200000
2016,6,12,1,30,G,FEMENINO,12,35900000
2016,6,12,1,30,G,MASCULINO,29,79300000
2016,6,12,1,30,L,FEMENINO,5,10013500
2016,6,12,1,30,S,FEMENINO,76,317958600
2016,6,12,1,30,S,MASCULINO,28,126800000
2016,6,12,1,30,Z,FEMENINO,5,7949152
2016,6,12,1,36,B,FEMENINO,5,58400000
2016,6,12,1,36,B,MASCULINO,4,40200000
2016,6,12,1,36,C,FEMENINO,6,40800000
2016,6,12,1,36,C,MASCULINO,8,60700000
2016,6,12,1,36,D,FEMENINO,4,17700000
2016,6,12,1,36,D,MASCULINO,7,31100000
2016,6,12,1,36,E,FEMENINO,1,3200000
2016,6,12,1,36,E,MASCULINO,6,19400000
2016,6,12,1,36,G,FEMENINO,1,2900000
2016,6,12,1,36,G,MASCULINO,1,2300000
2016,6,12,1,38,B,FEMENINO,10,73600000
2016,6,12,1,38,B,MASCULINO,8,63000000
2016,6,12,1,38,C,FEMENINO,3,18000000
2016,6,12,1,38,C,MASCULINO,5,31600000
2016,6,12,1,40,A,FEMENINO,1,22000000
2016,6,12,1,40,B,FEMENINO,6,46500000
2016,6,12,1,40,C,FEMENINO,1,6500000
2016,6,12,1,40,C,MASCULINO,4,25000000
2016,6,12,1,40,D,FEMENINO,6,24800000
2016,6,12,1,40,D,MASCULINO,4,15500000
2016,6,12,1,40,E,FEMENINO,1,2400000
2016,6,12,1,40,F,FEMENINO,2,5000000
2016,6,12,1,40,F,MASCULINO,4,9000000
2016,6,12,1,41,A,MASCULINO,1,22000000
2016,6,12,1,41,B,FEMENINO,7,60400000
2016,6,12,1,41,B,MASCULINO,6,57600000
2016,6,12,1,41,C,FEMENINO,12,72400000
2016,6,12,1,41,C,MASCULINO,5,36200000
2016,6,12,1,41,D,FEMENINO,11,44900000
2016,6,12,1,41,D,MASCULINO,2,6200000
2016,6,12,1,41,E,FEMENINO,2,4800000
2016,6,12,1,41,E,MASCULINO,5,15600000
2016,6,12,1,41,F,FEMENINO,1,2000000
2016,6,12,1,41,F,MASCULINO,4,8600000
2016,6,12,1,41,G,FEMENINO,3,6624055
2016,6,12,1,41,G,MASCULINO,1,2200000
2016,6,12,1,51,A,MASCULINO,1,22000000
2016,6,12,1,51,B,FEMENINO,1,6000000
2016,6,12,1,51,B,MASCULINO,8,61500000
2016,6,12,1,51,C,FEMENINO,1,6000000
2016,6,12,1,51,D,FEMENINO,4,10800000
2016,6,12,1,51,D,MASCULINO,1,2900000
2016,6,12,1,51,E,FEMENINO,2,4800000
2016,6,12,1,51,E,MASCULINO,2,5000000
2016,6,12,1,51,G,FEMENINO,6,10944330
2016,6,12,1,51,G,MASCULINO,3,5848110
2016,6,12,1,52,A,MASCULINO,1,22000000
2016,6,12,1,52,B,FEMENINO,4,49600000
2016,6,12,1,52,B,MASCULINO,10,124600000
2016,6,12,1,52,C,FEMENINO,11,84500000
2016,6,12,1,52,C,MASCULINO,17,119000000
2016,6,12,1,52,D,FEMENINO,4,19900000
2016,6,12,1,52,D,MASCULINO,11,52900000
2016,6,12,1,52,E,FEMENINO,1,4100000
2016,6,12,1,52,E,MASCULINO,1,4500000
2016,6,12,1,52,F,MASCULINO,1,3000000
2016,6,12,1,52,G,MASCULINO,2,6100000
2016,6,12,1,53,A,FEMENINO,1,22000000
2016,6,12,1,53,B,FEMENINO,1,11300000
2016,6,12,1,53,B,MASCULINO,6,74600000
2016,6,12,1,53,C,FEMENINO,1,7600000
2016,6,12,1,53,C,MASCULINO,2,15200000
2016,6,12,1,53,D,FEMENINO,1,5100000
2016,6,12,1,53,D,MASCULINO,1,5100000
2016,6,12,2,1,A,MASCULINO,4,68500000
2016,6,12,2,1,B,FEMENINO,1,10200000
2016,6,12,2,1,B,MASCULINO,5,53800000
2016,6,12,2,1,C,FEMENINO,6,44400000
2016,6,12,2,1,C,MASCULINO,5,35200000
2016,6,12,2,1,D,FEMENINO,5,23800000
2016,6,12,2,1,D,MASCULINO,4,20500000
2016,6,12,2,1,E,FEMENINO,2,8300000
2016,6,12,2,1,E,MASCULINO,3,12200000
2016,6,12,2,1,F,FEMENINO,4,14300000
2016,6,12,2,1,F,MASCULINO,4,14500000
2016,6,12,2,1,G,FEMENINO,7,22100000
2016,6,12,2,1,G,MASCULINO,11,35500000
2016,6,12,3,1,A,MASCULINO,3,52000000
2016,6,12,3,1,B,FEMENINO,10,99600000
2016,6,12,3,1,B,MASCULINO,14,150000000
2016,6,12,3,1,C,FEMENINO,29,217600000
2016,6,12,3,1,C,MASCULINO,28,205000000
2016,6,12,3,1,D,FEMENINO,56,259400000
2016,6,12,3,1,D,MASCULINO,71,330000000
2016,6,12,3,1,E,FEMENINO,49,157000000
2016,6,12,3,1,E,MASCULINO,91,298500000
2016,6,12,3,1,F,FEMENINO,26,74100000
2016,6,12,3,1,F,MASCULINO,38,111100000
2016,6,12,3,1,G,FEMENINO,12,30000000
2016,6,12,3,1,G,MASCULINO,37,105224055
2016,6,12,3,2,D,FEMENINO,7,23700000
2016,6,12,3,2,D,MASCULINO,1,3500000
2016,6,12,3,2,E,FEMENINO,414,899500000
2016,6,12,3,2,E,MASCULINO,217,469500000
2016,6,12,3,2,G,FEMENINO,589,1237900000
2016,6,12,3,2,G,MASCULINO,252,531700000
2016,6,12,3,2,L,FEMENINO,114,97965120
2016,6,12,3,2,L,MASCULINO,219,196913640
2016,6,12,3,2,P,FEMENINO,2585,10570599542
2016,6,12,3,2,P,MASCULINO,19811,81728516132
2016,6,12,3,2,S,FEMENINO,71,205135800
2016,6,12,3,2,S,MASCULINO,25,84335800
2016,6,12,3,2,Y,FEMENINO,269,95124460
2016,6,12,3,2,Y,MASCULINO,919,310362890
2016,6,12,3,2,Z,FEMENINO,5,2303000
2016,6,12,3,2,Z,MASCULINO,13,6850200
2016,6,12,4,1,A,MASCULINO,2,37000000
2016,6,12,4,1,B,FEMENINO,107,1039998500
2016,6,12,4,1,B,MASCULINO,170,1760732500
2016,6,12,4,1,C,FEMENINO,18,133900000
2016,6,12,4,1,C,MASCULINO,26,187800000
2016,6,12,4,1,D,FEMENINO,36,151100000
2016,6,12,4,1,D,MASCULINO,29,108500000
2016,6,12,4,1,E,FEMENINO,24,79600000
2016,6,12,4,1,E,MASCULINO,39,121600000
2016,6,12,4,1,F,FEMENINO,9,30200000
2016,6,12,4,1,F,MASCULINO,14,44100000
2016,6,12,4,1,G,FEMENINO,18,45300000
2016,6,12,4,1,G,MASCULINO,47,126233333
2016,6,12,5,1,A,FEMENINO,1,7400000
2016,6,12,5,1,A,MASCULINO,7,83700000
2016,6,12,5,1,B,FEMENINO,19,114600000
2016,6,12,5,1,B,MASCULINO,22,135100000
2016,6,12,5,1,D,FEMENINO,192,613300000
2016,6,12,5,1,D,MASCULINO,202,658000000
2016,6,12,5,1,E,FEMENINO,193,574100000
2016,6,12,5,1,E,MASCULINO,246,735400000
2016,6,12,5,1,F,FEMENINO,81,224100000
2016,6,12,5,1,F,MASCULINO,183,505800000
2016,6,12,5,1,G,FEMENINO,577,1366700000
2016,6,12,5,1,G,MASCULINO,1141,2716400000
2016,6,12,5,1,M,FEMENINO,1101,3873231690
2016,6,12,5,1,M,MASCULINO,11199,44828631318
2016,6,12,5,1,S,FEMENINO,73,216296100
2016,6,12,5,1,S,MASCULINO,10,35018200
2016,6,12,5,1,Y,FEMENINO,113,43503718
2016,6,12,5,1,Y,MASCULINO,4477,1067903871
2016,6,12,5,1,Z,FEMENINO,86,80182855
2016,6,12,5,1,Z,MASCULINO,282,254972350
2016,6,12,6,1,A,FEMENINO,3,43000000
2016,6,12,6,1,A,MASCULINO,2,37000000
2016,6,12,6,1,B,FEMENINO,12,156000000
2016,6,12,6,1,B,MASCULINO,19,247000000
2016,6,12,6,1,C,FEMENINO,131,1110830000
2016,6,12,6,1,C,MASCULINO,212,1847523333
2016,6,12,6,1,D,FEMENINO,428,2002416668
2016,6,12,6,1,D,MASCULINO,659,3000136666
2016,6,12,6,1,E,FEMENINO,40,126373333
2016,6,12,6,1,E,MASCULINO,92,294020002
2016,6,12,6,1,F,FEMENINO,21,63586667
2016,6,12,6,1,F,MASCULINO,28,87113334
2016,6,12,7,1,A,FEMENINO,4,36300000
2016,6,12,7,1,A,MASCULINO,6,62300000
2016,6,12,7,1,B,FEMENINO,44,443000000
2016,6,12,7,1,B,MASCULINO,24,237000000
2016,6,12,7,1,C,FEMENINO,33,232900000
2016,6,12,7,1,C,MASCULINO,30,202000000
2016,6,12,7,1,D,FEMENINO,448,1432500000
2016,6,12,7,1,D,MASCULINO,267,920200000
2016,6,12,7,1,E,FEMENINO,257,758668385
2016,6,12,7,1,E,MASCULINO,269,810820275
2016,6,12,7,1,F,FEMENINO,10,26148110
2016,6,12,7,1,F,MASCULINO,8,19624055
2016,6,12,7,1,G,FEMENINO,2141,4502854655
2016,6,12,7,1,G,MASCULINO,1131,2396709630
2016,6,12,7,1,L,FEMENINO,38730,114023964530
2016,6,12,7,1,L,MASCULINO,16416,47929226920
2016,6,12,7,1,Z,FEMENINO,22170,56066806885
2016,6,12,7,1,Z,MASCULINO,14006,36680258807
2016,6,12,8,1,A,MASCULINO,1,22000000
2016,6,12,8,1,B,FEMENINO,12,125700000
2016,6,12,8,1,B,MASCULINO,12,123000000
2016,6,12,8,1,C,FEMENINO,243,1737600000
2016,6,12,8,1,C,MASCULINO,230,1665100000
2016,6,12,8,1,D,FEMENINO,925,4202800000
2016,6,12,8,1,D,MASCULINO,1009,4629000000
2016,6,12,8,1,E,FEMENINO,293,1087900000
2016,6,12,8,1,E,MASCULINO,335,1331500000
2016,6,12,8,1,F,FEMENINO,1345,4038800000
2016,6,12,8,1,F,MASCULINO,1503,4594500000
2016,6,12,8,1,G,FEMENINO,1530,3608100000
2016,6,12,8,1,G,MASCULINO,853,2075000000
2016,6,12,8,1,S,FEMENINO,12773,47443952100
2016,6,12,8,1,S,MASCULINO,4128,16855798100
2016,6,12,9,1,A,FEMENINO,1,22000000
2016,6,12,9,1,A,MASCULINO,2,30000000
2016,6,12,9,1,B,FEMENINO,18,117100000
2016,6,12,9,1,B,MASCULINO,30,188200000
2016,6,12,9,1,C,FEMENINO,5,34800000
2016,6,12,9,1,C,MASCULINO,5,39200000
2016,6,12,9,1,D,FEMENINO,240,935300000
2016,6,12,9,1,D,MASCULINO,625,2383700000
2016,6,12,9,1,E,FEMENINO,420,1067581445
2016,6,12,9,1,E,MASCULINO,583,1555229555
2016,6,12,9,1,F,FEMENINO,15,46048110
2016,6,12,9,1,F,MASCULINO,12,37324055
2016,6,12,9,1,G,FEMENINO,109,239811685
2016,6,12,9,1,G,MASCULINO,109,249911685
2016,6,12,9,1,S,FEMENINO,100,389265700
2016,6,12,9,1,S,MASCULINO,52,221032900
2016,6,12,10,1,A,FEMENINO,1,7800000
2016,6,12,10,1,A,MASCULINO,3,52000000
2016,6,12,10,1,B,FEMENINO,10,88600000
2016,6,12,10,1,B,MASCULINO,17,183300000
2016,6,12,10,1,C,FEMENINO,44,315600000
2016,6,12,10,1,C,MASCULINO,61,432000000
2016,6,12,10,1,D,FEMENINO,277,1169700000
2016,6,12,10,1,D,MASCULINO,354,1514500000
2016,6,12,10,1,E,FEMENINO,100,274024055
2016,6,12,10,1,E,MASCULINO,163,454224055
2016,6,12,10,1,F,FEMENINO,152,416572165
2016,6,12,10,1,F,MASCULINO,281,795696220
2016,6,12,10,1,G,FEMENINO,25,57424055
2016,6,12,10,1,G,MASCULINO,97,238872165
2016,6,12,11,1,A,MASCULINO,3,52000000
2016,6,12,11,1,B,FEMENINO,14,119800000
2016,6,12,11,1,B,MASCULINO,29,255300000
2016,6,12,11,1,C,FEMENINO,12,88500000
2016,6,12,11,1,C,MASCULINO,19,153700000
2016,6,12,11,1,D,FEMENINO,49,219900000
2016,6,12,11,1,D,MASCULINO,55,242000000
2016,6,12,11,1,E,FEMENINO,15,62000000
2016,6,12,11,1,E,MASCULINO,22,83600000
2016,6,12,11,1,F,FEMENINO,43,143400000
2016,6,12,11,1,F,MASCULINO,48,157900000
2016,6,12,11,1,G,FEMENINO,17,49700000
2016,6,12,11,1,G,MASCULINO,22,65900000
2016,6,12,11,1,S,FEMENINO,2,5080800
2016,6,12,13,1,A,FEMENINO,1,15000000
2016,6,12,13,1,A,MASCULINO,4,67000000
2016,6,12,13,1,B,FEMENINO,6,78000000
2016,6,12,13,1,B,MASCULINO,22,286000000
2016,6,12,13,1,C,FEMENINO,69,541500000
2016,6,12,13,1,C,MASCULINO,176,1412300000
2016,6,12,13,1,D,FEMENINO,150,677200000
2016,6,12,13,1,D,MASCULINO,324,1403600000
2016,6,12,13,1,E,FEMENINO,110,301500000
2016,6,12,13,1,E,MASCULINO,705,2084800000
2016,6,12,13,1,F,FEMENINO,69,181900000
2016,6,12,13,1,F,MASCULINO,370,1031400000
2016,6,12,13,1,G,FEMENINO,61,166500000
2016,6,12,13,1,G,MASCULINO,432,1370100000
2016,6,12,14,1,A,FEMENINO,3,52000000
2016,6,12,14,1,B,FEMENINO,24,181100000
2016,6,12,14,1,B,MASCULINO,1,12700000
2016,6,12,14,1,C,FEMENINO,4,22300000
2016,6,12,14,1,C,MASCULINO,1,6000000
2016,6,12,14,1,D,FEMENINO,16,68580000
2016,6,12,14,1,D,MASCULINO,1,4600000
2016,6,12,14,1,E,FEMENINO,3,10600000
2016,6,12,14,1,E,MASCULINO,2,5800000
2016,6,12,14,1,F,FEMENINO,4,11000000
2016,6,12,14,1,F,MASCULINO,2,5800000
2016,6,12,14,1,G,FEMENINO,5,12400000
2016,6,12,14,1,G,MASCULINO,4,9700000
2016,6,12,16,1,A,MASCULINO,3,52000000
2016,6,12,16,1,B,FEMENINO,33,310000000
2016,6,12,16,1,B,MASCULINO,42,378100000
2016,6,12,16,1,C,FEMENINO,52,357800000
2016,6,12,16,1,C,MASCULINO,34,229300000
2016,6,12,16,1,D,FEMENINO,93,374755100
2016,6,12,16,1,D,MASCULINO,91,373500000
2016,6,12,16,1,E,FEMENINO,139,395312715
2016,6,12,16,1,E,MASCULINO,200,603244330
2016,6,12,16,1,F,FEMENINO,12,38300000
2016,6,12,16,1,F,MASCULINO,22,75200000
2016,6,12,16,1,G,FEMENINO,54,153300000
2016,6,12,16,1,G,MASCULINO,76,217500000
2016,6,13,1,1,A,FEMENINO,57,570618202
2016,6,13,1,1,A,MASCULINO,66,661250525
2016,6,13,1,1,B,FEMENINO,71,427470003
2016,6,13,1,1,B,MASCULINO,51,308712737
2016,6,13,1,1,C,FEMENINO,268,1375025184
2016,6,13,1,1,C,MASCULINO,201,1029087656
2016,6,13,1,1,D,FEMENINO,346,1468137265
2016,6,13,1,1,D,MASCULINO,309,1306803167
2016,6,13,1,1,E,FEMENINO,368,1312231401
2016,6,13,1,1,E,MASCULINO,351,1234427129
2016,6,13,1,1,F,FEMENINO,600,1928582221
2016,6,13,1,1,F,MASCULINO,424,1333061943
2016,6,13,1,1,G,FEMENINO,458,1039367662
2016,6,13,1,1,G,MASCULINO,524,1322783322
2016,6,13,1,1,J,FEMENINO,3424,16108795259
2016,6,13,1,1,J,MASCULINO,2765,14062574961
2016,6,13,1,1,K,FEMENINO,1,2797720
2016,6,13,2,1,1,FEMENINO,2,9073400
2016,6,13,2,1,1,MASCULINO,1,4536700
2016,6,13,2,1,2,FEMENINO,13,46021300
2016,6,13,2,1,2,MASCULINO,32,113339300
2016,6,13,2,1,3,FEMENINO,53,219186600
2016,6,13,2,1,3,MASCULINO,47,199003300
2016,6,13,2,1,4,FEMENINO,3,18088500
2016,6,13,2,1,4,MASCULINO,7,41395345
2016,6,13,2,1,5,FEMENINO,1,3750400
2016,6,13,2,1,5,MASCULINO,1,3750400
2016,6,13,2,1,6,FEMENINO,2,8549700
2016,6,13,2,1,6,MASCULINO,2,8931800
2016,6,13,2,1,7,FEMENINO,4,21071400
2016,6,13,2,1,7,MASCULINO,2,10052000
2016,6,13,2,1,8,FEMENINO,1,3344600
2016,6,13,2,1,9,FEMENINO,1,4020000
2016,6,13,2,1,9,MASCULINO,2,7765900
2016,6,13,2,1,A,FEMENINO,44,270315625
2016,6,13,2,1,A,MASCULINO,57,353335697
2016,6,13,2,1,B,FEMENINO,19,128365000
2016,6,13,2,1,B,MASCULINO,25,171351200
2016,6,13,2,1,C,FEMENINO,284,1095226630
2016,6,13,2,1,C,MASCULINO,393,1500828540
2016,6,13,2,1,D,FEMENINO,596,1595110664
2016,6,13,2,1,D,MASCULINO,674,1812569500
2016,6,13,2,1,E,FEMENINO,467,966440426
2016,6,13,2,1,E,MASCULINO,669,1406493119
2016,6,13,2,1,F,FEMENINO,7,17321655
2016,6,13,2,1,F,MASCULINO,14,37096200
2016,6,13,2,1,G,FEMENINO,482,1011982735
2016,6,13,2,1,G,MASCULINO,509,1102204360
2016,6,13,2,1,H,FEMENINO,1,2208100
2016,6,13,2,1,H,MASCULINO,2,4416200
2016,6,13,2,1,J,FEMENINO,10,75546900
2016,6,13,2,1,J,MASCULINO,34,264765240
2016,6,13,2,1,S,FEMENINO,1,5000000
2016,6,13,3,1,C,FEMENINO,149,956481360
2016,6,13,3,1,C,MASCULINO,101,627608000
2016,6,13,3,1,D,FEMENINO,127,586311433
2016,6,13,3,1,D,MASCULINO,148,685486832
2016,6,13,3,1,E,FEMENINO,108,379952738
2016,6,13,3,1,E,MASCULINO,114,405848766
2016,6,13,3,1,G,FEMENINO,117,254639425
2016,6,13,3,1,G,MASCULINO,325,862299186
2016,6,13,3,1,J,FEMENINO,1763,11560048832
2016,6,13,3,1,J,MASCULINO,1350,8821032795
2016,6,13,3,1,K,FEMENINO,92,972500400
2016,6,13,3,1,K,MASCULINO,71,765085296
2016,6,13,3,1,S,FEMENINO,124,770120000
2016,6,13,3,1,S,MASCULINO,73,470900000
2016,6,13,4,1,B,FEMENINO,8,117000000
2016,6,13,4,1,B,MASCULINO,9,130500000
2016,6,13,4,1,C,FEMENINO,29,254500000
2016,6,13,4,1,C,MASCULINO,15,136300000
2016,6,13,4,1,D,FEMENINO,19,94900000
2016,6,13,4,1,D,MASCULINO,22,115900000
2016,6,13,4,1,E,FEMENINO,3,10900000
2016,6,13,4,1,E,MASCULINO,4,14000000
2016,6,13,4,1,F,FEMENINO,1,3500000
2016,6,13,4,1,G,FEMENINO,10,37600000
2016,6,13,4,1,G,MASCULINO,6,26400000
2016,6,13,4,1,U,FEMENINO,1,4432000
2016,6,13,5,1,A,MASCULINO,7,44317000
2016,6,13,5,1,B,FEMENINO,11,84183000
2016,6,13,5,1,B,MASCULINO,12,94116000
2016,6,13,5,1,C,FEMENINO,87,378455600
2016,6,13,5,1,C,MASCULINO,83,335982000
2016,6,13,5,1,D,FEMENINO,9,24270900
2016,6,13,5,1,D,MASCULINO,4,10430800
2016,6,13,5,1,E,FEMENINO,1,2208200
2016,6,13,5,1,E,MASCULINO,1,2208200
2016,6,13,5,1,G,FEMENINO,1,2787000
2016,6,13,5,1,G,MASCULINO,2,6082300
2016,6,13,6,1,A,FEMENINO,5,70080000
2016,6,13,6,1,A,MASCULINO,8,112128000
2016,6,13,6,1,B,FEMENINO,3,42048000
2016,6,13,6,1,B,MASCULINO,9,123215225
2016,6,13,6,1,C,FEMENINO,40,275824890
2016,6,13,6,1,C,MASCULINO,23,203953900
2016,6,13,6,1,E,FEMENINO,45,176938770
2016,6,13,6,1,E,MASCULINO,53,209502055
2016,6,13,6,1,F,FEMENINO,3,15669440
2016,6,13,6,1,F,MASCULINO,4,21786980
2016,6,13,6,1,G,FEMENINO,49,126703340
2016,6,13,6,1,G,MASCULINO,73,209563745
2016,6,13,6,1,J,FEMENINO,945,6388254415
2016,6,13,6,1,J,MASCULINO,513,3280952380
2016,6,14,1,1,B,FEMENINO,32,384593600
2016,6,14,1,1,B,MASCULINO,48,504384600
2016,6,14,1,1,C,FEMENINO,287,1910600000
2016,6,14,1,1,C,MASCULINO,163,1132500000
2016,6,14,1,1,D,FEMENINO,35,187200000
2016,6,14,1,1,D,MASCULINO,38,200000000
2016,6,14,1,1,E,FEMENINO,45,228500000
2016,6,14,1,1,E,MASCULINO,72,365700000
2016,6,14,1,1,F,MASCULINO,1,4300000
2016,6,14,1,1,G,FEMENINO,51,149400000
2016,6,14,1,1,G,MASCULINO,65,195800000
2016,6,15,1,1,A,MASCULINO,2,37000000
2016,6,15,1,1,B,FEMENINO,26,181600000
2016,6,15,1,1,B,MASCULINO,1,6900000
2016,6,15,1,1,C,FEMENINO,8,42000000
2016,6,15,1,1,D,FEMENINO,30,119300000
2016,6,15,1,1,D,MASCULINO,10,40200000
2016,6,15,1,1,E,FEMENINO,16,45400000
2016,6,15,1,1,E,MASCULINO,21,61000000
2016,6,15,1,1,F,MASCULINO,1,3000000
2016,6,15,1,1,G,FEMENINO,2,4200000
2016,6,15,1,1,G,MASCULINO,1,3500000
2016,6,15,2,1,C,FEMENINO,2,5113800
2016,6,15,2,1,C,MASCULINO,1,2556900
2016,6,15,2,1,D,FEMENINO,1,3819900
2016,6,15,2,1,D,MASCULINO,1,3819900
2016,6,15,2,1,J,FEMENINO,3,36362700
2016,6,15,2,1,J,MASCULINO,3,36362700
2016,6,15,2,1,K,FEMENINO,5,28196700
2016,6,15,2,1,K,MASCULINO,5,26172600
2016,6,21,1,1,A,FEMENINO,74,574000000
2016,6,21,1,1,A,MASCULINO,228,1981000000
2016,6,21,1,1,B,FEMENINO,93,1247500000
2016,6,21,1,1,B,MASCULINO,179,2399000000
2016,6,21,1,1,C,FEMENINO,77,1147000000
2016,6,21,1,1,C,MASCULINO,122,1849000000
2016,6,21,1,1,D,FEMENINO,25,580000000
2016,6,21,1,1,D,MASCULINO,65,1399000000
2016,6,21,1,1,E,FEMENINO,4,96500000
2016,6,21,1,1,E,MASCULINO,23,522500000
2016,6,21,1,1,F,FEMENINO,1,27000000
2016,6,21,1,1,F,MASCULINO,4,108000000
2016,6,21,1,1,G,MASCULINO,2,56000000
2016,6,21,1,1,H,MASCULINO,2,56000000
2016,6,21,1,1,I,MASCULINO,4,130000000
2016,6,21,1,1,J,MASCULINO,1,34500000
2016,6,22,1,1,A,MASCULINO,1,18240200
2016,6,22,1,1,B,FEMENINO,1,4144000
2016,6,22,1,1,C,FEMENINO,4,22201400
2016,6,22,1,1,C,MASCULINO,13,82494400
2016,6,22,1,1,D,MASCULINO,1,2611500
2016,6,22,1,1,E,FEMENINO,4,4626600
2016,6,22,1,1,E,MASCULINO,12,25144200
2016,6,22,1,1,F,FEMENINO,8,15169730
2016,6,22,1,1,F,MASCULINO,5,9120275
2016,6,22,1,1,G,FEMENINO,2,3648110
2016,6,22,1,1,G,MASCULINO,1,1824055
2016,6,22,1,1,J,MASCULINO,4,14000000
2016,6,22,2,1,A,MASCULINO,1,18240200
2016,6,22,2,1,B,FEMENINO,2,5945772
2016,6,22,2,1,C,FEMENINO,5,19896996
2016,6,22,2,1,C,MASCULINO,8,39584828
2016,6,22,2,1,D,FEMENINO,1,2338224
2016,6,22,2,1,E,FEMENINO,4,6128824
2016,6,22,2,1,E,MASCULINO,10,15564522
2016,6,22,2,1,G,FEMENINO,4,6128824
2016,6,22,2,1,G,MASCULINO,9,13789854
2016,6,22,2,1,J,FEMENINO,3,8010000
2016,6,22,2,1,J,MASCULINO,1,4450000
2016,6,22,3,1,A,MASCULINO,1,18240200
2016,6,22,3,1,B,MASCULINO,1,4144000
2016,6,22,3,1,C,FEMENINO,3,14190855
2016,6,22,3,1,C,MASCULINO,9,54685530
2016,6,22,3,1,E,FEMENINO,3,5549210
2016,6,22,3,1,G,FEMENINO,9,16416495
2016,6,22,3,1,G,MASCULINO,12,21888660
2016,6,22,3,1,J,FEMENINO,1,3000000
2016,6,22,3,1,J,MASCULINO,3,11000000
2016,6,22,4,1,A,MASCULINO,1,18240200
2016,6,22,4,1,B,FEMENINO,1,3480960
2016,6,22,4,1,B,MASCULINO,1,5064780
2016,6,22,4,1,C,FEMENINO,9,40364268
2016,6,22,4,1,C,MASCULINO,15,64629600
2016,6,22,4,1,D,FEMENINO,3,6987204
2016,6,22,4,1,D,MASCULINO,4,8937768
2016,6,22,4,1,E,FEMENINO,2,3599904
2016,6,22,4,1,E,MASCULINO,3,5216652
2016,6,22,4,1,G,FEMENINO,13,20916284
2016,6,22,4,1,G,MASCULINO,19,30892422
2016,6,22,4,1,J,FEMENINO,1,2520000
2016,6,22,4,1,J,MASCULINO,3,9240000
2016,6,22,5,1,A,MASCULINO,1,18240200
2016,6,22,5,1,B,FEMENINO,1,3480960
2016,6,22,5,1,B,MASCULINO,1,3480960
2016,6,22,5,1,C,FEMENINO,2,5680752
2016,6,22,5,1,C,MASCULINO,20,90224564
2016,6,22,5,1,D,FEMENINO,4,7997640
2016,6,22,5,1,D,MASCULINO,5,10739064
2016,6,22,5,1,E,FEMENINO,6,10380056
2016,6,22,5,1,E,MASCULINO,6,9903906
2016,6,22,5,1,F,FEMENINO,3,4812032
2016,6,22,5,1,F,MASCULINO,6,9624064
2016,6,22,5,1,G,FEMENINO,3,4596618
2016,6,22,5,1,G,MASCULINO,5,7661030
2016,6,22,5,1,J,FEMENINO,2,6300000
2016,6,22,5,1,J,MASCULINO,2,5460000
2016,6,22,6,1,A,MASCULINO,1,18240200
2016,6,22,6,1,B,FEMENINO,1,3480960
2016,6,22,6,1,C,FEMENINO,6,29906520
2016,6,22,6,1,C,MASCULINO,14,76510828
2016,6,22,6,1,D,MASCULINO,1,2338224
2016,6,22,6,1,E,MASCULINO,3,5322156
2016,6,22,6,1,F,FEMENINO,1,1532206
2016,6,22,6,1,F,MASCULINO,1,1532206
2016,6,22,6,1,G,FEMENINO,4,6128824
2016,6,22,6,1,G,MASCULINO,5,7661030
2016,6,22,6,1,J,FEMENINO,1,4200000
2016,6,22,6,1,J,MASCULINO,3,7560000
2016,6,22,7,1,A,FEMENINO,2,8603616
2016,6,22,7,1,A,MASCULINO,2,21721160
2016,6,22,7,1,B,MASCULINO,1,3480960
2016,6,22,7,1,C,FEMENINO,10,37173444
2016,6,22,7,1,C,MASCULINO,26,103436760
2016,6,22,7,1,D,FEMENINO,12,26313336
2016,6,22,7,1,D,MASCULINO,26,56923188
2016,6,22,7,1,E,FEMENINO,6,10555822
2016,6,22,7,1,E,MASCULINO,11,19136140
2016,6,22,7,1,G,FEMENINO,7,11982738
2016,6,22,7,1,G,MASCULINO,9,16378534
2016,6,22,7,1,J,FEMENINO,4,11760000
2016,6,22,8,1,A,MASCULINO,1,18240200
2016,6,22,8,1,B,MASCULINO,1,4144000
2016,6,22,8,1,C,FEMENINO,3,22275600
2016,6,22,8,1,C,MASCULINO,7,38999400
2016,6,22,8,1,D,FEMENINO,1,2256200
2016,6,22,8,1,D,MASCULINO,2,5083100
2016,6,22,8,1,E,FEMENINO,3,5472165
2016,6,22,8,1,E,MASCULINO,24,45345090
2016,6,22,8,1,F,FEMENINO,4,7296220
2016,6,22,8,1,F,MASCULINO,2,3648110
2016,6,22,8,1,G,FEMENINO,12,21888660
2016,6,22,8,1,G,MASCULINO,15,27570715
2016,6,22,8,1,J,FEMENINO,1,3000000
2016,6,22,8,1,J,MASCULINO,3,11000000
2016,6,22,9,1,A,MASCULINO,2,22126880
2016,6,22,9,1,B,FEMENINO,1,3480960
2016,6,22,9,1,B,MASCULINO,1,2730420
2016,6,22,9,1,C,FEMENINO,4,17620176
2016,6,22,9,1,C,MASCULINO,14,73554028
2016,6,22,9,1,D,FEMENINO,3,6790308
2016,6,22,9,1,D,MASCULINO,11,25715256
2016,6,22,9,1,E,FEMENINO,1,2338224
2016,6,22,9,1,E,MASCULINO,8,12987050
2016,6,22,9,1,F,MASCULINO,7,10725442
2016,6,22,9,1,G,FEMENINO,8,14012682
2016,6,22,9,1,G,MASCULINO,11,20010328
2016,6,22,9,1,J,FEMENINO,1,2520000
2016,6,22,9,1,J,MASCULINO,3,9100000
2016,6,22,10,1,A,MASCULINO,1,1824200
2016,6,22,10,1,B,MASCULINO,1,4144000
2016,6,22,10,1,C,FEMENINO,5,19706900
2016,6,22,10,1,C,MASCULINO,18,123854100
2016,6,22,10,1,D,FEMENINO,1,2412000
2016,6,22,10,1,D,MASCULINO,1,2611500
2016,6,22,10,1,E,FEMENINO,2,4091700
2016,6,22,10,1,E,MASCULINO,11,21540555
2016,6,22,10,1,G,FEMENINO,8,14592440
2016,6,22,10,1,G,MASCULINO,9,16705140
2016,6,22,10,1,J,FEMENINO,1,3000000
2016,6,22,10,1,J,MASCULINO,2,7500000
2016,6,22,11,1,A,MASCULINO,1,18240200
2016,6,22,11,1,B,MASCULINO,2,8288000
2016,6,22,11,1,C,FEMENINO,18,79638100
2016,6,22,11,1,C,MASCULINO,14,62249700
2016,6,22,11,1,D,FEMENINO,12,26509800
2016,6,22,11,1,D,MASCULINO,20,44928000
2016,6,22,11,1,E,FEMENINO,5,10401055
2016,6,22,11,1,E,MASCULINO,2,3725155
2016,6,22,11,1,G,FEMENINO,5,9120275
2016,6,22,11,1,G,MASCULINO,8,15065185
2016,6,22,11,1,J,FEMENINO,2,6500000
2016,6,22,11,1,J,MASCULINO,2,7500000
2016,6,22,12,1,A,FEMENINO,1,2403520
2016,6,22,12,1,A,MASCULINO,1,18240200
2016,6,22,12,1,B,MASCULINO,1,3480960
2016,6,22,12,1,C,FEMENINO,10,36854752
2016,6,22,12,1,C,MASCULINO,13,48976799
2016,6,22,12,1,D,FEMENINO,3,7250509
2016,6,22,12,1,D,MASCULINO,5,11181127
2016,6,22,12,1,E,FEMENINO,8,13510911
2016,6,22,12,1,E,MASCULINO,11,17185942
2016,6,22,12,1,G,FEMENINO,3,4820839
2016,6,22,12,1,G,MASCULINO,5,7186775
2016,6,22,12,1,J,FEMENINO,4,11110000
2016,6,22,13,1,A,MASCULINO,1,18240200
2016,6,22,13,1,B,FEMENINO,1,4144000
2016,6,22,13,1,C,FEMENINO,4,17185900
2016,6,22,13,1,C,MASCULINO,6,44551000
2016,6,22,13,1,D,FEMENINO,1,2794600
2016,6,22,13,1,E,FEMENINO,1,1901100
2016,6,22,13,1,E,MASCULINO,1,1901100
2016,6,22,13,1,F,FEMENINO,2,3648110
2016,6,22,13,1,G,FEMENINO,8,14592440
2016,6,22,13,1,G,MASCULINO,10,18240550
2016,6,22,13,1,J,FEMENINO,2,5100000
2016,6,22,13,1,J,MASCULINO,2,5890000
2016,6,22,14,1,A,MASCULINO,1,0
2016,6,22,14,1,B,FEMENINO,1,3480960
2016,6,22,14,1,C,FEMENINO,1,6237168
2016,6,22,14,1,C,MASCULINO,10,48058584
2016,6,22,14,1,D,MASCULINO,2,4182948
2016,6,22,14,1,E,FEMENINO,1,1532206
2016,6,22,14,1,E,MASCULINO,2,3064412
2016,6,22,14,1,F,FEMENINO,4,6128824
2016,6,22,14,1,F,MASCULINO,5,7661030
2016,6,22,14,1,G,FEMENINO,3,4596618
2016,6,22,14,1,G,MASCULINO,7,10725442
2016,6,22,14,1,J,MASCULINO,4,11760000
2016,6,22,15,1,A,MASCULINO,1,18240200
2016,6,22,15,1,B,FEMENINO,1,3480960
2016,6,22,15,1,C,FEMENINO,4,17044094
2016,6,22,15,1,C,MASCULINO,11,45984120
2016,6,22,15,1,D,MASCULINO,4,9033360
2016,6,22,15,1,E,FEMENINO,2,3064412
2016,6,22,15,1,E,MASCULINO,6,9039236
2016,6,22,15,1,F,MASCULINO,2,3064412
2016,6,22,15,1,G,MASCULINO,2,3064412
2016,6,22,15,1,J,FEMENINO,2,6720000
2016,6,22,15,1,J,MASCULINO,2,5040000
2016,6,22,16,1,A,FEMENINO,1,4432000
2016,6,22,16,1,A,MASCULINO,2,22999800
2016,6,22,16,1,C,FEMENINO,6,26729400
2016,6,22,16,1,C,MASCULINO,12,64293700
2016,6,22,16,1,D,MASCULINO,5,12639800
2016,6,22,16,1,E,FEMENINO,6,11263075
2016,6,22,16,1,E,MASCULINO,9,17233130
2016,6,22,16,1,F,FEMENINO,4,7296220
2016,6,22,16,1,F,MASCULINO,3,7044510
2016,6,22,16,1,G,FEMENINO,4,7296220
2016,6,22,16,1,G,MASCULINO,7,13632830
2016,6,22,16,1,J,FEMENINO,1,3000000
2016,6,22,16,1,J,MASCULINO,3,11000000
2016,6,22,17,1,A,FEMENINO,1,0
2016,6,22,17,1,B,MASCULINO,2,6280848
2016,6,22,17,1,C,FEMENINO,3,11583180
2016,6,22,17,1,C,MASCULINO,6,26882268
2016,6,22,17,1,D,MASCULINO,1,1989288
2016,6,22,17,1,E,FEMENINO,2,3306874
2016,6,22,17,1,E,MASCULINO,11,18246832
2016,6,22,17,1,F,FEMENINO,1,1532206
2016,6,22,17,1,F,MASCULINO,2,3534046
2016,6,22,17,1,G,FEMENINO,6,9193236
2016,6,22,17,1,G,MASCULINO,11,16854266
2016,6,23,1,1,A,MASCULINO,1,20020000
2016,6,23,1,1,B,FEMENINO,4,27300000
2016,6,23,1,1,B,MASCULINO,7,49140000
2016,6,23,1,1,C,FEMENINO,28,151151000
2016,6,23,1,1,C,MASCULINO,22,111111000
2016,6,23,1,1,D,FEMENINO,60,262990000
2016,6,23,1,1,D,MASCULINO,30,110747000
2016,6,23,1,1,E,FEMENINO,21,54600000
2016,6,23,1,1,E,MASCULINO,29,81809000
2016,6,23,1,1,F,FEMENINO,32,80717000
2016,6,23,1,1,F,MASCULINO,44,91546000
2016,6,23,3,1,A,MASCULINO,2,20076000
2016,6,23,3,1,B,FEMENINO,37,262080000
2016,6,23,3,1,B,MASCULINO,70,495012000
2016,6,23,3,1,C,FEMENINO,49,246960000
2016,6,23,3,1,C,MASCULINO,126,635040000
2016,6,23,3,1,D,FEMENINO,19,86436000
2016,6,23,3,1,D,MASCULINO,59,262836000
2016,6,23,3,1,E,FEMENINO,9,30996000
2016,6,23,3,1,E,MASCULINO,35,120540000
2016,6,23,3,1,G,FEMENINO,12,35616000
2016,6,23,3,1,G,MASCULINO,55,163884000
2016,6,23,4,1,A,FEMENINO,1,4158700
2016,6,23,4,1,A,MASCULINO,1,3798900
2016,6,23,4,1,B,FEMENINO,4,21925600
2016,6,23,4,1,B,MASCULINO,3,19674800
2016,6,23,4,1,C,FEMENINO,15,66644100
2016,6,23,4,1,C,MASCULINO,7,30383600
2016,6,23,4,1,D,FEMENINO,12,42381300
2016,6,23,4,1,D,MASCULINO,6,22343200
2016,6,23,4,1,E,FEMENINO,3,13724400
2016,6,23,4,1,E,MASCULINO,1,4574800
2016,6,23,4,1,F,FEMENINO,12,36370600
2016,6,23,4,1,F,MASCULINO,12,36225300
2016,6,23,4,1,G,FEMENINO,4,11263600
2016,6,23,4,1,G,MASCULINO,9,26481800
2016,6,23,6,1,3,MASCULINO,1,4564900
2016,6,23,6,1,B,FEMENINO,2,10153800
2016,6,23,6,1,B,MASCULINO,1,5076900
2016,6,23,6,1,C,FEMENINO,20,73775000
2016,6,23,6,1,C,MASCULINO,25,84385100
2016,6,23,6,1,D,MASCULINO,7,20149900
2016,6,23,6,1,E,MASCULINO,1,2013300
2016,6,23,6,1,G,FEMENINO,5,12368000
2016,6,23,6,1,G,MASCULINO,4,9494400
2016,6,23,8,1,B,FEMENINO,4,26211432
2016,6,23,8,1,B,MASCULINO,1,6122480
2016,6,23,8,1,C,FEMENINO,2,11326728
2016,6,23,8,1,C,MASCULINO,3,18485628
2016,6,23,8,1,D,FEMENINO,1,3286080
2016,6,23,8,1,E,MASCULINO,1,3317748
2016,6,23,8,1,G,FEMENINO,1,2152080
2016,6,23,9,1,A,FEMENINO,1,5318040
2016,6,23,9,1,A,MASCULINO,1,6597360
2016,6,23,9,1,B,FEMENINO,6,28958328
2016,6,23,9,1,B,MASCULINO,4,21507528
2016,6,23,9,1,C,FEMENINO,7,28665000
2016,6,23,9,1,C,MASCULINO,5,20475000
2016,6,23,9,1,F,FEMENINO,2,3415944
2016,6,23,9,1,F,MASCULINO,1,1707972
2016,6,23,10,1,B,FEMENINO,4,46000000
2016,6,23,10,1,B,MASCULINO,15,204000000
2016,6,23,10,1,C,FEMENINO,58,469900000
2016,6,23,10,1,C,MASCULINO,104,925800000
2016,6,23,10,1,D,FEMENINO,3,13100000
2016,6,23,10,1,D,MASCULINO,16,58400000
2016,6,23,10,1,F,FEMENINO,19,92500000
2016,6,23,10,1,F,MASCULINO,27,131500000
2016,6,23,10,1,G,FEMENINO,4,14700000
2016,6,23,10,1,G,MASCULINO,23,84700000
2016,6,23,11,1,A,MASCULINO,1,0
2016,6,23,11,1,B,FEMENINO,2,0
2016,6,23,11,1,B,MASCULINO,15,0
2016,6,23,11,1,C,FEMENINO,10,0
2016,6,23,11,1,C,MASCULINO,14,0
2016,6,23,11,1,D,FEMENINO,23,0
2016,6,23,11,1,D,MASCULINO,51,0
2016,6,23,11,1,E,FEMENINO,5,0
2016,6,23,11,1,E,MASCULINO,31,0
2016,6,23,11,1,F,FEMENINO,2,0
2016,6,23,11,1,F,MASCULINO,5,0
2016,6,23,11,1,G,FEMENINO,14,0
2016,6,23,11,1,G,MASCULINO,77,0
2016,6,23,13,1,F,FEMENINO,6,14091450
2016,6,23,13,1,F,MASCULINO,3,6952078
2016,6,23,13,1,G,FEMENINO,13,58174676
2016,6,23,13,1,G,MASCULINO,27,121708195
2016,6,23,14,1,A,FEMENINO,2,9727176
2016,6,23,14,1,A,MASCULINO,2,24681000
2016,6,23,14,1,B,FEMENINO,5,38279766
2016,6,23,14,1,B,MASCULINO,4,30475000
2016,6,23,14,1,C,FEMENINO,8,42075775
2016,6,23,14,1,C,MASCULINO,18,84617348
2016,6,23,14,1,D,FEMENINO,30,107212605
2016,6,23,14,1,D,MASCULINO,15,55396176
2016,6,23,14,1,E,FEMENINO,18,43055830
2016,6,23,14,1,E,MASCULINO,19,44717660
2016,6,23,14,1,F,FEMENINO,3,8966198
2016,6,23,14,1,F,MASCULINO,4,11254901
2016,6,23,14,1,G,FEMENINO,1,2337000
2016,6,23,14,1,G,MASCULINO,4,9284766
2016,6,23,15,1,A,FEMENINO,179,1323162308
2016,6,23,15,1,A,MASCULINO,815,6434308988
2016,6,23,16,1,A,FEMENINO,1,8500000
2016,6,23,16,1,A,MASCULINO,5,59500000
2016,6,23,16,1,B,FEMENINO,20,204600000
2016,6,23,16,1,B,MASCULINO,18,200400000
2016,6,23,16,1,C,FEMENINO,81,553900000
2016,6,23,16,1,C,MASCULINO,121,830900000
2016,6,23,16,1,D,FEMENINO,210,892100000
2016,6,23,16,1,D,MASCULINO,207,880483327
2016,6,23,16,1,E,FEMENINO,74,183912700
2016,6,23,16,1,E,MASCULINO,294,753705515
2016,6,23,16,1,F,FEMENINO,42,113000000
2016,6,23,16,1,F,MASCULINO,70,192700000
2016,6,23,16,1,G,FEMENINO,95,193187630
2016,6,23,16,1,G,MASCULINO,230,468196910
2016,6,23,17,1,A,FEMENINO,1,0
2016,6,23,17,1,B,FEMENINO,4,26460000
2016,6,23,17,1,B,MASCULINO,5,30324000
2016,6,23,17,1,C,FEMENINO,2,15456000
2016,6,23,17,1,C,MASCULINO,4,35616000
2016,6,23,17,1,D,FEMENINO,22,65604000
2016,6,23,17,1,D,MASCULINO,6,16632000
2016,6,23,17,1,E,FEMENINO,12,30072000
2016,6,23,17,1,E,MASCULINO,8,23016000
2016,6,23,17,1,F,FEMENINO,1,2016000
2016,6,23,17,1,F,MASCULINO,2,4032000
2016,6,23,17,1,G,FEMENINO,2,4452000
2016,6,23,17,1,G,MASCULINO,1,2436000
2016,6,23,18,1,A,MASCULINO,1,18460000
2016,6,23,18,1,B,FEMENINO,5,50488000
2016,6,23,18,1,B,MASCULINO,15,141568000
2016,6,23,18,1,C,FEMENINO,53,346643217
2016,6,23,18,1,C,MASCULINO,67,440536446
2016,6,23,18,1,D,FEMENINO,37,153133532
2016,6,23,18,1,D,MASCULINO,48,196749410
2016,6,23,18,1,E,FEMENINO,14,49152000
2016,6,23,18,1,E,MASCULINO,28,94174326
2016,6,23,18,1,F,FEMENINO,10,29350268
2016,6,23,18,1,F,MASCULINO,21,56970321
2016,6,23,18,1,G,FEMENINO,18,41498219
2016,6,23,18,1,G,MASCULINO,48,109085220
2016,6,23,19,1,A,FEMENINO,6,66500000
2016,6,23,19,1,A,MASCULINO,2,35000000
2016,6,23,19,1,B,FEMENINO,6,72400000
2016,6,23,19,1,B,MASCULINO,2,26000000
2016,6,23,19,1,C,FEMENINO,26,186900000
2016,6,23,19,1,C,MASCULINO,28,193200000
2016,6,23,19,1,D,FEMENINO,21,87000000
2016,6,23,19,1,D,MASCULINO,15,60800000
2016,6,23,19,1,E,FEMENINO,9,24200000
2016,6,23,19,1,E,MASCULINO,12,35200000
2016,6,23,20,1,A,MASCULINO,2,26300000
2016,6,23,20,1,B,FEMENINO,7,57900000
2016,6,23,20,1,B,MASCULINO,16,150100000
2016,6,23,20,1,C,FEMENINO,13,82500000
2016,6,23,20,1,C,MASCULINO,19,115500000
2016,6,23,20,1,D,FEMENINO,37,169000000
2016,6,23,20,1,D,MASCULINO,64,284200000
2016,6,23,20,1,E,FEMENINO,29,83748110
2016,6,23,20,1,E,MASCULINO,126,353768385
2016,6,23,20,1,F,FEMENINO,1,1824055
2016,6,23,20,1,G,FEMENINO,9,16416495
2016,6,23,20,1,G,MASCULINO,31,58149485
2016,6,23,21,1,6,FEMENINO,1,0
2016,6,23,21,1,6,MASCULINO,3,0
2016,6,23,21,1,A,MASCULINO,2,0
2016,6,23,21,1,B,FEMENINO,4,0
2016,6,23,21,1,B,MASCULINO,6,0
2016,6,23,21,1,C,FEMENINO,58,0
2016,6,23,21,1,C,MASCULINO,53,0
2016,6,23,21,1,D,FEMENINO,39,0
2016,6,23,21,1,D,MASCULINO,73,0
2016,6,23,21,1,E,FEMENINO,17,0
2016,6,23,21,1,E,MASCULINO,33,0
2016,6,23,21,1,F,FEMENINO,3,0
2016,6,23,21,1,F,MASCULINO,3,0
2016,6,23,21,1,G,FEMENINO,2,0
2016,6,23,21,1,G,MASCULINO,9,0
2016,6,23,22,1,A,FEMENINO,1,8988000
2016,6,23,22,1,A,MASCULINO,2,27468000
2016,6,23,22,1,B,FEMENINO,11,90804000
2016,6,23,22,1,B,MASCULINO,14,124908000
2016,6,23,22,1,C,FEMENINO,16,89460000
2016,6,23,22,1,C,MASCULINO,30,186312000
2016,6,23,22,1,D,FEMENINO,64,256200000
2016,6,23,22,1,D,MASCULINO,58,227388000
2016,6,23,22,1,E,FEMENINO,8,21840000
2016,6,23,22,1,E,MASCULINO,45,120960000
2016,6,23,22,1,F,FEMENINO,2,4704000
2016,6,23,22,1,F,MASCULINO,14,40068000
2016,6,23,22,1,G,FEMENINO,16,36708000
2016,6,23,22,1,G,MASCULINO,51,106596000
2016,6,23,23,1,4,MASCULINO,1,7623000
2016,6,23,23,1,A,FEMENINO,1,12223640
2016,6,23,23,1,B,FEMENINO,14,108178100
2016,6,23,23,1,B,MASCULINO,13,99879700
2016,6,23,23,1,C,FEMENINO,82,414128300
2016,6,23,23,1,C,MASCULINO,65,331638300
2016,6,23,23,1,D,FEMENINO,48,159125400
2016,6,23,23,1,D,MASCULINO,60,197193200
2016,6,23,23,1,E,FEMENINO,3,13817000
2016,6,23,23,1,E,MASCULINO,3,13817000
2016,6,23,23,1,F,FEMENINO,5,13994600
2016,6,23,23,1,F,MASCULINO,3,7401100
2016,6,23,23,1,G,FEMENINO,8,22991000
2016,6,23,23,1,G,MASCULINO,25,70075200
2016,6,23,24,1,A,MASCULINO,2,29400000
2016,6,23,24,1,B,FEMENINO,1,10920000
2016,6,23,24,1,B,MASCULINO,5,54096000
2016,6,23,24,1,C,FEMENINO,23,151704000
2016,6,23,24,1,C,MASCULINO,10,57288000
2016,6,23,24,1,D,FEMENINO,99,341460000
2016,6,23,24,1,D,MASCULINO,61,217896000
2016,6,23,24,1,E,FEMENINO,66,170436000
2016,6,23,24,1,E,MASCULINO,55,142884000
2016,6,23,24,1,F,FEMENINO,17,37296000
2016,6,23,24,1,F,MASCULINO,11,27300000
2016,6,23,24,1,G,FEMENINO,307,639072000
2016,6,23,24,1,G,MASCULINO,319,676032000
2016,6,23,25,1,3,MASCULINO,1,3530190
2016,6,23,25,1,5,FEMENINO,1,3150336
2016,6,23,25,1,6,MASCULINO,1,3861440
2016,6,23,25,1,A,FEMENINO,1,6403320
2016,6,23,25,1,B,FEMENINO,9,41030289
2016,6,23,25,1,B,MASCULINO,17,76641656
2016,6,23,25,1,C,FEMENINO,17,43274798
2016,6,23,25,1,C,MASCULINO,15,35265298
2016,6,23,25,1,D,FEMENINO,5,11275870
2016,6,23,25,1,D,MASCULINO,5,8800620
2016,6,23,25,1,E,MASCULINO,1,2269444
2016,6,23,25,1,F,FEMENINO,11,22910296
2016,6,23,25,1,F,MASCULINO,23,41835651
2016,6,23,26,1,A,FEMENINO,1,4834620
2016,6,23,26,1,B,FEMENINO,2,7107744
2016,6,23,26,1,B,MASCULINO,4,15496236
2016,6,23,26,1,C,FEMENINO,4,14364000
2016,6,23,26,1,C,MASCULINO,6,16136652
2016,6,23,26,1,D,FEMENINO,1,1772820
2016,6,23,26,1,D,MASCULINO,1,1929312
2016,6,23,26,1,E,FEMENINO,3,4805892
2016,6,23,26,1,E,MASCULINO,2,3203928
2016,6,23,26,1,G,MASCULINO,1,1601964
2016,6,23,28,1,A,MASCULINO,1,15000000
2016,6,23,28,1,B,FEMENINO,2,22400000
2016,6,23,28,1,B,MASCULINO,7,65800000
2016,6,23,28,1,C,MASCULINO,2,19000000
2016,6,23,29,1,A,FEMENINO,2,8064000
2016,6,23,29,1,B,FEMENINO,3,23688000
2016,6,23,29,1,C,FEMENINO,3,18396000
2016,6,23,29,1,C,MASCULINO,2,12264000
2016,6,23,29,1,D,FEMENINO,2,5880000
2016,6,23,29,1,E,FEMENINO,3,8064000
2016,6,23,29,1,E,MASCULINO,3,8064000
2016,6,23,29,1,G,MASCULINO,2,0
2016,6,23,30,1,A,MASCULINO,1,18480000
2016,6,23,30,1,B,FEMENINO,1,7896000
2016,6,23,30,1,C,FEMENINO,2,9156000
2016,6,23,30,1,C,MASCULINO,2,10080000
2016,6,23,30,1,D,FEMENINO,1,4956000
2016,6,23,30,1,D,MASCULINO,3,9492000
2016,6,23,30,1,G,MASCULINO,1,1848000
2016,6,23,31,1,A,MASCULINO,1,18480000
2016,6,23,31,1,B,FEMENINO,1,6216000
2016,6,23,31,1,B,MASCULINO,5,40488000
2016,6,23,31,1,C,FEMENINO,2,9280000
2016,6,23,31,1,D,FEMENINO,3,9120000
2016,6,23,31,1,D,MASCULINO,2,6080000
2016,6,24,1,1,C,MASCULINO,1,2250919
2016,6,24,1,1,D,FEMENINO,1511,3917473068
2016,6,24,1,1,D,MASCULINO,1390,3607554145
2016,6,24,1,1,F,FEMENINO,143,527462223
2016,6,24,1,1,F,MASCULINO,175,648367376
2016,6,24,1,1,G,FEMENINO,376,1974816630
2016,6,24,1,1,G,MASCULINO,284,1457632725
2016,6,24,1,1,H,FEMENINO,120,817392822
2016,6,24,1,1,H,MASCULINO,121,786122756
2016,6,24,1,1,I,FEMENINO,126,1004588128
2016,6,24,1,1,I,MASCULINO,117,953411218
2016,6,24,1,1,S,FEMENINO,5293,25633200422
2016,6,24,1,1,S,MASCULINO,2331,13467356833
2016,6,24,2,1,G,FEMENINO,3,8047537
2016,6,24,2,1,G,MASCULINO,4,7741375
2016,6,24,3,1,A,FEMENINO,6,13401891
2016,6,24,3,1,A,MASCULINO,11,26640988
2016,6,24,3,1,P,FEMENINO,11,46997935
2016,6,24,3,1,P,MASCULINO,16,67423767
2016,6,24,4,1,1,MASCULINO,1,34115
2016,6,24,4,1,A,FEMENINO,34,51578477
2016,6,24,4,1,A,MASCULINO,62,84894719
2016,6,24,4,1,R,MASCULINO,1,5455826
2016,6,24,5,1,C,FEMENINO,1,1533684
2016,6,24,5,1,E,FEMENINO,11,5453966
2016,6,24,5,1,E,MASCULINO,14,12129588
2016,6,24,5,1,F,FEMENINO,8,5023113
2016,6,24,5,1,F,MASCULINO,5,2982608
2016,6,24,5,1,G,FEMENINO,6,7713511
2016,6,24,5,1,G,MASCULINO,1,181737
2016,6,24,5,1,H,FEMENINO,19,16485696
2016,6,24,5,1,H,MASCULINO,25,17555604
2016,6,24,5,1,I,FEMENINO,6,3102478
2016,6,24,5,1,I,MASCULINO,13,8656357
2016,6,24,5,1,K,FEMENINO,11,22708183
2016,6,24,5,1,K,MASCULINO,14,30983761
2016,6,24,5,1,R,FEMENINO,1,3293100
2016,6,24,5,1,R,MASCULINO,4,8285783
2016,6,25,2,1,1,FEMENINO,1,3969222
2016,6,25,2,1,A,FEMENINO,439,1341051671
2016,6,25,2,1,A,MASCULINO,611,1908593271
2016,6,25,2,1,B,FEMENINO,2,6129207
2016,6,25,2,1,B,MASCULINO,1,2933618
2016,6,25,2,1,C,FEMENINO,4,6971926
2016,6,25,2,1,C,MASCULINO,4,8489728
2016,6,25,2,1,D,MASCULINO,1,4170362
2016,6,25,2,1,O,FEMENINO,92,235940913
2016,6,25,2,1,O,MASCULINO,1211,3784685630
2016,6,25,2,1,P,FEMENINO,193,1278037290
2016,6,25,2,1,P,MASCULINO,550,3897910679
2016,6,25,2,1,T,FEMENINO,80,289440175
2016,6,25,2,1,T,MASCULINO,774,2878426172
2016,6,25,2,1,V,MASCULINO,3,17303380
2016,6,25,2,1,X,MASCULINO,3,6953493
2016,6,25,4,1,1,FEMENINO,19,48968085
2016,6,25,4,1,1,MASCULINO,65,234469382
2016,6,25,4,1,E,FEMENINO,133,210488544
2016,6,25,4,1,E,MASCULINO,570,909522903
2016,6,25,4,1,F,FEMENINO,65,127404358
2016,6,25,4,1,F,MASCULINO,171,339184093
2016,6,25,4,1,G,FEMENINO,50,132007222
2016,6,25,4,1,G,MASCULINO,155,423244497
2016,6,25,4,1,H,FEMENINO,23,57732925
2016,6,25,4,1,H,MASCULINO,41,98906850
2016,6,25,4,1,I,FEMENINO,1,2094288
2016,6,25,4,1,I,MASCULINO,2,4674803
2016,6,25,4,1,J,FEMENINO,5,15134448
2016,6,25,4,1,J,MASCULINO,5,15285560
2016,6,25,4,1,K,FEMENINO,8,24046020
2016,6,25,4,1,K,MASCULINO,25,82206919
2016,6,25,4,1,R,FEMENINO,3,16548224
2016,6,25,4,1,R,MASCULINO,19,104962592
2016,6,25,5,1,A,FEMENINO,3,17199000
2016,6,25,5,1,A,MASCULINO,15,109473000
2016,6,25,5,1,B,FEMENINO,14,125133000
2016,6,25,5,1,B,MASCULINO,35,313616000
2016,6,25,5,1,C,FEMENINO,79,507329600
2016,6,25,5,1,C,MASCULINO,195,1281156720
2016,6,25,5,1,D,FEMENINO,138,549729000
2016,6,25,5,1,D,MASCULINO,258,1021230900
2016,6,25,5,1,E,FEMENINO,256,863803650
2016,6,25,5,1,E,MASCULINO,574,1933278000
2016,6,25,6,1,1,FEMENINO,5,22893000
2016,6,25,6,1,1,MASCULINO,13,52469700
2016,6,25,6,1,2,FEMENINO,4,21506200
2016,6,25,6,1,2,MASCULINO,7,37086500
2016,6,25,6,1,F,FEMENINO,1,1918600
2016,6,25,6,1,F,MASCULINO,4,9700800
2016,6,25,6,1,G,FEMENINO,6,24463400
2016,6,25,6,1,G,MASCULINO,19,73476900
2016,6,25,6,1,H,FEMENINO,7,22312500
2016,6,25,6,1,H,MASCULINO,39,122354100
2016,6,25,6,1,I,FEMENINO,14,42026600
2016,6,25,6,1,I,MASCULINO,80,246009000
2016,6,25,6,1,J,FEMENINO,1,2215600
2016,6,25,6,1,J,MASCULINO,12,38023800
2016,6,25,6,1,K,FEMENINO,32,143212400
2016,6,25,6,1,K,MASCULINO,230,973123100
2016,6,25,6,1,R,FEMENINO,18,129517000
2016,6,25,6,1,R,MASCULINO,61,442104120
2016,6,25,7,1,2,FEMENINO,1,10164000
2016,6,25,7,1,2,MASCULINO,6,42656000
2016,6,25,7,1,F,FEMENINO,12,32515000
2016,6,25,7,1,F,MASCULINO,18,45501229
2016,6,25,7,1,G,FEMENINO,111,537450585
2016,6,25,7,1,G,MASCULINO,551,2425628859
2016,6,25,7,1,H,FEMENINO,4,9603600
2016,6,25,7,1,H,MASCULINO,5,10748017
2016,6,25,7,1,X,FEMENINO,3,12813590
2016,6,25,7,1,X,MASCULINO,56,244306886
2016,6,27,1,1,B,FEMENINO,298,1622425500
2016,6,27,1,1,B,MASCULINO,857,5561141900
2016,6,27,3,1,A,FEMENINO,3,35600000
2016,6,27,3,1,A,MASCULINO,2,17000000
2016,6,27,3,1,B,FEMENINO,4,31600000
2016,6,27,3,1,B,MASCULINO,14,109900000
2016,6,27,3,1,C,MASCULINO,1,6700000
2016,6,27,3,1,D,FEMENINO,43,205500000
2016,6,27,3,1,D,MASCULINO,115,536300000
2016,6,27,3,1,E,FEMENINO,12,48000000
2016,6,27,3,1,E,MASCULINO,19,81600000
2016,6,27,3,1,F,FEMENINO,35,103300000
2016,6,27,3,1,F,MASCULINO,70,202100000
2016,6,27,3,1,G,FEMENINO,25,62400000
2016,6,27,3,1,G,MASCULINO,62,163100000
2016,6,27,4,1,K,FEMENINO,43,192865937
2016,6,27,4,1,K,MASCULINO,85,405101923
2016,6,27,5,1,G,FEMENINO,1,1800981
2016,6,27,5,1,H,FEMENINO,3,5762393
2016,6,27,5,1,H,MASCULINO,1,2375373
2016,6,27,7,1,A,FEMENINO,20,133780000
2016,6,27,7,1,A,MASCULINO,28,222205000
2016,6,28,1,1,B,FEMENINO,5,7661030
2016,6,28,1,1,B,MASCULINO,4,6128824
2016,6,28,1,1,C,FEMENINO,6,3356261
2016,6,28,1,1,C,MASCULINO,7,11287979
2016,6,28,1,1,D,FEMENINO,19,29111914
2016,6,28,1,1,D,MASCULINO,20,30644120
2016,6,28,1,1,E,FEMENINO,15,22983090
2016,6,28,1,1,E,MASCULINO,8,12257648
2016,6,28,1,1,F,FEMENINO,10,17127471
2016,6,28,1,1,F,MASCULINO,18,30654404
2016,6,28,1,1,G,FEMENINO,564,1724919006
2016,6,28,1,1,G,MASCULINO,467,1423116178
2016,6,28,1,1,H,FEMENINO,545,1221597399
2016,6,28,1,1,H,MASCULINO,686,1499936413
2016,6,28,1,1,I,FEMENINO,314,514289534
2016,6,28,1,1,I,MASCULINO,398,655156484
2016,6,28,1,1,K,FEMENINO,221,515448941
2016,6,28,1,1,K,MASCULINO,163,380949741
2016,6,28,1,1,L,FEMENINO,2124,4675660416
2016,6,28,1,1,L,MASCULINO,2078,5203815074
2016,6,28,1,1,S,FEMENINO,1527,4388817532
2016,6,28,1,1,S,MASCULINO,423,1070995980
2016,6,28,1,1,U,FEMENINO,2390,7459110715
2016,6,28,1,1,U,MASCULINO,2544,8497282116
2016,6,28,1,1,Z,FEMENINO,101,218454670
2016,6,28,1,1,Z,MASCULINO,106,170234655
2016,6,28,2,1,C,FEMENINO,28,41565815
2016,6,28,2,1,C,MASCULINO,28,36110550
2016,6,28,2,1,D,FEMENINO,17,26444523
2016,6,28,2,1,D,MASCULINO,16,23480870
2016,6,28,2,1,E,FEMENINO,31,45046972
2016,6,28,2,1,E,MASCULINO,14,21732234
2016,6,28,2,1,F,FEMENINO,35,64225453
2016,6,28,2,1,F,MASCULINO,28,50930330
2016,6,28,2,1,G,FEMENINO,22,61219261
2016,6,28,2,1,G,MASCULINO,19,55112504
2016,6,28,2,1,H,FEMENINO,13,29174005
2016,6,28,2,1,H,MASCULINO,6,12630896
2016,6,28,2,1,I,MASCULINO,2,2421108
2016,6,28,2,1,K,FEMENINO,23,79872866
2016,6,28,2,1,K,MASCULINO,34,124309338
2016,6,28,2,1,L,FEMENINO,10,17601204
2016,6,28,2,1,L,MASCULINO,12,22473424
2016,6,28,2,1,U,FEMENINO,586,1789363540
2016,6,28,2,1,U,MASCULINO,614,2236361942
2016,6,28,2,1,Z,FEMENINO,2,2268000
2016,6,28,2,1,Z,MASCULINO,1,1131000
2016,6,28,3,1,1,FEMENINO,1,3482052
2016,6,28,3,1,1,MASCULINO,1,3482052
2016,6,28,3,1,D,FEMENINO,18,27691886
2016,6,28,3,1,D,MASCULINO,10,15322060
2016,6,28,3,1,E,FEMENINO,12,18633888
2016,6,28,3,1,E,MASCULINO,7,10614575
2016,6,28,3,1,F,FEMENINO,19,34717347
2016,6,28,3,1,F,MASCULINO,22,39919491
2016,6,28,3,1,G,FEMENINO,19,45656005
2016,6,28,3,1,G,MASCULINO,21,48618606
2016,6,28,3,1,H,FEMENINO,1,2450532
2016,6,28,3,1,K,FEMENINO,5,20389908
2016,6,28,3,1,K,MASCULINO,4,15371160
2016,6,28,3,1,U,FEMENINO,276,674398219
2016,6,28,3,1,U,MASCULINO,242,726182602
2016,6,28,4,1,1,FEMENINO,9,40420544
2016,6,28,4,1,1,MASCULINO,1,4728192
2016,6,28,4,1,C,FEMENINO,5,7661030
2016,6,28,4,1,C,MASCULINO,4,6128824
2016,6,28,4,1,E,FEMENINO,17,26925515
2016,6,28,4,1,E,MASCULINO,23,35222345
2016,6,28,4,1,F,FEMENINO,21,44251760
2016,6,28,4,1,F,MASCULINO,11,23369313
2016,6,28,4,1,G,FEMENINO,37,106940126
2016,6,28,4,1,G,MASCULINO,18,54446840
2016,6,28,4,1,H,FEMENINO,47,81485167
2016,6,28,4,1,H,MASCULINO,30,51495154
2016,6,28,4,1,I,FEMENINO,1,2765600
2016,6,28,4,1,K,FEMENINO,14,43670760
2016,6,28,4,1,K,MASCULINO,4,13235086
2016,6,28,4,1,L,FEMENINO,439,1032003530
2016,6,28,4,1,L,MASCULINO,347,951563202
2016,6,28,4,1,U,FEMENINO,69,135312688
2016,6,28,4,1,U,MASCULINO,50,140119280
2016,6,28,5,1,C,FEMENINO,6,9193236
2016,6,28,5,1,E,FEMENINO,31,48595994
2016,6,28,5,1,E,MASCULINO,36,56100058
2016,6,28,5,1,F,FEMENINO,12,23014236
2016,6,28,5,1,F,MASCULINO,9,16863420
2016,6,28,5,1,G,FEMENINO,36,87828752
2016,6,28,5,1,G,MASCULINO,37,99727336
2016,6,28,5,1,H,MASCULINO,4,8095416
2016,6,28,5,1,K,FEMENINO,1,4057956
2016,6,28,5,1,K,MASCULINO,1,4819668
2016,6,28,5,1,L,FEMENINO,179,520847232
2016,6,28,5,1,L,MASCULINO,214,797400122
2016,6,28,5,1,N,FEMENINO,2,3064412
2016,6,28,5,1,N,MASCULINO,8,12257648
2016,6,28,5,1,U,FEMENINO,27,73145352
2016,6,28,5,1,U,MASCULINO,30,108806208
2016,6,28,6,1,D,FEMENINO,2,3064412
2016,6,28,6,1,D,MASCULINO,5,6128824
2016,6,28,6,1,E,FEMENINO,21,32494334
2016,6,28,6,1,E,MASCULINO,13,20236686
2016,6,28,6,1,F,FEMENINO,26,47806836
2016,6,28,6,1,F,MASCULINO,24,45045336
2016,6,28,6,1,G,FEMENINO,35,116383176
2016,6,28,6,1,G,MASCULINO,35,119028168
2016,6,28,6,1,H,FEMENINO,1,2454816
2016,6,28,6,1,K,FEMENINO,4,19134864
2016,6,28,6,1,K,MASCULINO,4,19094040
2016,6,28,6,1,L,FEMENINO,603,649236975
2016,6,28,6,1,L,MASCULINO,464,578254031
2016,6,28,6,1,U,FEMENINO,116,307544561
2016,6,28,6,1,U,MASCULINO,106,293510653
2016,6,28,7,1,2,FEMENINO,1,3634596
2016,6,28,7,1,C,FEMENINO,5,3106500
2016,6,28,7,1,C,MASCULINO,1,621300
2016,6,28,7,1,D,FEMENINO,7,10725442
2016,6,28,7,1,D,MASCULINO,3,4596618
2016,6,28,7,1,E,FEMENINO,22,34162128
2016,6,28,7,1,E,MASCULINO,22,33734818
2016,6,28,7,1,F,FEMENINO,50,94093923
2016,6,28,7,1,F,MASCULINO,28,53712744
2016,6,28,7,1,G,FEMENINO,32,77623041
2016,6,28,7,1,G,MASCULINO,27,64736019
2016,6,28,7,1,H,FEMENINO,9,18654648
2016,6,28,7,1,H,MASCULINO,12,24607714
2016,6,28,7,1,I,FEMENINO,1,2309168
2016,6,28,7,1,K,FEMENINO,13,49094399
2016,6,28,7,1,K,MASCULINO,16,57361466
2016,6,28,7,1,L,FEMENINO,259,261377125
2016,6,28,7,1,L,MASCULINO,236,235856238
2016,6,28,7,1,S,MASCULINO,1,3909024
2016,6,28,7,1,U,FEMENINO,240,504379932
2016,6,28,7,1,U,MASCULINO,360,985797918
2016,6,28,8,1,0,FEMENINO,1,6160000
2016,6,28,8,1,E,FEMENINO,4,7760155
2016,6,28,8,1,E,MASCULINO,6,10944330
2016,6,28,8,1,F,FEMENINO,12,25816600
2016,6,28,8,1,F,MASCULINO,7,14748400
2016,6,28,8,1,G,FEMENINO,16,59840800
2016,6,28,8,1,G,MASCULINO,12,44790900
2016,6,28,8,1,H,MASCULINO,1,2583900
2016,6,28,8,1,K,MASCULINO,1,4660900
2016,6,28,8,1,U,FEMENINO,1,6600000
2016,6,28,8,1,U,MASCULINO,9,42541000
2016,6,30,1,3,M,FEMENINO,1,509265
2016,6,30,1,3,M,MASCULINO,4,5735275
2016,6,30,1,5,M,MASCULINO,5,6980166
2016,6,30,1,6,M,FEMENINO,9,11050000
2016,6,30,1,6,M,MASCULINO,9,19914837
2016,6,30,1,7,M,FEMENINO,4,5400000
2016,6,30,1,7,M,MASCULINO,6,21300000
2016,6,30,2,8,M,FEMENINO,4,6150000
2016,6,30,2,8,M,MASCULINO,4,21000000
2016,6,30,2,12,M,FEMENINO,2,3644342
2016,6,30,2,12,M,MASCULINO,7,13831615
2016,6,30,2,14,M,FEMENINO,1,1500000
2016,6,30,2,14,M,MASCULINO,2,1700000
2016,6,30,2,15,M,FEMENINO,12,15660000
2016,6,30,2,15,M,MASCULINO,16,31210000
2016,6,30,2,16,M,MASCULINO,3,6011552
2016,6,30,2,17,A,MASCULINO,1,3424233
2016,6,30,2,17,F,MASCULINO,3,2205000
2016,6,30,2,17,G,FEMENINO,1,1306666
2016,6,30,2,19,M,FEMENINO,2,1098000
2016,6,30,2,19,M,MASCULINO,4,2474000
2016,6,30,2,20,M,FEMENINO,2,1578330
2016,6,30,2,20,M,MASCULINO,4,5090200
2016,6,30,2,22,A,MASCULINO,1,5126000
2016,6,30,2,22,D,FEMENINO,2,5282800
2016,6,30,2,22,D,MASCULINO,2,4795000
2016,6,30,2,22,G,FEMENINO,3,4187480
2016,6,30,2,22,S,FEMENINO,1,2800000
2016,6,30,2,23,M,FEMENINO,1,111
2016,6,30,2,23,M,MASCULINO,3,222
2016,6,30,2,24,M,FEMENINO,5,5635000
2016,6,30,2,24,M,MASCULINO,5,14298334
2016,6,30,2,25,D,MASCULINO,1,6308486
2016,6,30,2,25,E,MASCULINO,2,2700000
2016,6,30,2,25,M,FEMENINO,1,900000
2016,6,30,2,26,A,MASCULINO,4,28035540
2016,6,30,2,26,D,FEMENINO,1,2131380
2016,6,30,2,26,D,MASCULINO,2,4317120
2016,6,30,2,26,E,FEMENINO,1,1753740
2016,6,30,2,26,E,MASCULINO,3,5122031
2016,6,30,2,239,A,MASCULINO,1,9254000
2016,6,30,2,239,E,MASCULINO,4,6768000
2016,6,30,2,239,F,MASCULINO,1,1262790
2016,6,30,3,27,M,FEMENINO,14,20455259
2016,6,30,3,27,M,MASCULINO,29,49877601
2016,6,30,3,28,B,MASCULINO,1,3040500
2016,6,30,3,28,E,FEMENINO,2,4492200
2016,6,30,3,28,E,MASCULINO,3,5538300
2016,6,30,3,28,L,FEMENINO,2,1230000
2016,6,30,3,28,L,MASCULINO,1,1424300
2016,6,30,3,29,M,FEMENINO,3,6620635
2016,6,30,3,29,M,MASCULINO,4,14841990
2016,6,30,3,30,M,FEMENINO,2,3435000
2016,6,30,3,30,M,MASCULINO,3,11237304
2016,6,30,3,31,M,FEMENINO,7,10869000
2016,6,30,3,31,M,MASCULINO,9,16460000
2016,6,30,3,32,0,FEMENINO,5,7425000
2016,6,30,3,32,0,MASCULINO,5,15467500
2016,6,30,3,33,C,MASCULINO,1,0
2016,6,30,3,33,M,FEMENINO,2,2867703
2016,6,30,3,33,M,MASCULINO,9,22966022
2016,6,30,3,34,M,FEMENINO,5,3450000
2016,6,30,3,34,M,MASCULINO,12,10860000
2016,6,30,3,35,M,FEMENINO,1,1100000
2016,6,30,3,35,M,MASCULINO,6,10100000
2016,6,30,3,36,M,FEMENINO,1,3310000
2016,6,30,3,36,M,MASCULINO,1,3310000
2016,6,30,3,37,M,FEMENINO,2,4950000
2016,6,30,3,37,M,MASCULINO,1,2000000
2016,6,30,3,39,B,FEMENINO,1,3104437
2016,6,30,3,39,D,FEMENINO,1,1354223
2016,6,30,3,39,D,MASCULINO,2,2708446
2016,6,30,3,41,M,MASCULINO,1,2000000
2016,6,30,3,42,M,FEMENINO,7,13323290
2016,6,30,3,42,M,MASCULINO,7,27020050
2016,6,30,3,45,M,FEMENINO,8,7850000
2016,6,30,3,45,M,MASCULINO,5,4250000
2016,6,30,3,46,0,MASCULINO,3,4600000
2016,6,30,4,47,M,FEMENINO,34,49600339
2016,6,30,4,47,M,MASCULINO,45,86736566
2016,6,30,4,48,M,MASCULINO,2,2780000
2016,6,30,4,49,M,FEMENINO,5,45300000
2016,6,30,4,49,M,MASCULINO,13,66900000
2016,6,30,4,50,M,FEMENINO,7,8826000
2016,6,30,4,50,M,MASCULINO,2,5033780
2016,6,30,4,51,M,FEMENINO,2,900000
2016,6,30,4,51,M,MASCULINO,2,2550000
2016,6,30,4,53,M,FEMENINO,1,1620000
2016,6,30,4,53,M,MASCULINO,9,12079168
2016,6,30,4,54,M,MASCULINO,2,1133000
2016,6,30,4,55,M,FEMENINO,3,4080000
2016,6,30,4,55,M,MASCULINO,3,3930000
2016,6,30,4,56,M,FEMENINO,1,1170000
2016,6,30,4,56,M,MASCULINO,2,3050000
2016,6,30,4,57,M,FEMENINO,2,2850000
2016,6,30,4,57,M,MASCULINO,5,4950000
2016,6,30,4,58,M,FEMENINO,1,1200000
2016,6,30,4,58,M,MASCULINO,1,780000
2016,6,30,4,59,M,FEMENINO,1,342000
2016,6,30,4,59,M,MASCULINO,2,611000
2016,6,30,4,60,X,FEMENINO,1,3300000
2016,6,30,4,60,X,MASCULINO,1,4200000
2016,6,30,4,61,M,FEMENINO,2,1200000
2016,6,30,4,61,M,MASCULINO,1,600000
2016,6,30,4,62,M,FEMENINO,1,1400000
2016,6,30,4,62,M,MASCULINO,2,2400000
2016,6,30,4,63,M,FEMENINO,11,0
2016,6,30,4,63,M,MASCULINO,24,0
2016,6,30,4,234,M,FEMENINO,4,89746000
2016,6,30,4,234,M,MASCULINO,2,56582000
2016,6,30,5,64,M,FEMENINO,28,60804700
2016,6,30,5,64,M,MASCULINO,72,131887700
2016,6,30,5,65,A,MASCULINO,1,13200000
2016,6,30,5,65,B,MASCULINO,2,4770000
2016,6,30,5,65,C,FEMENINO,3,7670000
2016,6,30,5,65,C,MASCULINO,4,12000000
2016,6,30,5,65,D,FEMENINO,2,4320000
2016,6,30,5,65,D,MASCULINO,1,1800000
2016,6,30,5,65,E,FEMENINO,2,3710000
2016,6,30,5,65,E,MASCULINO,3,3960000
2016,6,30,5,65,G,FEMENINO,6,11160000
2016,6,30,5,65,G,MASCULINO,6,8069128
2016,6,30,5,65,L,MASCULINO,1,685756
2016,6,30,5,65,U,MASCULINO,2,4320000
2016,6,30,5,66,M,FEMENINO,2,2400000
2016,6,30,5,66,M,MASCULINO,2,3700000
2016,6,30,5,68,M,FEMENINO,1,1170000
2016,6,30,5,68,M,MASCULINO,3,4226000
2016,6,30,5,69,M,FEMENINO,18,17500000
2016,6,30,5,69,M,MASCULINO,20,24750000
2016,6,30,5,70,M,FEMENINO,3,11020400
2016,6,30,5,70,M,MASCULINO,1,1824055
2016,6,30,5,72,B,MASCULINO,1,1200000
2016,6,30,5,72,D,MASCULINO,1,1000000
2016,6,30,5,73,0,FEMENINO,3,4378333
2016,6,30,5,73,0,MASCULINO,7,14370000
2016,6,30,5,75,M,FEMENINO,3,5300000
2016,6,30,5,75,M,MASCULINO,9,36132320
2016,6,30,5,76,M,FEMENINO,1,5600000
2016,6,30,5,76,M,MASCULINO,11,73500000
2016,6,30,5,77,M,FEMENINO,2,3150000
2016,6,30,5,77,M,MASCULINO,5,10309576
2016,6,30,5,78,M,FEMENINO,6,5803333
2016,6,30,5,78,M,MASCULINO,5,4168333
2016,6,30,5,79,M,FEMENINO,2,2900000
2016,6,30,5,79,M,MASCULINO,5,10100000
2016,6,30,5,81,M,FEMENINO,1,350000
2016,6,30,5,81,M,MASCULINO,4,5200000
2016,6,30,5,82,M,FEMENINO,2,2255000
2016,6,30,5,82,M,MASCULINO,1,1530000
2016,6,30,5,83,M,FEMENINO,1,720000
2016,6,30,5,83,M,MASCULINO,2,3344100
2016,6,30,5,233,X,MASCULINO,3,5600000
2016,6,30,5,243,M,FEMENINO,2,3600000
2016,6,30,5,243,M,MASCULINO,4,3600000
2016,6,30,6,84,M,FEMENINO,6,0
2016,6,30,6,84,M,MASCULINO,12,0
2016,6,30,6,85,M,FEMENINO,1,2000000
2016,6,30,6,85,M,MASCULINO,3,4875000
2016,6,30,6,86,M,MASCULINO,5,0
2016,6,30,6,87,X,MASCULINO,2,0
2016,6,30,6,88,0,MASCULINO,6,76892000
2016,6,30,6,89,0,FEMENINO,1,490000
2016,6,30,6,89,0,MASCULINO,1,3700000
2016,6,30,6,90,M,FEMENINO,5,5040000
2016,6,30,6,90,M,MASCULINO,8,19810000
2016,6,30,6,91,1,FEMENINO,1,1620000
2016,6,30,6,91,1,MASCULINO,3,6240000
2016,6,30,6,92,0,FEMENINO,3,10700000
2016,6,30,6,92,0,MASCULINO,5,8955000
2016,6,30,6,93,M,FEMENINO,10,10790000
2016,6,30,6,93,M,MASCULINO,15,25420000
2016,6,30,6,245,M,MASCULINO,3,4350000
2016,6,30,7,95,M,FEMENINO,4,9643187
2016,6,30,7,95,M,MASCULINO,10,37732759
2016,6,30,7,96,0,FEMENINO,6,8180000
2016,6,30,7,96,0,MASCULINO,8,18345900
2016,6,30,7,97,M,FEMENINO,5,7821238
2016,6,30,7,97,M,MASCULINO,10,22709947
2016,6,30,7,100,M,FEMENINO,6,11357370
2016,6,30,7,100,M,MASCULINO,5,17997500
2016,6,30,7,101,M,FEMENINO,1,1947500
2016,6,30,7,101,M,MASCULINO,9,21855000
2016,6,30,7,102,M,FEMENINO,1,6618825
2016,6,30,7,102,M,MASCULINO,8,17951400
2016,6,30,7,104,M,FEMENINO,6,11794680
2016,6,30,7,104,M,MASCULINO,8,17352000
2016,6,30,7,105,M,FEMENINO,5,4470000
2016,6,30,7,105,M,MASCULINO,3,8095000
2016,6,30,7,106,M,FEMENINO,4,3750000
2016,6,30,7,106,M,MASCULINO,5,6900000
2016,6,30,7,107,M,FEMENINO,11,24285000
2016,6,30,7,107,M,MASCULINO,17,49575000
2016,6,30,7,110,M,FEMENINO,15,39200000
2016,6,30,7,110,M,MASCULINO,21,75350000
2016,6,30,7,111,A,MASCULINO,1,2736083
2016,6,30,7,111,B,FEMENINO,2,2626640
2016,6,30,7,111,B,MASCULINO,2,2216227
2016,6,30,7,112,M,FEMENINO,1,1400000
2016,6,30,7,112,M,MASCULINO,2,3850000
2016,6,30,7,114,M,FEMENINO,1,3500000
2016,6,30,7,114,M,MASCULINO,9,24640000
2016,6,30,7,116,M,FEMENINO,4,5760000
2016,6,30,7,116,M,MASCULINO,3,3285000
2016,6,30,7,117,M,FEMENINO,6,18450000
2016,6,30,7,117,M,MASCULINO,3,17212875
2016,6,30,7,118,M,MASCULINO,4,8995000
2016,6,30,7,119,M,FEMENINO,3,13880000
2016,6,30,7,119,M,MASCULINO,2,5504055
2016,6,30,7,120,M,FEMENINO,4,4771667
2016,6,30,7,120,M,MASCULINO,2,5270221
2016,6,30,7,122,A,MASCULINO,1,7908000
2016,6,30,7,122,C,FEMENINO,4,10165158
2016,6,30,7,122,C,MASCULINO,1,2124499
2016,6,30,7,122,E,FEMENINO,2,3614172
2016,6,30,7,122,E,MASCULINO,3,4642985
2016,6,30,7,123,M,FEMENINO,7,9598334
2016,6,30,7,123,M,MASCULINO,5,12625662
2016,6,30,8,124,0,FEMENINO,18,46882188
2016,6,30,8,124,0,MASCULINO,15,51153732
2016,6,30,8,125,C,MASCULINO,2,0
2016,6,30,8,126,M,FEMENINO,7,16099000
2016,6,30,8,126,M,MASCULINO,19,48437000
2016,6,30,8,127,M,FEMENINO,4,4185000
2016,6,30,8,127,M,MASCULINO,5,6910000
2016,6,30,8,129,M,FEMENINO,10,3325500
2016,6,30,8,129,M,MASCULINO,6,1692000
2016,6,30,8,130,M,FEMENINO,5,9450000
2016,6,30,8,130,M,MASCULINO,4,6850000
2016,6,30,8,132,M,MASCULINO,6,9480000
2016,6,30,9,134,M,FEMENINO,19,41445000
2016,6,30,9,134,M,MASCULINO,30,39609000
2016,6,30,9,136,M,FEMENINO,6,9675000
2016,6,30,9,136,M,MASCULINO,11,19225000
2016,6,30,9,137,P,FEMENINO,1,700000
2016,6,30,9,137,P,MASCULINO,4,3650000
2016,6,30,9,138,D,FEMENINO,6,11275000
2016,6,30,9,138,D,MASCULINO,10,17385000
2016,6,30,9,138,E,FEMENINO,1,1610000
2016,6,30,9,138,E,MASCULINO,1,900000
2016,6,30,9,138,L,FEMENINO,1,1060000
2016,6,30,9,138,S,FEMENINO,3,2820000
2016,6,30,9,138,S,MASCULINO,5,19420000
2016,6,30,9,139,M,FEMENINO,2,2070000
2016,6,30,9,139,M,MASCULINO,3,4010000
2016,6,30,9,140,M,FEMENINO,2,2749230
2016,6,30,9,140,M,MASCULINO,3,8162418
2016,6,30,9,141,M,FEMENINO,4,2910000
2016,6,30,9,141,M,MASCULINO,7,9200000
2016,6,30,9,142,M,FEMENINO,6,5578000
2016,6,30,9,142,M,MASCULINO,2,3852000
2016,6,30,9,143,A,FEMENINO,1,6000000
2016,6,30,9,143,B,MASCULINO,1,1440000
2016,6,30,9,143,C,FEMENINO,2,2730000
2016,6,30,9,143,C,MASCULINO,4,5760000
2016,6,30,9,143,G,FEMENINO,3,2700000
2016,6,30,9,143,G,MASCULINO,6,4950000
2016,6,30,9,144,M,FEMENINO,2,975000
2016,6,30,9,144,M,MASCULINO,6,5665000
2016,6,30,9,145,M,FEMENINO,2,970000
2016,6,30,9,145,M,MASCULINO,5,9919785
2016,6,30,9,146,M,FEMENINO,4,6950000
2016,6,30,9,146,M,MASCULINO,4,5800000
2016,6,30,9,148,M,FEMENINO,4,6200000
2016,6,30,9,148,M,MASCULINO,12,24150000
2016,6,30,9,150,M,MASCULINO,2,2720000
2016,6,30,10,152,B,MASCULINO,2,7400000
2016,6,30,10,152,D,FEMENINO,8,15949392
2016,6,30,10,152,D,MASCULINO,7,18940000
2016,6,30,10,152,F,FEMENINO,7,11875192
2016,6,30,10,152,F,MASCULINO,8,12387454
2016,6,30,10,152,G,FEMENINO,6,7996227
2016,6,30,10,152,G,MASCULINO,14,42753505
2016,6,30,10,152,H,FEMENINO,1,1260000
2016,6,30,10,152,H,MASCULINO,1,2110970
2016,6,30,10,153,M,FEMENINO,2,2520000
2016,6,30,10,153,M,MASCULINO,2,5750000
2016,6,30,10,155,A,MASCULINO,2,17670550
2016,6,30,10,155,B,FEMENINO,5,13664072
2016,6,30,10,155,B,MASCULINO,14,38156975
2016,6,30,10,155,C,FEMENINO,1,2715989
2016,6,30,10,155,C,MASCULINO,1,2715989
2016,6,30,10,155,D,FEMENINO,16,31945610
2016,6,30,10,155,D,MASCULINO,18,36578476
2016,6,30,10,155,E,FEMENINO,4,5664330
2016,6,30,10,155,E,MASCULINO,11,19661708
2016,6,30,10,155,G,FEMENINO,5,10233538
2016,6,30,10,155,G,MASCULINO,4,7805645
2016,6,30,10,155,L,FEMENINO,2,2839029
2016,6,30,10,155,L,MASCULINO,4,7131440
2016,6,30,10,155,S,MASCULINO,1,4000000
2016,6,30,10,156,M,FEMENINO,4,10332000
2016,6,30,10,156,M,MASCULINO,7,23375700
2016,6,30,10,157,M,FEMENINO,3,4719000
2016,6,30,10,157,M,MASCULINO,9,22957000
2016,6,30,10,158,M,FEMENINO,1,950000
2016,6,30,10,158,M,MASCULINO,4,7050000
2016,6,30,10,159,M,FEMENINO,3,6105123
2016,6,30,10,159,M,MASCULINO,4,11473614
2016,6,30,10,160,M,FEMENINO,7,11731713
2016,6,30,10,160,M,MASCULINO,5,11475128
2016,6,30,10,162,M,FEMENINO,23,49308786
2016,6,30,10,162,M,MASCULINO,48,109356172
2016,6,30,10,163,M,FEMENINO,5,11300000
2016,6,30,10,163,M,MASCULINO,2,8000000
2016,6,30,10,164,A,MASCULINO,1,8954453
2016,6,30,10,164,B,FEMENINO,3,13439945
2016,6,30,10,164,B,MASCULINO,4,19978359
2016,6,30,10,164,C,FEMENINO,6,19027008
2016,6,30,10,164,C,MASCULINO,9,28731930
2016,6,30,10,164,D,FEMENINO,4,12946660
2016,6,30,10,164,D,MASCULINO,2,4992760
2016,6,30,10,164,F,FEMENINO,7,16221736
2016,6,30,10,164,F,MASCULINO,4,9199872
2016,6,30,10,164,G,FEMENINO,6,14294364
2016,6,30,10,164,G,MASCULINO,24,59667992
2016,6,30,10,165,A,MASCULINO,1,11277000
2016,6,30,10,165,C,FEMENINO,4,12705000
2016,6,30,10,165,C,MASCULINO,1,3990000
2016,6,30,10,165,D,FEMENINO,4,10552500
2016,6,30,10,165,G,MASCULINO,2,7980000
2016,6,30,10,166,M,FEMENINO,7,15957090
2016,6,30,10,166,M,MASCULINO,5,8450000
2016,6,30,10,167,M,FEMENINO,7,9486667
2016,6,30,10,167,M,MASCULINO,6,9704102
2016,6,30,10,168,M,FEMENINO,6,14123500
2016,6,30,10,168,M,MASCULINO,2,11804500
2016,6,30,10,169,M,FEMENINO,6,12673656
2016,6,30,10,169,M,MASCULINO,9,35790579
2016,6,30,10,170,M,FEMENINO,6,11718255
2016,6,30,10,170,M,MASCULINO,4,15659708
2016,6,30,10,240,M,FEMENINO,3,4600000
2016,6,30,10,240,M,MASCULINO,12,18400000
2016,6,30,11,171,C,FEMENINO,2,0
2016,6,30,11,171,C,MASCULINO,1,0
2016,6,30,11,171,M,FEMENINO,11,10219166
2016,6,30,11,171,M,MASCULINO,17,20691959
2016,6,30,11,172,M,FEMENINO,37,90310000
2016,6,30,11,172,M,MASCULINO,79,243718100
2016,6,30,11,173,A,MASCULINO,1,11474420
2016,6,30,11,173,B,FEMENINO,3,12259040
2016,6,30,11,173,B,MASCULINO,8,25507373
2016,6,30,11,173,C,FEMENINO,20,49275415
2016,6,30,11,173,C,MASCULINO,51,129547730
2016,6,30,11,173,D,FEMENINO,29,53917857
2016,6,30,11,173,D,MASCULINO,59,107838267
2016,6,30,11,173,E,FEMENINO,50,78037599
2016,6,30,11,173,E,MASCULINO,31,49966069
2016,6,30,11,173,F,FEMENINO,24,34485429
2016,6,30,11,173,F,MASCULINO,15,24603003
2016,6,30,11,173,G,FEMENINO,19,24980118
2016,6,30,11,173,G,MASCULINO,31,42759855
2016,6,30,11,174,0,FEMENINO,4,6718539
2016,6,30,11,174,0,MASCULINO,3,14694742
2016,6,30,11,175,M,FEMENINO,2,9674996
2016,6,30,11,176,M,FEMENINO,15,25572010
2016,6,30,11,176,M,MASCULINO,22,37559180
2016,6,30,11,177,E,MASCULINO,2,2873415
2016,6,30,11,177,M,FEMENINO,100,179572131
2016,6,30,11,177,M,MASCULINO,165,449763835
2016,6,30,11,178,M,FEMENINO,36,8998333
2016,6,30,11,178,M,MASCULINO,39,8415000
2016,6,30,11,179,M,FEMENINO,58,117075392
2016,6,30,11,179,M,MASCULINO,90,213428512
2016,6,30,11,180,A,FEMENINO,1,11000000
2016,6,30,11,180,B,FEMENINO,3,5839651
2016,6,30,11,180,B,MASCULINO,1,2579108
2016,6,30,11,180,C,FEMENINO,4,8490203
2016,6,30,11,180,C,MASCULINO,16,119888095
2016,6,30,11,180,D,FEMENINO,23,44556141
2016,6,30,11,180,D,MASCULINO,25,52204236
2016,6,30,11,180,E,FEMENINO,43,60948004
2016,6,30,11,180,E,MASCULINO,42,56824725
2016,6,30,11,180,F,FEMENINO,8,12842759
2016,6,30,11,180,F,MASCULINO,8,13801830
2016,6,30,11,180,G,FEMENINO,6,9285218
2016,6,30,11,180,G,MASCULINO,6,8834809
2016,6,30,11,180,L,FEMENINO,3,3600275
2016,6,30,11,180,L,MASCULINO,4,5735309
2016,6,30,11,180,U,FEMENINO,5,5046383
2016,6,30,11,180,U,MASCULINO,5,5282959
2016,6,30,11,181,B,FEMENINO,2,1848000
2016,6,30,11,181,B,MASCULINO,3,5021500
2016,6,30,11,182,M,FEMENINO,10,28481888
2016,6,30,11,182,M,MASCULINO,19,48958473
2016,6,30,11,183,C,MASCULINO,1,10529900
2016,6,30,11,183,M,FEMENINO,6,14118894
2016,6,30,11,183,M,MASCULINO,13,26366992
2016,6,30,11,186,A,MASCULINO,1,11279070
2016,6,30,11,186,B,FEMENINO,1,3227730
2016,6,30,11,186,B,MASCULINO,4,14479080
2016,6,30,11,186,C,FEMENINO,2,7451840
2016,6,30,11,186,E,FEMENINO,4,8374225
2016,6,30,11,186,E,MASCULINO,5,9389878
2016,6,30,11,186,F,FEMENINO,2,3191560
2016,6,30,11,186,G,FEMENINO,4,5874680
2016,6,30,11,186,G,MASCULINO,1,1139270
2016,6,30,11,186,M,FEMENINO,6,15802109
2016,6,30,11,186,M,MASCULINO,4,10644271
2016,6,30,11,188,M,FEMENINO,1,2500000
2016,6,30,11,188,M,MASCULINO,2,9500000
2016,6,30,11,189,M,FEMENINO,1,1125000
2016,6,30,11,189,M,MASCULINO,5,4860000
2016,6,30,12,191,M,FEMENINO,6,7380000
2016,6,30,12,191,M,MASCULINO,6,9805000
2016,6,30,12,193,M,FEMENINO,3,1500000
2016,6,30,12,193,M,MASCULINO,1,1250000
2016,6,30,12,194,M,FEMENINO,1,548190
2016,6,30,12,194,M,MASCULINO,5,3239550
2016,6,30,12,195,M,FEMENINO,6,4000000
2016,6,30,12,195,M,MASCULINO,3,2900000
2016,6,30,12,196,E,FEMENINO,2,1400000
2016,6,30,12,196,E,MASCULINO,3,4000000
2016,6,30,12,197,M,FEMENINO,3,2738461
2016,6,30,12,197,M,MASCULINO,3,3850000
2016,6,30,12,201,M,FEMENINO,5,4384166
2016,6,30,12,201,M,MASCULINO,2,3030298
2016,6,30,12,202,E,FEMENINO,4,5084300
2016,6,30,12,202,E,MASCULINO,5,9206800
2016,6,30,12,204,M,FEMENINO,2,3024055
2016,6,30,12,204,M,MASCULINO,3,4000000
2016,6,30,13,206,A,MASCULINO,1,18240550
2016,6,30,13,206,B,MASCULINO,1,8690000
2016,6,30,13,206,C,FEMENINO,1,6270000
2016,6,30,13,206,C,MASCULINO,15,64416000
2016,6,30,13,206,E,FEMENINO,1,5324000
2016,6,30,13,206,E,MASCULINO,4,21296000
2016,6,30,13,206,F,FEMENINO,20,64950844
2016,6,30,13,206,F,MASCULINO,22,67212922
2016,6,30,13,206,G,FEMENINO,7,14045227
2016,6,30,13,206,G,MASCULINO,29,73022032
2016,6,30,13,207,M,FEMENINO,8,14758200
2016,6,30,13,207,M,MASCULINO,12,25524500
2016,6,30,13,208,M,FEMENINO,10,23332030
2016,6,30,13,208,M,MASCULINO,24,60167112
2016,6,30,13,250,M,FEMENINO,1,1500000
2016,6,30,13,250,M,MASCULINO,2,4500000
2016,6,30,14,209,M,FEMENINO,4,10305000
2016,6,30,14,209,M,MASCULINO,12,42920000
2016,6,30,14,211,M,FEMENINO,4,10154000
2016,6,30,14,211,M,MASCULINO,6,24467940
2016,6,30,14,212,0,MASCULINO,3,4120473
2016,6,30,14,213,M,FEMENINO,1,1508100
2016,6,30,14,213,M,MASCULINO,7,13600000
2016,6,30,14,214,M,FEMENINO,2,1500000
2016,6,30,14,214,M,MASCULINO,9,8900000
2016,6,30,14,215,M,FEMENINO,1,1350000
2016,6,30,14,215,M,MASCULINO,3,7940000
2016,6,30,14,216,A,FEMENINO,7,8710055
2016,6,30,14,216,A,MASCULINO,13,32221650
2016,6,30,14,217,M,FEMENINO,5,12685007
2016,6,30,14,217,M,MASCULINO,5,22170000
2016,6,30,14,219,A,MASCULINO,1,18840550
2016,6,30,14,219,B,MASCULINO,1,4083334
2016,6,30,14,219,C,MASCULINO,1,2858334
2016,6,30,14,219,D,FEMENINO,8,19300000
2016,6,30,14,219,D,MASCULINO,3,5536667
2016,6,30,14,219,S,MASCULINO,2,1463000
2016,6,30,14,244,A,FEMENINO,1,800000
2016,6,30,14,244,A,MASCULINO,9,11900000
2016,6,30,14,244,B,FEMENINO,1,2000000
2016,6,30,14,244,B,MASCULINO,1,2000000
2016,6,30,14,244,G,MASCULINO,1,700000
2016,6,30,14,247,M,MASCULINO,5,9200000
2016,6,30,15,220,M,FEMENINO,11,19106718
2016,6,30,15,220,M,MASCULINO,12,26621101
2016,6,30,15,221,M,FEMENINO,3,3666958
2016,6,30,15,221,M,MASCULINO,3,12428250
2016,6,30,15,222,M,FEMENINO,32,73804459
2016,6,30,15,222,M,MASCULINO,37,104570954
2016,6,30,15,233,M,FEMENINO,1,1900000
2016,6,30,15,233,M,MASCULINO,6,14900000
2016,6,30,16,228,M,FEMENINO,2,5036364
2016,6,30,16,228,M,MASCULINO,6,30223333
2016,6,30,16,230,M,FEMENINO,1,3734910
2016,6,30,16,230,M,MASCULINO,5,25423890
2016,6,30,16,231,M,FEMENINO,12,30223890
2016,6,30,16,231,M,MASCULINO,8,44139040
2016,6,30,17,226,M,FEMENINO,1,6000000
2016,6,30,17,227,M,FEMENINO,9,16950000
2016,6,30,17,227,M,MASCULINO,8,15400000
2016,6,30,17,235,M,FEMENINO,2,14617920
2016,6,30,17,235,M,MASCULINO,1,7000000
2016,6,40,1,1,C,FEMENINO,1485,4889778636
2016,6,40,1,1,C,MASCULINO,2454,8750389236
2016,6,40,2,1,A,FEMENINO,11,24337445
2016,6,40,2,1,A,MASCULINO,41,90712295
2016,6,40,2,1,B,FEMENINO,13,30599257
2016,6,40,2,1,B,MASCULINO,28,66221540
2016,6,40,2,1,C,FEMENINO,71,205001455
2016,6,40,2,1,C,MASCULINO,313,916757906
2016,6,40,2,1,D,FEMENINO,51,175272046
2016,6,40,2,1,D,MASCULINO,253,887738833
2016,6,40,2,1,E,FEMENINO,51,215824304
2016,6,40,2,1,E,MASCULINO,113,497019518
2016,6,40,2,1,F,FEMENINO,46,254399238
2016,6,40,2,1,F,MASCULINO,127,701607596
2016,6,40,2,1,G,FEMENINO,39,288906201
2016,6,40,2,1,G,MASCULINO,81,588909537
2016,6,40,2,1,I,FEMENINO,5,44963315
2016,6,40,2,1,I,MASCULINO,21,187684369
2016,6,40,2,1,J,FEMENINO,2,21985326
2016,6,40,2,1,J,MASCULINO,20,217853260
2016,6,40,3,1,0,FEMENINO,56,107661586
2016,6,40,3,1,0,MASCULINO,108,211153669
2016,6,40,3,1,C,FEMENINO,2,3577798
2016,6,40,3,1,C,MASCULINO,2,3577798
2017,6,11,1,1,A,FEMENINO,9,64800000
2017,6,11,1,1,A,MASCULINO,11,66100000
2017,6,11,1,1,B,FEMENINO,25,322700000
2017,6,11,1,1,B,MASCULINO,26,347000000
2017,6,11,1,1,C,FEMENINO,24,174800000
2017,6,11,1,1,C,MASCULINO,23,162200000
2017,6,11,1,1,D,FEMENINO,28,181400000
2017,6,11,1,1,D,MASCULINO,36,261500000
2017,6,11,1,1,E,FEMENINO,3,12100000
2017,6,11,1,1,E,MASCULINO,4,18900000
2017,6,11,1,1,F,FEMENINO,57,215500000
2017,6,11,1,1,F,MASCULINO,99,335900000
2017,6,11,2,1,A,FEMENINO,6,63200000
2017,6,11,2,1,A,MASCULINO,8,71600000
2017,6,11,2,1,B,FEMENINO,65,843700000
2017,6,11,2,1,B,MASCULINO,63,832800000
2017,6,11,2,1,C,FEMENINO,47,424900000
2017,6,11,2,1,C,MASCULINO,58,519850000
2017,6,11,2,1,D,FEMENINO,46,294400000
2017,6,11,2,1,D,MASCULINO,67,421685300
2017,6,11,2,1,E,FEMENINO,3,20700000
2017,6,11,2,1,E,MASCULINO,3,19700000
2017,6,11,2,1,F,FEMENINO,66,262972100
2017,6,11,2,1,F,MASCULINO,124,480600000
2017,6,11,3,1,A,FEMENINO,21,165000000
2017,6,11,3,1,A,MASCULINO,27,280800000
2017,6,11,3,1,B,FEMENINO,48,634900000
2017,6,11,3,1,B,MASCULINO,60,861100000
2017,6,11,3,1,C,FEMENINO,137,1026433200
2017,6,11,3,1,C,MASCULINO,175,1465675100
2017,6,11,3,1,D,FEMENINO,179,1238762000
2017,6,11,3,1,D,MASCULINO,219,1500560600
2017,6,11,3,1,E,FEMENINO,7,51800000
2017,6,11,3,1,E,MASCULINO,8,46500000
2017,6,11,3,1,F,FEMENINO,116,433400000
2017,6,11,3,1,F,MASCULINO,108,400102900
2017,6,11,3,1,G,FEMENINO,2,4069255
2017,6,11,3,1,S,FEMENINO,1,5000000
2017,6,12,1,1,A,FEMENINO,5,63200000
2017,6,12,1,1,A,MASCULINO,9,162800000
2017,6,12,1,1,B,FEMENINO,8,104000000
2017,6,12,1,1,B,MASCULINO,4,52000000
2017,6,12,1,1,C,FEMENINO,14,97800000
2017,6,12,1,1,C,MASCULINO,25,179400000
2017,6,12,1,1,D,FEMENINO,23,101300000
2017,6,12,1,1,D,MASCULINO,19,82000000
2017,6,12,1,1,E,FEMENINO,13,43400000
2017,6,12,1,1,E,MASCULINO,17,61400000
2017,6,12,1,1,F,FEMENINO,5,11000000
2017,6,12,1,1,F,MASCULINO,6,13200000
2017,6,12,1,1,G,FEMENINO,31,86100000
2017,6,12,1,1,G,MASCULINO,58,165400000
2017,6,12,1,2,A,MASCULINO,1,22000000
2017,6,12,1,2,C,MASCULINO,1,9400000
2017,6,12,1,2,D,FEMENINO,4,20600000
2017,6,12,1,2,D,MASCULINO,2,12300000
2017,6,12,1,2,E,FEMENINO,3,9800000
2017,6,12,1,2,E,MASCULINO,7,21000000
2017,6,12,1,2,G,FEMENINO,3,8500000
2017,6,12,1,2,G,MASCULINO,4,9400000
2017,6,12,1,5,A,FEMENINO,3,28500000
2017,6,12,1,5,A,MASCULINO,5,72700000
2017,6,12,1,5,B,FEMENINO,10,81200000
2017,6,12,1,5,B,MASCULINO,12,112000000
2017,6,12,1,5,C,FEMENINO,13,67800000
2017,6,12,1,5,C,MASCULINO,17,84500000
2017,6,12,1,5,D,FEMENINO,21,80500000
2017,6,12,1,5,D,MASCULINO,18,74000000
2017,6,12,1,5,E,FEMENINO,7,18200000
2017,6,12,1,5,E,MASCULINO,12,36500000
2017,6,12,1,5,F,FEMENINO,8,20400000
2017,6,12,1,5,F,MASCULINO,13,32000000
2017,6,12,1,5,G,MASCULINO,4,10800000
2017,6,12,1,6,A,MASCULINO,1,22000000
2017,6,12,1,6,B,FEMENINO,17,142980000
2017,6,12,1,6,B,MASCULINO,9,77200000
2017,6,12,1,6,C,FEMENINO,13,84300000
2017,6,12,1,6,C,MASCULINO,7,44100000
2017,6,12,1,6,D,FEMENINO,13,50500000
2017,6,12,1,6,D,MASCULINO,6,26800000
2017,6,12,1,6,E,FEMENINO,4,13800000
2017,6,12,1,6,E,MASCULINO,4,12200000
2017,6,12,1,6,F,MASCULINO,1,3000000
2017,6,12,1,7,B,FEMENINO,6,59200000
2017,6,12,1,7,B,MASCULINO,3,24400000
2017,6,12,1,7,C,FEMENINO,26,173700000
2017,6,12,1,7,C,MASCULINO,14,88800000
2017,6,12,1,7,D,FEMENINO,14,59100000
2017,6,12,1,7,D,MASCULINO,12,51900000
2017,6,12,1,7,E,FEMENINO,5,14800000
2017,6,12,1,7,E,MASCULINO,9,27400000
2017,6,12,1,7,F,FEMENINO,1,3200000
2017,6,12,1,7,F,MASCULINO,5,13000000
2017,6,12,1,7,G,FEMENINO,3,9000000
2017,6,12,1,7,G,MASCULINO,1,3200000
2017,6,12,1,11,A,MASCULINO,2,37000000
2017,6,12,1,11,B,FEMENINO,6,48700000
2017,6,12,1,11,B,MASCULINO,9,69000000
2017,6,12,1,11,C,FEMENINO,24,140400000
2017,6,12,1,11,C,MASCULINO,15,87100000
2017,6,12,1,11,D,FEMENINO,14,58100000
2017,6,12,1,11,D,MASCULINO,20,85600000
2017,6,12,1,11,E,FEMENINO,22,67600000
2017,6,12,1,11,E,MASCULINO,23,73600000
2017,6,12,1,11,F,FEMENINO,2,5200000
2017,6,12,1,11,F,MASCULINO,1,2600000
2017,6,12,1,11,G,FEMENINO,2,5900000
2017,6,12,1,11,G,MASCULINO,1,2900000
2017,6,12,1,11,K,FEMENINO,45,168957700
2017,6,12,1,11,K,MASCULINO,177,726733300
2017,6,12,1,12,A,MASCULINO,1,22000000
2017,6,12,1,12,B,MASCULINO,9,84600000
2017,6,12,1,14,A,MASCULINO,1,22000000
2017,6,12,1,14,B,FEMENINO,6,47400000
2017,6,12,1,14,B,MASCULINO,9,76400000
2017,6,12,1,14,C,FEMENINO,5,28900000
2017,6,12,1,14,C,MASCULINO,2,12600000
2017,6,12,1,14,D,FEMENINO,4,19000000
2017,6,12,1,14,D,MASCULINO,5,22400000
2017,6,12,1,14,E,FEMENINO,7,18333534
2017,6,12,1,14,E,MASCULINO,10,27933534
2017,6,12,1,15,A,FEMENINO,15,127500000
2017,6,12,1,15,A,MASCULINO,30,273000000
2017,6,12,1,15,B,FEMENINO,8,77300000
2017,6,12,1,15,B,MASCULINO,4,37000000
2017,6,12,1,15,C,MASCULINO,2,14500000
2017,6,12,1,15,D,FEMENINO,20,90200000
2017,6,12,1,15,D,MASCULINO,16,70600000
2017,6,12,1,15,E,FEMENINO,5,13600000
2017,6,12,1,15,E,MASCULINO,4,13500000
2017,6,12,1,15,F,FEMENINO,1,3500000
2017,6,12,1,15,F,MASCULINO,2,7000000
2017,6,12,1,15,G,MASCULINO,4,9200000
2017,6,12,1,16,A,MASCULINO,1,22000000
2017,6,12,1,16,B,FEMENINO,3,27600000
2017,6,12,1,16,B,MASCULINO,6,61000000
2017,6,12,1,16,C,FEMENINO,18,137100000
2017,6,12,1,16,C,MASCULINO,12,101200000
2017,6,12,1,16,D,FEMENINO,9,46500000
2017,6,12,1,16,D,MASCULINO,10,51300000
2017,6,12,1,16,E,FEMENINO,2,6100000
2017,6,12,1,16,G,MASCULINO,1,3500000
2017,6,12,1,17,A,MASCULINO,1,22000000
2017,6,12,1,17,B,FEMENINO,1,6900000
2017,6,12,1,17,B,MASCULINO,5,33400000
2017,6,12,1,17,C,FEMENINO,8,44300000
2017,6,12,1,17,C,MASCULINO,8,37000000
2017,6,12,1,17,D,FEMENINO,4,16400000
2017,6,12,1,17,D,MASCULINO,4,14000000
2017,6,12,1,17,E,FEMENINO,5,13600000
2017,6,12,1,17,E,MASCULINO,11,28000000
2017,6,12,1,17,F,FEMENINO,1,3000000
2017,6,12,1,17,F,MASCULINO,3,7000000
2017,6,12,1,17,G,MASCULINO,3,8800000
2017,6,12,1,18,A,FEMENINO,1,22000000
2017,6,12,1,18,B,FEMENINO,12,106000000
2017,6,12,1,18,B,MASCULINO,2,14400000
2017,6,12,1,18,C,FEMENINO,23,130700000
2017,6,12,1,18,C,MASCULINO,6,30400000
2017,6,12,1,18,D,FEMENINO,22,75400000
2017,6,12,1,18,D,MASCULINO,5,17900000
2017,6,12,1,18,E,FEMENINO,6,14500000
2017,6,12,1,18,E,MASCULINO,2,6400000
2017,6,12,1,18,F,FEMENINO,27,68524055
2017,6,12,1,18,F,MASCULINO,36,77140550
2017,6,12,1,18,G,FEMENINO,1,4400000
2017,6,12,1,19,A,MASCULINO,1,22000000
2017,6,12,1,19,B,FEMENINO,6,50800000
2017,6,12,1,19,B,MASCULINO,9,81200000
2017,6,12,1,19,C,FEMENINO,7,34500000
2017,6,12,1,19,C,MASCULINO,12,75400000
2017,6,12,1,19,D,FEMENINO,13,55000000
2017,6,12,1,19,D,MASCULINO,15,60000000
2017,6,12,1,19,E,FEMENINO,17,47500301
2017,6,12,1,19,E,MASCULINO,37,100100602
2017,6,12,1,20,A,FEMENINO,1,22000000
2017,6,12,1,20,A,MASCULINO,1,5200000
2017,6,12,1,20,B,FEMENINO,8,54400000
2017,6,12,1,20,B,MASCULINO,10,70700000
2017,6,12,1,20,C,FEMENINO,18,89100000
2017,6,12,1,20,C,MASCULINO,11,51800000
2017,6,12,1,20,D,FEMENINO,3,14100000
2017,6,12,1,20,D,MASCULINO,1,4900000
2017,6,12,1,20,E,MASCULINO,1,2800000
2017,6,12,1,21,A,FEMENINO,1,5200000
2017,6,12,1,21,A,MASCULINO,2,30500000
2017,6,12,1,21,B,FEMENINO,5,39500000
2017,6,12,1,21,B,MASCULINO,10,76500000
2017,6,12,1,21,C,FEMENINO,15,72450000
2017,6,12,1,21,C,MASCULINO,5,26100000
2017,6,12,1,21,D,FEMENINO,17,55300000
2017,6,12,1,21,D,MASCULINO,15,53000000
2017,6,12,1,21,E,FEMENINO,19,59700000
2017,6,12,1,21,E,MASCULINO,15,48000000
2017,6,12,1,21,F,FEMENINO,35,78700000
2017,6,12,1,21,F,MASCULINO,29,64000000
2017,6,12,1,21,G,FEMENINO,14,35634437
2017,6,12,1,21,G,MASCULINO,5,13400301
2017,6,12,1,23,A,MASCULINO,1,22000000
2017,6,12,1,23,B,FEMENINO,4,44800000
2017,6,12,1,23,B,MASCULINO,4,44800000
2017,6,12,1,23,C,FEMENINO,8,53600000
2017,6,12,1,23,C,MASCULINO,23,170200000
2017,6,12,1,23,D,FEMENINO,5,23000000
2017,6,12,1,23,D,MASCULINO,5,26000000
2017,6,12,1,23,E,MASCULINO,2,5400000
2017,6,12,1,23,F,FEMENINO,3,10400000
2017,6,12,1,23,F,MASCULINO,4,11200000
2017,6,12,1,23,G,FEMENINO,6,18000000
2017,6,12,1,23,G,MASCULINO,16,48066767
2017,6,12,1,29,A,FEMENINO,1,22000000
2017,6,12,1,29,B,FEMENINO,2,17600000
2017,6,12,1,29,B,MASCULINO,2,14800000
2017,6,12,1,29,C,FEMENINO,6,29000000
2017,6,12,1,29,C,MASCULINO,3,15000000
2017,6,12,1,29,D,FEMENINO,2,8600000
2017,6,12,1,29,D,MASCULINO,2,8600000
2017,6,12,1,29,E,FEMENINO,1,3000000
2017,6,12,1,29,E,MASCULINO,1,3600000
2017,6,12,1,29,G,FEMENINO,4,8800000
2017,6,12,1,29,G,MASCULINO,6,11000000
2017,6,12,1,29,L,FEMENINO,2,7440000
2017,6,12,1,29,L,MASCULINO,2,7440000
2017,6,12,1,30,A,MASCULINO,3,32400000
2017,6,12,1,30,B,FEMENINO,2,22600000
2017,6,12,1,30,B,MASCULINO,7,79100000
2017,6,12,1,30,C,FEMENINO,12,68000000
2017,6,12,1,30,C,MASCULINO,17,111100000
2017,6,12,1,30,D,FEMENINO,24,97700000
2017,6,12,1,30,D,MASCULINO,11,45200000
2017,6,12,1,30,E,FEMENINO,23,68900000
2017,6,12,1,30,E,MASCULINO,22,71500000
2017,6,12,1,30,F,FEMENINO,19,59500000
2017,6,12,1,30,F,MASCULINO,18,59200000
2017,6,12,1,30,G,FEMENINO,12,35900000
2017,6,12,1,30,G,MASCULINO,27,73700000
2017,6,12,1,30,L,FEMENINO,4,8010800
2017,6,12,1,30,S,FEMENINO,75,313958600
2017,6,12,1,30,S,MASCULINO,27,121800000
2017,6,12,1,30,Z,FEMENINO,5,7949152
2017,6,12,1,36,A,MASCULINO,1,22000000
2017,6,12,1,36,B,FEMENINO,5,58400000
2017,6,12,1,36,B,MASCULINO,4,40200000
2017,6,12,1,36,C,FEMENINO,6,40800000
2017,6,12,1,36,C,MASCULINO,8,60700000
2017,6,12,1,36,D,FEMENINO,4,17700000
2017,6,12,1,36,D,MASCULINO,5,22500000
2017,6,12,1,36,E,FEMENINO,2,5600000
2017,6,12,1,36,E,MASCULINO,6,19400000
2017,6,12,1,36,G,FEMENINO,1,2900000
2017,6,12,1,36,G,MASCULINO,1,2300000
2017,6,12,1,38,B,FEMENINO,10,73600000
2017,6,12,1,38,B,MASCULINO,8,63000000
2017,6,12,1,38,C,FEMENINO,3,18000000
2017,6,12,1,38,C,MASCULINO,5,27293333
2017,6,12,1,38,G,FEMENINO,1,1824055
2017,6,12,1,40,A,FEMENINO,1,22000000
2017,6,12,1,40,B,FEMENINO,6,46500000
2017,6,12,1,40,C,FEMENINO,1,6500000
2017,6,12,1,40,C,MASCULINO,4,25000000
2017,6,12,1,40,D,FEMENINO,6,24800000
2017,6,12,1,40,D,MASCULINO,4,15500000
2017,6,12,1,40,E,FEMENINO,1,2400000
2017,6,12,1,40,F,FEMENINO,2,5000000
2017,6,12,1,40,F,MASCULINO,4,9000000
2017,6,12,1,41,B,FEMENINO,7,60400000
2017,6,12,1,41,B,MASCULINO,6,57600000
2017,6,12,1,41,C,FEMENINO,13,77400000
2017,6,12,1,41,C,MASCULINO,5,36200000
2017,6,12,1,41,D,FEMENINO,11,44500000
2017,6,12,1,41,D,MASCULINO,2,6200000
2017,6,12,1,41,E,FEMENINO,2,4800000
2017,6,12,1,41,E,MASCULINO,5,15600000
2017,6,12,1,41,F,FEMENINO,1,2000000
2017,6,12,1,41,F,MASCULINO,4,8600000
2017,6,12,1,41,G,FEMENINO,4,8448110
2017,6,12,1,41,G,MASCULINO,1,2200000
2017,6,12,1,51,A,MASCULINO,1,22000000
2017,6,12,1,51,B,FEMENINO,1,6000000
2017,6,12,1,51,B,MASCULINO,8,61500000
2017,6,12,1,51,C,FEMENINO,1,6000000
2017,6,12,1,51,D,FEMENINO,4,10800000
2017,6,12,1,51,D,MASCULINO,1,2900000
2017,6,12,1,51,E,FEMENINO,1,2800000
2017,6,12,1,51,E,MASCULINO,2,4800000
2017,6,12,1,51,G,FEMENINO,6,16000602
2017,6,12,1,51,G,MASCULINO,4,10200301
2017,6,12,1,52,A,MASCULINO,1,22000000
2017,6,12,1,52,B,FEMENINO,4,49600000
2017,6,12,1,52,B,MASCULINO,11,136800000
2017,6,12,1,52,C,FEMENINO,13,99100000
2017,6,12,1,52,C,MASCULINO,19,132900000
2017,6,12,1,52,D,FEMENINO,4,19900000
2017,6,12,1,52,D,MASCULINO,12,57300000
2017,6,12,1,52,E,FEMENINO,1,4100000
2017,6,12,1,52,E,MASCULINO,1,4500000
2017,6,12,1,52,F,MASCULINO,1,3000000
2017,6,12,1,52,G,MASCULINO,2,6100000
2017,6,12,1,53,A,FEMENINO,1,22000000
2017,6,12,1,53,B,FEMENINO,2,22600000
2017,6,12,1,53,B,MASCULINO,6,74600000
2017,6,12,1,53,C,FEMENINO,1,7600000
2017,6,12,1,53,C,MASCULINO,2,15200000
2017,6,12,1,53,D,FEMENINO,1,5100000
2017,6,12,1,53,D,MASCULINO,1,5100000
2017,6,12,2,1,A,MASCULINO,4,68500000
2017,6,12,2,1,B,FEMENINO,1,10200000
2017,6,12,2,1,B,MASCULINO,5,53800000
2017,6,12,2,1,C,FEMENINO,6,44400000
2017,6,12,2,1,C,MASCULINO,5,35200000
2017,6,12,2,1,D,FEMENINO,5,23800000
2017,6,12,2,1,D,MASCULINO,4,20500000
2017,6,12,2,1,E,FEMENINO,2,8300000
2017,6,12,2,1,E,MASCULINO,3,12200000
2017,6,12,2,1,F,FEMENINO,4,14300000
2017,6,12,2,1,F,MASCULINO,4,14500000
2017,6,12,2,1,G,FEMENINO,8,24766767
2017,6,12,2,1,G,MASCULINO,13,40666767
2017,6,12,3,1,A,MASCULINO,2,37000000
2017,6,12,3,1,B,FEMENINO,10,99600000
2017,6,12,3,1,B,MASCULINO,12,120700000
2017,6,12,3,1,C,FEMENINO,29,217600000
2017,6,12,3,1,C,MASCULINO,29,211700000
2017,6,12,3,1,D,FEMENINO,57,265000000
2017,6,12,3,1,D,MASCULINO,71,326400000
2017,6,12,3,1,E,FEMENINO,55,178400000
2017,6,12,3,1,E,MASCULINO,96,318100000
2017,6,12,3,1,F,FEMENINO,24,69900000
2017,6,12,3,1,F,MASCULINO,35,102100000
2017,6,12,3,1,G,FEMENINO,13,32100000
2017,6,12,3,1,G,MASCULINO,37,104524055
2017,6,12,3,2,D,FEMENINO,7,23700000
2017,6,12,3,2,D,MASCULINO,1,3500000
2017,6,12,3,2,E,FEMENINO,409,893400000
2017,6,12,3,2,E,MASCULINO,214,462600000
2017,6,12,3,2,G,FEMENINO,584,1230100000
2017,6,12,3,2,G,MASCULINO,248,523300000
2017,6,12,3,2,L,FEMENINO,127,118991400
2017,6,12,3,2,L,MASCULINO,229,197116920
2017,6,12,3,2,P,FEMENINO,2657,18460533253
2017,6,12,3,2,P,MASCULINO,19801,140148607301
2017,6,12,3,2,S,FEMENINO,68,197514600
2017,6,12,3,2,S,MASCULINO,24,80568500
2017,6,12,3,2,Y,FEMENINO,248,179374071
2017,6,12,3,2,Y,MASCULINO,899,547095656
2017,6,12,3,2,Z,FEMENINO,6,3194800
2017,6,12,3,2,Z,MASCULINO,11,5958400
2017,6,12,4,1,A,MASCULINO,2,37000000
2017,6,12,4,1,B,FEMENINO,101,971763733
2017,6,12,4,1,B,MASCULINO,176,1816660400
2017,6,12,4,1,C,FEMENINO,17,126800000
2017,6,12,4,1,C,MASCULINO,24,172100000
2017,6,12,4,1,D,FEMENINO,40,160400000
2017,6,12,4,1,D,MASCULINO,32,118300000
2017,6,12,4,1,E,FEMENINO,24,79385542
2017,6,12,4,1,E,MASCULINO,40,127100000
2017,6,12,4,1,F,FEMENINO,8,26300000
2017,6,12,4,1,F,MASCULINO,13,40400000
2017,6,12,4,1,G,FEMENINO,18,45300000
2017,6,12,4,1,G,MASCULINO,45,121500000
2017,6,12,5,1,A,FEMENINO,2,14800000
2017,6,12,5,1,A,MASCULINO,7,83700000
2017,6,12,5,1,B,FEMENINO,19,114600000
2017,6,12,5,1,B,MASCULINO,24,150500000
2017,6,12,5,1,D,FEMENINO,189,605000000
2017,6,12,5,1,D,MASCULINO,193,627200000
2017,6,12,5,1,E,FEMENINO,186,554800000
2017,6,12,5,1,E,MASCULINO,237,708000000
2017,6,12,5,1,F,FEMENINO,80,220800000
2017,6,12,5,1,F,MASCULINO,178,492200000
2017,6,12,5,1,G,FEMENINO,562,1331300000
2017,6,12,5,1,G,MASCULINO,1101,2619800000
2017,6,12,5,1,M,FEMENINO,1170,7259421908
2017,6,12,5,1,M,MASCULINO,11496,77294796624
2017,6,12,5,1,S,FEMENINO,71,211569500
2017,6,12,5,1,S,MASCULINO,10,35018200
2017,6,12,5,1,Y,FEMENINO,118,64658746
2017,6,12,5,1,Y,MASCULINO,4403,1382816853
2017,6,12,5,1,Z,FEMENINO,94,86404795
2017,6,12,5,1,Z,MASCULINO,299,253639760
2017,6,12,6,1,A,FEMENINO,3,47066667
2017,6,12,6,1,A,MASCULINO,2,18000000
2017,6,12,6,1,B,FEMENINO,11,133033333
2017,6,12,6,1,B,MASCULINO,17,221000000
2017,6,12,6,1,C,FEMENINO,128,1118666667
2017,6,12,6,1,C,MASCULINO,214,1894600000
2017,6,12,6,1,D,FEMENINO,413,1934100000
2017,6,12,6,1,D,MASCULINO,632,2866183333
2017,6,12,6,1,E,FEMENINO,50,156287734
2017,6,12,6,1,E,MASCULINO,87,282973333
2017,6,12,6,1,F,FEMENINO,19,57893333
2017,6,12,6,1,F,MASCULINO,28,88086667
2017,6,12,7,1,A,FEMENINO,4,35300000
2017,6,12,7,1,A,MASCULINO,8,83100000
2017,6,12,7,1,B,FEMENINO,48,478700000
2017,6,12,7,1,B,MASCULINO,32,319800000
2017,6,12,7,1,C,FEMENINO,33,232900000
2017,6,12,7,1,C,MASCULINO,31,213500000
2017,6,12,7,1,D,FEMENINO,433,1381500000
2017,6,12,7,1,D,MASCULINO,265,911500000
2017,6,12,7,1,E,FEMENINO,253,752598342
2017,6,12,7,1,E,MASCULINO,264,799533835
2017,6,12,7,1,F,FEMENINO,9,23533534
2017,6,12,7,1,F,MASCULINO,7,17866767
2017,6,12,7,1,G,FEMENINO,2090,5150107274
2017,6,12,7,1,G,MASCULINO,1102,2715876424
2017,6,12,7,1,L,FEMENINO,38486,122859735087
2017,6,12,7,1,L,MASCULINO,16303,51420878893
2017,6,12,7,1,Z,FEMENINO,21788,60378005848
2017,6,12,7,1,Z,MASCULINO,13810,39437988060
2017,6,12,8,1,A,MASCULINO,1,22000000
2017,6,12,8,1,B,FEMENINO,12,125700000
2017,6,12,8,1,B,MASCULINO,12,123000000
2017,6,12,8,1,C,FEMENINO,239,1709200000
2017,6,12,8,1,C,MASCULINO,226,1636300000
2017,6,12,8,1,D,FEMENINO,913,4152300000
2017,6,12,8,1,D,MASCULINO,986,4522900000
2017,6,12,8,1,E,FEMENINO,287,1064600000
2017,6,12,8,1,E,MASCULINO,317,1256900000
2017,6,12,8,1,F,FEMENINO,1303,3908900000
2017,6,12,8,1,F,MASCULINO,1460,4462200000
2017,6,12,8,1,G,FEMENINO,1471,3465200000
2017,6,12,8,1,G,MASCULINO,824,2004300000
2017,6,12,8,1,S,FEMENINO,12534,46759310900
2017,6,12,8,1,S,MASCULINO,4044,16509168700
2017,6,12,9,1,A,FEMENINO,1,15000000
2017,6,12,9,1,A,MASCULINO,2,37000000
2017,6,12,9,1,B,FEMENINO,14,87800000
2017,6,12,9,1,B,MASCULINO,40,255100000
2017,6,12,9,1,C,FEMENINO,5,34800000
2017,6,12,9,1,C,MASCULINO,5,39200000
2017,6,12,9,1,D,FEMENINO,236,922700000
2017,6,12,9,1,D,MASCULINO,612,2343200000
2017,6,12,9,1,E,FEMENINO,421,1154338646
2017,6,12,9,1,E,MASCULINO,623,1759407974
2017,6,12,9,1,F,FEMENINO,14,44733534
2017,6,12,9,1,F,MASCULINO,15,47166767
2017,6,12,9,1,G,FEMENINO,105,284139855
2017,6,12,9,1,G,MASCULINO,102,289073088
2017,6,12,9,1,S,FEMENINO,111,434453800
2017,6,12,9,1,S,MASCULINO,65,273442500
2017,6,12,10,1,A,FEMENINO,1,7800000
2017,6,12,10,1,A,MASCULINO,4,65000000
2017,6,12,10,1,B,FEMENINO,10,90300000
2017,6,12,10,1,B,MASCULINO,17,181600000
2017,6,12,10,1,C,FEMENINO,48,342300000
2017,6,12,10,1,C,MASCULINO,63,443700000
2017,6,12,10,1,D,FEMENINO,272,1151300000
2017,6,12,10,1,D,MASCULINO,348,1503500000
2017,6,12,10,1,E,FEMENINO,94,260666767
2017,6,12,10,1,E,MASCULINO,160,445410767
2017,6,12,10,1,F,FEMENINO,149,412120301
2017,6,12,10,1,F,MASCULINO,277,785539068
2017,6,12,10,1,G,FEMENINO,23,54266767
2017,6,12,10,1,G,MASCULINO,95,238300301
2017,6,12,11,1,A,MASCULINO,3,52000000
2017,6,12,11,1,B,FEMENINO,16,142600000
2017,6,12,11,1,B,MASCULINO,33,299900000
2017,6,12,11,1,C,FEMENINO,12,88500000
2017,6,12,11,1,C,MASCULINO,18,146600000
2017,6,12,11,1,D,FEMENINO,46,205100000
2017,6,12,11,1,D,MASCULINO,52,228400000
2017,6,12,11,1,E,FEMENINO,15,62000000
2017,6,12,11,1,E,MASCULINO,22,83600000
2017,6,12,11,1,F,FEMENINO,39,129700000
2017,6,12,11,1,F,MASCULINO,45,147400000
2017,6,12,11,1,G,FEMENINO,16,46500000
2017,6,12,11,1,G,MASCULINO,20,59600000
2017,6,12,11,1,S,FEMENINO,1,2540400
2017,6,12,13,1,A,FEMENINO,1,15000000
2017,6,12,13,1,A,MASCULINO,4,67000000
2017,6,12,13,1,B,FEMENINO,5,65000000
2017,6,12,13,1,B,MASCULINO,22,286000000
2017,6,12,13,1,C,FEMENINO,70,550300000
2017,6,12,13,1,C,MASCULINO,169,1356800000
2017,6,12,13,1,D,FEMENINO,145,654000000
2017,6,12,13,1,D,MASCULINO,316,1370800000
2017,6,12,13,1,E,FEMENINO,108,295100000
2017,6,12,13,1,E,MASCULINO,672,1978900000
2017,6,12,13,1,F,FEMENINO,68,178700000
2017,6,12,13,1,F,MASCULINO,352,977200000
2017,6,12,13,1,G,FEMENINO,58,157800000
2017,6,12,13,1,G,MASCULINO,392,1235100000
2017,6,12,14,1,A,FEMENINO,3,52000000
2017,6,12,14,1,B,FEMENINO,24,181100000
2017,6,12,14,1,B,MASCULINO,1,12700000
2017,6,12,14,1,C,FEMENINO,4,22300000
2017,6,12,14,1,C,MASCULINO,1,6000000
2017,6,12,14,1,D,FEMENINO,15,64300000
2017,6,12,14,1,D,MASCULINO,1,4600000
2017,6,12,14,1,E,FEMENINO,3,10600000
2017,6,12,14,1,E,MASCULINO,2,5800000
2017,6,12,14,1,F,FEMENINO,4,11000000
2017,6,12,14,1,F,MASCULINO,1,2800000
2017,6,12,14,1,G,FEMENINO,5,12400000
2017,6,12,14,1,G,MASCULINO,4,9700000
2017,6,12,16,1,A,MASCULINO,3,52000000
2017,6,12,16,1,B,FEMENINO,41,377600000
2017,6,12,16,1,B,MASCULINO,45,416500000
2017,6,12,16,1,C,FEMENINO,47,323000000
2017,6,12,16,1,C,MASCULINO,35,235600000
2017,6,12,16,1,D,FEMENINO,95,382355100
2017,6,12,16,1,D,MASCULINO,91,374100000
2017,6,12,16,1,E,FEMENINO,129,379158492
2017,6,12,16,1,E,MASCULINO,188,566486465
2017,6,12,16,1,F,FEMENINO,13,40700000
2017,6,12,16,1,F,MASCULINO,21,70000000
2017,6,12,16,1,G,FEMENINO,52,145600000
2017,6,12,16,1,G,MASCULINO,73,209100000
2017,6,13,1,1,A,FEMENINO,60,607355777
2017,6,13,1,1,A,MASCULINO,64,642473496
2017,6,13,1,1,B,FEMENINO,75,452844425
2017,6,13,1,1,B,MASCULINO,49,297906557
2017,6,13,1,1,C,FEMENINO,276,1414526571
2017,6,13,1,1,C,MASCULINO,195,1005598736
2017,6,13,1,1,D,FEMENINO,344,1472654818
2017,6,13,1,1,D,MASCULINO,320,1362556795
2017,6,13,1,1,E,FEMENINO,377,1344374463
2017,6,13,1,1,E,MASCULINO,351,1253837206
2017,6,13,1,1,F,FEMENINO,605,1970753552
2017,6,13,1,1,F,MASCULINO,432,1380167979
2017,6,13,1,1,G,FEMENINO,470,1292433067
2017,6,13,1,1,G,MASCULINO,527,1454472814
2017,6,13,1,1,J,FEMENINO,3517,16745490633
2017,6,13,1,1,J,MASCULINO,2789,14200987883
2017,6,13,1,1,K,FEMENINO,1,2797720
2017,6,13,2,1,1,FEMENINO,2,9073400
2017,6,13,2,1,1,MASCULINO,1,4536700
2017,6,13,2,1,2,FEMENINO,13,46021300
2017,6,13,2,1,2,MASCULINO,32,113339300
2017,6,13,2,1,3,FEMENINO,52,215254900
2017,6,13,2,1,3,MASCULINO,48,202935000
2017,6,13,2,1,4,FEMENINO,3,18088500
2017,6,13,2,1,4,MASCULINO,7,41395345
2017,6,13,2,1,5,FEMENINO,1,3750400
2017,6,13,2,1,5,MASCULINO,1,3750400
2017,6,13,2,1,6,FEMENINO,2,8549700
2017,6,13,2,1,6,MASCULINO,2,8931800
2017,6,13,2,1,7,FEMENINO,4,21071400
2017,6,13,2,1,7,MASCULINO,2,10052000
2017,6,13,2,1,8,FEMENINO,1,3344600
2017,6,13,2,1,9,FEMENINO,1,4020000
2017,6,13,2,1,9,MASCULINO,2,7765900
2017,6,13,2,1,A,FEMENINO,46,282351325
2017,6,13,2,1,A,MASCULINO,61,380571150
2017,6,13,2,1,B,FEMENINO,20,135645600
2017,6,13,2,1,B,MASCULINO,25,171351200
2017,6,13,2,1,C,FEMENINO,290,1115699216
2017,6,13,2,1,C,MASCULINO,404,1539521980
2017,6,13,2,1,D,FEMENINO,594,1592504614
2017,6,13,2,1,D,MASCULINO,656,1768742000
2017,6,13,2,1,E,FEMENINO,454,1016797051
2017,6,13,2,1,E,MASCULINO,651,1431417571
2017,6,13,2,1,F,FEMENINO,6,15292267
2017,6,13,2,1,F,MASCULINO,15,40330900
2017,6,13,2,1,G,FEMENINO,466,1195470709
2017,6,13,2,1,G,MASCULINO,496,1276589164
2017,6,13,2,1,H,FEMENINO,1,2208100
2017,6,13,2,1,H,MASCULINO,2,4416200
2017,6,13,2,1,J,FEMENINO,10,78548400
2017,6,13,2,1,J,MASCULINO,33,259326750
2017,6,13,2,1,S,FEMENINO,1,5000000
2017,6,13,3,1,C,FEMENINO,153,982046600
2017,6,13,3,1,C,MASCULINO,101,633503600
2017,6,13,3,1,D,FEMENINO,133,621033166
2017,6,13,3,1,D,MASCULINO,146,677246148
2017,6,13,3,1,E,FEMENINO,116,407350283
2017,6,13,3,1,E,MASCULINO,109,386878921
2017,6,13,3,1,G,FEMENINO,116,288186925
2017,6,13,3,1,G,MASCULINO,331,901582267
2017,6,13,3,1,J,FEMENINO,1810,11878810368
2017,6,13,3,1,J,MASCULINO,1381,8971016660
2017,6,13,3,1,K,FEMENINO,93,984384100
2017,6,13,3,1,K,MASCULINO,71,759817296
2017,6,13,3,1,S,FEMENINO,128,799400000
2017,6,13,3,1,S,MASCULINO,73,472400000
2017,6,13,4,1,B,FEMENINO,8,117000000
2017,6,13,4,1,B,MASCULINO,9,130500000
2017,6,13,4,1,C,FEMENINO,28,245400000
2017,6,13,4,1,C,MASCULINO,14,130300000
2017,6,13,4,1,D,FEMENINO,19,94900000
2017,6,13,4,1,D,MASCULINO,23,119865500
2017,6,13,4,1,E,FEMENINO,3,10900000
2017,6,13,4,1,E,MASCULINO,5,17000000
2017,6,13,4,1,F,FEMENINO,1,3500000
2017,6,13,4,1,G,FEMENINO,10,37600000
2017,6,13,4,1,G,MASCULINO,6,26400000
2017,6,13,4,1,U,FEMENINO,2,9913400
2017,6,13,5,1,A,FEMENINO,1,6331000
2017,6,13,5,1,A,MASCULINO,6,37986000
2017,6,13,5,1,B,FEMENINO,12,92136000
2017,6,13,5,1,B,MASCULINO,11,86163000
2017,6,13,5,1,C,FEMENINO,89,381132700
2017,6,13,5,1,C,MASCULINO,82,336721800
2017,6,13,5,1,D,FEMENINO,9,24188000
2017,6,13,5,1,D,MASCULINO,4,10513700
2017,6,13,5,1,E,FEMENINO,1,2208200
2017,6,13,5,1,E,MASCULINO,2,4416400
2017,6,13,5,1,G,FEMENINO,1,2787000
2017,6,13,5,1,G,MASCULINO,2,6082300
2017,6,13,6,1,A,FEMENINO,5,70080000
2017,6,13,6,1,A,MASCULINO,8,112128000
2017,6,13,6,1,B,FEMENINO,4,53512565
2017,6,13,6,1,B,MASCULINO,8,105392290
2017,6,13,6,1,C,FEMENINO,49,314883835
2017,6,13,6,1,C,MASCULINO,28,221658120
2017,6,13,6,1,E,FEMENINO,45,175086503
2017,6,13,6,1,E,MASCULINO,52,204896305
2017,6,13,6,1,F,FEMENINO,3,15669440
2017,6,13,6,1,F,MASCULINO,4,21786980
2017,6,13,6,1,G,FEMENINO,51,142544839
2017,6,13,6,1,G,MASCULINO,78,230093323
2017,6,13,6,1,J,FEMENINO,1010,6557204395
2017,6,13,6,1,J,MASCULINO,557,3447735581
2017,6,14,1,1,A,MASCULINO,2,44000000
2017,6,14,1,1,B,FEMENINO,33,392216600
2017,6,14,1,1,B,MASCULINO,48,505909200
2017,6,14,1,1,C,FEMENINO,287,1914400000
2017,6,14,1,1,C,MASCULINO,163,1129500000
2017,6,14,1,1,D,FEMENINO,37,196330500
2017,6,14,1,1,D,MASCULINO,38,201000000
2017,6,14,1,1,E,FEMENINO,45,228500000
2017,6,14,1,1,E,MASCULINO,71,360600000
2017,6,14,1,1,F,MASCULINO,1,4300000
2017,6,14,1,1,G,FEMENINO,51,148500000
2017,6,14,1,1,G,MASCULINO,66,198200000
2017,6,15,1,1,A,MASCULINO,2,37000000
2017,6,15,1,1,B,FEMENINO,23,159900000
2017,6,15,1,1,B,MASCULINO,3,22600000
2017,6,15,1,1,C,FEMENINO,8,42000000
2017,6,15,1,1,D,FEMENINO,32,127300000
2017,6,15,1,1,D,MASCULINO,10,36776918
2017,6,15,1,1,E,FEMENINO,19,54600000
2017,6,15,1,1,E,MASCULINO,20,56869235
2017,6,15,1,1,F,MASCULINO,1,3000000
2017,6,15,1,1,G,FEMENINO,2,4200000
2017,6,15,1,1,G,MASCULINO,1,3500000
2017,6,15,2,1,C,FEMENINO,2,5113800
2017,6,15,2,1,C,MASCULINO,1,2556900
2017,6,15,2,1,D,FEMENINO,1,3819900
2017,6,15,2,1,D,MASCULINO,1,3819900
2017,6,15,2,1,J,FEMENINO,3,36362700
2017,6,15,2,1,J,MASCULINO,3,36362700
2017,6,15,2,1,K,FEMENINO,5,28196700
2017,6,15,2,1,K,MASCULINO,5,26172600
2017,6,21,1,1,A,FEMENINO,73,560416667
2017,6,21,1,1,A,MASCULINO,220,1915666667
2017,6,21,1,1,B,FEMENINO,88,1174000000
2017,6,21,1,1,B,MASCULINO,173,2307000000
2017,6,21,1,1,C,FEMENINO,75,1116000000
2017,6,21,1,1,C,MASCULINO,117,1768500000
2017,6,21,1,1,D,FEMENINO,25,578500000
2017,6,21,1,1,D,MASCULINO,64,1361266667
2017,6,21,1,1,E,FEMENINO,4,96500000
2017,6,21,1,1,E,MASCULINO,19,427500000
2017,6,21,1,1,F,FEMENINO,1,27000000
2017,6,21,1,1,F,MASCULINO,4,108000000
2017,6,21,1,1,G,MASCULINO,2,56000000
2017,6,21,1,1,H,MASCULINO,1,28000000
2017,6,21,1,1,I,MASCULINO,3,97500000
2017,6,21,1,1,J,MASCULINO,1,34500000
2017,6,22,1,1,A,MASCULINO,1,18240200
2017,6,22,1,1,B,FEMENINO,1,4144000
2017,6,22,1,1,C,FEMENINO,3,18805000
2017,6,22,1,1,C,MASCULINO,13,82494400
2017,6,22,1,1,D,MASCULINO,1,2611500
2017,6,22,1,1,E,FEMENINO,4,8432000
2017,6,22,1,1,E,MASCULINO,13,27256900
2017,6,22,1,1,F,FEMENINO,7,13345675
2017,6,22,1,1,F,MASCULINO,6,10944330
2017,6,22,1,1,G,FEMENINO,1,1824055
2017,6,22,1,1,G,MASCULINO,1,1824055
2017,6,22,1,1,J,MASCULINO,4,14000000
2017,6,22,2,1,A,MASCULINO,1,18240200
2017,6,22,2,1,B,FEMENINO,2,5945772
2017,6,22,2,1,C,FEMENINO,6,22361808
2017,6,22,2,1,C,MASCULINO,8,39584828
2017,6,22,2,1,D,FEMENINO,1,2338224
2017,6,22,2,1,E,FEMENINO,4,6600744
2017,6,22,2,1,E,MASCULINO,10,16316700
2017,6,22,2,1,G,FEMENINO,4,6600744
2017,6,22,2,1,G,MASCULINO,9,14645246
2017,6,22,2,1,J,FEMENINO,3,8010000
2017,6,22,2,1,J,MASCULINO,1,4450000
2017,6,22,3,1,A,MASCULINO,1,36480400
2017,6,22,3,1,B,MASCULINO,1,8288000
2017,6,22,3,1,C,FEMENINO,3,28381710
2017,6,22,3,1,C,MASCULINO,9,109371060
2017,6,22,3,1,E,FEMENINO,4,16507858
2017,6,22,3,1,G,FEMENINO,9,46597286
2017,6,22,3,1,G,MASCULINO,11,58668874
2017,6,22,3,1,J,FEMENINO,1,6000000
2017,6,22,3,1,J,MASCULINO,3,22000000
2017,6,22,4,1,A,MASCULINO,1,18240200
2017,6,22,4,1,B,FEMENINO,1,3480960
2017,6,22,4,1,B,MASCULINO,1,5064780
2017,6,22,4,1,C,FEMENINO,9,40364268
2017,6,22,4,1,C,MASCULINO,15,64629600
2017,6,22,4,1,D,FEMENINO,3,6987204
2017,6,22,4,1,D,MASCULINO,4,8937768
2017,6,22,4,1,E,FEMENINO,2,3599904
2017,6,22,4,1,E,MASCULINO,3,5216652
2017,6,22,4,1,G,FEMENINO,13,20916284
2017,6,22,4,1,G,MASCULINO,18,29225106
2017,6,22,4,1,J,FEMENINO,1,2520000
2017,6,22,4,1,J,MASCULINO,3,9240000
2017,6,22,5,1,A,MASCULINO,1,18240200
2017,6,22,5,1,B,FEMENINO,1,3480960
2017,6,22,5,1,B,MASCULINO,1,3480960
2017,6,22,5,1,C,FEMENINO,2,5680752
2017,6,22,5,1,C,MASCULINO,20,90224563
2017,6,22,5,1,D,FEMENINO,6,12397560
2017,6,22,5,1,D,MASCULINO,4,8441076
2017,6,22,5,1,E,FEMENINO,7,11912262
2017,6,22,5,1,E,MASCULINO,5,8371700
2017,6,22,5,1,F,FEMENINO,3,4812032
2017,6,22,5,1,F,MASCULINO,6,9624064
2017,6,22,5,1,G,FEMENINO,3,4596618
2017,6,22,5,1,G,MASCULINO,5,7661030
2017,6,22,5,1,J,FEMENINO,2,6300000
2017,6,22,5,1,J,MASCULINO,2,5460000
2017,6,22,6,1,A,MASCULINO,1,18240200
2017,6,22,6,1,B,FEMENINO,1,3480960
2017,6,22,6,1,C,FEMENINO,6,29906520
2017,6,22,6,1,C,MASCULINO,14,76510828
2017,6,22,6,1,D,MASCULINO,1,2338224
2017,6,22,6,1,E,MASCULINO,3,5322156
2017,6,22,6,1,F,FEMENINO,1,1650186
2017,6,22,6,1,F,MASCULINO,1,1650186
2017,6,22,6,1,G,FEMENINO,4,6600744
2017,6,22,6,1,G,MASCULINO,5,8250930
2017,6,22,6,1,J,FEMENINO,1,4200000
2017,6,22,6,1,J,MASCULINO,3,7560000
2017,6,22,7,1,A,FEMENINO,2,8603616
2017,6,22,7,1,A,MASCULINO,2,21721160
2017,6,22,7,1,B,MASCULINO,1,3480960
2017,6,22,7,1,C,FEMENINO,10,37173444
2017,6,22,7,1,C,MASCULINO,25,97199592
2017,6,22,7,1,D,FEMENINO,13,28183848
2017,6,22,7,1,D,MASCULINO,25,54582696
2017,6,22,7,1,E,FEMENINO,5,9023616
2017,6,22,7,1,E,MASCULINO,11,19608060
2017,6,22,7,1,G,FEMENINO,6,10466166
2017,6,22,7,1,G,MASCULINO,9,16496514
2017,6,22,7,1,J,FEMENINO,3,7560000
2017,6,22,8,1,A,MASCULINO,1,18240200
2017,6,22,8,1,B,MASCULINO,1,4144000
2017,6,22,8,1,C,FEMENINO,3,22275600
2017,6,22,8,1,C,MASCULINO,7,38999400
2017,6,22,8,1,D,FEMENINO,1,2256200
2017,6,22,8,1,D,MASCULINO,2,5083100
2017,6,22,8,1,E,FEMENINO,3,5472165
2017,6,22,8,1,E,MASCULINO,24,45345090
2017,6,22,8,1,F,FEMENINO,4,7296220
2017,6,22,8,1,F,MASCULINO,3,5472165
2017,6,22,8,1,G,FEMENINO,13,23712715
2017,6,22,8,1,G,MASCULINO,14,24022605
2017,6,22,8,1,J,FEMENINO,1,3000000
2017,6,22,8,1,J,MASCULINO,3,11000000
2017,6,22,9,1,A,MASCULINO,2,22126880
2017,6,22,9,1,B,FEMENINO,1,3480960
2017,6,22,9,1,B,MASCULINO,1,2730420
2017,6,22,9,1,C,FEMENINO,3,11383008
2017,6,22,9,1,C,MASCULINO,15,83860560
2017,6,22,9,1,D,FEMENINO,3,6790308
2017,6,22,9,1,D,MASCULINO,11,25715256
2017,6,22,9,1,E,FEMENINO,1,2338224
2017,6,22,9,1,E,MASCULINO,8,12987050
2017,6,22,9,1,F,MASCULINO,7,10725442
2017,6,22,9,1,G,FEMENINO,8,14012682
2017,6,22,9,1,G,MASCULINO,11,20010328
2017,6,22,9,1,J,FEMENINO,1,2520000
2017,6,22,9,1,J,MASCULINO,3,9100000
2017,6,22,10,1,A,MASCULINO,1,18240200
2017,6,22,10,1,B,MASCULINO,1,4144000
2017,6,22,10,1,C,FEMENINO,5,19706900
2017,6,22,10,1,C,MASCULINO,17,116428900
2017,6,22,10,1,D,FEMENINO,1,2412000
2017,6,22,10,1,D,MASCULINO,1,2611500
2017,6,22,10,1,E,FEMENINO,2,4091700
2017,6,22,10,1,E,MASCULINO,11,21540555
2017,6,22,10,1,G,FEMENINO,8,14592440
2017,6,22,10,1,G,MASCULINO,9,16705140
2017,6,22,10,1,J,FEMENINO,1,3000000
2017,6,22,10,1,J,MASCULINO,2,7500000
2017,6,22,11,1,A,MASCULINO,1,18240200
2017,6,22,11,1,B,MASCULINO,2,8288000
2017,6,22,11,1,C,FEMENINO,18,79638100
2017,6,22,11,1,C,MASCULINO,14,62249700
2017,6,22,11,1,D,FEMENINO,12,26509800
2017,6,22,11,1,D,MASCULINO,20,44928000
2017,6,22,11,1,E,FEMENINO,5,10401055
2017,6,22,11,1,E,MASCULINO,2,3725155
2017,6,22,11,1,G,FEMENINO,5,9120275
2017,6,22,11,1,G,MASCULINO,8,15065185
2017,6,22,11,1,J,FEMENINO,2,6500000
2017,6,22,11,1,J,MASCULINO,2,7500000
2017,6,22,12,1,A,FEMENINO,1,2444960
2017,6,22,12,1,A,MASCULINO,1,18240200
2017,6,22,12,1,B,FEMENINO,1,3315200
2017,6,22,12,1,C,FEMENINO,9,34104124
2017,6,22,12,1,C,MASCULINO,13,48976799
2017,6,22,12,1,D,FEMENINO,3,7250509
2017,6,22,12,1,D,MASCULINO,4,8922787
2017,6,22,12,1,E,FEMENINO,8,13460911
2017,6,22,12,1,E,MASCULINO,9,14198142
2017,6,22,12,1,G,FEMENINO,1,1513965
2017,6,22,12,1,G,MASCULINO,5,7186775
2017,6,22,12,1,J,FEMENINO,4,11110000
2017,6,22,13,1,A,MASCULINO,1,18240200
2017,6,22,13,1,B,FEMENINO,1,4144000
2017,6,22,13,1,C,FEMENINO,4,17185900
2017,6,22,13,1,C,MASCULINO,6,44551000
2017,6,22,13,1,D,FEMENINO,1,2794600
2017,6,22,13,1,E,FEMENINO,1,1964507
2017,6,22,13,1,E,MASCULINO,1,1964507
2017,6,22,13,1,F,FEMENINO,2,3929014
2017,6,22,13,1,G,FEMENINO,8,15716056
2017,6,22,13,1,G,MASCULINO,10,19645070
2017,6,22,13,1,J,FEMENINO,2,5100000
2017,6,22,13,1,J,MASCULINO,2,5890000
2017,6,22,14,1,A,MASCULINO,1,0
2017,6,22,14,1,B,FEMENINO,1,3480960
2017,6,22,14,1,C,FEMENINO,1,6237168
2017,6,22,14,1,C,MASCULINO,10,48058584
2017,6,22,14,1,D,MASCULINO,2,4182948
2017,6,22,14,1,E,FEMENINO,1,1532206
2017,6,22,14,1,E,MASCULINO,2,3064412
2017,6,22,14,1,F,FEMENINO,4,6128824
2017,6,22,14,1,F,MASCULINO,5,7661030
2017,6,22,14,1,G,FEMENINO,3,4596618
2017,6,22,14,1,G,MASCULINO,7,10725442
2017,6,22,14,1,J,MASCULINO,4,11760000
2017,6,22,15,1,A,MASCULINO,1,18240200
2017,6,22,15,1,B,FEMENINO,1,3480960
2017,6,22,15,1,C,FEMENINO,3,10806926
2017,6,22,15,1,C,MASCULINO,12,52221288
2017,6,22,15,1,D,MASCULINO,4,9033360
2017,6,22,15,1,E,FEMENINO,2,3064412
2017,6,22,15,1,E,MASCULINO,5,7507030
2017,6,22,15,1,F,MASCULINO,2,3064412
2017,6,22,15,1,G,FEMENINO,1,1532206
2017,6,22,15,1,G,MASCULINO,3,4596618
2017,6,22,15,1,J,FEMENINO,2,6720000
2017,6,22,15,1,J,MASCULINO,2,5040000
2017,6,22,16,1,A,FEMENINO,1,4432000
2017,6,22,16,1,A,MASCULINO,2,22999800
2017,6,22,16,1,C,FEMENINO,6,26729400
2017,6,22,16,1,C,MASCULINO,12,64293700
2017,6,22,16,1,D,MASCULINO,5,12639800
2017,6,22,16,1,E,FEMENINO,6,11263075
2017,6,22,16,1,E,MASCULINO,9,17233130
2017,6,22,16,1,F,FEMENINO,4,7296220
2017,6,22,16,1,F,MASCULINO,3,7044510
2017,6,22,16,1,G,FEMENINO,4,7296220
2017,6,22,16,1,G,MASCULINO,7,13632830
2017,6,22,16,1,J,FEMENINO,1,3000000
2017,6,22,16,1,J,MASCULINO,3,11000000
2017,6,22,17,1,A,FEMENINO,1,0
2017,6,22,17,1,B,MASCULINO,2,6280848
2017,6,22,17,1,C,FEMENINO,3,11583180
2017,6,22,17,1,C,MASCULINO,6,26882268
2017,6,22,17,1,D,MASCULINO,1,1989288
2017,6,22,17,1,E,FEMENINO,1,1532206
2017,6,22,17,1,E,MASCULINO,11,18246832
2017,6,22,17,1,F,FEMENINO,1,1532206
2017,6,22,17,1,F,MASCULINO,2,3534046
2017,6,22,17,1,G,FEMENINO,6,9193236
2017,6,22,17,1,G,MASCULINO,10,15322060
2017,6,23,1,1,A,FEMENINO,1,20020000
2017,6,23,1,1,B,FEMENINO,5,32760000
2017,6,23,1,1,B,MASCULINO,6,43680000
2017,6,23,1,1,C,FEMENINO,23,116753000
2017,6,23,1,1,C,MASCULINO,24,126945000
2017,6,23,1,1,D,FEMENINO,61,234507000
2017,6,23,1,1,D,MASCULINO,29,107198000
2017,6,23,1,1,E,FEMENINO,23,60424000
2017,6,23,1,1,E,MASCULINO,29,81809000
2017,6,23,1,1,F,FEMENINO,34,81172000
2017,6,23,1,1,F,MASCULINO,45,92183000
2017,6,23,3,1,A,FEMENINO,1,7476000
2017,6,23,3,1,A,MASCULINO,2,25956000
2017,6,23,3,1,B,FEMENINO,38,270480000
2017,6,23,3,1,B,MASCULINO,67,471492000
2017,6,23,3,1,C,FEMENINO,48,241920000
2017,6,23,3,1,C,MASCULINO,123,619920000
2017,6,23,3,1,D,FEMENINO,20,90048000
2017,6,23,3,1,D,MASCULINO,56,244860000
2017,6,23,3,1,E,FEMENINO,7,24108000
2017,6,23,3,1,E,MASCULINO,35,120540000
2017,6,23,3,1,G,FEMENINO,12,35616000
2017,6,23,3,1,G,MASCULINO,53,157332000
2017,6,23,4,1,A,FEMENINO,1,4158700
2017,6,23,4,1,A,MASCULINO,1,3798900
2017,6,23,4,1,B,FEMENINO,3,15495800
2017,6,23,4,1,B,MASCULINO,4,25156200
2017,6,23,4,1,C,FEMENINO,15,66644100
2017,6,23,4,1,C,MASCULINO,5,22202000
2017,6,23,4,1,D,FEMENINO,12,41619800
2017,6,23,4,1,D,MASCULINO,6,22343200
2017,6,23,4,1,E,FEMENINO,2,9149600
2017,6,23,4,1,E,MASCULINO,1,4574800
2017,6,23,4,1,F,FEMENINO,15,44105000
2017,6,23,4,1,F,MASCULINO,13,39135100
2017,6,23,4,1,G,FEMENINO,4,11263600
2017,6,23,4,1,G,MASCULINO,9,26481800
2017,6,23,6,1,3,MASCULINO,1,4564900
2017,6,23,6,1,B,FEMENINO,2,10153800
2017,6,23,6,1,B,MASCULINO,1,5076900
2017,6,23,6,1,C,FEMENINO,20,73275000
2017,6,23,6,1,C,MASCULINO,24,81041500
2017,6,23,6,1,D,MASCULINO,7,20149900
2017,6,23,6,1,E,MASCULINO,1,2013300
2017,6,23,6,1,G,FEMENINO,5,11868000
2017,6,23,6,1,G,MASCULINO,4,9494400
2017,6,23,8,1,B,FEMENINO,5,34340964
2017,6,23,8,1,B,MASCULINO,2,12962712
2017,6,23,8,1,C,FEMENINO,3,15755544
2017,6,23,8,1,C,MASCULINO,3,18485628
2017,6,23,8,1,D,FEMENINO,1,3286080
2017,6,23,8,1,E,MASCULINO,1,3317748
2017,6,23,8,1,G,FEMENINO,1,2152080
2017,6,23,9,1,A,FEMENINO,1,5318040
2017,6,23,9,1,A,MASCULINO,1,6597360
2017,6,23,9,1,B,FEMENINO,6,29355984
2017,6,23,9,1,B,MASCULINO,4,21507528
2017,6,23,9,1,C,FEMENINO,13,53235000
2017,6,23,9,1,C,MASCULINO,6,24570000
2017,6,23,9,1,F,FEMENINO,2,3415944
2017,6,23,9,1,F,MASCULINO,1,1707972
2017,6,23,10,1,B,FEMENINO,3,34000000
2017,6,23,10,1,B,MASCULINO,13,172000000
2017,6,23,10,1,C,FEMENINO,52,418700000
2017,6,23,10,1,C,MASCULINO,99,886100000
2017,6,23,10,1,D,FEMENINO,4,16300000
2017,6,23,10,1,D,MASCULINO,16,58400000
2017,6,23,10,1,F,FEMENINO,18,88700000
2017,6,23,10,1,F,MASCULINO,28,136200000
2017,6,23,10,1,G,FEMENINO,4,14700000
2017,6,23,10,1,G,MASCULINO,22,80000000
2017,6,23,11,1,A,MASCULINO,1,20020000
2017,6,23,11,1,B,FEMENINO,3,17849927
2017,6,23,11,1,B,MASCULINO,15,102237206
2017,6,23,11,1,C,FEMENINO,10,51563775
2017,6,23,11,1,C,MASCULINO,13,67579227
2017,6,23,11,1,D,FEMENINO,23,86709791
2017,6,23,11,1,D,MASCULINO,54,180929324
2017,6,23,11,1,E,FEMENINO,5,11822650
2017,6,23,11,1,E,MASCULINO,31,66447804
2017,6,23,11,1,F,FEMENINO,2,5068000
2017,6,23,11,1,F,MASCULINO,5,7664509
2017,6,23,11,1,G,FEMENINO,14,26024878
2017,6,23,11,1,G,MASCULINO,75,134005007
2017,6,23,13,1,F,FEMENINO,4,9394400
2017,6,23,13,1,F,MASCULINO,5,11649428
2017,6,23,13,1,G,FEMENINO,13,56790566
2017,6,23,13,1,G,MASCULINO,27,121708195
2017,6,23,14,1,A,FEMENINO,2,9532548
2017,6,23,14,1,A,MASCULINO,2,24681000
2017,6,23,14,1,B,FEMENINO,5,38211377
2017,6,23,14,1,B,MASCULINO,4,30968861
2017,6,23,14,1,C,FEMENINO,8,41659369
2017,6,23,14,1,C,MASCULINO,18,89042476
2017,6,23,14,1,D,FEMENINO,31,109793832
2017,6,23,14,1,D,MASCULINO,15,55051250
2017,6,23,14,1,E,FEMENINO,18,43834928
2017,6,23,14,1,E,MASCULINO,18,42456059
2017,6,23,14,1,F,FEMENINO,3,5010000
2017,6,23,14,1,F,MASCULINO,4,10412035
2017,6,23,14,1,G,FEMENINO,3,6689345
2017,6,23,14,1,G,MASCULINO,5,11515690
2017,6,23,15,1,A,FEMENINO,181,1344788778
2017,6,23,15,1,A,MASCULINO,812,6471886770
2017,6,23,16,1,A,FEMENINO,1,8500000
2017,6,23,16,1,A,MASCULINO,5,59500000
2017,6,23,16,1,B,FEMENINO,20,204600000
2017,6,23,16,1,B,MASCULINO,18,200400000
2017,6,23,16,1,C,FEMENINO,80,539400000
2017,6,23,16,1,C,MASCULINO,119,816000000
2017,6,23,16,1,D,FEMENINO,210,892100000
2017,6,23,16,1,D,MASCULINO,205,869183327
2017,6,23,16,1,E,FEMENINO,78,193512700
2017,6,23,16,1,E,MASCULINO,300,755000000
2017,6,23,16,1,F,FEMENINO,40,107600000
2017,6,23,16,1,F,MASCULINO,66,180900000
2017,6,23,16,1,G,FEMENINO,95,195011685
2017,6,23,16,1,G,MASCULINO,243,487542367
2017,6,23,17,1,A,FEMENINO,1,0
2017,6,23,17,1,B,FEMENINO,4,26460000
2017,6,23,17,1,B,MASCULINO,5,29573600
2017,6,23,17,1,C,FEMENINO,2,15139600
2017,6,23,17,1,C,MASCULINO,3,27384000
2017,6,23,17,1,D,FEMENINO,22,63579600
2017,6,23,17,1,D,MASCULINO,5,14669200
2017,6,23,17,1,E,FEMENINO,9,22932000
2017,6,23,17,1,E,MASCULINO,9,26796000
2017,6,23,17,1,F,FEMENINO,1,2016000
2017,6,23,17,1,F,MASCULINO,2,4032000
2017,6,23,17,1,G,FEMENINO,2,4452000
2017,6,23,17,1,G,MASCULINO,1,2436000
2017,6,23,18,1,A,MASCULINO,1,18263750
2017,6,23,18,1,B,FEMENINO,6,59942221
2017,6,23,18,1,B,MASCULINO,17,169309111
2017,6,23,18,1,C,FEMENINO,53,343689016
2017,6,23,18,1,C,MASCULINO,68,448402144
2017,6,23,18,1,D,FEMENINO,40,166593946
2017,6,23,18,1,D,MASCULINO,43,172906631
2017,6,23,18,1,E,FEMENINO,15,51681937
2017,6,23,18,1,E,MASCULINO,29,97076674
2017,6,23,18,1,F,FEMENINO,10,28889973
2017,6,23,18,1,F,MASCULINO,21,58868914
2017,6,23,18,1,G,FEMENINO,16,38193879
2017,6,23,18,1,G,MASCULINO,47,104479661
2017,6,23,19,1,A,FEMENINO,6,66500000
2017,6,23,19,1,A,MASCULINO,2,35000000
2017,6,23,19,1,B,FEMENINO,6,72400000
2017,6,23,19,1,B,MASCULINO,2,26000000
2017,6,23,19,1,C,FEMENINO,26,187100000
2017,6,23,19,1,C,MASCULINO,28,198300000
2017,6,23,19,1,D,FEMENINO,21,87000000
2017,6,23,19,1,D,MASCULINO,14,56300000
2017,6,23,19,1,E,FEMENINO,9,24200000
2017,6,23,19,1,E,MASCULINO,13,37400000
2017,6,23,20,1,A,MASCULINO,2,26300000
2017,6,23,20,1,B,FEMENINO,9,76800000
2017,6,23,20,1,B,MASCULINO,15,138800000
2017,6,23,20,1,C,FEMENINO,10,64500000
2017,6,23,20,1,C,MASCULINO,19,115500000
2017,6,23,20,1,D,FEMENINO,41,184200000
2017,6,23,20,1,D,MASCULINO,63,278300000
2017,6,23,20,1,E,FEMENINO,27,78290822
2017,6,23,20,1,E,MASCULINO,125,354317877
2017,6,23,20,1,F,FEMENINO,1,2245411
2017,6,23,20,1,G,FEMENINO,9,20208699
2017,6,23,20,1,G,MASCULINO,29,65035275
2017,6,23,21,1,6,FEMENINO,1,3986136
2017,6,23,21,1,6,MASCULINO,3,11305896
2017,6,23,21,1,A,MASCULINO,2,10020096
2017,6,23,21,1,B,FEMENINO,6,23325204
2017,6,23,21,1,B,MASCULINO,6,23286564
2017,6,23,21,1,C,FEMENINO,57,212662884
2017,6,23,21,1,C,MASCULINO,52,188481048
2017,6,23,21,1,D,FEMENINO,41,121050720
2017,6,23,21,1,D,MASCULINO,75,223521312
2017,6,23,21,1,E,FEMENINO,16,29834498
2017,6,23,21,1,E,MASCULINO,36,74982888
2017,6,23,21,1,F,FEMENINO,3,7432172
2017,6,23,21,1,F,MASCULINO,5,9430730
2017,6,23,21,1,G,FEMENINO,2,3571186
2017,6,23,21,1,G,MASCULINO,8,22120506
2017,6,23,22,1,A,MASCULINO,3,30576000
2017,6,23,22,1,B,FEMENINO,14,117348000
2017,6,23,22,1,B,MASCULINO,13,118776000
2017,6,23,22,1,C,FEMENINO,16,89712000
2017,6,23,22,1,C,MASCULINO,28,171864000
2017,6,23,22,1,D,FEMENINO,60,238560000
2017,6,23,22,1,D,MASCULINO,58,226212000
2017,6,23,22,1,E,FEMENINO,9,24528000
2017,6,23,22,1,E,MASCULINO,43,115584000
2017,6,23,22,1,F,FEMENINO,2,4704000
2017,6,23,22,1,F,MASCULINO,14,40068000
2017,6,23,22,1,G,FEMENINO,16,36708000
2017,6,23,22,1,G,MASCULINO,50,103992000
2017,6,23,23,1,4,MASCULINO,1,7623000
2017,6,23,23,1,A,FEMENINO,1,12223640
2017,6,23,23,1,B,FEMENINO,14,108178100
2017,6,23,23,1,B,MASCULINO,12,91167700
2017,6,23,23,1,C,FEMENINO,84,424589600
2017,6,23,23,1,C,MASCULINO,66,330863200
2017,6,23,23,1,D,FEMENINO,47,154277667
2017,6,23,23,1,D,MASCULINO,57,190079100
2017,6,23,23,1,E,FEMENINO,4,18610100
2017,6,23,23,1,E,MASCULINO,3,13817000
2017,6,23,23,1,F,FEMENINO,6,16518500
2017,6,23,23,1,F,MASCULINO,5,13151700
2017,6,23,23,1,G,FEMENINO,8,22991000
2017,6,23,23,1,G,MASCULINO,23,63843000
2017,6,23,24,1,A,MASCULINO,2,29400000
2017,6,23,24,1,B,FEMENINO,2,21336000
2017,6,23,24,1,B,MASCULINO,5,54096000
2017,6,23,24,1,C,FEMENINO,22,146412000
2017,6,23,24,1,C,MASCULINO,11,62580000
2017,6,23,24,1,D,FEMENINO,104,356832000
2017,6,23,24,1,D,MASCULINO,62,220836000
2017,6,23,24,1,E,FEMENINO,67,172452000
2017,6,23,24,1,E,MASCULINO,54,140028000
2017,6,23,24,1,F,FEMENINO,15,32928000
2017,6,23,24,1,F,MASCULINO,11,27300000
2017,6,23,24,1,G,FEMENINO,293,608160000
2017,6,23,24,1,G,MASCULINO,311,656712000
2017,6,23,25,1,3,MASCULINO,1,3443202
2017,6,23,25,1,5,FEMENINO,1,3150336
2017,6,23,25,1,6,FEMENINO,2,7897512
2017,6,23,25,1,6,MASCULINO,1,3861440
2017,6,23,25,1,A,FEMENINO,1,6403320
2017,6,23,25,1,B,FEMENINO,9,44670529
2017,6,23,25,1,B,MASCULINO,18,80825541
2017,6,23,25,1,C,FEMENINO,15,38077444
2017,6,23,25,1,C,MASCULINO,15,38464473
2017,6,23,25,1,D,FEMENINO,6,15189017
2017,6,23,25,1,D,MASCULINO,7,15641140
2017,6,23,25,1,E,MASCULINO,1,2154190
2017,6,23,25,1,F,FEMENINO,9,19017868
2017,6,23,25,1,F,MASCULINO,22,40569666
2017,6,23,26,1,A,FEMENINO,1,4834620
2017,6,23,26,1,B,FEMENINO,2,7107744
2017,6,23,26,1,B,MASCULINO,5,17769360
2017,6,23,26,1,C,FEMENINO,4,14364000
2017,6,23,26,1,C,MASCULINO,6,16136652
2017,6,23,26,1,D,FEMENINO,1,1772820
2017,6,23,26,1,D,MASCULINO,1,1929312
2017,6,23,26,1,E,FEMENINO,3,5673888
2017,6,23,26,1,E,MASCULINO,2,3782592
2017,6,23,26,1,G,MASCULINO,1,1891296
2017,6,23,27,1,B,FEMENINO,1,10920000
2017,6,23,27,1,C,FEMENINO,1,7980000
2017,6,23,28,1,A,MASCULINO,1,12600000
2017,6,23,28,1,B,FEMENINO,3,26712000
2017,6,23,28,1,B,MASCULINO,6,47376000
2017,6,23,28,1,C,MASCULINO,2,15960000
2017,6,23,29,1,A,FEMENINO,1,3840000
2017,6,23,29,1,A,MASCULINO,1,4032000
2017,6,23,29,1,B,FEMENINO,3,23688000
2017,6,23,29,1,C,FEMENINO,4,24528000
2017,6,23,29,1,C,MASCULINO,2,12264000
2017,6,23,29,1,D,FEMENINO,3,8820000
2017,6,23,29,1,E,FEMENINO,3,8064000
2017,6,23,29,1,E,MASCULINO,3,8064000
2017,6,23,30,1,A,MASCULINO,1,18480000
2017,6,23,30,1,B,FEMENINO,2,17976000
2017,6,23,30,1,B,MASCULINO,2,18816000
2017,6,23,30,1,C,FEMENINO,1,5040000
2017,6,23,30,1,D,FEMENINO,2,9072000
2017,6,23,30,1,D,MASCULINO,3,9492000
2017,6,23,30,1,G,MASCULINO,2,3696000
2017,6,23,31,1,A,MASCULINO,1,22000000
2017,6,23,31,1,B,FEMENINO,2,12432000
2017,6,23,31,1,B,MASCULINO,5,45192000
2017,6,23,31,1,C,FEMENINO,2,9744000
2017,6,23,31,1,D,FEMENINO,5,15960000
2017,6,23,31,1,D,MASCULINO,3,9576000
2017,6,24,1,1,C,MASCULINO,1,2250919
2017,6,24,1,1,D,FEMENINO,1543,4093997165
2017,6,24,1,1,D,MASCULINO,1463,3903254640
2017,6,24,1,1,F,FEMENINO,146,545922614
2017,6,24,1,1,F,MASCULINO,157,597952315
2017,6,24,1,1,G,FEMENINO,372,1984782912
2017,6,24,1,1,G,MASCULINO,271,1421114494
2017,6,24,1,1,H,FEMENINO,129,896854316
2017,6,24,1,1,H,MASCULINO,157,1059128236
2017,6,24,1,1,I,FEMENINO,154,1239575770
2017,6,24,1,1,I,MASCULINO,144,1188302929
2017,6,24,1,1,S,FEMENINO,5824,28142911828
2017,6,24,1,1,S,MASCULINO,2546,14525226685
2017,6,24,2,1,G,FEMENINO,4,9894697
2017,6,24,2,1,G,MASCULINO,3,5809255
2017,6,24,2,1,X,MASCULINO,4,7296220
2017,6,24,3,1,A,FEMENINO,6,11985852
2017,6,24,3,1,A,MASCULINO,11,27969658
2017,6,24,3,1,P,FEMENINO,11,42774435
2017,6,24,3,1,P,MASCULINO,16,60233063
2017,6,24,4,1,1,MASCULINO,1,1467112
2017,6,24,4,1,A,FEMENINO,44,155473724
2017,6,24,4,1,A,MASCULINO,69,244518763
2017,6,24,4,1,R,MASCULINO,1,3143214
2017,6,24,5,1,C,FEMENINO,1,1937700
2017,6,24,5,1,E,FEMENINO,25,31725770
2017,6,24,5,1,E,MASCULINO,28,38715365
2017,6,24,5,1,F,FEMENINO,8,14270165
2017,6,24,5,1,F,MASCULINO,5,8840285
2017,6,24,5,1,G,FEMENINO,6,18444780
2017,6,24,5,1,G,MASCULINO,1,2346030
2017,6,24,5,1,H,FEMENINO,16,28974821
2017,6,24,5,1,H,MASCULINO,23,48741723
2017,6,24,5,1,I,FEMENINO,6,11669421
2017,6,24,5,1,I,MASCULINO,13,29093767
2017,6,24,5,1,K,FEMENINO,11,38192220
2017,6,24,5,1,K,MASCULINO,13,53467530
2017,6,24,5,1,R,FEMENINO,1,3293100
2017,6,24,5,1,R,MASCULINO,4,13172400
2017,6,25,2,1,1,FEMENINO,1,3969222
2017,6,25,2,1,A,FEMENINO,449,1318943168
2017,6,25,2,1,A,MASCULINO,603,1865921577
2017,6,25,2,1,B,FEMENINO,2,2065067
2017,6,25,2,1,B,MASCULINO,1,2933618
2017,6,25,2,1,C,FEMENINO,4,10102204
2017,6,25,2,1,C,MASCULINO,4,8463876
2017,6,25,2,1,D,MASCULINO,1,4031350
2017,6,25,2,1,O,FEMENINO,103,263810398
2017,6,25,2,1,O,MASCULINO,1440,4294220452
2017,6,25,2,1,P,FEMENINO,191,1249359353
2017,6,25,2,1,P,MASCULINO,519,3608925687
2017,6,25,2,1,T,FEMENINO,76,275066465
2017,6,25,2,1,T,MASCULINO,738,2717944300
2017,6,25,2,1,V,MASCULINO,2,10103369
2017,6,25,2,1,X,MASCULINO,3,6953493
2017,6,25,4,1,1,FEMENINO,20,55137899
2017,6,25,4,1,1,MASCULINO,66,241039845
2017,6,25,4,1,E,FEMENINO,132,293443596
2017,6,25,4,1,E,MASCULINO,560,1258280611
2017,6,25,4,1,F,FEMENINO,64,125744700
2017,6,25,4,1,F,MASCULINO,171,340342704
2017,6,25,4,1,G,FEMENINO,49,129906839
2017,6,25,4,1,G,MASCULINO,155,424730318
2017,6,25,4,1,H,FEMENINO,22,55106736
2017,6,25,4,1,H,MASCULINO,39,95468995
2017,6,25,4,1,I,FEMENINO,1,2094288
2017,6,25,4,1,I,MASCULINO,2,4674803
2017,6,25,4,1,J,FEMENINO,4,11914600
2017,6,25,4,1,J,MASCULINO,5,15378552
2017,6,25,4,1,K,FEMENINO,8,24014795
2017,6,25,4,1,K,MASCULINO,26,84884187
2017,6,25,4,1,R,FEMENINO,5,25788224
2017,6,25,4,1,R,MASCULINO,19,105438744
2017,6,25,5,1,A,FEMENINO,3,17199000
2017,6,25,5,1,A,MASCULINO,15,109473000
2017,6,25,5,1,B,FEMENINO,13,115015864
2017,6,25,5,1,B,MASCULINO,37,330710000
2017,6,25,5,1,C,FEMENINO,89,583250060
2017,6,25,5,1,C,MASCULINO,190,1271584128
2017,6,25,5,1,D,FEMENINO,142,568692000
2017,6,25,5,1,D,MASCULINO,254,1008548250
2017,6,25,5,1,E,FEMENINO,253,852053000
2017,6,25,5,1,E,MASCULINO,586,1977498000
2017,6,25,6,1,1,FEMENINO,5,22893000
2017,6,25,6,1,1,MASCULINO,13,55118100
2017,6,25,6,1,2,FEMENINO,3,15750700
2017,6,25,6,1,2,MASCULINO,7,37548200
2017,6,25,6,1,F,FEMENINO,1,1918600
2017,6,25,6,1,F,MASCULINO,5,12182700
2017,6,25,6,1,G,FEMENINO,5,21321200
2017,6,25,6,1,G,MASCULINO,17,62631700
2017,6,25,6,1,H,FEMENINO,7,22312500
2017,6,25,6,1,H,MASCULINO,37,115968000
2017,6,25,6,1,I,FEMENINO,14,42026600
2017,6,25,6,1,I,MASCULINO,77,236335300
2017,6,25,6,1,J,FEMENINO,1,2215600
2017,6,25,6,1,J,MASCULINO,12,38023800
2017,6,25,6,1,K,FEMENINO,28,127326500
2017,6,25,6,1,K,MASCULINO,212,907524400
2017,6,25,6,1,R,FEMENINO,20,145271200
2017,6,25,6,1,R,MASCULINO,62,442154940
2017,6,25,7,1,2,MASCULINO,5,42656000
2017,6,25,7,1,F,FEMENINO,12,37614500
2017,6,25,7,1,F,MASCULINO,16,45892850
2017,6,25,7,1,G,FEMENINO,86,431466962
2017,6,25,7,1,G,MASCULINO,384,1705649921
2017,6,25,7,1,H,FEMENINO,4,9603600
2017,6,25,7,1,H,MASCULINO,3,5982000
2017,6,25,7,1,X,FEMENINO,3,12813590
2017,6,25,7,1,X,MASCULINO,37,165031442
2017,6,27,1,1,B,FEMENINO,294,1634796500
2017,6,27,1,1,B,MASCULINO,838,5433559000
2017,6,27,3,1,A,FEMENINO,3,35600000
2017,6,27,3,1,A,MASCULINO,2,17000000
2017,6,27,3,1,B,FEMENINO,4,31600000
2017,6,27,3,1,B,MASCULINO,12,92800000
2017,6,27,3,1,C,MASCULINO,1,6700000
2017,6,27,3,1,D,FEMENINO,43,204000000
2017,6,27,3,1,D,MASCULINO,115,540300000
2017,6,27,3,1,E,FEMENINO,12,48000000
2017,6,27,3,1,E,MASCULINO,18,77700000
2017,6,27,3,1,F,FEMENINO,38,109900000
2017,6,27,3,1,F,MASCULINO,73,207600000
2017,6,27,3,1,G,FEMENINO,23,58100000
2017,6,27,3,1,G,MASCULINO,59,157900000
2017,6,27,4,1,K,FEMENINO,40,179187883
2017,6,27,4,1,K,MASCULINO,84,394832587
2017,6,27,5,1,G,FEMENINO,1,1800981
2017,6,27,5,1,H,FEMENINO,3,6892707
2017,6,27,5,1,H,MASCULINO,1,2375373
2017,6,27,7,1,A,FEMENINO,26,140247200
2017,6,27,7,1,A,MASCULINO,35,226321356
2017,6,28,1,1,A,FEMENINO,1,2666767
2017,6,28,1,1,B,FEMENINO,4,8488420
2017,6,28,1,1,B,MASCULINO,4,7208299
2017,6,28,1,1,C,FEMENINO,3,1532206
2017,6,28,1,1,C,MASCULINO,7,12130691
2017,6,28,1,1,D,FEMENINO,20,32649780
2017,6,28,1,1,D,MASCULINO,20,32885740
2017,6,28,1,1,E,FEMENINO,15,23692502
2017,6,28,1,1,E,MASCULINO,12,22515387
2017,6,28,1,1,F,FEMENINO,12,20706872
2017,6,28,1,1,F,MASCULINO,17,28705016
2017,6,28,1,1,G,FEMENINO,596,1812337708
2017,6,28,1,1,G,MASCULINO,483,1441313515
2017,6,28,1,1,H,FEMENINO,581,1284348056
2017,6,28,1,1,H,MASCULINO,756,1618394426
2017,6,28,1,1,I,FEMENINO,335,667149393
2017,6,28,1,1,I,MASCULINO,422,863988285
2017,6,28,1,1,K,FEMENINO,229,517842112
2017,6,28,1,1,K,MASCULINO,165,379837863
2017,6,28,1,1,L,FEMENINO,2478,5107947606
2017,6,28,1,1,L,MASCULINO,2521,5691969729
2017,6,28,1,1,M,FEMENINO,27,12269894
2017,6,28,1,1,M,MASCULINO,19,8966461
2017,6,28,1,1,O,MASCULINO,1,420000
2017,6,28,1,1,S,FEMENINO,1504,4315283957
2017,6,28,1,1,S,MASCULINO,422,1063084359
2017,6,28,1,1,U,FEMENINO,2592,7904381937
2017,6,28,1,1,U,MASCULINO,2701,8984487419
2017,6,28,1,1,Z,FEMENINO,98,217898573
2017,6,28,1,1,Z,MASCULINO,110,164228007
2017,6,28,2,1,C,FEMENINO,28,44495537
2017,6,28,2,1,C,MASCULINO,27,36280728
2017,6,28,2,1,D,FEMENINO,15,23297290
2017,6,28,2,1,D,MASCULINO,14,22958718
2017,6,28,2,1,E,FEMENINO,32,49918573
2017,6,28,2,1,E,MASCULINO,15,27763321
2017,6,28,2,1,F,FEMENINO,36,66450818
2017,6,28,2,1,F,MASCULINO,27,49258228
2017,6,28,2,1,G,FEMENINO,24,65814534
2017,6,28,2,1,G,MASCULINO,21,60502075
2017,6,28,2,1,H,FEMENINO,13,27863387
2017,6,28,2,1,H,MASCULINO,7,14927960
2017,6,28,2,1,K,FEMENINO,24,78233140
2017,6,28,2,1,K,MASCULINO,34,125740352
2017,6,28,2,1,L,FEMENINO,10,18577292
2017,6,28,2,1,L,MASCULINO,12,22957394
2017,6,28,2,1,U,FEMENINO,600,1851231836
2017,6,28,2,1,U,MASCULINO,607,2175717494
2017,6,28,2,1,Z,FEMENINO,2,2268000
2017,6,28,2,1,Z,MASCULINO,1,1134000
2017,6,28,3,1,1,FEMENINO,1,3482052
2017,6,28,3,1,1,MASCULINO,1,3482052
2017,6,28,3,1,D,FEMENINO,17,31293642
2017,6,28,3,1,D,MASCULINO,11,21691446
2017,6,28,3,1,E,FEMENINO,12,21457386
2017,6,28,3,1,E,MASCULINO,7,11900899
2017,6,28,3,1,F,FEMENINO,19,34497057
2017,6,28,3,1,F,MASCULINO,20,35926084
2017,6,28,3,1,G,FEMENINO,19,47979481
2017,6,28,3,1,G,MASCULINO,21,51568106
2017,6,28,3,1,H,FEMENINO,1,2450532
2017,6,28,3,1,K,FEMENINO,5,20389908
2017,6,28,3,1,K,MASCULINO,4,15371160
2017,6,28,3,1,U,FEMENINO,293,758538227
2017,6,28,3,1,U,MASCULINO,246,863425131
2017,6,28,4,1,1,FEMENINO,7,32872192
2017,6,28,4,1,1,MASCULINO,1,4728192
2017,6,28,4,1,C,FEMENINO,5,10610520
2017,6,28,4,1,C,MASCULINO,4,8488416
2017,6,28,4,1,E,FEMENINO,17,35916723
2017,6,28,4,1,E,MASCULINO,19,39627742
2017,6,28,4,1,F,FEMENINO,20,41926882
2017,6,28,4,1,F,MASCULINO,12,25520388
2017,6,28,4,1,G,FEMENINO,39,117942684
2017,6,28,4,1,G,MASCULINO,16,46477492
2017,6,28,4,1,H,FEMENINO,42,92883054
2017,6,28,4,1,H,MASCULINO,32,70744519
2017,6,28,4,1,I,FEMENINO,1,2765600
2017,6,28,4,1,K,FEMENINO,14,45507672
2017,6,28,4,1,K,MASCULINO,4,13824984
2017,6,28,4,1,L,FEMENINO,447,981717952
2017,6,28,4,1,L,MASCULINO,343,936770757
2017,6,28,4,1,U,FEMENINO,71,131791195
2017,6,28,4,1,U,MASCULINO,51,147925166
2017,6,28,5,1,C,FEMENINO,6,9193236
2017,6,28,5,1,E,FEMENINO,31,48595994
2017,6,28,5,1,E,MASCULINO,37,57632264
2017,6,28,5,1,F,FEMENINO,12,23014236
2017,6,28,5,1,F,MASCULINO,7,13098036
2017,6,28,5,1,G,FEMENINO,36,87828752
2017,6,28,5,1,G,MASCULINO,38,102676912
2017,6,28,5,1,H,MASCULINO,4,8095416
2017,6,28,5,1,K,FEMENINO,1,4057956
2017,6,28,5,1,K,MASCULINO,1,4819668
2017,6,28,5,1,L,FEMENINO,188,694581266
2017,6,28,5,1,L,MASCULINO,226,1041300103
2017,6,28,5,1,N,FEMENINO,2,3064412
2017,6,28,5,1,N,MASCULINO,9,13789854
2017,6,28,5,1,U,FEMENINO,28,74793348
2017,6,28,5,1,U,MASCULINO,29,112264236
2017,6,28,6,1,C,MASCULINO,1,0
2017,6,28,6,1,D,FEMENINO,2,3300372
2017,6,28,6,1,D,MASCULINO,6,6600744
2017,6,28,6,1,E,FEMENINO,21,34653906
2017,6,28,6,1,E,MASCULINO,15,24752790
2017,6,28,6,1,F,FEMENINO,29,51346848
2017,6,28,6,1,F,MASCULINO,24,45045336
2017,6,28,6,1,G,FEMENINO,35,116383176
2017,6,28,6,1,G,MASCULINO,37,124460784
2017,6,28,6,1,H,FEMENINO,1,2454816
2017,6,28,6,1,K,FEMENINO,4,19134864
2017,6,28,6,1,K,MASCULINO,4,19094040
2017,6,28,6,1,L,FEMENINO,601,642184122
2017,6,28,6,1,L,MASCULINO,482,587091627
2017,6,28,6,1,U,FEMENINO,118,313598965
2017,6,28,6,1,U,MASCULINO,102,284534516
2017,6,28,7,1,D,FEMENINO,6,9193236
2017,6,28,7,1,D,MASCULINO,3,4596618
2017,6,28,7,1,E,FEMENINO,23,35714952
2017,6,28,7,1,E,MASCULINO,24,36912827
2017,6,28,7,1,F,FEMENINO,50,93552451
2017,6,28,7,1,F,MASCULINO,33,63604130
2017,6,28,7,1,G,FEMENINO,30,70102408
2017,6,28,7,1,G,MASCULINO,28,67701752
2017,6,28,7,1,H,FEMENINO,10,20575880
2017,6,28,7,1,H,MASCULINO,11,22382590
2017,6,28,7,1,I,FEMENINO,1,2309168
2017,6,28,7,1,K,FEMENINO,16,59639049
2017,6,28,7,1,K,MASCULINO,17,60070982
2017,6,28,7,1,L,FEMENINO,240,252559998
2017,6,28,7,1,L,MASCULINO,228,243927305
2017,6,28,7,1,S,MASCULINO,1,899556
2017,6,28,7,1,U,FEMENINO,237,519436915
2017,6,28,7,1,U,MASCULINO,359,1006868529
2017,6,28,8,1,0,FEMENINO,1,6160000
2017,6,28,8,1,E,FEMENINO,3,5921907
2017,6,28,8,1,E,MASCULINO,6,11787042
2017,6,28,8,1,F,FEMENINO,11,23744600
2017,6,28,8,1,F,MASCULINO,6,12432000
2017,6,28,8,1,G,FEMENINO,17,62713300
2017,6,28,8,1,G,MASCULINO,14,51171600
2017,6,28,8,1,H,MASCULINO,1,2583900
2017,6,28,8,1,K,MASCULINO,1,4660900
2017,6,28,8,1,U,FEMENINO,1,6600000
2017,6,28,8,1,U,MASCULINO,9,45627500
2017,6,30,1,3,M,FEMENINO,1,990000
2017,6,30,1,3,M,MASCULINO,4,8808530
2017,6,30,1,4,M,FEMENINO,5,10050563
2017,6,30,1,4,M,MASCULINO,3,11784014
2017,6,30,1,5,M,MASCULINO,5,9070000
2017,6,30,1,6,M,FEMENINO,8,8865000
2017,6,30,1,6,M,MASCULINO,7,16604837
2017,6,30,1,238,M,MASCULINO,3,16320000
2017,6,30,1,241,M,FEMENINO,1,5000000
2017,6,30,1,241,M,MASCULINO,3,3870000
2017,6,30,1,249,A,MASCULINO,1,9800000
2017,6,30,1,249,E,MASCULINO,1,3600000
2017,6,30,1,249,F,MASCULINO,2,3780000
2017,6,30,1,524,M,FEMENINO,2,3100000
2017,6,30,1,524,M,MASCULINO,1,0
2017,6,30,2,8,M,FEMENINO,4,5350000
2017,6,30,2,8,M,MASCULINO,4,21000000
2017,6,30,2,12,M,FEMENINO,3,4950909
2017,6,30,2,12,M,MASCULINO,9,21024988
2017,6,30,2,13,C,MASCULINO,1,3987586
2017,6,30,2,13,E,FEMENINO,1,2160000
2017,6,30,2,13,E,MASCULINO,3,4815000
2017,6,30,2,14,M,FEMENINO,1,1500000
2017,6,30,2,14,M,MASCULINO,2,1530000
2017,6,30,2,15,M,FEMENINO,12,17670000
2017,6,30,2,15,M,MASCULINO,15,44250550
2017,6,30,2,16,M,MASCULINO,3,5643352
2017,6,30,2,17,A,MASCULINO,1,3691667
2017,6,30,2,17,F,MASCULINO,3,2583000
2017,6,30,2,17,G,FEMENINO,1,990000
2017,6,30,2,18,M,FEMENINO,4,8007400
2017,6,30,2,18,M,MASCULINO,2,2340000
2017,6,30,2,19,M,FEMENINO,2,1555000
2017,6,30,2,19,M,MASCULINO,4,3525000
2017,6,30,2,20,M,FEMENINO,2,2060000
2017,6,30,2,20,M,MASCULINO,3,5448330
2017,6,30,2,22,A,MASCULINO,1,5360000
2017,6,30,2,22,D,MASCULINO,2,4458240
2017,6,30,2,22,G,FEMENINO,2,2600000
2017,6,30,2,23,M,FEMENINO,1,1300000
2017,6,30,2,23,M,MASCULINO,3,3100000
2017,6,30,2,24,M,FEMENINO,5,5635000
2017,6,30,2,24,M,MASCULINO,6,15931667
2017,6,30,2,25,M,FEMENINO,1,900000
2017,6,30,2,25,M,MASCULINO,3,9008486
2017,6,30,2,26,A,MASCULINO,1,12200000
2017,6,30,2,26,D,FEMENINO,2,5220000
2017,6,30,2,26,D,MASCULINO,9,24390000
2017,6,30,2,26,E,MASCULINO,1,1890000
2017,6,30,2,239,A,MASCULINO,1,4673950
2017,6,30,2,239,E,FEMENINO,1,1642500
2017,6,30,2,239,E,MASCULINO,4,5778000
2017,6,30,2,239,F,MASCULINO,1,1262790
2017,6,30,2,253,M,FEMENINO,1,720000
2017,6,30,2,253,M,MASCULINO,4,6582330
2017,6,30,3,27,M,FEMENINO,38,56465126
2017,6,30,3,27,M,MASCULINO,31,55582815
2017,6,30,3,28,M,FEMENINO,4,5272980
2017,6,30,3,28,M,MASCULINO,5,9306840
2017,6,30,3,29,M,FEMENINO,3,8330000
2017,6,30,3,29,M,MASCULINO,5,19228657
2017,6,30,3,30,M,FEMENINO,2,6840000
2017,6,30,3,30,M,MASCULINO,3,15163571
2017,6,30,3,31,M,FEMENINO,7,11610000
2017,6,30,3,31,M,MASCULINO,10,22430000
2017,6,30,3,32,0,FEMENINO,5,10500000
2017,6,30,3,32,0,MASCULINO,3,12800000
2017,6,30,3,33,C,MASCULINO,1,0
2017,6,30,3,33,M,FEMENINO,2,2700000
2017,6,30,3,33,M,MASCULINO,8,23280000
2017,6,30,3,34,M,FEMENINO,5,4620000
2017,6,30,3,34,M,MASCULINO,11,12444000
2017,6,30,3,35,M,FEMENINO,1,1100000
2017,6,30,3,35,M,MASCULINO,6,12507049
2017,6,30,3,36,M,FEMENINO,1,1655000
2017,6,30,3,36,M,MASCULINO,1,1655000
2017,6,30,3,37,M,FEMENINO,2,5770000
2017,6,30,3,37,M,MASCULINO,1,2000000
2017,6,30,3,39,B,FEMENINO,1,3104437
2017,6,30,3,39,D,FEMENINO,1,2000000
2017,6,30,3,39,F,FEMENINO,1,1080000
2017,6,30,3,41,M,MASCULINO,1,2000000
2017,6,30,3,42,M,FEMENINO,7,17194100
2017,6,30,3,42,M,MASCULINO,7,29954570
2017,6,30,3,43,M,FEMENINO,1,120000
2017,6,30,3,43,M,MASCULINO,5,3210000
2017,6,30,3,44,M,FEMENINO,7,8981667
2017,6,30,3,44,M,MASCULINO,7,18070000
2017,6,30,3,45,M,FEMENINO,8,8237000
2017,6,30,3,45,M,MASCULINO,5,4680000
2017,6,30,3,46,0,MASCULINO,2,3250000
2017,6,30,4,47,M,FEMENINO,33,54028625
2017,6,30,4,47,M,MASCULINO,46,96719379
2017,6,30,4,48,M,FEMENINO,2,1605000
2017,6,30,4,48,M,MASCULINO,1,1200000
2017,6,30,4,49,M,FEMENINO,5,45300000
2017,6,30,4,49,M,MASCULINO,13,67500000
2017,6,30,4,50,M,FEMENINO,4,5430000
2017,6,30,4,50,M,MASCULINO,2,3544139
2017,6,30,4,51,M,FEMENINO,3,1300000
2017,6,30,4,51,M,MASCULINO,1,1000000
2017,6,30,4,53,M,FEMENINO,1,1820000
2017,6,30,4,53,M,MASCULINO,9,14406613
2017,6,30,4,54,M,FEMENINO,1,800000
2017,6,30,4,54,M,MASCULINO,2,1878000
2017,6,30,4,55,M,FEMENINO,3,4080000
2017,6,30,4,55,M,MASCULINO,2,2830000
2017,6,30,4,56,M,FEMENINO,1,1170000
2017,6,30,4,56,M,MASCULINO,2,4550000
2017,6,30,4,57,M,FEMENINO,2,3450000
2017,6,30,4,57,M,MASCULINO,4,4550000
2017,6,30,4,58,M,FEMENINO,1,700000
2017,6,30,4,58,M,MASCULINO,1,780000
2017,6,30,4,59,M,FEMENINO,1,342000
2017,6,30,4,59,M,MASCULINO,2,611000
2017,6,30,4,60,X,FEMENINO,1,3600000
2017,6,30,4,60,X,MASCULINO,1,2800000
2017,6,30,4,61,M,FEMENINO,2,1080000
2017,6,30,4,61,M,MASCULINO,1,540000
2017,6,30,4,62,M,FEMENINO,2,850000
2017,6,30,4,62,M,MASCULINO,10,2400000
2017,6,30,4,63,M,FEMENINO,8,0
2017,6,30,4,63,M,MASCULINO,16,0
2017,6,30,4,234,M,FEMENINO,4,8860740
2017,6,30,4,234,M,MASCULINO,1,1850000
2017,6,30,5,64,M,FEMENINO,26,5539470
2017,6,30,5,64,M,MASCULINO,72,14207420
2017,6,30,5,65,A,MASCULINO,1,13200000
2017,6,30,5,65,B,MASCULINO,2,4770000
2017,6,30,5,65,C,FEMENINO,3,7670000
2017,6,30,5,65,C,MASCULINO,4,11250000
2017,6,30,5,65,D,FEMENINO,2,4320000
2017,6,30,5,65,E,FEMENINO,2,3710000
2017,6,30,5,65,E,MASCULINO,3,6180000
2017,6,30,5,65,G,FEMENINO,5,10260000
2017,6,30,5,65,G,MASCULINO,5,6719128
2017,6,30,5,65,L,MASCULINO,1,685756
2017,6,30,5,65,U,MASCULINO,1,2070000
2017,6,30,5,66,M,FEMENINO,2,2250000
2017,6,30,5,66,M,MASCULINO,2,2780000
2017,6,30,5,67,M,FEMENINO,2,1780000
2017,6,30,5,67,M,MASCULINO,1,880000
2017,6,30,5,68,M,FEMENINO,1,1170000
2017,6,30,5,68,M,MASCULINO,2,4324113
2017,6,30,5,69,M,FEMENINO,10,11060000
2017,6,30,5,69,M,MASCULINO,13,23550000
2017,6,30,5,70,M,FEMENINO,3,11026876
2017,6,30,5,70,M,MASCULINO,2,4500000
2017,6,30,5,72,A,MASCULINO,1,2628000
2017,6,30,5,72,D,MASCULINO,3,4716000
2017,6,30,5,73,0,FEMENINO,3,4545000
2017,6,30,5,73,0,MASCULINO,8,15478333
2017,6,30,5,74,M,FEMENINO,1,1530000
2017,6,30,5,74,M,MASCULINO,3,4230000
2017,6,30,5,75,M,FEMENINO,3,5300000
2017,6,30,5,75,M,MASCULINO,9,36132320
2017,6,30,5,76,M,FEMENINO,1,7200000
2017,6,30,5,76,M,MASCULINO,11,93000000
2017,6,30,5,77,M,FEMENINO,1,1080000
2017,6,30,5,77,M,MASCULINO,6,14562803
2017,6,30,5,78,M,FEMENINO,5,4905000
2017,6,30,5,78,M,MASCULINO,6,5400000
2017,6,30,5,79,M,FEMENINO,2,3400000
2017,6,30,5,79,M,MASCULINO,5,12350000
2017,6,30,5,81,M,FEMENINO,2,1500000
2017,6,30,5,81,M,MASCULINO,4,5600000
2017,6,30,5,82,M,FEMENINO,2,3496674
2017,6,30,5,82,M,MASCULINO,1,1530000
2017,6,30,5,83,M,FEMENINO,1,900000
2017,6,30,5,83,M,MASCULINO,2,6476819
2017,6,30,5,233,X,FEMENINO,1,1800000
2017,6,30,5,233,X,MASCULINO,2,5620000
2017,6,30,5,243,M,FEMENINO,2,3000000
2017,6,30,5,243,M,MASCULINO,5,11000000
2017,6,30,6,84,M,FEMENINO,6,0
2017,6,30,6,84,M,MASCULINO,12,0
2017,6,30,6,85,M,MASCULINO,3,4875000
2017,6,30,6,86,M,MASCULINO,5,0
2017,6,30,6,87,M,MASCULINO,1,0
2017,6,30,6,88,0,MASCULINO,6,76892000
2017,6,30,6,89,M,FEMENINO,1,540000
2017,6,30,6,89,M,MASCULINO,2,3250000
2017,6,30,6,90,M,FEMENINO,5,5040000
2017,6,30,6,90,M,MASCULINO,8,19810000
2017,6,30,6,91,1,FEMENINO,1,1620000
2017,6,30,6,91,1,MASCULINO,2,4620000
2017,6,30,6,92,0,FEMENINO,3,10700000
2017,6,30,6,92,0,MASCULINO,4,7455000
2017,6,30,6,93,M,FEMENINO,10,10990000
2017,6,30,6,93,M,MASCULINO,15,25620000
2017,6,30,6,245,M,MASCULINO,3,4240000
2017,6,30,7,94,M,FEMENINO,85,197342445
2017,6,30,7,94,M,MASCULINO,161,425888457
2017,6,30,7,95,M,FEMENINO,5,11001271
2017,6,30,7,95,M,MASCULINO,8,32879885
2017,6,30,7,96,0,FEMENINO,4,6642000
2017,6,30,7,96,0,MASCULINO,5,20343300
2017,6,30,7,97,M,FEMENINO,5,7821238
2017,6,30,7,97,M,MASCULINO,11,25069947
2017,6,30,7,98,M,FEMENINO,6,12955667
2017,6,30,7,98,M,MASCULINO,4,18386000
2017,6,30,7,99,M,FEMENINO,3,3150000
2017,6,30,7,99,M,MASCULINO,3,5900000
2017,6,30,7,100,M,FEMENINO,7,13437370
2017,6,30,7,100,M,MASCULINO,2,12077500
2017,6,30,7,101,M,MASCULINO,8,21475000
2017,6,30,7,102,M,FEMENINO,1,5755500
2017,6,30,7,102,M,MASCULINO,7,16440400
2017,6,30,7,103,M,FEMENINO,4,6165000
2017,6,30,7,103,M,MASCULINO,8,15225000
2017,6,30,7,104,M,FEMENINO,7,15048000
2017,6,30,7,104,M,MASCULINO,8,22336000
2017,6,30,7,105,M,FEMENINO,5,5310000
2017,6,30,7,105,M,MASCULINO,4,10985000
2017,6,30,7,106,M,FEMENINO,3,3600000
2017,6,30,7,106,M,MASCULINO,5,6550000
2017,6,30,7,107,M,FEMENINO,11,25179000
2017,6,30,7,107,M,MASCULINO,17,50113500
2017,6,30,7,108,M,FEMENINO,2,1650250
2017,6,30,7,108,M,MASCULINO,4,5650000
2017,6,30,7,109,M,FEMENINO,2,1950000
2017,6,30,7,109,M,MASCULINO,1,900000
2017,6,30,7,110,M,FEMENINO,15,38650000
2017,6,30,7,110,M,MASCULINO,22,79650000
2017,6,30,7,111,A,MASCULINO,1,4320000
2017,6,30,7,111,B,FEMENINO,2,2970000
2017,6,30,7,111,B,MASCULINO,2,3285000
2017,6,30,7,112,M,FEMENINO,1,1500000
2017,6,30,7,112,M,MASCULINO,4,8700000
2017,6,30,7,113,M,FEMENINO,3,5450000
2017,6,30,7,113,M,MASCULINO,6,14350000
2017,6,30,7,114,M,FEMENINO,2,20950000
2017,6,30,7,114,M,MASCULINO,10,31700000
2017,6,30,7,116,M,FEMENINO,4,5400000
2017,6,30,7,116,M,MASCULINO,4,15375000
2017,6,30,7,117,M,FEMENINO,5,21400000
2017,6,30,7,117,M,MASCULINO,3,21134132
2017,6,30,7,118,M,FEMENINO,1,810000
2017,6,30,7,118,M,MASCULINO,4,11230000
2017,6,30,7,119,M,FEMENINO,3,12571200
2017,6,30,7,119,M,MASCULINO,2,5501700
2017,6,30,7,120,M,FEMENINO,3,4230000
2017,6,30,7,120,M,MASCULINO,3,9552500
2017,6,30,7,121,M,FEMENINO,2,13000000
2017,6,30,7,121,M,MASCULINO,4,7800000
2017,6,30,7,122,A,MASCULINO,1,8263860
2017,6,30,7,122,C,FEMENINO,4,10029169
2017,6,30,7,122,C,MASCULINO,1,1082055
2017,6,30,7,122,E,FEMENINO,1,1876500
2017,6,30,7,122,E,MASCULINO,2,3208453
2017,6,30,7,123,M,FEMENINO,6,9103333
2017,6,30,7,123,M,MASCULINO,5,12863995
2017,6,30,8,124,0,FEMENINO,18,26485137
2017,6,30,8,124,0,MASCULINO,15,26150000
2017,6,30,8,125,C,MASCULINO,1,0
2017,6,30,8,126,M,FEMENINO,7,16363000
2017,6,30,8,126,M,MASCULINO,20,57058000
2017,6,30,8,127,M,FEMENINO,4,5095000
2017,6,30,8,127,M,MASCULINO,3,4885000
2017,6,30,8,129,M,FEMENINO,3,3645000
2017,6,30,8,129,M,MASCULINO,5,7821000
2017,6,30,8,130,M,FEMENINO,5,12780000
2017,6,30,8,130,M,MASCULINO,5,10125000
2017,6,30,8,131,M,FEMENINO,4,7300000
2017,6,30,8,131,M,MASCULINO,3,7800000
2017,6,30,8,132,M,MASCULINO,6,9480000
2017,6,30,9,134,M,FEMENINO,19,42726650
2017,6,30,9,134,M,MASCULINO,28,40467650
2017,6,30,9,136,M,FEMENINO,5,8955000
2017,6,30,9,136,M,MASCULINO,11,21440000
2017,6,30,9,137,P,FEMENINO,1,700000
2017,6,30,9,137,P,MASCULINO,4,3800000
2017,6,30,9,138,M,FEMENINO,10,19487000
2017,6,30,9,138,M,MASCULINO,17,46053000
2017,6,30,9,139,M,FEMENINO,2,2070000
2017,6,30,9,139,M,MASCULINO,3,4010000
2017,6,30,9,140,M,FEMENINO,2,4024055
2017,6,30,9,140,M,MASCULINO,3,9200000
2017,6,30,9,141,M,FEMENINO,4,2910000
2017,6,30,9,141,M,MASCULINO,8,9930000
2017,6,30,9,142,M,FEMENINO,6,5578000
2017,6,30,9,142,M,MASCULINO,2,3852000
2017,6,30,9,143,A,FEMENINO,1,6000000
2017,6,30,9,143,B,MASCULINO,1,1440000
2017,6,30,9,143,C,FEMENINO,2,2730000
2017,6,30,9,143,C,MASCULINO,4,5760000
2017,6,30,9,143,G,FEMENINO,3,2700000
2017,6,30,9,143,G,MASCULINO,6,4950000
2017,6,30,9,144,M,FEMENINO,1,575000
2017,6,30,9,144,M,MASCULINO,5,5095000
2017,6,30,9,145,M,FEMENINO,1,500000
2017,6,30,9,145,M,MASCULINO,5,12350000
2017,6,30,9,146,M,FEMENINO,5,8550000
2017,6,30,9,146,M,MASCULINO,4,5800000
2017,6,30,9,148,M,FEMENINO,4,6525000
2017,6,30,9,148,M,MASCULINO,13,27700000
2017,6,30,9,149,M,FEMENINO,3,6700000
2017,6,30,9,149,M,MASCULINO,7,9900000
2017,6,30,9,150,M,MASCULINO,2,1815000
2017,6,30,10,151,A,FEMENINO,1,6082500
2017,6,30,10,151,B,FEMENINO,10,26770319
2017,6,30,10,151,B,MASCULINO,12,36624664
2017,6,30,10,151,C,FEMENINO,40,92551022
2017,6,30,10,151,C,MASCULINO,55,133428925
2017,6,30,10,151,D,FEMENINO,18,31955015
2017,6,30,10,151,D,MASCULINO,22,41537149
2017,6,30,10,151,E,FEMENINO,20,30335500
2017,6,30,10,151,E,MASCULINO,38,42960778
2017,6,30,10,151,F,FEMENINO,15,16876485
2017,6,30,10,151,F,MASCULINO,45,53997757
2017,6,30,10,151,G,FEMENINO,1,1318600
2017,6,30,10,151,G,MASCULINO,7,8449423
2017,6,30,10,151,H,MASCULINO,1,1196100
2017,6,30,10,152,B,MASCULINO,2,7400000
2017,6,30,10,152,D,FEMENINO,8,17411063
2017,6,30,10,152,D,MASCULINO,9,23970000
2017,6,30,10,152,F,FEMENINO,8,13739178
2017,6,30,10,152,F,MASCULINO,9,15147746
2017,6,30,10,152,G,FEMENINO,7,10156227
2017,6,30,10,152,G,MASCULINO,17,50134505
2017,6,30,10,152,H,FEMENINO,1,1350000
2017,6,30,10,152,H,MASCULINO,1,2340000
2017,6,30,10,153,M,FEMENINO,2,2520000
2017,6,30,10,153,M,MASCULINO,2,5750000
2017,6,30,10,154,M,FEMENINO,3,4100000
2017,6,30,10,154,M,MASCULINO,7,18000000
2017,6,30,10,155,A,MASCULINO,1,14240550
2017,6,30,10,155,B,FEMENINO,4,14565718
2017,6,30,10,155,B,MASCULINO,11,40154940
2017,6,30,10,155,C,FEMENINO,1,2993130
2017,6,30,10,155,D,FEMENINO,17,37222777
2017,6,30,10,155,D,MASCULINO,14,32903522
2017,6,30,10,155,E,FEMENINO,5,7668512
2017,6,30,10,155,E,MASCULINO,12,26493618
2017,6,30,10,155,G,FEMENINO,8,20571796
2017,6,30,10,155,G,MASCULINO,13,34233730
2017,6,30,10,155,L,FEMENINO,2,3417570
2017,6,30,10,155,L,MASCULINO,5,10217070
2017,6,30,10,155,S,MASCULINO,1,6000000
2017,6,30,10,156,M,FEMENINO,4,10621074
2017,6,30,10,156,M,MASCULINO,7,27077774
2017,6,30,10,157,M,FEMENINO,2,3100000
2017,6,30,10,157,M,MASCULINO,11,29800000
2017,6,30,10,158,M,FEMENINO,1,1500000
2017,6,30,10,158,M,MASCULINO,4,7800000
2017,6,30,10,159,M,FEMENINO,4,7951734
2017,6,30,10,159,M,MASCULINO,3,9606184
2017,6,30,10,160,M,FEMENINO,6,11986044
2017,6,30,10,160,M,MASCULINO,6,20376697
2017,6,30,10,161,M,FEMENINO,3,5850000
2017,6,30,10,161,M,MASCULINO,8,23030000
2017,6,30,10,162,M,FEMENINO,25,57297791
2017,6,30,10,162,M,MASCULINO,44,109751851
2017,6,30,10,163,M,FEMENINO,3,8800000
2017,6,30,10,163,M,MASCULINO,1,10000000
2017,6,30,10,164,A,MASCULINO,1,8954453
2017,6,30,10,164,B,FEMENINO,4,18897142
2017,6,30,10,164,B,MASCULINO,4,26041911
2017,6,30,10,164,C,FEMENINO,6,22957862
2017,6,30,10,164,C,MASCULINO,7,27982836
2017,6,30,10,164,D,FEMENINO,3,10159916
2017,6,30,10,164,D,MASCULINO,1,2602300
2017,6,30,10,164,F,FEMENINO,7,17506416
2017,6,30,10,164,F,MASCULINO,3,7451132
2017,6,30,10,164,G,FEMENINO,6,14677130
2017,6,30,10,164,G,MASCULINO,39,99357890
2017,6,30,10,165,A,MASCULINO,1,14000000
2017,6,30,10,165,C,FEMENINO,3,9500000
2017,6,30,10,165,C,MASCULINO,2,7550000
2017,6,30,10,165,D,FEMENINO,4,10850000
2017,6,30,10,165,G,MASCULINO,2,8000000
2017,6,30,10,166,M,FEMENINO,7,17673030
2017,6,30,10,166,M,MASCULINO,5,8877600
2017,6,30,10,167,M,FEMENINO,7,10378333
2017,6,30,10,167,M,MASCULINO,6,26680000
2017,6,30,10,168,M,FEMENINO,7,17374333
2017,6,30,10,168,M,MASCULINO,3,15439426
2017,6,30,10,169,M,FEMENINO,7,17371667
2017,6,30,10,169,M,MASCULINO,8,34723135
2017,6,30,10,170,M,FEMENINO,6,14036667
2017,6,30,10,170,M,MASCULINO,4,16841667
2017,6,30,10,240,M,FEMENINO,4,6760000
2017,6,30,10,240,M,MASCULINO,13,20740000
2017,6,30,10,246,M,MASCULINO,7,18015000
2017,6,30,11,171,C,FEMENINO,1,0
2017,6,30,11,171,C,MASCULINO,1,1500000
2017,6,30,11,171,M,FEMENINO,11,10514765
2017,6,30,11,171,M,MASCULINO,18,12621642
2017,6,30,11,172,M,FEMENINO,40,96925000
2017,6,30,11,172,M,MASCULINO,80,247285000
2017,6,30,11,173,A,MASCULINO,1,17640000
2017,6,30,11,173,B,FEMENINO,2,8458600
2017,6,30,11,173,B,MASCULINO,8,29664655
2017,6,30,11,173,C,FEMENINO,20,48722532
2017,6,30,11,173,C,MASCULINO,49,113574590
2017,6,30,11,173,D,FEMENINO,29,47894370
2017,6,30,11,173,D,MASCULINO,60,97801733
2017,6,30,11,173,E,FEMENINO,54,76094163
2017,6,30,11,173,E,MASCULINO,37,60990998
2017,6,30,11,173,F,FEMENINO,26,33054373
2017,6,30,11,173,F,MASCULINO,15,23189186
2017,6,30,11,173,G,FEMENINO,22,29171227
2017,6,30,11,173,G,MASCULINO,27,39598153
2017,6,30,11,174,M,FEMENINO,5,9050859
2017,6,30,11,174,M,MASCULINO,2,13549723
2017,6,30,11,175,M,FEMENINO,3,12221667
2017,6,30,11,175,M,MASCULINO,1,1551667
2017,6,30,11,176,M,FEMENINO,14,23319050
2017,6,30,11,176,M,MASCULINO,24,42354470
2017,6,30,11,177,E,MASCULINO,1,2110030
2017,6,30,11,177,M,FEMENINO,99,204924111
2017,6,30,11,177,M,MASCULINO,163,502448868
2017,6,30,11,178,M,FEMENINO,42,89674667
2017,6,30,11,178,M,MASCULINO,51,125178000
2017,6,30,11,179,M,FEMENINO,58,122442992
2017,6,30,11,179,M,MASCULINO,94,247176719
2017,6,30,11,180,A,FEMENINO,1,13000000
2017,6,30,11,180,B,FEMENINO,3,5910721
2017,6,30,11,180,B,MASCULINO,2,4724326
2017,6,30,11,180,C,FEMENINO,3,6067427
2017,6,30,11,180,C,MASCULINO,5,11786085
2017,6,30,11,180,D,FEMENINO,29,57905675
2017,6,30,11,180,D,MASCULINO,28,59771990
2017,6,30,11,180,E,FEMENINO,44,70672567
2017,6,30,11,180,E,MASCULINO,41,59762335
2017,6,30,11,180,F,FEMENINO,5,8781205
2017,6,30,11,180,F,MASCULINO,4,7061809
2017,6,30,11,180,G,FEMENINO,11,17020650
2017,6,30,11,180,G,MASCULINO,4,6044257
2017,6,30,11,180,L,FEMENINO,2,3075926
2017,6,30,11,180,L,MASCULINO,7,10033582
2017,6,30,11,180,U,FEMENINO,8,10050150
2017,6,30,11,180,U,MASCULINO,14,17015884
2017,6,30,11,181,B,FEMENINO,2,1848000
2017,6,30,11,181,B,MASCULINO,3,5021500
2017,6,30,11,182,M,FEMENINO,11,38473024
2017,6,30,11,182,M,MASCULINO,19,54506314
2017,6,30,11,183,C,MASCULINO,1,10529900
2017,6,30,11,183,M,FEMENINO,6,15218894
2017,6,30,11,183,M,MASCULINO,11,25791192
2017,6,30,11,184,M,FEMENINO,291,566756157
2017,6,30,11,184,M,MASCULINO,470,965913926
2017,6,30,11,185,M,FEMENINO,61,124446569
2017,6,30,11,185,M,MASCULINO,58,121011319
2017,6,30,11,186,A,MASCULINO,1,10545930
2017,6,30,11,186,B,MASCULINO,5,14778580
2017,6,30,11,186,C,FEMENINO,2,6634485
2017,6,30,11,186,E,FEMENINO,4,7427592
2017,6,30,11,186,E,MASCULINO,5,8901380
2017,6,30,11,186,F,FEMENINO,2,3030000
2017,6,30,11,186,G,FEMENINO,4,4939357
2017,6,30,11,186,G,MASCULINO,1,933117
2017,6,30,11,186,M,FEMENINO,5,11560497
2017,6,30,11,186,M,MASCULINO,5,10589690
2017,6,30,11,187,M,FEMENINO,16,30173737
2017,6,30,11,187,M,MASCULINO,22,48182321
2017,6,30,11,188,M,FEMENINO,1,2700000
2017,6,30,11,188,M,MASCULINO,2,10000000
2017,6,30,12,191,M,FEMENINO,5,6210000
2017,6,30,12,191,M,MASCULINO,7,15630000
2017,6,30,12,193,M,FEMENINO,3,1485000
2017,6,30,12,193,M,MASCULINO,1,1250000
2017,6,30,12,194,M,FEMENINO,3,1451523
2017,6,30,12,194,M,MASCULINO,4,3078820
2017,6,30,12,195,M,FEMENINO,5,3500000
2017,6,30,12,195,M,MASCULINO,3,2900000
2017,6,30,12,196,M,MASCULINO,3,3600000
2017,6,30,12,197,M,FEMENINO,4,5300000
2017,6,30,12,197,M,MASCULINO,2,4100000
2017,6,30,12,203,M,FEMENINO,3,4020000
2017,6,30,12,203,M,MASCULINO,3,5620837
2017,6,30,12,204,E,FEMENINO,2,3650000
2017,6,30,12,204,E,MASCULINO,1,1800000
2017,6,30,12,205,M,MASCULINO,3,2310000
2017,6,30,13,206,A,MASCULINO,1,19965000
2017,6,30,13,206,B,MASCULINO,1,8690000
2017,6,30,13,206,C,FEMENINO,1,6270000
2017,6,30,13,206,C,MASCULINO,15,64647000
2017,6,30,13,206,E,FEMENINO,1,5324000
2017,6,30,13,206,E,MASCULINO,4,21296000
2017,6,30,13,206,F,FEMENINO,20,66039844
2017,6,30,13,206,F,MASCULINO,22,70419922
2017,6,30,13,206,G,FEMENINO,7,14045227
2017,6,30,13,206,G,MASCULINO,29,73022032
2017,6,30,13,207,M,FEMENINO,7,38139400
2017,6,30,13,207,M,MASCULINO,12,39123000
2017,6,30,13,208,M,FEMENINO,11,21132040
2017,6,30,13,208,M,MASCULINO,20,50707552
2017,6,30,13,242,0,FEMENINO,2,4550000
2017,6,30,13,242,0,MASCULINO,4,11000000
2017,6,30,13,250,M,FEMENINO,1,1350000
2017,6,30,13,250,M,MASCULINO,1,3000000
2017,6,30,14,209,M,FEMENINO,3,7830000
2017,6,30,14,209,M,MASCULINO,13,45075000
2017,6,30,14,211,M,FEMENINO,3,9000000
2017,6,30,14,211,M,MASCULINO,7,25966860
2017,6,30,14,212,0,MASCULINO,3,5110000
2017,6,30,14,213,M,FEMENINO,1,1508100
2017,6,30,14,213,M,MASCULINO,7,13600000
2017,6,30,14,214,M,FEMENINO,1,500000
2017,6,30,14,214,M,MASCULINO,3,3800000
2017,6,30,14,215,M,FEMENINO,1,1215000
2017,6,30,14,215,M,MASCULINO,3,9324000
2017,6,30,14,216,A,FEMENINO,5,7357055
2017,6,30,14,216,A,MASCULINO,10,28541650
2017,6,30,14,217,M,FEMENINO,6,14246700
2017,6,30,14,217,M,MASCULINO,8,27765040
2017,6,30,14,219,A,MASCULINO,1,18240550
2017,6,30,14,219,C,FEMENINO,1,3200000
2017,6,30,14,219,C,MASCULINO,1,3150000
2017,6,30,14,219,D,FEMENINO,8,18256668
2017,6,30,14,219,D,MASCULINO,4,10411667
2017,6,30,14,244,M,FEMENINO,2,3340000
2017,6,30,14,244,M,MASCULINO,10,17720000
2017,6,30,14,247,M,MASCULINO,5,7490300
2017,6,30,14,251,M,FEMENINO,5,0
2017,6,30,14,251,M,MASCULINO,4,0
2017,6,30,15,220,M,FEMENINO,9,7584448
2017,6,30,15,220,M,MASCULINO,12,15053917
2017,6,30,15,221,M,FEMENINO,3,3666958
2017,6,30,15,221,M,MASCULINO,3,12428250
2017,6,30,15,222,M,FEMENINO,46,92132070
2017,6,30,15,222,M,MASCULINO,60,143914452
2017,6,30,15,223,M,FEMENINO,1,1800000
2017,6,30,15,223,M,MASCULINO,3,6200000
2017,6,30,15,229,M,FEMENINO,3,6629400
2017,6,30,15,229,M,MASCULINO,5,18308540
2017,6,30,15,232,M,FEMENINO,2,2925000
2017,6,30,15,232,M,MASCULINO,2,8665000
2017,6,30,15,233,M,FEMENINO,1,1900000
2017,6,30,15,233,M,MASCULINO,6,14900000
2017,6,30,16,228,M,FEMENINO,2,6680000
2017,6,30,16,228,M,MASCULINO,6,36516495
2017,6,30,16,230,M,FEMENINO,1,4319910
2017,6,30,16,230,M,MASCULINO,6,45834910
2017,6,30,16,231,M,FEMENINO,5,16955414
2017,6,30,16,231,M,MASCULINO,8,42511399
2017,6,30,17,226,M,FEMENINO,1,6000000
2017,6,30,17,227,M,FEMENINO,7,13400000
2017,6,30,17,227,M,MASCULINO,10,27900000
2017,6,40,1,1,C,FEMENINO,1407,4861143950
2017,6,40,1,1,C,MASCULINO,2357,8812396057
2017,6,40,2,1,A,FEMENINO,15,33187425
2017,6,40,2,1,A,MASCULINO,49,108412255
2017,6,40,2,1,B,FEMENINO,102,241089354
2017,6,40,2,1,B,MASCULINO,567,1340987319
2017,6,40,2,1,C,FEMENINO,87,252091282
2017,6,40,2,1,C,MASCULINO,315,922417303
2017,6,40,2,1,D,FEMENINO,51,175803384
2017,6,40,2,1,D,MASCULINO,261,916312338
2017,6,40,2,1,E,FEMENINO,59,249318435
2017,6,40,2,1,E,MASCULINO,115,503314719
2017,6,40,2,1,F,FEMENINO,52,290445108
2017,6,40,2,1,F,MASCULINO,141,784218827
2017,6,40,2,1,G,FEMENINO,39,288004617
2017,6,40,2,1,G,MASCULINO,77,565916419
2017,6,40,2,1,I,FEMENINO,5,44963315
2017,6,40,2,1,I,MASCULINO,21,187684369
2017,6,40,2,1,J,FEMENINO,7,76948641
2017,6,40,2,1,J,MASCULINO,18,197867934
2017,6,40,3,1,0,FEMENINO,48,92862890
2017,6,40,3,1,0,MASCULINO,99,190633902
2017,6,40,3,1,C,FEMENINO,1,1788899
2017,6,40,3,1,C,MASCULINO,6,10733394
2018,6,11,1,1,A,FEMENINO,18,116400000
2018,6,11,1,1,A,MASCULINO,15,110000000
2018,6,11,1,1,B,FEMENINO,29,377400000
2018,6,11,1,1,B,MASCULINO,26,351300000
2018,6,11,1,1,C,FEMENINO,30,253200000
2018,6,11,1,1,C,MASCULINO,31,264800000
2018,6,11,1,1,D,FEMENINO,41,298920000
2018,6,11,1,1,D,MASCULINO,38,280200000
2018,6,11,1,1,E,FEMENINO,2,14800000
2018,6,11,1,1,E,MASCULINO,3,22700000
2018,6,11,1,1,F,FEMENINO,103,351700000
2018,6,11,1,1,F,MASCULINO,174,604130000
2018,6,11,2,1,A,FEMENINO,11,93700000
2018,6,11,2,1,A,MASCULINO,18,180200000
2018,6,11,2,1,B,FEMENINO,71,937600000
2018,6,11,2,1,B,MASCULINO,71,959800000
2018,6,11,2,1,C,FEMENINO,66,619110000
2018,6,11,2,1,C,MASCULINO,88,797050000
2018,6,11,2,1,D,FEMENINO,32,214500000
2018,6,11,2,1,D,MASCULINO,50,329700000
2018,6,11,2,1,E,FEMENINO,3,24000000
2018,6,11,2,1,E,MASCULINO,3,24000000
2018,6,11,2,1,F,FEMENINO,108,423273550
2018,6,11,2,1,F,MASCULINO,167,662006500
2018,6,11,3,1,A,FEMENINO,49,377200000
2018,6,11,3,1,A,MASCULINO,81,743100000
2018,6,11,3,1,B,FEMENINO,55,755300000
2018,6,11,3,1,B,MASCULINO,74,1030800000
2018,6,11,3,1,C,FEMENINO,143,1084977000
2018,6,11,3,1,C,MASCULINO,169,1387118800
2018,6,11,3,1,D,FEMENINO,186,1267062800
2018,6,11,3,1,D,MASCULINO,204,1372918500
2018,6,11,3,1,E,FEMENINO,40,169200000
2018,6,11,3,1,E,MASCULINO,48,176200000
2018,6,11,3,1,F,FEMENINO,140,493800000
2018,6,11,3,1,F,MASCULINO,125,435600000
2018,6,11,3,1,G,MASCULINO,2,4841123
2018,6,11,3,1,S,FEMENINO,1,5000000
2018,6,12,1,1,A,FEMENINO,6,71000000
2018,6,12,1,1,A,MASCULINO,7,118800000
2018,6,12,1,1,B,FEMENINO,8,104000000
2018,6,12,1,1,B,MASCULINO,4,52000000
2018,6,12,1,1,C,FEMENINO,14,97800000
2018,6,12,1,1,C,MASCULINO,25,182900000
2018,6,12,1,1,D,FEMENINO,20,91500000
2018,6,12,1,1,D,MASCULINO,17,72900000
2018,6,12,1,1,E,FEMENINO,13,43200000
2018,6,12,1,1,E,MASCULINO,19,64800000
2018,6,12,1,1,F,FEMENINO,4,8800000
2018,6,12,1,1,F,MASCULINO,4,8800000
2018,6,12,1,1,G,FEMENINO,29,81100000
2018,6,12,1,1,G,MASCULINO,54,153500000
2018,6,12,1,2,A,MASCULINO,1,22000000
2018,6,12,1,2,C,FEMENINO,1,6000000
2018,6,12,1,2,C,MASCULINO,2,16300000
2018,6,12,1,2,D,FEMENINO,5,25100000
2018,6,12,1,2,D,MASCULINO,2,11800000
2018,6,12,1,2,E,FEMENINO,1,2400000
2018,6,12,1,2,E,MASCULINO,5,15100000
2018,6,12,1,2,G,FEMENINO,3,8900000
2018,6,12,1,2,G,MASCULINO,4,11000000
2018,6,12,1,5,A,FEMENINO,3,29300000
2018,6,12,1,5,A,MASCULINO,4,60900000
2018,6,12,1,5,B,FEMENINO,13,118500000
2018,6,12,1,5,B,MASCULINO,14,145800000
2018,6,12,1,5,C,FEMENINO,11,63700000
2018,6,12,1,5,C,MASCULINO,18,90400000
2018,6,12,1,5,D,FEMENINO,17,67300000
2018,6,12,1,5,D,MASCULINO,17,67900000
2018,6,12,1,5,E,FEMENINO,5,17500000
2018,6,12,1,5,E,MASCULINO,7,24600000
2018,6,12,1,5,F,FEMENINO,15,39600000
2018,6,12,1,5,F,MASCULINO,17,45000000
2018,6,12,1,5,G,MASCULINO,4,11600000
2018,6,12,1,6,A,MASCULINO,1,22000000
2018,6,12,1,6,B,FEMENINO,17,171900000
2018,6,12,1,6,B,MASCULINO,8,79500000
2018,6,12,1,6,C,FEMENINO,16,113200000
2018,6,12,1,6,C,MASCULINO,10,69400000
2018,6,12,1,6,D,FEMENINO,14,61400000
2018,6,12,1,6,D,MASCULINO,3,13100000
2018,6,12,1,6,E,FEMENINO,1,3200000
2018,6,12,1,6,E,MASCULINO,2,6800000
2018,6,12,1,6,F,MASCULINO,1,3200000
2018,6,12,1,7,B,FEMENINO,6,59600000
2018,6,12,1,7,B,MASCULINO,2,16400000
2018,6,12,1,7,C,FEMENINO,23,153700000
2018,6,12,1,7,C,MASCULINO,14,90400000
2018,6,12,1,7,D,FEMENINO,14,57700000
2018,6,12,1,7,D,MASCULINO,10,44400000
2018,6,12,1,7,E,FEMENINO,5,14800000
2018,6,12,1,7,E,MASCULINO,9,27400000
2018,6,12,1,7,F,FEMENINO,1,3200000
2018,6,12,1,7,F,MASCULINO,3,7800000
2018,6,12,1,7,G,FEMENINO,3,9000000
2018,6,12,1,7,G,MASCULINO,1,3200000
2018,6,12,1,11,A,MASCULINO,2,37000000
2018,6,12,1,11,B,FEMENINO,6,48700000
2018,6,12,1,11,B,MASCULINO,9,69000000
2018,6,12,1,11,C,FEMENINO,24,140400000
2018,6,12,1,11,C,MASCULINO,15,87100000
2018,6,12,1,11,D,FEMENINO,13,53300000
2018,6,12,1,11,D,MASCULINO,19,81800000
2018,6,12,1,11,E,FEMENINO,22,67600000
2018,6,12,1,11,E,MASCULINO,22,69200000
2018,6,12,1,11,F,FEMENINO,2,5200000
2018,6,12,1,11,F,MASCULINO,1,2600000
2018,6,12,1,11,G,FEMENINO,2,5900000
2018,6,12,1,11,G,MASCULINO,3,8100000
2018,6,12,1,11,K,FEMENINO,44,163799000
2018,6,12,1,11,K,MASCULINO,178,730516900
2018,6,12,1,12,A,MASCULINO,1,22000000
2018,6,12,1,12,B,MASCULINO,9,84600000
2018,6,12,1,12,D,FEMENINO,1,5477000
2018,6,12,1,14,A,MASCULINO,1,22000000
2018,6,12,1,14,B,FEMENINO,9,72600000
2018,6,12,1,14,B,MASCULINO,9,91300000
2018,6,12,1,14,C,FEMENINO,9,55200000
2018,6,12,1,14,C,MASCULINO,6,37100000
2018,6,12,1,14,D,FEMENINO,2,9600000
2018,6,12,1,14,D,MASCULINO,6,27400000
2018,6,12,1,14,E,FEMENINO,6,16041123
2018,6,12,1,14,E,MASCULINO,8,21682246
2018,6,12,1,15,A,FEMENINO,13,110500000
2018,6,12,1,15,A,MASCULINO,31,276300000
2018,6,12,1,15,B,FEMENINO,10,96500000
2018,6,12,1,15,B,MASCULINO,4,35600000
2018,6,12,1,15,C,FEMENINO,1,8800000
2018,6,12,1,15,C,MASCULINO,2,14500000
2018,6,12,1,15,D,FEMENINO,19,85700000
2018,6,12,1,15,D,MASCULINO,14,62700000
2018,6,12,1,15,E,FEMENINO,5,13600000
2018,6,12,1,15,E,MASCULINO,4,13500000
2018,6,12,1,15,F,FEMENINO,1,3500000
2018,6,12,1,15,F,MASCULINO,2,7000000
2018,6,12,1,15,G,MASCULINO,4,9323369
2018,6,12,1,16,A,MASCULINO,1,22000000
2018,6,12,1,16,B,FEMENINO,8,76200000
2018,6,12,1,16,B,MASCULINO,8,81300000
2018,6,12,1,16,C,FEMENINO,27,208900000
2018,6,12,1,16,C,MASCULINO,23,183100000
2018,6,12,1,16,D,FEMENINO,66,325600000
2018,6,12,1,16,D,MASCULINO,49,229400000
2018,6,12,1,16,E,FEMENINO,3,9700000
2018,6,12,1,16,E,MASCULINO,13,42300000
2018,6,12,1,16,F,MASCULINO,1,2600000
2018,6,12,1,16,G,FEMENINO,3,7800000
2018,6,12,1,16,G,MASCULINO,9,23400000
2018,6,12,1,17,A,MASCULINO,1,22000000
2018,6,12,1,17,B,FEMENINO,1,6900000
2018,6,12,1,17,B,MASCULINO,5,33400000
2018,6,12,1,17,C,FEMENINO,8,44300000
2018,6,12,1,17,C,MASCULINO,7,33000000
2018,6,12,1,17,D,FEMENINO,4,16400000
2018,6,12,1,17,D,MASCULINO,4,14000000
2018,6,12,1,17,E,FEMENINO,5,13600000
2018,6,12,1,17,E,MASCULINO,11,28041123
2018,6,12,1,17,F,FEMENINO,1,3000000
2018,6,12,1,17,F,MASCULINO,3,7082246
2018,6,12,1,17,G,MASCULINO,3,8841123
2018,6,12,1,18,A,FEMENINO,1,22000000
2018,6,12,1,18,B,FEMENINO,15,145700000
2018,6,12,1,18,B,MASCULINO,2,21800000
2018,6,12,1,18,C,FEMENINO,35,213100000
2018,6,12,1,18,C,MASCULINO,13,76200000
2018,6,12,1,18,D,FEMENINO,15,50100000
2018,6,12,1,18,D,MASCULINO,4,12197800
2018,6,12,1,18,E,FEMENINO,5,12264492
2018,6,12,1,18,F,FEMENINO,26,65911230
2018,6,12,1,18,F,MASCULINO,33,73845829
2018,6,12,1,18,G,FEMENINO,1,4400000
2018,6,12,1,19,A,FEMENINO,1,10000000
2018,6,12,1,19,A,MASCULINO,1,22000000
2018,6,12,1,19,B,FEMENINO,7,61300000
2018,6,12,1,19,B,MASCULINO,10,87200000
2018,6,12,1,19,C,FEMENINO,7,37800000
2018,6,12,1,19,C,MASCULINO,15,89400000
2018,6,12,1,19,D,FEMENINO,13,55000000
2018,6,12,1,19,D,MASCULINO,15,61200000
2018,6,12,1,19,E,FEMENINO,17,47182246
2018,6,12,1,19,E,MASCULINO,34,88746738
2018,6,12,1,20,A,FEMENINO,1,22000000
2018,6,12,1,20,B,FEMENINO,8,84900000
2018,6,12,1,20,B,MASCULINO,10,105300000
2018,6,12,1,20,C,FEMENINO,20,142700000
2018,6,12,1,20,C,MASCULINO,13,85900000
2018,6,12,1,20,D,MASCULINO,1,4200000
2018,6,12,1,20,G,FEMENINO,1,2400000
2018,6,12,1,20,G,MASCULINO,1,2400000
2018,6,12,1,21,A,FEMENINO,1,5200000
2018,6,12,1,21,A,MASCULINO,2,30500000
2018,6,12,1,21,B,FEMENINO,6,45500000
2018,6,12,1,21,B,MASCULINO,9,70500000
2018,6,12,1,21,C,FEMENINO,15,73500000
2018,6,12,1,21,C,MASCULINO,5,26100000
2018,6,12,1,21,D,FEMENINO,17,54700000
2018,6,12,1,21,D,MASCULINO,14,50700000
2018,6,12,1,21,E,FEMENINO,16,50100000
2018,6,12,1,21,E,MASCULINO,14,45000000
2018,6,12,1,21,F,FEMENINO,30,67700000
2018,6,12,1,21,F,MASCULINO,28,61800000
2018,6,12,1,21,G,FEMENINO,15,30793476
2018,6,12,1,21,G,MASCULINO,7,15605615
2018,6,12,1,23,A,MASCULINO,1,22000000
2018,6,12,1,23,B,FEMENINO,4,44800000
2018,6,12,1,23,B,MASCULINO,4,44800000
2018,6,12,1,23,C,FEMENINO,8,53600000
2018,6,12,1,23,C,MASCULINO,23,170200000
2018,6,12,1,23,D,FEMENINO,5,23000000
2018,6,12,1,23,D,MASCULINO,5,26000000
2018,6,12,1,23,E,MASCULINO,2,5400000
2018,6,12,1,23,F,FEMENINO,3,10400000
2018,6,12,1,23,F,MASCULINO,4,11200000
2018,6,12,1,23,G,FEMENINO,6,18041123
2018,6,12,1,23,G,MASCULINO,15,44282246
2018,6,12,1,29,A,FEMENINO,1,22000000
2018,6,12,1,29,B,FEMENINO,2,17600000
2018,6,12,1,29,B,MASCULINO,2,14800000
2018,6,12,1,29,C,FEMENINO,6,29000000
2018,6,12,1,29,C,MASCULINO,3,15000000
2018,6,12,1,29,D,FEMENINO,3,13100000
2018,6,12,1,29,D,MASCULINO,3,13100000
2018,6,12,1,29,E,FEMENINO,1,3000000
2018,6,12,1,29,E,MASCULINO,1,3600000
2018,6,12,1,29,G,FEMENINO,4,8800000
2018,6,12,1,29,G,MASCULINO,7,12407692
2018,6,12,1,29,L,FEMENINO,2,7440000
2018,6,12,1,29,L,MASCULINO,2,7440000
2018,6,12,1,30,A,FEMENINO,1,5200000
2018,6,12,1,30,A,MASCULINO,3,32400000
2018,6,12,1,30,B,FEMENINO,2,22600000
2018,6,12,1,30,B,MASCULINO,7,79100000
2018,6,12,1,30,C,FEMENINO,14,80000000
2018,6,12,1,30,C,MASCULINO,17,111100000
2018,6,12,1,30,D,FEMENINO,24,97700000
2018,6,12,1,30,D,MASCULINO,11,46800000
2018,6,12,1,30,E,FEMENINO,26,79100000
2018,6,12,1,30,E,MASCULINO,28,92700000
2018,6,12,1,30,F,FEMENINO,19,59500000
2018,6,12,1,30,F,MASCULINO,18,59200000
2018,6,12,1,30,G,FEMENINO,10,31200000
2018,6,12,1,30,G,MASCULINO,27,73700000
2018,6,12,1,30,L,FEMENINO,4,8010800
2018,6,12,1,30,S,FEMENINO,84,350158600
2018,6,12,1,30,S,MASCULINO,30,139800000
2018,6,12,1,30,Z,FEMENINO,5,7949152
2018,6,12,1,36,A,MASCULINO,1,22000000
2018,6,12,1,36,B,FEMENINO,4,49000000
2018,6,12,1,36,B,MASCULINO,3,30800000
2018,6,12,1,36,C,FEMENINO,8,55700000
2018,6,12,1,36,C,MASCULINO,8,61500000
2018,6,12,1,36,D,FEMENINO,3,13800000
2018,6,12,1,36,D,MASCULINO,7,29700000
2018,6,12,1,36,E,FEMENINO,2,5600000
2018,6,12,1,36,E,MASCULINO,4,13500000
2018,6,12,1,36,G,FEMENINO,1,2900000
2018,6,12,1,36,G,MASCULINO,1,2300000
2018,6,12,1,38,B,FEMENINO,14,102400000
2018,6,12,1,38,B,MASCULINO,7,55800000
2018,6,12,1,38,C,FEMENINO,4,24000000
2018,6,12,1,38,C,MASCULINO,7,42000000
2018,6,12,1,38,G,FEMENINO,1,2041123
2018,6,12,1,40,A,FEMENINO,1,22000000
2018,6,12,1,40,B,FEMENINO,6,46500000
2018,6,12,1,40,C,FEMENINO,1,6500000
2018,6,12,1,40,C,MASCULINO,4,25000000
2018,6,12,1,40,D,FEMENINO,6,24800000
2018,6,12,1,40,D,MASCULINO,4,15500000
2018,6,12,1,40,E,FEMENINO,1,2400000
2018,6,12,1,40,F,FEMENINO,2,5000000
2018,6,12,1,40,F,MASCULINO,4,9082246
2018,6,12,1,41,B,FEMENINO,6,51600000
2018,6,12,1,41,B,MASCULINO,6,57600000
2018,6,12,1,41,C,FEMENINO,13,77400000
2018,6,12,1,41,C,MASCULINO,7,58700000
2018,6,12,1,41,D,FEMENINO,112,412000000
2018,6,12,1,41,D,MASCULINO,23,86500000
2018,6,12,1,41,E,FEMENINO,108,296100000
2018,6,12,1,41,E,MASCULINO,56,159100000
2018,6,12,1,41,F,FEMENINO,1,2041123
2018,6,12,1,41,F,MASCULINO,4,8723369
2018,6,12,1,41,G,FEMENINO,70,169582246
2018,6,12,1,41,G,MASCULINO,45,118500000
2018,6,12,1,50,A,MASCULINO,1,22000000
2018,6,12,1,50,B,FEMENINO,1,6000000
2018,6,12,1,50,B,MASCULINO,7,56000000
2018,6,12,1,51,A,FEMENINO,1,22000000
2018,6,12,1,51,B,FEMENINO,1,6000000
2018,6,12,1,51,B,MASCULINO,7,53500000
2018,6,12,1,51,C,MASCULINO,1,6000000
2018,6,12,1,51,D,FEMENINO,4,10800000
2018,6,12,1,51,D,MASCULINO,1,2900000
2018,6,12,1,51,E,FEMENINO,1,2800000
2018,6,12,1,51,E,MASCULINO,2,4841123
2018,6,12,1,51,G,FEMENINO,5,10205615
2018,6,12,1,51,G,MASCULINO,4,8323369
2018,6,12,1,52,A,MASCULINO,1,22000000
2018,6,12,1,52,B,FEMENINO,3,36600000
2018,6,12,1,52,B,MASCULINO,12,149000000
2018,6,12,1,52,C,FEMENINO,13,98400000
2018,6,12,1,52,C,MASCULINO,20,141000000
2018,6,12,1,52,D,FEMENINO,3,14000000
2018,6,12,1,52,D,MASCULINO,10,47400000
2018,6,12,1,52,E,FEMENINO,1,4100000
2018,6,12,1,52,F,MASCULINO,1,3000000
2018,6,12,1,52,G,FEMENINO,1,2100000
2018,6,12,1,52,G,MASCULINO,2,6100000
2018,6,12,1,53,A,FEMENINO,1,22000000
2018,6,12,1,53,B,FEMENINO,3,35600000
2018,6,12,1,53,B,MASCULINO,4,48600000
2018,6,12,1,53,C,FEMENINO,1,7600000
2018,6,12,1,53,C,MASCULINO,2,15200000
2018,6,12,1,53,D,FEMENINO,1,5100000
2018,6,12,1,54,A,FEMENINO,1,22000000
2018,6,12,1,54,A,MASCULINO,1,15000000
2018,6,12,1,54,B,MASCULINO,2,25200000
2018,6,12,1,54,C,FEMENINO,1,9500000
2018,6,12,2,1,A,FEMENINO,1,32000000
2018,6,12,2,1,A,MASCULINO,2,23500000
2018,6,12,2,1,B,FEMENINO,1,10200000
2018,6,12,2,1,B,MASCULINO,6,66800000
2018,6,12,2,1,C,FEMENINO,6,44400000
2018,6,12,2,1,C,MASCULINO,5,35200000
2018,6,12,2,1,D,FEMENINO,5,23800000
2018,6,12,2,1,D,MASCULINO,4,22300000
2018,6,12,2,1,E,FEMENINO,2,8300000
2018,6,12,2,1,E,MASCULINO,3,12200000
2018,6,12,2,1,F,FEMENINO,4,14300000
2018,6,12,2,1,F,MASCULINO,3,11200000
2018,6,12,2,1,G,FEMENINO,9,26182246
2018,6,12,2,1,G,MASCULINO,13,40041123
2018,6,12,3,1,A,MASCULINO,3,52000000
2018,6,12,3,1,B,FEMENINO,8,79700000
2018,6,12,3,1,B,MASCULINO,15,151800000
2018,6,12,3,1,C,FEMENINO,32,245600000
2018,6,12,3,1,C,MASCULINO,32,245300000
2018,6,12,3,1,D,FEMENINO,59,279800000
2018,6,12,3,1,D,MASCULINO,74,352300000
2018,6,12,3,1,E,FEMENINO,46,153800000
2018,6,12,3,1,E,MASCULINO,91,312400000
2018,6,12,3,1,F,FEMENINO,19,57100000
2018,6,12,3,1,F,MASCULINO,31,94100000
2018,6,12,3,1,G,FEMENINO,11,32200000
2018,6,12,3,1,G,MASCULINO,32,95841123
2018,6,12,3,2,D,FEMENINO,7,26800000
2018,6,12,3,2,D,MASCULINO,1,3700000
2018,6,12,3,2,E,FEMENINO,430,1209000000
2018,6,12,3,2,E,MASCULINO,220,616500000
2018,6,12,3,2,G,FEMENINO,544,1388500000
2018,6,12,3,2,G,MASCULINO,232,595500000
2018,6,12,3,2,L,FEMENINO,127,120010440
2018,6,12,3,2,L,MASCULINO,233,212844720
2018,6,12,3,2,P,FEMENINO,2767,12798045007
2018,6,12,3,2,P,MASCULINO,19901,95974011373
2018,6,12,3,2,S,FEMENINO,70,242006200
2018,6,12,3,2,S,MASCULINO,27,101134000
2018,6,12,3,2,Y,FEMENINO,228,103689113
2018,6,12,3,2,Y,MASCULINO,639,283614238
2018,6,12,3,2,Z,FEMENINO,7,3655400
2018,6,12,3,2,Z,MASCULINO,11,5527200
2018,6,12,4,1,A,FEMENINO,1,15000000
2018,6,12,4,1,A,MASCULINO,2,37000000
2018,6,12,4,1,B,FEMENINO,109,1090590333
2018,6,12,4,1,B,MASCULINO,169,1749389333
2018,6,12,4,1,C,FEMENINO,16,121800000
2018,6,12,4,1,C,MASCULINO,22,158200000
2018,6,12,4,1,D,FEMENINO,38,159305700
2018,6,12,4,1,D,MASCULINO,35,135600000
2018,6,12,4,1,E,FEMENINO,25,88700000
2018,6,12,4,1,E,MASCULINO,37,119400000
2018,6,12,4,1,F,FEMENINO,7,23000000
2018,6,12,4,1,F,MASCULINO,13,41400000
2018,6,12,4,1,G,FEMENINO,16,44787861
2018,6,12,4,1,G,MASCULINO,37,107475722
2018,6,12,5,1,A,FEMENINO,2,15600000
2018,6,12,5,1,A,MASCULINO,7,84900000
2018,6,12,5,1,B,FEMENINO,19,132400000
2018,6,12,5,1,B,MASCULINO,24,172300000
2018,6,12,5,1,D,FEMENINO,187,687200000
2018,6,12,5,1,D,MASCULINO,159,589800000
2018,6,12,5,1,E,FEMENINO,333,1062800000
2018,6,12,5,1,E,MASCULINO,645,2050500000
2018,6,12,5,1,F,FEMENINO,64,208300000
2018,6,12,5,1,F,MASCULINO,136,448600000
2018,6,12,5,1,G,FEMENINO,338,879300000
2018,6,12,5,1,G,MASCULINO,680,1764300000
2018,6,12,5,1,M,FEMENINO,1212,5039662369
2018,6,12,5,1,M,MASCULINO,11974,53061615485
2018,6,12,5,1,S,FEMENINO,121,397923600
2018,6,12,5,1,S,MASCULINO,15,57085500
2018,6,12,5,1,Y,FEMENINO,116,48776674
2018,6,12,5,1,Y,MASCULINO,4631,1157502279
2018,6,12,5,1,Z,FEMENINO,92,85772740
2018,6,12,5,1,Z,MASCULINO,295,264234645
2018,6,12,6,1,A,FEMENINO,2,28000000
2018,6,12,6,1,A,MASCULINO,2,30000000
2018,6,12,6,1,B,FEMENINO,12,156000000
2018,6,12,6,1,B,MASCULINO,16,208000000
2018,6,12,6,1,C,FEMENINO,137,1169800000
2018,6,12,6,1,C,MASCULINO,214,1877866666
2018,6,12,6,1,D,FEMENINO,480,2214080000
2018,6,12,6,1,D,MASCULINO,637,2889140000
2018,6,12,6,1,E,FEMENINO,76,226166667
2018,6,12,6,1,E,MASCULINO,119,368779366
2018,6,12,6,1,F,FEMENINO,21,63400000
2018,6,12,6,1,F,MASCULINO,28,87393333
2018,6,12,7,1,A,FEMENINO,4,35300000
2018,6,12,7,1,A,MASCULINO,8,83100000
2018,6,12,7,1,B,FEMENINO,48,478700000
2018,6,12,7,1,B,MASCULINO,32,319800000
2018,6,12,7,1,C,FEMENINO,42,298600000
2018,6,12,7,1,C,MASCULINO,37,257500000
2018,6,12,7,1,D,FEMENINO,418,1330800000
2018,6,12,7,1,D,MASCULINO,253,871600000
2018,6,12,7,1,E,FEMENINO,244,724146738
2018,6,12,7,1,E,MASCULINO,253,766105615
2018,6,12,7,1,F,FEMENINO,9,22323369
2018,6,12,7,1,F,MASCULINO,7,17282246
2018,6,12,7,1,G,FEMENINO,2000,4396460165
2018,6,12,7,1,G,MASCULINO,1063,2350288505
2018,6,12,7,1,L,FEMENINO,38469,147423672954
2018,6,12,7,1,L,MASCULINO,16239,61068295471
2018,6,12,7,1,Z,FEMENINO,21785,72788281857
2018,6,12,7,1,Z,MASCULINO,13720,47082572680
2018,6,12,8,1,B,FEMENINO,15,164720000
2018,6,12,8,1,B,MASCULINO,19,202300000
2018,6,12,8,1,C,FEMENINO,303,2160250000
2018,6,12,8,1,C,MASCULINO,266,1933720000
2018,6,12,8,1,D,FEMENINO,868,4187730000
2018,6,12,8,1,D,MASCULINO,975,4937950000
2018,6,12,8,1,E,FEMENINO,297,1134750000
2018,6,12,8,1,E,MASCULINO,303,1232320000
2018,6,12,8,1,F,FEMENINO,1218,3762570000
2018,6,12,8,1,F,MASCULINO,1360,4377400000
2018,6,12,8,1,G,FEMENINO,1412,3400100000
2018,6,12,8,1,G,MASCULINO,776,1968370000
2018,6,12,8,1,S,FEMENINO,12228,54961086900
2018,6,12,8,1,S,MASCULINO,3944,24857273980
2018,6,12,9,1,A,FEMENINO,1,15000000
2018,6,12,9,1,A,MASCULINO,2,37000000
2018,6,12,9,1,B,FEMENINO,20,136700000
2018,6,12,9,1,B,MASCULINO,44,313100000
2018,6,12,9,1,C,FEMENINO,15,100100000
2018,6,12,9,1,C,MASCULINO,15,122800000
2018,6,12,9,1,D,FEMENINO,238,932200000
2018,6,12,9,1,D,MASCULINO,620,2380100000
2018,6,12,9,1,E,FEMENINO,410,1072564653
2018,6,12,9,1,E,MASCULINO,608,1664288022
2018,6,12,9,1,F,FEMENINO,46,118082246
2018,6,12,9,1,F,MASCULINO,124,284641123
2018,6,12,9,1,G,FEMENINO,104,244731872
2018,6,12,9,1,G,MASCULINO,96,233408503
2018,6,12,9,1,S,FEMENINO,114,447453800
2018,6,12,9,1,S,MASCULINO,66,274242500
2018,6,12,10,1,A,FEMENINO,1,7800000
2018,6,12,10,1,A,MASCULINO,3,50000000
2018,6,12,10,1,B,FEMENINO,10,91400000
2018,6,12,10,1,B,MASCULINO,17,181600000
2018,6,12,10,1,C,FEMENINO,48,340700000
2018,6,12,10,1,C,MASCULINO,63,445200000
2018,6,12,10,1,D,FEMENINO,280,1185600000
2018,6,12,10,1,D,MASCULINO,360,1543500000
2018,6,12,10,1,E,FEMENINO,95,268846738
2018,6,12,10,1,E,MASCULINO,162,453134599
2018,6,12,10,1,F,FEMENINO,156,424674813
2018,6,12,10,1,F,MASCULINO,270,767069198
2018,6,12,10,1,G,FEMENINO,33,74075722
2018,6,12,10,1,G,MASCULINO,103,253257968
2018,6,12,11,1,A,MASCULINO,3,52000000
2018,6,12,11,1,B,FEMENINO,16,139100000
2018,6,12,11,1,B,MASCULINO,32,280780000
2018,6,12,11,1,C,FEMENINO,14,113600000
2018,6,12,11,1,C,MASCULINO,23,196300000
2018,6,12,11,1,D,FEMENINO,49,227700000
2018,6,12,11,1,D,MASCULINO,51,228600000
2018,6,12,11,1,E,FEMENINO,13,57300000
2018,6,12,11,1,E,MASCULINO,21,79100000
2018,6,12,11,1,F,FEMENINO,37,123300000
2018,6,12,11,1,F,MASCULINO,42,137500000
2018,6,12,11,1,G,FEMENINO,13,37900000
2018,6,12,11,1,G,MASCULINO,18,54100000
2018,6,12,11,1,S,FEMENINO,1,2540400
2018,6,12,13,1,A,FEMENINO,1,15000000
2018,6,12,13,1,A,MASCULINO,4,67000000
2018,6,12,13,1,B,FEMENINO,6,78000000
2018,6,12,13,1,B,MASCULINO,17,221000000
2018,6,12,13,1,C,FEMENINO,87,713800000
2018,6,12,13,1,C,MASCULINO,214,1800700000
2018,6,12,13,1,D,FEMENINO,140,634200000
2018,6,12,13,1,D,MASCULINO,272,1200000000
2018,6,12,13,1,E,FEMENINO,98,268746738
2018,6,12,13,1,E,MASCULINO,565,1696945829
2018,6,12,13,1,F,FEMENINO,66,174593476
2018,6,12,13,1,F,MASCULINO,297,854373904
2018,6,12,13,1,G,FEMENINO,57,154770107
2018,6,12,13,1,G,MASCULINO,351,1112940214
2018,6,12,13,1,I,FEMENINO,76,197973690
2018,6,12,13,1,I,MASCULINO,377,1308014332
2018,6,12,14,1,A,FEMENINO,3,43200000
2018,6,12,14,1,B,FEMENINO,24,200700000
2018,6,12,14,1,B,MASCULINO,1,12700000
2018,6,12,14,1,C,FEMENINO,6,32300000
2018,6,12,14,1,C,MASCULINO,1,6000000
2018,6,12,14,1,D,FEMENINO,12,51900000
2018,6,12,14,1,D,MASCULINO,1,4600000
2018,6,12,14,1,E,FEMENINO,3,10600000
2018,6,12,14,1,E,MASCULINO,2,5800000
2018,6,12,14,1,F,FEMENINO,4,11000000
2018,6,12,14,1,F,MASCULINO,1,2800000
2018,6,12,14,1,G,FEMENINO,5,12400000
2018,6,12,14,1,G,MASCULINO,4,9741123
2018,6,12,16,1,A,MASCULINO,3,52000000
2018,6,12,16,1,B,FEMENINO,36,334100000
2018,6,12,16,1,B,MASCULINO,39,372400000
2018,6,12,16,1,C,FEMENINO,73,544000000
2018,6,12,16,1,C,MASCULINO,47,339100000
2018,6,12,16,1,D,FEMENINO,128,556400000
2018,6,12,16,1,D,MASCULINO,116,525400000
2018,6,12,16,1,E,FEMENINO,115,347357968
2018,6,12,16,1,E,MASCULINO,185,603340214
2018,6,12,16,1,F,FEMENINO,17,53200000
2018,6,12,16,1,F,MASCULINO,22,71141123
2018,6,12,16,1,G,FEMENINO,37,107641123
2018,6,12,16,1,G,MASCULINO,54,155641123
2018,6,13,1,1,A,FEMENINO,74,773826880
2018,6,13,1,1,A,MASCULINO,69,713305665
2018,6,13,1,1,B,FEMENINO,71,518798320
2018,6,13,1,1,B,MASCULINO,42,282086850
2018,6,13,1,1,C,FEMENINO,170,816641014
2018,6,13,1,1,C,MASCULINO,152,747803491
2018,6,13,1,1,D,FEMENINO,451,2523835859
2018,6,13,1,1,D,MASCULINO,383,2076935125
2018,6,13,1,1,E,FEMENINO,586,1826167567
2018,6,13,1,1,E,MASCULINO,518,1648622899
2018,6,13,1,1,F,FEMENINO,601,2483570065
2018,6,13,1,1,F,MASCULINO,460,1841795000
2018,6,13,1,1,G,FEMENINO,604,1429554298
2018,6,13,1,1,G,MASCULINO,612,1549925122
2018,6,13,1,1,J,FEMENINO,3745,19291479804
2018,6,13,1,1,J,MASCULINO,2918,15780863101
2018,6,13,1,1,R,FEMENINO,29,185801000
2018,6,13,1,1,R,MASCULINO,17,107434672
2018,6,13,2,1,A,FEMENINO,17,157600000
2018,6,13,2,1,A,MASCULINO,30,311400000
2018,6,13,2,1,B,FEMENINO,19,266800000
2018,6,13,2,1,B,MASCULINO,29,408300000
2018,6,13,2,1,C,FEMENINO,156,1236184400
2018,6,13,2,1,C,MASCULINO,167,1369100000
2018,6,13,2,1,D,FEMENINO,543,2223000000
2018,6,13,2,1,D,MASCULINO,637,2724400000
2018,6,13,2,1,E,FEMENINO,363,1157100000
2018,6,13,2,1,E,MASCULINO,522,1675800000
2018,6,13,2,1,F,FEMENINO,859,2073300000
2018,6,13,2,1,F,MASCULINO,990,2428100000
2018,6,13,2,1,G,FEMENINO,1,2800000
2018,6,13,2,1,G,MASCULINO,4,11400000
2018,6,13,2,1,J,FEMENINO,11,175125945
2018,6,13,2,1,J,MASCULINO,33,519661890
2018,6,13,2,1,S,FEMENINO,3,18000000
2018,6,13,2,1,S,MASCULINO,1,4000000
2018,6,13,3,1,C,FEMENINO,158,1020736500
2018,6,13,3,1,C,MASCULINO,100,630668600
2018,6,13,3,1,D,FEMENINO,146,712845100
2018,6,13,3,1,D,MASCULINO,154,753020900
2018,6,13,3,1,E,FEMENINO,142,506937005
2018,6,13,3,1,E,MASCULINO,110,411258300
2018,6,13,3,1,G,FEMENINO,236,525062862
2018,6,13,3,1,G,MASCULINO,374,1035508068
2018,6,13,3,1,J,FEMENINO,1823,12588881906
2018,6,13,3,1,J,MASCULINO,1365,9340688726
2018,6,13,3,1,K,FEMENINO,96,1014977300
2018,6,13,3,1,K,MASCULINO,80,889119792
2018,6,13,3,1,S,FEMENINO,131,892916667
2018,6,13,3,1,S,MASCULINO,74,542000000
2018,6,13,4,1,B,FEMENINO,8,117000000
2018,6,13,4,1,B,MASCULINO,10,145500000
2018,6,13,4,1,C,FEMENINO,29,251400000
2018,6,13,4,1,C,MASCULINO,14,127400000
2018,6,13,4,1,D,FEMENINO,18,90500000
2018,6,13,4,1,D,MASCULINO,23,120300000
2018,6,13,4,1,E,FEMENINO,3,10900000
2018,6,13,4,1,E,MASCULINO,5,17000000
2018,6,13,4,1,F,FEMENINO,1,3500000
2018,6,13,4,1,G,FEMENINO,10,37600000
2018,6,13,4,1,G,MASCULINO,6,26400000
2018,6,13,4,1,U,FEMENINO,3,14788500
2018,6,13,5,1,B,FEMENINO,5,81000000
2018,6,13,5,1,B,MASCULINO,10,164000000
2018,6,13,5,1,C,FEMENINO,52,454000000
2018,6,13,5,1,C,MASCULINO,43,383266667
2018,6,13,5,1,D,FEMENINO,33,193000000
2018,6,13,5,1,D,MASCULINO,30,170500000
2018,6,13,5,1,E,FEMENINO,10,41600000
2018,6,13,5,1,E,MASCULINO,4,17200000
2018,6,13,5,1,F,FEMENINO,4,17700000
2018,6,13,5,1,F,MASCULINO,3,9900000
2018,6,13,5,1,G,FEMENINO,3,8900000
2018,6,13,5,1,G,MASCULINO,2,5800000
2018,6,13,6,1,A,FEMENINO,5,70080000
2018,6,13,6,1,A,MASCULINO,8,112128000
2018,6,13,6,1,B,FEMENINO,4,56064000
2018,6,13,6,1,B,MASCULINO,11,151247225
2018,6,13,6,1,C,FEMENINO,53,354724275
2018,6,13,6,1,C,MASCULINO,26,215274385
2018,6,13,6,1,E,FEMENINO,46,181544520
2018,6,13,6,1,E,MASCULINO,51,201270470
2018,6,13,6,1,F,FEMENINO,3,15669440
2018,6,13,6,1,F,MASCULINO,4,21786980
2018,6,13,6,1,G,FEMENINO,50,132995988
2018,6,13,6,1,G,MASCULINO,81,234238570
2018,6,13,6,1,J,FEMENINO,1031,6818091166
2018,6,13,6,1,J,MASCULINO,573,3672240931
2018,6,13,7,1,A,FEMENINO,2,17362815
2018,6,13,7,1,A,MASCULINO,1,10531125
2018,6,13,7,1,B,MASCULINO,4,70219200
2018,6,13,7,1,C,FEMENINO,1,9697191
2018,6,13,7,1,C,MASCULINO,3,29091573
2018,6,13,7,1,J,FEMENINO,21,91158205
2018,6,13,7,1,J,MASCULINO,15,123359840
2018,6,14,1,1,A,MASCULINO,2,44000000
2018,6,14,1,1,B,FEMENINO,37,440285600
2018,6,14,1,1,B,MASCULINO,39,431161600
2018,6,14,1,1,C,FEMENINO,303,2747800000
2018,6,14,1,1,C,MASCULINO,183,1697900000
2018,6,14,1,1,D,FEMENINO,74,465800000
2018,6,14,1,1,D,MASCULINO,104,648400000
2018,6,14,1,1,E,FEMENINO,21,111300000
2018,6,14,1,1,E,MASCULINO,31,164300000
2018,6,14,1,1,F,FEMENINO,22,105600000
2018,6,14,1,1,F,MASCULINO,33,158400000
2018,6,15,1,1,A,MASCULINO,2,37000000
2018,6,15,1,1,B,FEMENINO,23,157500000
2018,6,15,1,1,B,MASCULINO,4,31000000
2018,6,15,1,1,C,FEMENINO,8,42000000
2018,6,15,1,1,D,FEMENINO,31,123400000
2018,6,15,1,1,D,MASCULINO,10,39200000
2018,6,15,1,1,E,FEMENINO,19,54400000
2018,6,15,1,1,E,MASCULINO,19,55600000
2018,6,15,1,1,F,MASCULINO,1,3000000
2018,6,15,1,1,G,FEMENINO,2,4241123
2018,6,15,1,1,G,MASCULINO,1,3500000
2018,6,15,2,1,C,FEMENINO,2,5113800
2018,6,15,2,1,C,MASCULINO,1,2556900
2018,6,15,2,1,D,FEMENINO,1,3819900
2018,6,15,2,1,D,MASCULINO,1,3819900
2018,6,15,2,1,G,MASCULINO,1,2041123
2018,6,15,2,1,J,FEMENINO,4,48483600
2018,6,15,2,1,J,MASCULINO,2,24241800
2018,6,15,2,1,K,FEMENINO,5,28196700
2018,6,15,2,1,K,MASCULINO,5,26172600
2018,6,21,1,1,A,FEMENINO,71,495522334
2018,6,21,1,1,A,MASCULINO,196,1591320000
2018,6,21,1,1,B,FEMENINO,99,1199275000
2018,6,21,1,1,B,MASCULINO,179,2200080000
2018,6,21,1,1,C,FEMENINO,75,1030175000
2018,6,21,1,1,C,MASCULINO,121,1668750000
2018,6,21,1,1,D,FEMENINO,26,514420000
2018,6,21,1,1,D,MASCULINO,59,1112500000
2018,6,21,1,1,E,FEMENINO,4,85885000
2018,6,21,1,1,E,MASCULINO,20,402725000
2018,6,21,1,1,F,FEMENINO,1,24030000
2018,6,21,1,1,F,MASCULINO,3,72090000
2018,6,21,1,1,G,MASCULINO,2,49840000
2018,6,21,1,1,H,MASCULINO,2,49840000
2018,6,21,1,1,I,MASCULINO,4,115700000
2018,6,21,1,1,J,MASCULINO,1,30705000
2018,6,22,1,1,A,MASCULINO,1,18240200
2018,6,22,1,1,B,FEMENINO,1,4144000
2018,6,22,1,1,C,FEMENINO,4,22201400
2018,6,22,1,1,C,MASCULINO,13,83494400
2018,6,22,1,1,D,MASCULINO,1,2611500
2018,6,22,1,1,E,FEMENINO,4,8432000
2018,6,22,1,1,E,MASCULINO,13,27256900
2018,6,22,1,1,F,FEMENINO,8,16012442
2018,6,22,1,1,F,MASCULINO,8,15716056
2018,6,22,1,1,J,MASCULINO,4,14000000
2018,6,22,2,1,A,MASCULINO,1,18240200
2018,6,22,2,1,B,FEMENINO,2,4465772
2018,6,22,2,1,C,FEMENINO,7,22464784
2018,6,22,2,1,C,MASCULINO,7,34855364
2018,6,22,2,1,D,FEMENINO,1,2338224
2018,6,22,2,1,E,FEMENINO,6,8822715
2018,6,22,2,1,E,MASCULINO,9,13727731
2018,6,22,2,1,G,FEMENINO,5,7698715
2018,6,22,2,1,G,MASCULINO,8,11875916
2018,6,22,2,1,J,FEMENINO,3,7560000
2018,6,22,2,1,J,MASCULINO,1,4200000
2018,6,22,3,1,A,MASCULINO,1,18240200
2018,6,22,3,1,B,MASCULINO,1,4144000
2018,6,22,3,1,C,FEMENINO,3,14190855
2018,6,22,3,1,C,MASCULINO,8,51316130
2018,6,22,3,1,E,FEMENINO,3,6123369
2018,6,22,3,1,G,FEMENINO,9,18370107
2018,6,22,3,1,G,MASCULINO,11,22452353
2018,6,22,3,1,J,FEMENINO,1,3000000
2018,6,22,3,1,J,MASCULINO,3,11000000
2018,6,22,4,1,A,MASCULINO,1,18240200
2018,6,22,4,1,B,FEMENINO,1,3480960
2018,6,22,4,1,B,MASCULINO,1,5064780
2018,6,22,4,1,C,FEMENINO,9,40364268
2018,6,22,4,1,C,MASCULINO,15,62118924
2018,6,22,4,1,D,FEMENINO,3,6987204
2018,6,22,4,1,D,MASCULINO,4,8937768
2018,6,22,4,1,E,FEMENINO,2,3599904
2018,6,22,4,1,E,MASCULINO,3,5263879
2018,6,22,4,1,G,FEMENINO,12,19897620
2018,6,22,4,1,G,MASCULINO,18,31102274
2018,6,22,4,1,J,FEMENINO,1,2520000
2018,6,22,4,1,J,MASCULINO,3,9240000
2018,6,22,5,1,A,MASCULINO,1,18240200
2018,6,22,5,1,B,FEMENINO,1,3480960
2018,6,22,5,1,B,MASCULINO,1,3480960
2018,6,22,5,1,C,FEMENINO,3,11620912
2018,6,22,5,1,C,MASCULINO,18,77579475
2018,6,22,5,1,D,FEMENINO,6,12397560
2018,6,22,5,1,D,MASCULINO,4,8441076
2018,6,22,5,1,E,FEMENINO,7,12266202
2018,6,22,5,1,E,MASCULINO,5,8621022
2018,6,22,5,1,F,FEMENINO,3,5047992
2018,6,22,5,1,F,MASCULINO,6,10095984
2018,6,22,5,1,G,FEMENINO,3,4950558
2018,6,22,5,1,G,MASCULINO,5,8250930
2018,6,22,5,1,J,FEMENINO,2,6300000
2018,6,22,5,1,J,MASCULINO,2,5460000
2018,6,22,5,1,S,MASCULINO,1,6682680
2018,6,22,6,1,A,FEMENINO,1,18240200
2018,6,22,6,1,B,FEMENINO,1,3480960
2018,6,22,6,1,C,FEMENINO,6,29906520
2018,6,22,6,1,C,MASCULINO,14,76510828
2018,6,22,6,1,D,MASCULINO,1,2338224
2018,6,22,6,1,E,MASCULINO,3,5322156
2018,6,22,6,1,F,FEMENINO,1,1714543
2018,6,22,6,1,F,MASCULINO,1,1714543
2018,6,22,6,1,G,FEMENINO,4,6858172
2018,6,22,6,1,G,MASCULINO,5,8572715
2018,6,22,6,1,J,FEMENINO,1,4200000
2018,6,22,6,1,J,MASCULINO,3,7560000
2018,6,22,7,1,A,FEMENINO,1,5122656
2018,6,22,7,1,A,MASCULINO,3,21721160
2018,6,22,7,1,B,MASCULINO,1,3480960
2018,6,22,7,1,C,FEMENINO,11,34880516
2018,6,22,7,1,C,MASCULINO,25,96902584
2018,6,22,7,1,D,FEMENINO,13,28183848
2018,6,22,7,1,D,MASCULINO,24,52089660
2018,6,22,7,1,E,FEMENINO,5,9023616
2018,6,22,7,1,E,MASCULINO,11,19738068
2018,6,22,7,1,G,FEMENINO,6,10563672
2018,6,22,7,1,G,MASCULINO,9,16529016
2018,6,22,7,1,J,FEMENINO,2,4620000
2018,6,22,8,1,A,MASCULINO,1,18240200
2018,6,22,8,1,B,MASCULINO,1,4144000
2018,6,22,8,1,C,FEMENINO,3,22275600
2018,6,22,8,1,C,MASCULINO,7,38999400
2018,6,22,8,1,D,FEMENINO,1,2256200
2018,6,22,8,1,D,MASCULINO,2,5083100
2018,6,22,8,1,E,FEMENINO,3,6123369
2018,6,22,8,1,E,MASCULINO,24,49392337
2018,6,22,8,1,F,FEMENINO,4,7947424
2018,6,22,8,1,F,MASCULINO,3,6123369
2018,6,22,8,1,G,FEMENINO,13,26534599
2018,6,22,8,1,G,MASCULINO,14,28575722
2018,6,22,8,1,J,FEMENINO,1,3000000
2018,6,22,8,1,J,MASCULINO,3,11000000
2018,6,22,9,1,A,MASCULINO,2,22126880
2018,6,22,9,1,B,FEMENINO,1,3480960
2018,6,22,9,1,B,MASCULINO,1,2730420
2018,6,22,9,1,C,FEMENINO,5,27629700
2018,6,22,9,1,C,MASCULINO,13,65757568
2018,6,22,9,1,D,FEMENINO,4,8892290
2018,6,22,9,1,D,MASCULINO,10,22270889
2018,6,22,9,1,E,FEMENINO,1,2338224
2018,6,22,9,1,E,MASCULINO,9,15645133
2018,6,22,9,1,F,MASCULINO,7,12001801
2018,6,22,9,1,G,FEMENINO,10,18306505
2018,6,22,9,1,G,MASCULINO,12,22057599
2018,6,22,9,1,J,FEMENINO,1,2520000
2018,6,22,9,1,J,MASCULINO,3,9240000
2018,6,22,10,1,A,MASCULINO,1,18240200
2018,6,22,10,1,B,MASCULINO,1,4144000
2018,6,22,10,1,C,FEMENINO,5,19706900
2018,6,22,10,1,C,MASCULINO,17,116428900
2018,6,22,10,1,D,FEMENINO,1,2412000
2018,6,22,10,1,D,MASCULINO,1,2611500
2018,6,22,10,1,E,FEMENINO,2,4091700
2018,6,22,10,1,E,MASCULINO,11,21540555
2018,6,22,10,1,G,FEMENINO,8,14592440
2018,6,22,10,1,G,MASCULINO,8,14881085
2018,6,22,10,1,J,FEMENINO,1,3000000
2018,6,22,10,1,J,MASCULINO,2,7500000
2018,6,22,11,1,A,MASCULINO,1,18240200
2018,6,22,11,1,B,MASCULINO,2,8288000
2018,6,22,11,1,C,FEMENINO,18,83317400
2018,6,22,11,1,C,MASCULINO,14,62249700
2018,6,22,11,1,D,FEMENINO,12,26509800
2018,6,22,11,1,D,MASCULINO,20,44928000
2018,6,22,11,1,E,FEMENINO,5,11301846
2018,6,22,11,1,E,MASCULINO,2,4082246
2018,6,22,11,1,G,FEMENINO,5,10128999
2018,6,22,11,1,G,MASCULINO,8,16354813
2018,6,22,11,1,J,FEMENINO,2,6500000
2018,6,22,11,1,J,MASCULINO,2,7500000
2018,6,22,12,1,A,FEMENINO,1,2444960
2018,6,22,12,1,A,MASCULINO,1,18240200
2018,6,22,12,1,B,FEMENINO,1,3480960
2018,6,22,12,1,C,FEMENINO,9,33774085
2018,6,22,12,1,C,MASCULINO,12,46167576
2018,6,22,12,1,D,FEMENINO,3,7308168
2018,6,22,12,1,D,MASCULINO,4,9013164
2018,6,22,12,1,E,FEMENINO,10,17040235
2018,6,22,12,1,E,MASCULINO,9,14929387
2018,6,22,12,1,G,FEMENINO,2,3347441
2018,6,22,12,1,G,MASCULINO,6,9806861
2018,6,22,12,1,J,FEMENINO,4,11135000
2018,6,22,13,1,A,MASCULINO,1,18240200
2018,6,22,13,1,B,FEMENINO,1,4144000
2018,6,22,13,1,C,FEMENINO,3,9760700
2018,6,22,13,1,C,MASCULINO,7,51976200
2018,6,22,13,1,D,FEMENINO,1,2794600
2018,6,22,13,1,E,FEMENINO,1,2041123
2018,6,22,13,1,E,MASCULINO,1,2041123
2018,6,22,13,1,F,FEMENINO,2,4082246
2018,6,22,13,1,G,FEMENINO,8,16175752
2018,6,22,13,1,G,MASCULINO,9,18370107
2018,6,22,13,1,J,FEMENINO,2,5100000
2018,6,22,13,1,J,MASCULINO,2,5890000
2018,6,22,14,1,A,MASCULINO,1,0
2018,6,22,14,1,B,FEMENINO,1,3480960
2018,6,22,14,1,C,FEMENINO,2,12474336
2018,6,22,14,1,C,MASCULINO,9,41821416
2018,6,22,14,1,D,MASCULINO,2,4182948
2018,6,22,14,1,E,FEMENINO,1,1650186
2018,6,22,14,1,E,MASCULINO,2,3300372
2018,6,22,14,1,F,FEMENINO,4,6600744
2018,6,22,14,1,F,MASCULINO,5,8250930
2018,6,22,14,1,G,FEMENINO,3,4950558
2018,6,22,14,1,G,MASCULINO,7,11551302
2018,6,22,14,1,J,MASCULINO,4,11760000
2018,6,22,15,1,A,MASCULINO,1,18240200
2018,6,22,15,1,B,FEMENINO,1,3480960
2018,6,22,15,1,C,FEMENINO,3,11534376
2018,6,22,15,1,C,MASCULINO,13,54777256
2018,6,22,15,1,D,FEMENINO,1,2558340
2018,6,22,15,1,D,MASCULINO,4,9033360
2018,6,22,15,1,E,FEMENINO,2,3429086
2018,6,22,15,1,E,MASCULINO,6,12001801
2018,6,22,15,1,F,MASCULINO,2,3429086
2018,6,22,15,1,G,FEMENINO,1,1714543
2018,6,22,15,1,G,MASCULINO,4,7158172
2018,6,22,15,1,J,FEMENINO,2,6720000
2018,6,22,15,1,J,MASCULINO,2,5040000
2018,6,22,16,1,A,FEMENINO,1,4432000
2018,6,22,16,1,A,MASCULINO,2,22999800
2018,6,22,16,1,C,FEMENINO,6,26729400
2018,6,22,16,1,C,MASCULINO,12,64293700
2018,6,22,16,1,D,MASCULINO,6,14968900
2018,6,22,16,1,E,FEMENINO,6,12348415
2018,6,22,16,1,E,MASCULINO,9,18573461
2018,6,22,16,1,F,FEMENINO,4,8164492
2018,6,22,16,1,F,MASCULINO,3,7478646
2018,6,22,16,1,G,FEMENINO,2,4082246
2018,6,22,16,1,G,MASCULINO,6,12246738
2018,6,22,16,1,J,FEMENINO,1,3000000
2018,6,22,16,1,J,MASCULINO,3,11000000
2018,6,22,17,1,A,MASCULINO,1,0
2018,6,22,17,1,B,MASCULINO,2,6280848
2018,6,22,17,1,C,FEMENINO,3,11583180
2018,6,22,17,1,C,MASCULINO,6,26882268
2018,6,22,17,1,D,MASCULINO,1,1989288
2018,6,22,17,1,E,FEMENINO,1,1532206
2018,6,22,17,1,E,MASCULINO,11,18246832
2018,6,22,17,1,F,FEMENINO,1,1532206
2018,6,22,17,1,F,MASCULINO,2,3534046
2018,6,22,17,1,G,FEMENINO,6,9193236
2018,6,22,17,1,G,MASCULINO,10,15322060
2018,6,23,1,1,A,FEMENINO,1,20020000
2018,6,23,1,1,B,FEMENINO,8,70252000
2018,6,23,1,1,B,MASCULINO,8,74256000
2018,6,23,1,1,C,FEMENINO,23,123942000
2018,6,23,1,1,C,MASCULINO,23,134043000
2018,6,23,1,1,D,FEMENINO,72,281372000
2018,6,23,1,1,D,MASCULINO,37,145369000
2018,6,23,1,1,E,FEMENINO,35,94094000
2018,6,23,1,1,E,MASCULINO,61,151151000
2018,6,23,1,1,F,FEMENINO,5,13468000
2018,6,23,1,1,F,MASCULINO,6,15622000
2018,6,23,3,1,A,FEMENINO,1,7476000
2018,6,23,3,1,A,MASCULINO,3,32676000
2018,6,23,3,1,B,FEMENINO,38,270480000
2018,6,23,3,1,B,MASCULINO,69,483252000
2018,6,23,3,1,C,FEMENINO,61,312480000
2018,6,23,3,1,C,MASCULINO,152,774120000
2018,6,23,3,1,D,FEMENINO,14,62676000
2018,6,23,3,1,D,MASCULINO,36,157912000
2018,6,23,3,1,E,FEMENINO,8,27388000
2018,6,23,3,1,E,MASCULINO,30,102060000
2018,6,23,3,1,G,FEMENINO,7,19572000
2018,6,23,3,1,G,MASCULINO,45,133812000
2018,6,23,4,1,A,FEMENINO,1,6100000
2018,6,23,4,1,A,MASCULINO,1,16133333
2018,6,23,4,1,B,FEMENINO,3,26200000
2018,6,23,4,1,B,MASCULINO,5,43100000
2018,6,23,4,1,C,FEMENINO,13,95300000
2018,6,23,4,1,C,MASCULINO,5,38100000
2018,6,23,4,1,D,FEMENINO,24,121700000
2018,6,23,4,1,D,MASCULINO,9,43500000
2018,6,23,4,1,E,FEMENINO,1,3900000
2018,6,23,4,1,E,MASCULINO,1,4900000
2018,6,23,4,1,F,FEMENINO,5,16700000
2018,6,23,4,1,F,MASCULINO,5,17800000
2018,6,23,4,1,G,FEMENINO,4,16200000
2018,6,23,4,1,G,MASCULINO,13,51400000
2018,6,23,6,1,B,FEMENINO,5,34336400
2018,6,23,6,1,B,MASCULINO,4,27264800
2018,6,23,6,1,C,FEMENINO,12,70220700
2018,6,23,6,1,C,MASCULINO,10,63034900
2018,6,23,6,1,D,MASCULINO,14,64027800
2018,6,23,6,1,G,FEMENINO,9,45363000
2018,6,23,6,1,G,MASCULINO,7,35888100
2018,6,23,6,1,K,FEMENINO,1,5784933
2018,6,23,6,1,K,MASCULINO,2,11569866
2018,6,23,8,1,B,FEMENINO,5,34340964
2018,6,23,8,1,B,MASCULINO,2,12962712
2018,6,23,8,1,C,FEMENINO,3,15755544
2018,6,23,8,1,C,MASCULINO,3,17055381
2018,6,23,8,1,D,FEMENINO,1,3286080
2018,6,23,8,1,E,MASCULINO,1,3317748
2018,6,23,8,1,G,FEMENINO,1,2152080
2018,6,23,9,1,A,MASCULINO,1,18480000
2018,6,23,9,1,B,FEMENINO,7,53508000
2018,6,23,9,1,B,MASCULINO,6,44016000
2018,6,23,9,1,C,FEMENINO,13,67956000
2018,6,23,9,1,C,MASCULINO,6,30744000
2018,6,23,9,1,F,FEMENINO,2,3696000
2018,6,23,9,1,F,MASCULINO,1,1848000
2018,6,23,10,1,B,FEMENINO,4,44000000
2018,6,23,10,1,B,MASCULINO,18,254000000
2018,6,23,10,1,C,FEMENINO,54,443200000
2018,6,23,10,1,C,MASCULINO,111,998300000
2018,6,23,10,1,D,FEMENINO,5,21000000
2018,6,23,10,1,D,MASCULINO,14,49700000
2018,6,23,10,1,F,FEMENINO,19,93600000
2018,6,23,10,1,F,MASCULINO,27,129100000
2018,6,23,10,1,G,FEMENINO,4,14700000
2018,6,23,10,1,G,MASCULINO,23,84700000
2018,6,23,11,1,A,MASCULINO,1,20020000
2018,6,23,11,1,B,FEMENINO,2,17093000
2018,6,23,11,1,B,MASCULINO,20,168449587
2018,6,23,11,1,C,FEMENINO,17,100368301
2018,6,23,11,1,C,MASCULINO,26,154426213
2018,6,23,11,1,D,FEMENINO,17,60609495
2018,6,23,11,1,D,MASCULINO,46,152197354
2018,6,23,11,1,E,FEMENINO,6,15148150
2018,6,23,11,1,E,MASCULINO,33,76865246
2018,6,23,11,1,G,FEMENINO,12,22426152
2018,6,23,11,1,G,MASCULINO,66,127901950
2018,6,23,13,1,A,FEMENINO,1,6341972
2018,6,23,13,1,B,FEMENINO,1,6734000
2018,6,23,13,1,B,MASCULINO,11,110075000
2018,6,23,13,1,C,FEMENINO,3,21966000
2018,6,23,13,1,C,MASCULINO,5,37289000
2018,6,23,13,1,D,FEMENINO,2,8554000
2018,6,23,13,1,D,MASCULINO,2,9373000
2018,6,23,13,1,E,FEMENINO,2,4704000
2018,6,23,13,1,E,MASCULINO,3,7252000
2018,6,23,13,1,F,FEMENINO,2,4885244
2018,6,23,13,1,F,MASCULINO,2,4885244
2018,6,23,13,1,G,FEMENINO,6,31592379
2018,6,23,13,1,G,MASCULINO,9,39862067
2018,6,23,14,1,A,FEMENINO,1,4872000
2018,6,23,14,1,A,MASCULINO,2,24681000
2018,6,23,14,1,B,FEMENINO,4,43496205
2018,6,23,14,1,B,MASCULINO,7,69509335
2018,6,23,14,1,C,FEMENINO,40,267053174
2018,6,23,14,1,C,MASCULINO,29,186011450
2018,6,23,14,1,D,FEMENINO,10,36642057
2018,6,23,14,1,D,MASCULINO,5,18550246
2018,6,23,14,1,E,FEMENINO,13,32924094
2018,6,23,14,1,E,MASCULINO,17,40199828
2018,6,23,14,1,F,FEMENINO,2,5276602
2018,6,23,14,1,F,MASCULINO,3,8683320
2018,6,23,14,1,G,FEMENINO,3,7362000
2018,6,23,14,1,G,MASCULINO,4,10165333
2018,6,23,15,1,A,FEMENINO,186,1328964471
2018,6,23,15,1,A,MASCULINO,832,6459244103
2018,6,23,16,1,A,FEMENINO,3,27000000
2018,6,23,16,1,A,MASCULINO,3,41000000
2018,6,23,16,1,B,FEMENINO,21,208900000
2018,6,23,16,1,B,MASCULINO,19,212100000
2018,6,23,16,1,C,FEMENINO,97,668919999
2018,6,23,16,1,C,MASCULINO,137,956133340
2018,6,23,16,1,D,FEMENINO,195,834139998
2018,6,23,16,1,D,MASCULINO,185,787156696
2018,6,23,16,1,E,FEMENINO,97,232799652
2018,6,23,16,1,E,MASCULINO,383,919046716
2018,6,23,16,1,F,FEMENINO,63,154138230
2018,6,23,16,1,F,MASCULINO,104,255468289
2018,6,23,16,1,G,FEMENINO,41,98675722
2018,6,23,16,1,G,MASCULINO,99,233739305
2018,6,23,17,1,B,FEMENINO,8,47376000
2018,6,23,17,1,B,MASCULINO,7,40908000
2018,6,23,17,1,C,FEMENINO,2,15456000
2018,6,23,17,1,C,MASCULINO,3,26883520
2018,6,23,17,1,D,FEMENINO,14,45772000
2018,6,23,17,1,D,MASCULINO,4,13860000
2018,6,23,17,1,E,FEMENINO,14,38304000
2018,6,23,17,1,E,MASCULINO,8,22877650
2018,6,23,17,1,F,FEMENINO,1,2016000
2018,6,23,17,1,F,MASCULINO,2,4704000
2018,6,23,17,1,G,FEMENINO,1,2352000
2018,6,23,17,1,G,MASCULINO,1,2604000
2018,6,23,18,1,A,MASCULINO,1,18262500
2018,6,23,18,1,B,FEMENINO,4,40818500
2018,6,23,18,1,B,MASCULINO,16,160679000
2018,6,23,18,1,C,FEMENINO,59,402778494
2018,6,23,18,1,C,MASCULINO,77,528069797
2018,6,23,18,1,D,FEMENINO,67,269660198
2018,6,23,18,1,D,MASCULINO,91,342944612
2018,6,23,18,1,E,FEMENINO,7,17526749
2018,6,23,18,1,E,MASCULINO,25,72358097
2018,6,23,18,1,G,FEMENINO,8,17294000
2018,6,23,18,1,G,MASCULINO,30,64081501
2018,6,23,19,1,A,FEMENINO,4,37884000
2018,6,23,19,1,A,MASCULINO,2,29400000
2018,6,23,19,1,B,FEMENINO,6,61992000
2018,6,23,19,1,B,MASCULINO,2,21840000
2018,6,23,19,1,C,FEMENINO,27,165396000
2018,6,23,19,1,C,MASCULINO,28,172452000
2018,6,23,19,1,D,FEMENINO,19,65772000
2018,6,23,19,1,D,MASCULINO,16,55356000
2018,6,23,19,1,E,FEMENINO,9,20328000
2018,6,23,19,1,E,MASCULINO,13,31416000
2018,6,23,20,1,A,FEMENINO,2,16300000
2018,6,23,20,1,A,MASCULINO,10,84700000
2018,6,23,20,1,B,FEMENINO,9,74400000
2018,6,23,20,1,B,MASCULINO,14,123700000
2018,6,23,20,1,C,FEMENINO,13,95100000
2018,6,23,20,1,C,MASCULINO,17,105300000
2018,6,23,20,1,D,FEMENINO,37,164000000
2018,6,23,20,1,D,MASCULINO,59,254500000
2018,6,23,20,1,E,FEMENINO,29,82364492
2018,6,23,20,1,E,MASCULINO,119,336928984
2018,6,23,20,1,F,FEMENINO,1,2041123
2018,6,23,20,1,F,MASCULINO,3,6123369
2018,6,23,20,1,G,FEMENINO,14,28575722
2018,6,23,20,1,G,MASCULINO,42,86503797
2018,6,23,21,1,A,MASCULINO,1,22000000
2018,6,23,21,1,B,FEMENINO,11,68796000
2018,6,23,21,1,B,MASCULINO,10,69048000
2018,6,23,21,1,C,FEMENINO,68,391860000
2018,6,23,21,1,C,MASCULINO,67,374556000
2018,6,23,21,1,D,FEMENINO,36,174804000
2018,6,23,21,1,D,MASCULINO,82,390080000
2018,6,23,21,1,E,FEMENINO,5,21336000
2018,6,23,21,1,E,MASCULINO,17,58764000
2018,6,23,21,1,F,FEMENINO,4,10610432
2018,6,23,21,1,F,MASCULINO,17,57754061
2018,6,23,21,1,G,FEMENINO,8,27468000
2018,6,23,21,1,G,MASCULINO,8,26712000
2018,6,23,22,1,A,MASCULINO,1,5740988
2018,6,23,22,1,B,FEMENINO,14,114223200
2018,6,23,22,1,B,MASCULINO,13,113411485
2018,6,23,22,1,C,FEMENINO,19,101057249
2018,6,23,22,1,C,MASCULINO,29,171437464
2018,6,23,22,1,D,FEMENINO,61,235027773
2018,6,23,22,1,D,MASCULINO,66,241401972
2018,6,23,22,1,E,FEMENINO,12,32055633
2018,6,23,22,1,E,MASCULINO,41,104175289
2018,6,23,22,1,F,FEMENINO,3,4572000
2018,6,23,22,1,F,MASCULINO,14,38854700
2018,6,23,22,1,G,FEMENINO,12,27660866
2018,6,23,22,1,G,MASCULINO,46,87176583
2018,6,23,23,1,A,FEMENINO,1,22000000
2018,6,23,23,1,B,FEMENINO,30,280300000
2018,6,23,23,1,B,MASCULINO,18,170700000
2018,6,23,23,1,C,FEMENINO,59,405300000
2018,6,23,23,1,C,MASCULINO,48,333500000
2018,6,23,23,1,D,FEMENINO,35,165100000
2018,6,23,23,1,D,MASCULINO,45,217100000
2018,6,23,23,1,E,FEMENINO,15,59000000
2018,6,23,23,1,E,MASCULINO,23,78700000
2018,6,23,23,1,F,FEMENINO,21,64900000
2018,6,23,23,1,F,MASCULINO,28,82000000
2018,6,23,23,1,G,MASCULINO,2,4600000
2018,6,23,24,1,A,FEMENINO,4,31752000
2018,6,23,24,1,A,MASCULINO,3,36876000
2018,6,23,24,1,B,FEMENINO,3,31752000
2018,6,23,24,1,B,MASCULINO,8,85344000
2018,6,23,24,1,C,FEMENINO,20,136668000
2018,6,23,24,1,C,MASCULINO,11,65940000
2018,6,23,24,1,D,FEMENINO,97,333396000
2018,6,23,24,1,D,MASCULINO,58,206640000
2018,6,23,24,1,E,FEMENINO,64,165732000
2018,6,23,24,1,E,MASCULINO,53,137172000
2018,6,23,24,1,F,FEMENINO,15,32928000
2018,6,23,24,1,F,MASCULINO,11,27300000
2018,6,23,24,1,G,FEMENINO,299,620088000
2018,6,23,24,1,G,MASCULINO,311,654192000
2018,6,23,25,1,3,MASCULINO,1,3834516
2018,6,23,25,1,5,FEMENINO,1,3150336
2018,6,23,25,1,6,FEMENINO,2,7897512
2018,6,23,25,1,6,MASCULINO,1,3861440
2018,6,23,25,1,A,FEMENINO,1,6403320
2018,6,23,25,1,B,FEMENINO,10,47760351
2018,6,23,25,1,B,MASCULINO,17,77299591
2018,6,23,25,1,C,FEMENINO,16,42428463
2018,6,23,25,1,C,MASCULINO,14,33217053
2018,6,23,25,1,D,FEMENINO,6,16013048
2018,6,23,25,1,D,MASCULINO,7,15007922
2018,6,23,25,1,E,MASCULINO,1,2149290
2018,6,23,25,1,F,FEMENINO,9,19091688
2018,6,23,25,1,F,MASCULINO,22,39440709
2018,6,23,25,1,G,MASCULINO,1,3062892
2018,6,23,26,1,A,FEMENINO,1,18480000
2018,6,23,26,1,B,FEMENINO,2,15036000
2018,6,23,26,1,B,MASCULINO,3,22176000
2018,6,23,26,1,C,FEMENINO,3,16380000
2018,6,23,26,1,C,MASCULINO,5,26208000
2018,6,23,26,1,D,FEMENINO,3,10836000
2018,6,23,26,1,D,MASCULINO,3,12432000
2018,6,23,26,1,E,FEMENINO,2,4368000
2018,6,23,26,1,E,MASCULINO,2,4704000
2018,6,23,27,1,B,FEMENINO,1,10920000
2018,6,23,27,1,C,FEMENINO,2,15624000
2018,6,23,27,1,C,MASCULINO,2,15288000
2018,6,23,27,1,D,FEMENINO,1,3864000
2018,6,23,28,1,A,MASCULINO,1,12600000
2018,6,23,28,1,B,FEMENINO,4,33096000
2018,6,23,28,1,B,MASCULINO,5,40992000
2018,6,23,28,1,C,MASCULINO,2,15960000
2018,6,23,29,1,A,FEMENINO,2,7984000
2018,6,23,29,1,B,FEMENINO,3,23688000
2018,6,23,29,1,C,FEMENINO,4,24528000
2018,6,23,29,1,C,MASCULINO,2,12142334
2018,6,23,29,1,D,FEMENINO,3,8820000
2018,6,23,29,1,E,FEMENINO,3,8064000
2018,6,23,29,1,E,MASCULINO,2,5376000
2018,6,23,30,1,B,FEMENINO,3,25872000
2018,6,23,30,1,B,MASCULINO,2,18816000
2018,6,23,30,1,C,FEMENINO,1,5040000
2018,6,23,30,1,D,FEMENINO,2,9072000
2018,6,23,30,1,D,MASCULINO,2,7392000
2018,6,23,30,1,G,MASCULINO,2,3696000
2018,6,23,31,1,A,MASCULINO,1,22000000
2018,6,23,31,1,B,FEMENINO,2,12432000
2018,6,23,31,1,B,MASCULINO,5,45192000
2018,6,23,31,1,C,FEMENINO,3,14616000
2018,6,23,31,1,D,FEMENINO,5,15960000
2018,6,23,31,1,D,MASCULINO,7,21588000
2018,6,23,31,1,E,MASCULINO,1,1764000
2018,6,24,1,1,D,FEMENINO,1583,4120306498
2018,6,24,1,1,D,MASCULINO,1460,3840978310
2018,6,24,1,1,F,FEMENINO,146,538390573
2018,6,24,1,1,F,MASCULINO,171,633166497
2018,6,24,1,1,G,FEMENINO,400,2060151460
2018,6,24,1,1,G,MASCULINO,307,1575404050
2018,6,24,1,1,H,FEMENINO,128,862194445
2018,6,24,1,1,H,MASCULINO,156,1029821339
2018,6,24,1,1,I,FEMENINO,155,1244460421
2018,6,24,1,1,I,MASCULINO,144,1155152851
2018,6,24,1,1,S,FEMENINO,6065,29025349347
2018,6,24,1,1,S,MASCULINO,2614,14842240646
2018,6,24,2,1,G,FEMENINO,4,10686293
2018,6,24,2,1,G,MASCULINO,6,12042626
2018,6,24,3,1,A,FEMENINO,6,12279682
2018,6,24,3,1,A,MASCULINO,11,29434528
2018,6,24,3,1,P,FEMENINO,11,38878814
2018,6,24,3,1,P,MASCULINO,15,56951689
2018,6,24,4,1,1,MASCULINO,1,2968311
2018,6,24,4,1,A,FEMENINO,44,170368083
2018,6,24,4,1,A,MASCULINO,66,269604657
2018,6,24,4,1,K,MASCULINO,1,4298434
2018,6,24,4,1,R,MASCULINO,1,5816470
2018,6,24,4,1,S,MASCULINO,1,5069279
2018,6,24,5,1,A,MASCULINO,1,6660000
2018,6,24,5,1,B,FEMENINO,5,41040000
2018,6,24,5,1,B,MASCULINO,5,37620000
2018,6,24,5,1,C,FEMENINO,7,39240000
2018,6,24,5,1,C,MASCULINO,4,23760000
2018,6,24,5,1,D,FEMENINO,9,31770000
2018,6,24,5,1,D,MASCULINO,12,42030000
2018,6,24,5,1,E,FEMENINO,2,4860000
2018,6,24,5,1,E,MASCULINO,16,40087010
2018,6,24,5,1,F,FEMENINO,19,41868171
2018,6,24,5,1,F,MASCULINO,21,53388000
2018,6,24,5,1,G,FEMENINO,18,38064120
2018,6,24,5,1,G,MASCULINO,15,29982060
2018,6,25,2,1,A,FEMENINO,542,2266918881
2018,6,25,2,1,A,MASCULINO,637,2864933001
2018,6,25,2,1,O,FEMENINO,58,175595448
2018,6,25,2,1,O,MASCULINO,1675,6620436474
2018,6,25,2,1,P,FEMENINO,173,1593029564
2018,6,25,2,1,P,MASCULINO,420,4321090808
2018,6,25,2,1,T,FEMENINO,40,239254275
2018,6,25,2,1,T,MASCULINO,501,3267076785
2018,6,25,4,1,1,FEMENINO,18,52324985
2018,6,25,4,1,1,MASCULINO,61,217546331
2018,6,25,4,1,E,FEMENINO,115,220412397
2018,6,25,4,1,E,MASCULINO,493,949375263
2018,6,25,4,1,F,FEMENINO,63,126075146
2018,6,25,4,1,F,MASCULINO,191,380061910
2018,6,25,4,1,G,FEMENINO,56,151076482
2018,6,25,4,1,G,MASCULINO,155,427151087
2018,6,25,4,1,H,FEMENINO,22,55077525
2018,6,25,4,1,H,MASCULINO,39,96551119
2018,6,25,4,1,I,FEMENINO,1,2094288
2018,6,25,4,1,I,MASCULINO,2,4674803
2018,6,25,4,1,J,FEMENINO,4,12205200
2018,6,25,4,1,J,MASCULINO,4,12205200
2018,6,25,4,1,K,FEMENINO,14,49928652
2018,6,25,4,1,K,MASCULINO,35,120232839
2018,6,25,4,1,R,FEMENINO,10,59024574
2018,6,25,4,1,R,MASCULINO,35,210893382
2018,6,25,5,1,A,FEMENINO,4,26299000
2018,6,25,5,1,A,MASCULINO,13,93639000
2018,6,25,5,1,B,FEMENINO,27,239790120
2018,6,25,5,1,B,MASCULINO,57,516329864
2018,6,25,5,1,C,FEMENINO,80,509312464
2018,6,25,5,1,C,MASCULINO,179,1187769864
2018,6,25,5,1,D,FEMENINO,143,572253000
2018,6,25,5,1,D,MASCULINO,243,981133900
2018,6,25,5,1,E,FEMENINO,242,837385000
2018,6,25,5,1,E,MASCULINO,546,1870473000
2018,6,25,6,1,1,FEMENINO,5,22893000
2018,6,25,6,1,1,MASCULINO,15,59200346
2018,6,25,6,1,2,FEMENINO,4,21506200
2018,6,25,6,1,2,MASCULINO,7,37548200
2018,6,25,6,1,F,FEMENINO,1,1918600
2018,6,25,6,1,F,MASCULINO,10,23915400
2018,6,25,6,1,G,FEMENINO,4,16667600
2018,6,25,6,1,G,MASCULINO,26,93793600
2018,6,25,6,1,H,FEMENINO,6,18856200
2018,6,25,6,1,H,MASCULINO,49,146873600
2018,6,25,6,1,I,FEMENINO,15,44527700
2018,6,25,6,1,I,MASCULINO,103,308716100
2018,6,25,6,1,J,FEMENINO,3,8458900
2018,6,25,6,1,J,MASCULINO,23,63172500
2018,6,25,6,1,K,FEMENINO,35,151847900
2018,6,25,6,1,K,MASCULINO,204,857286700
2018,6,25,6,1,R,FEMENINO,18,129517000
2018,6,25,6,1,R,MASCULINO,66,466604240
2018,6,25,7,1,2,MASCULINO,5,47532000
2018,6,25,7,1,F,FEMENINO,8,24742900
2018,6,25,7,1,F,MASCULINO,16,50095765
2018,6,25,7,1,G,FEMENINO,100,546890100
2018,6,25,7,1,G,MASCULINO,524,2612831511
2018,6,25,7,1,H,FEMENINO,4,10756400
2018,6,25,7,1,H,MASCULINO,5,12481400
2018,6,25,7,1,X,FEMENINO,9,41186760
2018,6,25,7,1,X,MASCULINO,51,240636925
2018,6,27,1,1,B,FEMENINO,292,1903131500
2018,6,27,1,1,B,MASCULINO,806,6099577433
2018,6,27,3,1,A,FEMENINO,3,35600000
2018,6,27,3,1,A,MASCULINO,1,8500000
2018,6,27,3,1,B,FEMENINO,14,95700000
2018,6,27,3,1,B,MASCULINO,52,348500000
2018,6,27,3,1,C,FEMENINO,3,20800000
2018,6,27,3,1,C,MASCULINO,8,53900000
2018,6,27,3,1,D,FEMENINO,73,326900000
2018,6,27,3,1,D,MASCULINO,137,624200000
2018,6,27,3,1,E,FEMENINO,31,93500000
2018,6,27,3,1,E,MASCULINO,83,251700000
2018,6,27,4,1,K,FEMENINO,39,178915098
2018,6,27,4,1,K,MASCULINO,77,359586967
2018,6,27,5,1,G,FEMENINO,1,1857422
2018,6,27,5,1,H,FEMENINO,3,6090217
2018,6,27,5,1,H,MASCULINO,1,2375373
2018,6,27,7,1,A,FEMENINO,31,165026400
2018,6,27,7,1,A,MASCULINO,41,258230156
2018,6,28,1,1,B,FEMENINO,5,8572715
2018,6,28,1,1,B,MASCULINO,5,8899295
2018,6,28,1,1,C,FEMENINO,2,2041123
2018,6,28,1,1,C,MASCULINO,3,4082246
2018,6,28,1,1,D,FEMENINO,18,30448927
2018,6,28,1,1,D,MASCULINO,20,34435103
2018,6,28,1,1,E,FEMENINO,17,29147231
2018,6,28,1,1,E,MASCULINO,7,12001801
2018,6,28,1,1,F,FEMENINO,14,24931869
2018,6,28,1,1,F,MASCULINO,25,43921611
2018,6,28,1,1,G,FEMENINO,608,1866865944
2018,6,28,1,1,G,MASCULINO,503,1520970314
2018,6,28,1,1,H,FEMENINO,555,1244135738
2018,6,28,1,1,H,MASCULINO,729,1576935107
2018,6,28,1,1,I,FEMENINO,335,607736121
2018,6,28,1,1,I,MASCULINO,411,750766380
2018,6,28,1,1,K,FEMENINO,242,568417400
2018,6,28,1,1,K,MASCULINO,167,394854760
2018,6,28,1,1,L,FEMENINO,2380,5329121941
2018,6,28,1,1,L,MASCULINO,2522,5944523121
2018,6,28,1,1,S,FEMENINO,1473,4265100424
2018,6,28,1,1,S,MASCULINO,422,1065018211
2018,6,28,1,1,U,FEMENINO,2779,8493596315
2018,6,28,1,1,U,MASCULINO,2743,9291478360
2018,6,28,1,1,Z,FEMENINO,102,260211686
2018,6,28,1,1,Z,MASCULINO,115,283828178
2018,6,28,2,1,C,FEMENINO,28,49169308
2018,6,28,2,1,C,MASCULINO,33,53115844
2018,6,28,2,1,D,FEMENINO,23,39337642
2018,6,28,2,1,D,MASCULINO,17,29312284
2018,6,28,2,1,E,FEMENINO,39,62268473
2018,6,28,2,1,E,MASCULINO,17,28489168
2018,6,28,2,1,F,FEMENINO,40,74313966
2018,6,28,2,1,F,MASCULINO,28,51682524
2018,6,28,2,1,G,FEMENINO,24,64989875
2018,6,28,2,1,G,MASCULINO,21,58411054
2018,6,28,2,1,H,FEMENINO,13,28770685
2018,6,28,2,1,H,MASCULINO,7,14927960
2018,6,28,2,1,K,FEMENINO,23,79060980
2018,6,28,2,1,K,MASCULINO,33,121645862
2018,6,28,2,1,L,FEMENINO,10,17349292
2018,6,28,2,1,L,MASCULINO,11,20744394
2018,6,28,2,1,U,FEMENINO,623,1941483804
2018,6,28,2,1,U,MASCULINO,595,2222182054
2018,6,28,2,1,Z,FEMENINO,2,2268000
2018,6,28,2,1,Z,MASCULINO,1,1134000
2018,6,28,3,1,1,FEMENINO,1,3482052
2018,6,28,3,1,1,MASCULINO,1,3482052
2018,6,28,3,1,D,FEMENINO,16,26962835
2018,6,28,3,1,D,MASCULINO,12,20755094
2018,6,28,3,1,E,FEMENINO,12,21461689
2018,6,28,3,1,E,MASCULINO,7,12065596
2018,6,28,3,1,F,FEMENINO,19,35450899
2018,6,28,3,1,F,MASCULINO,20,36413604
2018,6,28,3,1,G,FEMENINO,19,49603807
2018,6,28,3,1,G,MASCULINO,21,52504309
2018,6,28,3,1,H,FEMENINO,1,2450532
2018,6,28,3,1,K,FEMENINO,6,22299915
2018,6,28,3,1,K,MASCULINO,4,15889128
2018,6,28,3,1,U,FEMENINO,304,884986553
2018,6,28,3,1,U,MASCULINO,245,875835786
2018,6,28,4,1,1,FEMENINO,6,26999888
2018,6,28,4,1,1,MASCULINO,2,9456384
2018,6,28,4,1,C,FEMENINO,4,6858172
2018,6,28,4,1,C,MASCULINO,4,7184752
2018,6,28,4,1,E,FEMENINO,16,27351043
2018,6,28,4,1,E,MASCULINO,17,29344676
2018,6,28,4,1,F,FEMENINO,22,45904049
2018,6,28,4,1,F,MASCULINO,10,20730048
2018,6,28,4,1,G,FEMENINO,35,104316988
2018,6,28,4,1,G,MASCULINO,17,49641960
2018,6,28,4,1,H,FEMENINO,39,70014407
2018,6,28,4,1,H,MASCULINO,30,54377480
2018,6,28,4,1,K,FEMENINO,12,36885892
2018,6,28,4,1,K,MASCULINO,4,13417423
2018,6,28,4,1,L,FEMENINO,430,942901399
2018,6,28,4,1,L,MASCULINO,310,891029770
2018,6,28,4,1,U,FEMENINO,77,143140864
2018,6,28,4,1,U,MASCULINO,54,149593791
2018,6,28,5,1,C,FEMENINO,9,9447354
2018,6,28,5,1,C,MASCULINO,2,1116600
2018,6,28,5,1,E,FEMENINO,32,53622714
2018,6,28,5,1,E,MASCULINO,38,61902048
2018,6,28,5,1,F,FEMENINO,12,22968132
2018,6,28,5,1,F,MASCULINO,8,14654556
2018,6,28,5,1,G,FEMENINO,40,96831418
2018,6,28,5,1,G,MASCULINO,36,99549709
2018,6,28,5,1,H,MASCULINO,4,8574216
2018,6,28,5,1,K,FEMENINO,1,4057956
2018,6,28,5,1,K,MASCULINO,1,4819668
2018,6,28,5,1,L,FEMENINO,190,551547332
2018,6,28,5,1,L,MASCULINO,221,838208382
2018,6,28,5,1,N,FEMENINO,3,5461220
2018,6,28,5,1,N,MASCULINO,8,13886019
2018,6,28,5,1,U,FEMENINO,30,85638154
2018,6,28,5,1,U,MASCULINO,28,104380396
2018,6,28,6,1,C,FEMENINO,2,0
2018,6,28,6,1,C,MASCULINO,1,0
2018,6,28,6,1,D,FEMENINO,2,3429086
2018,6,28,6,1,D,MASCULINO,4,6858172
2018,6,28,6,1,E,FEMENINO,21,36005403
2018,6,28,6,1,E,MASCULINO,16,27432688
2018,6,28,6,1,F,FEMENINO,29,51346848
2018,6,28,6,1,F,MASCULINO,24,45045336
2018,6,28,6,1,G,FEMENINO,35,117222000
2018,6,28,6,1,G,MASCULINO,36,121138920
2018,6,28,6,1,H,FEMENINO,1,2454816
2018,6,28,6,1,K,FEMENINO,4,19134864
2018,6,28,6,1,K,MASCULINO,4,19094040
2018,6,28,6,1,L,FEMENINO,656,713071512
2018,6,28,6,1,L,MASCULINO,487,610314099
2018,6,28,6,1,U,FEMENINO,117,307538884
2018,6,28,6,1,U,MASCULINO,100,287371362
2018,6,28,7,1,2,FEMENINO,1,3634596
2018,6,28,7,1,D,FEMENINO,7,11808730
2018,6,28,7,1,D,MASCULINO,3,4832578
2018,6,28,7,1,E,FEMENINO,22,37311124
2018,6,28,7,1,E,MASCULINO,22,36637137
2018,6,28,7,1,F,FEMENINO,51,96439218
2018,6,28,7,1,F,MASCULINO,33,64300822
2018,6,28,7,1,G,FEMENINO,31,73323281
2018,6,28,7,1,G,MASCULINO,29,70131978
2018,6,28,7,1,H,FEMENINO,10,20310832
2018,6,28,7,1,H,MASCULINO,11,22510487
2018,6,28,7,1,I,FEMENINO,1,2306168
2018,6,28,7,1,K,FEMENINO,16,58948918
2018,6,28,7,1,K,MASCULINO,18,65086286
2018,6,28,7,1,L,FEMENINO,216,225359728
2018,6,28,7,1,L,MASCULINO,202,231290349
2018,6,28,7,1,S,MASCULINO,1,899556
2018,6,28,7,1,U,FEMENINO,237,518612491
2018,6,28,7,1,U,MASCULINO,348,930839610
2018,6,28,8,1,E,FEMENINO,4,7158172
2018,6,28,8,1,E,MASCULINO,6,10287258
2018,6,28,8,1,F,FEMENINO,9,16074912
2018,6,28,8,1,F,MASCULINO,6,10442880
2018,6,28,8,1,G,FEMENINO,18,54946556
2018,6,28,8,1,G,MASCULINO,15,45162516
2018,6,28,8,1,H,MASCULINO,1,2111751
2018,6,28,8,1,K,MASCULINO,1,3915156
2018,6,28,8,1,U,FEMENINO,2,10718400
2018,6,28,8,1,U,MASCULINO,11,44317580
2018,6,30,1,3,M,FEMENINO,1,990000
2018,6,30,1,3,M,MASCULINO,4,8808530
2018,6,30,1,4,M,FEMENINO,5,10050563
2018,6,30,1,4,M,MASCULINO,3,11051514
2018,6,30,1,5,M,MASCULINO,5,9807685
2018,6,30,1,6,M,FEMENINO,8,8865000
2018,6,30,1,6,M,MASCULINO,7,16604837
2018,6,30,1,238,M,MASCULINO,3,16320000
2018,6,30,1,241,M,FEMENINO,1,5000000
2018,6,30,1,241,M,MASCULINO,3,3870000
2018,6,30,1,249,A,MASCULINO,1,9800000
2018,6,30,1,249,E,MASCULINO,1,3600000
2018,6,30,1,249,F,MASCULINO,2,3780000
2018,6,30,1,524,M,FEMENINO,2,3100000
2018,6,30,1,524,M,MASCULINO,1,2900000
2018,6,30,2,8,M,FEMENINO,4,6150000
2018,6,30,2,8,M,MASCULINO,3,18000000
2018,6,30,2,12,M,FEMENINO,3,4950909
2018,6,30,2,12,M,MASCULINO,9,20700462
2018,6,30,2,13,C,MASCULINO,1,6150000
2018,6,30,2,13,E,FEMENINO,1,2160000
2018,6,30,2,13,E,MASCULINO,3,5265000
2018,6,30,2,14,M,FEMENINO,1,1500000
2018,6,30,2,14,M,MASCULINO,2,1530000
2018,6,30,2,15,M,FEMENINO,7,10260000
2018,6,30,2,15,M,MASCULINO,15,37770550
2018,6,30,2,16,M,MASCULINO,3,5643352
2018,6,30,2,17,A,MASCULINO,1,3249133
2018,6,30,2,17,F,MASCULINO,3,3227000
2018,6,30,2,17,G,FEMENINO,1,1080000
2018,6,30,2,18,M,FEMENINO,4,11079927
2018,6,30,2,18,M,MASCULINO,2,3141288
2018,6,30,2,19,M,FEMENINO,2,1845000
2018,6,30,2,19,M,MASCULINO,4,4520000
2018,6,30,2,20,M,FEMENINO,2,2060000
2018,6,30,2,20,M,MASCULINO,3,5448330
2018,6,30,2,22,M,FEMENINO,1,2520000
2018,6,30,2,22,M,MASCULINO,3,11638240
2018,6,30,2,23,M,FEMENINO,1,1503000
2018,6,30,2,23,M,MASCULINO,2,1503000
2018,6,30,2,24,M,FEMENINO,5,6210000
2018,6,30,2,24,M,MASCULINO,6,22540000
2018,6,30,2,25,M,FEMENINO,1,900000
2018,6,30,2,25,M,MASCULINO,3,9008486
2018,6,30,2,26,A,MASCULINO,1,12200000
2018,6,30,2,26,D,FEMENINO,2,5220000
2018,6,30,2,26,D,MASCULINO,9,24390000
2018,6,30,2,26,E,MASCULINO,1,1890000
2018,6,30,2,239,M,FEMENINO,1,1639459
2018,6,30,2,239,M,MASCULINO,5,13467475
2018,6,30,2,253,M,FEMENINO,1,800000
2018,6,30,2,253,M,MASCULINO,4,6160000
2018,6,30,3,27,M,FEMENINO,39,73275375
2018,6,30,3,27,M,MASCULINO,31,65497904
2018,6,30,3,28,M,FEMENINO,4,5272980
2018,6,30,3,28,M,MASCULINO,5,9306840
2018,6,30,3,29,M,FEMENINO,3,8330000
2018,6,30,3,29,M,MASCULINO,5,19228657
2018,6,30,3,30,M,FEMENINO,2,3800000
2018,6,30,3,30,M,MASCULINO,3,11843571
2018,6,30,3,31,M,FEMENINO,7,11610000
2018,6,30,3,31,M,MASCULINO,9,24350000
2018,6,30,3,32,0,FEMENINO,3,5460000
2018,6,30,3,32,0,MASCULINO,4,15805001
2018,6,30,3,33,C,FEMENINO,1,4365000
2018,6,30,3,33,C,MASCULINO,2,0
2018,6,30,3,33,M,FEMENINO,2,4700769
2018,6,30,3,33,M,MASCULINO,8,26660000
2018,6,30,3,34,M,FEMENINO,6,7500000
2018,6,30,3,34,M,MASCULINO,10,9564000
2018,6,30,3,35,M,FEMENINO,1,1100000
2018,6,30,3,35,M,MASCULINO,6,13507049
2018,6,30,3,36,M,FEMENINO,1,5000000
2018,6,30,3,36,M,MASCULINO,1,5000000
2018,6,30,3,37,M,FEMENINO,2,6900000
2018,6,30,3,37,M,MASCULINO,1,2000000
2018,6,30,3,39,B,FEMENINO,1,3104437
2018,6,30,3,39,D,FEMENINO,1,1814815
2018,6,30,3,39,F,FEMENINO,1,1080000
2018,6,30,3,41,M,MASCULINO,1,2000000
2018,6,30,3,42,M,FEMENINO,7,17229100
2018,6,30,3,42,M,MASCULINO,7,31260730
2018,6,30,3,43,M,FEMENINO,1,140000
2018,6,30,3,43,M,MASCULINO,5,2830000
2018,6,30,3,44,M,FEMENINO,7,9610000
2018,6,30,3,44,M,MASCULINO,7,18070000
2018,6,30,3,45,M,FEMENINO,7,8805764
2018,6,30,3,45,M,MASCULINO,6,6120000
2018,6,30,3,46,0,MASCULINO,2,3900000
2018,6,30,4,47,M,FEMENINO,34,60674215
2018,6,30,4,47,M,MASCULINO,44,106223462
2018,6,30,4,48,M,FEMENINO,2,1905000
2018,6,30,4,48,M,MASCULINO,1,1200000
2018,6,30,4,49,M,FEMENINO,4,30300000
2018,6,30,4,49,M,MASCULINO,4,16800000
2018,6,30,4,50,M,FEMENINO,3,4450000
2018,6,30,4,50,M,MASCULINO,2,3814139
2018,6,30,4,51,M,FEMENINO,3,2300000
2018,6,30,4,51,M,MASCULINO,1,2180000
2018,6,30,4,53,M,FEMENINO,1,1820000
2018,6,30,4,53,M,MASCULINO,9,17988538
2018,6,30,4,54,M,FEMENINO,1,800000
2018,6,30,4,54,M,MASCULINO,2,2750000
2018,6,30,4,55,M,FEMENINO,3,4380000
2018,6,30,4,55,M,MASCULINO,3,5030000
2018,6,30,4,56,M,FEMENINO,1,1170000
2018,6,30,4,56,M,MASCULINO,1,1600000
2018,6,30,4,57,M,FEMENINO,2,3450000
2018,6,30,4,57,M,MASCULINO,3,3600000
2018,6,30,4,58,M,MASCULINO,2,1630000
2018,6,30,4,59,M,FEMENINO,1,342000
2018,6,30,4,59,M,MASCULINO,2,611000
2018,6,30,4,60,X,FEMENINO,1,540000
2018,6,30,4,60,X,MASCULINO,1,700000
2018,6,30,4,61,M,FEMENINO,2,1080000
2018,6,30,4,61,M,MASCULINO,1,540000
2018,6,30,4,62,M,FEMENINO,2,870000
2018,6,30,4,62,M,MASCULINO,10,2420000
2018,6,30,4,63,M,FEMENINO,8,0
2018,6,30,4,63,M,MASCULINO,17,0
2018,6,30,4,234,M,FEMENINO,2,4700000
2018,6,30,4,234,M,MASCULINO,2,8850000
2018,6,30,5,64,M,FEMENINO,26,5687020
2018,6,30,5,64,M,MASCULINO,71,14288720
2018,6,30,5,65,A,MASCULINO,1,13200000
2018,6,30,5,65,B,MASCULINO,2,4770000
2018,6,30,5,65,C,FEMENINO,3,8520000
2018,6,30,5,65,C,MASCULINO,5,13250007
2018,6,30,5,65,D,FEMENINO,1,3200000
2018,6,30,5,65,D,MASCULINO,1,3600000
2018,6,30,5,65,E,FEMENINO,2,5000000
2018,6,30,5,65,E,MASCULINO,3,8300000
2018,6,30,5,65,G,FEMENINO,5,10350007
2018,6,30,5,65,G,MASCULINO,5,8419128
2018,6,30,5,65,L,MASCULINO,1,2000000
2018,6,30,5,65,U,MASCULINO,1,2070000
2018,6,30,5,66,M,FEMENINO,1,1080000
2018,6,30,5,66,M,MASCULINO,3,7250000
2018,6,30,5,67,M,FEMENINO,1,990000
2018,6,30,5,67,M,MASCULINO,2,2240000
2018,6,30,5,68,M,FEMENINO,1,1170000
2018,6,30,5,68,M,MASCULINO,2,4005260
2018,6,30,5,69,M,FEMENINO,10,11190000
2018,6,30,5,69,M,MASCULINO,14,22290000
2018,6,30,5,70,M,FEMENINO,3,12956876
2018,6,30,5,70,M,MASCULINO,3,6650000
2018,6,30,5,72,A,MASCULINO,1,2628000
2018,6,30,5,72,D,MASCULINO,3,4716000
2018,6,30,5,73,0,FEMENINO,3,4545000
2018,6,30,5,73,0,MASCULINO,8,16720000
2018,6,30,5,74,M,FEMENINO,1,1530000
2018,6,30,5,74,M,MASCULINO,3,4230000
2018,6,30,5,75,M,FEMENINO,3,5300000
2018,6,30,5,75,M,MASCULINO,8,33632320
2018,6,30,5,76,M,FEMENINO,1,8400000
2018,6,30,5,76,M,MASCULINO,11,91800000
2018,6,30,5,77,M,FEMENINO,2,2990994
2018,6,30,5,77,M,MASCULINO,7,16255785
2018,6,30,5,78,M,FEMENINO,5,4950000
2018,6,30,5,78,M,MASCULINO,6,5490000
2018,6,30,5,79,M,FEMENINO,1,2000000
2018,6,30,5,79,M,MASCULINO,5,15250000
2018,6,30,5,81,M,FEMENINO,2,1500000
2018,6,30,5,81,M,MASCULINO,4,5600000
2018,6,30,5,82,M,FEMENINO,2,2607141
2018,6,30,5,82,M,MASCULINO,1,1530000
2018,6,30,5,83,M,FEMENINO,1,990000
2018,6,30,5,83,M,MASCULINO,2,8946975
2018,6,30,5,233,X,MASCULINO,3,7930000
2018,6,30,5,243,M,FEMENINO,2,3000000
2018,6,30,5,243,M,MASCULINO,5,11000000
2018,6,30,6,84,M,FEMENINO,6,0
2018,6,30,6,84,M,MASCULINO,12,0
2018,6,30,6,85,M,MASCULINO,3,4700000
2018,6,30,6,86,M,MASCULINO,5,0
2018,6,30,6,87,M,MASCULINO,1,0
2018,6,30,6,89,M,MASCULINO,2,3220000
2018,6,30,6,90,M,FEMENINO,4,3960000
2018,6,30,6,90,M,MASCULINO,8,19810000
2018,6,30,6,91,1,FEMENINO,1,1620000
2018,6,30,6,91,1,MASCULINO,2,4620000
2018,6,30,6,92,0,FEMENINO,3,11200000
2018,6,30,6,92,0,MASCULINO,4,7630000
2018,6,30,6,93,M,FEMENINO,9,9890000
2018,6,30,6,93,M,MASCULINO,14,24240000
2018,6,30,6,245,M,MASCULINO,3,4240000
2018,6,30,7,94,M,FEMENINO,83,204357318
2018,6,30,7,94,M,MASCULINO,155,446210015
2018,6,30,7,95,M,FEMENINO,5,11512672
2018,6,30,7,95,M,MASCULINO,9,40093340
2018,6,30,7,96,0,FEMENINO,4,6642000
2018,6,30,7,96,0,MASCULINO,5,21093300
2018,6,30,7,97,M,FEMENINO,4,7245000
2018,6,30,7,97,M,MASCULINO,12,28230000
2018,6,30,7,98,M,FEMENINO,8,18455930
2018,6,30,7,98,M,MASCULINO,5,20136263
2018,6,30,7,99,M,FEMENINO,3,3150000
2018,6,30,7,99,M,MASCULINO,3,5900000
2018,6,30,7,100,M,FEMENINO,7,13447370
2018,6,30,7,100,M,MASCULINO,2,12077500
2018,6,30,7,101,M,MASCULINO,9,29338000
2018,6,30,7,102,M,FEMENINO,1,5755500
2018,6,30,7,102,M,MASCULINO,7,16440400
2018,6,30,7,103,M,FEMENINO,4,6781500
2018,6,30,7,103,M,MASCULINO,8,17494500
2018,6,30,7,104,M,FEMENINO,7,18018000
2018,6,30,7,104,M,MASCULINO,10,26656000
2018,6,30,7,105,M,FEMENINO,5,5850000
2018,6,30,7,105,M,MASCULINO,4,10825000
2018,6,30,7,106,M,FEMENINO,1,1000000
2018,6,30,7,106,M,MASCULINO,5,6550000
2018,6,30,7,107,M,FEMENINO,10,27365050
2018,6,30,7,107,M,MASCULINO,18,65516050
2018,6,30,7,108,M,FEMENINO,2,1650250
2018,6,30,7,108,M,MASCULINO,4,5650000
2018,6,30,7,109,M,FEMENINO,2,2140000
2018,6,30,7,109,M,MASCULINO,1,990000
2018,6,30,7,110,M,FEMENINO,15,42600000
2018,6,30,7,110,M,MASCULINO,21,78250000
2018,6,30,7,111,A,MASCULINO,1,6300000
2018,6,30,7,111,B,FEMENINO,1,2250000
2018,6,30,7,111,B,MASCULINO,2,3875000
2018,6,30,7,111,M,FEMENINO,1,1347500
2018,6,30,7,112,M,FEMENINO,1,1500000
2018,6,30,7,112,M,MASCULINO,4,8700000
2018,6,30,7,113,M,FEMENINO,2,4000000
2018,6,30,7,113,M,MASCULINO,5,19500000
2018,6,30,7,114,M,FEMENINO,2,22950000
2018,6,30,7,114,M,MASCULINO,9,32850000
2018,6,30,7,115,M,FEMENINO,6,13753188
2018,6,30,7,115,M,MASCULINO,2,5437011
2018,6,30,7,116,M,FEMENINO,5,6350000
2018,6,30,7,116,M,MASCULINO,3,14195000
2018,6,30,7,117,M,FEMENINO,5,21400000
2018,6,30,7,117,M,MASCULINO,3,21134132
2018,6,30,7,118,M,FEMENINO,1,810000
2018,6,30,7,118,M,MASCULINO,4,11630000
2018,6,30,7,119,M,FEMENINO,2,10430820
2018,6,30,7,119,M,MASCULINO,2,6051870
2018,6,30,7,120,M,FEMENINO,2,3240000
2018,6,30,7,120,M,MASCULINO,3,10152500
2018,6,30,7,121,M,FEMENINO,1,15000000
2018,6,30,7,121,M,MASCULINO,4,7380000
2018,6,30,7,122,A,MASCULINO,1,8263860
2018,6,30,7,122,C,FEMENINO,3,8099215
2018,6,30,7,122,C,MASCULINO,1,1111560
2018,6,30,7,122,E,FEMENINO,1,1876500
2018,6,30,7,122,E,MASCULINO,3,4795396
2018,6,30,7,123,M,FEMENINO,5,9705000
2018,6,30,7,123,M,MASCULINO,5,13753995
2018,6,30,8,124,0,FEMENINO,18,26487825
2018,6,30,8,124,0,MASCULINO,15,26150000
2018,6,30,8,125,C,MASCULINO,1,0
2018,6,30,8,126,M,FEMENINO,8,20863000
2018,6,30,8,126,M,MASCULINO,18,57845000
2018,6,30,8,127,M,FEMENINO,5,5764384
2018,6,30,8,127,M,MASCULINO,3,5146000
2018,6,30,8,129,M,FEMENINO,3,3906000
2018,6,30,8,129,M,MASCULINO,5,5148000
2018,6,30,8,130,M,FEMENINO,5,16875000
2018,6,30,8,130,M,MASCULINO,5,12155000
2018,6,30,8,131,M,FEMENINO,4,7650000
2018,6,30,8,131,M,MASCULINO,3,8900000
2018,6,30,8,132,M,FEMENINO,1,1300000
2018,6,30,8,132,M,MASCULINO,6,9480000
2018,6,30,8,133,M,FEMENINO,1,990000
2018,6,30,8,133,M,MASCULINO,3,2820000
2018,6,30,9,134,M,FEMENINO,20,43806650
2018,6,30,9,134,M,MASCULINO,28,40467650
2018,6,30,9,136,M,FEMENINO,7,13050000
2018,6,30,9,136,M,MASCULINO,11,23695000
2018,6,30,9,137,P,FEMENINO,1,720000
2018,6,30,9,137,P,MASCULINO,5,13038000
2018,6,30,9,138,M,FEMENINO,10,19487000
2018,6,30,9,138,M,MASCULINO,17,46053000
2018,6,30,9,139,M,FEMENINO,2,2250000
2018,6,30,9,139,M,MASCULINO,3,4010000
2018,6,30,9,140,M,FEMENINO,1,2041123
2018,6,30,9,140,M,MASCULINO,4,13241123
2018,6,30,9,141,M,FEMENINO,4,2610000
2018,6,30,9,141,M,MASCULINO,10,11130000
2018,6,30,9,142,M,FEMENINO,5,6188000
2018,6,30,9,142,M,MASCULINO,2,6070000
2018,6,30,9,143,A,FEMENINO,1,6000000
2018,6,30,9,143,B,MASCULINO,1,1440000
2018,6,30,9,143,C,FEMENINO,2,2730000
2018,6,30,9,143,C,MASCULINO,4,5760000
2018,6,30,9,143,G,FEMENINO,3,2700000
2018,6,30,9,143,G,MASCULINO,6,4950000
2018,6,30,9,144,M,FEMENINO,2,2375000
2018,6,30,9,144,M,MASCULINO,3,3265000
2018,6,30,9,145,M,FEMENINO,1,500000
2018,6,30,9,145,M,MASCULINO,5,12350000
2018,6,30,9,146,M,FEMENINO,5,8550000
2018,6,30,9,146,M,MASCULINO,3,4400000
2018,6,30,9,149,M,FEMENINO,3,6700000
2018,6,30,9,149,M,MASCULINO,7,9900000
2018,6,30,9,150,M,MASCULINO,2,2352000
2018,6,30,10,151,A,FEMENINO,1,6082500
2018,6,30,10,151,B,FEMENINO,11,30637671
2018,6,30,10,151,B,MASCULINO,11,29056513
2018,6,30,10,151,C,FEMENINO,40,95295277
2018,6,30,10,151,C,MASCULINO,55,136047293
2018,6,30,10,151,D,FEMENINO,18,30608212
2018,6,30,10,151,D,MASCULINO,21,40418825
2018,6,30,10,151,E,FEMENINO,14,21265418
2018,6,30,10,151,E,MASCULINO,35,43314925
2018,6,30,10,151,F,FEMENINO,13,16508242
2018,6,30,10,151,F,MASCULINO,32,42954304
2018,6,30,10,151,G,FEMENINO,2,2933200
2018,6,30,10,151,G,MASCULINO,6,6868386
2018,6,30,10,151,H,MASCULINO,1,1196100
2018,6,30,10,152,B,MASCULINO,2,7400000
2018,6,30,10,152,D,FEMENINO,9,18941063
2018,6,30,10,152,D,MASCULINO,9,23970000
2018,6,30,10,152,F,FEMENINO,8,13739178
2018,6,30,10,152,F,MASCULINO,9,15237746
2018,6,30,10,152,G,FEMENINO,7,10156227
2018,6,30,10,152,G,MASCULINO,16,48534505
2018,6,30,10,152,H,MASCULINO,1,2430000
2018,6,30,10,153,M,FEMENINO,2,2970000
2018,6,30,10,153,M,MASCULINO,2,7200000
2018,6,30,10,154,M,FEMENINO,3,4600000
2018,6,30,10,154,M,MASCULINO,6,18000000
2018,6,30,10,155,A,MASCULINO,1,14240550
2018,6,30,10,155,B,FEMENINO,3,10990000
2018,6,30,10,155,B,MASCULINO,12,44537110
2018,6,30,10,155,C,FEMENINO,1,2993130
2018,6,30,10,155,D,FEMENINO,19,41200442
2018,6,30,10,155,D,MASCULINO,12,27265382
2018,6,30,10,155,E,FEMENINO,6,10174193
2018,6,30,10,155,E,MASCULINO,11,25433560
2018,6,30,10,155,F,FEMENINO,1,1306667
2018,6,30,10,155,G,FEMENINO,8,20910479
2018,6,30,10,155,G,MASCULINO,16,41746693
2018,6,30,10,155,L,FEMENINO,2,3417570
2018,6,30,10,155,L,MASCULINO,3,7416000
2018,6,30,10,155,S,MASCULINO,1,6000000
2018,6,30,10,156,M,FEMENINO,4,11871000
2018,6,30,10,156,M,MASCULINO,7,30062900
2018,6,30,10,157,M,FEMENINO,3,5100000
2018,6,30,10,157,M,MASCULINO,11,29800000
2018,6,30,10,158,M,FEMENINO,4,4900000
2018,6,30,10,158,M,MASCULINO,3,7350000
2018,6,30,10,159,M,FEMENINO,3,6105123
2018,6,30,10,159,M,MASCULINO,5,17016293
2018,6,30,10,160,M,FEMENINO,8,15537819
2018,6,30,10,160,M,MASCULINO,6,21777871
2018,6,30,10,161,M,FEMENINO,3,5850000
2018,6,30,10,161,M,MASCULINO,8,22846666
2018,6,30,10,162,M,FEMENINO,26,58750519
2018,6,30,10,162,M,MASCULINO,44,117007547
2018,6,30,10,163,M,FEMENINO,3,8800000
2018,6,30,10,163,M,MASCULINO,1,12000000
2018,6,30,10,164,A,MASCULINO,1,12949392
2018,6,30,10,164,B,FEMENINO,5,24354339
2018,6,30,10,164,B,MASCULINO,4,19978359
2018,6,30,10,164,C,FEMENINO,7,26564630
2018,6,30,10,164,C,MASCULINO,8,31589604
2018,6,30,10,164,D,FEMENINO,2,6553148
2018,6,30,10,164,D,MASCULINO,1,2602300
2018,6,30,10,164,F,FEMENINO,8,20028302
2018,6,30,10,164,F,MASCULINO,4,9696352
2018,6,30,10,164,G,FEMENINO,8,19337416
2018,6,30,10,164,G,MASCULINO,42,107916146
2018,6,30,10,165,A,MASCULINO,1,14000000
2018,6,30,10,165,C,FEMENINO,2,6250000
2018,6,30,10,165,C,MASCULINO,2,7550000
2018,6,30,10,165,D,FEMENINO,2,5150000
2018,6,30,10,165,G,MASCULINO,2,8000000
2018,6,30,10,166,M,FEMENINO,7,19652690
2018,6,30,10,166,M,MASCULINO,4,6177600
2018,6,30,10,167,M,FEMENINO,7,11290000
2018,6,30,10,167,M,MASCULINO,8,31200000
2018,6,30,10,168,M,FEMENINO,7,18306000
2018,6,30,10,168,M,MASCULINO,3,20893176
2018,6,30,10,169,M,FEMENINO,6,15008666
2018,6,30,10,169,M,MASCULINO,7,33270000
2018,6,30,10,170,M,FEMENINO,7,16166150
2018,6,30,10,170,M,MASCULINO,3,15118080
2018,6,30,10,240,M,FEMENINO,5,8560000
2018,6,30,10,240,M,MASCULINO,13,20740000
2018,6,30,10,246,M,MASCULINO,7,18065000
2018,6,30,11,171,C,FEMENINO,1,0
2018,6,30,11,171,M,FEMENINO,10,8397685
2018,6,30,11,171,M,MASCULINO,17,11467880
2018,6,30,11,172,M,FEMENINO,45,93115496
2018,6,30,11,172,M,MASCULINO,79,209957990
2018,6,30,11,173,A,MASCULINO,1,17639999
2018,6,30,11,173,B,FEMENINO,2,8399600
2018,6,30,11,173,B,MASCULINO,9,34669785
2018,6,30,11,173,C,FEMENINO,20,49536723
2018,6,30,11,173,C,MASCULINO,48,118230234
2018,6,30,11,173,D,FEMENINO,29,52386075
2018,6,30,11,173,D,MASCULINO,61,99538749
2018,6,30,11,173,E,FEMENINO,53,80567298
2018,6,30,11,173,E,MASCULINO,36,54502805
2018,6,30,11,173,F,FEMENINO,27,35912781
2018,6,30,11,173,F,MASCULINO,16,21647332
2018,6,30,11,173,G,FEMENINO,22,30759099
2018,6,30,11,173,G,MASCULINO,26,35580401
2018,6,30,11,174,M,FEMENINO,6,16700000
2018,6,30,11,174,M,MASCULINO,3,16150000
2018,6,30,11,175,M,FEMENINO,3,12800000
2018,6,30,11,175,M,MASCULINO,1,1900000
2018,6,30,11,176,M,FEMENINO,14,23619050
2018,6,30,11,176,M,MASCULINO,24,42517605
2018,6,30,11,177,E,MASCULINO,1,1665030
2018,6,30,11,177,M,FEMENINO,97,229957985
2018,6,30,11,177,M,MASCULINO,159,521555354
2018,6,30,11,178,M,FEMENINO,40,75530000
2018,6,30,11,178,M,MASCULINO,58,124354000
2018,6,30,11,179,M,FEMENINO,71,143006867
2018,6,30,11,179,M,MASCULINO,103,285056679
2018,6,30,11,180,A,FEMENINO,1,13000000
2018,6,30,11,180,B,FEMENINO,2,3200301
2018,6,30,11,180,B,MASCULINO,2,5462553
2018,6,30,11,180,C,FEMENINO,4,10671388
2018,6,30,11,180,C,MASCULINO,5,12917300
2018,6,30,11,180,D,FEMENINO,35,80748517
2018,6,30,11,180,D,MASCULINO,31,75526109
2018,6,30,11,180,E,FEMENINO,39,73705287
2018,6,30,11,180,E,MASCULINO,43,74050753
2018,6,30,11,180,F,FEMENINO,4,8263764
2018,6,30,11,180,F,MASCULINO,4,7551574
2018,6,30,11,180,G,FEMENINO,10,17466179
2018,6,30,11,180,G,MASCULINO,3,4986464
2018,6,30,11,180,L,FEMENINO,2,3517695
2018,6,30,11,180,L,MASCULINO,6,10553085
2018,6,30,11,180,U,FEMENINO,7,11690000
2018,6,30,11,180,U,MASCULINO,12,19205000
2018,6,30,11,181,X,FEMENINO,2,1845758
2018,6,30,11,181,X,MASCULINO,3,4780395
2018,6,30,11,182,M,FEMENINO,11,35032772
2018,6,30,11,182,M,MASCULINO,19,56767361
2018,6,30,11,183,C,MASCULINO,1,10529900
2018,6,30,11,183,M,FEMENINO,6,16718894
2018,6,30,11,183,M,MASCULINO,10,23791192
2018,6,30,11,184,M,FEMENINO,180,287960346
2018,6,30,11,184,M,MASCULINO,260,458760550
2018,6,30,11,185,M,FEMENINO,68,139493015
2018,6,30,11,185,M,MASCULINO,53,110394369
2018,6,30,11,186,A,MASCULINO,1,10545930
2018,6,30,11,186,B,MASCULINO,5,14778580
2018,6,30,11,186,C,FEMENINO,2,6634485
2018,6,30,11,186,E,FEMENINO,4,7427592
2018,6,30,11,186,E,MASCULINO,5,8901380
2018,6,30,11,186,F,FEMENINO,2,3030000
2018,6,30,11,186,G,FEMENINO,4,4939357
2018,6,30,11,186,G,MASCULINO,1,933117
2018,6,30,11,186,M,FEMENINO,5,11560497
2018,6,30,11,186,M,MASCULINO,5,10589690
2018,6,30,11,187,M,FEMENINO,16,31023737
2018,6,30,11,187,M,MASCULINO,23,50582321
2018,6,30,11,188,M,MASCULINO,2,10000000
2018,6,30,11,189,M,FEMENINO,1,1350000
2018,6,30,11,189,M,MASCULINO,6,13110000
2018,6,30,12,191,M,FEMENINO,5,6210000
2018,6,30,12,191,M,MASCULINO,7,15405000
2018,6,30,12,192,M,FEMENINO,3,2026666
2018,6,30,12,192,M,MASCULINO,3,3330000
2018,6,30,12,193,M,FEMENINO,3,1485000
2018,6,30,12,193,M,MASCULINO,1,1250000
2018,6,30,12,194,M,FEMENINO,3,1645009
2018,6,30,12,194,M,MASCULINO,4,3282552
2018,6,30,12,195,M,FEMENINO,6,4700000
2018,6,30,12,195,M,MASCULINO,3,3100000
2018,6,30,12,196,M,MASCULINO,3,3600000
2018,6,30,12,197,M,FEMENINO,4,5300000
2018,6,30,12,197,M,MASCULINO,2,4100000
2018,6,30,12,199,M,FEMENINO,4,2790000
2018,6,30,12,199,M,MASCULINO,2,1670000
2018,6,30,12,200,M,FEMENINO,1,950000
2018,6,30,12,200,M,MASCULINO,2,1950000
2018,6,30,12,203,M,FEMENINO,3,4320000
2018,6,30,12,203,M,MASCULINO,3,7460000
2018,6,30,12,204,E,FEMENINO,2,5580000
2018,6,30,12,204,E,MASCULINO,1,2160000
2018,6,30,12,205,M,MASCULINO,3,2310000
2018,6,30,13,206,A,MASCULINO,1,20411230
2018,6,30,13,206,B,MASCULINO,1,9028910
2018,6,30,13,206,C,FEMENINO,1,6514530
2018,6,30,13,206,C,MASCULINO,15,67372415
2018,6,30,13,206,E,FEMENINO,1,5531636
2018,6,30,13,206,E,MASCULINO,4,22126544
2018,6,30,13,206,F,FEMENINO,20,69734883
2018,6,30,13,206,F,MASCULINO,21,69102855
2018,6,30,13,206,G,FEMENINO,11,23228293
2018,6,30,13,206,G,MASCULINO,29,77688046
2018,6,30,13,207,M,FEMENINO,7,0
2018,6,30,13,207,M,MASCULINO,13,0
2018,6,30,13,208,M,FEMENINO,19,39744084
2018,6,30,13,208,M,MASCULINO,34,91409577
2018,6,30,13,242,M,FEMENINO,2,4095000
2018,6,30,13,242,M,MASCULINO,4,10300000
2018,6,30,13,250,M,FEMENINO,1,1350000
2018,6,30,13,250,M,MASCULINO,1,3000000
2018,6,30,14,209,M,FEMENINO,5,13645000
2018,6,30,14,209,M,MASCULINO,12,44175000
2018,6,30,14,210,M,FEMENINO,2,3250000
2018,6,30,14,210,M,MASCULINO,4,14650000
2018,6,30,14,211,M,FEMENINO,3,9000000
2018,6,30,14,211,M,MASCULINO,7,25966860
2018,6,30,14,212,0,MASCULINO,3,5050000
2018,6,30,14,213,M,FEMENINO,1,1508100
2018,6,30,14,213,M,MASCULINO,7,13600000
2018,6,30,14,214,M,FEMENINO,1,500000
2018,6,30,14,214,M,MASCULINO,3,3800000
2018,6,30,14,215,M,FEMENINO,1,1530000
2018,6,30,14,215,M,MASCULINO,3,10360000
2018,6,30,14,216,M,FEMENINO,5,8380000
2018,6,30,14,216,M,MASCULINO,9,27874055
2018,6,30,14,217,M,FEMENINO,6,13860000
2018,6,30,14,217,M,MASCULINO,7,32850000
2018,6,30,14,218,M,FEMENINO,8,16985000
2018,6,30,14,218,M,MASCULINO,4,18626169
2018,6,30,14,219,A,MASCULINO,1,20411230
2018,6,30,14,219,C,FEMENINO,1,3200000
2018,6,30,14,219,C,MASCULINO,1,3150000
2018,6,30,14,219,D,FEMENINO,7,16065000
2018,6,30,14,219,D,MASCULINO,4,9611667
2018,6,30,14,219,E,MASCULINO,1,2200000
2018,6,30,14,219,G,FEMENINO,1,1633334
2018,6,30,14,244,M,FEMENINO,2,3340000
2018,6,30,14,244,M,MASCULINO,10,17720000
2018,6,30,14,247,M,MASCULINO,5,7490300
2018,6,30,14,251,M,FEMENINO,5,6000000
2018,6,30,14,251,M,MASCULINO,4,10500000
2018,6,30,15,220,M,FEMENINO,9,6317690
2018,6,30,15,220,M,MASCULINO,11,7686787
2018,6,30,15,221,M,FEMENINO,3,3666958
2018,6,30,15,221,M,MASCULINO,3,12428250
2018,6,30,15,222,M,FEMENINO,43,86372175
2018,6,30,15,222,M,MASCULINO,55,123869031
2018,6,30,15,223,M,FEMENINO,1,1800000
2018,6,30,15,223,M,MASCULINO,3,6200000
2018,6,30,15,229,M,FEMENINO,2,4730000
2018,6,30,15,229,M,MASCULINO,5,18392239
2018,6,30,15,232,M,FEMENINO,2,3600000
2018,6,30,15,232,M,MASCULINO,2,9115000
2018,6,30,15,233,M,FEMENINO,1,1900000
2018,6,30,15,233,M,MASCULINO,6,14900000
2018,6,30,16,228,M,FEMENINO,2,7400000
2018,6,30,16,228,M,MASCULINO,6,38026500
2018,6,30,16,230,M,MASCULINO,6,48759910
2018,6,30,16,231,M,FEMENINO,4,15008071
2018,6,30,16,231,M,MASCULINO,8,44279488
2018,6,30,17,225,M,FEMENINO,3,8500000
2018,6,30,17,225,M,MASCULINO,10,36800000
2018,6,30,17,226,M,FEMENINO,1,6000000
2018,6,30,17,227,M,FEMENINO,7,13400000
2018,6,30,17,227,M,MASCULINO,12,30900000
2018,6,40,1,1,C,FEMENINO,1305,4491646789
2018,6,40,1,1,C,MASCULINO,2273,8528865567
2018,6,40,2,1,B,FEMENINO,111,262521327
2018,6,40,2,1,B,MASCULINO,162,383139234
2018,6,40,2,1,C,FEMENINO,65,186116036
2018,6,40,2,1,C,MASCULINO,659,1882019164
2018,6,40,2,1,D,FEMENINO,27,91143192
2018,6,40,2,1,D,MASCULINO,311,1085895664
2018,6,40,2,1,E,FEMENINO,102,432301792
2018,6,40,2,1,E,MASCULINO,163,713454695
2018,6,40,2,1,F,FEMENINO,63,381677275
2018,6,40,2,1,F,MASCULINO,161,976895306
2018,6,40,2,1,G,FEMENINO,48,356003888
2018,6,40,2,1,G,MASCULINO,82,609899314
2018,6,40,2,1,I,FEMENINO,3,26977989
2018,6,40,2,1,I,MASCULINO,15,133728391
2018,6,40,2,1,J,FEMENINO,10,109926630
2018,6,40,2,1,J,MASCULINO,25,274816575
2018,6,40,3,1,0,FEMENINO,46,109189385
2018,6,40,3,1,0,MASCULINO,104,214187544
2018,6,40,3,1,C,MASCULINO,6,11706688
2019,6,11,1,1,A,FEMENINO,25,164100000
2019,6,11,1,1,A,MASCULINO,33,248200000
2019,6,11,1,1,B,FEMENINO,32,404200000
2019,6,11,1,1,B,MASCULINO,30,397000000
2019,6,11,1,1,C,FEMENINO,27,223400000
2019,6,11,1,1,C,MASCULINO,28,237900000
2019,6,11,1,1,D,FEMENINO,39,280520000
2019,6,11,1,1,D,MASCULINO,37,273000000
2019,6,11,1,1,E,FEMENINO,3,18500000
2019,6,11,1,1,E,MASCULINO,3,22700000
2019,6,11,1,1,F,FEMENINO,99,341856500
2019,6,11,1,1,F,MASCULINO,171,607280000
2019,6,11,2,1,A,FEMENINO,21,168000000
2019,6,11,2,1,A,MASCULINO,31,287600000
2019,6,11,2,1,B,FEMENINO,74,984000000
2019,6,11,2,1,B,MASCULINO,69,949800000
2019,6,11,2,1,C,FEMENINO,63,588310000
2019,6,11,2,1,C,MASCULINO,83,751850000
2019,6,11,2,1,D,FEMENINO,33,217400000
2019,6,11,2,1,D,MASCULINO,48,316100000
2019,6,11,2,1,E,FEMENINO,5,30000000
2019,6,11,2,1,E,MASCULINO,4,27400000
2019,6,11,2,1,F,FEMENINO,100,404953550
2019,6,11,2,1,F,MASCULINO,162,649025562
2019,6,11,2,1,G,FEMENINO,1,3000000
2019,6,11,3,1,A,FEMENINO,58,435300000
2019,6,11,3,1,A,MASCULINO,95,879900000
2019,6,11,3,1,B,FEMENINO,61,834700000
2019,6,11,3,1,B,MASCULINO,71,1001400000
2019,6,11,3,1,C,FEMENINO,136,1036877000
2019,6,11,3,1,C,MASCULINO,176,1435794800
2019,6,11,3,1,D,FEMENINO,194,1314560500
2019,6,11,3,1,D,MASCULINO,199,1341749600
2019,6,11,3,1,E,FEMENINO,37,158600000
2019,6,11,3,1,E,MASCULINO,51,185900000
2019,6,11,3,1,F,FEMENINO,133,468200000
2019,6,11,3,1,F,MASCULINO,118,413000000
2019,6,11,3,1,G,MASCULINO,2,4912562
2019,6,11,3,1,S,FEMENINO,1,5000000
2019,6,12,1,1,A,FEMENINO,7,87800000
2019,6,12,1,1,A,MASCULINO,12,232500000
2019,6,12,1,1,B,FEMENINO,8,104000000
2019,6,12,1,1,B,MASCULINO,4,50600000
2019,6,12,1,1,C,FEMENINO,16,109100000
2019,6,12,1,1,C,MASCULINO,25,171900000
2019,6,12,1,1,D,FEMENINO,19,85800000
2019,6,12,1,1,D,MASCULINO,15,68500000
2019,6,12,1,1,E,FEMENINO,11,36400000
2019,6,12,1,1,E,MASCULINO,17,57012562
2019,6,12,1,1,F,FEMENINO,4,8800000
2019,6,12,1,1,F,MASCULINO,4,8800000
2019,6,12,1,1,G,FEMENINO,24,66637686
2019,6,12,1,1,G,MASCULINO,42,122875372
2019,6,12,1,2,A,MASCULINO,1,22000000
2019,6,12,1,2,C,FEMENINO,1,6000000
2019,6,12,1,2,C,MASCULINO,2,16300000
2019,6,12,1,2,D,FEMENINO,5,25100000
2019,6,12,1,2,D,MASCULINO,2,11800000
2019,6,12,1,2,E,FEMENINO,1,2400000
2019,6,12,1,2,E,MASCULINO,5,15100000
2019,6,12,1,2,G,FEMENINO,3,8900000
2019,6,12,1,2,G,MASCULINO,4,11000000
2019,6,12,1,5,A,FEMENINO,4,35900000
2019,6,12,1,5,A,MASCULINO,3,44400000
2019,6,12,1,5,B,FEMENINO,15,138520000
2019,6,12,1,5,B,MASCULINO,13,140200000
2019,6,12,1,5,C,FEMENINO,19,106800000
2019,6,12,1,5,C,MASCULINO,22,115500000
2019,6,12,1,5,D,FEMENINO,14,53000000
2019,6,12,1,5,D,MASCULINO,15,58500000
2019,6,12,1,5,E,MASCULINO,1,3400000
2019,6,12,1,5,F,FEMENINO,13,34600000
2019,6,12,1,5,F,MASCULINO,16,42800000
2019,6,12,1,5,G,FEMENINO,1,2600000
2019,6,12,1,5,G,MASCULINO,3,8700000
2019,6,12,1,6,A,FEMENINO,1,22000000
2019,6,12,1,6,B,FEMENINO,18,205600000
2019,6,12,1,6,B,MASCULINO,7,78000000
2019,6,12,1,6,C,FEMENINO,22,168000000
2019,6,12,1,6,C,MASCULINO,9,69900000
2019,6,12,1,6,D,FEMENINO,9,35300000
2019,6,12,1,6,D,MASCULINO,7,26700000
2019,6,12,1,6,E,FEMENINO,1,2800000
2019,6,12,1,6,E,MASCULINO,3,9200000
2019,6,12,1,7,B,FEMENINO,5,42566667
2019,6,12,1,7,B,MASCULINO,6,63600000
2019,6,12,1,7,C,FEMENINO,24,164800000
2019,6,12,1,7,C,MASCULINO,15,93700000
2019,6,12,1,7,D,FEMENINO,13,52400000
2019,6,12,1,7,D,MASCULINO,10,44400000
2019,6,12,1,7,E,FEMENINO,5,14800000
2019,6,12,1,7,E,MASCULINO,9,27400000
2019,6,12,1,7,F,FEMENINO,1,3200000
2019,6,12,1,7,F,MASCULINO,3,8200000
2019,6,12,1,7,G,FEMENINO,3,9000000
2019,6,12,1,7,G,MASCULINO,1,3200000
2019,6,12,1,11,A,MASCULINO,2,37000000
2019,6,12,1,11,B,FEMENINO,12,108100000
2019,6,12,1,11,B,MASCULINO,18,166200000
2019,6,12,1,11,C,FEMENINO,21,119700000
2019,6,12,1,11,C,MASCULINO,18,108500000
2019,6,12,1,11,D,FEMENINO,16,68100000
2019,6,12,1,11,D,MASCULINO,19,83600000
2019,6,12,1,11,E,FEMENINO,24,73500000
2019,6,12,1,11,E,MASCULINO,23,72900000
2019,6,12,1,11,F,MASCULINO,1,2600000
2019,6,12,1,11,G,FEMENINO,1,2900000
2019,6,12,1,11,G,MASCULINO,1,2900000
2019,6,12,1,11,K,FEMENINO,42,154856700
2019,6,12,1,11,K,MASCULINO,167,684405800
2019,6,12,1,12,A,MASCULINO,1,22000000
2019,6,12,1,12,B,FEMENINO,1,9400000
2019,6,12,1,12,B,MASCULINO,9,84600000
2019,6,12,1,14,A,MASCULINO,1,22000000
2019,6,12,1,14,B,FEMENINO,12,129300000
2019,6,12,1,14,B,MASCULINO,14,152800000
2019,6,12,1,14,C,FEMENINO,10,62000000
2019,6,12,1,14,C,MASCULINO,8,45900000
2019,6,12,1,14,D,FEMENINO,4,16600000
2019,6,12,1,14,D,MASCULINO,8,34300000
2019,6,12,1,14,E,FEMENINO,4,9041123
2019,6,12,1,14,E,MASCULINO,5,12082246
2019,6,12,1,15,A,FEMENINO,15,131300000
2019,6,12,1,15,A,MASCULINO,34,302183333
2019,6,12,1,15,B,FEMENINO,10,92600000
2019,6,12,1,15,B,MASCULINO,4,39500000
2019,6,12,1,15,C,FEMENINO,2,15700000
2019,6,12,1,15,C,MASCULINO,2,14500000
2019,6,12,1,15,D,FEMENINO,20,88600000
2019,6,12,1,15,D,MASCULINO,15,67500000
2019,6,12,1,15,E,FEMENINO,5,14000000
2019,6,12,1,15,E,MASCULINO,3,10300000
2019,6,12,1,15,F,FEMENINO,2,6100000
2019,6,12,1,15,F,MASCULINO,2,7000000
2019,6,12,1,15,G,MASCULINO,4,9537686
2019,6,12,1,17,A,MASCULINO,1,22000000
2019,6,12,1,17,B,FEMENINO,1,6900000
2019,6,12,1,17,B,MASCULINO,5,33400000
2019,6,12,1,17,C,FEMENINO,8,44300000
2019,6,12,1,17,C,MASCULINO,7,33000000
2019,6,12,1,17,D,FEMENINO,4,16400000
2019,6,12,1,17,D,MASCULINO,4,14000000
2019,6,12,1,17,E,FEMENINO,5,13600000
2019,6,12,1,17,E,MASCULINO,9,22712562
2019,6,12,1,17,F,FEMENINO,1,3000000
2019,6,12,1,17,F,MASCULINO,3,7225124
2019,6,12,1,17,G,MASCULINO,3,8912562
2019,6,12,1,18,A,FEMENINO,2,32700000
2019,6,12,1,18,B,FEMENINO,13,132200000
2019,6,12,1,18,B,MASCULINO,3,35500000
2019,6,12,1,18,C,FEMENINO,45,285900000
2019,6,12,1,18,C,MASCULINO,17,104500000
2019,6,12,1,18,D,FEMENINO,12,37625124
2019,6,12,1,18,D,MASCULINO,2,5400000
2019,6,12,1,18,E,FEMENINO,9,23137686
2019,6,12,1,18,E,MASCULINO,4,8537686
2019,6,12,1,18,F,FEMENINO,16,40387934
2019,6,12,1,18,F,MASCULINO,26,58938678
2019,6,12,1,20,A,MASCULINO,1,22000000
2019,6,12,1,20,B,FEMENINO,12,125700000
2019,6,12,1,20,B,MASCULINO,10,105300000
2019,6,12,1,20,C,FEMENINO,14,97200000
2019,6,12,1,20,C,MASCULINO,14,102600000
2019,6,12,1,20,D,MASCULINO,1,4200000
2019,6,12,1,20,G,FEMENINO,1,2400000
2019,6,12,1,20,G,MASCULINO,2,4800000
2019,6,12,1,21,A,FEMENINO,1,5200000
2019,6,12,1,21,A,MASCULINO,2,30500000
2019,6,12,1,21,B,FEMENINO,8,68300000
2019,6,12,1,21,B,MASCULINO,11,91000000
2019,6,12,1,21,C,FEMENINO,26,134600000
2019,6,12,1,21,C,MASCULINO,15,75800000
2019,6,12,1,21,D,FEMENINO,21,83000000
2019,6,12,1,21,D,MASCULINO,10,44100000
2019,6,12,1,21,E,FEMENINO,11,39100000
2019,6,12,1,21,E,MASCULINO,12,38900000
2019,6,12,1,21,F,FEMENINO,29,71300000
2019,6,12,1,21,F,MASCULINO,19,46000000
2019,6,12,1,21,G,FEMENINO,7,17400000
2019,6,12,1,21,G,MASCULINO,7,18900000
2019,6,12,1,23,A,FEMENINO,1,22000000
2019,6,12,1,23,B,FEMENINO,3,31800000
2019,6,12,1,23,B,MASCULINO,5,57800000
2019,6,12,1,23,C,FEMENINO,8,53600000
2019,6,12,1,23,C,MASCULINO,23,170200000
2019,6,12,1,23,D,FEMENINO,6,29000000
2019,6,12,1,23,D,MASCULINO,5,26000000
2019,6,12,1,23,E,MASCULINO,2,5400000
2019,6,12,1,23,F,FEMENINO,3,10400000
2019,6,12,1,23,F,MASCULINO,4,11200000
2019,6,12,1,23,G,FEMENINO,6,18112562
2019,6,12,1,23,G,MASCULINO,15,44425124
2019,6,12,1,29,A,FEMENINO,1,22000000
2019,6,12,1,29,B,FEMENINO,3,23600000
2019,6,12,1,29,B,MASCULINO,2,14800000
2019,6,12,1,29,C,FEMENINO,6,29000000
2019,6,12,1,29,C,MASCULINO,3,15000000
2019,6,12,1,29,D,FEMENINO,3,13100000
2019,6,12,1,29,D,MASCULINO,3,13100000
2019,6,12,1,29,E,FEMENINO,1,3000000
2019,6,12,1,29,E,MASCULINO,1,3600000
2019,6,12,1,29,G,FEMENINO,4,8800000
2019,6,12,1,29,G,MASCULINO,6,11900000
2019,6,12,1,29,L,FEMENINO,2,7440000
2019,6,12,1,29,L,MASCULINO,2,7440000
2019,6,12,1,30,A,FEMENINO,1,5200000
2019,6,12,1,30,A,MASCULINO,3,32400000
2019,6,12,1,30,B,FEMENINO,2,22600000
2019,6,12,1,30,B,MASCULINO,6,67800000
2019,6,12,1,30,C,FEMENINO,14,80000000
2019,6,12,1,30,C,MASCULINO,18,117100000
2019,6,12,1,30,D,FEMENINO,24,97700000
2019,6,12,1,30,D,MASCULINO,12,50500000
2019,6,12,1,30,E,FEMENINO,25,75900000
2019,6,12,1,30,E,MASCULINO,27,89300000
2019,6,12,1,30,F,FEMENINO,16,50100000
2019,6,12,1,30,F,MASCULINO,18,59200000
2019,6,12,1,30,G,FEMENINO,14,41212562
2019,6,12,1,30,G,MASCULINO,34,89062810
2019,6,12,1,30,L,FEMENINO,4,8010800
2019,6,12,1,30,S,FEMENINO,82,341158600
2019,6,12,1,30,S,MASCULINO,28,128800000
2019,6,12,1,30,Z,FEMENINO,5,7949152
2019,6,12,1,36,A,FEMENINO,1,9400000
2019,6,12,1,36,A,MASCULINO,2,18800000
2019,6,12,1,36,B,FEMENINO,5,58400000
2019,6,12,1,36,B,MASCULINO,4,43800000
2019,6,12,1,36,C,FEMENINO,10,72100000
2019,6,12,1,36,C,MASCULINO,9,70693333
2019,6,12,1,36,D,FEMENINO,2,9100000
2019,6,12,1,36,D,MASCULINO,5,20300000
2019,6,12,1,36,E,FEMENINO,2,5600000
2019,6,12,1,36,E,MASCULINO,4,13500000
2019,6,12,1,36,G,FEMENINO,1,2900000
2019,6,12,1,36,G,MASCULINO,1,2300000
2019,6,12,1,38,B,FEMENINO,15,110800000
2019,6,12,1,38,B,MASCULINO,6,48600000
2019,6,12,1,38,C,FEMENINO,6,35800000
2019,6,12,1,38,C,MASCULINO,6,36000000
2019,6,12,1,38,D,MASCULINO,2,11000000
2019,6,12,1,38,G,FEMENINO,1,2112562
2019,6,12,1,40,A,FEMENINO,1,22000000
2019,6,12,1,40,B,FEMENINO,6,46500000
2019,6,12,1,40,C,FEMENINO,1,6500000
2019,6,12,1,40,C,MASCULINO,4,25000000
2019,6,12,1,40,D,FEMENINO,6,24800000
2019,6,12,1,40,D,MASCULINO,5,19200000
2019,6,12,1,40,E,FEMENINO,1,2400000
2019,6,12,1,40,F,FEMENINO,2,5000000
2019,6,12,1,40,F,MASCULINO,3,7112562
2019,6,12,1,40,G,MASCULINO,2,4812562
2019,6,12,1,50,A,MASCULINO,1,22000000
2019,6,12,1,50,B,FEMENINO,1,6000000
2019,6,12,1,50,B,MASCULINO,7,56000000
2019,6,12,1,51,A,MASCULINO,1,22000000
2019,6,12,1,51,B,FEMENINO,2,12000000
2019,6,12,1,51,B,MASCULINO,6,47500000
2019,6,12,1,51,C,FEMENINO,1,6000000
2019,6,12,1,51,D,FEMENINO,2,6200000
2019,6,12,1,51,D,MASCULINO,1,3300000
2019,6,12,1,51,E,FEMENINO,1,3200000
2019,6,12,1,51,E,MASCULINO,2,5600000
2019,6,12,1,51,G,FEMENINO,4,9500000
2019,6,12,1,51,G,MASCULINO,1,2200000
2019,6,12,1,53,A,FEMENINO,1,22000000
2019,6,12,1,53,B,FEMENINO,3,37300000
2019,6,12,1,53,B,MASCULINO,3,35600000
2019,6,12,1,53,C,FEMENINO,1,7600000
2019,6,12,1,53,C,MASCULINO,2,15200000
2019,6,12,1,53,D,FEMENINO,1,5100000
2019,6,12,1,54,A,FEMENINO,1,22000000
2019,6,12,1,54,A,MASCULINO,1,15000000
2019,6,12,1,54,B,MASCULINO,3,38200000
2019,6,12,1,54,C,FEMENINO,2,19000000
2019,6,12,2,1,A,MASCULINO,4,70500000
2019,6,12,2,1,B,FEMENINO,3,33400000
2019,6,12,2,1,B,MASCULINO,8,87200000
2019,6,12,2,1,C,FEMENINO,5,36000000
2019,6,12,2,1,C,MASCULINO,4,29200000
2019,6,12,2,1,D,FEMENINO,5,23800000
2019,6,12,2,1,D,MASCULINO,4,22300000
2019,6,12,2,1,E,FEMENINO,3,12000000
2019,6,12,2,1,E,MASCULINO,3,12200000
2019,6,12,2,1,F,FEMENINO,4,14300000
2019,6,12,2,1,F,MASCULINO,3,11200000
2019,6,12,2,1,G,FEMENINO,9,26325124
2019,6,12,2,1,G,MASCULINO,15,44525124
2019,6,12,3,1,A,MASCULINO,3,52000000
2019,6,12,3,1,B,FEMENINO,9,97100000
2019,6,12,3,1,B,MASCULINO,19,208300000
2019,6,12,3,1,C,FEMENINO,32,245600000
2019,6,12,3,1,C,MASCULINO,33,250400000
2019,6,12,3,1,D,FEMENINO,64,296600000
2019,6,12,3,1,D,MASCULINO,71,339900000
2019,6,12,3,1,E,FEMENINO,47,157800000
2019,6,12,3,1,E,MASCULINO,90,304400000
2019,6,12,3,1,F,FEMENINO,22,65100000
2019,6,12,3,1,F,MASCULINO,30,90900000
2019,6,12,3,1,G,FEMENINO,10,29100000
2019,6,12,3,1,G,MASCULINO,31,92812562
2019,6,12,3,2,D,FEMENINO,6,22800000
2019,6,12,3,2,D,MASCULINO,1,4200000
2019,6,12,3,2,E,FEMENINO,441,1230737686
2019,6,12,3,2,E,MASCULINO,231,642950248
2019,6,12,3,2,G,FEMENINO,568,1436826612
2019,6,12,3,2,G,MASCULINO,240,613238182
2019,6,12,3,2,L,FEMENINO,124,123339480
2019,6,12,3,2,L,MASCULINO,225,208224720
2019,6,12,3,2,P,FEMENINO,2902,13774749161
2019,6,12,3,2,P,MASCULINO,19983,101542193371
2019,6,12,3,2,S,FEMENINO,70,242518000
2019,6,12,3,2,S,MASCULINO,28,101866700
2019,6,12,3,2,Y,FEMENINO,422,169216137
2019,6,12,3,2,Y,MASCULINO,1299,510394667
2019,6,12,3,2,Z,FEMENINO,8,4116000
2019,6,12,3,2,Z,MASCULINO,12,5987800
2019,6,12,4,1,A,MASCULINO,1,22000000
2019,6,12,4,1,B,FEMENINO,115,1178900000
2019,6,12,4,1,B,MASCULINO,166,1800500000
2019,6,12,4,1,C,FEMENINO,15,113400000
2019,6,12,4,1,C,MASCULINO,21,149800000
2019,6,12,4,1,D,FEMENINO,45,175200000
2019,6,12,4,1,D,MASCULINO,43,164200000
2019,6,12,4,1,E,FEMENINO,40,124700000
2019,6,12,4,1,E,MASCULINO,68,193800000
2019,6,12,4,1,F,FEMENINO,8,26700000
2019,6,12,4,1,F,MASCULINO,11,34900000
2019,6,12,4,1,G,FEMENINO,17,47487934
2019,6,12,4,1,G,MASCULINO,37,107375868
2019,6,12,5,1,A,FEMENINO,2,22800000
2019,6,12,5,1,A,MASCULINO,7,77700000
2019,6,12,5,1,B,FEMENINO,19,132100000
2019,6,12,5,1,B,MASCULINO,23,167700000
2019,6,12,5,1,D,FEMENINO,169,626800000
2019,6,12,5,1,D,MASCULINO,150,560800000
2019,6,12,5,1,E,FEMENINO,306,977900000
2019,6,12,5,1,E,MASCULINO,590,1873100000
2019,6,12,5,1,F,FEMENINO,56,182300000
2019,6,12,5,1,F,MASCULINO,115,379300000
2019,6,12,5,1,G,FEMENINO,309,803900000
2019,6,12,5,1,G,MASCULINO,611,1584900000
2019,6,12,5,1,M,FEMENINO,1246,5523255809
2019,6,12,5,1,M,MASCULINO,12301,56264188295
2019,6,12,5,1,S,FEMENINO,129,422989000
2019,6,12,5,1,S,MASCULINO,16,60318800
2019,6,12,5,1,Y,FEMENINO,112,48994544
2019,6,12,5,1,Y,MASCULINO,4858,1216754073
2019,6,12,5,1,Z,FEMENINO,91,87491040
2019,6,12,5,1,Z,MASCULINO,297,264711955
2019,6,12,6,1,A,MASCULINO,4,65500000
2019,6,12,6,1,B,FEMENINO,12,156000000
2019,6,12,6,1,B,MASCULINO,20,260000000
2019,6,12,6,1,C,FEMENINO,134,1157446666
2019,6,12,6,1,C,MASCULINO,210,1864616667
2019,6,12,6,1,D,FEMENINO,490,2233200000
2019,6,12,6,1,D,MASCULINO,619,2790879999
2019,6,12,6,1,E,FEMENINO,98,278460992
2019,6,12,6,1,E,MASCULINO,171,486230264
2019,6,12,6,1,F,FEMENINO,19,56893333
2019,6,12,6,1,F,MASCULINO,27,83800000
2019,6,12,7,1,A,FEMENINO,3,20300000
2019,6,12,7,1,A,MASCULINO,8,83100000
2019,6,12,7,1,B,FEMENINO,48,482500000
2019,6,12,7,1,B,MASCULINO,29,287800000
2019,6,12,7,1,C,FEMENINO,52,370200000
2019,6,12,7,1,C,MASCULINO,46,312600000
2019,6,12,7,1,D,FEMENINO,502,1812477000
2019,6,12,7,1,D,MASCULINO,372,1503700000
2019,6,12,7,1,E,FEMENINO,231,684475868
2019,6,12,7,1,E,MASCULINO,237,710800992
2019,6,12,7,1,F,FEMENINO,9,23725124
2019,6,12,7,1,F,MASCULINO,4,11812562
2019,6,12,7,1,G,FEMENINO,1867,4163462162
2019,6,12,7,1,G,MASCULINO,978,2189637934
2019,6,12,7,1,L,FEMENINO,37883,170274000197
2019,6,12,7,1,L,MASCULINO,15544,68101205734
2019,6,12,7,1,Z,FEMENINO,21353,84055864779
2019,6,12,7,1,Z,MASCULINO,13268,53716816766
2019,6,12,8,1,A,MASCULINO,1,22000000
2019,6,12,8,1,B,FEMENINO,43,459588000
2019,6,12,8,1,B,MASCULINO,48,498912000
2019,6,12,8,1,C,FEMENINO,317,2422398000
2019,6,12,8,1,C,MASCULINO,279,2162120000
2019,6,12,8,1,D,FEMENINO,871,4496812000
2019,6,12,8,1,D,MASCULINO,984,5164788000
2019,6,12,8,1,E,FEMENINO,303,1241582000
2019,6,12,8,1,E,MASCULINO,287,1220206667
2019,6,12,8,1,F,FEMENINO,1300,4289198000
2019,6,12,8,1,F,MASCULINO,1392,4746104000
2019,6,12,8,1,G,FEMENINO,1285,3342588000
2019,6,12,8,1,G,MASCULINO,733,1989894000
2019,6,12,8,1,S,FEMENINO,13964,68100602416
2019,6,12,8,1,S,MASCULINO,4654,29990608992
2019,6,12,9,1,A,MASCULINO,3,52000000
2019,6,12,9,1,B,FEMENINO,16,126700000
2019,6,12,9,1,B,MASCULINO,53,375300000
2019,6,12,9,1,C,FEMENINO,17,115600000
2019,6,12,9,1,C,MASCULINO,16,134100000
2019,6,12,9,1,D,FEMENINO,236,918786667
2019,6,12,9,1,D,MASCULINO,610,2335420000
2019,6,12,9,1,E,FEMENINO,408,1077294382
2019,6,12,9,1,E,MASCULINO,610,1682494382
2019,6,12,9,1,F,FEMENINO,46,118225124
2019,6,12,9,1,F,MASCULINO,121,276812562
2019,6,12,9,1,G,FEMENINO,102,244129092
2019,6,12,9,1,G,MASCULINO,94,233229092
2019,6,12,9,1,S,FEMENINO,113,478930104
2019,6,12,9,1,S,MASCULINO,64,291825936
2019,6,12,10,1,A,FEMENINO,1,7800000
2019,6,12,10,1,A,MASCULINO,4,65000000
2019,6,12,10,1,B,FEMENINO,9,83800000
2019,6,12,10,1,B,MASCULINO,14,147700000
2019,6,12,10,1,C,FEMENINO,46,328500000
2019,6,12,10,1,C,MASCULINO,61,444500000
2019,6,12,10,1,D,FEMENINO,307,1284170000
2019,6,12,10,1,D,MASCULINO,365,1558000000
2019,6,12,10,1,E,FEMENINO,87,249362810
2019,6,12,10,1,E,MASCULINO,158,443250744
2019,6,12,10,1,F,FEMENINO,184,496227604
2019,6,12,10,1,F,MASCULINO,299,842502480
2019,6,12,10,1,G,FEMENINO,41,92076860
2019,6,12,10,1,G,MASCULINO,118,279928596
2019,6,12,11,1,A,FEMENINO,1,22000000
2019,6,12,11,1,A,MASCULINO,3,45000000
2019,6,12,11,1,B,FEMENINO,20,173533325
2019,6,12,11,1,B,MASCULINO,35,327706662
2019,6,12,11,1,C,FEMENINO,11,79700000
2019,6,12,11,1,C,MASCULINO,18,149600000
2019,6,12,11,1,D,FEMENINO,44,203800000
2019,6,12,11,1,D,MASCULINO,52,234100000
2019,6,12,11,1,E,FEMENINO,12,53100000
2019,6,12,11,1,E,MASCULINO,20,75700000
2019,6,12,11,1,F,FEMENINO,34,114700000
2019,6,12,11,1,F,MASCULINO,41,133200000
2019,6,12,11,1,G,FEMENINO,13,36100000
2019,6,12,11,1,G,MASCULINO,16,48200000
2019,6,12,11,1,S,FEMENINO,1,2540400
2019,6,12,13,1,A,MASCULINO,4,67000000
2019,6,12,13,1,B,FEMENINO,10,130000000
2019,6,12,13,1,B,MASCULINO,15,195000000
2019,6,12,13,1,C,FEMENINO,103,863500000
2019,6,12,13,1,C,MASCULINO,242,2080000000
2019,6,12,13,1,D,FEMENINO,140,631400000
2019,6,12,13,1,D,MASCULINO,262,1157500000
2019,6,12,13,1,E,FEMENINO,100,274787934
2019,6,12,13,1,E,MASCULINO,540,1620076364
2019,6,12,13,1,F,FEMENINO,86,234050744
2019,6,12,13,1,F,MASCULINO,317,912365290
2019,6,12,13,1,G,FEMENINO,103,255702480
2019,6,12,13,1,G,MASCULINO,509,1426172730
2019,6,12,13,1,I,FEMENINO,75,198004298
2019,6,12,13,1,I,MASCULINO,373,1302277522
2019,6,12,14,1,A,FEMENINO,4,67000000
2019,6,12,14,1,B,FEMENINO,26,218783334
2019,6,12,14,1,B,MASCULINO,1,6540000
2019,6,12,14,1,C,FEMENINO,6,32300000
2019,6,12,14,1,D,FEMENINO,10,43300000
2019,6,12,14,1,D,MASCULINO,1,4600000
2019,6,12,14,1,E,FEMENINO,2,6300000
2019,6,12,14,1,E,MASCULINO,2,6900000
2019,6,12,14,1,F,FEMENINO,4,11000000
2019,6,12,14,1,F,MASCULINO,1,2800000
2019,6,12,14,1,G,FEMENINO,4,9712562
2019,6,12,14,1,G,MASCULINO,4,9812562
2019,6,12,16,1,A,FEMENINO,1,22000000
2019,6,12,16,1,A,MASCULINO,2,30000000
2019,6,12,16,1,B,FEMENINO,37,353200000
2019,6,12,16,1,B,MASCULINO,38,350710000
2019,6,12,16,1,C,FEMENINO,73,545500000
2019,6,12,16,1,C,MASCULINO,48,351900000
2019,6,12,16,1,D,FEMENINO,140,601200000
2019,6,12,16,1,D,MASCULINO,123,549400000
2019,6,12,16,1,E,FEMENINO,135,400376364
2019,6,12,16,1,E,MASCULINO,195,623988926
2019,6,12,16,1,F,FEMENINO,18,55200000
2019,6,12,16,1,F,MASCULINO,24,76300000
2019,6,12,16,1,G,FEMENINO,41,116237686
2019,6,12,16,1,G,MASCULINO,60,167875372
2019,6,12,17,1,A,MASCULINO,1,22000000
2019,6,12,17,1,B,FEMENINO,10,75000000
2019,6,12,17,1,B,MASCULINO,13,118100000
2019,6,12,17,1,C,FEMENINO,70,469812562
2019,6,12,17,1,C,MASCULINO,66,427125124
2019,6,12,17,1,D,FEMENINO,30,175600000
2019,6,12,17,1,D,MASCULINO,52,292200000
2019,6,12,17,1,E,FEMENINO,5,25400000
2019,6,12,17,1,E,MASCULINO,16,63657000
2019,6,12,17,1,F,FEMENINO,3,11212562
2019,6,12,17,1,F,MASCULINO,15,59062810
2019,6,12,17,1,G,FEMENINO,10,43500000
2019,6,12,17,1,G,MASCULINO,42,241500000
2019,6,12,18,1,A,FEMENINO,1,7400000
2019,6,12,18,1,A,MASCULINO,8,96600000
2019,6,12,18,1,B,FEMENINO,4,35600000
2019,6,12,18,1,B,MASCULINO,15,157800000
2019,6,12,18,1,C,FEMENINO,28,216300000
2019,6,12,18,1,C,MASCULINO,23,183900000
2019,6,12,18,1,D,FEMENINO,82,394800000
2019,6,12,18,1,D,MASCULINO,58,268700000
2019,6,12,18,1,E,FEMENINO,18,55700000
2019,6,12,18,1,E,MASCULINO,25,79100000
2019,6,12,18,1,F,MASCULINO,1,2600000
2019,6,12,18,1,G,FEMENINO,22,48026116
2019,6,12,18,1,G,MASCULINO,11,27625124
2019,6,12,19,1,A,MASCULINO,2,35000000
2019,6,12,19,1,B,FEMENINO,26,228300000
2019,6,12,19,1,B,MASCULINO,17,165400000
2019,6,12,19,1,C,FEMENINO,53,364800000
2019,6,12,19,1,C,MASCULINO,47,324900000
2019,6,12,19,1,D,FEMENINO,38,174600000
2019,6,12,19,1,D,MASCULINO,45,211700000
2019,6,12,19,1,E,FEMENINO,25,92800000
2019,6,12,19,1,E,MASCULINO,30,102500000
2019,6,12,19,1,F,FEMENINO,22,68200000
2019,6,12,19,1,F,MASCULINO,28,86500000
2019,6,12,19,1,G,MASCULINO,7,17100000
2019,6,12,20,1,A,FEMENINO,2,37000000
2019,6,12,20,1,B,FEMENINO,8,73400000
2019,6,12,20,1,B,MASCULINO,8,75200000
2019,6,12,20,1,C,FEMENINO,14,85400000
2019,6,12,20,1,C,MASCULINO,7,58700000
2019,6,12,20,1,D,FEMENINO,284,863823369
2019,6,12,20,1,D,MASCULINO,108,315423369
2019,6,12,20,1,E,FEMENINO,13,40300000
2019,6,12,20,1,E,MASCULINO,18,55300000
2019,6,12,20,1,G,FEMENINO,1,3300000
2019,6,12,20,1,G,MASCULINO,3,10600000
2019,6,12,21,1,A,FEMENINO,2,25000000
2019,6,12,21,1,A,MASCULINO,4,57000000
2019,6,12,21,1,B,FEMENINO,12,133200000
2019,6,12,21,1,B,MASCULINO,24,271800000
2019,6,12,21,1,C,FEMENINO,27,187800000
2019,6,12,21,1,C,MASCULINO,35,242600000
2019,6,12,21,1,D,FEMENINO,19,80300000
2019,6,12,21,1,D,MASCULINO,30,129700000
2019,6,12,21,1,E,FEMENINO,18,51625124
2019,6,12,21,1,E,MASCULINO,34,89175372
2019,6,12,21,1,F,MASCULINO,1,3000000
2019,6,12,21,1,G,FEMENINO,1,2112562
2019,6,12,21,1,G,MASCULINO,1,3400000
2019,6,13,1,1,A,FEMENINO,75,779082549
2019,6,13,1,1,A,MASCULINO,68,715481058
2019,6,13,1,1,B,FEMENINO,70,511005842
2019,6,13,1,1,B,MASCULINO,42,282201935
2019,6,13,1,1,C,FEMENINO,170,814869192
2019,6,13,1,1,C,MASCULINO,155,746950688
2019,6,13,1,1,D,FEMENINO,445,2509969266
2019,6,13,1,1,D,MASCULINO,382,2077250276
2019,6,13,1,1,E,FEMENINO,591,1848241439
2019,6,13,1,1,E,MASCULINO,506,1620970093
2019,6,13,1,1,F,FEMENINO,608,2517885170
2019,6,13,1,1,F,MASCULINO,453,1803924416
2019,6,13,1,1,G,FEMENINO,612,1469835981
2019,6,13,1,1,G,MASCULINO,604,1554262094
2019,6,13,1,1,J,FEMENINO,3779,19542757414
2019,6,13,1,1,J,MASCULINO,2845,15327091180
2019,6,13,1,1,R,FEMENINO,29,185801000
2019,6,13,1,1,R,MASCULINO,17,107395000
2019,6,13,2,1,A,FEMENINO,25,215600000
2019,6,13,2,1,A,MASCULINO,40,317900000
2019,6,13,2,1,B,FEMENINO,22,299200000
2019,6,13,2,1,B,MASCULINO,28,396400000
2019,6,13,2,1,C,FEMENINO,169,1362000000
2019,6,13,2,1,C,MASCULINO,217,1777740000
2019,6,13,2,1,D,FEMENINO,612,2476763333
2019,6,13,2,1,D,MASCULINO,760,3147406666
2019,6,13,2,1,E,FEMENINO,352,1128540001
2019,6,13,2,1,E,MASCULINO,482,1549760000
2019,6,13,2,1,F,FEMENINO,747,1892180000
2019,6,13,2,1,F,MASCULINO,821,2101959999
2019,6,13,2,1,G,MASCULINO,4,11400000
2019,6,13,2,1,J,FEMENINO,35,349833945
2019,6,13,2,1,J,MASCULINO,48,609635790
2019,6,13,2,1,S,FEMENINO,2,14000000
2019,6,13,2,1,S,MASCULINO,1,4000000
2019,6,13,3,1,C,FEMENINO,156,1038475094
2019,6,13,3,1,C,MASCULINO,104,682581178
2019,6,13,3,1,D,FEMENINO,145,733225566
2019,6,13,3,1,D,MASCULINO,163,826387758
2019,6,13,3,1,E,FEMENINO,146,540193584
2019,6,13,3,1,E,MASCULINO,119,461555536
2019,6,13,3,1,G,FEMENINO,236,551976404
2019,6,13,3,1,G,MASCULINO,388,1118667754
2019,6,13,3,1,J,FEMENINO,1852,13047710926
2019,6,13,3,1,J,MASCULINO,1358,9461377826
2019,6,13,3,1,K,FEMENINO,105,1146029773
2019,6,13,3,1,K,MASCULINO,91,1037079499
2019,6,13,3,1,S,FEMENINO,140,994514250
2019,6,13,3,1,S,MASCULINO,72,553725000
2019,6,13,4,1,B,FEMENINO,9,132000000
2019,6,13,4,1,B,MASCULINO,9,130500000
2019,6,13,4,1,C,FEMENINO,28,237100000
2019,6,13,4,1,C,MASCULINO,16,144800000
2019,6,13,4,1,D,FEMENINO,16,80765500
2019,6,13,4,1,D,MASCULINO,25,129000000
2019,6,13,4,1,E,FEMENINO,3,10900000
2019,6,13,4,1,E,MASCULINO,5,17000000
2019,6,13,4,1,F,FEMENINO,1,3500000
2019,6,13,4,1,G,FEMENINO,11,42200000
2019,6,13,4,1,G,MASCULINO,5,21800000
2019,6,13,4,1,U,FEMENINO,3,14788500
2019,6,13,5,1,B,FEMENINO,5,81000000
2019,6,13,5,1,B,MASCULINO,10,164000000
2019,6,13,5,1,C,FEMENINO,53,464200000
2019,6,13,5,1,C,MASCULINO,42,364900000
2019,6,13,5,1,D,FEMENINO,37,210600000
2019,6,13,5,1,D,MASCULINO,31,178400000
2019,6,13,5,1,E,FEMENINO,12,50800000
2019,6,13,5,1,E,MASCULINO,5,20200000
2019,6,13,5,1,F,FEMENINO,6,24300000
2019,6,13,5,1,F,MASCULINO,6,22800000
2019,6,13,5,1,G,FEMENINO,2,6000000
2019,6,13,5,1,G,MASCULINO,2,5800000
2019,6,13,6,1,A,FEMENINO,5,70080000
2019,6,13,6,1,A,MASCULINO,8,112128000
2019,6,13,6,1,B,FEMENINO,4,56064000
2019,6,13,6,1,B,MASCULINO,11,151247225
2019,6,13,6,1,C,FEMENINO,53,347461235
2019,6,13,6,1,C,MASCULINO,25,212337515
2019,6,13,6,1,E,FEMENINO,50,196072700
2019,6,13,6,1,E,MASCULINO,51,201278750
2019,6,13,6,1,F,FEMENINO,3,15669440
2019,6,13,6,1,F,MASCULINO,4,21786980
2019,6,13,6,1,G,FEMENINO,47,126758973
2019,6,13,6,1,G,MASCULINO,82,235528642
2019,6,13,6,1,J,FEMENINO,1083,7239772763
2019,6,13,6,1,J,MASCULINO,598,3857895820
2019,6,13,7,1,A,FEMENINO,5,37857885
2019,6,13,7,1,A,MASCULINO,5,41557320
2019,6,13,7,1,B,MASCULINO,6,102282192
2019,6,13,7,1,C,FEMENINO,2,19394382
2019,6,13,7,1,C,MASCULINO,2,19394382
2019,6,13,7,1,D,FEMENINO,1,3826510
2019,6,13,7,1,E,FEMENINO,2,7136900
2019,6,13,7,1,E,MASCULINO,1,3568450
2019,6,13,7,1,J,FEMENINO,20,104223355
2019,6,13,7,1,J,MASCULINO,17,131006735
2019,6,13,7,1,R,FEMENINO,1,7000000
2019,6,13,7,1,R,MASCULINO,1,7000000
2019,6,14,1,1,A,MASCULINO,1,22000000
2019,6,14,1,1,B,FEMENINO,42,509790400
2019,6,14,1,1,B,MASCULINO,29,332784000
2019,6,14,1,1,C,FEMENINO,320,2944100000
2019,6,14,1,1,C,MASCULINO,199,1883700000
2019,6,14,1,1,D,FEMENINO,75,462500000
2019,6,14,1,1,D,MASCULINO,113,696900000
2019,6,14,1,1,E,FEMENINO,25,132500000
2019,6,14,1,1,E,MASCULINO,28,148400000
2019,6,14,1,1,F,FEMENINO,25,120000000
2019,6,14,1,1,F,MASCULINO,30,144000000
2019,6,15,1,1,A,MASCULINO,2,37000000
2019,6,15,1,1,B,FEMENINO,23,157500000
2019,6,15,1,1,B,MASCULINO,4,31000000
2019,6,15,1,1,C,FEMENINO,8,42000000
2019,6,15,1,1,D,FEMENINO,31,124800000
2019,6,15,1,1,D,MASCULINO,10,37800000
2019,6,15,1,1,E,FEMENINO,21,60800000
2019,6,15,1,1,E,MASCULINO,19,55400000
2019,6,15,1,1,G,FEMENINO,2,4312562
2019,6,15,1,1,G,MASCULINO,1,3500000
2019,6,15,2,1,C,FEMENINO,2,5113800
2019,6,15,2,1,C,MASCULINO,1,2556900
2019,6,15,2,1,D,FEMENINO,2,7639800
2019,6,15,2,1,D,MASCULINO,1,3819900
2019,6,15,2,1,G,MASCULINO,1,2112562
2019,6,15,2,1,J,FEMENINO,4,48483600
2019,6,15,2,1,J,MASCULINO,2,24241800
2019,6,15,2,1,K,FEMENINO,5,28196700
2019,6,15,2,1,K,MASCULINO,4,21158200
2019,6,21,1,1,A,FEMENINO,62,467695000
2019,6,21,1,1,A,MASCULINO,174,1469390000
2019,6,21,1,1,B,FEMENINO,101,1232650000
2019,6,21,1,1,B,MASCULINO,178,2220950500
2019,6,21,1,1,C,FEMENINO,75,1053760000
2019,6,21,1,1,C,MASCULINO,127,1785429000
2019,6,21,1,1,D,FEMENINO,28,551355000
2019,6,21,1,1,D,MASCULINO,64,1268250000
2019,6,21,1,1,E,FEMENINO,3,67195000
2019,6,21,1,1,E,MASCULINO,22,440105000
2019,6,21,1,1,F,FEMENINO,1,24030000
2019,6,21,1,1,F,MASCULINO,3,72090000
2019,6,21,1,1,G,FEMENINO,1,24920000
2019,6,21,1,1,G,MASCULINO,1,24920000
2019,6,21,1,1,H,MASCULINO,2,49840000
2019,6,21,1,1,I,FEMENINO,1,28925000
2019,6,21,1,1,I,MASCULINO,3,86775000
2019,6,21,1,1,J,MASCULINO,1,30705000
2019,6,22,1,1,A,MASCULINO,1,21125620
2019,6,22,1,1,B,MASCULINO,1,4144000
2019,6,22,1,1,C,FEMENINO,3,15221000
2019,6,22,1,1,C,MASCULINO,14,89474800
2019,6,22,1,1,D,MASCULINO,1,2611500
2019,6,22,1,1,E,FEMENINO,7,14902724
2019,6,22,1,1,E,MASCULINO,9,19013748
2019,6,22,1,1,F,FEMENINO,4,8450386
2019,6,22,1,1,F,MASCULINO,7,14788210
2019,6,22,1,1,G,FEMENINO,3,6337686
2019,6,22,1,1,G,MASCULINO,2,4225124
2019,6,22,1,1,J,MASCULINO,4,14000000
2019,6,22,2,1,A,MASCULINO,1,21125620
2019,6,22,2,1,B,FEMENINO,2,5945772
2019,6,22,2,1,C,FEMENINO,5,16124640
2019,6,22,2,1,C,MASCULINO,9,45621996
2019,6,22,2,1,D,FEMENINO,1,2338224
2019,6,22,2,1,E,FEMENINO,6,10647312
2019,6,22,2,1,E,MASCULINO,9,15460803
2019,6,22,2,1,G,FEMENINO,5,8872760
2019,6,22,2,1,G,MASCULINO,8,13789988
2019,6,22,2,1,J,FEMENINO,2,5460000
2019,6,22,2,1,J,MASCULINO,2,6300000
2019,6,22,3,1,A,MASCULINO,1,21125620
2019,6,22,3,1,B,MASCULINO,1,4144000
2019,6,22,3,1,C,FEMENINO,5,29040965
2019,6,22,3,1,C,MASCULINO,4,29700220
2019,6,22,3,1,E,FEMENINO,3,6337686
2019,6,22,3,1,G,FEMENINO,7,14787934
2019,6,22,3,1,G,MASCULINO,11,23238182
2019,6,22,3,1,J,FEMENINO,1,3000000
2019,6,22,3,1,J,MASCULINO,2,6000000
2019,6,22,4,1,A,MASCULINO,1,21125620
2019,6,22,4,1,B,FEMENINO,1,3480960
2019,6,22,4,1,B,MASCULINO,1,5064780
2019,6,22,4,1,C,FEMENINO,9,36980076
2019,6,22,4,1,C,MASCULINO,15,68013792
2019,6,22,4,1,D,FEMENINO,4,9378324
2019,6,22,4,1,D,MASCULINO,3,6427092
2019,6,22,4,1,E,FEMENINO,2,3599904
2019,6,22,4,1,E,MASCULINO,3,5323888
2019,6,22,4,1,G,FEMENINO,16,28393296
2019,6,22,4,1,G,MASCULINO,16,28393180
2019,6,22,4,1,J,FEMENINO,1,2520000
2019,6,22,4,1,J,MASCULINO,3,9240000
2019,6,22,5,1,A,MASCULINO,1,21125620
2019,6,22,5,1,B,FEMENINO,1,3480960
2019,6,22,5,1,B,MASCULINO,1,3480960
2019,6,22,5,1,C,FEMENINO,8,32543616
2019,6,22,5,1,C,MASCULINO,14,63487956
2019,6,22,5,1,D,FEMENINO,5,10522144
2019,6,22,5,1,D,MASCULINO,5,10219864
2019,6,22,5,1,E,FEMENINO,4,7123608
2019,6,22,5,1,E,MASCULINO,8,14509696
2019,6,22,5,1,F,FEMENINO,2,3549104
2019,6,22,5,1,F,MASCULINO,7,12421864
2019,6,22,5,1,G,FEMENINO,3,5323656
2019,6,22,5,1,G,MASCULINO,5,8872760
2019,6,22,5,1,J,FEMENINO,3,8820000
2019,6,22,5,1,J,MASCULINO,1,2940000
2019,6,22,6,1,A,MASCULINO,1,21125620
2019,6,22,6,1,B,MASCULINO,1,3480960
2019,6,22,6,1,C,FEMENINO,5,23669352
2019,6,22,6,1,C,MASCULINO,15,83045004
2019,6,22,6,1,D,MASCULINO,1,2338224
2019,6,22,6,1,E,MASCULINO,3,5322156
2019,6,22,6,1,F,FEMENINO,1,1774552
2019,6,22,6,1,F,MASCULINO,1,1774552
2019,6,22,6,1,G,FEMENINO,4,2674552
2019,6,22,6,1,G,MASCULINO,6,6123656
2019,6,22,6,1,J,MASCULINO,4,11101250
2019,6,22,7,1,A,FEMENINO,3,11918816
2019,6,22,7,1,A,MASCULINO,1,21125620
2019,6,22,7,1,B,MASCULINO,1,3480960
2019,6,22,7,1,C,FEMENINO,10,37173444
2019,6,22,7,1,C,MASCULINO,25,100076860
2019,6,22,7,1,D,FEMENINO,13,28183848
2019,6,22,7,1,D,MASCULINO,24,52089660
2019,6,22,7,1,E,FEMENINO,6,10770014
2019,6,22,7,1,E,MASCULINO,12,21580031
2019,6,22,7,1,G,FEMENINO,5,8944694
2019,6,22,7,1,G,MASCULINO,8,14665663
2019,6,22,7,1,J,FEMENINO,2,4620000
2019,6,22,8,1,A,MASCULINO,1,18240200
2019,6,22,8,1,B,MASCULINO,1,4144000
2019,6,22,8,1,C,FEMENINO,3,22275600
2019,6,22,8,1,C,MASCULINO,7,38999400
2019,6,22,8,1,D,FEMENINO,1,2256200
2019,6,22,8,1,D,MASCULINO,2,5083100
2019,6,22,8,1,E,FEMENINO,3,6123369
2019,6,22,8,1,E,MASCULINO,24,49392337
2019,6,22,8,1,F,FEMENINO,4,7947424
2019,6,22,8,1,F,MASCULINO,3,6123369
2019,6,22,8,1,G,FEMENINO,13,26534599
2019,6,22,8,1,G,MASCULINO,14,28575722
2019,6,22,8,1,J,FEMENINO,1,3000000
2019,6,22,8,1,J,MASCULINO,3,11000000
2019,6,22,9,1,A,MASCULINO,2,25012300
2019,6,22,9,1,B,FEMENINO,1,3480960
2019,6,22,9,1,B,MASCULINO,1,2730420
2019,6,22,9,1,C,FEMENINO,3,15155364
2019,6,22,9,1,C,MASCULINO,15,78231904
2019,6,22,9,1,D,FEMENINO,4,8180590
2019,6,22,9,1,D,MASCULINO,10,20763593
2019,6,22,9,1,E,FEMENINO,2,4112776
2019,6,22,9,1,E,MASCULINO,8,14292376
2019,6,22,9,1,F,MASCULINO,7,12421864
2019,6,22,9,1,G,FEMENINO,6,10647312
2019,6,22,9,1,G,MASCULINO,15,28569528
2019,6,22,9,1,J,FEMENINO,1,2520000
2019,6,22,9,1,J,MASCULINO,3,9240000
2019,6,22,10,1,A,MASCULINO,1,21125620
2019,6,22,10,1,B,FEMENINO,1,4144000
2019,6,22,10,1,C,FEMENINO,7,28009600
2019,6,22,10,1,C,MASCULINO,17,119695400
2019,6,22,10,1,D,FEMENINO,1,2412000
2019,6,22,10,1,D,MASCULINO,1,2611500
2019,6,22,10,1,E,FEMENINO,1,2142800
2019,6,22,10,1,E,MASCULINO,11,23268420
2019,6,22,10,1,G,FEMENINO,10,21125620
2019,6,22,10,1,G,MASCULINO,7,14788072
2019,6,22,10,1,J,FEMENINO,1,3000000
2019,6,22,10,1,J,MASCULINO,3,11000000
2019,6,22,11,1,A,MASCULINO,1,18240200
2019,6,22,11,1,B,MASCULINO,2,7217100
2019,6,22,11,1,C,FEMENINO,20,91207300
2019,6,22,11,1,C,MASCULINO,13,55850307
2019,6,22,11,1,D,FEMENINO,11,24383100
2019,6,22,11,1,D,MASCULINO,20,44928000
2019,6,22,11,1,E,FEMENINO,5,11444724
2019,6,22,11,1,E,MASCULINO,2,4225124
2019,6,22,11,1,G,FEMENINO,5,10562810
2019,6,22,11,1,G,MASCULINO,8,17084734
2019,6,22,11,1,J,FEMENINO,1,3500000
2019,6,22,11,1,J,MASCULINO,2,7500000
2019,6,22,12,1,A,FEMENINO,2,5925920
2019,6,22,12,1,A,MASCULINO,5,35049460
2019,6,22,12,1,B,MASCULINO,1,3480960
2019,6,22,12,1,C,FEMENINO,7,22728749
2019,6,22,12,1,C,MASCULINO,13,52656744
2019,6,22,12,1,D,FEMENINO,3,7308168
2019,6,22,12,1,D,MASCULINO,4,9439164
2019,6,22,12,1,E,FEMENINO,9,16284248
2019,6,22,12,1,E,MASCULINO,8,13668275
2019,6,22,12,1,G,FEMENINO,3,5323656
2019,6,22,12,1,G,MASCULINO,5,8344619
2019,6,22,12,1,J,FEMENINO,4,11760000
2019,6,22,13,1,A,MASCULINO,1,18240200
2019,6,22,13,1,B,FEMENINO,1,3480960
2019,6,22,13,1,C,FEMENINO,3,8198988
2019,6,22,13,1,C,MASCULINO,7,43660176
2019,6,22,13,1,D,FEMENINO,1,2347464
2019,6,22,13,1,E,FEMENINO,2,3429086
2019,6,22,13,1,F,FEMENINO,2,3429086
2019,6,22,13,1,G,FEMENINO,8,13716344
2019,6,22,13,1,G,MASCULINO,9,15430887
2019,6,22,13,1,J,FEMENINO,2,4620000
2019,6,22,13,1,J,MASCULINO,2,7140000
2019,6,22,14,1,A,MASCULINO,1,21125620
2019,6,22,14,1,B,MASCULINO,1,3480920
2019,6,22,14,1,C,FEMENINO,3,14939148
2019,6,22,14,1,C,MASCULINO,8,39239232
2019,6,22,14,1,D,MASCULINO,1,3191076
2019,6,22,14,1,E,FEMENINO,1,1690050
2019,6,22,14,1,E,MASCULINO,3,5323656
2019,6,22,14,1,F,FEMENINO,3,5154652
2019,6,22,14,1,F,MASCULINO,6,10393806
2019,6,22,14,1,G,FEMENINO,4,7098208
2019,6,22,14,1,G,MASCULINO,5,8872760
2019,6,22,14,1,J,MASCULINO,4,11660000
2019,6,22,15,1,A,MASCULINO,1,21125620
2019,6,22,15,1,B,MASCULINO,1,3315200
2019,6,22,15,1,C,FEMENINO,2,5597383
2019,6,22,15,1,C,MASCULINO,11,54424765
2019,6,22,15,1,D,FEMENINO,1,2558340
2019,6,22,15,1,D,MASCULINO,3,6775020
2019,6,22,15,1,E,MASCULINO,5,8872760
2019,6,22,15,1,F,MASCULINO,2,3549104
2019,6,22,15,1,G,FEMENINO,1,1774552
2019,6,22,15,1,G,MASCULINO,4,7098208
2019,6,22,15,1,J,FEMENINO,1,4200000
2019,6,22,15,1,J,MASCULINO,3,7340000
2019,6,22,16,1,A,MASCULINO,3,31401920
2019,6,22,16,1,B,MASCULINO,1,4144000
2019,6,22,16,1,C,FEMENINO,9,45325700
2019,6,22,16,1,C,MASCULINO,9,45697400
2019,6,22,16,1,D,FEMENINO,1,2688500
2019,6,22,16,1,D,MASCULINO,5,12280400
2019,6,22,16,1,E,FEMENINO,8,16930734
2019,6,22,16,1,E,MASCULINO,13,27523782
2019,6,22,16,1,F,FEMENINO,4,8450248
2019,6,22,16,1,F,MASCULINO,4,9734086
2019,6,22,16,1,G,FEMENINO,4,9026186
2019,6,22,16,1,G,MASCULINO,9,19013058
2019,6,22,16,1,J,MASCULINO,3,10500000
2019,6,22,17,1,A,MASCULINO,1,0
2019,6,22,17,1,B,MASCULINO,2,6280848
2019,6,22,17,1,C,FEMENINO,2,8730204
2019,6,22,17,1,C,MASCULINO,6,26882268
2019,6,22,17,1,D,MASCULINO,1,1989288
2019,6,22,17,1,E,FEMENINO,1,1774552
2019,6,22,17,1,E,MASCULINO,11,19080124
2019,6,22,17,1,F,FEMENINO,1,1774552
2019,6,22,17,1,F,MASCULINO,1,2101932
2019,6,22,17,1,G,FEMENINO,4,6613516
2019,6,22,17,1,G,MASCULINO,9,15001584
2019,6,23,1,1,A,FEMENINO,3,23205000
2019,6,23,1,1,A,MASCULINO,3,35490000
2019,6,23,1,1,B,FEMENINO,2,18564000
2019,6,23,1,1,B,MASCULINO,10,92820000
2019,6,23,1,1,C,FEMENINO,23,131222000
2019,6,23,1,1,C,MASCULINO,21,121394000
2019,6,23,1,1,D,FEMENINO,74,275457000
2019,6,23,1,1,D,MASCULINO,35,137774000
2019,6,23,1,1,E,FEMENINO,34,90909000
2019,6,23,1,1,E,MASCULINO,63,158522000
2019,6,23,1,1,F,FEMENINO,13,29484000
2019,6,23,1,1,F,MASCULINO,8,19656000
2019,6,23,3,1,A,FEMENINO,1,7476000
2019,6,23,3,1,A,MASCULINO,3,32320000
2019,6,23,3,1,B,FEMENINO,39,275520000
2019,6,23,3,1,B,MASCULINO,71,500052000
2019,6,23,3,1,C,FEMENINO,58,297360000
2019,6,23,3,1,C,MASCULINO,152,776160000
2019,6,23,3,1,D,FEMENINO,17,73952000
2019,6,23,3,1,D,MASCULINO,37,162084000
2019,6,23,3,1,E,FEMENINO,10,34112000
2019,6,23,3,1,E,MASCULINO,32,108784000
2019,6,23,3,1,G,FEMENINO,10,27812000
2019,6,23,3,1,G,MASCULINO,48,142020000
2019,6,23,3,1,X,FEMENINO,1,2431818
2019,6,23,4,1,A,FEMENINO,2,28100000
2019,6,23,4,1,B,FEMENINO,2,18200000
2019,6,23,4,1,B,MASCULINO,6,51100000
2019,6,23,4,1,C,FEMENINO,13,95300000
2019,6,23,4,1,C,MASCULINO,4,30500000
2019,6,23,4,1,D,FEMENINO,24,121700000
2019,6,23,4,1,D,MASCULINO,9,43500000
2019,6,23,4,1,E,FEMENINO,1,3900000
2019,6,23,4,1,E,MASCULINO,1,4900000
2019,6,23,4,1,F,FEMENINO,5,16700000
2019,6,23,4,1,F,MASCULINO,5,17800000
2019,6,23,4,1,G,FEMENINO,4,16200000
2019,6,23,4,1,G,MASCULINO,14,54200000
2019,6,23,6,1,A,FEMENINO,1,10253700
2019,6,23,6,1,B,FEMENINO,6,34336400
2019,6,23,6,1,B,MASCULINO,3,20193200
2019,6,23,6,1,C,FEMENINO,10,56282900
2019,6,23,6,1,C,MASCULINO,8,50434900
2019,6,23,6,1,D,FEMENINO,2,9149600
2019,6,23,6,1,D,MASCULINO,15,68124300
2019,6,23,6,1,G,FEMENINO,9,43734400
2019,6,23,6,1,G,MASCULINO,6,30304900
2019,6,23,6,1,K,FEMENINO,1,5784933
2019,6,23,6,1,K,MASCULINO,2,11569866
2019,6,23,8,1,B,FEMENINO,5,34807686
2019,6,23,8,1,B,MASCULINO,2,12962712
2019,6,23,8,1,C,FEMENINO,3,15755544
2019,6,23,8,1,C,MASCULINO,3,18485628
2019,6,23,8,1,D,FEMENINO,1,3286080
2019,6,23,8,1,D,MASCULINO,1,2600892
2019,6,23,8,1,E,MASCULINO,1,3317748
2019,6,23,8,1,G,FEMENINO,1,2152080
2019,6,23,9,1,A,MASCULINO,1,18480000
2019,6,23,9,1,B,FEMENINO,6,47124000
2019,6,23,9,1,B,MASCULINO,7,61320000
2019,6,23,9,1,C,FEMENINO,14,73080000
2019,6,23,9,1,C,MASCULINO,8,40992000
2019,6,23,9,1,E,MASCULINO,1,2856000
2019,6,23,9,1,F,FEMENINO,1,1848000
2019,6,23,9,1,F,MASCULINO,1,1848000
2019,6,23,10,1,B,FEMENINO,4,44000000
2019,6,23,10,1,B,MASCULINO,17,238000000
2019,6,23,10,1,C,FEMENINO,54,443200000
2019,6,23,10,1,C,MASCULINO,110,986300000
2019,6,23,10,1,D,FEMENINO,5,21000000
2019,6,23,10,1,D,MASCULINO,14,49700000
2019,6,23,10,1,F,FEMENINO,19,93600000
2019,6,23,10,1,F,MASCULINO,27,129100000
2019,6,23,10,1,G,FEMENINO,4,14700000
2019,6,23,10,1,G,MASCULINO,23,84700000
2019,6,23,11,1,A,MASCULINO,1,20020000
2019,6,23,11,1,B,FEMENINO,5,39344200
2019,6,23,11,1,B,MASCULINO,27,225089589
2019,6,23,11,1,C,FEMENINO,16,90660933
2019,6,23,11,1,C,MASCULINO,26,151653697
2019,6,23,11,1,D,FEMENINO,20,70483424
2019,6,23,11,1,D,MASCULINO,44,146540615
2019,6,23,11,1,E,FEMENINO,7,15865950
2019,6,23,11,1,E,MASCULINO,72,149691909
2019,6,23,11,1,G,FEMENINO,13,24461259
2019,6,23,11,1,G,MASCULINO,42,80173609
2019,6,23,13,1,A,FEMENINO,1,17290000
2019,6,23,13,1,B,FEMENINO,1,6734000
2019,6,23,13,1,B,MASCULINO,12,119357000
2019,6,23,13,1,C,FEMENINO,3,21966000
2019,6,23,13,1,C,MASCULINO,4,31157000
2019,6,23,13,1,D,FEMENINO,2,6697600
2019,6,23,13,1,D,MASCULINO,2,9373000
2019,6,23,13,1,E,FEMENINO,2,4704000
2019,6,23,13,1,E,MASCULINO,3,7252000
2019,6,23,13,1,F,FEMENINO,2,4885244
2019,6,23,13,1,F,MASCULINO,2,6721763
2019,6,23,13,1,G,FEMENINO,6,31592379
2019,6,23,13,1,G,MASCULINO,8,36219792
2019,6,23,14,1,A,FEMENINO,1,4872000
2019,6,23,14,1,A,MASCULINO,3,28957906
2019,6,23,14,1,B,FEMENINO,4,43492754
2019,6,23,14,1,B,MASCULINO,7,71689592
2019,6,23,14,1,C,FEMENINO,41,275979150
2019,6,23,14,1,C,MASCULINO,29,182003857
2019,6,23,14,1,D,FEMENINO,10,37933374
2019,6,23,14,1,D,MASCULINO,5,18490039
2019,6,23,14,1,E,FEMENINO,11,28596173
2019,6,23,14,1,E,MASCULINO,17,39130957
2019,6,23,14,1,F,FEMENINO,2,5149743
2019,6,23,14,1,F,MASCULINO,4,11072754
2019,6,23,14,1,G,FEMENINO,3,7291581
2019,6,23,14,1,G,MASCULINO,4,10215877
2019,6,23,15,1,A,FEMENINO,188,1387794009
2019,6,23,15,1,A,MASCULINO,829,6522374187
2019,6,23,16,1,A,FEMENINO,3,27000000
2019,6,23,16,1,A,MASCULINO,3,41000000
2019,6,23,16,1,B,FEMENINO,21,208900000
2019,6,23,16,1,B,MASCULINO,19,212100000
2019,6,23,16,1,C,FEMENINO,103,710000000
2019,6,23,16,1,C,MASCULINO,140,987400000
2019,6,23,16,1,D,FEMENINO,196,857200000
2019,6,23,16,1,D,MASCULINO,185,787700000
2019,6,23,16,1,E,FEMENINO,82,202326116
2019,6,23,16,1,E,MASCULINO,364,888067770
2019,6,23,16,1,F,FEMENINO,57,140963802
2019,6,23,16,1,F,MASCULINO,97,245601984
2019,6,23,16,1,G,FEMENINO,37,89863306
2019,6,23,16,1,G,MASCULINO,92,219901984
2019,6,23,17,1,A,FEMENINO,1,22000000
2019,6,23,17,1,B,FEMENINO,8,49168000
2019,6,23,17,1,B,MASCULINO,7,41916000
2019,6,23,17,1,C,FEMENINO,2,15456000
2019,6,23,17,1,C,MASCULINO,2,16464000
2019,6,23,17,1,D,FEMENINO,15,48216000
2019,6,23,17,1,D,MASCULINO,4,13860000
2019,6,23,17,1,E,FEMENINO,14,38304000
2019,6,23,17,1,E,MASCULINO,8,23520000
2019,6,23,17,1,F,FEMENINO,2,4032000
2019,6,23,17,1,F,MASCULINO,2,4704000
2019,6,23,17,1,G,FEMENINO,1,2352000
2019,6,23,17,1,G,MASCULINO,1,2604000
2019,6,23,18,1,A,MASCULINO,2,22848000
2019,6,23,18,1,B,FEMENINO,7,71882000
2019,6,23,18,1,B,MASCULINO,17,159930424
2019,6,23,18,1,C,FEMENINO,64,414151652
2019,6,23,18,1,C,MASCULINO,92,593943027
2019,6,23,18,1,D,FEMENINO,78,281847562
2019,6,23,18,1,D,MASCULINO,86,305325662
2019,6,23,18,1,E,FEMENINO,11,24821830
2019,6,23,18,1,E,MASCULINO,42,118039104
2019,6,23,18,1,F,FEMENINO,8,16518359
2019,6,23,18,1,F,MASCULINO,15,34695704
2019,6,23,18,1,G,FEMENINO,23,39402260
2019,6,23,18,1,G,MASCULINO,55,100000403
2019,6,23,19,1,A,FEMENINO,6,68800000
2019,6,23,19,1,A,MASCULINO,3,45700000
2019,6,23,19,1,B,FEMENINO,6,73800000
2019,6,23,19,1,B,MASCULINO,3,39000000
2019,6,23,19,1,C,FEMENINO,26,190700000
2019,6,23,19,1,C,MASCULINO,27,189600000
2019,6,23,19,1,D,FEMENINO,18,72291775
2019,6,23,19,1,D,MASCULINO,16,64400000
2019,6,23,19,1,E,FEMENINO,13,35093333
2019,6,23,19,1,E,MASCULINO,17,49200000
2019,6,23,20,1,A,FEMENINO,2,29800000
2019,6,23,20,1,A,MASCULINO,8,58400000
2019,6,23,20,1,B,FEMENINO,12,119900000
2019,6,23,20,1,B,MASCULINO,11,106300000
2019,6,23,20,1,C,FEMENINO,16,118300000
2019,6,23,20,1,C,MASCULINO,18,116300000
2019,6,23,20,1,D,FEMENINO,37,162000000
2019,6,23,20,1,D,MASCULINO,59,257200000
2019,6,23,20,1,E,FEMENINO,32,91850248
2019,6,23,20,1,E,MASCULINO,116,330700496
2019,6,23,20,1,F,FEMENINO,17,35913554
2019,6,23,20,1,F,MASCULINO,43,90840166
2019,6,23,20,1,G,MASCULINO,7,15350248
2019,6,23,21,1,A,MASCULINO,1,22000000
2019,6,23,21,1,B,FEMENINO,10,63000000
2019,6,23,21,1,B,MASCULINO,14,105740000
2019,6,23,21,1,C,FEMENINO,67,381141600
2019,6,23,21,1,C,MASCULINO,66,368484000
2019,6,23,21,1,D,FEMENINO,34,164472000
2019,6,23,21,1,D,MASCULINO,81,386566543
2019,6,23,21,1,E,FEMENINO,5,21336000
2019,6,23,21,1,E,MASCULINO,19,66623880
2019,6,23,21,1,F,FEMENINO,4,11193104
2019,6,23,21,1,F,MASCULINO,16,51207285
2019,6,23,21,1,G,FEMENINO,8,27468000
2019,6,23,21,1,G,MASCULINO,9,31416000
2019,6,23,22,1,A,FEMENINO,1,4032000
2019,6,23,22,1,A,MASCULINO,6,58656666
2019,6,23,22,1,B,FEMENINO,8,68108000
2019,6,23,22,1,B,MASCULINO,17,152771000
2019,6,23,22,1,C,FEMENINO,32,182339013
2019,6,23,22,1,C,MASCULINO,34,190569429
2019,6,23,22,1,D,FEMENINO,53,193835700
2019,6,23,22,1,D,MASCULINO,59,210505345
2019,6,23,22,1,E,FEMENINO,9,24235200
2019,6,23,22,1,E,MASCULINO,32,81575200
2019,6,23,22,1,F,FEMENINO,2,3760000
2019,6,23,22,1,F,MASCULINO,22,54310665
2019,6,23,22,1,G,FEMENINO,14,31603204
2019,6,23,22,1,G,MASCULINO,50,95659768
2019,6,23,24,1,A,FEMENINO,4,34272000
2019,6,23,24,1,A,MASCULINO,6,55860000
2019,6,23,24,1,B,FEMENINO,4,42672000
2019,6,23,24,1,B,MASCULINO,8,85344000
2019,6,23,24,1,C,FEMENINO,17,118104000
2019,6,23,24,1,C,MASCULINO,10,58884000
2019,6,23,24,1,D,FEMENINO,98,337932000
2019,6,23,24,1,D,MASCULINO,58,204288000
2019,6,23,24,1,E,FEMENINO,67,172284000
2019,6,23,24,1,E,MASCULINO,55,141204000
2019,6,23,24,1,F,FEMENINO,11,25032000
2019,6,23,24,1,F,MASCULINO,13,30996000
2019,6,23,24,1,G,FEMENINO,292,607656000
2019,6,23,24,1,G,MASCULINO,308,650362543
2019,6,23,25,1,A,MASCULINO,1,7623000
2019,6,23,25,1,B,FEMENINO,10,44025050
2019,6,23,25,1,B,MASCULINO,11,45552895
2019,6,23,25,1,C,FEMENINO,22,67446076
2019,6,23,25,1,C,MASCULINO,16,57550843
2019,6,23,25,1,D,FEMENINO,8,18949522
2019,6,23,25,1,D,MASCULINO,8,19468516
2019,6,23,25,1,E,FEMENINO,4,7933743
2019,6,23,25,1,E,MASCULINO,27,47281164
2019,6,23,26,1,A,MASCULINO,1,18480000
2019,6,23,26,1,B,FEMENINO,2,15036000
2019,6,23,26,1,B,MASCULINO,3,17514000
2019,6,23,26,1,C,FEMENINO,3,16380000
2019,6,23,26,1,C,MASCULINO,5,26208000
2019,6,23,26,1,D,FEMENINO,4,13944000
2019,6,23,26,1,D,MASCULINO,3,10752000
2019,6,23,26,1,E,FEMENINO,2,4368000
2019,6,23,26,1,E,MASCULINO,3,7560000
2019,6,23,27,1,B,FEMENINO,1,10920000
2019,6,23,27,1,B,MASCULINO,1,10080000
2019,6,23,27,1,C,FEMENINO,3,23268000
2019,6,23,27,1,C,MASCULINO,4,30912000
2019,6,23,27,1,D,FEMENINO,1,3864000
2019,6,23,28,1,A,FEMENINO,1,15000000
2019,6,23,28,1,B,FEMENINO,4,26269600
2019,6,23,28,1,B,MASCULINO,3,25872000
2019,6,23,28,1,C,MASCULINO,2,15960000
2019,6,23,28,1,D,FEMENINO,1,4788000
2019,6,23,29,1,A,FEMENINO,1,4032000
2019,6,23,29,1,A,MASCULINO,1,4032000
2019,6,23,29,1,B,FEMENINO,4,31332000
2019,6,23,29,1,C,FEMENINO,4,24528000
2019,6,23,29,1,C,MASCULINO,2,12020667
2019,6,23,29,1,D,FEMENINO,3,8820000
2019,6,23,29,1,E,FEMENINO,3,8064000
2019,6,23,29,1,E,MASCULINO,4,10538668
2019,6,23,30,1,A,MASCULINO,1,18480000
2019,6,23,30,1,B,FEMENINO,3,25872000
2019,6,23,30,1,B,MASCULINO,2,18816000
2019,6,23,30,1,C,FEMENINO,1,5040000
2019,6,23,30,1,C,MASCULINO,2,10080000
2019,6,23,30,1,D,FEMENINO,2,8912000
2019,6,23,30,1,D,MASCULINO,2,7392000
2019,6,23,30,1,G,MASCULINO,2,3696000
2019,6,23,31,1,A,MASCULINO,1,22000000
2019,6,23,31,1,B,MASCULINO,7,57792000
2019,6,23,31,1,C,FEMENINO,3,14616000
2019,6,23,31,1,D,FEMENINO,5,15960000
2019,6,23,31,1,D,MASCULINO,7,21588000
2019,6,23,31,1,E,MASCULINO,1,1774552
2019,6,23,33,1,B,MASCULINO,4,39648000
2019,6,23,33,1,E,FEMENINO,1,2856000
2019,6,23,33,1,G,FEMENINO,2,3706552
2019,6,23,33,1,L,FEMENINO,12,32816134
2019,6,23,33,1,L,MASCULINO,4,9749112
2019,6,23,33,1,Z,FEMENINO,73,263232235
2019,6,23,33,1,Z,MASCULINO,65,221950931
2019,6,23,34,1,A,FEMENINO,1,0
2019,6,23,34,1,B,FEMENINO,3,27216000
2019,6,23,34,1,B,MASCULINO,1,8568000
2019,6,23,34,1,D,FEMENINO,4,8484000
2019,6,23,34,1,D,MASCULINO,3,9324000
2019,6,23,34,1,E,FEMENINO,3,8410552
2019,6,23,34,1,E,MASCULINO,4,7822552
2019,6,23,34,1,F,MASCULINO,2,3622552
2019,6,23,34,1,G,FEMENINO,13,25641104
2019,6,23,34,1,G,MASCULINO,12,23530552
2019,6,23,34,1,K,FEMENINO,1,0
2019,6,23,34,1,L,FEMENINO,47,106622069
2019,6,23,34,1,L,MASCULINO,14,37815060
2019,6,23,34,1,Z,FEMENINO,121,455177722
2019,6,23,34,1,Z,MASCULINO,54,186507023
2019,6,24,1,1,0,FEMENINO,1,3629402
2019,6,24,1,1,0,MASCULINO,2,8162655
2019,6,24,1,1,D,FEMENINO,1406,3673046486
2019,6,24,1,1,D,MASCULINO,1326,3503967154
2019,6,24,1,1,F,FEMENINO,176,650977524
2019,6,24,1,1,F,MASCULINO,199,732849926
2019,6,24,1,1,G,FEMENINO,459,2357538802
2019,6,24,1,1,G,MASCULINO,385,1965071833
2019,6,24,1,1,H,FEMENINO,126,838335321
2019,6,24,1,1,H,MASCULINO,155,1016597839
2019,6,24,1,1,I,FEMENINO,148,1182419288
2019,6,24,1,1,I,MASCULINO,140,1127936681
2019,6,24,1,1,S,FEMENINO,6410,30458798499
2019,6,24,1,1,S,MASCULINO,2755,15416831491
2019,6,24,2,1,G,FEMENINO,3,8455642
2019,6,24,2,1,G,MASCULINO,6,12464116
2019,6,24,3,1,A,FEMENINO,9,36665401
2019,6,24,3,1,A,MASCULINO,12,56593305
2019,6,24,3,1,P,FEMENINO,9,88909563
2019,6,24,3,1,P,MASCULINO,15,139898262
2019,6,24,4,1,1,MASCULINO,1,3092731
2019,6,24,4,1,A,FEMENINO,47,182706657
2019,6,24,4,1,A,MASCULINO,67,279977261
2019,6,24,4,1,K,MASCULINO,1,4787764
2019,6,24,4,1,R,MASCULINO,1,6297083
2019,6,24,4,1,S,MASCULINO,1,4743433
2019,6,24,5,1,A,MASCULINO,1,6660000
2019,6,24,5,1,B,FEMENINO,5,41040000
2019,6,24,5,1,B,MASCULINO,5,37620000
2019,6,24,5,1,C,FEMENINO,12,64620000
2019,6,24,5,1,C,MASCULINO,6,34200000
2019,6,24,5,1,D,FEMENINO,10,37440000
2019,6,24,5,1,D,MASCULINO,11,40680000
2019,6,24,5,1,E,FEMENINO,1,2340000
2019,6,24,5,1,E,MASCULINO,16,40151305
2019,6,24,5,1,F,FEMENINO,19,44923655
2019,6,24,5,1,F,MASCULINO,20,52002000
2019,6,24,5,1,G,FEMENINO,24,49768042
2019,6,24,5,1,G,MASCULINO,31,65577405
2019,6,24,5,1,X,FEMENINO,1,3150000
2019,6,25,2,1,A,FEMENINO,583,2353211335
2019,6,25,2,1,A,MASCULINO,632,2815593830
2019,6,25,2,1,O,FEMENINO,95,300736387
2019,6,25,2,1,O,MASCULINO,1982,7651318314
2019,6,25,2,1,P,FEMENINO,167,1528930803
2019,6,25,2,1,P,MASCULINO,398,4090656684
2019,6,25,2,1,T,FEMENINO,40,230347552
2019,6,25,2,1,T,MASCULINO,485,3033009152
2019,6,25,4,1,1,FEMENINO,18,53620046
2019,6,25,4,1,1,MASCULINO,57,204266637
2019,6,25,4,1,E,FEMENINO,143,277480215
2019,6,25,4,1,E,MASCULINO,490,944206652
2019,6,25,4,1,F,FEMENINO,63,126259117
2019,6,25,4,1,F,MASCULINO,191,377311647
2019,6,25,4,1,G,FEMENINO,50,137732513
2019,6,25,4,1,G,MASCULINO,145,397824207
2019,6,25,4,1,H,FEMENINO,18,42768322
2019,6,25,4,1,H,MASCULINO,40,100674441
2019,6,25,4,1,I,FEMENINO,1,1928075
2019,6,25,4,1,I,MASCULINO,2,4674803
2019,6,25,4,1,J,FEMENINO,3,9031848
2019,6,25,4,1,J,MASCULINO,4,12205200
2019,6,25,4,1,K,FEMENINO,15,53093686
2019,6,25,4,1,K,MASCULINO,34,117601948
2019,6,25,4,1,R,FEMENINO,10,60297641
2019,6,25,4,1,R,MASCULINO,36,219276848
2019,6,25,5,1,A,FEMENINO,5,33397000
2019,6,25,5,1,A,MASCULINO,12,86992000
2019,6,25,5,1,B,FEMENINO,28,250276000
2019,6,25,5,1,B,MASCULINO,56,506980000
2019,6,25,5,1,C,FEMENINO,84,536959000
2019,6,25,5,1,C,MASCULINO,177,1171649000
2019,6,25,5,1,D,FEMENINO,156,599604000
2019,6,25,5,1,D,MASCULINO,244,986713372
2019,6,25,5,1,E,FEMENINO,255,869307000
2019,6,25,5,1,E,MASCULINO,583,1954033800
2019,6,25,6,1,1,FEMENINO,5,22893000
2019,6,25,6,1,1,MASCULINO,15,59200344
2019,6,25,6,1,2,FEMENINO,5,27091300
2019,6,25,6,1,2,MASCULINO,8,44610800
2019,6,25,6,1,F,FEMENINO,1,2041122
2019,6,25,6,1,F,MASCULINO,11,25956522
2019,6,25,6,1,G,FEMENINO,3,12231700
2019,6,25,6,1,G,MASCULINO,25,89140000
2019,6,25,6,1,H,FEMENINO,6,18856200
2019,6,25,6,1,H,MASCULINO,52,156770600
2019,6,25,6,1,I,FEMENINO,15,44527700
2019,6,25,6,1,I,MASCULINO,111,332479700
2019,6,25,6,1,J,FEMENINO,3,8458900
2019,6,25,6,1,J,MASCULINO,24,66423100
2019,6,25,6,1,K,FEMENINO,36,158630800
2019,6,25,6,1,K,MASCULINO,203,852155900
2019,6,25,6,1,R,FEMENINO,22,160111273
2019,6,25,6,1,R,MASCULINO,64,453485750
2019,6,25,7,1,2,FEMENINO,2,22766000
2019,6,25,7,1,2,MASCULINO,8,91064000
2019,6,25,7,1,F,FEMENINO,8,25589200
2019,6,25,7,1,F,MASCULINO,7,18144420
2019,6,25,7,1,G,FEMENINO,109,537756899
2019,6,25,7,1,G,MASCULINO,510,2019081665
2019,6,25,7,1,H,FEMENINO,1,2847000
2019,6,25,7,1,H,MASCULINO,1,2286000
2019,6,25,7,1,X,FEMENINO,12,59751000
2019,6,25,7,1,X,MASCULINO,59,164415790
2019,6,27,1,1,B,FEMENINO,324,2308238732
2019,6,27,1,1,B,MASCULINO,808,6948114666
2019,6,27,3,1,A,FEMENINO,3,26600000
2019,6,27,3,1,A,MASCULINO,3,43500000
2019,6,27,3,1,B,FEMENINO,16,112100000
2019,6,27,3,1,B,MASCULINO,53,366100000
2019,6,27,3,1,C,FEMENINO,3,20800000
2019,6,27,3,1,C,MASCULINO,8,52300000
2019,6,27,3,1,D,FEMENINO,71,317500000
2019,6,27,3,1,D,MASCULINO,135,620100000
2019,6,27,3,1,E,FEMENINO,38,110900000
2019,6,27,3,1,E,MASCULINO,92,272800000
2019,6,27,4,1,K,FEMENINO,39,184005898
2019,6,27,4,1,K,MASCULINO,78,363822921
2019,6,27,5,1,G,FEMENINO,1,1922431
2019,6,27,5,1,H,FEMENINO,3,6220235
2019,6,27,5,1,H,MASCULINO,1,2375373
2019,6,27,7,1,A,FEMENINO,34,173930400
2019,6,27,7,1,A,MASCULINO,41,258582156
2019,6,28,1,1,0,MASCULINO,1,420000
2019,6,28,1,1,4,FEMENINO,116,498393339
2019,6,28,1,1,4,MASCULINO,73,326037022
2019,6,28,1,1,A,FEMENINO,1,2112562
2019,6,28,1,1,B,FEMENINO,5,8872760
2019,6,28,1,1,B,MASCULINO,4,7098208
2019,6,28,1,1,C,FEMENINO,78,138415056
2019,6,28,1,1,C,MASCULINO,61,108247672
2019,6,28,1,1,D,FEMENINO,18,31709556
2019,6,28,1,1,D,MASCULINO,18,32279946
2019,6,28,1,1,E,FEMENINO,14,24783719
2019,6,28,1,1,F,FEMENINO,37,65658424
2019,6,28,1,1,F,MASCULINO,75,132137048
2019,6,28,1,1,G,FEMENINO,131,367075973
2019,6,28,1,1,G,MASCULINO,151,387768324
2019,6,28,1,1,H,FEMENINO,223,573945984
2019,6,28,1,1,H,MASCULINO,385,1027826331
2019,6,28,1,1,I,FEMENINO,2,3755666
2019,6,28,1,1,I,MASCULINO,11,22452353
2019,6,28,1,1,K,FEMENINO,871,2682911309
2019,6,28,1,1,K,MASCULINO,962,2938889123
2019,6,28,1,1,L,FEMENINO,2351,5381801294
2019,6,28,1,1,L,MASCULINO,2499,5999187442
2019,6,28,1,1,R,FEMENINO,468,1810754963
2019,6,28,1,1,R,MASCULINO,287,1122680479
2019,6,28,1,1,S,FEMENINO,1626,4735153466
2019,6,28,1,1,S,MASCULINO,479,1219286003
2019,6,28,1,1,U,FEMENINO,2831,8711874803
2019,6,28,1,1,U,MASCULINO,2776,9547502179
2019,6,28,1,1,Z,FEMENINO,118,241210887
2019,6,28,1,1,Z,MASCULINO,103,231251140
2019,6,28,2,1,C,FEMENINO,31,53859446
2019,6,28,2,1,C,MASCULINO,34,55508588
2019,6,28,2,1,D,FEMENINO,24,41746829
2019,6,28,2,1,D,MASCULINO,20,34807669
2019,6,28,2,1,E,FEMENINO,40,64818108
2019,6,28,2,1,E,MASCULINO,18,31196103
2019,6,28,2,1,F,FEMENINO,44,83314316
2019,6,28,2,1,F,MASCULINO,25,45743202
2019,6,28,2,1,G,FEMENINO,29,74390879
2019,6,28,2,1,G,MASCULINO,20,56067839
2019,6,28,2,1,H,FEMENINO,13,29116226
2019,6,28,2,1,H,MASCULINO,7,14952572
2019,6,28,2,1,K,FEMENINO,24,81960826
2019,6,28,2,1,K,MASCULINO,32,122713788
2019,6,28,2,1,L,FEMENINO,11,21016293
2019,6,28,2,1,L,MASCULINO,11,20744394
2019,6,28,2,1,U,FEMENINO,647,1896361660
2019,6,28,2,1,U,MASCULINO,597,2184844955
2019,6,28,2,1,X,MASCULINO,1,1256393
2019,6,28,2,1,Z,FEMENINO,2,2268000
2019,6,28,2,1,Z,MASCULINO,1,1134000
2019,6,28,3,1,1,FEMENINO,1,3482052
2019,6,28,3,1,1,MASCULINO,1,3482052
2019,6,28,3,1,D,FEMENINO,16,27156523
2019,6,28,3,1,D,MASCULINO,12,21294624
2019,6,28,3,1,E,FEMENINO,12,21234615
2019,6,28,3,1,E,MASCULINO,7,12361825
2019,6,28,3,1,F,FEMENINO,19,35284227
2019,6,28,3,1,F,MASCULINO,20,35602375
2019,6,28,3,1,G,FEMENINO,19,47298649
2019,6,28,3,1,G,MASCULINO,21,50151561
2019,6,28,3,1,H,FEMENINO,1,2450532
2019,6,28,3,1,K,FEMENINO,6,23109240
2019,6,28,3,1,K,MASCULINO,4,15371160
2019,6,28,3,1,U,FEMENINO,306,931313220
2019,6,28,3,1,U,MASCULINO,238,846806789
2019,6,28,4,1,1,FEMENINO,8,37825536
2019,6,28,4,1,1,MASCULINO,3,14184576
2019,6,28,4,1,C,FEMENINO,5,8572715
2019,6,28,4,1,C,MASCULINO,5,8572715
2019,6,28,4,1,D,FEMENINO,1,0
2019,6,28,4,1,E,FEMENINO,22,38515371
2019,6,28,4,1,E,MASCULINO,22,38268724
2019,6,28,4,1,F,FEMENINO,22,45333295
2019,6,28,4,1,F,MASCULINO,11,22989304
2019,6,28,4,1,G,FEMENINO,36,106441564
2019,6,28,4,1,G,MASCULINO,16,46226840
2019,6,28,4,1,H,FEMENINO,43,78784123
2019,6,28,4,1,H,MASCULINO,37,68800269
2019,6,28,4,1,K,FEMENINO,11,32583684
2019,6,28,4,1,K,MASCULINO,5,13558492
2019,6,28,4,1,L,FEMENINO,414,887444304
2019,6,28,4,1,L,MASCULINO,303,826443457
2019,6,28,4,1,S,FEMENINO,1,1848000
2019,6,28,4,1,U,FEMENINO,81,158187035
2019,6,28,4,1,U,MASCULINO,51,140537512
2019,6,28,5,1,C,FEMENINO,6,11447015
2019,6,28,5,1,C,MASCULINO,1,2112562
2019,6,28,5,1,E,FEMENINO,40,77395898
2019,6,28,5,1,E,MASCULINO,45,82382653
2019,6,28,5,1,F,FEMENINO,13,26192354
2019,6,28,5,1,F,MASCULINO,9,17819782
2019,6,28,5,1,G,FEMENINO,44,111313968
2019,6,28,5,1,G,MASCULINO,39,115198172
2019,6,28,5,1,H,FEMENINO,1,1904952
2019,6,28,5,1,H,MASCULINO,3,6802404
2019,6,28,5,1,K,FEMENINO,1,4830900
2019,6,28,5,1,K,MASCULINO,1,5737700
2019,6,28,5,1,L,FEMENINO,204,574177275
2019,6,28,5,1,L,MASCULINO,234,872627195
2019,6,28,5,1,N,FEMENINO,8,16086466
2019,6,28,5,1,N,MASCULINO,13,25108666
2019,6,28,5,1,U,FEMENINO,41,119607564
2019,6,28,5,1,U,MASCULINO,41,149502512
2019,6,28,6,1,C,FEMENINO,1,0
2019,6,28,6,1,C,MASCULINO,1,0
2019,6,28,6,1,D,FEMENINO,2,3549104
2019,6,28,6,1,D,MASCULINO,1,1774552
2019,6,28,6,1,E,FEMENINO,21,35491040
2019,6,28,6,1,E,MASCULINO,15,26618280
2019,6,28,6,1,F,FEMENINO,26,46289328
2019,6,28,6,1,F,MASCULINO,22,41844228
2019,6,28,6,1,G,FEMENINO,39,130221840
2019,6,28,6,1,G,MASCULINO,38,128230452
2019,6,28,6,1,H,FEMENINO,1,2454816
2019,6,28,6,1,K,FEMENINO,4,19134864
2019,6,28,6,1,K,MASCULINO,4,19094040
2019,6,28,6,1,L,FEMENINO,662,733184135
2019,6,28,6,1,L,MASCULINO,497,620333079
2019,6,28,6,1,U,FEMENINO,128,324204867
2019,6,28,6,1,U,MASCULINO,96,280523664
2019,6,28,7,1,2,FEMENINO,1,3634596
2019,6,28,7,1,C,FEMENINO,1,621300
2019,6,28,7,1,D,FEMENINO,12,20973406
2019,6,28,7,1,D,MASCULINO,8,14047050
2019,6,28,7,1,E,FEMENINO,18,31513177
2019,6,28,7,1,E,MASCULINO,20,34007550
2019,6,28,7,1,F,FEMENINO,47,88479591
2019,6,28,7,1,F,MASCULINO,28,54976644
2019,6,28,7,1,G,FEMENINO,40,101714963
2019,6,28,7,1,G,MASCULINO,35,85896217
2019,6,28,7,1,H,FEMENINO,11,20646195
2019,6,28,7,1,H,MASCULINO,10,20845944
2019,6,28,7,1,I,FEMENINO,3,6646504
2019,6,28,7,1,I,MASCULINO,4,9324672
2019,6,28,7,1,K,FEMENINO,22,79423818
2019,6,28,7,1,K,MASCULINO,21,78970786
2019,6,28,7,1,L,FEMENINO,241,261892579
2019,6,28,7,1,L,MASCULINO,236,267114456
2019,6,28,7,1,U,FEMENINO,269,614660210
2019,6,28,7,1,U,MASCULINO,357,1041125086
2019,6,28,8,1,E,FEMENINO,10,17745520
2019,6,28,8,1,E,MASCULINO,6,10795191
2019,6,28,8,1,F,FEMENINO,9,16429568
2019,6,28,8,1,F,MASCULINO,6,10818536
2019,6,28,8,1,G,FEMENINO,16,53246476
2019,6,28,8,1,G,MASCULINO,16,48973470
2019,6,28,8,1,K,MASCULINO,1,3915156
2019,6,28,8,1,U,FEMENINO,2,10718400
2019,6,28,8,1,U,MASCULINO,9,39477048
2019,6,30,1,3,M,FEMENINO,1,990000
2019,6,30,1,3,M,MASCULINO,4,8808530
2019,6,30,1,4,M,FEMENINO,5,10050563
2019,6,30,1,4,M,MASCULINO,4,19956144
2019,6,30,1,5,M,MASCULINO,5,11000000
2019,6,30,1,6,M,FEMENINO,10,14680000
2019,6,30,1,6,M,MASCULINO,6,19550130
2019,6,30,1,238,M,MASCULINO,3,16320000
2019,6,30,1,241,M,FEMENINO,3,10000000
2019,6,30,1,241,M,MASCULINO,2,2800000
2019,6,30,1,249,A,MASCULINO,1,9800000
2019,6,30,1,249,E,MASCULINO,1,3600000
2019,6,30,1,249,F,MASCULINO,2,3780000
2019,6,30,1,524,M,FEMENINO,1,1300000
2019,6,30,1,524,M,MASCULINO,2,8500000
2019,6,30,2,8,M,FEMENINO,4,6150000
2019,6,30,2,8,M,MASCULINO,4,21000000
2019,6,30,2,11,M,FEMENINO,3,11250000
2019,6,30,2,11,M,MASCULINO,11,37413600
2019,6,30,2,12,M,FEMENINO,3,5135806
2019,6,30,2,12,M,MASCULINO,8,21701452
2019,6,30,2,13,C,MASCULINO,1,6400000
2019,6,30,2,13,E,FEMENINO,2,3780000
2019,6,30,2,13,E,MASCULINO,2,3465000
2019,6,30,2,14,M,FEMENINO,1,1500000
2019,6,30,2,14,M,MASCULINO,2,1530000
2019,6,30,2,15,M,FEMENINO,7,10260000
2019,6,30,2,15,M,MASCULINO,15,41105620
2019,6,30,2,16,M,MASCULINO,3,7972904
2019,6,30,2,17,F,FEMENINO,1,980000
2019,6,30,2,17,F,MASCULINO,2,2030000
2019,6,30,2,17,G,FEMENINO,1,1080000
2019,6,30,2,18,M,FEMENINO,4,11759900
2019,6,30,2,18,M,MASCULINO,2,3141000
2019,6,30,2,19,M,FEMENINO,2,1880000
2019,6,30,2,19,M,MASCULINO,4,5100000
2019,6,30,2,20,M,FEMENINO,2,2700000
2019,6,30,2,20,M,MASCULINO,3,7500000
2019,6,30,2,22,M,FEMENINO,1,2520000
2019,6,30,2,22,M,MASCULINO,3,11638240
2019,6,30,2,23,M,FEMENINO,1,1791000
2019,6,30,2,23,M,MASCULINO,2,1791000
2019,6,30,2,24,M,FEMENINO,5,6210000
2019,6,30,2,24,M,MASCULINO,6,22540000
2019,6,30,2,25,M,FEMENINO,1,900000
2019,6,30,2,25,M,MASCULINO,3,9008486
2019,6,30,2,26,A,MASCULINO,1,12200000
2019,6,30,2,26,D,FEMENINO,2,5220000
2019,6,30,2,26,D,MASCULINO,9,24390000
2019,6,30,2,26,E,MASCULINO,1,1890000
2019,6,30,2,239,M,FEMENINO,1,1806750
2019,6,30,2,239,M,MASCULINO,6,14934300
2019,6,30,2,253,M,FEMENINO,1,1100000
2019,6,30,2,253,M,MASCULINO,2,4000000
2019,6,30,3,27,M,FEMENINO,38,73183858
2019,6,30,3,27,M,MASCULINO,31,68016721
2019,6,30,3,28,M,FEMENINO,4,6704470
2019,6,30,3,28,M,MASCULINO,6,13810570
2019,6,30,3,29,M,FEMENINO,3,7920000
2019,6,30,3,29,M,MASCULINO,5,7710000
2019,6,30,3,30,M,FEMENINO,2,4100000
2019,6,30,3,30,M,MASCULINO,3,13000000
2019,6,30,3,31,M,FEMENINO,8,14175000
2019,6,30,3,31,M,MASCULINO,8,11880000
2019,6,30,3,32,0,FEMENINO,4,7780000
2019,6,30,3,32,0,MASCULINO,5,18730000
2019,6,30,3,33,C,MASCULINO,2,0
2019,6,30,3,33,M,FEMENINO,2,5085000
2019,6,30,3,33,M,MASCULINO,9,30100000
2019,6,30,3,34,M,FEMENINO,7,9390000
2019,6,30,3,34,M,MASCULINO,9,10710000
2019,6,30,3,35,M,FEMENINO,1,1100000
2019,6,30,3,35,M,MASCULINO,5,12007049
2019,6,30,3,36,M,FEMENINO,1,5000000
2019,6,30,3,36,M,MASCULINO,1,5000000
2019,6,30,3,37,M,FEMENINO,2,6480000
2019,6,30,3,37,M,MASCULINO,1,3000000
2019,6,30,3,39,M,FEMENINO,4,10594815
2019,6,30,3,41,M,MASCULINO,1,2000000
2019,6,30,3,42,M,FEMENINO,7,18039100
2019,6,30,3,42,M,MASCULINO,7,32160730
2019,6,30,3,43,M,FEMENINO,1,140000
2019,6,30,3,43,M,MASCULINO,5,4280000
2019,6,30,3,44,M,FEMENINO,7,10260000
2019,6,30,3,44,M,MASCULINO,6,16630000
2019,6,30,3,45,M,FEMENINO,8,9660764
2019,6,30,3,45,M,MASCULINO,5,5265000
2019,6,30,3,46,0,MASCULINO,2,3900000
2019,6,30,4,47,M,FEMENINO,36,72675420
2019,6,30,4,47,M,MASCULINO,45,115536816
2019,6,30,4,48,M,FEMENINO,2,1905000
2019,6,30,4,48,M,MASCULINO,1,1200000
2019,6,30,4,49,M,FEMENINO,4,17700000
2019,6,30,4,49,M,MASCULINO,4,16800000
2019,6,30,4,50,M,FEMENINO,4,8000000
2019,6,30,4,50,M,MASCULINO,2,4250000
2019,6,30,4,51,M,FEMENINO,1,1650000
2019,6,30,4,51,M,MASCULINO,1,2350000
2019,6,30,4,53,M,MASCULINO,8,17738538
2019,6,30,4,54,M,FEMENINO,1,1350000
2019,6,30,4,54,M,MASCULINO,2,2650000
2019,6,30,4,55,M,FEMENINO,3,4380000
2019,6,30,4,55,M,MASCULINO,3,5030000
2019,6,30,4,56,M,FEMENINO,1,1170000
2019,6,30,4,56,M,MASCULINO,1,1600000
2019,6,30,4,57,M,FEMENINO,2,3450000
2019,6,30,4,57,M,MASCULINO,3,3600000
2019,6,30,4,58,M,MASCULINO,2,1800000
2019,6,30,4,59,M,FEMENINO,1,500000
2019,6,30,4,59,M,MASCULINO,2,1100000
2019,6,30,4,60,X,FEMENINO,1,540000
2019,6,30,4,60,X,MASCULINO,1,700000
2019,6,30,4,61,M,FEMENINO,2,1080000
2019,6,30,4,61,M,MASCULINO,1,540000
2019,6,30,4,62,M,FEMENINO,1,720000
2019,6,30,4,62,M,MASCULINO,2,1220000
2019,6,30,4,63,M,FEMENINO,7,0
2019,6,30,4,63,M,MASCULINO,17,0
2019,6,30,4,234,M,FEMENINO,3,7050000
2019,6,30,4,234,M,MASCULINO,2,8850000
2019,6,30,5,64,M,FEMENINO,27,53259930
2019,6,30,5,64,M,MASCULINO,66,112193280
2019,6,30,5,65,A,MASCULINO,1,13200000
2019,6,30,5,65,B,MASCULINO,2,5220000
2019,6,30,5,65,C,FEMENINO,3,8100000
2019,6,30,5,65,C,MASCULINO,4,9050000
2019,6,30,5,65,D,FEMENINO,1,2880000
2019,6,30,5,65,D,MASCULINO,1,3240000
2019,6,30,5,65,E,FEMENINO,1,2250000
2019,6,30,5,65,E,MASCULINO,3,7650000
2019,6,30,5,65,G,FEMENINO,3,6390000
2019,6,30,5,65,G,MASCULINO,6,12510000
2019,6,30,5,65,L,MASCULINO,1,1800000
2019,6,30,5,65,U,MASCULINO,1,2700000
2019,6,30,5,66,M,FEMENINO,1,1170000
2019,6,30,5,66,M,MASCULINO,3,7260000
2019,6,30,5,67,M,FEMENINO,1,1980000
2019,6,30,5,67,M,MASCULINO,2,1978000
2019,6,30,5,68,M,FEMENINO,1,1170000
2019,6,30,5,68,M,MASCULINO,2,3930328
2019,6,30,5,69,M,FEMENINO,10,24180000
2019,6,30,5,69,M,MASCULINO,14,49980000
2019,6,30,5,70,M,FEMENINO,3,14780000
2019,6,30,5,70,M,MASCULINO,3,6650000
2019,6,30,5,71,M,FEMENINO,2,3150000
2019,6,30,5,71,M,MASCULINO,1,1300000
2019,6,30,5,72,A,MASCULINO,1,2628000
2019,6,30,5,72,D,MASCULINO,3,4716000
2019,6,30,5,73,0,FEMENINO,2,2745000
2019,6,30,5,73,0,MASCULINO,8,17760000
2019,6,30,5,74,M,FEMENINO,1,1530000
2019,6,30,5,74,M,MASCULINO,3,4230000
2019,6,30,5,75,M,FEMENINO,3,5300000
2019,6,30,5,75,M,MASCULINO,8,33632320
2019,6,30,5,76,M,FEMENINO,1,8400000
2019,6,30,5,76,M,MASCULINO,11,91800000
2019,6,30,5,77,M,FEMENINO,2,3330000
2019,6,30,5,77,M,MASCULINO,6,14796185
2019,6,30,5,78,M,FEMENINO,5,5065000
2019,6,30,5,78,M,MASCULINO,6,6300000
2019,6,30,5,79,M,FEMENINO,1,2250000
2019,6,30,5,79,M,MASCULINO,5,17720000
2019,6,30,5,81,M,FEMENINO,2,1500000
2019,6,30,5,81,M,MASCULINO,4,5600000
2019,6,30,5,82,M,FEMENINO,2,3270067
2019,6,30,5,82,M,MASCULINO,1,1530000
2019,6,30,5,83,M,MASCULINO,2,8760203
2019,6,30,5,233,X,FEMENINO,1,5700000
2019,6,30,5,233,X,MASCULINO,2,6220000
2019,6,30,5,243,M,FEMENINO,2,5500000
2019,6,30,5,243,M,MASCULINO,3,4800000
2019,6,30,6,84,M,FEMENINO,6,8540000
2019,6,30,6,84,M,MASCULINO,12,24070000
2019,6,30,6,86,M,FEMENINO,1,0
2019,6,30,6,86,M,MASCULINO,5,0
2019,6,30,6,87,M,MASCULINO,1,0
2019,6,30,6,88,M,MASCULINO,6,7210000
2019,6,30,6,90,M,FEMENINO,4,4050000
2019,6,30,6,90,M,MASCULINO,8,21000000
2019,6,30,6,91,1,FEMENINO,1,1620000
2019,6,30,6,91,1,MASCULINO,2,4620000
2019,6,30,6,92,0,FEMENINO,3,11200000
2019,6,30,6,92,0,MASCULINO,3,5630000
2019,6,30,6,93,M,FEMENINO,9,11750000
2019,6,30,6,93,M,MASCULINO,15,30750000
2019,6,30,6,245,M,MASCULINO,3,4240000
2019,6,30,7,94,M,FEMENINO,79,193836547
2019,6,30,7,94,M,MASCULINO,150,444609324
2019,6,30,7,95,M,FEMENINO,5,11625626
2019,6,30,7,95,M,MASCULINO,9,42766924
2019,6,30,7,96,0,FEMENINO,4,6642000
2019,6,30,7,96,0,MASCULINO,4,21093300
2019,6,30,7,97,M,FEMENINO,5,8995000
2019,6,30,7,97,M,MASCULINO,11,28500000
2019,6,30,7,98,M,FEMENINO,8,20000861
2019,6,30,7,98,M,MASCULINO,5,7814861
2019,6,30,7,99,M,FEMENINO,3,3150000
2019,6,30,7,99,M,MASCULINO,3,5900000
2019,6,30,7,100,M,FEMENINO,8,16197370
2019,6,30,7,100,M,MASCULINO,2,12077500
2019,6,30,7,101,M,MASCULINO,9,30675000
2019,6,30,7,102,M,FEMENINO,1,5755500
2019,6,30,7,102,M,MASCULINO,5,12587000
2019,6,30,7,103,M,FEMENINO,4,7119000
2019,6,30,7,103,M,MASCULINO,8,17994500
2019,6,30,7,104,M,FEMENINO,7,18018000
2019,6,30,7,104,M,MASCULINO,10,26836000
2019,6,30,7,105,M,FEMENINO,5,5850000
2019,6,30,7,105,M,MASCULINO,4,10825000
2019,6,30,7,106,M,FEMENINO,2,2050000
2019,6,30,7,106,M,MASCULINO,5,7000000
2019,6,30,7,107,M,FEMENINO,11,30391650
2019,6,30,7,107,M,MASCULINO,18,65516050
2019,6,30,7,108,M,FEMENINO,2,1650250
2019,6,30,7,108,M,MASCULINO,4,5650000
2019,6,30,7,109,M,FEMENINO,2,2490000
2019,6,30,7,109,M,MASCULINO,1,990000
2019,6,30,7,110,M,FEMENINO,13,38560000
2019,6,30,7,110,M,MASCULINO,20,78450000
2019,6,30,7,111,A,MASCULINO,1,4410000
2019,6,30,7,111,B,FEMENINO,1,2250000
2019,6,30,7,111,B,MASCULINO,2,4050000
2019,6,30,7,111,M,FEMENINO,1,1347500
2019,6,30,7,112,M,FEMENINO,1,1500000
2019,6,30,7,112,M,MASCULINO,3,6900000
2019,6,30,7,113,M,FEMENINO,2,4000000
2019,6,30,7,113,M,MASCULINO,5,19500000
2019,6,30,7,114,M,FEMENINO,2,22950000
2019,6,30,7,114,M,MASCULINO,9,33750000
2019,6,30,7,115,M,FEMENINO,8,17815890
2019,6,30,7,115,M,MASCULINO,3,8302612
2019,6,30,7,116,M,FEMENINO,5,6470000
2019,6,30,7,116,M,MASCULINO,3,14060000
2019,6,30,7,117,M,FEMENINO,5,21800000
2019,6,30,7,117,M,MASCULINO,2,19434132
2019,6,30,7,118,M,MASCULINO,4,11630000
2019,6,30,7,119,M,FEMENINO,2,11064861
2019,6,30,7,119,M,MASCULINO,2,6354757
2019,6,30,7,120,M,FEMENINO,3,4800000
2019,6,30,7,120,M,MASCULINO,3,12700000
2019,6,30,7,121,M,FEMENINO,1,21000000
2019,6,30,7,121,M,MASCULINO,4,9031667
2019,6,30,7,122,A,MASCULINO,1,8842330
2019,6,30,7,122,C,FEMENINO,3,8391459
2019,6,30,7,122,C,MASCULINO,1,1924982
2019,6,30,7,122,E,FEMENINO,1,1588234
2019,6,30,7,122,E,MASCULINO,3,5017393
2019,6,30,7,123,M,FEMENINO,6,11878000
2019,6,30,7,123,M,MASCULINO,4,16032464
2019,6,30,8,124,0,FEMENINO,18,26487825
2019,6,30,8,124,0,MASCULINO,15,26150000
2019,6,30,8,125,C,MASCULINO,1,0
2019,6,30,8,126,M,FEMENINO,8,23101000
2019,6,30,8,126,M,MASCULINO,18,64287000
2019,6,30,8,127,M,FEMENINO,5,6751000
2019,6,30,8,127,M,MASCULINO,3,5726000
2019,6,30,8,129,M,FEMENINO,3,4131000
2019,6,30,8,129,M,MASCULINO,5,5508000
2019,6,30,8,130,M,FEMENINO,4,8550000
2019,6,30,8,130,M,MASCULINO,4,14170000
2019,6,30,8,131,M,FEMENINO,4,8450000
2019,6,30,8,131,M,MASCULINO,3,9600000
2019,6,30,8,132,M,FEMENINO,1,1350000
2019,6,30,8,132,M,MASCULINO,6,9660000
2019,6,30,9,134,M,FEMENINO,19,46416649
2019,6,30,9,134,M,MASCULINO,28,47199650
2019,6,30,9,136,M,FEMENINO,7,13050000
2019,6,30,9,136,M,MASCULINO,11,23695000
2019,6,30,9,137,P,FEMENINO,1,1200000
2019,6,30,9,137,P,MASCULINO,4,6000000
2019,6,30,9,138,M,FEMENINO,9,19796000
2019,6,30,9,138,M,MASCULINO,16,44922000
2019,6,30,9,139,M,FEMENINO,3,3015000
2019,6,30,9,139,M,MASCULINO,2,5076098
2019,6,30,9,140,M,FEMENINO,1,2041123
2019,6,30,9,140,M,MASCULINO,4,13600000
2019,6,30,9,141,M,FEMENINO,5,3240000
2019,6,30,9,141,M,MASCULINO,9,10400000
2019,6,30,9,142,M,FEMENINO,5,6188000
2019,6,30,9,142,M,MASCULINO,2,6070000
2019,6,30,9,143,A,FEMENINO,1,8000000
2019,6,30,9,143,B,MASCULINO,1,1800000
2019,6,30,9,143,C,FEMENINO,2,3580000
2019,6,30,9,143,C,MASCULINO,4,6660000
2019,6,30,9,143,G,FEMENINO,3,3330000
2019,6,30,9,143,G,MASCULINO,5,4680000
2019,6,30,9,144,M,FEMENINO,2,2375000
2019,6,30,9,144,M,MASCULINO,3,3265000
2019,6,30,9,145,M,FEMENINO,1,500000
2019,6,30,9,145,M,MASCULINO,4,9750000
2019,6,30,9,146,M,FEMENINO,5,9150000
2019,6,30,9,146,M,MASCULINO,3,5400000
2019,6,30,9,149,M,FEMENINO,3,6700000
2019,6,30,9,149,M,MASCULINO,5,9045000
2019,6,30,9,150,M,MASCULINO,2,3003000
2019,6,30,10,151,A,MASCULINO,1,10600000
2019,6,30,10,151,B,FEMENINO,15,54037767
2019,6,30,10,151,B,MASCULINO,14,50362500
2019,6,30,10,151,C,FEMENINO,49,124311118
2019,6,30,10,151,C,MASCULINO,70,179783149
2019,6,30,10,151,D,FEMENINO,10,17293821
2019,6,30,10,151,D,MASCULINO,16,27357118
2019,6,30,10,151,E,FEMENINO,18,30562745
2019,6,30,10,151,E,MASCULINO,36,49477239
2019,6,30,10,151,F,FEMENINO,13,18445147
2019,6,30,10,151,F,MASCULINO,30,45127937
2019,6,30,10,151,G,FEMENINO,2,2874840
2019,6,30,10,151,G,MASCULINO,5,6277313
2019,6,30,10,152,B,MASCULINO,2,7400000
2019,6,30,10,152,D,FEMENINO,9,19211063
2019,6,30,10,152,D,MASCULINO,9,21710000
2019,6,30,10,152,F,FEMENINO,8,13739178
2019,6,30,10,152,F,MASCULINO,9,15417746
2019,6,30,10,152,G,FEMENINO,8,11956227
2019,6,30,10,152,G,MASCULINO,17,52144505
2019,6,30,10,152,H,MASCULINO,2,3870000
2019,6,30,10,153,M,FEMENINO,2,2970000
2019,6,30,10,153,M,MASCULINO,2,7200000
2019,6,30,10,154,M,FEMENINO,2,3400000
2019,6,30,10,154,M,MASCULINO,6,19000000
2019,6,30,10,155,A,MASCULINO,1,14240550
2019,6,30,10,155,B,FEMENINO,3,10043334
2019,6,30,10,155,B,MASCULINO,13,48684260
2019,6,30,10,155,D,FEMENINO,16,34489422
2019,6,30,10,155,D,MASCULINO,12,29145702
2019,6,30,10,155,E,FEMENINO,6,10354837
2019,6,30,10,155,E,MASCULINO,11,23785165
2019,6,30,10,155,F,FEMENINO,1,1306667
2019,6,30,10,155,F,MASCULINO,1,1574534
2019,6,30,10,155,G,FEMENINO,13,34104866
2019,6,30,10,155,G,MASCULINO,17,43716854
2019,6,30,10,155,L,FEMENINO,1,2208690
2019,6,30,10,155,L,MASCULINO,1,1464300
2019,6,30,10,156,M,FEMENINO,4,12583260
2019,6,30,10,156,M,MASCULINO,6,29540822
2019,6,30,10,157,M,FEMENINO,4,7500000
2019,6,30,10,157,M,MASCULINO,10,29300000
2019,6,30,10,158,M,FEMENINO,3,4250000
2019,6,30,10,158,M,MASCULINO,3,7950000
2019,6,30,10,159,M,FEMENINO,3,6212528
2019,6,30,10,159,M,MASCULINO,5,21856313
2019,6,30,10,160,M,FEMENINO,7,13902098
2019,6,30,10,160,M,MASCULINO,6,21777871
2019,6,30,10,161,M,FEMENINO,3,5850000
2019,6,30,10,161,M,MASCULINO,8,22846666
2019,6,30,10,162,M,FEMENINO,25,57932106
2019,6,30,10,162,M,MASCULINO,47,129485446
2019,6,30,10,163,M,FEMENINO,3,8800000
2019,6,30,10,163,M,MASCULINO,1,14000000
2019,6,30,10,164,A,MASCULINO,1,14949392
2019,6,30,10,164,B,FEMENINO,5,25572056
2019,6,30,10,164,B,MASCULINO,4,20977277
2019,6,30,10,164,C,FEMENINO,8,30388957
2019,6,30,10,164,C,MASCULINO,7,30395644
2019,6,30,10,164,D,FEMENINO,2,7035490
2019,6,30,10,164,D,MASCULINO,3,10326471
2019,6,30,10,164,F,FEMENINO,7,18692381
2019,6,30,10,164,F,MASCULINO,3,7702940
2019,6,30,10,164,G,FEMENINO,12,30976928
2019,6,30,10,164,G,MASCULINO,49,131619934
2019,6,30,10,165,A,MASCULINO,1,15400000
2019,6,30,10,165,C,FEMENINO,2,6250000
2019,6,30,10,165,C,MASCULINO,2,7550000
2019,6,30,10,165,D,FEMENINO,1,2700000
2019,6,30,10,165,G,MASCULINO,2,8000000
2019,6,30,10,166,M,FEMENINO,6,15506700
2019,6,30,10,166,M,MASCULINO,5,9864000
2019,6,30,10,167,M,FEMENINO,6,9720000
2019,6,30,10,167,M,MASCULINO,8,34580000
2019,6,30,10,168,M,FEMENINO,7,18211416
2019,6,30,10,168,M,MASCULINO,3,21121711
2019,6,30,10,169,M,FEMENINO,7,17170001
2019,6,30,10,169,M,MASCULINO,8,34995000
2019,6,30,10,170,M,FEMENINO,7,19467000
2019,6,30,10,170,M,MASCULINO,6,31080974
2019,6,30,10,240,M,FEMENINO,5,9810000
2019,6,30,10,240,M,MASCULINO,5,15640000
2019,6,30,10,246,M,FEMENINO,1,1980000
2019,6,30,10,246,M,MASCULINO,6,16085000
2019,6,30,11,171,C,FEMENINO,1,0
2019,6,30,11,171,M,FEMENINO,10,10428393
2019,6,30,11,171,M,MASCULINO,17,15902137
2019,6,30,11,172,M,FEMENINO,46,94977511
2019,6,30,11,172,M,MASCULINO,75,187825581
2019,6,30,11,173,A,MASCULINO,1,17579994
2019,6,30,11,173,B,FEMENINO,2,8376600
2019,6,30,11,173,B,MASCULINO,10,38911146
2019,6,30,11,173,C,FEMENINO,19,44775431
2019,6,30,11,173,C,MASCULINO,50,125801555
2019,6,30,11,173,D,FEMENINO,30,58817338
2019,6,30,11,173,D,MASCULINO,65,104935131
2019,6,30,11,173,E,FEMENINO,54,81890409
2019,6,30,11,173,E,MASCULINO,39,66186395
2019,6,30,11,173,F,FEMENINO,30,41967318
2019,6,30,11,173,F,MASCULINO,15,22915548
2019,6,30,11,173,G,FEMENINO,24,33934399
2019,6,30,11,173,G,MASCULINO,25,34527971
2019,6,30,11,174,M,FEMENINO,10,25800000
2019,6,30,11,174,M,MASCULINO,3,16900000
2019,6,30,11,175,M,FEMENINO,3,12800000
2019,6,30,11,175,M,MASCULINO,1,1900000
2019,6,30,11,176,M,FEMENINO,15,24699050
2019,6,30,11,176,M,MASCULINO,24,44302191
2019,6,30,11,177,M,FEMENINO,95,238174015
2019,6,30,11,177,M,MASCULINO,157,519360712
2019,6,30,11,178,M,FEMENINO,41,81647296
2019,6,30,11,178,M,MASCULINO,56,121833060
2019,6,30,11,179,M,FEMENINO,77,158483317
2019,6,30,11,179,M,MASCULINO,111,306736381
2019,6,30,11,180,A,FEMENINO,1,13000000
2019,6,30,11,180,B,FEMENINO,2,3200301
2019,6,30,11,180,B,MASCULINO,2,5462553
2019,6,30,11,180,C,FEMENINO,2,5441200
2019,6,30,11,180,C,MASCULINO,7,18147488
2019,6,30,11,180,D,FEMENINO,34,78549117
2019,6,30,11,180,D,MASCULINO,29,71513809
2019,6,30,11,180,E,FEMENINO,38,72639024
2019,6,30,11,180,E,MASCULINO,42,72516416
2019,6,30,11,180,F,FEMENINO,4,8263764
2019,6,30,11,180,F,MASCULINO,4,7551574
2019,6,30,11,180,G,FEMENINO,11,19124411
2019,6,30,11,180,G,MASCULINO,2,3328232
2019,6,30,11,180,L,FEMENINO,2,3517695
2019,6,30,11,180,L,MASCULINO,6,10553085
2019,6,30,11,180,U,FEMENINO,7,11690000
2019,6,30,11,180,U,MASCULINO,10,16630000
2019,6,30,11,181,M,FEMENINO,2,1833840
2019,6,30,11,181,M,MASCULINO,3,6663352
2019,6,30,11,182,M,FEMENINO,10,32032772
2019,6,30,11,182,M,MASCULINO,17,51277361
2019,6,30,11,183,C,MASCULINO,1,10529900
2019,6,30,11,183,M,FEMENINO,5,15871394
2019,6,30,11,183,M,MASCULINO,10,27134000
2019,6,30,11,184,M,FEMENINO,197,358306740
2019,6,30,11,184,M,MASCULINO,273,530012483
2019,6,30,11,185,M,FEMENINO,65,142063132
2019,6,30,11,185,M,MASCULINO,50,109085370
2019,6,30,11,186,A,MASCULINO,1,13647675
2019,6,30,11,186,B,FEMENINO,1,5803027
2019,6,30,11,186,B,MASCULINO,4,14358561
2019,6,30,11,186,C,FEMENINO,2,9549257
2019,6,30,11,186,E,FEMENINO,4,11693028
2019,6,30,11,186,E,MASCULINO,5,13004537
2019,6,30,11,186,F,FEMENINO,2,4070000
2019,6,30,11,186,G,FEMENINO,4,7504864
2019,6,30,11,186,G,MASCULINO,1,1818957
2019,6,30,11,186,M,FEMENINO,5,16894225
2019,6,30,11,186,M,MASCULINO,5,14385977
2019,6,30,11,187,M,FEMENINO,16,31023737
2019,6,30,11,187,M,MASCULINO,22,47547988
2019,6,30,11,188,M,MASCULINO,2,10000000
2019,6,30,11,189,M,FEMENINO,1,1350000
2019,6,30,11,189,M,MASCULINO,6,14750000
2019,6,30,12,191,M,FEMENINO,5,6210000
2019,6,30,12,191,M,MASCULINO,7,15405000
2019,6,30,12,192,M,FEMENINO,3,2502000
2019,6,30,12,192,M,MASCULINO,3,3330000
2019,6,30,12,193,M,FEMENINO,3,1650000
2019,6,30,12,193,M,MASCULINO,1,1250000
2019,6,30,12,194,M,FEMENINO,3,2195000
2019,6,30,12,194,M,MASCULINO,4,3282552
2019,6,30,12,197,M,FEMENINO,3,4550000
2019,6,30,12,197,M,MASCULINO,2,4300000
2019,6,30,12,199,M,FEMENINO,4,2790000
2019,6,30,12,199,M,MASCULINO,2,1670000
2019,6,30,12,200,M,FEMENINO,1,950000
2019,6,30,12,200,M,MASCULINO,2,1950000
2019,6,30,12,203,M,FEMENINO,3,4520000
2019,6,30,12,203,M,MASCULINO,3,7460000
2019,6,30,12,205,M,MASCULINO,3,2310000
2019,6,30,13,206,A,MASCULINO,1,20411230
2019,6,30,13,206,B,MASCULINO,1,9028910
2019,6,30,13,206,C,FEMENINO,3,17577802
2019,6,30,13,206,C,MASCULINO,12,75225678
2019,6,30,13,206,E,FEMENINO,2,6124431
2019,6,30,13,206,E,MASCULINO,4,17052068
2019,6,30,13,206,F,FEMENINO,11,42145026
2019,6,30,13,206,F,MASCULINO,14,42616938
2019,6,30,13,206,G,FEMENINO,16,37217097
2019,6,30,13,206,G,MASCULINO,35,89850441
2019,6,30,13,207,M,FEMENINO,7,57209100
2019,6,30,13,207,M,MASCULINO,10,51327000
2019,6,30,13,208,M,FEMENINO,12,28680563
2019,6,30,13,208,M,MASCULINO,22,65837042
2019,6,30,13,242,M,FEMENINO,2,4095000
2019,6,30,13,242,M,MASCULINO,4,10300000
2019,6,30,13,250,M,FEMENINO,1,1350000
2019,6,30,13,250,M,MASCULINO,1,3000000
2019,6,30,14,209,M,FEMENINO,2,4145834
2019,6,30,14,209,M,MASCULINO,14,50120334
2019,6,30,14,210,M,FEMENINO,2,3250000
2019,6,30,14,210,M,MASCULINO,4,14650000
2019,6,30,14,211,M,FEMENINO,3,12721152
2019,6,30,14,211,M,MASCULINO,6,22816860
2019,6,30,14,212,0,MASCULINO,3,5650000
2019,6,30,14,213,M,FEMENINO,1,1845000
2019,6,30,14,213,M,MASCULINO,7,14600000
2019,6,30,14,214,M,MASCULINO,4,4300000
2019,6,30,14,215,M,FEMENINO,1,1530000
2019,6,30,14,215,M,MASCULINO,3,10360000
2019,6,30,14,216,M,FEMENINO,3,6260000
2019,6,30,14,216,M,MASCULINO,11,36850000
2019,6,30,14,217,M,FEMENINO,6,15480000
2019,6,30,14,217,M,MASCULINO,6,30870000
2019,6,30,14,218,M,FEMENINO,7,16579998
2019,6,30,14,218,M,MASCULINO,4,18789502
2019,6,30,14,219,A,MASCULINO,1,21125620
2019,6,30,14,219,C,FEMENINO,1,2700000
2019,6,30,14,219,C,MASCULINO,1,3150000
2019,6,30,14,219,D,FEMENINO,7,16065000
2019,6,30,14,219,D,MASCULINO,4,10945000
2019,6,30,14,219,G,FEMENINO,1,1800000
2019,6,30,14,244,M,FEMENINO,2,3340000
2019,6,30,14,244,M,MASCULINO,10,17720000
2019,6,30,14,247,M,MASCULINO,5,7490300
2019,6,30,14,251,M,FEMENINO,8,10200000
2019,6,30,14,251,M,MASCULINO,4,11000000
2019,6,30,14,255,M,FEMENINO,1,1300000
2019,6,30,14,255,M,MASCULINO,4,9900000
2019,6,30,15,220,M,FEMENINO,9,11041061
2019,6,30,15,220,M,MASCULINO,11,33194809
2019,6,30,15,221,M,FEMENINO,3,3666959
2019,6,30,15,221,M,MASCULINO,3,12428250
2019,6,30,15,222,0,MASCULINO,1,2080000
2019,6,30,15,222,A,MASCULINO,1,3870000
2019,6,30,15,222,M,FEMENINO,43,80890158
2019,6,30,15,222,M,MASCULINO,54,124742059
2019,6,30,15,223,M,FEMENINO,1,1800000
2019,6,30,15,223,M,MASCULINO,3,6200000
2019,6,30,15,224,M,FEMENINO,19,44676021
2019,6,30,15,224,M,MASCULINO,15,24361821
2019,6,30,15,229,M,FEMENINO,2,5250000
2019,6,30,15,229,M,MASCULINO,5,22151126
2019,6,30,15,232,M,FEMENINO,2,3600000
2019,6,30,15,232,M,MASCULINO,2,9115000
2019,6,30,15,233,M,FEMENINO,1,1900000
2019,6,30,15,233,M,MASCULINO,6,14900000
2019,6,30,16,228,M,FEMENINO,2,7400000
2019,6,30,16,228,M,MASCULINO,8,52490000
2019,6,30,16,230,M,MASCULINO,5,46934910
2019,6,30,16,231,M,FEMENINO,5,21263776
2019,6,30,16,231,M,MASCULINO,7,41865830
2019,6,30,17,225,M,FEMENINO,3,8500000
2019,6,30,17,225,M,MASCULINO,8,29800000
2019,6,30,17,226,M,FEMENINO,5,18200000
2019,6,30,17,226,M,MASCULINO,4,8700000
2019,6,30,17,227,M,FEMENINO,7,13400000
2019,6,30,17,227,M,MASCULINO,12,30900000
2019,6,40,1,1,C,FEMENINO,1215,4130314023
2019,6,40,1,1,C,MASCULINO,2188,8067994817
2019,6,40,2,1,B,FEMENINO,21,272853000
2019,6,40,2,1,B,MASCULINO,46,596685000
2019,6,40,2,1,C,FEMENINO,46,416078000
2019,6,40,2,1,C,MASCULINO,96,869939000
2019,6,40,2,1,D,FEMENINO,74,529974000
2019,6,40,2,1,D,MASCULINO,164,1168004000
2019,6,40,2,1,E,FEMENINO,18,107595000
2019,6,40,2,1,E,MASCULINO,60,328483000
2019,6,40,2,1,F,FEMENINO,92,396720000
2019,6,40,2,1,F,MASCULINO,211,903578914
2019,6,40,2,1,G,FEMENINO,30,101909000
2019,6,40,2,1,G,MASCULINO,515,1748533000
2019,6,40,2,1,H,FEMENINO,61,175656000
2019,6,40,2,1,H,MASCULINO,435,1317743064
2019,6,40,2,1,I,FEMENINO,107,254232000
2019,6,40,2,1,I,MASCULINO,70,163944000
2019,6,40,3,1,0,FEMENINO,44,111503632
2019,6,40,3,1,0,MASCULINO,99,220007576
2020,6,11,1,1,A,FEMENINO,32,223100000
2020,6,11,1,1,A,MASCULINO,38,282000000
2020,6,11,1,1,B,FEMENINO,31,392200000
2020,6,11,1,1,B,MASCULINO,30,402500000
2020,6,11,1,1,C,FEMENINO,26,214500000
2020,6,11,1,1,C,MASCULINO,29,247600000
2020,6,11,1,1,D,FEMENINO,39,280520000
2020,6,11,1,1,D,MASCULINO,35,258500000
2020,6,11,1,1,E,FEMENINO,3,18500000
2020,6,11,1,1,E,MASCULINO,3,22700000
2020,6,11,1,1,F,FEMENINO,97,333456500
2020,6,11,1,1,F,MASCULINO,170,603780000
2020,6,11,2,1,A,FEMENINO,25,187300000
2020,6,11,2,1,A,MASCULINO,43,380700000
2020,6,11,2,1,B,FEMENINO,77,1020000000
2020,6,11,2,1,B,MASCULINO,68,933900000
2020,6,11,2,1,C,FEMENINO,64,595710000
2020,6,11,2,1,C,MASCULINO,77,700650000
2020,6,11,2,1,D,FEMENINO,35,229500000
2020,6,11,2,1,D,MASCULINO,50,325900000
2020,6,11,2,1,E,FEMENINO,5,30000000
2020,6,11,2,1,E,MASCULINO,6,34500000
2020,6,11,2,1,F,FEMENINO,99,399753550
2020,6,11,2,1,F,MASCULINO,161,643605839
2020,6,11,2,1,G,FEMENINO,1,3000000
2020,6,11,2,1,G,MASCULINO,1,3000000
2020,6,11,3,1,A,FEMENINO,86,688500000
2020,6,11,3,1,A,MASCULINO,138,1311900000
2020,6,11,3,1,B,FEMENINO,46,628700000
2020,6,11,3,1,B,MASCULINO,44,630500000
2020,6,11,3,1,C,FEMENINO,124,942733200
2020,6,11,3,1,C,MASCULINO,173,1405394800
2020,6,11,3,1,D,FEMENINO,187,1263660500
2020,6,11,3,1,D,MASCULINO,191,1291849600
2020,6,11,3,1,E,FEMENINO,35,147500000
2020,6,11,3,1,E,MASCULINO,50,182559000
2020,6,11,3,1,F,FEMENINO,128,450400000
2020,6,11,3,1,F,MASCULINO,115,401300000
2020,6,11,3,1,G,MASCULINO,3,9392839
2020,6,12,1,1,A,FEMENINO,5,66500000
2020,6,12,1,1,A,MASCULINO,10,202500000
2020,6,12,1,1,B,FEMENINO,9,117000000
2020,6,12,1,1,B,MASCULINO,5,63600000
2020,6,12,1,1,C,FEMENINO,16,116900000
2020,6,12,1,1,C,MASCULINO,27,201100000
2020,6,12,1,1,D,FEMENINO,19,86800000
2020,6,12,1,1,D,MASCULINO,13,57300000
2020,6,12,1,1,E,FEMENINO,10,34200000
2020,6,12,1,1,E,MASCULINO,14,49500000
2020,6,12,1,1,F,FEMENINO,3,6600000
2020,6,12,1,1,F,MASCULINO,4,8800000
2020,6,12,1,1,G,FEMENINO,26,74292839
2020,6,12,1,1,G,MASCULINO,41,120449873
2020,6,12,1,2,A,MASCULINO,1,22000000
2020,6,12,1,2,C,FEMENINO,1,6000000
2020,6,12,1,2,C,MASCULINO,2,16300000
2020,6,12,1,2,D,FEMENINO,5,25100000
2020,6,12,1,2,D,MASCULINO,2,11800000
2020,6,12,1,2,E,FEMENINO,1,2400000
2020,6,12,1,2,E,MASCULINO,5,15100000
2020,6,12,1,2,G,FEMENINO,3,8900000
2020,6,12,1,2,G,MASCULINO,4,11000000
2020,6,12,1,5,A,FEMENINO,2,19600000
2020,6,12,1,5,A,MASCULINO,3,44400000
2020,6,12,1,5,B,FEMENINO,16,153346667
2020,6,12,1,5,B,MASCULINO,12,124300000
2020,6,12,1,5,C,FEMENINO,19,106800000
2020,6,12,1,5,C,MASCULINO,21,109500000
2020,6,12,1,5,D,FEMENINO,13,49400000
2020,6,12,1,5,D,MASCULINO,14,53453333
2020,6,12,1,5,E,MASCULINO,2,6856000
2020,6,12,1,5,F,FEMENINO,13,34600000
2020,6,12,1,5,F,MASCULINO,19,50808000
2020,6,12,1,5,G,FEMENINO,1,2600000
2020,6,12,1,5,G,MASCULINO,3,8700000
2020,6,12,1,6,A,FEMENINO,1,22000000
2020,6,12,1,6,B,FEMENINO,17,195400000
2020,6,12,1,6,B,MASCULINO,8,89300000
2020,6,12,1,6,C,FEMENINO,20,154900000
2020,6,12,1,6,C,MASCULINO,7,57900000
2020,6,12,1,6,D,FEMENINO,6,24100000
2020,6,12,1,6,D,MASCULINO,9,35000000
2020,6,12,1,6,E,FEMENINO,2,6200000
2020,6,12,1,6,E,MASCULINO,3,9200000
2020,6,12,1,7,B,FEMENINO,5,53400000
2020,6,12,1,7,B,MASCULINO,6,63600000
2020,6,12,1,7,C,FEMENINO,24,164800000
2020,6,12,1,7,C,MASCULINO,16,99700000
2020,6,12,1,7,D,FEMENINO,12,48300000
2020,6,12,1,7,D,MASCULINO,10,44400000
2020,6,12,1,7,E,FEMENINO,5,14800000
2020,6,12,1,7,E,MASCULINO,9,27400000
2020,6,12,1,7,F,FEMENINO,2,5800000
2020,6,12,1,7,F,MASCULINO,4,10400000
2020,6,12,1,7,G,FEMENINO,3,9000000
2020,6,12,1,7,G,MASCULINO,1,3200000
2020,6,12,1,11,A,FEMENINO,2,30000000
2020,6,12,1,11,A,MASCULINO,1,22000000
2020,6,12,1,11,B,FEMENINO,13,113700000
2020,6,12,1,11,B,MASCULINO,20,182200000
2020,6,12,1,11,C,FEMENINO,25,140100000
2020,6,12,1,11,C,MASCULINO,20,118500000
2020,6,12,1,11,D,FEMENINO,14,59800000
2020,6,12,1,11,D,MASCULINO,16,71900000
2020,6,12,1,11,E,FEMENINO,19,58900000
2020,6,12,1,11,E,MASCULINO,24,76500000
2020,6,12,1,11,F,MASCULINO,1,2600000
2020,6,12,1,11,G,FEMENINO,1,2900000
2020,6,12,1,11,G,MASCULINO,1,2900000
2020,6,12,1,11,K,FEMENINO,42,156715200
2020,6,12,1,11,K,MASCULINO,166,685788900
2020,6,12,1,12,A,MASCULINO,1,22000000
2020,6,12,1,12,B,FEMENINO,1,9400000
2020,6,12,1,12,B,MASCULINO,9,84600000
2020,6,12,1,14,A,MASCULINO,1,22000000
2020,6,12,1,14,B,FEMENINO,13,136500000
2020,6,12,1,14,B,MASCULINO,14,155000000
2020,6,12,1,14,C,FEMENINO,10,62300000
2020,6,12,1,14,C,MASCULINO,8,48100000
2020,6,12,1,14,D,FEMENINO,4,20200000
2020,6,12,1,14,D,MASCULINO,8,40900000
2020,6,12,1,14,E,FEMENINO,4,12000000
2020,6,12,1,14,E,MASCULINO,5,15600000
2020,6,12,1,15,A,FEMENINO,15,132000000
2020,6,12,1,15,A,MASCULINO,34,307000000
2020,6,12,1,15,B,FEMENINO,10,90700000
2020,6,12,1,15,B,MASCULINO,5,50800000
2020,6,12,1,15,C,FEMENINO,2,15700000
2020,6,12,1,15,C,MASCULINO,2,14500000
2020,6,12,1,15,D,FEMENINO,20,89600000
2020,6,12,1,15,D,MASCULINO,14,62700000
2020,6,12,1,15,E,FEMENINO,4,11200000
2020,6,12,1,15,E,MASCULINO,3,10300000
2020,6,12,1,15,F,FEMENINO,2,6100000
2020,6,12,1,15,F,MASCULINO,2,7000000
2020,6,12,1,15,G,MASCULINO,4,9778517
2020,6,12,1,17,A,MASCULINO,1,22000000
2020,6,12,1,17,B,FEMENINO,1,6900000
2020,6,12,1,17,B,MASCULINO,5,33400000
2020,6,12,1,17,C,FEMENINO,8,44300000
2020,6,12,1,17,C,MASCULINO,7,33000000
2020,6,12,1,17,D,FEMENINO,4,16400000
2020,6,12,1,17,D,MASCULINO,2,8000000
2020,6,12,1,17,E,FEMENINO,5,13600000
2020,6,12,1,17,E,MASCULINO,8,20192839
2020,6,12,1,17,F,FEMENINO,1,3000000
2020,6,12,1,17,F,MASCULINO,3,7385678
2020,6,12,1,17,G,MASCULINO,3,8992839
2020,6,12,1,18,A,FEMENINO,2,32700000
2020,6,12,1,18,B,FEMENINO,13,132200000
2020,6,12,1,18,B,MASCULINO,3,35500000
2020,6,12,1,18,C,FEMENINO,45,284900000
2020,6,12,1,18,C,MASCULINO,17,107700000
2020,6,12,1,18,D,FEMENINO,12,37585678
2020,6,12,1,18,D,MASCULINO,2,5400000
2020,6,12,1,18,E,FEMENINO,9,23378517
2020,6,12,1,18,E,MASCULINO,4,8778517
2020,6,12,1,18,F,FEMENINO,18,45335551
2020,6,12,1,18,F,MASCULINO,25,57463941
2020,6,12,1,20,A,MASCULINO,1,22000000
2020,6,12,1,20,B,FEMENINO,12,125700000
2020,6,12,1,20,B,MASCULINO,11,116600000
2020,6,12,1,20,C,FEMENINO,17,116400000
2020,6,12,1,20,C,MASCULINO,19,138600000
2020,6,12,1,20,D,MASCULINO,1,4200000
2020,6,12,1,20,E,FEMENINO,1,3000000
2020,6,12,1,20,E,MASCULINO,1,2800000
2020,6,12,1,20,G,FEMENINO,1,2400000
2020,6,12,1,20,G,MASCULINO,3,7200000
2020,6,12,1,21,A,MASCULINO,1,22000000
2020,6,12,1,21,B,FEMENINO,7,60700000
2020,6,12,1,21,B,MASCULINO,15,129700000
2020,6,12,1,21,C,FEMENINO,27,140600000
2020,6,12,1,21,C,MASCULINO,14,69800000
2020,6,12,1,21,D,FEMENINO,21,84400000
2020,6,12,1,21,D,MASCULINO,10,44100000
2020,6,12,1,21,E,FEMENINO,11,39100000
2020,6,12,1,21,E,MASCULINO,12,38900000
2020,6,12,1,21,F,FEMENINO,27,66100000
2020,6,12,1,21,F,MASCULINO,19,46000000
2020,6,12,1,21,G,FEMENINO,7,17400000
2020,6,12,1,21,G,MASCULINO,6,16500000
2020,6,12,1,23,A,FEMENINO,1,22000000
2020,6,12,1,23,B,FEMENINO,3,31800000
2020,6,12,1,23,B,MASCULINO,3,31800000
2020,6,12,1,23,C,FEMENINO,7,45200000
2020,6,12,1,23,C,MASCULINO,23,170200000
2020,6,12,1,23,D,FEMENINO,6,29000000
2020,6,12,1,23,D,MASCULINO,5,26000000
2020,6,12,1,23,E,MASCULINO,2,5400000
2020,6,12,1,23,F,FEMENINO,3,10400000
2020,6,12,1,23,F,MASCULINO,4,11200000
2020,6,12,1,23,G,FEMENINO,6,18192839
2020,6,12,1,23,G,MASCULINO,15,44585678
2020,6,12,1,29,A,FEMENINO,1,22000000
2020,6,12,1,29,B,FEMENINO,2,14800000
2020,6,12,1,29,B,MASCULINO,2,14800000
2020,6,12,1,29,C,FEMENINO,6,29000000
2020,6,12,1,29,C,MASCULINO,3,15000000
2020,6,12,1,29,D,FEMENINO,6,24260000
2020,6,12,1,29,D,MASCULINO,7,27980000
2020,6,12,1,29,E,FEMENINO,1,3000000
2020,6,12,1,29,E,MASCULINO,1,3600000
2020,6,12,1,29,G,FEMENINO,3,6600000
2020,6,12,1,29,G,MASCULINO,6,11900000
2020,6,12,1,30,A,FEMENINO,3,15600000
2020,6,12,1,30,A,MASCULINO,2,27200000
2020,6,12,1,30,B,FEMENINO,5,56500000
2020,6,12,1,30,B,MASCULINO,4,45200000
2020,6,12,1,30,C,FEMENINO,14,78700000
2020,6,12,1,30,C,MASCULINO,20,134700000
2020,6,12,1,30,D,FEMENINO,20,83200000
2020,6,12,1,30,D,MASCULINO,11,46900000
2020,6,12,1,30,E,FEMENINO,22,67900000
2020,6,12,1,30,E,MASCULINO,26,85400000
2020,6,12,1,30,F,FEMENINO,15,46500000
2020,6,12,1,30,F,MASCULINO,17,56000000
2020,6,12,1,30,G,FEMENINO,13,37692839
2020,6,12,1,30,G,MASCULINO,32,84864195
2020,6,12,1,30,L,FEMENINO,2,4005400
2020,6,12,1,30,S,FEMENINO,93,380444278
2020,6,12,1,30,S,MASCULINO,32,142900000
2020,6,12,1,30,Z,FEMENINO,5,7949152
2020,6,12,1,36,A,FEMENINO,2,18800000
2020,6,12,1,36,A,MASCULINO,2,31400000
2020,6,12,1,36,B,FEMENINO,4,49000000
2020,6,12,1,36,B,MASCULINO,7,73600000
2020,6,12,1,36,C,FEMENINO,13,97266667
2020,6,12,1,36,C,MASCULINO,8,60200000
2020,6,12,1,36,D,FEMENINO,4,18800000
2020,6,12,1,36,D,MASCULINO,4,15900000
2020,6,12,1,36,E,FEMENINO,2,5200000
2020,6,12,1,36,E,MASCULINO,6,20900000
2020,6,12,1,36,G,FEMENINO,1,2900000
2020,6,12,1,36,G,MASCULINO,1,2300000
2020,6,12,1,38,B,FEMENINO,15,110800000
2020,6,12,1,38,B,MASCULINO,4,28800000
2020,6,12,1,38,C,FEMENINO,6,37600000
2020,6,12,1,38,C,MASCULINO,6,36000000
2020,6,12,1,38,D,MASCULINO,3,14300000
2020,6,12,1,38,G,FEMENINO,1,2192839
2020,6,12,1,38,G,MASCULINO,1,2192839
2020,6,12,1,40,A,FEMENINO,1,22000000
2020,6,12,1,40,B,FEMENINO,6,46500000
2020,6,12,1,40,B,MASCULINO,1,5500000
2020,6,12,1,40,C,FEMENINO,1,6500000
2020,6,12,1,40,C,MASCULINO,4,25000000
2020,6,12,1,40,D,FEMENINO,5,21300000
2020,6,12,1,40,D,MASCULINO,4,15500000
2020,6,12,1,40,E,FEMENINO,1,2400000
2020,6,12,1,40,F,FEMENINO,2,5000000
2020,6,12,1,40,F,MASCULINO,3,7192839
2020,6,12,1,40,G,MASCULINO,2,4892839
2020,6,12,1,50,A,MASCULINO,1,22000000
2020,6,12,1,50,B,FEMENINO,1,6000000
2020,6,12,1,50,B,MASCULINO,7,56000000
2020,6,12,1,51,A,MASCULINO,1,22000000
2020,6,12,1,51,B,FEMENINO,3,20000000
2020,6,12,1,51,B,MASCULINO,5,41000000
2020,6,12,1,51,C,FEMENINO,1,6000000
2020,6,12,1,51,D,FEMENINO,1,3900000
2020,6,12,1,51,D,MASCULINO,1,2900000
2020,6,12,1,51,E,FEMENINO,1,2800000
2020,6,12,1,51,E,MASCULINO,2,4912562
2020,6,12,1,51,G,FEMENINO,3,6337686
2020,6,12,1,51,G,MASCULINO,1,2400000
2020,6,12,1,53,A,MASCULINO,1,22000000
2020,6,12,1,53,B,FEMENINO,4,50300000
2020,6,12,1,53,B,MASCULINO,3,35600000
2020,6,12,1,53,C,FEMENINO,1,7600000
2020,6,12,1,53,C,MASCULINO,2,15200000
2020,6,12,1,53,D,FEMENINO,1,5100000
2020,6,12,1,54,A,FEMENINO,1,22000000
2020,6,12,1,54,A,MASCULINO,1,15000000
2020,6,12,1,54,B,FEMENINO,1,12200000
2020,6,12,1,54,B,MASCULINO,2,26000000
2020,6,12,1,54,C,FEMENINO,1,9500000
2020,6,12,1,54,C,MASCULINO,1,9500000
2020,6,12,1,54,D,FEMENINO,1,3100000
2020,6,12,2,1,A,MASCULINO,4,70500000
2020,6,12,2,1,B,FEMENINO,5,53800000
2020,6,12,2,1,B,MASCULINO,8,87200000
2020,6,12,2,1,C,FEMENINO,5,37500000
2020,6,12,2,1,C,MASCULINO,4,29200000
2020,6,12,2,1,D,FEMENINO,4,18700000
2020,6,12,2,1,D,MASCULINO,4,22376000
2020,6,12,2,1,E,FEMENINO,3,12000000
2020,6,12,2,1,E,MASCULINO,3,12200000
2020,6,12,2,1,F,FEMENINO,4,14300000
2020,6,12,2,1,F,MASCULINO,5,19400000
2020,6,12,2,1,G,FEMENINO,9,26485678
2020,6,12,2,1,G,MASCULINO,14,41285678
2020,6,12,3,1,A,MASCULINO,3,52000000
2020,6,12,3,1,B,FEMENINO,10,110100000
2020,6,12,3,1,B,MASCULINO,22,241700000
2020,6,12,3,1,C,FEMENINO,34,265000000
2020,6,12,3,1,C,MASCULINO,33,247360000
2020,6,12,3,1,D,FEMENINO,66,306800000
2020,6,12,3,1,D,MASCULINO,73,354200000
2020,6,12,3,1,E,FEMENINO,41,139600000
2020,6,12,3,1,E,MASCULINO,87,292044000
2020,6,12,3,1,F,FEMENINO,22,65100000
2020,6,12,3,1,F,MASCULINO,32,96100000
2020,6,12,3,1,G,FEMENINO,7,20900000
2020,6,12,3,1,G,MASCULINO,29,87092839
2020,6,12,3,2,C,FEMENINO,1,4000000
2020,6,12,3,2,D,FEMENINO,6,22800000
2020,6,12,3,2,D,MASCULINO,2,7900000
2020,6,12,3,2,E,FEMENINO,449,1248171356
2020,6,12,3,2,E,MASCULINO,230,640871356
2020,6,12,3,2,G,FEMENINO,552,1396113814
2020,6,12,3,2,G,MASCULINO,240,613921229
2020,6,12,3,2,L,FEMENINO,110,116579760
2020,6,12,3,2,L,MASCULINO,203,190289880
2020,6,12,3,2,P,FEMENINO,3284,15600295435
2020,6,12,3,2,P,MASCULINO,20620,109053393700
2020,6,12,3,2,S,FEMENINO,75,261794200
2020,6,12,3,2,S,MASCULINO,28,101866700
2020,6,12,3,2,Y,FEMENINO,514,201960564
2020,6,12,3,2,Y,MASCULINO,2150,777909990
2020,6,12,3,2,Z,FEMENINO,7,3655400
2020,6,12,3,2,Z,MASCULINO,11,5527200
2020,6,12,4,1,A,MASCULINO,3,52000000
2020,6,12,4,1,B,FEMENINO,118,1214300000
2020,6,12,4,1,B,MASCULINO,159,1704400000
2020,6,12,4,1,C,FEMENINO,15,113400000
2020,6,12,4,1,C,MASCULINO,21,149800000
2020,6,12,4,1,D,FEMENINO,46,181500000
2020,6,12,4,1,D,MASCULINO,43,182126667
2020,6,12,4,1,E,FEMENINO,40,124700000
2020,6,12,4,1,E,MASCULINO,66,185000000
2020,6,12,4,1,F,FEMENINO,8,26700000
2020,6,12,4,1,F,MASCULINO,12,38100000
2020,6,12,4,1,G,FEMENINO,15,43664195
2020,6,12,4,1,G,MASCULINO,35,104114068
2020,6,12,5,1,A,FEMENINO,1,15000000
2020,6,12,5,1,A,MASCULINO,8,85100000
2020,6,12,5,1,B,FEMENINO,20,139300000
2020,6,12,5,1,B,MASCULINO,23,167700000
2020,6,12,5,1,D,FEMENINO,155,576400000
2020,6,12,5,1,D,MASCULINO,145,543700000
2020,6,12,5,1,E,FEMENINO,298,953800000
2020,6,12,5,1,E,MASCULINO,560,1777500000
2020,6,12,5,1,F,FEMENINO,54,175900000
2020,6,12,5,1,F,MASCULINO,111,365900000
2020,6,12,5,1,G,FEMENINO,311,809100000
2020,6,12,5,1,G,MASCULINO,576,1496500000
2020,6,12,5,1,M,FEMENINO,1312,6150886232
2020,6,12,5,1,M,MASCULINO,12757,60516312224
2020,6,12,5,1,S,FEMENINO,131,432115200
2020,6,12,5,1,S,MASCULINO,17,63718800
2020,6,12,5,1,Y,FEMENINO,113,49009974
2020,6,12,5,1,Y,MASCULINO,4300,1147048918
2020,6,12,5,1,Z,FEMENINO,72,127593715
2020,6,12,5,1,Z,MASCULINO,264,290472500
2020,6,12,6,1,A,MASCULINO,4,67000000
2020,6,12,6,1,B,FEMENINO,13,169000000
2020,6,12,6,1,B,MASCULINO,21,273000000
2020,6,12,6,1,C,FEMENINO,150,1279300000
2020,6,12,6,1,C,MASCULINO,226,1985596667
2020,6,12,6,1,D,FEMENINO,482,2211100000
2020,6,12,6,1,D,MASCULINO,611,2788000000
2020,6,12,6,1,E,FEMENINO,87,251685424
2020,6,12,6,1,E,MASCULINO,153,446099492
2020,6,12,6,1,F,FEMENINO,20,60200000
2020,6,12,6,1,F,MASCULINO,25,78200000
2020,6,12,7,1,A,FEMENINO,2,9600000
2020,6,12,7,1,A,MASCULINO,8,83100000
2020,6,12,7,1,B,FEMENINO,49,490000000
2020,6,12,7,1,B,MASCULINO,30,297200000
2020,6,12,7,1,C,FEMENINO,52,370200000
2020,6,12,7,1,C,MASCULINO,45,303200000
2020,6,12,7,1,D,FEMENINO,492,1778277000
2020,6,12,7,1,D,MASCULINO,364,1472900000
2020,6,12,7,1,E,FEMENINO,227,673799746
2020,6,12,7,1,E,MASCULINO,230,693799746
2020,6,12,7,1,F,FEMENINO,8,21692839
2020,6,12,7,1,F,MASCULINO,4,11892839
2020,6,12,7,1,G,FEMENINO,1780,4031750479
2020,6,12,7,1,G,MASCULINO,932,2119971659
2020,6,12,7,1,L,FEMENINO,37891,172376224475
2020,6,12,7,1,L,MASCULINO,15347,67579045846
2020,6,12,7,1,Z,FEMENINO,21129,84470865419
2020,6,12,7,1,Z,MASCULINO,13012,53338844117
2020,6,12,8,1,A,MASCULINO,2,37000000
2020,6,12,8,1,B,FEMENINO,51,535288000
2020,6,12,8,1,B,MASCULINO,56,579484000
2020,6,12,8,1,C,FEMENINO,313,2395290000
2020,6,12,8,1,C,MASCULINO,275,2132700000
2020,6,12,8,1,D,FEMENINO,859,4437628000
2020,6,12,8,1,D,MASCULINO,967,5071820000
2020,6,12,8,1,E,FEMENINO,299,1227002000
2020,6,12,8,1,E,MASCULINO,286,1217500000
2020,6,12,8,1,F,FEMENINO,1278,4215098000
2020,6,12,8,1,F,MASCULINO,1379,4704302000
2020,6,12,8,1,G,FEMENINO,1267,3294454000
2020,6,12,8,1,G,MASCULINO,727,1975636000
2020,6,12,8,1,S,FEMENINO,13840,67775942452
2020,6,12,8,1,S,MASCULINO,4634,29896214992
2020,6,12,9,1,A,FEMENINO,1,22000000
2020,6,12,9,1,A,MASCULINO,2,30000000
2020,6,12,9,1,B,FEMENINO,14,110900000
2020,6,12,9,1,B,MASCULINO,49,357900000
2020,6,12,9,1,C,FEMENINO,17,115600000
2020,6,12,9,1,C,MASCULINO,17,142100000
2020,6,12,9,1,D,FEMENINO,237,926500000
2020,6,12,9,1,D,MASCULINO,596,2275539999
2020,6,12,9,1,E,FEMENINO,407,1081505129
2020,6,12,9,1,E,MASCULINO,593,1639205129
2020,6,12,9,1,F,FEMENINO,46,118385678
2020,6,12,9,1,F,MASCULINO,121,276292839
2020,6,12,9,1,G,FEMENINO,101,247234535
2020,6,12,9,1,G,MASCULINO,93,236327374
2020,6,12,9,1,S,FEMENINO,115,485914032
2020,6,12,9,1,S,MASCULINO,66,300190644
2020,6,12,10,1,A,FEMENINO,1,7800000
2020,6,12,10,1,A,MASCULINO,3,50000000
2020,6,12,10,1,B,FEMENINO,9,83800000
2020,6,12,10,1,B,MASCULINO,17,177900000
2020,6,12,10,1,C,FEMENINO,46,331700000
2020,6,12,10,1,C,MASCULINO,64,475700000
2020,6,12,10,1,D,FEMENINO,311,1293857034
2020,6,12,10,1,D,MASCULINO,362,1524549873
2020,6,12,10,1,E,FEMENINO,85,244371356
2020,6,12,10,1,E,MASCULINO,183,522657034
2020,6,12,10,1,F,FEMENINO,174,477642204
2020,6,12,10,1,F,MASCULINO,251,709084813
2020,6,12,10,1,G,FEMENINO,38,86892331
2020,6,12,10,1,G,MASCULINO,115,275006145
2020,6,12,11,1,A,FEMENINO,1,22000000
2020,6,12,11,1,A,MASCULINO,3,45000000
2020,6,12,11,1,B,FEMENINO,20,182200000
2020,6,12,11,1,B,MASCULINO,39,374400000
2020,6,12,11,1,C,FEMENINO,11,79700000
2020,6,12,11,1,C,MASCULINO,18,149600000
2020,6,12,11,1,D,FEMENINO,44,203800000
2020,6,12,11,1,D,MASCULINO,51,226800000
2020,6,12,11,1,E,FEMENINO,11,48000000
2020,6,12,11,1,E,MASCULINO,19,72100000
2020,6,12,11,1,F,FEMENINO,34,114200000
2020,6,12,11,1,F,MASCULINO,42,136700000
2020,6,12,11,1,G,FEMENINO,12,34800000
2020,6,12,11,1,G,MASCULINO,16,47800000
2020,6,12,11,1,S,FEMENINO,1,2540400
2020,6,12,13,1,A,MASCULINO,4,67000000
2020,6,12,13,1,B,FEMENINO,8,104000000
2020,6,12,13,1,B,MASCULINO,17,221000000
2020,6,12,13,1,C,FEMENINO,114,959300000
2020,6,12,13,1,C,MASCULINO,251,2142700000
2020,6,12,13,1,D,FEMENINO,190,821300000
2020,6,12,13,1,D,MASCULINO,299,1273200000
2020,6,12,13,1,E,FEMENINO,97,280264195
2020,6,12,13,1,E,MASCULINO,509,1547699746
2020,6,12,13,1,F,FEMENINO,91,257135551
2020,6,12,13,1,F,MASCULINO,338,983592077
2020,6,12,13,1,G,FEMENINO,117,292763433
2020,6,12,13,1,G,MASCULINO,599,1612823818
2020,6,12,13,1,I,FEMENINO,100,255153306
2020,6,12,13,1,I,MASCULINO,422,1611408465
2020,6,12,14,1,A,FEMENINO,5,77000000
2020,6,12,14,1,B,FEMENINO,24,206100000
2020,6,12,14,1,B,MASCULINO,2,14500000
2020,6,12,14,1,C,FEMENINO,7,38300000
2020,6,12,14,1,D,FEMENINO,24,101300000
2020,6,12,14,1,D,MASCULINO,3,12800000
2020,6,12,14,1,E,FEMENINO,2,7300000
2020,6,12,14,1,E,MASCULINO,2,8000000
2020,6,12,14,1,F,FEMENINO,5,14000000
2020,6,12,14,1,F,MASCULINO,1,2800000
2020,6,12,14,1,G,FEMENINO,5,11985678
2020,6,12,14,1,G,MASCULINO,4,9892839
2020,6,12,16,1,A,FEMENINO,1,22000000
2020,6,12,16,1,A,MASCULINO,2,30000000
2020,6,12,16,1,B,FEMENINO,43,423600000
2020,6,12,16,1,B,MASCULINO,34,310800000
2020,6,12,16,1,C,FEMENINO,75,563200000
2020,6,12,16,1,C,MASCULINO,48,353300000
2020,6,12,16,1,D,FEMENINO,150,635350000
2020,6,12,16,1,D,MASCULINO,124,547600000
2020,6,12,16,1,E,FEMENINO,134,410492585
2020,6,12,16,1,E,MASCULINO,192,630885424
2020,6,12,16,1,F,FEMENINO,18,55200000
2020,6,12,16,1,F,MASCULINO,24,73400000
2020,6,12,16,1,G,FEMENINO,39,111685678
2020,6,12,16,1,G,MASCULINO,61,170957034
2020,6,12,17,1,A,MASCULINO,1,22000000
2020,6,12,17,1,B,FEMENINO,11,84400000
2020,6,12,17,1,B,MASCULINO,14,125000000
2020,6,12,17,1,C,FEMENINO,70,469892839
2020,6,12,17,1,C,MASCULINO,65,422185678
2020,6,12,17,1,D,FEMENINO,29,168600000
2020,6,12,17,1,D,MASCULINO,52,292200000
2020,6,12,17,1,E,FEMENINO,5,25400000
2020,6,12,17,1,E,MASCULINO,17,65857000
2020,6,12,17,1,F,FEMENINO,4,14992839
2020,6,12,17,1,F,MASCULINO,14,55664195
2020,6,12,17,1,G,FEMENINO,10,43500000
2020,6,12,17,1,G,MASCULINO,41,234600000
2020,6,12,18,1,A,FEMENINO,1,7400000
2020,6,12,18,1,A,MASCULINO,8,96600000
2020,6,12,18,1,B,FEMENINO,5,46100000
2020,6,12,18,1,B,MASCULINO,16,162500000
2020,6,12,18,1,C,FEMENINO,28,216300000
2020,6,12,18,1,C,MASCULINO,25,203900000
2020,6,12,18,1,D,FEMENINO,82,394800000
2020,6,12,18,1,D,MASCULINO,56,259100000
2020,6,12,18,1,E,FEMENINO,18,55700000
2020,6,12,18,1,E,MASCULINO,25,79100000
2020,6,12,18,1,F,MASCULINO,1,2600000
2020,6,12,18,1,G,FEMENINO,22,49471102
2020,6,12,18,1,G,MASCULINO,11,27785678
2020,6,12,19,1,A,MASCULINO,3,50000000
2020,6,12,19,1,B,FEMENINO,26,237500000
2020,6,12,19,1,B,MASCULINO,13,126100000
2020,6,12,19,1,C,FEMENINO,52,354500000
2020,6,12,19,1,C,MASCULINO,43,297300000
2020,6,12,19,1,D,FEMENINO,38,174600000
2020,6,12,19,1,D,MASCULINO,46,215000000
2020,6,12,19,1,E,FEMENINO,28,100100000
2020,6,12,19,1,E,MASCULINO,33,109700000
2020,6,12,19,1,F,FEMENINO,22,68200000
2020,6,12,19,1,F,MASCULINO,29,88900000
2020,6,12,19,1,G,FEMENINO,1,2500000
2020,6,12,19,1,G,MASCULINO,7,17100000
2020,6,12,20,1,A,FEMENINO,2,37000000
2020,6,12,20,1,A,MASCULINO,2,30000000
2020,6,12,20,1,B,FEMENINO,8,73400000
2020,6,12,20,1,B,MASCULINO,8,75200000
2020,6,12,20,1,C,FEMENINO,13,80400000
2020,6,12,20,1,C,MASCULINO,7,58700000
2020,6,12,20,1,D,FEMENINO,282,859278517
2020,6,12,20,1,D,MASCULINO,107,312578517
2020,6,12,20,1,E,FEMENINO,13,40300000
2020,6,12,20,1,E,MASCULINO,18,55300000
2020,6,12,20,1,G,FEMENINO,1,3300000
2020,6,12,20,1,G,MASCULINO,3,10600000
2020,6,12,21,1,A,FEMENINO,2,25000000
2020,6,12,21,1,A,MASCULINO,4,57000000
2020,6,12,21,1,B,FEMENINO,14,162700000
2020,6,12,21,1,B,MASCULINO,24,274200000
2020,6,12,21,1,C,FEMENINO,25,172100000
2020,6,12,21,1,C,MASCULINO,32,223500000
2020,6,12,21,1,D,FEMENINO,25,96800000
2020,6,12,21,1,D,MASCULINO,36,142300000
2020,6,12,21,1,E,FEMENINO,11,31285678
2020,6,12,21,1,E,MASCULINO,25,65643087
2020,6,12,21,1,F,MASCULINO,1,3000000
2020,6,12,21,1,G,FEMENINO,1,2192839
2020,6,12,21,1,G,MASCULINO,1,3400000
2020,6,13,1,1,A,FEMENINO,76,795615467
2020,6,13,1,1,A,MASCULINO,64,673165453
2020,6,13,1,1,B,FEMENINO,69,494232292
2020,6,13,1,1,B,MASCULINO,43,294222570
2020,6,13,1,1,C,FEMENINO,170,839149765
2020,6,13,1,1,C,MASCULINO,151,750738995
2020,6,13,1,1,D,FEMENINO,451,2537851152
2020,6,13,1,1,D,MASCULINO,381,2081588659
2020,6,13,1,1,E,FEMENINO,580,1818957040
2020,6,13,1,1,E,MASCULINO,500,1620312169
2020,6,13,1,1,F,FEMENINO,606,2512440516
2020,6,13,1,1,F,MASCULINO,442,1785388385
2020,6,13,1,1,G,FEMENINO,599,1468072512
2020,6,13,1,1,G,MASCULINO,593,1562638590
2020,6,13,1,1,J,FEMENINO,3807,21311670721
2020,6,13,1,1,J,MASCULINO,2806,15882976701
2020,6,13,1,1,R,FEMENINO,29,185801000
2020,6,13,1,1,R,MASCULINO,17,107588000
2020,6,13,2,1,A,FEMENINO,16,171700000
2020,6,13,2,1,A,MASCULINO,25,266200000
2020,6,13,2,1,B,FEMENINO,23,314200000
2020,6,13,2,1,B,MASCULINO,27,381400000
2020,6,13,2,1,C,FEMENINO,183,1498200000
2020,6,13,2,1,C,MASCULINO,232,1924500000
2020,6,13,2,1,D,FEMENINO,657,2662200000
2020,6,13,2,1,D,MASCULINO,824,3423500000
2020,6,13,2,1,E,FEMENINO,350,1125860000
2020,6,13,2,1,E,MASCULINO,484,1568000000
2020,6,13,2,1,F,FEMENINO,750,1909000000
2020,6,13,2,1,F,MASCULINO,790,2032886667
2020,6,13,2,1,G,MASCULINO,4,11400000
2020,6,13,2,1,J,FEMENINO,36,364014945
2020,6,13,2,1,J,MASCULINO,48,614499890
2020,6,13,2,1,S,FEMENINO,4,22000000
2020,6,13,3,1,C,FEMENINO,157,1046411785
2020,6,13,3,1,C,MASCULINO,102,667711643
2020,6,13,3,1,D,FEMENINO,144,729217259
2020,6,13,3,1,D,MASCULINO,166,842041995
2020,6,13,3,1,E,FEMENINO,141,523381368
2020,6,13,3,1,E,MASCULINO,126,487487883
2020,6,13,3,1,G,FEMENINO,240,562466836
2020,6,13,3,1,G,MASCULINO,384,1109367360
2020,6,13,3,1,J,FEMENINO,1880,13314896810
2020,6,13,3,1,J,MASCULINO,1339,9421903328
2020,6,13,3,1,K,FEMENINO,103,1123935593
2020,6,13,3,1,K,MASCULINO,93,1062158950
2020,6,13,3,1,S,FEMENINO,155,1095651000
2020,6,13,3,1,S,MASCULINO,77,592537500
2020,6,13,4,1,B,FEMENINO,9,132000000
2020,6,13,4,1,B,MASCULINO,9,130500000
2020,6,13,4,1,C,FEMENINO,29,244200000
2020,6,13,4,1,C,MASCULINO,17,155100000
2020,6,13,4,1,D,FEMENINO,20,99865500
2020,6,13,4,1,D,MASCULINO,29,146700000
2020,6,13,4,1,E,FEMENINO,3,10900000
2020,6,13,4,1,E,MASCULINO,5,17000000
2020,6,13,4,1,F,FEMENINO,1,3500000
2020,6,13,4,1,G,FEMENINO,10,38900000
2020,6,13,4,1,G,MASCULINO,5,21800000
2020,6,13,5,1,B,FEMENINO,11,179000000
2020,6,13,5,1,B,MASCULINO,9,147000000
2020,6,13,5,1,C,FEMENINO,56,499600000
2020,6,13,5,1,C,MASCULINO,39,352100000
2020,6,13,5,1,D,FEMENINO,29,157800000
2020,6,13,5,1,D,MASCULINO,32,187400000
2020,6,13,5,1,E,FEMENINO,12,50600000
2020,6,13,5,1,E,MASCULINO,8,33400000
2020,6,13,5,1,F,FEMENINO,5,21000000
2020,6,13,5,1,F,MASCULINO,7,26100000
2020,6,13,5,1,G,FEMENINO,2,6000000
2020,6,13,5,1,G,MASCULINO,1,2900000
2020,6,13,6,1,A,FEMENINO,5,70080000
2020,6,13,6,1,A,MASCULINO,7,98112000
2020,6,13,6,1,B,FEMENINO,5,70080000
2020,6,13,6,1,B,MASCULINO,10,135975725
2020,6,13,6,1,C,FEMENINO,54,351643325
2020,6,13,6,1,C,MASCULINO,24,208155425
2020,6,13,6,1,E,FEMENINO,49,191466950
2020,6,13,6,1,E,MASCULINO,50,197652915
2020,6,13,6,1,F,FEMENINO,3,15669440
2020,6,13,6,1,F,MASCULINO,3,16340235
2020,6,13,6,1,G,FEMENINO,46,124078865
2020,6,13,6,1,G,MASCULINO,83,239209409
2020,6,13,6,1,J,FEMENINO,1071,7339259678
2020,6,13,6,1,J,MASCULINO,578,3745378200
2020,6,13,7,1,A,FEMENINO,5,37857885
2020,6,13,7,1,A,MASCULINO,4,31026195
2020,6,13,7,1,B,MASCULINO,5,86250696
2020,6,13,7,1,C,FEMENINO,2,19394382
2020,6,13,7,1,C,MASCULINO,2,19394382
2020,6,13,7,1,D,FEMENINO,1,3826510
2020,6,13,7,1,E,FEMENINO,3,10705350
2020,6,13,7,1,E,MASCULINO,1,3568450
2020,6,13,7,1,J,FEMENINO,19,99450395
2020,6,13,7,1,J,MASCULINO,20,166850123
2020,6,13,7,1,R,FEMENINO,2,14000000
2020,6,13,7,1,R,MASCULINO,1,7000000
2020,6,14,1,1,A,MASCULINO,1,22000000
2020,6,14,1,1,B,FEMENINO,48,568528400
2020,6,14,1,1,B,MASCULINO,37,409014000
2020,6,14,1,1,C,FEMENINO,326,3061800000
2020,6,14,1,1,C,MASCULINO,205,1996200000
2020,6,14,1,1,D,FEMENINO,75,461600000
2020,6,14,1,1,D,MASCULINO,111,682248980
2020,6,14,1,1,E,FEMENINO,23,121900000
2020,6,14,1,1,E,MASCULINO,28,148400000
2020,6,14,1,1,F,FEMENINO,20,96000000
2020,6,14,1,1,F,MASCULINO,30,142000000
2020,6,15,1,1,A,MASCULINO,2,37000000
2020,6,15,1,1,B,FEMENINO,21,142600000
2020,6,15,1,1,B,MASCULINO,6,45900000
2020,6,15,1,1,C,FEMENINO,8,42000000
2020,6,15,1,1,D,FEMENINO,31,124800000
2020,6,15,1,1,D,MASCULINO,9,35100000
2020,6,15,1,1,E,FEMENINO,20,55307693
2020,6,15,1,1,E,MASCULINO,18,52600000
2020,6,15,1,1,F,MASCULINO,1,3000000
2020,6,15,1,1,G,FEMENINO,2,4392839
2020,6,15,1,1,G,MASCULINO,1,3500000
2020,6,15,2,1,C,FEMENINO,2,5113800
2020,6,15,2,1,C,MASCULINO,1,2556900
2020,6,15,2,1,D,FEMENINO,2,7639800
2020,6,15,2,1,D,MASCULINO,1,3819900
2020,6,15,2,1,G,MASCULINO,1,2192839
2020,6,15,2,1,J,FEMENINO,4,48483600
2020,6,15,2,1,J,MASCULINO,2,24241800
2020,6,15,2,1,K,FEMENINO,4,20057600
2020,6,15,2,1,K,MASCULINO,4,21158200
2020,6,21,1,1,A,FEMENINO,60,426310000
2020,6,21,1,1,A,MASCULINO,156,1306520000
2020,6,21,1,1,B,FEMENINO,103,1249174336
2020,6,21,1,1,B,MASCULINO,180,2302726670
2020,6,21,1,1,C,FEMENINO,83,1164090334
2020,6,21,1,1,C,MASCULINO,129,1834468000
2020,6,21,1,1,D,FEMENINO,30,613655000
2020,6,21,1,1,D,MASCULINO,56,1106270000
2020,6,21,1,1,E,FEMENINO,3,68085000
2020,6,21,1,1,E,MASCULINO,19,416965000
2020,6,21,1,1,F,FEMENINO,1,24030000
2020,6,21,1,1,F,MASCULINO,4,96120000
2020,6,21,1,1,G,FEMENINO,1,24920000
2020,6,21,1,1,G,MASCULINO,1,24920000
2020,6,21,1,1,H,MASCULINO,2,49840000
2020,6,21,1,1,I,FEMENINO,1,28925000
2020,6,21,1,1,I,MASCULINO,4,115700000
2020,6,21,1,1,J,MASCULINO,1,30705000
2020,6,22,1,1,A,MASCULINO,1,21928394
2020,6,22,1,1,B,MASCULINO,1,4144000
2020,6,22,1,1,C,FEMENINO,3,15221000
2020,6,22,1,1,C,MASCULINO,13,85633600
2020,6,22,1,1,D,MASCULINO,1,2611500
2020,6,22,1,1,E,FEMENINO,7,15383834
2020,6,22,1,1,E,MASCULINO,9,19735551
2020,6,22,1,1,F,FEMENINO,4,8771356
2020,6,22,1,1,F,MASCULINO,7,15349873
2020,6,22,1,1,G,FEMENINO,3,6578517
2020,6,22,1,1,G,MASCULINO,2,4385678
2020,6,22,1,1,J,MASCULINO,4,14000000
2020,6,22,2,1,A,MASCULINO,1,19735555
2020,6,22,2,1,B,FEMENINO,2,5945772
2020,6,22,2,1,C,FEMENINO,5,16124640
2020,6,22,2,1,C,MASCULINO,9,45621996
2020,6,22,2,1,D,FEMENINO,1,2338224
2020,6,22,2,1,E,FEMENINO,6,11051904
2020,6,22,2,1,E,MASCULINO,8,14225591
2020,6,22,2,1,G,FEMENINO,5,8995460
2020,6,22,2,1,G,MASCULINO,8,14329444
2020,6,22,2,1,J,FEMENINO,2,5460000
2020,6,22,2,1,J,MASCULINO,2,6300000
2020,6,22,3,1,A,MASCULINO,1,21125620
2020,6,22,3,1,B,MASCULINO,1,4144000
2020,6,22,3,1,C,FEMENINO,5,32040965
2020,6,22,3,1,C,MASCULINO,4,29700220
2020,6,22,3,1,E,FEMENINO,2,4385678
2020,6,22,3,1,G,FEMENINO,7,15349873
2020,6,22,3,1,G,MASCULINO,11,24121229
2020,6,22,3,1,J,FEMENINO,1,3000000
2020,6,22,3,1,J,MASCULINO,2,6000000
2020,6,22,4,1,A,MASCULINO,1,17542715
2020,6,22,4,1,B,FEMENINO,1,3480960
2020,6,22,4,1,B,MASCULINO,1,5064780
2020,6,22,4,1,C,FEMENINO,10,43217244
2020,6,22,4,1,C,MASCULINO,14,61776624
2020,6,22,4,1,D,FEMENINO,5,12008556
2020,6,22,4,1,D,MASCULINO,2,3916416
2020,6,22,4,1,E,FEMENINO,2,3683970
2020,6,22,4,1,E,MASCULINO,3,5525955
2020,6,22,4,1,G,FEMENINO,15,27629775
2020,6,22,4,1,G,MASCULINO,17,31313745
2020,6,22,4,1,J,FEMENINO,1,2520000
2020,6,22,4,1,J,MASCULINO,3,9240000
2020,6,22,5,1,A,MASCULINO,1,19735555
2020,6,22,5,1,B,FEMENINO,1,3480960
2020,6,22,5,1,B,MASCULINO,1,3480960
2020,6,22,5,1,C,FEMENINO,8,32543616
2020,6,22,5,1,C,MASCULINO,14,63487956
2020,6,22,5,1,D,FEMENINO,5,10589577
2020,6,22,5,1,D,MASCULINO,5,10387389
2020,6,22,5,1,E,FEMENINO,4,7367940
2020,6,22,5,1,E,MASCULINO,8,14733747
2020,6,22,5,1,F,FEMENINO,2,3683970
2020,6,22,5,1,F,MASCULINO,7,12893895
2020,6,22,5,1,G,FEMENINO,3,5525955
2020,6,22,5,1,G,MASCULINO,5,9209925
2020,6,22,5,1,J,FEMENINO,3,8820000
2020,6,22,5,1,J,MASCULINO,1,2940000
2020,6,22,6,1,A,MASCULINO,1,21125620
2020,6,22,6,1,B,MASCULINO,1,3480960
2020,6,22,6,1,C,FEMENINO,6,29906520
2020,6,22,6,1,C,MASCULINO,14,76807836
2020,6,22,6,1,D,MASCULINO,1,2338224
2020,6,22,6,1,E,MASCULINO,3,5322156
2020,6,22,6,1,F,FEMENINO,1,1774552
2020,6,22,6,1,F,MASCULINO,1,1774552
2020,6,22,6,1,G,FEMENINO,4,7098208
2020,6,22,6,1,G,MASCULINO,6,9072760
2020,6,22,6,1,J,MASCULINO,4,11760000
2020,6,22,7,1,A,FEMENINO,4,18530400
2020,6,22,7,1,A,MASCULINO,2,26072394
2020,6,22,7,1,B,MASCULINO,1,4144000
2020,6,22,7,1,C,FEMENINO,12,59104500
2020,6,22,7,1,C,MASCULINO,26,130213200
2020,6,22,7,1,D,FEMENINO,12,31604800
2020,6,22,7,1,D,MASCULINO,25,64979400
2020,6,22,7,1,E,FEMENINO,8,17610634
2020,6,22,7,1,E,MASCULINO,12,26499134
2020,6,22,7,1,G,FEMENINO,5,11032117
2020,6,22,7,1,G,MASCULINO,8,17771317
2020,6,22,7,1,J,FEMENINO,2,7500000
2020,6,22,7,1,J,MASCULINO,1,3500000
2020,6,22,8,1,A,MASCULINO,1,18240200
2020,6,22,8,1,B,MASCULINO,1,4144000
2020,6,22,8,1,C,FEMENINO,3,22275600
2020,6,22,8,1,C,MASCULINO,7,38999400
2020,6,22,8,1,D,FEMENINO,1,2256200
2020,6,22,8,1,D,MASCULINO,2,5083100
2020,6,22,8,1,E,FEMENINO,3,6123369
2020,6,22,8,1,E,MASCULINO,24,49392337
2020,6,22,8,1,F,FEMENINO,4,7947424
2020,6,22,8,1,F,MASCULINO,3,6123369
2020,6,22,8,1,G,FEMENINO,13,26534599
2020,6,22,8,1,G,MASCULINO,14,28575722
2020,6,22,8,1,J,FEMENINO,1,3000000
2020,6,22,8,1,J,MASCULINO,3,11000000
2020,6,22,9,1,A,MASCULINO,2,25012300
2020,6,22,9,1,B,FEMENINO,1,3480960
2020,6,22,9,1,B,MASCULINO,1,2730420
2020,6,22,9,1,C,FEMENINO,3,15155364
2020,6,22,9,1,C,MASCULINO,15,74073792
2020,6,22,9,1,D,FEMENINO,4,8180590
2020,6,22,9,1,D,MASCULINO,10,20763593
2020,6,22,9,1,E,FEMENINO,2,4180209
2020,6,22,9,1,E,MASCULINO,8,14764407
2020,6,22,9,1,F,MASCULINO,7,12893895
2020,6,22,9,1,G,FEMENINO,6,11051910
2020,6,22,9,1,G,MASCULINO,15,29378724
2020,6,22,9,1,J,FEMENINO,1,2520000
2020,6,22,9,1,J,MASCULINO,3,9240000
2020,6,22,10,1,A,MASCULINO,1,21928394
2020,6,22,10,1,B,FEMENINO,2,8288000
2020,6,22,10,1,C,FEMENINO,6,20599100
2020,6,22,10,1,C,MASCULINO,19,130517000
2020,6,22,10,1,D,FEMENINO,1,2412000
2020,6,22,10,1,D,MASCULINO,1,2611500
2020,6,22,10,1,E,FEMENINO,1,2192839
2020,6,22,10,1,E,MASCULINO,12,26314068
2020,6,22,10,1,G,FEMENINO,11,24121229
2020,6,22,10,1,G,MASCULINO,7,15349873
2020,6,22,10,1,J,FEMENINO,1,3000000
2020,6,22,10,1,J,MASCULINO,3,11000000
2020,6,22,11,1,A,MASCULINO,1,21928394
2020,6,22,11,1,B,FEMENINO,1,4144000
2020,6,22,11,1,B,MASCULINO,2,7217100
2020,6,22,11,1,C,FEMENINO,21,94141600
2020,6,22,11,1,C,MASCULINO,13,59315400
2020,6,22,11,1,D,FEMENINO,12,27237329
2020,6,22,11,1,D,MASCULINO,20,45986224
2020,6,22,11,1,E,FEMENINO,4,8821678
2020,6,22,11,1,E,MASCULINO,2,4385678
2020,6,22,11,1,G,FEMENINO,5,10964195
2020,6,22,11,1,G,MASCULINO,8,17646673
2020,6,22,11,1,J,FEMENINO,2,6500000
2020,6,22,11,1,J,MASCULINO,2,7500000
2020,6,22,12,1,A,FEMENINO,3,9406880
2020,6,22,12,1,A,MASCULINO,5,31466555
2020,6,22,12,1,B,MASCULINO,1,3480960
2020,6,22,12,1,C,FEMENINO,8,25380125
2020,6,22,12,1,C,MASCULINO,15,61835424
2020,6,22,12,1,D,FEMENINO,3,7308168
2020,6,22,12,1,D,MASCULINO,5,11697504
2020,6,22,12,1,E,FEMENINO,7,12979476
2020,6,22,12,1,E,MASCULINO,7,12345685
2020,6,22,12,1,G,FEMENINO,3,5525955
2020,6,22,12,1,G,MASCULINO,4,6519098
2020,6,22,12,1,J,FEMENINO,4,11760000
2020,6,22,13,1,A,MASCULINO,1,20831974
2020,6,22,13,1,B,FEMENINO,1,3480960
2020,6,22,13,1,C,FEMENINO,3,8198988
2020,6,22,13,1,C,MASCULINO,7,43660176
2020,6,22,13,1,D,FEMENINO,1,2347464
2020,6,22,13,1,E,FEMENINO,2,3683970
2020,6,22,13,1,F,FEMENINO,2,3683970
2020,6,22,13,1,G,FEMENINO,8,14735880
2020,6,22,13,1,G,MASCULINO,9,16577865
2020,6,22,13,1,J,FEMENINO,2,4620000
2020,6,22,13,1,J,MASCULINO,2,7140000
2020,6,22,14,1,A,MASCULINO,1,21928390
2020,6,22,14,1,B,MASCULINO,1,4144000
2020,6,22,14,1,C,FEMENINO,4,25209900
2020,6,22,14,1,C,MASCULINO,7,39427900
2020,6,22,14,1,D,MASCULINO,1,3798900
2020,6,22,14,1,E,MASCULINO,4,8771356
2020,6,22,14,1,F,FEMENINO,3,6578517
2020,6,22,14,1,F,MASCULINO,6,13157034
2020,6,22,14,1,G,FEMENINO,3,6578517
2020,6,22,14,1,G,MASCULINO,6,13157034
2020,6,22,14,1,J,FEMENINO,1,3000000
2020,6,22,14,1,J,MASCULINO,3,11000000
2020,6,22,15,1,A,MASCULINO,1,21125620
2020,6,22,15,1,B,MASCULINO,1,3480960
2020,6,22,15,1,C,FEMENINO,2,5597383
2020,6,22,15,1,C,MASCULINO,11,54403821
2020,6,22,15,1,D,FEMENINO,1,1631021
2020,6,22,15,1,D,MASCULINO,3,6775020
2020,6,22,15,1,E,MASCULINO,5,9209925
2020,6,22,15,1,F,MASCULINO,2,3683970
2020,6,22,15,1,G,FEMENINO,1,1841985
2020,6,22,15,1,G,MASCULINO,4,7367940
2020,6,22,15,1,J,FEMENINO,1,4200000
2020,6,22,15,1,J,MASCULINO,3,7340000
2020,6,22,16,1,A,MASCULINO,3,32204694
2020,6,22,16,1,B,MASCULINO,1,4144000
2020,6,22,16,1,C,FEMENINO,9,45325700
2020,6,22,16,1,C,MASCULINO,9,45697400
2020,6,22,16,1,D,FEMENINO,1,2688500
2020,6,22,16,1,D,MASCULINO,5,12280400
2020,6,22,16,1,E,FEMENINO,9,19735551
2020,6,22,16,1,E,MASCULINO,13,28806907
2020,6,22,16,1,F,FEMENINO,4,8771356
2020,6,22,16,1,F,MASCULINO,4,9974917
2020,6,22,16,1,G,FEMENINO,4,9267017
2020,6,22,16,1,G,MASCULINO,9,19735551
2020,6,22,16,1,J,MASCULINO,4,14000000
2020,6,22,17,1,A,MASCULINO,1,0
2020,6,22,17,1,B,MASCULINO,2,6280848
2020,6,22,17,1,C,FEMENINO,2,8730204
2020,6,22,17,1,C,MASCULINO,8,39356604
2020,6,22,17,1,D,MASCULINO,1,1989288
2020,6,22,17,1,E,FEMENINO,1,1774552
2020,6,22,17,1,E,MASCULINO,11,19080124
2020,6,22,17,1,F,FEMENINO,1,1774552
2020,6,22,17,1,F,MASCULINO,1,2101932
2020,6,22,17,1,G,FEMENINO,4,6613516
2020,6,22,17,1,G,MASCULINO,9,15001584
2020,6,23,1,1,A,FEMENINO,3,23205000
2020,6,23,1,1,A,MASCULINO,3,33070000
2020,6,23,1,1,B,FEMENINO,4,37128000
2020,6,23,1,1,B,MASCULINO,6,55692000
2020,6,23,1,1,C,FEMENINO,20,105378000
2020,6,23,1,1,C,MASCULINO,19,110747000
2020,6,23,1,1,D,FEMENINO,62,233324000
2020,6,23,1,1,D,MASCULINO,26,97279000
2020,6,23,1,1,E,FEMENINO,33,90181000
2020,6,23,1,1,E,MASCULINO,62,156338000
2020,6,23,1,1,F,FEMENINO,13,29484000
2020,6,23,1,1,F,MASCULINO,7,16926000
2020,6,23,3,1,A,FEMENINO,1,7476000
2020,6,23,3,1,A,MASCULINO,3,32320000
2020,6,23,3,1,B,FEMENINO,39,277200000
2020,6,23,3,1,B,MASCULINO,69,481572000
2020,6,23,3,1,C,FEMENINO,58,297360000
2020,6,23,3,1,C,MASCULINO,146,744240000
2020,6,23,3,1,D,FEMENINO,21,86384000
2020,6,23,3,1,D,MASCULINO,42,177036000
2020,6,23,3,1,E,FEMENINO,11,35960000
2020,6,23,3,1,E,MASCULINO,34,112480000
2020,6,23,3,1,F,MASCULINO,1,2016000
2020,6,23,3,1,G,FEMENINO,10,27812000
2020,6,23,3,1,G,MASCULINO,51,150860000
2020,6,23,3,1,X,FEMENINO,1,2431818
2020,6,23,4,1,A,FEMENINO,2,28100000
2020,6,23,4,1,B,FEMENINO,2,18200000
2020,6,23,4,1,B,MASCULINO,6,51100000
2020,6,23,4,1,C,FEMENINO,13,95300000
2020,6,23,4,1,C,MASCULINO,4,30500000
2020,6,23,4,1,D,FEMENINO,24,121700000
2020,6,23,4,1,D,MASCULINO,9,43500000
2020,6,23,4,1,E,FEMENINO,1,3900000
2020,6,23,4,1,E,MASCULINO,1,4900000
2020,6,23,4,1,F,FEMENINO,4,13200000
2020,6,23,4,1,F,MASCULINO,5,17800000
2020,6,23,4,1,G,FEMENINO,4,16200000
2020,6,23,4,1,G,MASCULINO,14,54200000
2020,6,23,6,1,A,MASCULINO,1,22000000
2020,6,23,6,1,B,FEMENINO,5,47000000
2020,6,23,6,1,B,MASCULINO,12,115000000
2020,6,23,6,1,C,FEMENINO,9,71200000
2020,6,23,6,1,C,MASCULINO,10,82000000
2020,6,23,6,1,D,FEMENINO,6,38200000
2020,6,23,6,1,D,MASCULINO,17,90800000
2020,6,23,6,1,G,FEMENINO,5,24100000
2020,6,23,6,1,G,MASCULINO,4,22300000
2020,6,23,8,1,B,FEMENINO,4,29222552
2020,6,23,8,1,B,MASCULINO,3,19496820
2020,6,23,8,1,C,FEMENINO,3,15755544
2020,6,23,8,1,C,MASCULINO,2,12764640
2020,6,23,8,1,D,FEMENINO,1,3286080
2020,6,23,8,1,E,MASCULINO,1,3317748
2020,6,23,8,1,G,FEMENINO,1,2152080
2020,6,23,9,1,A,MASCULINO,1,14080000
2020,6,23,9,1,B,FEMENINO,6,45854000
2020,6,23,9,1,B,MASCULINO,7,57420000
2020,6,23,9,1,C,FEMENINO,14,73080000
2020,6,23,9,1,C,MASCULINO,9,46116000
2020,6,23,9,1,E,MASCULINO,1,2856000
2020,6,23,9,1,F,FEMENINO,2,3696000
2020,6,23,9,1,F,MASCULINO,1,1848000
2020,6,23,10,1,B,FEMENINO,4,44000000
2020,6,23,10,1,B,MASCULINO,20,290000000
2020,6,23,10,1,C,FEMENINO,55,451700000
2020,6,23,10,1,C,MASCULINO,111,982800000
2020,6,23,10,1,D,FEMENINO,5,21000000
2020,6,23,10,1,D,MASCULINO,14,49700000
2020,6,23,10,1,F,FEMENINO,18,89800000
2020,6,23,10,1,F,MASCULINO,27,129100000
2020,6,23,10,1,G,FEMENINO,5,19100000
2020,6,23,10,1,G,MASCULINO,22,80300000
2020,6,23,11,1,A,MASCULINO,1,15620000
2020,6,23,11,1,B,FEMENINO,9,67514650
2020,6,23,11,1,B,MASCULINO,29,235792025
2020,6,23,11,1,C,FEMENINO,33,186533850
2020,6,23,11,1,C,MASCULINO,53,300546538
2020,6,23,11,1,D,FEMENINO,6,20847700
2020,6,23,11,1,D,MASCULINO,25,80919773
2020,6,23,11,1,E,FEMENINO,4,8400250
2020,6,23,11,1,E,MASCULINO,67,157187976
2020,6,23,11,1,G,FEMENINO,8,13461750
2020,6,23,11,1,G,MASCULINO,41,77138579
2020,6,23,13,1,A,FEMENINO,1,15390000
2020,6,23,13,1,B,FEMENINO,1,6734000
2020,6,23,13,1,B,MASCULINO,12,113177000
2020,6,23,13,1,C,FEMENINO,4,28609000
2020,6,23,13,1,C,MASCULINO,4,31157000
2020,6,23,13,1,D,FEMENINO,1,3913000
2020,6,23,13,1,D,MASCULINO,2,9373000
2020,6,23,13,1,E,FEMENINO,2,4704000
2020,6,23,13,1,E,MASCULINO,3,7252000
2020,6,23,13,1,F,FEMENINO,2,4885244
2020,6,23,13,1,F,MASCULINO,2,4885244
2020,6,23,13,1,G,FEMENINO,6,31592379
2020,6,23,13,1,G,MASCULINO,8,35152572
2020,6,23,14,1,A,FEMENINO,1,4872000
2020,6,23,14,1,A,MASCULINO,3,23915765
2020,6,23,14,1,B,FEMENINO,4,38435000
2020,6,23,14,1,B,MASCULINO,7,63876000
2020,6,23,14,1,C,FEMENINO,41,276787000
2020,6,23,14,1,C,MASCULINO,29,186109309
2020,6,23,14,1,D,FEMENINO,9,35418000
2020,6,23,14,1,D,MASCULINO,4,14937000
2020,6,23,14,1,E,FEMENINO,11,27608000
2020,6,23,14,1,E,MASCULINO,18,43022000
2020,6,23,14,1,F,FEMENINO,2,5361000
2020,6,23,14,1,F,MASCULINO,3,8038000
2020,6,23,14,1,G,FEMENINO,3,7392000
2020,6,23,14,1,G,MASCULINO,4,9517000
2020,6,23,15,1,A,FEMENINO,198,1437418813
2020,6,23,15,1,A,MASCULINO,848,6569249695
2020,6,23,16,1,A,FEMENINO,3,27000000
2020,6,23,16,1,A,MASCULINO,3,34033333
2020,6,23,16,1,B,FEMENINO,18,174700000
2020,6,23,16,1,B,MASCULINO,21,234300000
2020,6,23,16,1,C,FEMENINO,106,729300000
2020,6,23,16,1,C,MASCULINO,134,945100000
2020,6,23,16,1,D,FEMENINO,193,850100000
2020,6,23,16,1,D,MASCULINO,190,811700000
2020,6,23,16,1,E,FEMENINO,78,197392585
2020,6,23,16,1,E,MASCULINO,348,857974691
2020,6,23,16,1,F,FEMENINO,55,140485424
2020,6,23,16,1,F,MASCULINO,91,231292331
2020,6,23,16,1,G,FEMENINO,32,78206907
2020,6,23,16,1,G,MASCULINO,88,209370848
2020,6,23,17,1,A,FEMENINO,1,22000000
2020,6,23,17,1,B,FEMENINO,10,59640000
2020,6,23,17,1,B,MASCULINO,5,30828000
2020,6,23,17,1,C,FEMENINO,2,14326000
2020,6,23,17,1,C,MASCULINO,2,16464000
2020,6,23,17,1,D,FEMENINO,15,50516000
2020,6,23,17,1,D,MASCULINO,4,13860000
2020,6,23,17,1,E,FEMENINO,15,40320000
2020,6,23,17,1,E,MASCULINO,8,23520000
2020,6,23,17,1,F,FEMENINO,2,4032000
2020,6,23,17,1,F,MASCULINO,2,4704000
2020,6,23,17,1,G,FEMENINO,1,2352000
2020,6,23,17,1,G,MASCULINO,1,2604000
2020,6,23,18,1,A,MASCULINO,2,18448000
2020,6,23,18,1,B,FEMENINO,7,61723966
2020,6,23,18,1,B,MASCULINO,18,143965900
2020,6,23,18,1,C,FEMENINO,64,413895961
2020,6,23,18,1,C,MASCULINO,93,611189152
2020,6,23,18,1,D,FEMENINO,78,287414984
2020,6,23,18,1,D,MASCULINO,83,299533811
2020,6,23,18,1,E,FEMENINO,11,26770532
2020,6,23,18,1,E,MASCULINO,43,126917089
2020,6,23,18,1,F,FEMENINO,8,15508924
2020,6,23,18,1,F,MASCULINO,15,33719949
2020,6,23,18,1,G,FEMENINO,22,34182987
2020,6,23,18,1,G,MASCULINO,54,98275021
2020,6,23,19,1,A,FEMENINO,5,46872000
2020,6,23,19,1,A,MASCULINO,4,52828000
2020,6,23,19,1,B,FEMENINO,7,72912000
2020,6,23,19,1,B,MASCULINO,2,21840000
2020,6,23,19,1,C,FEMENINO,35,215292000
2020,6,23,19,1,C,MASCULINO,29,178248000
2020,6,23,19,1,D,FEMENINO,8,26628000
2020,6,23,19,1,D,MASCULINO,14,48804000
2020,6,23,19,1,E,FEMENINO,11,24528000
2020,6,23,19,1,E,MASCULINO,14,34440000
2020,6,23,20,1,A,FEMENINO,2,29800000
2020,6,23,20,1,A,MASCULINO,8,58400000
2020,6,23,20,1,B,FEMENINO,14,138400000
2020,6,23,20,1,B,MASCULINO,11,106300000
2020,6,23,20,1,C,FEMENINO,15,110900000
2020,6,23,20,1,C,MASCULINO,18,116300000
2020,6,23,20,1,D,FEMENINO,38,167700000
2020,6,23,20,1,D,MASCULINO,63,273400000
2020,6,23,20,1,E,FEMENINO,34,98978517
2020,6,23,20,1,E,MASCULINO,126,362142712
2020,6,23,20,1,F,FEMENINO,16,35085424
2020,6,23,20,1,F,MASCULINO,42,92099238
2020,6,23,20,1,G,MASCULINO,7,15671356
2020,6,23,21,1,A,MASCULINO,1,22000000
2020,6,23,21,1,B,FEMENINO,10,63000000
2020,6,23,21,1,B,MASCULINO,15,118157360
2020,6,23,21,1,C,FEMENINO,68,387716400
2020,6,23,21,1,C,MASCULINO,64,360976800
2020,6,23,21,1,D,FEMENINO,34,166488000
2020,6,23,21,1,D,MASCULINO,81,387875865
2020,6,23,21,1,E,FEMENINO,5,21336000
2020,6,23,21,1,E,MASCULINO,20,72603880
2020,6,23,21,1,F,FEMENINO,4,11327970
2020,6,23,21,1,F,MASCULINO,15,49557510
2020,6,23,21,1,G,FEMENINO,8,27468000
2020,6,23,21,1,G,MASCULINO,9,30492000
2020,6,23,22,1,A,FEMENINO,1,4032000
2020,6,23,22,1,A,MASCULINO,6,24509065
2020,6,23,22,1,B,FEMENINO,9,65438000
2020,6,23,22,1,B,MASCULINO,17,86376000
2020,6,23,22,1,C,FEMENINO,31,185943971
2020,6,23,22,1,C,MASCULINO,32,179693956
2020,6,23,22,1,D,FEMENINO,53,200664832
2020,6,23,22,1,D,MASCULINO,59,221304762
2020,6,23,22,1,E,FEMENINO,7,18860000
2020,6,23,22,1,E,MASCULINO,30,78717200
2020,6,23,22,1,F,FEMENINO,3,7456000
2020,6,23,22,1,F,MASCULINO,23,60551001
2020,6,23,22,1,G,FEMENINO,15,33127770
2020,6,23,22,1,G,MASCULINO,51,98204844
2020,6,23,24,1,A,FEMENINO,7,58548000
2020,6,23,24,1,A,MASCULINO,7,64260000
2020,6,23,24,1,B,FEMENINO,2,21336000
2020,6,23,24,1,B,MASCULINO,10,106680000
2020,6,23,24,1,C,FEMENINO,18,123480000
2020,6,23,24,1,C,MASCULINO,9,53928000
2020,6,23,24,1,D,FEMENINO,96,332892000
2020,6,23,24,1,D,MASCULINO,57,199920000
2020,6,23,24,1,E,FEMENINO,64,164724000
2020,6,23,24,1,E,MASCULINO,57,146076000
2020,6,23,24,1,F,FEMENINO,12,26880000
2020,6,23,24,1,F,MASCULINO,12,29148000
2020,6,23,24,1,G,FEMENINO,277,575736000
2020,6,23,24,1,G,MASCULINO,294,619360000
2020,6,23,25,1,A,MASCULINO,1,17600000
2020,6,23,25,1,B,FEMENINO,9,75833278
2020,6,23,25,1,B,MASCULINO,14,117940000
2020,6,23,25,1,C,FEMENINO,22,100276055
2020,6,23,25,1,C,MASCULINO,14,69287484
2020,6,23,25,1,D,FEMENINO,8,30887938
2020,6,23,25,1,D,MASCULINO,8,31007996
2020,6,23,25,1,E,FEMENINO,4,10328182
2020,6,23,25,1,E,MASCULINO,27,61020815
2020,6,23,26,1,A,MASCULINO,1,14080000
2020,6,23,26,1,B,MASCULINO,4,29568000
2020,6,23,26,1,C,FEMENINO,3,13380000
2020,6,23,26,1,C,MASCULINO,5,25935273
2020,6,23,26,1,D,FEMENINO,4,13944000
2020,6,23,26,1,D,MASCULINO,3,10752000
2020,6,23,26,1,E,FEMENINO,2,4149819
2020,6,23,26,1,E,MASCULINO,5,11249985
2020,6,23,27,1,B,FEMENINO,1,9620000
2020,6,23,27,1,B,MASCULINO,2,17112000
2020,6,23,27,1,C,FEMENINO,3,23268000
2020,6,23,27,1,C,MASCULINO,6,62452000
2020,6,23,27,1,D,FEMENINO,3,11592000
2020,6,23,27,1,D,MASCULINO,2,7728000
2020,6,23,27,1,F,FEMENINO,1,2352000
2020,6,23,27,1,F,MASCULINO,1,2772000
2020,6,23,28,1,A,FEMENINO,1,15000000
2020,6,23,28,1,B,FEMENINO,2,14952000
2020,6,23,28,1,B,MASCULINO,6,48557334
2020,6,23,28,1,C,MASCULINO,2,15960000
2020,6,23,28,1,D,FEMENINO,1,4788000
2020,6,23,29,1,A,FEMENINO,1,4032000
2020,6,23,29,1,A,MASCULINO,1,4032000
2020,6,23,29,1,B,FEMENINO,4,31332000
2020,6,23,29,1,C,FEMENINO,4,24528000
2020,6,23,29,1,C,MASCULINO,2,12264000
2020,6,23,29,1,D,FEMENINO,3,8820000
2020,6,23,29,1,E,FEMENINO,3,8064000
2020,6,23,29,1,E,MASCULINO,5,13440000
2020,6,23,30,1,A,MASCULINO,1,14080000
2020,6,23,30,1,B,FEMENINO,4,34292000
2020,6,23,30,1,B,MASCULINO,1,7896000
2020,6,23,30,1,C,FEMENINO,4,20160000
2020,6,23,30,1,C,MASCULINO,2,10080000
2020,6,23,30,1,D,FEMENINO,3,11172000
2020,6,23,30,1,D,MASCULINO,2,7392000
2020,6,23,30,1,G,MASCULINO,2,3696000
2020,6,23,31,1,A,MASCULINO,1,17600000
2020,6,23,31,1,B,MASCULINO,7,53892000
2020,6,23,31,1,C,FEMENINO,3,14616000
2020,6,23,31,1,D,FEMENINO,5,15960000
2020,6,23,31,1,D,MASCULINO,7,21840000
2020,6,23,31,1,E,MASCULINO,1,1841985
2020,6,23,31,1,S,MASCULINO,1,1637076
2020,6,23,32,1,A,MASCULINO,2,31080000
2020,6,23,32,1,B,FEMENINO,2,12768000
2020,6,23,32,1,B,MASCULINO,4,30072000
2020,6,23,33,1,B,MASCULINO,4,39648000
2020,6,23,33,1,E,FEMENINO,1,2856000
2020,6,23,33,1,G,FEMENINO,2,3706552
2020,6,23,33,1,L,FEMENINO,12,32816134
2020,6,23,33,1,L,MASCULINO,4,9749112
2020,6,23,33,1,Z,FEMENINO,72,262630492
2020,6,23,33,1,Z,MASCULINO,65,225281798
2020,6,23,34,1,L,FEMENINO,51,127063628
2020,6,23,34,1,L,MASCULINO,15,43699536
2020,6,23,34,1,Z,FEMENINO,117,527625517
2020,6,23,34,1,Z,MASCULINO,54,218492000
2020,6,24,1,1,D,FEMENINO,1240,3369183841
2020,6,24,1,1,D,MASCULINO,1205,3314692317
2020,6,24,1,1,F,FEMENINO,184,712757855
2020,6,24,1,1,F,MASCULINO,207,794939204
2020,6,24,1,1,G,FEMENINO,464,2475143075
2020,6,24,1,1,G,MASCULINO,375,1990421457
2020,6,24,1,1,H,FEMENINO,160,1126421109
2020,6,24,1,1,H,MASCULINO,196,1357043158
2020,6,24,1,1,I,FEMENINO,178,1531304450
2020,6,24,1,1,I,MASCULINO,172,1481688556
2020,6,24,1,1,S,FEMENINO,6353,32067243763
2020,6,24,1,1,S,MASCULINO,2711,16211020480
2020,6,24,2,1,G,FEMENINO,3,8073901
2020,6,24,2,1,G,MASCULINO,6,10744911
2020,6,24,3,1,A,FEMENINO,9,37496016
2020,6,24,3,1,A,MASCULINO,12,57478176
2020,6,24,3,1,P,FEMENINO,9,88909563
2020,6,24,3,1,P,MASCULINO,14,126656601
2020,6,24,4,1,1,MASCULINO,1,2680370
2020,6,24,4,1,A,FEMENINO,44,152735623
2020,6,24,4,1,A,MASCULINO,58,223466201
2020,6,24,4,1,K,MASCULINO,1,5000000
2020,6,24,4,1,R,MASCULINO,1,8317783
2020,6,24,4,1,S,MASCULINO,1,4467120
2020,6,24,5,1,A,MASCULINO,1,6660000
2020,6,24,5,1,B,FEMENINO,5,41040000
2020,6,24,5,1,B,MASCULINO,4,30060000
2020,6,24,5,1,C,FEMENINO,14,74120000
2020,6,24,5,1,C,MASCULINO,5,28260000
2020,6,24,5,1,D,FEMENINO,10,37440000
2020,6,24,5,1,D,MASCULINO,13,47340000
2020,6,24,5,1,E,FEMENINO,1,2340000
2020,6,24,5,1,E,MASCULINO,14,36533555
2020,6,24,5,1,F,FEMENINO,17,39670665
2020,6,24,5,1,F,MASCULINO,22,58313555
2020,6,24,5,1,G,FEMENINO,30,64608901
2020,6,24,5,1,G,MASCULINO,30,63623939
2020,6,24,5,1,X,FEMENINO,1,3150000
2020,6,25,2,1,A,FEMENINO,534,2249990653
2020,6,25,2,1,A,MASCULINO,539,2451391784
2020,6,25,2,1,O,FEMENINO,95,292846589
2020,6,25,2,1,O,MASCULINO,1898,7358415796
2020,6,25,2,1,P,FEMENINO,201,1810866047
2020,6,25,2,1,P,MASCULINO,451,4442586631
2020,6,25,2,1,T,FEMENINO,37,203650201
2020,6,25,2,1,T,MASCULINO,472,2869039852
2020,6,25,4,1,1,FEMENINO,23,79128280
2020,6,25,4,1,1,MASCULINO,64,238274029
2020,6,25,4,1,E,FEMENINO,146,285172510
2020,6,25,4,1,E,MASCULINO,483,940352867
2020,6,25,4,1,F,FEMENINO,63,127974483
2020,6,25,4,1,F,MASCULINO,189,378187117
2020,6,25,4,1,G,FEMENINO,51,138567286
2020,6,25,4,1,G,MASCULINO,147,404509058
2020,6,25,4,1,H,FEMENINO,18,45278765
2020,6,25,4,1,H,MASCULINO,40,101115777
2020,6,25,4,1,I,FEMENINO,1,2094288
2020,6,25,4,1,I,MASCULINO,2,4674803
2020,6,25,4,1,J,FEMENINO,3,9031848
2020,6,25,4,1,J,MASCULINO,4,12205200
2020,6,25,4,1,K,FEMENINO,15,53189262
2020,6,25,4,1,K,MASCULINO,34,118162079
2020,6,25,4,1,R,FEMENINO,11,66539774
2020,6,25,4,1,R,MASCULINO,43,262889648
2020,6,25,5,1,A,FEMENINO,5,32938000
2020,6,25,5,1,A,MASCULINO,12,84030386
2020,6,25,5,1,B,FEMENINO,27,236754043
2020,6,25,5,1,B,MASCULINO,57,506449001
2020,6,25,5,1,C,FEMENINO,87,560615929
2020,6,25,5,1,C,MASCULINO,179,1166214545
2020,6,25,5,1,D,FEMENINO,158,614433000
2020,6,25,5,1,D,MASCULINO,240,959993197
2020,6,25,5,1,E,FEMENINO,254,863736000
2020,6,25,5,1,E,MASCULINO,569,1885968399
2020,6,25,6,1,1,FEMENINO,5,22893000
2020,6,25,6,1,1,MASCULINO,13,48790326
2020,6,25,6,1,2,FEMENINO,5,27091300
2020,6,25,6,1,2,MASCULINO,8,44006120
2020,6,25,6,1,F,FEMENINO,1,2192838
2020,6,25,6,1,F,MASCULINO,11,26108238
2020,6,25,6,1,G,FEMENINO,3,12231700
2020,6,25,6,1,G,MASCULINO,25,89140000
2020,6,25,6,1,H,FEMENINO,6,18856200
2020,6,25,6,1,H,MASCULINO,52,157147714
2020,6,25,6,1,I,FEMENINO,15,44527700
2020,6,25,6,1,I,MASCULINO,111,332607602
2020,6,25,6,1,J,FEMENINO,3,8458900
2020,6,25,6,1,J,MASCULINO,24,65880700
2020,6,25,6,1,K,FEMENINO,36,156369650
2020,6,25,6,1,K,MASCULINO,204,857776086
2020,6,25,6,1,R,FEMENINO,20,133610320
2020,6,25,6,1,R,MASCULINO,64,425569400
2020,6,25,7,1,2,FEMENINO,2,22766000
2020,6,25,7,1,2,MASCULINO,8,91064000
2020,6,25,7,1,F,FEMENINO,9,30374733
2020,6,25,7,1,F,MASCULINO,8,24209400
2020,6,25,7,1,G,FEMENINO,107,539356449
2020,6,25,7,1,G,MASCULINO,500,2024180708
2020,6,25,7,1,H,FEMENINO,1,2847000
2020,6,25,7,1,H,MASCULINO,1,3962500
2020,6,25,7,1,X,FEMENINO,12,63167000
2020,6,25,7,1,X,MASCULINO,54,135238680
2020,6,27,1,1,B,FEMENINO,325,2469972500
2020,6,27,1,1,B,MASCULINO,753,6672656700
2020,6,27,3,1,A,FEMENINO,3,26600000
2020,6,27,3,1,A,MASCULINO,3,43500000
2020,6,27,3,1,B,FEMENINO,19,128700000
2020,6,27,3,1,B,MASCULINO,55,378800000
2020,6,27,3,1,C,FEMENINO,3,20800000
2020,6,27,3,1,C,MASCULINO,9,58800000
2020,6,27,3,1,D,FEMENINO,70,315900000
2020,6,27,3,1,D,MASCULINO,134,609333333
2020,6,27,3,1,E,FEMENINO,37,107700000
2020,6,27,3,1,E,MASCULINO,89,265100000
2020,6,27,4,1,K,FEMENINO,38,176829210
2020,6,27,4,1,K,MASCULINO,75,346482517
2020,6,27,5,1,H,FEMENINO,3,6366339
2020,6,27,7,1,A,FEMENINO,37,199155192
2020,6,27,7,1,A,MASCULINO,41,256549448
2020,6,28,1,1,4,FEMENINO,137,712718003
2020,6,28,1,1,4,MASCULINO,88,474776095
2020,6,28,1,1,B,FEMENINO,5,9209925
2020,6,28,1,1,B,MASCULINO,4,7667940
2020,6,28,1,1,C,FEMENINO,104,191566440
2020,6,28,1,1,C,MASCULINO,75,137856496
2020,6,28,1,1,D,FEMENINO,16,29104514
2020,6,28,1,1,D,MASCULINO,17,31167556
2020,6,28,1,1,E,FEMENINO,14,26585253
2020,6,28,1,1,E,MASCULINO,1,2639448
2020,6,28,1,1,F,FEMENINO,42,77363370
2020,6,28,1,1,F,MASCULINO,98,189387544
2020,6,28,1,1,G,FEMENINO,123,385062305
2020,6,28,1,1,G,MASCULINO,148,432491562
2020,6,28,1,1,H,FEMENINO,221,699158009
2020,6,28,1,1,H,MASCULINO,390,1305140986
2020,6,28,1,1,I,FEMENINO,1,3142200
2020,6,28,1,1,I,MASCULINO,11,34564200
2020,6,28,1,1,K,FEMENINO,924,3463057923
2020,6,28,1,1,K,MASCULINO,994,3699136555
2020,6,28,1,1,L,FEMENINO,2638,6857402452
2020,6,28,1,1,L,MASCULINO,2970,8960447507
2020,6,28,1,1,R,FEMENINO,476,2287819660
2020,6,28,1,1,R,MASCULINO,286,1390368237
2020,6,28,1,1,S,FEMENINO,1714,5306118943
2020,6,28,1,1,S,MASCULINO,501,1422249834
2020,6,28,1,1,U,FEMENINO,2375,9930587376
2020,6,28,1,1,U,MASCULINO,2042,9083428211
2020,6,28,1,1,Z,FEMENINO,119,331875795
2020,6,28,1,1,Z,MASCULINO,99,255915082
2020,6,28,2,1,C,FEMENINO,29,51246034
2020,6,28,2,1,C,MASCULINO,34,58193669
2020,6,28,2,1,D,FEMENINO,24,42266155
2020,6,28,2,1,D,MASCULINO,20,35334259
2020,6,28,2,1,E,FEMENINO,38,62829448
2020,6,28,2,1,E,MASCULINO,19,33380207
2020,6,28,2,1,F,FEMENINO,43,79846721
2020,6,28,2,1,F,MASCULINO,24,44942495
2020,6,28,2,1,G,FEMENINO,29,74610704
2020,6,28,2,1,G,MASCULINO,19,53289277
2020,6,28,2,1,H,FEMENINO,12,25375915
2020,6,28,2,1,H,MASCULINO,6,13212092
2020,6,28,2,1,K,FEMENINO,22,73075514
2020,6,28,2,1,K,MASCULINO,33,139434516
2020,6,28,2,1,L,FEMENINO,12,22472897
2020,6,28,2,1,L,MASCULINO,9,16690312
2020,6,28,2,1,U,FEMENINO,651,1982207482
2020,6,28,2,1,U,MASCULINO,599,2299899198
2020,6,28,2,1,X,MASCULINO,1,1256393
2020,6,28,2,1,Z,FEMENINO,2,2268000
2020,6,28,2,1,Z,MASCULINO,1,1134000
2020,6,28,3,1,1,FEMENINO,1,3482052
2020,6,28,3,1,1,MASCULINO,1,3482052
2020,6,28,3,1,D,FEMENINO,16,28721251
2020,6,28,3,1,D,MASCULINO,11,20261835
2020,6,28,3,1,E,FEMENINO,12,21834088
2020,6,28,3,1,E,MASCULINO,7,12766423
2020,6,28,3,1,F,FEMENINO,19,35935089
2020,6,28,3,1,F,MASCULINO,21,39081745
2020,6,28,3,1,G,FEMENINO,19,47703247
2020,6,28,3,1,G,MASCULINO,20,48743916
2020,6,28,3,1,H,FEMENINO,1,2450532
2020,6,28,3,1,K,FEMENINO,6,22931188
2020,6,28,3,1,K,MASCULINO,4,15371160
2020,6,28,3,1,U,FEMENINO,316,950897823
2020,6,28,3,1,U,MASCULINO,241,861348205
2020,6,28,4,1,1,FEMENINO,8,45030400
2020,6,28,4,1,1,MASCULINO,3,16886400
2020,6,28,4,1,C,FEMENINO,8,17542712
2020,6,28,4,1,C,MASCULINO,5,10965195
2020,6,28,4,1,D,FEMENINO,1,0
2020,6,28,4,1,E,FEMENINO,24,52467582
2020,6,28,4,1,E,MASCULINO,25,54660421
2020,6,28,4,1,F,FEMENINO,22,54771417
2020,6,28,4,1,F,MASCULINO,11,27086440
2020,6,28,4,1,G,FEMENINO,38,132412500
2020,6,28,4,1,G,MASCULINO,16,56174300
2020,6,28,4,1,H,FEMENINO,48,107461824
2020,6,28,4,1,H,MASCULINO,39,89523395
2020,6,28,4,1,I,FEMENINO,1,2765600
2020,6,28,4,1,K,FEMENINO,11,40599939
2020,6,28,4,1,K,MASCULINO,4,9905239
2020,6,28,4,1,L,FEMENINO,415,1147407480
2020,6,28,4,1,L,MASCULINO,306,1009608764
2020,6,28,4,1,S,FEMENINO,1,2200000
2020,6,28,4,1,U,FEMENINO,82,207555199
2020,6,28,4,1,U,MASCULINO,55,176039914
2020,6,28,5,1,C,FEMENINO,6,10647318
2020,6,28,5,1,C,MASCULINO,1,2112562
2020,6,28,5,1,E,FEMENINO,40,75996743
2020,6,28,5,1,E,MASCULINO,45,83572984
2020,6,28,5,1,F,FEMENINO,12,24772958
2020,6,28,5,1,F,MASCULINO,9,17848358
2020,6,28,5,1,G,FEMENINO,44,111209311
2020,6,28,5,1,G,MASCULINO,39,115347429
2020,6,28,5,1,H,FEMENINO,1,1904952
2020,6,28,5,1,H,MASCULINO,4,8914966
2020,6,28,5,1,K,FEMENINO,1,4830900
2020,6,28,5,1,K,MASCULINO,1,5737700
2020,6,28,5,1,L,FEMENINO,205,572120775
2020,6,28,5,1,L,MASCULINO,234,872627195
2020,6,28,5,1,N,FEMENINO,8,15748460
2020,6,28,5,1,N,MASCULINO,13,23745207
2020,6,28,5,1,U,FEMENINO,42,120974990
2020,6,28,5,1,U,MASCULINO,41,146587951
2020,6,28,6,1,0,FEMENINO,4,0
2020,6,28,6,1,0,MASCULINO,1,0
2020,6,28,6,1,D,FEMENINO,2,3683970
2020,6,28,6,1,D,MASCULINO,1,1841985
2020,6,28,6,1,E,FEMENINO,20,36839700
2020,6,28,6,1,E,MASCULINO,15,27629775
2020,6,28,6,1,F,FEMENINO,24,45341445
2020,6,28,6,1,F,MASCULINO,21,40728048
2020,6,28,6,1,G,FEMENINO,39,130221840
2020,6,28,6,1,G,MASCULINO,38,128230452
2020,6,28,6,1,H,FEMENINO,1,2454816
2020,6,28,6,1,K,FEMENINO,4,19134864
2020,6,28,6,1,K,MASCULINO,4,19094040
2020,6,28,6,1,L,FEMENINO,663,756599836
2020,6,28,6,1,L,MASCULINO,507,632534371
2020,6,28,6,1,U,FEMENINO,135,341823169
2020,6,28,6,1,U,MASCULINO,95,278508903
2020,6,28,7,1,1,FEMENINO,1,713702
2020,6,28,7,1,2,FEMENINO,1,3634596
2020,6,28,7,1,C,FEMENINO,1,621300
2020,6,28,7,1,D,FEMENINO,12,21310568
2020,6,28,7,1,D,MASCULINO,9,16015696
2020,6,28,7,1,E,FEMENINO,20,36186219
2020,6,28,7,1,E,MASCULINO,19,35406308
2020,6,28,7,1,F,FEMENINO,48,90011358
2020,6,28,7,1,F,MASCULINO,30,57624882
2020,6,28,7,1,G,FEMENINO,40,100272699
2020,6,28,7,1,G,MASCULINO,36,90143464
2020,6,28,7,1,H,FEMENINO,8,14840115
2020,6,28,7,1,H,MASCULINO,12,22232857
2020,6,28,7,1,I,FEMENINO,5,10241446
2020,6,28,7,1,I,MASCULINO,4,9172036
2020,6,28,7,1,K,FEMENINO,29,99342835
2020,6,28,7,1,K,MASCULINO,24,87943023
2020,6,28,7,1,L,FEMENINO,242,267804338
2020,6,28,7,1,L,MASCULINO,230,270065178
2020,6,28,7,1,U,FEMENINO,283,666611280
2020,6,28,7,1,U,MASCULINO,362,1071132169
2020,6,28,8,1,E,FEMENINO,10,18163807
2020,6,28,8,1,E,MASCULINO,7,12421864
2020,6,28,8,1,F,FEMENINO,9,16429568
2020,6,28,8,1,F,MASCULINO,6,11154652
2020,6,28,8,1,G,FEMENINO,19,61624426
2020,6,28,8,1,G,MASCULINO,23,68327826
2020,6,28,8,1,K,MASCULINO,1,3915156
2020,6,28,8,1,U,FEMENINO,2,10718400
2020,6,28,8,1,U,MASCULINO,8,34319544
2020,6,30,1,3,M,FEMENINO,1,990000
2020,6,30,1,3,M,MASCULINO,4,8808530
2020,6,30,1,4,M,FEMENINO,4,8822250
2020,6,30,1,4,M,MASCULINO,2,9421514
2020,6,30,1,5,M,MASCULINO,5,13200000
2020,6,30,1,6,M,FEMENINO,8,8865000
2020,6,30,1,6,M,MASCULINO,6,15614837
2020,6,30,1,238,M,MASCULINO,3,16320000
2020,6,30,1,241,M,FEMENINO,1,8000000
2020,6,30,1,241,M,MASCULINO,3,4300000
2020,6,30,1,249,A,MASCULINO,1,9800000
2020,6,30,1,249,E,MASCULINO,1,3600000
2020,6,30,1,249,F,MASCULINO,2,4500000
2020,6,30,1,524,M,FEMENINO,1,1300000
2020,6,30,1,524,M,MASCULINO,2,8500000
2020,6,30,2,8,M,FEMENINO,4,7500000
2020,6,30,2,8,M,MASCULINO,4,26500000
2020,6,30,2,11,M,FEMENINO,3,5625000
2020,6,30,2,11,M,MASCULINO,10,16819200
2020,6,30,2,12,M,FEMENINO,3,6092759
2020,6,30,2,12,M,MASCULINO,8,23842116
2020,6,30,2,13,C,MASCULINO,1,6400000
2020,6,30,2,13,E,FEMENINO,2,3780000
2020,6,30,2,13,E,MASCULINO,2,3465000
2020,6,30,2,14,M,FEMENINO,1,1500000
2020,6,30,2,14,M,MASCULINO,2,1530000
2020,6,30,2,15,M,FEMENINO,7,10260000
2020,6,30,2,15,M,MASCULINO,14,39935620
2020,6,30,2,16,M,MASCULINO,3,5643352
2020,6,30,2,17,A,MASCULINO,1,2700000
2020,6,30,2,17,F,FEMENINO,2,1960000
2020,6,30,2,17,F,MASCULINO,2,1827000
2020,6,30,2,18,M,FEMENINO,3,11436000
2020,6,30,2,18,M,MASCULINO,2,3454200
2020,6,30,2,19,M,FEMENINO,2,1880000
2020,6,30,2,19,M,MASCULINO,4,5100000
2020,6,30,2,20,M,FEMENINO,2,2700000
2020,6,30,2,20,M,MASCULINO,3,7500000
2020,6,30,2,22,M,FEMENINO,1,2520000
2020,6,30,2,22,M,MASCULINO,3,11638240
2020,6,30,2,23,M,MASCULINO,3,6661334
2020,6,30,2,24,M,FEMENINO,5,6210000
2020,6,30,2,24,M,MASCULINO,6,22540000
2020,6,30,2,25,M,FEMENINO,1,990000
2020,6,30,2,25,M,MASCULINO,3,11701000
2020,6,30,2,26,A,MASCULINO,1,12200000
2020,6,30,2,26,D,FEMENINO,2,5220000
2020,6,30,2,26,D,MASCULINO,9,24840000
2020,6,30,2,26,E,MASCULINO,1,1890000
2020,6,30,2,239,M,FEMENINO,2,3217500
2020,6,30,2,239,M,MASCULINO,4,13404500
2020,6,30,2,253,M,FEMENINO,1,1100000
2020,6,30,2,253,M,MASCULINO,2,4000000
2020,6,30,3,27,M,FEMENINO,37,74090624
2020,6,30,3,27,M,MASCULINO,29,60495227
2020,6,30,3,28,M,FEMENINO,4,6704470
2020,6,30,3,28,M,MASCULINO,6,13810570
2020,6,30,3,29,M,FEMENINO,2,4950000
2020,6,30,3,29,M,MASCULINO,5,26067751
2020,6,30,3,30,M,FEMENINO,2,4100000
2020,6,30,3,30,M,MASCULINO,3,14300000
2020,6,30,3,31,M,FEMENINO,8,14445000
2020,6,30,3,31,M,MASCULINO,8,12510000
2020,6,30,3,32,0,FEMENINO,4,7780000
2020,6,30,3,32,0,MASCULINO,5,18730000
2020,6,30,3,33,C,MASCULINO,2,0
2020,6,30,3,33,M,FEMENINO,4,18500000
2020,6,30,3,33,M,MASCULINO,11,50740000
2020,6,30,3,34,M,FEMENINO,6,8370000
2020,6,30,3,34,M,MASCULINO,8,9450000
2020,6,30,3,35,M,FEMENINO,1,1300000
2020,6,30,3,35,M,MASCULINO,5,13907049
2020,6,30,3,36,M,FEMENINO,1,5000000
2020,6,30,3,36,M,MASCULINO,1,5000000
2020,6,30,3,37,M,FEMENINO,2,6480000
2020,6,30,3,37,M,MASCULINO,1,3000000
2020,6,30,3,39,M,FEMENINO,4,11030000
2020,6,30,3,41,M,MASCULINO,1,2000000
2020,6,30,3,42,M,FEMENINO,7,22201712
2020,6,30,3,42,M,MASCULINO,6,31080730
2020,6,30,3,43,M,FEMENINO,1,140000
2020,6,30,3,43,M,MASCULINO,5,4280000
2020,6,30,3,44,M,FEMENINO,6,11000000
2020,6,30,3,44,M,MASCULINO,6,17900000
2020,6,30,3,45,M,FEMENINO,9,12285000
2020,6,30,3,45,M,MASCULINO,4,4275000
2020,6,30,3,46,0,MASCULINO,2,4300000
2020,6,30,4,47,M,FEMENINO,35,77623680
2020,6,30,4,47,M,MASCULINO,42,113250545
2020,6,30,4,48,M,FEMENINO,2,1905000
2020,6,30,4,48,M,MASCULINO,1,1200000
2020,6,30,4,49,M,FEMENINO,4,6330000
2020,6,30,4,49,M,MASCULINO,3,1440000
2020,6,30,4,50,M,FEMENINO,4,8000000
2020,6,30,4,50,M,MASCULINO,2,4250000
2020,6,30,4,51,M,FEMENINO,1,1750000
2020,6,30,4,51,M,MASCULINO,1,2500000
2020,6,30,4,53,M,MASCULINO,7,16438538
2020,6,30,4,54,M,FEMENINO,1,1450000
2020,6,30,4,54,M,MASCULINO,2,3150000
2020,6,30,4,55,M,FEMENINO,3,4380000
2020,6,30,4,55,M,MASCULINO,3,5030000
2020,6,30,4,56,M,FEMENINO,1,1170000
2020,6,30,4,56,M,MASCULINO,1,1700000
2020,6,30,4,57,M,FEMENINO,2,3450000
2020,6,30,4,57,M,MASCULINO,3,3600000
2020,6,30,4,58,M,MASCULINO,2,1640000
2020,6,30,4,59,M,FEMENINO,1,500000
2020,6,30,4,59,M,MASCULINO,2,1100000
2020,6,30,4,60,X,FEMENINO,1,540000
2020,6,30,4,60,X,MASCULINO,1,700000
2020,6,30,4,61,M,FEMENINO,2,1080000
2020,6,30,4,61,M,MASCULINO,1,540000
2020,6,30,4,62,M,FEMENINO,2,1220000
2020,6,30,4,62,M,MASCULINO,10,5220000
2020,6,30,4,63,M,FEMENINO,5,0
2020,6,30,4,63,M,MASCULINO,12,0
2020,6,30,4,234,M,FEMENINO,4,10250000
2020,6,30,4,234,M,MASCULINO,2,9350000
2020,6,30,5,64,M,FEMENINO,26,64317600
2020,6,30,5,64,M,MASCULINO,67,140577966
2020,6,30,5,65,A,MASCULINO,1,13200000
2020,6,30,5,65,B,MASCULINO,2,5220000
2020,6,30,5,65,C,FEMENINO,3,8100000
2020,6,30,5,65,C,MASCULINO,4,9050000
2020,6,30,5,65,D,FEMENINO,1,2880000
2020,6,30,5,65,D,MASCULINO,2,6440000
2020,6,30,5,65,E,FEMENINO,1,2250000
2020,6,30,5,65,E,MASCULINO,3,7650000
2020,6,30,5,65,G,FEMENINO,3,6390000
2020,6,30,5,65,G,MASCULINO,5,10710000
2020,6,30,5,65,L,MASCULINO,1,1800000
2020,6,30,5,65,U,MASCULINO,1,2700000
2020,6,30,5,66,M,FEMENINO,1,1260000
2020,6,30,5,66,M,MASCULINO,3,9250000
2020,6,30,5,67,M,FEMENINO,1,1080000
2020,6,30,5,67,M,MASCULINO,2,2018000
2020,6,30,5,68,M,FEMENINO,1,1350000
2020,6,30,5,68,M,MASCULINO,2,4438421
2020,6,30,5,69,M,FEMENINO,11,9376500
2020,6,30,5,69,M,MASCULINO,13,22230275
2020,6,30,5,70,M,FEMENINO,3,16780000
2020,6,30,5,70,M,MASCULINO,3,6650000
2020,6,30,5,71,M,FEMENINO,2,3150000
2020,6,30,5,71,M,MASCULINO,1,1300000
2020,6,30,5,72,A,MASCULINO,1,2628000
2020,6,30,5,72,D,MASCULINO,3,4716000
2020,6,30,5,73,0,FEMENINO,2,2745000
2020,6,30,5,73,0,MASCULINO,8,19110000
2020,6,30,5,74,M,FEMENINO,1,1710000
2020,6,30,5,74,M,MASCULINO,3,4860000
2020,6,30,5,75,M,FEMENINO,3,5300000
2020,6,30,5,75,M,MASCULINO,7,30432320
2020,6,30,5,76,M,MASCULINO,3,27000000
2020,6,30,5,77,M,FEMENINO,2,3330000
2020,6,30,5,77,M,MASCULINO,5,13460000
2020,6,30,5,78,M,FEMENINO,6,6437500
2020,6,30,5,78,M,MASCULINO,5,5670000
2020,6,30,5,79,M,FEMENINO,4,7200000
2020,6,30,5,79,M,MASCULINO,13,35195000
2020,6,30,5,81,M,FEMENINO,2,1500000
2020,6,30,5,81,M,MASCULINO,4,5600000
2020,6,30,5,82,M,FEMENINO,2,3270067
2020,6,30,5,82,M,MASCULINO,1,1530000
2020,6,30,5,83,M,FEMENINO,1,990000
2020,6,30,5,83,M,MASCULINO,2,9230931
2020,6,30,5,233,X,FEMENINO,1,1710000
2020,6,30,5,233,X,MASCULINO,2,6220000
2020,6,30,5,243,M,FEMENINO,2,7000000
2020,6,30,5,243,M,MASCULINO,2,3000000
2020,6,30,6,84,M,FEMENINO,6,0
2020,6,30,6,84,M,MASCULINO,11,0
2020,6,30,6,85,M,MASCULINO,3,5480000
2020,6,30,6,86,M,FEMENINO,1,0
2020,6,30,6,86,M,MASCULINO,4,0
2020,6,30,6,87,M,MASCULINO,1,0
2020,6,30,6,88,M,FEMENINO,1,1170000
2020,6,30,6,88,M,MASCULINO,5,6891000
2020,6,30,6,89,M,MASCULINO,2,8710000
2020,6,30,6,90,M,FEMENINO,4,4500000
2020,6,30,6,90,M,MASCULINO,8,22000000
2020,6,30,6,91,1,FEMENINO,1,1620000
2020,6,30,6,91,1,MASCULINO,2,4620000
2020,6,30,6,92,0,FEMENINO,3,11200000
2020,6,30,6,92,0,MASCULINO,3,5630000
2020,6,30,6,93,M,FEMENINO,9,11750000
2020,6,30,6,93,M,MASCULINO,15,30750000
2020,6,30,6,245,M,MASCULINO,3,4240000
2020,6,30,7,94,M,FEMENINO,77,204566305
2020,6,30,7,94,M,MASCULINO,162,496179505
2020,6,30,7,95,M,FEMENINO,4,8812577
2020,6,30,7,95,M,MASCULINO,9,43500045
2020,6,30,7,96,0,FEMENINO,4,7680000
2020,6,30,7,96,0,MASCULINO,4,22337500
2020,6,30,7,97,M,FEMENINO,5,9450000
2020,6,30,7,97,M,MASCULINO,12,29295000
2020,6,30,7,98,M,FEMENINO,8,17300861
2020,6,30,7,98,M,MASCULINO,5,7814861
2020,6,30,7,99,M,FEMENINO,4,4950000
2020,6,30,7,99,M,MASCULINO,2,4600000
2020,6,30,7,100,M,FEMENINO,8,18285000
2020,6,30,7,100,M,MASCULINO,1,9500000
2020,6,30,7,101,M,MASCULINO,11,37571000
2020,6,30,7,102,M,MASCULINO,6,14587000
2020,6,30,7,103,M,FEMENINO,4,7119000
2020,6,30,7,103,M,MASCULINO,8,17994500
2020,6,30,7,104,M,FEMENINO,7,20998800
2020,6,30,7,104,M,MASCULINO,10,28851100
2020,6,30,7,105,M,FEMENINO,5,5850000
2020,6,30,7,105,M,MASCULINO,4,10825000
2020,6,30,7,106,M,FEMENINO,2,2050000
2020,6,30,7,106,M,MASCULINO,4,5650000
2020,6,30,7,107,M,FEMENINO,8,21980600
2020,6,30,7,107,M,MASCULINO,8,33743000
2020,6,30,7,109,M,FEMENINO,1,1500000
2020,6,30,7,109,M,MASCULINO,1,990000
2020,6,30,7,110,M,FEMENINO,13,38760000
2020,6,30,7,110,M,MASCULINO,19,75450000
2020,6,30,7,111,A,MASCULINO,1,4410000
2020,6,30,7,111,B,FEMENINO,1,1633333
2020,6,30,7,111,M,FEMENINO,1,1485000
2020,6,30,7,113,M,FEMENINO,2,4200000
2020,6,30,7,113,M,MASCULINO,5,19800000
2020,6,30,7,114,M,FEMENINO,2,22950000
2020,6,30,7,114,M,MASCULINO,11,40250000
2020,6,30,7,115,M,FEMENINO,8,18888806
2020,6,30,7,115,M,MASCULINO,2,7301306
2020,6,30,7,116,M,FEMENINO,5,6660000
2020,6,30,7,116,M,MASCULINO,3,14060000
2020,6,30,7,117,M,FEMENINO,5,0
2020,6,30,7,117,M,MASCULINO,2,0
2020,6,30,7,118,M,MASCULINO,4,12900000
2020,6,30,7,119,M,FEMENINO,2,11064861
2020,6,30,7,119,M,MASCULINO,2,6624463
2020,6,30,7,120,M,FEMENINO,3,4600000
2020,6,30,7,120,M,MASCULINO,3,13300000
2020,6,30,7,121,M,FEMENINO,1,21000000
2020,6,30,7,121,M,MASCULINO,4,11131667
2020,6,30,7,122,A,MASCULINO,1,8845000
2020,6,30,7,122,C,FEMENINO,3,8627033
2020,6,30,7,122,C,MASCULINO,1,2943000
2020,6,30,7,122,E,FEMENINO,1,1598795
2020,6,30,7,122,E,MASCULINO,3,4476640
2020,6,30,7,123,M,FEMENINO,7,13418000
2020,6,30,7,123,M,MASCULINO,5,17532464
2020,6,30,8,124,0,FEMENINO,18,52075650
2020,6,30,8,124,0,MASCULINO,15,53200000
2020,6,30,8,126,M,FEMENINO,9,40629364
2020,6,30,8,126,M,MASCULINO,19,91713247
2020,6,30,8,127,M,FEMENINO,5,6871000
2020,6,30,8,127,M,MASCULINO,3,5826000
2020,6,30,8,129,M,FEMENINO,3,4131000
2020,6,30,8,129,M,MASCULINO,5,5508000
2020,6,30,8,131,M,FEMENINO,5,30450000
2020,6,30,8,131,M,MASCULINO,3,29700000
2020,6,30,8,132,M,FEMENINO,1,1350000
2020,6,30,8,132,M,MASCULINO,6,9660000
2020,6,30,8,133,M,FEMENINO,1,990000
2020,6,30,8,133,M,MASCULINO,3,2820000
2020,6,30,9,134,M,FEMENINO,20,51951650
2020,6,30,9,134,M,MASCULINO,27,51951650
2020,6,30,9,135,M,MASCULINO,2,7100000
2020,6,30,9,136,M,FEMENINO,7,14400000
2020,6,30,9,136,M,MASCULINO,11,24415000
2020,6,30,9,137,P,FEMENINO,1,1200000
2020,6,30,9,137,P,MASCULINO,4,6000000
2020,6,30,9,138,M,FEMENINO,9,19796000
2020,6,30,9,138,M,MASCULINO,16,46091000
2020,6,30,9,139,M,FEMENINO,2,2250000
2020,6,30,9,139,M,MASCULINO,2,5076098
2020,6,30,9,140,M,FEMENINO,1,2200000
2020,6,30,9,140,M,MASCULINO,4,13600000
2020,6,30,9,141,M,FEMENINO,5,3240000
2020,6,30,9,141,M,MASCULINO,10,11400000
2020,6,30,9,142,M,FEMENINO,5,6188000
2020,6,30,9,142,M,MASCULINO,2,6070000
2020,6,30,9,143,A,FEMENINO,1,8000000
2020,6,30,9,143,B,FEMENINO,1,1350000
2020,6,30,9,143,B,MASCULINO,1,1800000
2020,6,30,9,143,C,FEMENINO,2,3580000
2020,6,30,9,143,C,MASCULINO,4,6660000
2020,6,30,9,143,G,FEMENINO,2,1980000
2020,6,30,9,143,G,MASCULINO,5,4680000
2020,6,30,9,144,M,FEMENINO,2,2375000
2020,6,30,9,144,M,MASCULINO,1,1120000
2020,6,30,9,145,M,FEMENINO,1,500000
2020,6,30,9,145,M,MASCULINO,4,9750000
2020,6,30,9,146,M,FEMENINO,4,7350000
2020,6,30,9,146,M,MASCULINO,3,5400000
2020,6,30,9,148,M,FEMENINO,4,7000000
2020,6,30,9,148,M,MASCULINO,11,27300000
2020,6,30,9,149,M,FEMENINO,3,8700000
2020,6,30,9,149,M,MASCULINO,5,10620000
2020,6,30,9,150,M,MASCULINO,2,3000000
2020,6,30,10,151,A,MASCULINO,1,11400000
2020,6,30,10,151,B,FEMENINO,27,112761137
2020,6,30,10,151,B,MASCULINO,38,180077040
2020,6,30,10,151,C,FEMENINO,90,260470934
2020,6,30,10,151,C,MASCULINO,107,289310501
2020,6,30,10,151,D,MASCULINO,1,1896100
2020,6,30,10,151,E,FEMENINO,8,14177868
2020,6,30,10,151,E,MASCULINO,5,9529031
2020,6,30,10,151,F,FEMENINO,9,19285201
2020,6,30,10,151,F,MASCULINO,31,60622568
2020,6,30,10,151,G,FEMENINO,8,16398701
2020,6,30,10,151,G,MASCULINO,16,34324834
2020,6,30,10,152,B,MASCULINO,2,7400000
2020,6,30,10,152,D,FEMENINO,9,18466367
2020,6,30,10,152,D,MASCULINO,10,25410000
2020,6,30,10,152,F,FEMENINO,8,14851940
2020,6,30,10,152,F,MASCULINO,8,14780970
2020,6,30,10,152,G,FEMENINO,8,12046227
2020,6,30,10,152,G,MASCULINO,17,54161563
2020,6,30,10,152,H,MASCULINO,2,4410000
2020,6,30,10,153,M,FEMENINO,2,4200000
2020,6,30,10,153,M,MASCULINO,2,10500000
2020,6,30,10,154,M,FEMENINO,2,3800000
2020,6,30,10,154,M,MASCULINO,6,20300000
2020,6,30,10,155,A,MASCULINO,1,14240550
2020,6,30,10,155,B,FEMENINO,5,17658614
2020,6,30,10,155,B,MASCULINO,13,42990980
2020,6,30,10,155,D,FEMENINO,18,39691242
2020,6,30,10,155,D,MASCULINO,11,26152572
2020,6,30,10,155,E,FEMENINO,6,10354837
2020,6,30,10,155,E,MASCULINO,10,20005165
2020,6,30,10,155,F,FEMENINO,1,1306667
2020,6,30,10,155,F,MASCULINO,1,1574534
2020,6,30,10,155,G,FEMENINO,12,31388878
2020,6,30,10,155,G,MASCULINO,17,44593712
2020,6,30,10,155,L,FEMENINO,1,2208690
2020,6,30,10,155,L,MASCULINO,1,1464300
2020,6,30,10,156,M,FEMENINO,4,12583260
2020,6,30,10,156,M,MASCULINO,5,27341852
2020,6,30,10,157,M,FEMENINO,4,7500000
2020,6,30,10,157,M,MASCULINO,11,31300000
2020,6,30,10,158,M,FEMENINO,4,10200000
2020,6,30,10,158,M,MASCULINO,2,18600000
2020,6,30,10,159,M,FEMENINO,4,9009957
2020,6,30,10,159,M,MASCULINO,6,24971810
2020,6,30,10,160,M,FEMENINO,6,12342531
2020,6,30,10,160,M,MASCULINO,6,21777871
2020,6,30,10,161,M,FEMENINO,3,5850000
2020,6,30,10,161,M,MASCULINO,8,22760000
2020,6,30,10,162,M,FEMENINO,25,60785846
2020,6,30,10,162,M,MASCULINO,47,133635151
2020,6,30,10,163,M,FEMENINO,3,8800000
2020,6,30,10,163,M,MASCULINO,2,16200000
2020,6,30,10,164,A,MASCULINO,1,14949392
2020,6,30,10,164,B,FEMENINO,5,25572056
2020,6,30,10,164,B,MASCULINO,4,20977277
2020,6,30,10,164,C,FEMENINO,8,30388957
2020,6,30,10,164,C,MASCULINO,7,30395644
2020,6,30,10,164,D,FEMENINO,2,7035490
2020,6,30,10,164,D,MASCULINO,3,10326471
2020,6,30,10,164,F,FEMENINO,7,18692381
2020,6,30,10,164,F,MASCULINO,5,14405636
2020,6,30,10,164,G,FEMENINO,13,33622663
2020,6,30,10,164,G,MASCULINO,48,129262348
2020,6,30,10,165,A,MASCULINO,1,15400000
2020,6,30,10,165,C,FEMENINO,3,8950000
2020,6,30,10,165,C,MASCULINO,2,7550000
2020,6,30,10,165,D,FEMENINO,1,2700000
2020,6,30,10,165,G,MASCULINO,2,8000000
2020,6,30,10,166,M,FEMENINO,6,15506700
2020,6,30,10,166,M,MASCULINO,5,9864000
2020,6,30,10,167,M,FEMENINO,6,9720000
2020,6,30,10,167,M,MASCULINO,8,34580000
2020,6,30,10,168,M,FEMENINO,7,19161090
2020,6,30,10,168,M,MASCULINO,3,21755362
2020,6,30,10,169,M,FEMENINO,6,13416000
2020,6,30,10,169,M,MASCULINO,9,29730000
2020,6,30,10,170,M,FEMENINO,6,20592000
2020,6,30,10,170,M,MASCULINO,6,33835259
2020,6,30,10,240,M,FEMENINO,6,9240000
2020,6,30,10,240,M,MASCULINO,5,13720000
2020,6,30,10,246,M,FEMENINO,1,1980000
2020,6,30,10,246,M,MASCULINO,6,16335000
2020,6,30,11,171,M,FEMENINO,9,11782777
2020,6,30,11,171,M,MASCULINO,18,20086774
2020,6,30,11,172,M,FEMENINO,47,47178413
2020,6,30,11,172,M,MASCULINO,75,91557389
2020,6,30,11,173,A,MASCULINO,1,17553356
2020,6,30,11,173,B,FEMENINO,5,19401755
2020,6,30,11,173,B,MASCULINO,10,40442819
2020,6,30,11,173,C,FEMENINO,8,25266730
2020,6,30,11,173,C,MASCULINO,25,73599602
2020,6,30,11,173,D,FEMENINO,19,51592047
2020,6,30,11,173,D,MASCULINO,34,81229222
2020,6,30,11,173,E,FEMENINO,63,94270134
2020,6,30,11,173,E,MASCULINO,73,132825587
2020,6,30,11,173,F,FEMENINO,10,20062423
2020,6,30,11,173,F,MASCULINO,6,9523015
2020,6,30,11,173,G,FEMENINO,53,83190804
2020,6,30,11,173,G,MASCULINO,49,76360030
2020,6,30,11,174,M,FEMENINO,10,23270000
2020,6,30,11,174,M,MASCULINO,3,16460000
2020,6,30,11,175,M,FEMENINO,3,11080000
2020,6,30,11,175,M,MASCULINO,1,1900000
2020,6,30,11,176,M,FEMENINO,16,27672700
2020,6,30,11,176,M,MASCULINO,21,40164117
2020,6,30,11,177,M,FEMENINO,93,0
2020,6,30,11,177,M,MASCULINO,148,0
2020,6,30,11,178,M,FEMENINO,40,95288590
2020,6,30,11,178,M,MASCULINO,56,141880500
2020,6,30,11,179,M,FEMENINO,66,91777793
2020,6,30,11,179,M,MASCULINO,94,153054784
2020,6,30,11,180,A,FEMENINO,1,24000000
2020,6,30,11,180,B,FEMENINO,2,3200301
2020,6,30,11,180,B,MASCULINO,2,5462553
2020,6,30,11,180,C,FEMENINO,2,7105600
2020,6,30,11,180,C,MASCULINO,7,18147488
2020,6,30,11,180,D,FEMENINO,38,86678417
2020,6,30,11,180,D,MASCULINO,26,64673844
2020,6,30,11,180,E,FEMENINO,43,80109624
2020,6,30,11,180,E,MASCULINO,42,72516416
2020,6,30,11,180,F,FEMENINO,4,8263764
2020,6,30,11,180,F,MASCULINO,5,9854256
2020,6,30,11,180,G,FEMENINO,9,15163497
2020,6,30,11,180,G,MASCULINO,2,3328232
2020,6,30,11,180,L,FEMENINO,2,3517695
2020,6,30,11,180,L,MASCULINO,4,7353085
2020,6,30,11,180,U,FEMENINO,10,16700000
2020,6,30,11,180,U,MASCULINO,9,15030000
2020,6,30,11,181,M,FEMENINO,2,2031890
2020,6,30,11,181,M,MASCULINO,3,7339710
2020,6,30,11,182,M,FEMENINO,11,35897112
2020,6,30,11,182,M,MASCULINO,16,49276164
2020,6,30,11,183,C,MASCULINO,1,10529900
2020,6,30,11,183,M,FEMENINO,5,16071394
2020,6,30,11,183,M,MASCULINO,10,27534000
2020,6,30,11,184,M,FEMENINO,202,433270439
2020,6,30,11,184,M,MASCULINO,279,635599597
2020,6,30,11,185,M,FEMENINO,65,153894154
2020,6,30,11,185,M,MASCULINO,50,121269082
2020,6,30,11,186,A,MASCULINO,1,13647675
2020,6,30,11,186,B,FEMENINO,1,5803027
2020,6,30,11,186,B,MASCULINO,4,14358561
2020,6,30,11,186,C,FEMENINO,2,9549257
2020,6,30,11,186,E,FEMENINO,4,11693028
2020,6,30,11,186,E,MASCULINO,5,13004537
2020,6,30,11,186,F,FEMENINO,2,4070000
2020,6,30,11,186,G,FEMENINO,4,7504864
2020,6,30,11,186,G,MASCULINO,1,1818957
2020,6,30,11,186,M,FEMENINO,5,16894225
2020,6,30,11,186,M,MASCULINO,5,14385977
2020,6,30,11,187,M,FEMENINO,16,29873737
2020,6,30,11,187,M,MASCULINO,22,45147988
2020,6,30,11,188,M,MASCULINO,2,9800000
2020,6,30,11,189,M,FEMENINO,1,1350000
2020,6,30,11,189,M,MASCULINO,6,14750000
2020,6,30,12,191,M,FEMENINO,4,6950000
2020,6,30,12,191,M,MASCULINO,8,19000000
2020,6,30,12,192,M,FEMENINO,3,2502000
2020,6,30,12,192,M,MASCULINO,3,3330000
2020,6,30,12,193,M,FEMENINO,3,1650000
2020,6,30,12,193,M,MASCULINO,1,1250000
2020,6,30,12,194,M,FEMENINO,3,2195000
2020,6,30,12,194,M,MASCULINO,4,2792052
2020,6,30,12,196,M,MASCULINO,3,3600000
2020,6,30,12,197,M,FEMENINO,3,4550000
2020,6,30,12,197,M,MASCULINO,2,6500000
2020,6,30,12,199,M,FEMENINO,4,2790000
2020,6,30,12,199,M,MASCULINO,2,1670000
2020,6,30,12,200,M,FEMENINO,1,950000
2020,6,30,12,200,M,MASCULINO,2,1950000
2020,6,30,12,201,M,FEMENINO,1,1350000
2020,6,30,12,201,M,MASCULINO,3,5200000
2020,6,30,12,205,M,FEMENINO,3,2500000
2020,6,30,12,205,M,MASCULINO,3,2440000
2020,6,30,13,206,A,MASCULINO,1,21928390
2020,6,30,13,206,B,MASCULINO,1,9931801
2020,6,30,13,206,C,FEMENINO,3,19335583
2020,6,30,13,206,C,MASCULINO,12,82748247
2020,6,30,13,206,E,FEMENINO,2,7952374
2020,6,30,13,206,E,MASCULINO,4,15362863
2020,6,30,13,206,F,FEMENINO,10,43769031
2020,6,30,13,206,F,MASCULINO,11,38245366
2020,6,30,13,206,G,FEMENINO,16,40301133
2020,6,30,13,206,G,MASCULINO,36,101937185
2020,6,30,13,207,M,FEMENINO,7,9784850
2020,6,30,13,207,M,MASCULINO,10,8554500
2020,6,30,13,208,M,FEMENINO,12,28680563
2020,6,30,13,208,M,MASCULINO,22,65837042
2020,6,30,13,242,M,FEMENINO,2,4095000
2020,6,30,13,242,M,MASCULINO,4,10300000
2020,6,30,13,250,M,FEMENINO,1,1350000
2020,6,30,13,250,M,MASCULINO,1,3000000
2020,6,30,14,209,M,FEMENINO,2,4185000
2020,6,30,14,209,M,MASCULINO,14,56783334
2020,6,30,14,210,M,FEMENINO,2,3250000
2020,6,30,14,210,M,MASCULINO,4,14850000
2020,6,30,14,211,M,FEMENINO,3,11430000
2020,6,30,14,211,M,MASCULINO,6,22816860
2020,6,30,14,212,0,MASCULINO,3,5650000
2020,6,30,14,213,M,FEMENINO,2,3436835
2020,6,30,14,213,M,MASCULINO,7,14600000
2020,6,30,14,214,M,MASCULINO,4,8035000
2020,6,30,14,215,M,FEMENINO,1,1530000
2020,6,30,14,215,M,MASCULINO,3,11310000
2020,6,30,14,216,M,FEMENINO,1,2192839
2020,6,30,14,216,M,MASCULINO,6,26992839
2020,6,30,14,217,M,FEMENINO,6,15480000
2020,6,30,14,217,M,MASCULINO,6,28620000
2020,6,30,14,218,M,FEMENINO,7,16579998
2020,6,30,14,218,M,MASCULINO,5,20139502
2020,6,30,14,219,A,MASCULINO,1,21928390
2020,6,30,14,219,C,FEMENINO,1,2700000
2020,6,30,14,219,C,MASCULINO,1,3150000
2020,6,30,14,219,D,FEMENINO,8,18443334
2020,6,30,14,219,D,MASCULINO,4,9945000
2020,6,30,14,244,M,FEMENINO,3,5400000
2020,6,30,14,244,M,MASCULINO,9,16700000
2020,6,30,14,247,M,MASCULINO,5,7490300
2020,6,30,14,251,M,FEMENINO,6,7800000
2020,6,30,14,251,M,MASCULINO,3,9500000
2020,6,30,14,255,M,FEMENINO,1,1300000
2020,6,30,14,255,M,MASCULINO,4,10650000
2020,6,30,15,220,M,FEMENINO,10,20255591
2020,6,30,15,220,M,MASCULINO,12,45609142
2020,6,30,15,221,M,FEMENINO,3,4074399
2020,6,30,15,221,M,MASCULINO,3,12669867
2020,6,30,15,222,0,MASCULINO,1,3550000
2020,6,30,15,222,M,FEMENINO,43,108893565
2020,6,30,15,222,M,MASCULINO,53,160233016
2020,6,30,15,223,M,FEMENINO,1,1800000
2020,6,30,15,223,M,MASCULINO,3,6200000
2020,6,30,15,224,M,FEMENINO,20,46926021
2020,6,30,15,224,M,MASCULINO,14,21778821
2020,6,30,15,229,M,FEMENINO,2,5250000
2020,6,30,15,229,M,MASCULINO,5,22151126
2020,6,30,15,232,M,FEMENINO,2,3600000
2020,6,30,15,232,M,MASCULINO,2,9115000
2020,6,30,15,233,M,FEMENINO,1,1900000
2020,6,30,15,233,M,MASCULINO,6,14900000
2020,6,30,16,228,M,FEMENINO,2,8385000
2020,6,30,16,228,M,MASCULINO,8,52040000
2020,6,30,16,230,M,MASCULINO,5,45450000
2020,6,30,16,231,M,FEMENINO,2,5107548
2020,6,30,16,231,M,MASCULINO,4,34478390
2020,6,30,17,226,M,FEMENINO,6,25200000
2020,6,30,17,226,M,MASCULINO,4,8700000
2020,6,30,17,227,M,FEMENINO,7,13400000
2020,6,30,17,227,M,MASCULINO,12,30900000
2020,6,40,1,1,C,FEMENINO,1187,3977782634
2020,6,40,1,1,C,MASCULINO,2427,8333424502
2020,6,40,2,1,B,FEMENINO,19,243367000
2020,6,40,2,1,B,MASCULINO,49,641860267
2020,6,40,2,1,C,FEMENINO,47,425071000
2020,6,40,2,1,C,MASCULINO,93,842960000
2020,6,40,2,1,D,FEMENINO,78,558342000
2020,6,40,2,1,D,MASCULINO,160,1139636000
2020,6,40,2,1,E,FEMENINO,20,118944000
2020,6,40,2,1,E,MASCULINO,56,306814000
2020,6,40,2,1,F,FEMENINO,85,366618000
2020,6,40,2,1,F,MASCULINO,202,860584000
2020,6,40,2,1,G,FEMENINO,31,105638000
2020,6,40,2,1,G,MASCULINO,499,1694865000
2020,6,40,2,1,H,FEMENINO,58,167015000
2020,6,40,2,1,H,MASCULINO,436,1323305064
2020,6,40,2,1,I,FEMENINO,103,244728000
2020,6,40,2,1,I,MASCULINO,70,166320000
2020,6,40,3,1,0,FEMENINO,49,127532361
2020,6,40,3,1,0,MASCULINO,112,253920674
2020,6,40,3,1,C,MASCULINO,1,2275000
2021,6,11,1,1,A,FEMENINO,30,224900000
2021,6,11,1,1,A,MASCULINO,41,307200000
2021,6,11,1,1,B,FEMENINO,32,406700000
2021,6,11,1,1,B,MASCULINO,31,412500000
2021,6,11,1,1,C,FEMENINO,38,270200000
2021,6,11,1,1,C,MASCULINO,40,303200000
2021,6,11,1,1,D,FEMENINO,42,293270000
2021,6,11,1,1,D,MASCULINO,38,276900000
2021,6,11,1,1,E,FEMENINO,2,14800000
2021,6,11,1,1,E,MASCULINO,3,22700000
2021,6,11,1,1,F,FEMENINO,86,379700000
2021,6,11,1,1,F,MASCULINO,160,705900000
2021,6,11,2,1,A,FEMENINO,33,249400000
2021,6,11,2,1,A,MASCULINO,48,411700000
2021,6,11,2,1,B,FEMENINO,75,994500000
2021,6,11,2,1,B,MASCULINO,70,958300000
2021,6,11,2,1,C,FEMENINO,75,647610000
2021,6,11,2,1,C,MASCULINO,95,793100000
2021,6,11,2,1,D,FEMENINO,32,220300000
2021,6,11,2,1,D,MASCULINO,45,297100000
2021,6,11,2,1,E,FEMENINO,3,24000000
2021,6,11,2,1,E,MASCULINO,3,24000000
2021,6,11,2,1,F,FEMENINO,94,454800000
2021,6,11,2,1,F,MASCULINO,146,674060000
2021,6,11,3,1,A,FEMENINO,106,764500000
2021,6,11,3,1,A,MASCULINO,158,1390400000
2021,6,11,3,1,B,FEMENINO,45,617700000
2021,6,11,3,1,B,MASCULINO,44,630500000
2021,6,11,3,1,C,FEMENINO,123,939633200
2021,6,11,3,1,C,MASCULINO,166,1345994800
2021,6,11,3,1,D,FEMENINO,187,1264960500
2021,6,11,3,1,D,MASCULINO,188,1266749600
2021,6,11,3,1,E,FEMENINO,34,140100000
2021,6,11,3,1,E,MASCULINO,49,179359000
2021,6,11,3,1,F,FEMENINO,122,430300000
2021,6,11,3,1,F,MASCULINO,113,394000000
2021,6,11,3,1,G,MASCULINO,3,9392839
2021,6,12,1,1,A,FEMENINO,7,91000000
2021,6,12,1,1,A,MASCULINO,9,173500000
2021,6,12,1,1,B,FEMENINO,10,130000000
2021,6,12,1,1,B,MASCULINO,4,50600000
2021,6,12,1,1,C,FEMENINO,17,125300000
2021,6,12,1,1,C,MASCULINO,28,210400000
2021,6,12,1,1,D,FEMENINO,16,72900000
2021,6,12,1,1,D,MASCULINO,13,57300000
2021,6,12,1,1,E,FEMENINO,11,38000000
2021,6,12,1,1,E,MASCULINO,12,40900000
2021,6,12,1,1,F,FEMENINO,3,6600000
2021,6,12,1,1,F,MASCULINO,4,8800000
2021,6,12,1,1,G,FEMENINO,27,76485678
2021,6,12,1,1,G,MASCULINO,40,117349873
2021,6,12,1,2,A,MASCULINO,1,22000000
2021,6,12,1,2,C,FEMENINO,1,6000000
2021,6,12,1,2,C,MASCULINO,2,16300000
2021,6,12,1,2,D,FEMENINO,5,25100000
2021,6,12,1,2,D,MASCULINO,1,5400000
2021,6,12,1,2,E,FEMENINO,1,2400000
2021,6,12,1,2,E,MASCULINO,5,15100000
2021,6,12,1,2,G,FEMENINO,3,8900000
2021,6,12,1,2,G,MASCULINO,4,11000000
2021,6,12,1,5,A,FEMENINO,3,41600000
2021,6,12,1,5,A,MASCULINO,2,22400000
2021,6,12,1,5,B,FEMENINO,17,168700000
2021,6,12,1,5,B,MASCULINO,10,104600000
2021,6,12,1,5,C,FEMENINO,19,105800000
2021,6,12,1,5,C,MASCULINO,19,99500000
2021,6,12,1,5,D,FEMENINO,14,53000000
2021,6,12,1,5,D,MASCULINO,12,48300000
2021,6,12,1,5,E,FEMENINO,1,3000000
2021,6,12,1,5,E,MASCULINO,3,9656000
2021,6,12,1,5,F,FEMENINO,8,21200000
2021,6,12,1,5,F,MASCULINO,18,48008000
2021,6,12,1,5,G,MASCULINO,3,8700000
2021,6,12,1,6,A,FEMENINO,1,22000000
2021,6,12,1,6,B,FEMENINO,17,196500000
2021,6,12,1,6,B,MASCULINO,8,89300000
2021,6,12,1,6,C,FEMENINO,24,188700000
2021,6,12,1,6,C,MASCULINO,9,72800000
2021,6,12,1,6,D,FEMENINO,3,14500000
2021,6,12,1,6,D,MASCULINO,6,29000000
2021,6,12,1,6,E,FEMENINO,1,3800000
2021,6,12,1,6,E,MASCULINO,3,10800000
2021,6,12,1,11,A,FEMENINO,1,22000000
2021,6,12,1,11,A,MASCULINO,1,15000000
2021,6,12,1,11,B,FEMENINO,15,134300000
2021,6,12,1,11,B,MASCULINO,20,186000000
2021,6,12,1,11,C,FEMENINO,27,154800000
2021,6,12,1,11,C,MASCULINO,18,103800000
2021,6,12,1,11,D,FEMENINO,13,55600000
2021,6,12,1,11,D,MASCULINO,15,68200000
2021,6,12,1,11,E,FEMENINO,18,55900000
2021,6,12,1,11,E,MASCULINO,23,73100000
2021,6,12,1,11,F,MASCULINO,1,2600000
2021,6,12,1,11,G,FEMENINO,1,2900000
2021,6,12,1,11,G,MASCULINO,1,2900000
2021,6,12,1,11,K,FEMENINO,42,156715200
2021,6,12,1,11,K,MASCULINO,159,655696800
2021,6,12,1,12,A,MASCULINO,1,22000000
2021,6,12,1,12,B,FEMENINO,1,9400000
2021,6,12,1,12,B,MASCULINO,9,84600000
2021,6,12,1,14,A,MASCULINO,1,22000000
2021,6,12,1,14,B,FEMENINO,14,145900000
2021,6,12,1,14,B,MASCULINO,14,155000000
2021,6,12,1,14,C,FEMENINO,9,56000000
2021,6,12,1,14,C,MASCULINO,9,54900000
2021,6,12,1,14,D,FEMENINO,4,17800000
2021,6,12,1,14,D,MASCULINO,7,31500000
2021,6,12,1,14,E,FEMENINO,4,10000000
2021,6,12,1,14,E,MASCULINO,5,13800000
2021,6,12,1,15,A,FEMENINO,14,123500000
2021,6,12,1,15,A,MASCULINO,35,307150000
2021,6,12,1,15,B,FEMENINO,10,90700000
2021,6,12,1,15,B,MASCULINO,5,50800000
2021,6,12,1,15,C,FEMENINO,2,15700000
2021,6,12,1,15,C,MASCULINO,3,27500000
2021,6,12,1,15,D,FEMENINO,19,85100000
2021,6,12,1,15,D,MASCULINO,13,58200000
2021,6,12,1,15,E,FEMENINO,4,11200000
2021,6,12,1,15,E,MASCULINO,3,10300000
2021,6,12,1,15,F,FEMENINO,2,6100000
2021,6,12,1,15,F,MASCULINO,2,7000000
2021,6,12,1,15,G,MASCULINO,4,9778517
2021,6,12,1,17,A,MASCULINO,1,22000000
2021,6,12,1,17,B,FEMENINO,1,6900000
2021,6,12,1,17,B,MASCULINO,5,33400000
2021,6,12,1,17,C,FEMENINO,8,44300000
2021,6,12,1,17,C,MASCULINO,6,28000000
2021,6,12,1,17,D,FEMENINO,8,29600000
2021,6,12,1,17,D,MASCULINO,4,14600000
2021,6,12,1,17,E,FEMENINO,6,15800000
2021,6,12,1,17,E,MASCULINO,10,25792839
2021,6,12,1,17,F,FEMENINO,4,11500000
2021,6,12,1,17,F,MASCULINO,4,9985678
2021,6,12,1,17,G,FEMENINO,4,9392839
2021,6,12,1,17,G,MASCULINO,15,36378517
2021,6,12,1,18,A,FEMENINO,1,22000000
2021,6,12,1,18,A,MASCULINO,1,10700000
2021,6,12,1,18,B,FEMENINO,11,112800000
2021,6,12,1,18,B,MASCULINO,2,22500000
2021,6,12,1,18,C,FEMENINO,42,277470000
2021,6,12,1,18,C,MASCULINO,16,100600000
2021,6,12,1,18,D,FEMENINO,18,60385678
2021,6,12,1,18,D,MASCULINO,4,14000000
2021,6,12,1,18,E,FEMENINO,9,25785678
2021,6,12,1,18,E,MASCULINO,4,15300000
2021,6,12,1,18,F,FEMENINO,21,52415551
2021,6,12,1,18,F,MASCULINO,28,64042458
2021,6,12,1,20,A,MASCULINO,1,22000000
2021,6,12,1,20,B,FEMENINO,12,125700000
2021,6,12,1,20,B,MASCULINO,11,116600000
2021,6,12,1,20,C,FEMENINO,17,116400000
2021,6,12,1,20,C,MASCULINO,18,131700000
2021,6,12,1,20,D,MASCULINO,1,4200000
2021,6,12,1,20,E,FEMENINO,1,3000000
2021,6,12,1,20,E,MASCULINO,1,2800000
2021,6,12,1,20,G,FEMENINO,1,2400000
2021,6,12,1,20,G,MASCULINO,3,7200000
2021,6,12,1,21,A,MASCULINO,2,30500000
2021,6,12,1,21,B,FEMENINO,9,77900000
2021,6,12,1,21,B,MASCULINO,14,124900000
2021,6,12,1,21,C,FEMENINO,25,131600000
2021,6,12,1,21,C,MASCULINO,16,79800000
2021,6,12,1,21,D,FEMENINO,19,77600000
2021,6,12,1,21,D,MASCULINO,10,44100000
2021,6,12,1,21,E,FEMENINO,11,38000000
2021,6,12,1,21,E,MASCULINO,12,37610000
2021,6,12,1,21,F,FEMENINO,27,66100000
2021,6,12,1,21,F,MASCULINO,19,46000000
2021,6,12,1,21,G,FEMENINO,7,17400000
2021,6,12,1,21,G,MASCULINO,6,16000000
2021,6,12,1,23,A,FEMENINO,1,22000000
2021,6,12,1,23,B,FEMENINO,2,22400000
2021,6,12,1,23,B,MASCULINO,6,67200000
2021,6,12,1,23,C,FEMENINO,7,45200000
2021,6,12,1,23,C,MASCULINO,22,161800000
2021,6,12,1,23,D,FEMENINO,6,29000000
2021,6,12,1,23,D,MASCULINO,4,20000000
2021,6,12,1,23,E,MASCULINO,2,5400000
2021,6,12,1,23,F,FEMENINO,3,10400000
2021,6,12,1,23,F,MASCULINO,3,9000000
2021,6,12,1,23,G,FEMENINO,6,18192839
2021,6,12,1,23,G,MASCULINO,15,44585678
2021,6,12,1,29,A,FEMENINO,1,22000000
2021,6,12,1,29,B,FEMENINO,3,23600000
2021,6,12,1,29,B,MASCULINO,1,6000000
2021,6,12,1,29,C,FEMENINO,6,29000000
2021,6,12,1,29,C,MASCULINO,3,15000000
2021,6,12,1,29,D,FEMENINO,5,19760000
2021,6,12,1,29,D,MASCULINO,7,27980000
2021,6,12,1,29,E,FEMENINO,1,3000000
2021,6,12,1,29,E,MASCULINO,1,3600000
2021,6,12,1,29,G,FEMENINO,3,6600000
2021,6,12,1,29,G,MASCULINO,5,9700000
2021,6,12,1,30,A,FEMENINO,4,37600000
2021,6,12,1,30,B,FEMENINO,6,67800000
2021,6,12,1,30,B,MASCULINO,3,33900000
2021,6,12,1,30,C,FEMENINO,14,78700000
2021,6,12,1,30,C,MASCULINO,20,134700000
2021,6,12,1,30,D,FEMENINO,21,85700000
2021,6,12,1,30,D,MASCULINO,12,51200000
2021,6,12,1,30,E,FEMENINO,30,85449873
2021,6,12,1,30,E,MASCULINO,28,89785678
2021,6,12,1,30,F,FEMENINO,16,49800000
2021,6,12,1,30,F,MASCULINO,16,52800000
2021,6,12,1,30,G,FEMENINO,13,36285678
2021,6,12,1,30,G,MASCULINO,37,95828390
2021,6,12,1,30,L,FEMENINO,2,4005400
2021,6,12,1,30,S,FEMENINO,124,511044278
2021,6,12,1,30,S,MASCULINO,44,196300000
2021,6,12,1,30,Z,FEMENINO,5,7949152
2021,6,12,1,36,A,FEMENINO,2,18800000
2021,6,12,1,36,A,MASCULINO,2,31400000
2021,6,12,1,36,B,FEMENINO,5,61000000
2021,6,12,1,36,B,MASCULINO,7,73600000
2021,6,12,1,36,C,FEMENINO,17,123800000
2021,6,12,1,36,C,MASCULINO,13,95300000
2021,6,12,1,36,D,FEMENINO,8,36200000
2021,6,12,1,36,D,MASCULINO,6,26400000
2021,6,12,1,36,E,FEMENINO,2,5200000
2021,6,12,1,36,E,MASCULINO,7,22113333
2021,6,12,1,36,G,FEMENINO,1,2900000
2021,6,12,1,36,G,MASCULINO,1,2300000
2021,6,12,1,38,B,FEMENINO,16,120800000
2021,6,12,1,38,B,MASCULINO,5,38600000
2021,6,12,1,38,C,FEMENINO,6,37600000
2021,6,12,1,38,C,MASCULINO,6,36000000
2021,6,12,1,38,D,MASCULINO,3,14300000
2021,6,12,1,38,G,FEMENINO,1,2192839
2021,6,12,1,38,G,MASCULINO,1,2192839
2021,6,12,1,40,A,FEMENINO,1,22000000
2021,6,12,1,40,B,FEMENINO,6,46500000
2021,6,12,1,40,B,MASCULINO,1,5500000
2021,6,12,1,40,C,FEMENINO,1,6500000
2021,6,12,1,40,C,MASCULINO,3,18700000
2021,6,12,1,40,D,FEMENINO,5,21300000
2021,6,12,1,40,D,MASCULINO,4,15500000
2021,6,12,1,40,E,FEMENINO,1,2400000
2021,6,12,1,40,F,FEMENINO,3,7192839
2021,6,12,1,40,F,MASCULINO,3,7192839
2021,6,12,1,40,G,MASCULINO,2,4892839
2021,6,12,1,50,A,MASCULINO,1,22000000
2021,6,12,1,50,B,FEMENINO,1,6000000
2021,6,12,1,50,B,MASCULINO,7,56000000
2021,6,12,1,50,D,FEMENINO,1,5000000
2021,6,12,1,50,D,MASCULINO,1,5000000
2021,6,12,1,51,A,MASCULINO,1,22000000
2021,6,12,1,51,B,FEMENINO,3,20000000
2021,6,12,1,51,B,MASCULINO,5,41000000
2021,6,12,1,51,C,FEMENINO,1,6000000
2021,6,12,1,51,D,FEMENINO,1,3900000
2021,6,12,1,51,D,MASCULINO,1,2900000
2021,6,12,1,51,E,FEMENINO,1,2800000
2021,6,12,1,51,E,MASCULINO,2,4992839
2021,6,12,1,51,G,FEMENINO,3,6578517
2021,6,12,1,51,G,MASCULINO,1,2200000
2021,6,12,1,53,A,MASCULINO,1,22000000
2021,6,12,1,53,B,FEMENINO,4,50300000
2021,6,12,1,53,B,MASCULINO,3,35600000
2021,6,12,1,53,C,FEMENINO,1,7600000
2021,6,12,1,53,C,MASCULINO,2,15200000
2021,6,12,1,53,D,FEMENINO,1,5100000
2021,6,12,1,53,D,MASCULINO,1,5100000
2021,6,12,1,54,A,FEMENINO,1,22000000
2021,6,12,1,54,A,MASCULINO,1,15000000
2021,6,12,1,54,B,FEMENINO,1,12200000
2021,6,12,1,54,B,MASCULINO,3,36900000
2021,6,12,1,54,C,FEMENINO,1,9500000
2021,6,12,1,54,C,MASCULINO,1,9500000
2021,6,12,1,54,D,FEMENINO,1,3100000
2021,6,12,2,1,A,MASCULINO,4,68500000
2021,6,12,2,1,B,FEMENINO,6,66800000
2021,6,12,2,1,B,MASCULINO,7,77000000
2021,6,12,2,1,C,FEMENINO,6,43500000
2021,6,12,2,1,C,MASCULINO,4,29000000
2021,6,12,2,1,D,FEMENINO,4,19900000
2021,6,12,2,1,D,MASCULINO,5,28376000
2021,6,12,2,1,E,FEMENINO,2,8000000
2021,6,12,2,1,E,MASCULINO,3,12200000
2021,6,12,2,1,F,FEMENINO,4,14300000
2021,6,12,2,1,F,MASCULINO,3,11200000
2021,6,12,2,1,G,FEMENINO,9,26485678
2021,6,12,2,1,G,MASCULINO,14,41285678
2021,6,12,3,1,A,MASCULINO,2,36500000
2021,6,12,3,1,B,FEMENINO,13,141800000
2021,6,12,3,1,B,MASCULINO,23,255300000
2021,6,12,3,1,C,FEMENINO,32,247500000
2021,6,12,3,1,C,MASCULINO,29,218800000
2021,6,12,3,1,D,FEMENINO,63,292000000
2021,6,12,3,1,D,MASCULINO,73,355100000
2021,6,12,3,1,E,FEMENINO,42,141000000
2021,6,12,3,1,E,MASCULINO,85,282500000
2021,6,12,3,1,F,FEMENINO,21,62300000
2021,6,12,3,1,F,MASCULINO,32,96100000
2021,6,12,3,1,G,FEMENINO,7,20900000
2021,6,12,3,1,G,MASCULINO,27,80492839
2021,6,12,3,2,D,FEMENINO,7,26800000
2021,6,12,3,2,D,MASCULINO,2,7900000
2021,6,12,3,2,E,FEMENINO,434,1204971356
2021,6,12,3,2,E,MASCULINO,215,598271356
2021,6,12,3,2,G,FEMENINO,525,1325520975
2021,6,12,3,2,G,MASCULINO,227,579621229
2021,6,12,3,2,L,FEMENINO,119,126532560
2021,6,12,3,2,L,MASCULINO,222,212436840
2021,6,12,3,2,P,FEMENINO,3647,16641016868
2021,6,12,3,2,P,MASCULINO,21991,113860097309
2021,6,12,3,2,S,FEMENINO,74,259827600
2021,6,12,3,2,S,MASCULINO,26,95066700
2021,6,12,3,2,Y,FEMENINO,515,201412354
2021,6,12,3,2,Y,MASCULINO,2142,777909990
2021,6,12,3,2,Z,FEMENINO,7,3655400
2021,6,12,3,2,Z,MASCULINO,12,5987800
2021,6,12,4,1,A,MASCULINO,3,52000000
2021,6,12,4,1,B,FEMENINO,122,1270900000
2021,6,12,4,1,B,MASCULINO,163,1770000000
2021,6,12,4,1,C,FEMENINO,13,95200000
2021,6,12,4,1,C,MASCULINO,19,131400000
2021,6,12,4,1,D,FEMENINO,46,181805700
2021,6,12,4,1,D,MASCULINO,41,171303333
2021,6,12,4,1,E,FEMENINO,41,127700000
2021,6,12,4,1,E,MASCULINO,67,190800000
2021,6,12,4,1,F,FEMENINO,10,32100000
2021,6,12,4,1,F,MASCULINO,12,38300000
2021,6,12,4,1,G,FEMENINO,11,34485678
2021,6,12,4,1,G,MASCULINO,30,88521229
2021,6,12,5,1,A,FEMENINO,1,15000000
2021,6,12,5,1,A,MASCULINO,8,85100000
2021,6,12,5,1,B,FEMENINO,20,139300000
2021,6,12,5,1,B,MASCULINO,23,167700000
2021,6,12,5,1,D,FEMENINO,148,548700000
2021,6,12,5,1,D,MASCULINO,138,516400000
2021,6,12,5,1,E,FEMENINO,285,915700000
2021,6,12,5,1,E,MASCULINO,521,1659700000
2021,6,12,5,1,F,FEMENINO,52,169700000
2021,6,12,5,1,F,MASCULINO,105,346300000
2021,6,12,5,1,G,FEMENINO,300,780500000
2021,6,12,5,1,G,MASCULINO,550,1431500000
2021,6,12,5,1,M,FEMENINO,1388,6621803359
2021,6,12,5,1,M,MASCULINO,13298,62912548495
2021,6,12,5,1,S,FEMENINO,120,395271500
2021,6,12,5,1,S,MASCULINO,15,56160200
2021,6,12,5,1,Y,FEMENINO,122,53395654
2021,6,12,5,1,Y,MASCULINO,4556,1247768174
2021,6,12,5,1,Z,FEMENINO,88,177670533
2021,6,12,5,1,Z,MASCULINO,304,355448338
2021,6,12,6,1,A,MASCULINO,4,67000000
2021,6,12,6,1,B,FEMENINO,11,140400000
2021,6,12,6,1,B,MASCULINO,23,299000000
2021,6,12,6,1,C,FEMENINO,151,1285900000
2021,6,12,6,1,C,MASCULINO,220,1934133333
2021,6,12,6,1,D,FEMENINO,490,2246970000
2021,6,12,6,1,D,MASCULINO,610,2774810000
2021,6,12,6,1,E,FEMENINO,86,249492585
2021,6,12,6,1,E,MASCULINO,152,441099492
2021,6,12,6,1,F,FEMENINO,19,57200000
2021,6,12,6,1,F,MASCULINO,24,75200000
2021,6,12,6,1,G,MASCULINO,1,2700000
2021,6,12,7,1,A,FEMENINO,2,15500000
2021,6,12,7,1,A,MASCULINO,7,77300000
2021,6,12,7,1,B,FEMENINO,47,465700000
2021,6,12,7,1,B,MASCULINO,35,349700000
2021,6,12,7,1,C,FEMENINO,53,376700000
2021,6,12,7,1,C,MASCULINO,45,299470000
2021,6,12,7,1,D,FEMENINO,485,1761777000
2021,6,12,7,1,D,MASCULINO,363,1471600000
2021,6,12,7,1,E,FEMENINO,222,659906907
2021,6,12,7,1,E,MASCULINO,225,677999746
2021,6,12,7,1,F,FEMENINO,8,21692839
2021,6,12,7,1,F,MASCULINO,4,11892839
2021,6,12,7,1,G,FEMENINO,1736,3931557894
2021,6,12,7,1,G,MASCULINO,909,2067393142
2021,6,12,7,1,L,FEMENINO,37889,172822477343
2021,6,12,7,1,L,MASCULINO,15181,66763545643
2021,6,12,7,1,Z,FEMENINO,20941,84973084289
2021,6,12,7,1,Z,MASCULINO,12865,53365015960
2021,6,12,8,1,A,FEMENINO,1,13000000
2021,6,12,8,1,A,MASCULINO,1,22000000
2021,6,12,8,1,B,FEMENINO,54,577436000
2021,6,12,8,1,B,MASCULINO,54,564012000
2021,6,12,8,1,C,FEMENINO,321,2461494000
2021,6,12,8,1,C,MASCULINO,276,2144888800
2021,6,12,8,1,D,FEMENINO,880,4534678000
2021,6,12,8,1,D,MASCULINO,954,5016720000
2021,6,12,8,1,E,FEMENINO,281,1151608000
2021,6,12,8,1,E,MASCULINO,281,1194366000
2021,6,12,8,1,F,FEMENINO,1255,4142114000
2021,6,12,8,1,F,MASCULINO,1341,4579896000
2021,6,12,8,1,G,FEMENINO,1247,3237844800
2021,6,12,8,1,G,MASCULINO,717,1949550000
2021,6,12,8,1,S,FEMENINO,13606,66616521013
2021,6,12,8,1,S,MASCULINO,4550,29146668588
2021,6,12,9,1,A,FEMENINO,381,1292278263
2021,6,12,9,1,A,MASCULINO,1018,3470584676
2021,6,12,9,1,B,FEMENINO,11,90100000
2021,6,12,9,1,B,MASCULINO,23,199500000
2021,6,12,9,1,C,FEMENINO,16,107400000
2021,6,12,9,1,C,MASCULINO,19,163800000
2021,6,12,9,1,D,FEMENINO,68,284200000
2021,6,12,9,1,D,MASCULINO,72,296500000
2021,6,12,9,1,E,FEMENINO,232,560241188
2021,6,12,9,1,E,MASCULINO,235,576312798
2021,6,12,9,1,F,FEMENINO,11,29385678
2021,6,12,9,1,F,MASCULINO,8,24000000
2021,6,12,9,1,G,FEMENINO,89,204141696
2021,6,12,9,1,G,MASCULINO,78,182756018
2021,6,12,9,1,S,FEMENINO,113,477274032
2021,6,12,9,1,S,MASCULINO,62,280498680
2021,6,12,10,1,A,FEMENINO,1,15000000
2021,6,12,10,1,A,MASCULINO,5,72800000
2021,6,12,10,1,B,FEMENINO,15,148900000
2021,6,12,10,1,B,MASCULINO,17,175100000
2021,6,12,10,1,C,FEMENINO,42,303400000
2021,6,12,10,1,C,MASCULINO,58,432900000
2021,6,12,10,1,D,FEMENINO,320,1312757034
2021,6,12,10,1,D,MASCULINO,429,1723849873
2021,6,12,10,1,E,FEMENINO,76,218971356
2021,6,12,10,1,E,MASCULINO,114,313464195
2021,6,12,10,1,F,FEMENINO,174,476499238
2021,6,12,10,1,F,MASCULINO,252,719427882
2021,6,12,10,1,G,FEMENINO,43,98070848
2021,6,12,10,1,G,MASCULINO,116,273177501
2021,6,12,11,1,A,MASCULINO,4,67000000
2021,6,12,11,1,B,FEMENINO,21,194400000
2021,6,12,11,1,B,MASCULINO,45,448900000
2021,6,12,11,1,C,FEMENINO,11,79100000
2021,6,12,11,1,C,MASCULINO,14,100800000
2021,6,12,11,1,D,FEMENINO,46,213300000
2021,6,12,11,1,D,MASCULINO,52,229900000
2021,6,12,11,1,E,FEMENINO,11,48000000
2021,6,12,11,1,E,MASCULINO,20,75700000
2021,6,12,11,1,F,FEMENINO,35,117800000
2021,6,12,11,1,F,MASCULINO,38,123800000
2021,6,12,11,1,G,FEMENINO,11,31600000
2021,6,12,11,1,G,MASCULINO,15,44600000
2021,6,12,11,1,S,FEMENINO,1,2540400
2021,6,12,13,1,A,MASCULINO,4,67000000
2021,6,12,13,1,B,FEMENINO,8,104000000
2021,6,12,13,1,B,MASCULINO,17,221000000
2021,6,12,13,1,C,FEMENINO,113,950000000
2021,6,12,13,1,C,MASCULINO,248,2122900000
2021,6,12,13,1,D,FEMENINO,188,812500000
2021,6,12,13,1,D,MASCULINO,295,1259100000
2021,6,12,13,1,E,FEMENINO,97,280264195
2021,6,12,13,1,E,MASCULINO,492,1498499746
2021,6,12,13,1,F,FEMENINO,91,257135551
2021,6,12,13,1,F,MASCULINO,334,971392077
2021,6,12,13,1,G,FEMENINO,117,292763433
2021,6,12,13,1,G,MASCULINO,577,1542345301
2021,6,12,13,1,I,FEMENINO,100,255153306
2021,6,12,13,1,I,MASCULINO,418,1670308823
2021,6,12,14,1,A,FEMENINO,4,62000000
2021,6,12,14,1,B,FEMENINO,23,195780000
2021,6,12,14,1,B,MASCULINO,3,22410000
2021,6,12,14,1,C,FEMENINO,7,38300000
2021,6,12,14,1,D,FEMENINO,24,101300000
2021,6,12,14,1,D,MASCULINO,2,8700000
2021,6,12,14,1,E,FEMENINO,2,7300000
2021,6,12,14,1,E,MASCULINO,2,8000000
2021,6,12,14,1,F,FEMENINO,5,14000000
2021,6,12,14,1,F,MASCULINO,1,2800000
2021,6,12,14,1,G,FEMENINO,5,11985678
2021,6,12,14,1,G,MASCULINO,4,9892839
2021,6,12,16,1,A,FEMENINO,1,22000000
2021,6,12,16,1,A,MASCULINO,2,30000000
2021,6,12,16,1,B,FEMENINO,44,431300000
2021,6,12,16,1,B,MASCULINO,32,293500000
2021,6,12,16,1,C,FEMENINO,75,563200000
2021,6,12,16,1,C,MASCULINO,47,346000000
2021,6,12,16,1,D,FEMENINO,147,624400000
2021,6,12,16,1,D,MASCULINO,122,537600000
2021,6,12,16,1,E,FEMENINO,134,410492585
2021,6,12,16,1,E,MASCULINO,186,615299746
2021,6,12,16,1,F,FEMENINO,17,51700000
2021,6,12,16,1,F,MASCULINO,24,73400000
2021,6,12,16,1,G,FEMENINO,39,111685678
2021,6,12,16,1,G,MASCULINO,59,163827034
2021,6,12,17,1,A,MASCULINO,1,22000000
2021,6,12,17,1,B,FEMENINO,11,84400000
2021,6,12,17,1,B,MASCULINO,13,112000000
2021,6,12,17,1,C,FEMENINO,68,465000000
2021,6,12,17,1,C,MASCULINO,58,398600000
2021,6,12,17,1,D,FEMENINO,26,151800000
2021,6,12,17,1,D,MASCULINO,48,269400000
2021,6,12,17,1,E,FEMENINO,5,25400000
2021,6,12,17,1,E,MASCULINO,17,65857000
2021,6,12,17,1,F,FEMENINO,4,14992839
2021,6,12,17,1,F,MASCULINO,13,50364195
2021,6,12,17,1,G,FEMENINO,12,48392839
2021,6,12,17,1,G,MASCULINO,46,247585678
2021,6,12,18,1,A,FEMENINO,1,7400000
2021,6,12,18,1,A,MASCULINO,8,96600000
2021,6,12,18,1,B,FEMENINO,5,48300000
2021,6,12,18,1,B,MASCULINO,19,190800000
2021,6,12,18,1,C,FEMENINO,28,216300000
2021,6,12,18,1,C,MASCULINO,22,179500000
2021,6,12,18,1,D,FEMENINO,82,394800000
2021,6,12,18,1,D,MASCULINO,56,259100000
2021,6,12,18,1,E,FEMENINO,18,55700000
2021,6,12,18,1,E,MASCULINO,24,75900000
2021,6,12,18,1,F,MASCULINO,1,2600000
2021,6,12,18,1,G,FEMENINO,22,49471102
2021,6,12,18,1,G,MASCULINO,11,27785678
2021,6,12,19,1,A,MASCULINO,4,58500000
2021,6,12,19,1,B,FEMENINO,28,260000000
2021,6,12,19,1,B,MASCULINO,14,135800000
2021,6,12,19,1,C,FEMENINO,49,342900000
2021,6,12,19,1,C,MASCULINO,38,254500000
2021,6,12,19,1,D,FEMENINO,37,169300000
2021,6,12,19,1,D,MASCULINO,44,207000000
2021,6,12,19,1,E,FEMENINO,27,95000000
2021,6,12,19,1,E,MASCULINO,31,101000000
2021,6,12,19,1,F,FEMENINO,22,68200000
2021,6,12,19,1,F,MASCULINO,30,91300000
2021,6,12,19,1,G,FEMENINO,1,2500000
2021,6,12,19,1,G,MASCULINO,7,17100000
2021,6,12,20,1,A,FEMENINO,2,37000000
2021,6,12,20,1,A,MASCULINO,2,30000000
2021,6,12,20,1,B,FEMENINO,12,107800000
2021,6,12,20,1,B,MASCULINO,8,78600000
2021,6,12,20,1,C,FEMENINO,12,76400000
2021,6,12,20,1,C,MASCULINO,7,58700000
2021,6,12,20,1,D,FEMENINO,124,449800000
2021,6,12,20,1,D,MASCULINO,23,85300000
2021,6,12,20,1,E,FEMENINO,109,294700000
2021,6,12,20,1,E,MASCULINO,58,163420000
2021,6,12,20,1,F,FEMENINO,1,2192839
2021,6,12,20,1,F,MASCULINO,4,9178517
2021,6,12,20,1,G,FEMENINO,77,187085678
2021,6,12,20,1,G,MASCULINO,47,123773339
2021,6,12,21,1,A,FEMENINO,2,15000000
2021,6,12,21,1,A,MASCULINO,4,58000000
2021,6,12,21,1,B,FEMENINO,14,155933333
2021,6,12,21,1,B,MASCULINO,27,294846667
2021,6,12,21,1,C,FEMENINO,24,164800000
2021,6,12,21,1,C,MASCULINO,33,239400000
2021,6,12,21,1,D,FEMENINO,18,76300000
2021,6,12,21,1,D,MASCULINO,27,115100000
2021,6,12,21,1,E,FEMENINO,17,48185678
2021,6,12,21,1,E,MASCULINO,33,89264195
2021,6,12,21,1,F,MASCULINO,1,3000000
2021,6,12,21,1,G,FEMENINO,1,2192839
2021,6,12,21,1,G,MASCULINO,1,3400000
2021,6,13,1,1,A,FEMENINO,72,766308464
2021,6,13,1,1,A,MASCULINO,64,669352765
2021,6,13,1,1,B,FEMENINO,49,387976535
2021,6,13,1,1,B,MASCULINO,30,217866361
2021,6,13,1,1,C,FEMENINO,155,788295952
2021,6,13,1,1,C,MASCULINO,130,651955752
2021,6,13,1,1,D,FEMENINO,451,2613872597
2021,6,13,1,1,D,MASCULINO,380,2126612866
2021,6,13,1,1,E,FEMENINO,500,1569151164
2021,6,13,1,1,E,MASCULINO,394,1288859662
2021,6,13,1,1,F,FEMENINO,610,2510934785
2021,6,13,1,1,F,MASCULINO,456,1785124109
2021,6,13,1,1,G,FEMENINO,568,1395403963
2021,6,13,1,1,G,MASCULINO,575,1501333146
2021,6,13,1,1,J,FEMENINO,4031,22410391146
2021,6,13,1,1,J,MASCULINO,2882,16222633675
2021,6,13,1,1,R,FEMENINO,29,185801000
2021,6,13,1,1,R,MASCULINO,17,107588000
2021,6,13,2,1,A,FEMENINO,16,171700000
2021,6,13,2,1,A,MASCULINO,25,266200000
2021,6,13,2,1,B,FEMENINO,21,288300000
2021,6,13,2,1,B,MASCULINO,31,437300000
2021,6,13,2,1,C,FEMENINO,190,1578600000
2021,6,13,2,1,C,MASCULINO,243,2036600000
2021,6,13,2,1,D,FEMENINO,650,2646400000
2021,6,13,2,1,D,MASCULINO,807,3350500000
2021,6,13,2,1,E,FEMENINO,348,1121500000
2021,6,13,2,1,E,MASCULINO,480,1551603333
2021,6,13,2,1,F,FEMENINO,733,1862440000
2021,6,13,2,1,F,MASCULINO,783,2013630000
2021,6,13,2,1,G,MASCULINO,4,11400000
2021,6,13,2,1,J,FEMENINO,35,355841945
2021,6,13,2,1,J,MASCULINO,46,575110890
2021,6,13,2,1,S,FEMENINO,4,25000000
2021,6,13,2,1,S,MASCULINO,2,8000000
2021,6,13,3,1,C,FEMENINO,155,1034478456
2021,6,13,3,1,C,MASCULINO,103,673544903
2021,6,13,3,1,D,FEMENINO,145,736106631
2021,6,13,3,1,D,MASCULINO,162,822291469
2021,6,13,3,1,E,FEMENINO,143,532559632
2021,6,13,3,1,E,MASCULINO,120,464256271
2021,6,13,3,1,G,FEMENINO,235,553782032
2021,6,13,3,1,G,MASCULINO,376,1086705775
2021,6,13,3,1,J,FEMENINO,1897,13440937300
2021,6,13,3,1,J,MASCULINO,1355,9503490161
2021,6,13,3,1,K,FEMENINO,104,1133801818
2021,6,13,3,1,K,MASCULINO,94,1077154495
2021,6,13,3,1,S,FEMENINO,154,1090476000
2021,6,13,3,1,S,MASCULINO,78,598747500
2021,6,13,4,1,B,FEMENINO,9,132000000
2021,6,13,4,1,B,MASCULINO,9,130500000
2021,6,13,4,1,C,FEMENINO,28,237300000
2021,6,13,4,1,C,MASCULINO,19,169100000
2021,6,13,4,1,D,FEMENINO,21,105365500
2021,6,13,4,1,D,MASCULINO,27,133200000
2021,6,13,4,1,E,FEMENINO,3,10900000
2021,6,13,4,1,E,MASCULINO,6,20000000
2021,6,13,4,1,F,FEMENINO,1,3500000
2021,6,13,4,1,G,FEMENINO,11,42200000
2021,6,13,4,1,G,MASCULINO,5,21800000
2021,6,13,5,1,B,FEMENINO,12,196000000
2021,6,13,5,1,B,MASCULINO,8,130000000
2021,6,13,5,1,C,FEMENINO,56,501500000
2021,6,13,5,1,C,MASCULINO,41,364700000
2021,6,13,5,1,D,FEMENINO,28,152700000
2021,6,13,5,1,D,MASCULINO,35,203510000
2021,6,13,5,1,E,FEMENINO,13,54800000
2021,6,13,5,1,E,MASCULINO,8,33400000
2021,6,13,5,1,F,FEMENINO,5,20340000
2021,6,13,5,1,F,MASCULINO,7,26100000
2021,6,13,5,1,G,FEMENINO,3,8900000
2021,6,13,5,1,G,MASCULINO,2,4156667
2021,6,13,6,1,A,FEMENINO,5,70080000
2021,6,13,6,1,A,MASCULINO,8,112128000
2021,6,13,6,1,B,FEMENINO,5,71335500
2021,6,13,6,1,B,MASCULINO,11,149991725
2021,6,13,6,1,C,FEMENINO,52,343240275
2021,6,13,6,1,C,MASCULINO,23,203953900
2021,6,13,6,1,E,FEMENINO,50,191950395
2021,6,13,6,1,E,MASCULINO,51,202258665
2021,6,13,6,1,F,FEMENINO,3,15669440
2021,6,13,6,1,F,MASCULINO,2,10893490
2021,6,13,6,1,G,FEMENINO,47,127481466
2021,6,13,6,1,G,MASCULINO,82,236411689
2021,6,13,6,1,J,FEMENINO,1068,7322669271
2021,6,13,6,1,J,MASCULINO,571,3730611782
2021,6,13,7,1,A,FEMENINO,3,20495070
2021,6,13,7,1,A,MASCULINO,4,31026195
2021,6,13,7,1,B,FEMENINO,1,16031496
2021,6,13,7,1,B,MASCULINO,5,86250696
2021,6,13,7,1,C,FEMENINO,2,19394382
2021,6,13,7,1,C,MASCULINO,2,19394382
2021,6,13,7,1,D,FEMENINO,1,3826510
2021,6,13,7,1,E,FEMENINO,3,10705350
2021,6,13,7,1,E,MASCULINO,1,3568450
2021,6,13,7,1,J,FEMENINO,19,101389916
2021,6,13,7,1,J,MASCULINO,20,166850123
2021,6,13,7,1,R,FEMENINO,2,14000000
2021,6,13,7,1,R,MASCULINO,1,7000000
2021,6,14,1,1,A,MASCULINO,2,44000000
2021,6,14,1,1,B,FEMENINO,45,537233200
2021,6,14,1,1,B,MASCULINO,39,428109200
2021,6,14,1,1,C,FEMENINO,328,3082800000
2021,6,14,1,1,C,MASCULINO,208,2019200000
2021,6,14,1,1,D,FEMENINO,74,455400000
2021,6,14,1,1,D,MASCULINO,108,664800000
2021,6,14,1,1,E,FEMENINO,23,120200000
2021,6,14,1,1,E,MASCULINO,29,153700000
2021,6,14,1,1,F,FEMENINO,20,96000000
2021,6,14,1,1,F,MASCULINO,27,127600000
2021,6,15,1,1,A,MASCULINO,2,37000000
2021,6,15,1,1,B,FEMENINO,21,142600000
2021,6,15,1,1,B,MASCULINO,6,45900000
2021,6,15,1,1,C,FEMENINO,8,42000000
2021,6,15,1,1,D,FEMENINO,31,124400000
2021,6,15,1,1,D,MASCULINO,8,31100000
2021,6,15,1,1,E,FEMENINO,20,57400000
2021,6,15,1,1,E,MASCULINO,19,55800000
2021,6,15,1,1,F,MASCULINO,1,3000000
2021,6,15,1,1,G,FEMENINO,2,4392839
2021,6,15,1,1,G,MASCULINO,1,3500000
2021,6,15,2,1,C,FEMENINO,1,2556900
2021,6,15,2,1,C,MASCULINO,1,2556900
2021,6,15,2,1,D,FEMENINO,2,7639800
2021,6,15,2,1,D,MASCULINO,1,3819900
2021,6,15,2,1,G,MASCULINO,1,2192839
2021,6,15,2,1,J,FEMENINO,3,36362700
2021,6,15,2,1,J,MASCULINO,3,36362700
2021,6,15,2,1,K,FEMENINO,6,35983700
2021,6,15,2,1,K,MASCULINO,3,15043200
2021,6,21,1,1,A,FEMENINO,51,384925000
2021,6,21,1,1,A,MASCULINO,103,895785000
2021,6,21,1,1,B,FEMENINO,100,1272255000
2021,6,21,1,1,B,MASCULINO,138,1836960000
2021,6,21,1,1,C,FEMENINO,83,1226865000
2021,6,21,1,1,C,MASCULINO,127,1883729500
2021,6,21,1,1,D,FEMENINO,28,584730000
2021,6,21,1,1,D,MASCULINO,50,1037295000
2021,6,21,1,1,E,FEMENINO,3,68530000
2021,6,21,1,1,E,MASCULINO,18,401835000
2021,6,21,1,1,F,MASCULINO,3,72090000
2021,6,21,1,1,G,FEMENINO,1,24920000
2021,6,21,1,1,G,MASCULINO,1,24920000
2021,6,21,1,1,H,MASCULINO,2,49840000
2021,6,21,1,1,I,FEMENINO,1,28925000
2021,6,21,1,1,I,MASCULINO,4,115700000
2021,6,21,1,1,J,MASCULINO,1,30705000
2021,6,22,1,1,A,MASCULINO,1,21928394
2021,6,22,1,1,B,MASCULINO,1,4144000
2021,6,22,1,1,C,FEMENINO,3,15221000
2021,6,22,1,1,C,MASCULINO,13,85633600
2021,6,22,1,1,D,MASCULINO,1,2611500
2021,6,22,1,1,E,FEMENINO,7,15383834
2021,6,22,1,1,E,MASCULINO,9,19735551
2021,6,22,1,1,F,FEMENINO,4,8771356
2021,6,22,1,1,F,MASCULINO,7,15349873
2021,6,22,1,1,G,FEMENINO,3,6578517
2021,6,22,1,1,G,MASCULINO,2,4385678
2021,6,22,1,1,J,MASCULINO,3,11000000
2021,6,22,2,1,A,MASCULINO,1,21928394
2021,6,22,2,1,B,FEMENINO,2,5945772
2021,6,22,2,1,C,FEMENINO,6,22661808
2021,6,22,2,1,C,MASCULINO,7,33147660
2021,6,22,2,1,D,FEMENINO,1,2338224
2021,6,22,2,1,E,FEMENINO,6,11051904
2021,6,22,2,1,E,MASCULINO,8,14735872
2021,6,22,2,1,G,FEMENINO,5,9209920
2021,6,22,2,1,G,MASCULINO,8,13781234
2021,6,22,2,1,J,FEMENINO,2,5460000
2021,6,22,2,1,J,MASCULINO,2,6300000
2021,6,22,3,1,A,MASCULINO,1,21125620
2021,6,22,3,1,B,MASCULINO,1,4144000
2021,6,22,3,1,C,FEMENINO,5,32040965
2021,6,22,3,1,C,MASCULINO,4,29700220
2021,6,22,3,1,E,FEMENINO,2,4385678
2021,6,22,3,1,G,FEMENINO,7,15349873
2021,6,22,3,1,G,MASCULINO,11,24121229
2021,6,22,3,1,J,FEMENINO,2,8000000
2021,6,22,3,1,J,MASCULINO,2,6000000
2021,6,22,4,1,A,MASCULINO,1,21928394
2021,6,22,4,1,B,FEMENINO,1,3480960
2021,6,22,4,1,B,MASCULINO,1,5064780
2021,6,22,4,1,C,FEMENINO,10,43217244
2021,6,22,4,1,C,MASCULINO,14,61776624
2021,6,22,4,1,D,FEMENINO,5,12008556
2021,6,22,4,1,D,MASCULINO,2,3916416
2021,6,22,4,1,E,FEMENINO,1,1841985
2021,6,22,4,1,E,MASCULINO,3,5525955
2021,6,22,4,1,G,FEMENINO,15,27629775
2021,6,22,4,1,G,MASCULINO,16,29471760
2021,6,22,4,1,J,FEMENINO,1,2520000
2021,6,22,4,1,J,MASCULINO,3,9240000
2021,6,22,5,1,A,MASCULINO,1,21928394
2021,6,22,5,1,B,FEMENINO,1,3480960
2021,6,22,5,1,B,MASCULINO,1,3480960
2021,6,22,5,1,C,FEMENINO,8,36129408
2021,6,22,5,1,C,MASCULINO,14,59775908
2021,6,22,5,1,D,FEMENINO,3,6229305
2021,6,22,5,1,D,MASCULINO,5,10347741
2021,6,22,5,1,E,FEMENINO,7,12863235
2021,6,22,5,1,E,MASCULINO,5,9238452
2021,6,22,5,1,F,FEMENINO,2,3683970
2021,6,22,5,1,F,MASCULINO,7,12893895
2021,6,22,5,1,G,FEMENINO,3,5525955
2021,6,22,5,1,G,MASCULINO,5,9209925
2021,6,22,5,1,J,FEMENINO,3,8820000
2021,6,22,5,1,J,MASCULINO,1,2940000
2021,6,22,6,1,A,MASCULINO,1,21928394
2021,6,22,6,1,B,MASCULINO,1,3480960
2021,6,22,6,1,C,FEMENINO,6,29906520
2021,6,22,6,1,C,MASCULINO,14,76807836
2021,6,22,6,1,D,MASCULINO,1,2338224
2021,6,22,6,1,E,MASCULINO,3,5525955
2021,6,22,6,1,F,FEMENINO,1,1841985
2021,6,22,6,1,F,MASCULINO,1,1841985
2021,6,22,6,1,G,FEMENINO,4,7367940
2021,6,22,6,1,G,MASCULINO,5,9209925
2021,6,22,6,1,J,MASCULINO,4,11760000
2021,6,22,7,1,A,FEMENINO,4,18530400
2021,6,22,7,1,A,MASCULINO,2,26072394
2021,6,22,7,1,B,MASCULINO,1,4144000
2021,6,22,7,1,C,FEMENINO,12,59104500
2021,6,22,7,1,C,MASCULINO,24,122444100
2021,6,22,7,1,D,FEMENINO,12,31604800
2021,6,22,7,1,D,MASCULINO,25,64979400
2021,6,22,7,1,E,FEMENINO,8,17610634
2021,6,22,7,1,E,MASCULINO,12,26499134
2021,6,22,7,1,G,FEMENINO,5,11032117
2021,6,22,7,1,G,MASCULINO,8,17771317
2021,6,22,7,1,J,FEMENINO,2,7500000
2021,6,22,7,1,J,MASCULINO,1,3500000
2021,6,22,8,1,A,MASCULINO,1,18240200
2021,6,22,8,1,B,MASCULINO,1,4144000
2021,6,22,8,1,C,FEMENINO,3,22275600
2021,6,22,8,1,C,MASCULINO,7,38999400
2021,6,22,8,1,D,FEMENINO,1,2256200
2021,6,22,8,1,D,MASCULINO,2,5083100
2021,6,22,8,1,E,FEMENINO,3,6123369
2021,6,22,8,1,E,MASCULINO,23,47351214
2021,6,22,8,1,F,FEMENINO,4,7947424
2021,6,22,8,1,F,MASCULINO,3,6123369
2021,6,22,8,1,G,FEMENINO,13,26534599
2021,6,22,8,1,G,MASCULINO,14,28575722
2021,6,22,8,1,J,FEMENINO,1,3000000
2021,6,22,8,1,J,MASCULINO,3,11000000
2021,6,22,9,1,A,MASCULINO,2,25815044
2021,6,22,9,1,B,FEMENINO,1,3480960
2021,6,22,9,1,B,MASCULINO,1,2730420
2021,6,22,9,1,C,FEMENINO,4,21392532
2021,6,22,9,1,C,MASCULINO,14,71994736
2021,6,22,9,1,D,FEMENINO,4,8180590
2021,6,22,9,1,D,MASCULINO,10,20763593
2021,6,22,9,1,E,FEMENINO,2,4180209
2021,6,22,9,1,E,MASCULINO,8,14764407
2021,6,22,9,1,F,MASCULINO,7,12893895
2021,6,22,9,1,G,FEMENINO,5,9209925
2021,6,22,9,1,G,MASCULINO,15,29378724
2021,6,22,9,1,J,FEMENINO,1,2520000
2021,6,22,9,1,J,MASCULINO,3,9240000
2021,6,22,10,1,A,MASCULINO,1,21928394
2021,6,22,10,1,B,FEMENINO,2,6961920
2021,6,22,10,1,C,FEMENINO,6,20047104
2021,6,22,10,1,C,MASCULINO,16,94306968
2021,6,22,10,1,D,FEMENINO,1,2026080
2021,6,22,10,1,D,MASCULINO,1,2193660
2021,6,22,10,1,E,MASCULINO,9,16577865
2021,6,22,10,1,G,FEMENINO,8,14735880
2021,6,22,10,1,G,MASCULINO,7,12893895
2021,6,22,10,1,J,FEMENINO,1,2520000
2021,6,22,10,1,J,MASCULINO,3,9240000
2021,6,22,11,1,A,MASCULINO,1,21928394
2021,6,22,11,1,B,FEMENINO,1,4144000
2021,6,22,11,1,B,MASCULINO,2,7217100
2021,6,22,11,1,C,FEMENINO,21,97422800
2021,6,22,11,1,C,MASCULINO,13,55451400
2021,6,22,11,1,D,FEMENINO,14,31623007
2021,6,22,11,1,D,MASCULINO,21,48179063
2021,6,22,11,1,E,FEMENINO,5,11029878
2021,6,22,11,1,E,MASCULINO,2,4385678
2021,6,22,11,1,G,FEMENINO,5,10964195
2021,6,22,11,1,G,MASCULINO,8,17646673
2021,6,22,11,1,J,FEMENINO,2,6500000
2021,6,22,11,1,J,MASCULINO,2,7500000
2021,6,22,12,1,A,FEMENINO,3,9406880
2021,6,22,12,1,A,MASCULINO,5,35852234
2021,6,22,12,1,B,MASCULINO,1,3480960
2021,6,22,12,1,C,FEMENINO,8,25380125
2021,6,22,12,1,C,MASCULINO,15,61835424
2021,6,22,12,1,D,FEMENINO,3,7308168
2021,6,22,12,1,D,MASCULINO,5,11697504
2021,6,22,12,1,E,FEMENINO,7,12979476
2021,6,22,12,1,E,MASCULINO,7,12345685
2021,6,22,12,1,G,FEMENINO,3,5525955
2021,6,22,12,1,G,MASCULINO,4,6519098
2021,6,22,12,1,J,FEMENINO,4,11760000
2021,6,22,13,1,A,MASCULINO,1,20831974
2021,6,22,13,1,B,FEMENINO,1,3480960
2021,6,22,13,1,C,FEMENINO,3,8198988
2021,6,22,13,1,C,MASCULINO,7,43660176
2021,6,22,13,1,D,FEMENINO,1,2347464
2021,6,22,13,1,E,FEMENINO,2,3683970
2021,6,22,13,1,F,FEMENINO,2,3683970
2021,6,22,13,1,G,FEMENINO,8,14735880
2021,6,22,13,1,G,MASCULINO,8,14735880
2021,6,22,13,1,J,FEMENINO,2,4620000
2021,6,22,13,1,J,MASCULINO,2,7140000
2021,6,22,14,1,A,MASCULINO,1,21928390
2021,6,22,14,1,B,MASCULINO,1,4144000
2021,6,22,14,1,C,FEMENINO,4,25209900
2021,6,22,14,1,C,MASCULINO,6,36493600
2021,6,22,14,1,D,MASCULINO,1,3798900
2021,6,22,14,1,E,MASCULINO,2,4385678
2021,6,22,14,1,F,FEMENINO,1,2192839
2021,6,22,14,1,F,MASCULINO,2,4385678
2021,6,22,14,1,G,FEMENINO,3,6578517
2021,6,22,14,1,G,MASCULINO,4,8771356
2021,6,22,14,1,J,FEMENINO,1,3000000
2021,6,22,14,1,J,MASCULINO,3,11000000
2021,6,22,15,1,A,MASCULINO,1,21125620
2021,6,22,15,1,B,MASCULINO,1,3480960
2021,6,22,15,1,C,FEMENINO,2,5363736
2021,6,22,15,1,C,MASCULINO,13,59701029
2021,6,22,15,1,D,FEMENINO,1,1631021
2021,6,22,15,1,D,MASCULINO,4,9033360
2021,6,22,15,1,E,FEMENINO,1,1841985
2021,6,22,15,1,E,MASCULINO,7,12893895
2021,6,22,15,1,F,MASCULINO,2,3683970
2021,6,22,15,1,G,FEMENINO,1,1841985
2021,6,22,15,1,G,MASCULINO,4,7367940
2021,6,22,15,1,J,FEMENINO,1,4200000
2021,6,22,15,1,J,MASCULINO,3,7340000
2021,6,22,16,1,A,MASCULINO,3,32204694
2021,6,22,16,1,B,MASCULINO,1,4144000
2021,6,22,16,1,C,FEMENINO,9,45325700
2021,6,22,16,1,C,MASCULINO,9,45697400
2021,6,22,16,1,D,FEMENINO,1,2688500
2021,6,22,16,1,D,MASCULINO,5,12280400
2021,6,22,16,1,E,FEMENINO,8,17542712
2021,6,22,16,1,E,MASCULINO,12,26614068
2021,6,22,16,1,F,FEMENINO,4,8771356
2021,6,22,16,1,F,MASCULINO,4,9974917
2021,6,22,16,1,G,FEMENINO,4,9267017
2021,6,22,16,1,G,MASCULINO,9,19735551
2021,6,22,16,1,J,MASCULINO,4,14000000
2021,6,22,17,1,A,MASCULINO,1,0
2021,6,22,17,1,B,MASCULINO,2,6280848
2021,6,22,17,1,C,FEMENINO,2,8730204
2021,6,22,17,1,C,MASCULINO,11,54683916
2021,6,22,17,1,D,MASCULINO,1,1989288
2021,6,22,17,1,E,FEMENINO,1,1774552
2021,6,22,17,1,E,MASCULINO,9,15339100
2021,6,22,17,1,F,FEMENINO,1,1774552
2021,6,22,17,1,F,MASCULINO,2,4453932
2021,6,22,17,1,G,FEMENINO,4,6613516
2021,6,22,17,1,G,MASCULINO,9,15001584
2021,6,23,1,1,A,FEMENINO,3,23230500
2021,6,23,1,1,B,FEMENINO,3,27846000
2021,6,23,1,1,B,MASCULINO,9,83538000
2021,6,23,1,1,C,FEMENINO,35,222404000
2021,6,23,1,1,C,MASCULINO,21,134589000
2021,6,23,1,1,D,FEMENINO,56,236640100
2021,6,23,1,1,D,MASCULINO,28,112021000
2021,6,23,1,1,E,FEMENINO,24,68354400
2021,6,23,1,1,E,MASCULINO,55,141869000
2021,6,23,1,1,F,FEMENINO,13,29500500
2021,6,23,1,1,F,MASCULINO,6,14211600
2021,6,23,3,1,A,FEMENINO,1,18480000
2021,6,23,3,1,A,MASCULINO,2,15520000
2021,6,23,3,1,B,FEMENINO,39,277200000
2021,6,23,3,1,B,MASCULINO,71,500052000
2021,6,23,3,1,C,FEMENINO,56,285600000
2021,6,23,3,1,C,MASCULINO,137,700560000
2021,6,23,3,1,D,FEMENINO,23,94084500
2021,6,23,3,1,D,MASCULINO,40,167460000
2021,6,23,3,1,E,FEMENINO,11,35960000
2021,6,23,3,1,E,MASCULINO,33,109036000
2021,6,23,3,1,F,MASCULINO,1,2016000
2021,6,23,3,1,G,FEMENINO,10,27812000
2021,6,23,3,1,G,MASCULINO,52,153968000
2021,6,23,4,1,A,FEMENINO,2,28100000
2021,6,23,4,1,B,FEMENINO,3,26200000
2021,6,23,4,1,B,MASCULINO,5,43100000
2021,6,23,4,1,C,FEMENINO,13,95300000
2021,6,23,4,1,C,MASCULINO,5,38100000
2021,6,23,4,1,D,FEMENINO,23,115500000
2021,6,23,4,1,D,MASCULINO,9,43500000
2021,6,23,4,1,E,FEMENINO,1,3900000
2021,6,23,4,1,E,MASCULINO,1,4900000
2021,6,23,4,1,F,FEMENINO,4,13200000
2021,6,23,4,1,F,MASCULINO,5,17800000
2021,6,23,4,1,G,FEMENINO,3,12100000
2021,6,23,4,1,G,MASCULINO,13,50100000
2021,6,23,6,1,A,MASCULINO,1,22000000
2021,6,23,6,1,B,FEMENINO,3,28200000
2021,6,23,6,1,B,MASCULINO,14,132700000
2021,6,23,6,1,C,FEMENINO,8,64600000
2021,6,23,6,1,C,MASCULINO,10,82000000
2021,6,23,6,1,D,FEMENINO,6,38200000
2021,6,23,6,1,D,MASCULINO,17,90800000
2021,6,23,6,1,G,FEMENINO,5,24100000
2021,6,23,6,1,G,MASCULINO,3,16100000
2021,6,23,8,1,B,FEMENINO,4,25809571
2021,6,23,8,1,B,MASCULINO,3,19496820
2021,6,23,8,1,C,FEMENINO,4,21088441
2021,6,23,8,1,C,MASCULINO,2,12197426
2021,6,23,8,1,D,FEMENINO,1,3286080
2021,6,23,8,1,E,MASCULINO,1,3186091
2021,6,23,8,1,G,FEMENINO,1,2152080
2021,6,23,9,1,A,MASCULINO,1,22000000
2021,6,23,9,1,B,FEMENINO,6,47124000
2021,6,23,9,1,B,MASCULINO,6,63600000
2021,6,23,9,1,C,FEMENINO,14,72804000
2021,6,23,9,1,C,MASCULINO,9,46116000
2021,6,23,9,1,E,FEMENINO,1,2856000
2021,6,23,9,1,F,FEMENINO,2,3696000
2021,6,23,9,1,F,MASCULINO,1,1848000
2021,6,23,10,1,A,MASCULINO,1,16000000
2021,6,23,10,1,B,FEMENINO,4,44000000
2021,6,23,10,1,B,MASCULINO,17,241200000
2021,6,23,10,1,C,FEMENINO,54,443400000
2021,6,23,10,1,C,MASCULINO,106,926300000
2021,6,23,10,1,D,FEMENINO,5,21000000
2021,6,23,10,1,D,MASCULINO,14,49700000
2021,6,23,10,1,F,FEMENINO,18,89800000
2021,6,23,10,1,F,MASCULINO,26,122600000
2021,6,23,10,1,G,FEMENINO,5,19100000
2021,6,23,10,1,G,MASCULINO,21,75600000
2021,6,23,11,1,A,MASCULINO,1,20020000
2021,6,23,11,1,B,FEMENINO,8,58733800
2021,6,23,11,1,B,MASCULINO,26,223119759
2021,6,23,11,1,C,FEMENINO,34,201908833
2021,6,23,11,1,C,MASCULINO,57,344603519
2021,6,23,11,1,D,FEMENINO,6,18658650
2021,6,23,11,1,D,MASCULINO,22,68893550
2021,6,23,11,1,E,FEMENINO,4,7639183
2021,6,23,11,1,E,MASCULINO,67,156874924
2021,6,23,11,1,G,FEMENINO,7,12505350
2021,6,23,11,1,G,MASCULINO,40,79750129
2021,6,23,13,1,A,FEMENINO,1,15390000
2021,6,23,13,1,B,FEMENINO,1,6734000
2021,6,23,13,1,B,MASCULINO,12,113177000
2021,6,23,13,1,C,FEMENINO,4,28609000
2021,6,23,13,1,C,MASCULINO,4,31157000
2021,6,23,13,1,D,FEMENINO,1,3913000
2021,6,23,13,1,D,MASCULINO,2,9373000
2021,6,23,13,1,E,FEMENINO,2,4704000
2021,6,23,13,1,E,MASCULINO,3,7252000
2021,6,23,13,1,F,FEMENINO,2,4885244
2021,6,23,13,1,F,MASCULINO,2,4214194
2021,6,23,13,1,G,FEMENINO,6,30995874
2021,6,23,13,1,G,MASCULINO,9,46494477
2021,6,23,14,1,A,FEMENINO,1,4872000
2021,6,23,14,1,A,MASCULINO,3,28228307
2021,6,23,14,1,B,FEMENINO,4,43635000
2021,6,23,14,1,B,MASCULINO,7,71602175
2021,6,23,14,1,C,FEMENINO,41,276522430
2021,6,23,14,1,C,MASCULINO,29,185227729
2021,6,23,14,1,D,FEMENINO,9,35271810
2021,6,23,14,1,D,MASCULINO,4,14715525
2021,6,23,14,1,E,FEMENINO,11,28609175
2021,6,23,14,1,E,MASCULINO,16,38222445
2021,6,23,14,1,F,FEMENINO,1,2688000
2021,6,23,14,1,F,MASCULINO,3,8537270
2021,6,23,14,1,G,FEMENINO,3,7391270
2021,6,23,14,1,G,MASCULINO,4,10262937
2021,6,23,15,1,A,FEMENINO,195,1438510813
2021,6,23,15,1,A,MASCULINO,823,6372484758
2021,6,23,16,1,A,FEMENINO,4,36500000
2021,6,23,16,1,A,MASCULINO,2,31500000
2021,6,23,16,1,B,FEMENINO,21,205000000
2021,6,23,16,1,B,MASCULINO,18,204000000
2021,6,23,16,1,C,FEMENINO,108,755600000
2021,6,23,16,1,C,MASCULINO,132,934400000
2021,6,23,16,1,D,FEMENINO,184,808900000
2021,6,23,16,1,D,MASCULINO,189,806200000
2021,6,23,16,1,E,FEMENINO,76,192592585
2021,6,23,16,1,E,MASCULINO,340,839505637
2021,6,23,16,1,F,FEMENINO,54,137285424
2021,6,23,16,1,F,MASCULINO,90,228492331
2021,6,23,16,1,G,FEMENINO,31,75506907
2021,6,23,16,1,G,MASCULINO,87,206670848
2021,6,23,17,1,A,FEMENINO,1,22000000
2021,6,23,17,1,B,FEMENINO,9,58380000
2021,6,23,17,1,B,MASCULINO,5,28056000
2021,6,23,17,1,C,FEMENINO,2,14326000
2021,6,23,17,1,C,MASCULINO,2,16464000
2021,6,23,17,1,D,FEMENINO,15,50432000
2021,6,23,17,1,D,MASCULINO,3,9744000
2021,6,23,17,1,E,FEMENINO,15,40320000
2021,6,23,17,1,E,MASCULINO,8,23184000
2021,6,23,17,1,F,FEMENINO,2,4032000
2021,6,23,17,1,F,MASCULINO,2,4704000
2021,6,23,17,1,G,FEMENINO,1,2352000
2021,6,23,17,1,G,MASCULINO,1,2604000
2021,6,23,18,1,A,MASCULINO,2,22848000
2021,6,23,18,1,B,FEMENINO,7,70310184
2021,6,23,18,1,B,MASCULINO,17,149937978
2021,6,23,18,1,C,FEMENINO,63,400082390
2021,6,23,18,1,C,MASCULINO,92,614896051
2021,6,23,18,1,D,FEMENINO,77,275796318
2021,6,23,18,1,D,MASCULINO,81,290110622
2021,6,23,18,1,E,FEMENINO,10,21301665
2021,6,23,18,1,E,MASCULINO,41,119909245
2021,6,23,18,1,F,FEMENINO,8,14554906
2021,6,23,18,1,F,MASCULINO,14,29314543
2021,6,23,18,1,G,FEMENINO,22,33445661
2021,6,23,18,1,G,MASCULINO,52,91662376
2021,6,23,19,1,A,FEMENINO,5,46872000
2021,6,23,19,1,A,MASCULINO,4,52828000
2021,6,23,19,1,B,FEMENINO,7,72912000
2021,6,23,19,1,B,MASCULINO,2,21840000
2021,6,23,19,1,C,FEMENINO,37,227220000
2021,6,23,19,1,C,MASCULINO,30,182448000
2021,6,23,19,1,D,FEMENINO,7,23604000
2021,6,23,19,1,D,MASCULINO,13,45024000
2021,6,23,19,1,E,FEMENINO,10,22176000
2021,6,23,19,1,E,MASCULINO,13,32088000
2021,6,23,20,1,A,FEMENINO,2,29800000
2021,6,23,20,1,A,MASCULINO,9,64500000
2021,6,23,20,1,B,FEMENINO,15,157000000
2021,6,23,20,1,B,MASCULINO,11,103500000
2021,6,23,20,1,C,FEMENINO,15,110900000
2021,6,23,20,1,C,MASCULINO,18,122600000
2021,6,23,20,1,D,FEMENINO,37,163400000
2021,6,23,20,1,D,MASCULINO,60,260100000
2021,6,23,20,1,E,FEMENINO,32,93378517
2021,6,23,20,1,E,MASCULINO,126,360742712
2021,6,23,20,1,F,FEMENINO,16,35085424
2021,6,23,20,1,F,MASCULINO,41,89906399
2021,6,23,20,1,G,MASCULINO,7,15671356
2021,6,23,21,1,A,MASCULINO,1,22000000
2021,6,23,21,1,B,FEMENINO,10,63000000
2021,6,23,21,1,B,MASCULINO,14,105716800
2021,6,23,21,1,C,FEMENINO,68,387716400
2021,6,23,21,1,C,MASCULINO,62,350560800
2021,6,23,21,1,D,FEMENINO,31,152376000
2021,6,23,21,1,D,MASCULINO,78,373514385
2021,6,23,21,1,E,FEMENINO,5,21336000
2021,6,23,21,1,E,MASCULINO,20,68219880
2021,6,23,21,1,F,FEMENINO,4,11327970
2021,6,23,21,1,F,MASCULINO,14,45105510
2021,6,23,21,1,G,FEMENINO,8,27468000
2021,6,23,21,1,G,MASCULINO,8,28644000
2021,6,23,22,1,A,FEMENINO,2,13000000
2021,6,23,22,1,A,MASCULINO,5,47291093
2021,6,23,22,1,B,FEMENINO,9,73642744
2021,6,23,22,1,B,MASCULINO,16,139386000
2021,6,23,22,1,C,FEMENINO,32,203217140
2021,6,23,22,1,C,MASCULINO,33,200022293
2021,6,23,22,1,D,FEMENINO,53,203755999
2021,6,23,22,1,D,MASCULINO,51,192071120
2021,6,23,22,1,E,FEMENINO,8,21323483
2021,6,23,22,1,E,MASCULINO,30,78062100
2021,6,23,22,1,F,FEMENINO,3,7456000
2021,6,23,22,1,F,MASCULINO,20,49377900
2021,6,23,22,1,G,FEMENINO,16,35409470
2021,6,23,22,1,G,MASCULINO,50,96234878
2021,6,23,24,1,A,FEMENINO,7,58548000
2021,6,23,24,1,A,MASCULINO,9,79212000
2021,6,23,24,1,B,FEMENINO,2,21336000
2021,6,23,24,1,B,MASCULINO,10,106680000
2021,6,23,24,1,C,FEMENINO,18,123480000
2021,6,23,24,1,C,MASCULINO,9,53928000
2021,6,23,24,1,D,FEMENINO,95,329028000
2021,6,23,24,1,D,MASCULINO,56,196812000
2021,6,23,24,1,E,FEMENINO,59,151788000
2021,6,23,24,1,E,MASCULINO,55,141036000
2021,6,23,24,1,F,FEMENINO,10,22680000
2021,6,23,24,1,F,MASCULINO,12,29148000
2021,6,23,24,1,G,FEMENINO,264,548856000
2021,6,23,24,1,G,MASCULINO,282,594216000
2021,6,23,25,1,A,MASCULINO,1,22000000
2021,6,23,25,1,B,FEMENINO,7,56302278
2021,6,23,25,1,B,MASCULINO,15,120460000
2021,6,23,25,1,C,FEMENINO,10,61946729
2021,6,23,25,1,C,MASCULINO,8,46319495
2021,6,23,25,1,D,FEMENINO,19,75794207
2021,6,23,25,1,D,MASCULINO,22,75069459
2021,6,23,25,1,E,FEMENINO,6,15028334
2021,6,23,25,1,E,MASCULINO,19,41399163
2021,6,23,26,1,A,MASCULINO,1,18480000
2021,6,23,26,1,B,MASCULINO,5,37212000
2021,6,23,26,1,C,FEMENINO,3,16380000
2021,6,23,26,1,C,MASCULINO,5,25935273
2021,6,23,26,1,D,FEMENINO,3,10164000
2021,6,23,26,1,D,MASCULINO,4,13356000
2021,6,23,26,1,E,FEMENINO,2,4368000
2021,6,23,26,1,E,MASCULINO,4,6552000
2021,6,23,27,1,B,FEMENINO,2,19152000
2021,6,23,27,1,B,MASCULINO,2,18312000
2021,6,23,27,1,C,FEMENINO,3,23268000
2021,6,23,27,1,C,MASCULINO,6,47208000
2021,6,23,27,1,D,FEMENINO,3,11592000
2021,6,23,27,1,D,MASCULINO,1,3864000
2021,6,23,27,1,F,FEMENINO,1,2352000
2021,6,23,27,1,F,MASCULINO,2,5544000
2021,6,23,28,1,A,FEMENINO,1,15000000
2021,6,23,28,1,B,FEMENINO,2,14952000
2021,6,23,28,1,B,MASCULINO,4,30744000
2021,6,23,28,1,C,MASCULINO,2,15960000
2021,6,23,28,1,D,FEMENINO,1,4788000
2021,6,23,29,1,A,MASCULINO,2,8064000
2021,6,23,29,1,B,FEMENINO,3,23436000
2021,6,23,29,1,C,FEMENINO,3,18396000
2021,6,23,29,1,C,MASCULINO,2,12264000
2021,6,23,29,1,D,FEMENINO,2,5880000
2021,6,23,29,1,E,FEMENINO,3,8064000
2021,6,23,29,1,E,MASCULINO,3,8064000
2021,6,23,30,1,A,FEMENINO,1,18480000
2021,6,23,30,1,B,FEMENINO,3,25872000
2021,6,23,30,1,B,MASCULINO,2,18816000
2021,6,23,30,1,C,FEMENINO,4,20160000
2021,6,23,30,1,C,MASCULINO,2,10080000
2021,6,23,30,1,D,FEMENINO,3,11172000
2021,6,23,30,1,D,MASCULINO,2,7392000
2021,6,23,30,1,G,MASCULINO,2,3696000
2021,6,23,31,1,A,MASCULINO,1,22000000
2021,6,23,31,1,B,FEMENINO,1,6384000
2021,6,23,31,1,B,MASCULINO,6,51408000
2021,6,23,31,1,C,FEMENINO,3,14616000
2021,6,23,31,1,D,FEMENINO,6,18900000
2021,6,23,31,1,D,MASCULINO,8,24864000
2021,6,23,31,1,E,MASCULINO,1,1841985
2021,6,23,32,1,A,MASCULINO,2,31080000
2021,6,23,32,1,B,FEMENINO,4,18941076
2021,6,23,32,1,B,MASCULINO,7,49224000
2021,6,23,32,1,C,FEMENINO,3,15120000
2021,6,23,32,1,C,MASCULINO,2,11040000
2021,6,23,32,1,D,MASCULINO,1,3024000
2021,6,23,33,1,B,MASCULINO,3,29232000
2021,6,23,33,1,C,FEMENINO,1,6720000
2021,6,23,33,1,C,MASCULINO,2,11512800
2021,6,23,33,1,G,FEMENINO,2,3706552
2021,6,23,33,1,L,FEMENINO,12,32816134
2021,6,23,33,1,L,MASCULINO,4,9749112
2021,6,23,33,1,Z,FEMENINO,72,260095959
2021,6,23,33,1,Z,MASCULINO,63,227252191
2021,6,23,34,1,B,FEMENINO,4,30828000
2021,6,23,34,1,C,FEMENINO,1,4200000
2021,6,23,34,1,D,FEMENINO,2,9828000
2021,6,23,34,1,D,MASCULINO,3,9508000
2021,6,23,34,1,E,FEMENINO,6,18389985
2021,6,23,34,1,E,MASCULINO,3,6720000
2021,6,23,34,1,G,FEMENINO,9,18648000
2021,6,23,34,1,G,MASCULINO,12,24437985
2021,6,23,34,1,L,FEMENINO,45,122936287
2021,6,23,34,1,L,MASCULINO,14,42575154
2021,6,23,34,1,Z,FEMENINO,110,519742986
2021,6,23,34,1,Z,MASCULINO,50,216141054
2021,6,23,36,1,B,FEMENINO,4,33936000
2021,6,23,36,1,B,MASCULINO,6,53424000
2021,6,23,36,1,C,FEMENINO,26,154308000
2021,6,23,36,1,C,MASCULINO,15,77952000
2021,6,23,36,1,D,FEMENINO,11,36960000
2021,6,23,36,1,D,MASCULINO,10,37296000
2021,6,23,36,1,E,FEMENINO,5,12432000
2021,6,23,36,1,E,MASCULINO,9,23016000
2021,6,23,36,1,F,FEMENINO,2,4872000
2021,6,23,36,1,F,MASCULINO,4,8736000
2021,6,23,36,1,G,FEMENINO,3,7560000
2021,6,23,36,1,G,MASCULINO,1,2688000
2021,6,24,1,1,D,FEMENINO,1229,3323043463
2021,6,24,1,1,D,MASCULINO,1198,3269198900
2021,6,24,1,1,F,FEMENINO,175,677390902
2021,6,24,1,1,F,MASCULINO,204,787147907
2021,6,24,1,1,G,FEMENINO,468,2491799925
2021,6,24,1,1,G,MASCULINO,364,1929581128
2021,6,24,1,1,H,FEMENINO,147,1038958652
2021,6,24,1,1,H,MASCULINO,189,1299072773
2021,6,24,1,1,I,FEMENINO,185,1591531924
2021,6,24,1,1,I,MASCULINO,192,1666308007
2021,6,24,1,1,S,FEMENINO,6382,31825385903
2021,6,24,1,1,S,MASCULINO,2710,15939225714
2021,6,24,2,1,G,FEMENINO,3,8073901
2021,6,24,2,1,G,MASCULINO,6,10744911
2021,6,24,3,1,A,FEMENINO,9,40862506
2021,6,24,3,1,A,MASCULINO,11,60404529
2021,6,24,3,1,P,FEMENINO,10,102380630
2021,6,24,3,1,P,MASCULINO,13,127717701
2021,6,24,4,1,1,MASCULINO,1,2680370
2021,6,24,4,1,A,FEMENINO,42,138442910
2021,6,24,4,1,A,MASCULINO,54,175162308
2021,6,24,4,1,K,MASCULINO,1,2545100
2021,6,24,4,1,R,MASCULINO,1,5816470
2021,6,24,4,1,S,MASCULINO,1,4000000
2021,6,24,5,1,A,MASCULINO,1,6660000
2021,6,24,5,1,B,FEMENINO,5,41040000
2021,6,24,5,1,B,MASCULINO,5,37620000
2021,6,24,5,1,C,FEMENINO,14,70262000
2021,6,24,5,1,C,MASCULINO,4,22320000
2021,6,24,5,1,D,FEMENINO,10,37440000
2021,6,24,5,1,D,MASCULINO,12,43200000
2021,6,24,5,1,E,FEMENINO,1,2340000
2021,6,24,5,1,E,MASCULINO,13,34373555
2021,6,24,5,1,F,FEMENINO,17,39310665
2021,6,24,5,1,F,MASCULINO,21,56153555
2021,6,24,5,1,G,FEMENINO,28,58945346
2021,6,24,5,1,G,MASCULINO,30,63623939
2021,6,24,5,1,X,FEMENINO,1,3150000
2021,6,25,2,1,A,FEMENINO,520,2483014392
2021,6,25,2,1,A,MASCULINO,511,2619427378
2021,6,25,2,1,O,FEMENINO,93,335893133
2021,6,25,2,1,O,MASCULINO,1809,7939225502
2021,6,25,2,1,P,FEMENINO,207,2026125348
2021,6,25,2,1,P,MASCULINO,470,4881643034
2021,6,25,2,1,T,FEMENINO,38,225742593
2021,6,25,2,1,T,MASCULINO,491,3151619039
2021,6,25,4,1,1,FEMENINO,22,74732413
2021,6,25,4,1,1,MASCULINO,59,215279939
2021,6,25,4,1,E,FEMENINO,141,275551598
2021,6,25,4,1,E,MASCULINO,484,940839086
2021,6,25,4,1,F,FEMENINO,60,122033933
2021,6,25,4,1,F,MASCULINO,187,373734981
2021,6,25,4,1,G,FEMENINO,52,146569612
2021,6,25,4,1,G,MASCULINO,142,389497752
2021,6,25,4,1,H,FEMENINO,18,45278765
2021,6,25,4,1,H,MASCULINO,40,101115777
2021,6,25,4,1,I,FEMENINO,1,2094288
2021,6,25,4,1,I,MASCULINO,2,4674803
2021,6,25,4,1,J,FEMENINO,2,6102600
2021,6,25,4,1,J,MASCULINO,4,12205200
2021,6,25,4,1,K,FEMENINO,14,50407574
2021,6,25,4,1,K,MASCULINO,34,118162079
2021,6,25,4,1,R,FEMENINO,12,73562174
2021,6,25,4,1,R,MASCULINO,42,260241800
2021,6,25,5,1,A,FEMENINO,5,33046000
2021,6,25,5,1,A,MASCULINO,11,79606313
2021,6,25,5,1,B,FEMENINO,30,260988511
2021,6,25,5,1,B,MASCULINO,54,480952614
2021,6,25,5,1,C,FEMENINO,89,567892000
2021,6,25,5,1,C,MASCULINO,171,1114171843
2021,6,25,5,1,D,FEMENINO,151,588143000
2021,6,25,5,1,D,MASCULINO,230,934102000
2021,6,25,5,1,E,FEMENINO,248,849270000
2021,6,25,5,1,E,MASCULINO,540,1806583867
2021,6,25,6,1,1,FEMENINO,5,22893000
2021,6,25,6,1,1,MASCULINO,11,41598576
2021,6,25,6,1,2,FEMENINO,5,27091300
2021,6,25,6,1,2,MASCULINO,8,44610800
2021,6,25,6,1,F,FEMENINO,1,2192838
2021,6,25,6,1,F,MASCULINO,11,26108238
2021,6,25,6,1,G,FEMENINO,3,12231700
2021,6,25,6,1,G,MASCULINO,25,89140000
2021,6,25,6,1,H,FEMENINO,6,18856200
2021,6,25,6,1,H,MASCULINO,51,153848714
2021,6,25,6,1,I,FEMENINO,15,44527700
2021,6,25,6,1,I,MASCULINO,109,327741314
2021,6,25,6,1,J,FEMENINO,3,8458900
2021,6,25,6,1,J,MASCULINO,23,64207500
2021,6,25,6,1,K,FEMENINO,36,155561900
2021,6,25,6,1,K,MASCULINO,200,839311776
2021,6,25,6,1,R,FEMENINO,20,142222000
2021,6,25,6,1,R,MASCULINO,62,446225440
2021,6,25,7,1,1,FEMENINO,1,5798000
2021,6,25,7,1,2,FEMENINO,4,45532000
2021,6,25,7,1,2,MASCULINO,8,91064000
2021,6,25,7,1,F,FEMENINO,7,21822800
2021,6,25,7,1,F,MASCULINO,8,24209400
2021,6,25,7,1,G,FEMENINO,99,515708461
2021,6,25,7,1,G,MASCULINO,458,1814491928
2021,6,25,7,1,H,FEMENINO,1,2847000
2021,6,25,7,1,X,FEMENINO,10,48567000
2021,6,25,7,1,X,MASCULINO,50,129109660
2021,6,27,1,1,B,FEMENINO,365,2727672000
2021,6,27,1,1,B,MASCULINO,730,6410506833
2021,6,27,3,1,A,FEMENINO,2,13600000
2021,6,27,3,1,A,MASCULINO,3,43500000
2021,6,27,3,1,B,FEMENINO,18,122200000
2021,6,27,3,1,B,MASCULINO,55,380000000
2021,6,27,3,1,C,FEMENINO,4,27300000
2021,6,27,3,1,C,MASCULINO,8,52500000
2021,6,27,3,1,D,FEMENINO,71,320000000
2021,6,27,3,1,D,MASCULINO,132,609600000
2021,6,27,3,1,E,FEMENINO,34,98300000
2021,6,27,3,1,E,MASCULINO,87,263100000
2021,6,27,4,1,K,FEMENINO,38,190484569
2021,6,27,4,1,K,MASCULINO,72,348976475
2021,6,27,5,1,H,FEMENINO,3,6366339
2021,6,27,7,1,A,FEMENINO,40,366807607
2021,6,27,7,1,A,MASCULINO,41,455204704
2021,6,28,1,1,4,FEMENINO,140,725565699
2021,6,28,1,1,4,MASCULINO,93,488897143
2021,6,28,1,1,A,FEMENINO,1,2192839
2021,6,28,1,1,B,FEMENINO,5,7367940
2021,6,28,1,1,B,MASCULINO,5,9560779
2021,6,28,1,1,C,FEMENINO,103,190075309
2021,6,28,1,1,C,MASCULINO,76,140341714
2021,6,28,1,1,D,FEMENINO,16,29471760
2021,6,28,1,1,D,MASCULINO,17,31313745
2021,6,28,1,1,E,FEMENINO,14,26585253
2021,6,28,1,1,E,MASCULINO,1,2639448
2021,6,28,1,1,F,FEMENINO,42,77363370
2021,6,28,1,1,F,MASCULINO,98,190118490
2021,6,28,1,1,G,FEMENINO,122,387368960
2021,6,28,1,1,G,MASCULINO,148,438175466
2021,6,28,1,1,H,FEMENINO,217,691624475
2021,6,28,1,1,H,MASCULINO,380,1266073721
2021,6,28,1,1,I,FEMENINO,1,3142200
2021,6,28,1,1,I,MASCULINO,11,34564200
2021,6,28,1,1,K,FEMENINO,911,3386832463
2021,6,28,1,1,K,MASCULINO,971,3587582620
2021,6,28,1,1,L,FEMENINO,2618,6954203811
2021,6,28,1,1,L,MASCULINO,2925,8774265796
2021,6,28,1,1,R,FEMENINO,469,2226324335
2021,6,28,1,1,R,MASCULINO,284,1347990080
2021,6,28,1,1,S,FEMENINO,1700,5366879448
2021,6,28,1,1,S,MASCULINO,494,1443587273
2021,6,28,1,1,U,FEMENINO,2392,10050457166
2021,6,28,1,1,U,MASCULINO,2042,9165855364
2021,6,28,1,1,Z,FEMENINO,124,348156023
2021,6,28,1,1,Z,MASCULINO,118,276083370
2021,6,28,2,1,C,FEMENINO,29,52379661
2021,6,28,2,1,C,MASCULINO,31,51020807
2021,6,28,2,1,D,FEMENINO,23,39592606
2021,6,28,2,1,D,MASCULINO,20,36107179
2021,6,28,2,1,E,FEMENINO,38,62275940
2021,6,28,2,1,E,MASCULINO,20,34471950
2021,6,28,2,1,F,FEMENINO,44,79072442
2021,6,28,2,1,F,MASCULINO,22,39815713
2021,6,28,2,1,G,FEMENINO,27,68342243
2021,6,28,2,1,G,MASCULINO,19,53479567
2021,6,28,2,1,H,FEMENINO,13,27822979
2021,6,28,2,1,H,MASCULINO,6,13212092
2021,6,28,2,1,K,FEMENINO,23,76977749
2021,6,28,2,1,K,MASCULINO,32,118034537
2021,6,28,2,1,L,FEMENINO,12,21573080
2021,6,28,2,1,L,MASCULINO,9,16690312
2021,6,28,2,1,U,FEMENINO,667,2086988683
2021,6,28,2,1,U,MASCULINO,592,2303380015
2021,6,28,2,1,X,MASCULINO,1,1625657
2021,6,28,2,1,Z,FEMENINO,1,1134000
2021,6,28,2,1,Z,MASCULINO,2,2268000
2021,6,28,3,1,1,FEMENINO,1,3482052
2021,6,28,3,1,1,MASCULINO,1,3482052
2021,6,28,3,1,D,FEMENINO,16,28923550
2021,6,28,3,1,D,MASCULINO,10,18419850
2021,6,28,3,1,E,FEMENINO,11,20261835
2021,6,28,3,1,E,MASCULINO,7,12893895
2021,6,28,3,1,F,FEMENINO,19,35935089
2021,6,28,3,1,F,MASCULINO,20,36683099
2021,6,28,3,1,G,FEMENINO,18,44753671
2021,6,28,3,1,G,MASCULINO,20,49497199
2021,6,28,3,1,H,FEMENINO,1,2450532
2021,6,28,3,1,K,FEMENINO,6,23109240
2021,6,28,3,1,K,MASCULINO,4,15371160
2021,6,28,3,1,U,FEMENINO,318,967236484
2021,6,28,3,1,U,MASCULINO,242,863513026
2021,6,28,4,1,1,FEMENINO,9,50659200
2021,6,28,4,1,1,MASCULINO,2,11257600
2021,6,28,4,1,C,FEMENINO,8,17542712
2021,6,28,4,1,C,MASCULINO,5,10965195
2021,6,28,4,1,D,FEMENINO,1,0
2021,6,28,4,1,E,FEMENINO,21,45889065
2021,6,28,4,1,E,MASCULINO,21,45889065
2021,6,28,4,1,F,FEMENINO,24,59978417
2021,6,28,4,1,F,MASCULINO,12,29450140
2021,6,28,4,1,G,FEMENINO,36,128564200
2021,6,28,4,1,G,MASCULINO,18,63091500
2021,6,28,4,1,H,FEMENINO,46,103076146
2021,6,28,4,1,H,MASCULINO,37,86595372
2021,6,28,4,1,I,FEMENINO,1,2765600
2021,6,28,4,1,K,FEMENINO,12,43025339
2021,6,28,4,1,K,MASCULINO,3,7699339
2021,6,28,4,1,L,FEMENINO,461,1394791873
2021,6,28,4,1,L,MASCULINO,323,1157514546
2021,6,28,4,1,S,FEMENINO,1,2200000
2021,6,28,4,1,U,FEMENINO,89,225855578
2021,6,28,4,1,U,MASCULINO,52,167298683
2021,6,28,5,1,C,FEMENINO,6,10647318
2021,6,28,5,1,C,MASCULINO,1,2112562
2021,6,28,5,1,E,FEMENINO,40,75996743
2021,6,28,5,1,E,MASCULINO,45,83572984
2021,6,28,5,1,F,FEMENINO,13,27099358
2021,6,28,5,1,F,MASCULINO,9,17848358
2021,6,28,5,1,G,FEMENINO,44,111209311
2021,6,28,5,1,G,MASCULINO,39,115347429
2021,6,28,5,1,H,FEMENINO,1,1904952
2021,6,28,5,1,H,MASCULINO,4,8914966
2021,6,28,5,1,K,FEMENINO,1,4830900
2021,6,28,5,1,K,MASCULINO,1,5737700
2021,6,28,5,1,L,FEMENINO,204,564880589
2021,6,28,5,1,L,MASCULINO,232,869328411
2021,6,28,5,1,N,FEMENINO,7,13635898
2021,6,28,5,1,N,MASCULINO,13,23745207
2021,6,28,5,1,U,FEMENINO,42,120974990
2021,6,28,5,1,U,MASCULINO,41,146587951
2021,6,28,6,1,0,FEMENINO,4,0
2021,6,28,6,1,0,MASCULINO,1,0
2021,6,28,6,1,D,FEMENINO,2,3683970
2021,6,28,6,1,D,MASCULINO,1,1841985
2021,6,28,6,1,E,FEMENINO,20,36839700
2021,6,28,6,1,E,MASCULINO,15,27629775
2021,6,28,6,1,F,FEMENINO,23,43499460
2021,6,28,6,1,F,MASCULINO,21,40728048
2021,6,28,6,1,G,FEMENINO,39,130221840
2021,6,28,6,1,G,MASCULINO,38,128230452
2021,6,28,6,1,H,FEMENINO,1,2454816
2021,6,28,6,1,K,FEMENINO,4,19134864
2021,6,28,6,1,K,MASCULINO,4,19094040
2021,6,28,6,1,L,FEMENINO,664,767833359
2021,6,28,6,1,L,MASCULINO,503,628333674
2021,6,28,6,1,U,FEMENINO,137,345708631
2021,6,28,6,1,U,MASCULINO,96,282482169
2021,6,28,7,1,2,FEMENINO,1,3634596
2021,6,28,7,1,D,FEMENINO,15,26996389
2021,6,28,7,1,D,MASCULINO,10,18150111
2021,6,28,7,1,E,FEMENINO,28,50922093
2021,6,28,7,1,E,MASCULINO,23,42055140
2021,6,28,7,1,F,FEMENINO,47,90297749
2021,6,28,7,1,F,MASCULINO,30,58896760
2021,6,28,7,1,G,FEMENINO,40,108468362
2021,6,28,7,1,G,MASCULINO,39,102747961
2021,6,28,7,1,H,FEMENINO,9,17082831
2021,6,28,7,1,H,MASCULINO,13,25753800
2021,6,28,7,1,I,FEMENINO,5,11166657
2021,6,28,7,1,I,MASCULINO,4,9172036
2021,6,28,7,1,K,FEMENINO,29,99801200
2021,6,28,7,1,K,MASCULINO,24,90185666
2021,6,28,7,1,L,FEMENINO,239,271558978
2021,6,28,7,1,L,MASCULINO,217,266812801
2021,6,28,7,1,U,FEMENINO,282,654520014
2021,6,28,7,1,U,MASCULINO,356,1021530224
2021,6,28,8,1,E,FEMENINO,10,18163807
2021,6,28,8,1,E,MASCULINO,7,12421864
2021,6,28,8,1,F,FEMENINO,10,18225120
2021,6,28,8,1,F,MASCULINO,6,11154652
2021,6,28,8,1,G,FEMENINO,21,66938802
2021,6,28,8,1,G,MASCULINO,22,65774646
2021,6,28,8,1,K,MASCULINO,1,3915156
2021,6,28,8,1,U,FEMENINO,4,16361352
2021,6,28,8,1,U,MASCULINO,11,49198884
2021,6,30,1,3,M,MASCULINO,4,8808530
2021,6,30,1,4,M,FEMENINO,4,8822250
2021,6,30,1,4,M,MASCULINO,2,9421514
2021,6,30,1,5,M,FEMENINO,1,1080000
2021,6,30,1,5,M,MASCULINO,5,13200000
2021,6,30,1,6,M,FEMENINO,8,8865000
2021,6,30,1,6,M,MASCULINO,6,15614837
2021,6,30,1,238,M,MASCULINO,3,15220000
2021,6,30,1,241,M,FEMENINO,1,8000000
2021,6,30,1,241,M,MASCULINO,3,4300000
2021,6,30,1,249,A,MASCULINO,1,9800000
2021,6,30,1,249,E,MASCULINO,1,3600000
2021,6,30,1,249,F,MASCULINO,2,3780000
2021,6,30,1,524,M,FEMENINO,1,1300000
2021,6,30,1,524,M,MASCULINO,2,8500000
2021,6,30,2,8,M,FEMENINO,4,9000000
2021,6,30,2,8,M,MASCULINO,4,31500000
2021,6,30,2,11,M,FEMENINO,4,6779933
2021,6,30,2,11,M,MASCULINO,11,22156800
2021,6,30,2,12,M,FEMENINO,3,6092759
2021,6,30,2,12,M,MASCULINO,8,23842116
2021,6,30,2,13,C,MASCULINO,1,6400000
2021,6,30,2,13,E,FEMENINO,2,3870000
2021,6,30,2,13,E,MASCULINO,2,3555000
2021,6,30,2,14,M,FEMENINO,1,1500000
2021,6,30,2,14,M,MASCULINO,2,1530000
2021,6,30,2,15,M,FEMENINO,7,10260000
2021,6,30,2,15,M,MASCULINO,13,37685620
2021,6,30,2,16,M,MASCULINO,3,5643352
2021,6,30,2,17,A,MASCULINO,1,2700000
2021,6,30,2,17,F,FEMENINO,2,2430000
2021,6,30,2,17,F,MASCULINO,1,1215000
2021,6,30,2,18,M,FEMENINO,3,10436000
2021,6,30,2,18,M,MASCULINO,2,3454200
2021,6,30,2,19,M,FEMENINO,2,2200000
2021,6,30,2,19,M,MASCULINO,4,5500000
2021,6,30,2,20,M,FEMENINO,2,2700000
2021,6,30,2,20,M,MASCULINO,3,7500000
2021,6,30,2,22,M,MASCULINO,3,11638240
2021,6,30,2,23,M,MASCULINO,3,5973000
2021,6,30,2,24,M,FEMENINO,1,1080000
2021,6,30,2,25,M,FEMENINO,1,990000
2021,6,30,2,25,M,MASCULINO,3,11701000
2021,6,30,2,26,A,MASCULINO,1,12200000
2021,6,30,2,26,D,FEMENINO,2,5670000
2021,6,30,2,26,D,MASCULINO,9,25650000
2021,6,30,2,26,E,MASCULINO,1,2250000
2021,6,30,2,239,M,FEMENINO,2,3217500
2021,6,30,2,239,M,MASCULINO,4,13404500
2021,6,30,2,253,M,FEMENINO,1,1100000
2021,6,30,2,253,M,MASCULINO,2,4000000
2021,6,30,3,27,M,FEMENINO,33,78571998
2021,6,30,3,27,M,MASCULINO,28,73883318
2021,6,30,3,28,M,FEMENINO,4,6704470
2021,6,30,3,28,M,MASCULINO,6,13810570
2021,6,30,3,29,M,FEMENINO,4,9900000
2021,6,30,3,29,M,MASCULINO,5,9180000
2021,6,30,3,30,M,FEMENINO,3,5700000
2021,6,30,3,30,M,MASCULINO,3,14300000
2021,6,30,3,31,M,FEMENINO,8,14175000
2021,6,30,3,31,M,MASCULINO,8,12510000
2021,6,30,3,32,0,FEMENINO,7,13880000
2021,6,30,3,32,0,MASCULINO,5,23730000
2021,6,30,3,33,C,MASCULINO,2,0
2021,6,30,3,33,M,FEMENINO,4,14700000
2021,6,30,3,33,M,MASCULINO,12,54920000
2021,6,30,3,34,M,FEMENINO,6,8370000
2021,6,30,3,34,M,MASCULINO,8,9450000
2021,6,30,3,35,M,FEMENINO,1,1300000
2021,6,30,3,35,M,MASCULINO,5,14907049
2021,6,30,3,36,M,FEMENINO,1,5000000
2021,6,30,3,36,M,MASCULINO,1,5000000
2021,6,30,3,37,M,FEMENINO,4,9667500
2021,6,30,3,37,M,MASCULINO,2,4490000
2021,6,30,3,39,M,FEMENINO,3,6030000
2021,6,30,3,39,M,MASCULINO,1,1766092
2021,6,30,3,40,M,FEMENINO,17,32999200
2021,6,30,3,40,M,MASCULINO,8,28390000
2021,6,30,3,41,M,MASCULINO,1,2000000
2021,6,30,3,42,M,FEMENINO,7,22917775
2021,6,30,3,42,M,MASCULINO,5,33665000
2021,6,30,3,43,M,FEMENINO,1,140000
2021,6,30,3,43,M,MASCULINO,6,4430000
2021,6,30,3,44,M,FEMENINO,8,14700000
2021,6,30,3,44,M,MASCULINO,7,16000000
2021,6,30,3,45,M,FEMENINO,8,14730000
2021,6,30,3,45,M,MASCULINO,3,3195000
2021,6,30,3,46,0,MASCULINO,2,5475000
2021,6,30,4,47,M,FEMENINO,35,80578958
2021,6,30,4,47,M,MASCULINO,42,112975532
2021,6,30,4,48,M,FEMENINO,2,1905000
2021,6,30,4,48,M,MASCULINO,1,1200000
2021,6,30,4,49,M,FEMENINO,5,6980000
2021,6,30,4,49,M,MASCULINO,4,3115000
2021,6,30,4,51,M,FEMENINO,1,1800000
2021,6,30,4,51,M,MASCULINO,1,5600000
2021,6,30,4,54,M,FEMENINO,1,1450000
2021,6,30,4,54,M,MASCULINO,2,1703300
2021,6,30,4,55,M,FEMENINO,2,2860000
2021,6,30,4,55,M,MASCULINO,3,5030000
2021,6,30,4,56,M,FEMENINO,1,1170000
2021,6,30,4,56,M,MASCULINO,1,1700000
2021,6,30,4,57,M,FEMENINO,2,3450000
2021,6,30,4,57,M,MASCULINO,3,3600000
2021,6,30,4,58,M,MASCULINO,2,4180000
2021,6,30,4,59,M,FEMENINO,1,500000
2021,6,30,4,59,M,MASCULINO,2,1100000
2021,6,30,4,60,X,FEMENINO,1,540000
2021,6,30,4,60,X,MASCULINO,1,700000
2021,6,30,4,61,M,FEMENINO,3,3600000
2021,6,30,4,61,M,MASCULINO,1,950000
2021,6,30,4,62,M,FEMENINO,2,1420000
2021,6,30,4,62,M,MASCULINO,10,5420000
2021,6,30,4,63,M,FEMENINO,4,0
2021,6,30,4,63,M,MASCULINO,12,0
2021,6,30,4,234,M,FEMENINO,5,10800777
2021,6,30,4,234,M,MASCULINO,2,7687500
2021,6,30,5,64,M,FEMENINO,30,69761900
2021,6,30,5,64,M,MASCULINO,64,133894386
2021,6,30,5,65,A,MASCULINO,1,13200000
2021,6,30,5,65,B,MASCULINO,6,16020000
2021,6,30,5,65,C,FEMENINO,3,8100000
2021,6,30,5,65,C,MASCULINO,4,9050000
2021,6,30,5,65,D,FEMENINO,1,2880000
2021,6,30,5,65,D,MASCULINO,3,9590000
2021,6,30,5,65,E,FEMENINO,2,4950000
2021,6,30,5,65,E,MASCULINO,3,7650000
2021,6,30,5,65,G,FEMENINO,3,6390000
2021,6,30,5,65,G,MASCULINO,5,10710000
2021,6,30,5,65,L,MASCULINO,1,1800000
2021,6,30,5,65,U,MASCULINO,1,2250000
2021,6,30,5,66,M,FEMENINO,1,1260000
2021,6,30,5,66,M,MASCULINO,3,9250000
2021,6,30,5,67,M,FEMENINO,1,1080000
2021,6,30,5,67,M,MASCULINO,2,2018000
2021,6,30,5,68,M,FEMENINO,1,1350000
2021,6,30,5,68,M,MASCULINO,2,4438421
2021,6,30,5,69,M,FEMENINO,11,12140000
2021,6,30,5,69,M,MASCULINO,14,25440000
2021,6,30,5,70,M,FEMENINO,3,17280000
2021,6,30,5,70,M,MASCULINO,3,6650000
2021,6,30,5,72,A,MASCULINO,1,2628000
2021,6,30,5,72,D,MASCULINO,3,4716000
2021,6,30,5,73,0,FEMENINO,2,2745000
2021,6,30,5,73,0,MASCULINO,8,19110000
2021,6,30,5,74,M,FEMENINO,3,4350000
2021,6,30,5,74,M,MASCULINO,3,5040000
2021,6,30,5,75,M,FEMENINO,3,5900000
2021,6,30,5,75,M,MASCULINO,5,12650000
2021,6,30,5,76,M,MASCULINO,3,27600000
2021,6,30,5,77,M,FEMENINO,2,3330000
2021,6,30,5,77,M,MASCULINO,5,13460000
2021,6,30,5,78,M,FEMENINO,7,8041500
2021,6,30,5,78,M,MASCULINO,5,5895000
2021,6,30,5,79,M,FEMENINO,4,8010000
2021,6,30,5,79,M,MASCULINO,12,35450000
2021,6,30,5,81,M,FEMENINO,2,1500000
2021,6,30,5,81,M,MASCULINO,4,5600000
2021,6,30,5,82,M,FEMENINO,2,3048882
2021,6,30,5,82,M,MASCULINO,1,1530000
2021,6,30,5,83,M,FEMENINO,1,990000
2021,6,30,5,83,M,MASCULINO,2,8150000
2021,6,30,5,233,X,FEMENINO,1,1890000
2021,6,30,5,233,X,MASCULINO,2,20200000
2021,6,30,6,84,M,FEMENINO,6,0
2021,6,30,6,84,M,MASCULINO,14,0
2021,6,30,6,85,M,MASCULINO,4,19580000
2021,6,30,6,86,M,FEMENINO,1,0
2021,6,30,6,86,M,MASCULINO,4,0
2021,6,30,6,87,M,MASCULINO,1,0
2021,6,30,6,88,M,FEMENINO,1,1170000
2021,6,30,6,88,M,MASCULINO,5,7080000
2021,6,30,6,89,M,MASCULINO,2,4355000
2021,6,30,6,90,M,FEMENINO,4,4500000
2021,6,30,6,90,M,MASCULINO,8,19000000
2021,6,30,6,91,1,FEMENINO,1,1620000
2021,6,30,6,91,1,MASCULINO,2,5120000
2021,6,30,6,92,0,FEMENINO,3,11200000
2021,6,30,6,92,0,MASCULINO,3,5630000
2021,6,30,6,93,M,FEMENINO,9,14150000
2021,6,30,6,93,M,MASCULINO,14,29450000
2021,6,30,6,245,M,MASCULINO,3,4240000
2021,6,30,7,94,M,FEMENINO,76,207499252
2021,6,30,7,94,M,MASCULINO,159,474159276
2021,6,30,7,95,M,FEMENINO,4,8861204
2021,6,30,7,95,M,MASCULINO,9,43500045
2021,6,30,7,96,0,FEMENINO,4,768000
2021,6,30,7,96,0,MASCULINO,4,343750
2021,6,30,7,97,M,FEMENINO,5,9540000
2021,6,30,7,97,M,MASCULINO,12,29295000
2021,6,30,7,98,M,FEMENINO,8,20540000
2021,6,30,7,98,M,MASCULINO,5,9900000
2021,6,30,7,99,M,FEMENINO,4,4950000
2021,6,30,7,99,M,MASCULINO,2,4600000
2021,6,30,7,100,M,FEMENINO,7,15935000
2021,6,30,7,100,M,MASCULINO,1,9500000
2021,6,30,7,101,M,MASCULINO,10,35996000
2021,6,30,7,102,M,FEMENINO,1,6000000
2021,6,30,7,102,M,MASCULINO,6,15734000
2021,6,30,7,103,M,FEMENINO,4,7299000
2021,6,30,7,103,M,MASCULINO,8,17994500
2021,6,30,7,104,M,FEMENINO,8,23698800
2021,6,30,7,104,M,MASCULINO,9,30183100
2021,6,30,7,105,M,FEMENINO,5,4290000
2021,6,30,7,105,M,MASCULINO,4,10825000
2021,6,30,7,106,M,FEMENINO,2,2160000
2021,6,30,7,106,M,MASCULINO,7,11610000
2021,6,30,7,107,M,FEMENINO,8,21980600
2021,6,30,7,107,M,MASCULINO,7,31363700
2021,6,30,7,108,M,FEMENINO,2,1650250
2021,6,30,7,108,M,MASCULINO,2,2725000
2021,6,30,7,109,M,FEMENINO,1,1500000
2021,6,30,7,109,M,MASCULINO,1,990000
2021,6,30,7,110,M,FEMENINO,9,24560000
2021,6,30,7,110,M,MASCULINO,8,15800000
2021,6,30,7,111,A,MASCULINO,1,4410000
2021,6,30,7,111,B,FEMENINO,1,1800000
2021,6,30,7,111,M,FEMENINO,1,1633500
2021,6,30,7,113,M,FEMENINO,2,4600000
2021,6,30,7,113,M,MASCULINO,5,19900000
2021,6,30,7,114,M,FEMENINO,1,2950000
2021,6,30,7,114,M,MASCULINO,9,33970000
2021,6,30,7,115,M,FEMENINO,8,23823555
2021,6,30,7,115,M,MASCULINO,2,9959000
2021,6,30,7,116,M,FEMENINO,6,8750000
2021,6,30,7,116,M,MASCULINO,3,14205000
2021,6,30,7,117,M,FEMENINO,5,24667500
2021,6,30,7,117,M,MASCULINO,2,21377545
2021,6,30,7,118,M,MASCULINO,4,12900000
2021,6,30,7,119,M,FEMENINO,2,11514861
2021,6,30,7,119,M,MASCULINO,2,6624463
2021,6,30,7,120,M,FEMENINO,4,5700000
2021,6,30,7,120,M,MASCULINO,2,4700000
2021,6,30,7,121,M,FEMENINO,2,26798333
2021,6,30,7,121,M,MASCULINO,5,15155834
2021,6,30,7,122,A,MASCULINO,1,8845000
2021,6,30,7,122,C,FEMENINO,3,8537718
2021,6,30,7,122,C,MASCULINO,1,2943000
2021,6,30,7,122,E,FEMENINO,1,1607739
2021,6,30,7,122,E,MASCULINO,3,4893635
2021,6,30,7,123,M,FEMENINO,7,14401000
2021,6,30,7,123,M,MASCULINO,5,18294500
2021,6,30,8,124,0,FEMENINO,19,28996666
2021,6,30,8,124,0,MASCULINO,14,23805000
2021,6,30,8,126,M,FEMENINO,7,18485185
2021,6,30,8,126,M,MASCULINO,18,58367291
2021,6,30,8,127,M,FEMENINO,4,5556000
2021,6,30,8,127,M,MASCULINO,3,5826000
2021,6,30,8,129,M,FEMENINO,3,5337000
2021,6,30,8,129,M,MASCULINO,5,2695000
2021,6,30,8,131,M,FEMENINO,5,10150000
2021,6,30,8,131,M,MASCULINO,3,9900000
2021,6,30,8,132,M,FEMENINO,1,1350000
2021,6,30,8,132,M,MASCULINO,5,7365000
2021,6,30,8,133,M,FEMENINO,1,990000
2021,6,30,8,133,M,MASCULINO,3,3650000
2021,6,30,9,134,M,FEMENINO,21,53797500
2021,6,30,9,134,M,MASCULINO,26,50107500
2021,6,30,9,136,M,FEMENINO,11,20360000
2021,6,30,9,136,M,MASCULINO,13,29590000
2021,6,30,9,137,P,FEMENINO,1,1300000
2021,6,30,9,137,P,MASCULINO,4,6300000
2021,6,30,9,138,M,FEMENINO,9,19796000
2021,6,30,9,138,M,MASCULINO,14,43811000
2021,6,30,9,139,M,FEMENINO,2,2250000
2021,6,30,9,139,M,MASCULINO,2,5076098
2021,6,30,9,140,M,FEMENINO,1,2200000
2021,6,30,9,140,M,MASCULINO,4,14600000
2021,6,30,9,141,M,FEMENINO,5,3240000
2021,6,30,9,141,M,MASCULINO,9,10500000
2021,6,30,9,142,M,FEMENINO,4,4930500
2021,6,30,9,142,M,MASCULINO,2,6070000
2021,6,30,9,143,A,FEMENINO,1,8000000
2021,6,30,9,143,B,MASCULINO,1,1800000
2021,6,30,9,143,C,FEMENINO,2,3780000
2021,6,30,9,143,C,MASCULINO,3,6660000
2021,6,30,9,143,G,FEMENINO,4,4300000
2021,6,30,9,143,G,MASCULINO,6,6390000
2021,6,30,9,144,M,FEMENINO,2,2375000
2021,6,30,9,144,M,MASCULINO,1,1120000
2021,6,30,9,145,M,FEMENINO,1,500000
2021,6,30,9,145,M,MASCULINO,4,9750000
2021,6,30,9,146,M,FEMENINO,4,7350000
2021,6,30,9,146,M,MASCULINO,3,5400000
2021,6,30,9,148,M,FEMENINO,3,5300000
2021,6,30,9,148,M,MASCULINO,11,27300000
2021,6,30,9,149,M,FEMENINO,3,8700000
2021,6,30,9,149,M,MASCULINO,4,9630000
2021,6,30,9,150,M,MASCULINO,2,4786000
2021,6,30,10,151,A,MASCULINO,2,11020000
2021,6,30,10,151,B,FEMENINO,25,110279000
2021,6,30,10,151,B,MASCULINO,36,172741500
2021,6,30,10,151,C,FEMENINO,107,314755507
2021,6,30,10,151,C,MASCULINO,120,331936176
2021,6,30,10,151,E,FEMENINO,4,9719000
2021,6,30,10,151,E,MASCULINO,9,19012002
2021,6,30,10,151,F,FEMENINO,17,36039503
2021,6,30,10,151,F,MASCULINO,31,59069335
2021,6,30,10,151,G,FEMENINO,4,9538334
2021,6,30,10,151,G,MASCULINO,18,38593336
2021,6,30,10,152,B,MASCULINO,2,7400000
2021,6,30,10,152,D,FEMENINO,9,18466367
2021,6,30,10,152,D,MASCULINO,9,23340000
2021,6,30,10,152,F,FEMENINO,8,14851940
2021,6,30,10,152,F,MASCULINO,7,12890970
2021,6,30,10,152,G,FEMENINO,7,10156227
2021,6,30,10,152,G,MASCULINO,20,61191563
2021,6,30,10,152,H,MASCULINO,1,2700000
2021,6,30,10,153,M,FEMENINO,2,4200000
2021,6,30,10,153,M,MASCULINO,1,3500000
2021,6,30,10,154,M,FEMENINO,2,4500000
2021,6,30,10,154,M,MASCULINO,6,21600000
2021,6,30,10,155,A,MASCULINO,1,14240550
2021,6,30,10,155,B,FEMENINO,5,18168410
2021,6,30,10,155,B,MASCULINO,13,49063830
2021,6,30,10,155,C,FEMENINO,1,1306667
2021,6,30,10,155,D,FEMENINO,23,53191769
2021,6,30,10,155,D,MASCULINO,8,16616394
2021,6,30,10,155,E,FEMENINO,6,10851169
2021,6,30,10,155,E,MASCULINO,9,17434853
2021,6,30,10,155,F,FEMENINO,1,1440000
2021,6,30,10,155,F,MASCULINO,2,3531867
2021,6,30,10,155,G,FEMENINO,14,37503146
2021,6,30,10,155,G,MASCULINO,18,48283532
2021,6,30,10,155,L,FEMENINO,1,2208690
2021,6,30,10,155,L,MASCULINO,1,1693500
2021,6,30,10,156,M,FEMENINO,4,12583260
2021,6,30,10,156,M,MASCULINO,6,29231852
2021,6,30,10,157,M,FEMENINO,4,7500000
2021,6,30,10,157,M,MASCULINO,11,31733334
2021,6,30,10,158,M,FEMENINO,4,5950000
2021,6,30,10,158,M,MASCULINO,3,8500000
2021,6,30,10,159,M,FEMENINO,4,9198386
2021,6,30,10,159,M,MASCULINO,5,22810198
2021,6,30,10,160,M,FEMENINO,6,12792531
2021,6,30,10,160,M,MASCULINO,6,21777871
2021,6,30,10,161,M,FEMENINO,3,6150000
2021,6,30,10,161,M,MASCULINO,8,23960000
2021,6,30,10,162,M,FEMENINO,25,63640489
2021,6,30,10,162,M,MASCULINO,45,128703264
2021,6,30,10,163,M,FEMENINO,3,8800000
2021,6,30,10,163,M,MASCULINO,2,16500000
2021,6,30,10,164,A,MASCULINO,1,14949392
2021,6,30,10,164,B,FEMENINO,5,26208729
2021,6,30,10,164,B,MASCULINO,4,16247220
2021,6,30,10,164,C,FEMENINO,8,32331908
2021,6,30,10,164,C,MASCULINO,7,30395644
2021,6,30,10,164,D,FEMENINO,2,7035490
2021,6,30,10,164,D,MASCULINO,3,10326471
2021,6,30,10,164,F,FEMENINO,7,18692381
2021,6,30,10,164,F,MASCULINO,5,15440483
2021,6,30,10,164,G,FEMENINO,13,33622663
2021,6,30,10,164,G,MASCULINO,50,134347770
2021,6,30,10,165,A,MASCULINO,1,15400000
2021,6,30,10,165,C,FEMENINO,3,10850000
2021,6,30,10,165,C,MASCULINO,2,9950000
2021,6,30,10,165,D,FEMENINO,1,4200000
2021,6,30,10,165,G,MASCULINO,2,8900000
2021,6,30,10,166,M,FEMENINO,6,15506700
2021,6,30,10,166,M,MASCULINO,5,9864000
2021,6,30,10,167,M,FEMENINO,5,8100000
2021,6,30,10,167,M,MASCULINO,8,34430000
2021,6,30,10,168,M,FEMENINO,7,19927534
2021,6,30,10,168,M,MASCULINO,3,22625576
2021,6,30,10,169,M,FEMENINO,6,16500000
2021,6,30,10,169,M,MASCULINO,10,39660000
2021,6,30,10,170,M,FEMENINO,5,17352000
2021,6,30,10,170,M,MASCULINO,5,32305259
2021,6,30,10,240,M,FEMENINO,6,11880000
2021,6,30,10,240,M,MASCULINO,5,15640000
2021,6,30,10,246,M,FEMENINO,1,1980000
2021,6,30,10,246,M,MASCULINO,6,16335000
2021,6,30,11,171,M,FEMENINO,9,13542011
2021,6,30,11,171,M,MASCULINO,17,32657221
2021,6,30,11,172,M,FEMENINO,47,98315779
2021,6,30,11,172,M,MASCULINO,74,183030500
2021,6,30,11,173,A,MASCULINO,1,17212325
2021,6,30,11,173,B,FEMENINO,5,20337323
2021,6,30,11,173,B,MASCULINO,11,42095100
2021,6,30,11,173,C,FEMENINO,12,36088906
2021,6,30,11,173,C,MASCULINO,27,82284712
2021,6,30,11,173,D,FEMENINO,19,50066435
2021,6,30,11,173,D,MASCULINO,38,96211298
2021,6,30,11,173,E,FEMENINO,68,108725544
2021,6,30,11,173,E,MASCULINO,74,128780589
2021,6,30,11,173,F,FEMENINO,10,18393032
2021,6,30,11,173,F,MASCULINO,6,9608153
2021,6,30,11,173,G,FEMENINO,56,83825366
2021,6,30,11,173,G,MASCULINO,48,78139647
2021,6,30,11,174,M,FEMENINO,9,22050000
2021,6,30,11,174,M,MASCULINO,3,16460000
2021,6,30,11,175,M,FEMENINO,3,12800000
2021,6,30,11,175,M,MASCULINO,1,1900000
2021,6,30,11,176,M,FEMENINO,15,32158570
2021,6,30,11,176,M,MASCULINO,19,46212900
2021,6,30,11,177,M,FEMENINO,106,261585405
2021,6,30,11,177,M,MASCULINO,133,349144322
2021,6,30,11,178,M,FEMENINO,51,125989023
2021,6,30,11,178,M,MASCULINO,77,186901340
2021,6,30,11,179,M,FEMENINO,86,198377481
2021,6,30,11,179,M,MASCULINO,99,283472801
2021,6,30,11,180,A,MASCULINO,1,13000000
2021,6,30,11,180,B,FEMENINO,2,3200301
2021,6,30,11,180,B,MASCULINO,2,5462553
2021,6,30,11,180,C,FEMENINO,2,7105600
2021,6,30,11,180,C,MASCULINO,8,19747488
2021,6,30,11,180,D,FEMENINO,38,86984952
2021,6,30,11,180,D,MASCULINO,28,70473244
2021,6,30,11,180,E,FEMENINO,46,85528313
2021,6,30,11,180,E,MASCULINO,41,70297727
2021,6,30,11,180,F,FEMENINO,4,8263764
2021,6,30,11,180,F,MASCULINO,5,9854256
2021,6,30,11,180,G,FEMENINO,9,15163497
2021,6,30,11,180,G,MASCULINO,3,4986464
2021,6,30,11,180,L,FEMENINO,5,8317695
2021,6,30,11,180,L,MASCULINO,4,7353085
2021,6,30,11,180,U,FEMENINO,15,25050000
2021,6,30,11,180,U,MASCULINO,8,13360000
2021,6,30,11,181,M,FEMENINO,1,1016400
2021,6,30,11,181,M,MASCULINO,2,4041400
2021,6,30,11,182,M,FEMENINO,12,39587112
2021,6,30,11,182,M,MASCULINO,17,50516831
2021,6,30,11,183,C,MASCULINO,1,10529900
2021,6,30,11,183,M,FEMENINO,5,17071394
2021,6,30,11,183,M,MASCULINO,10,27534000
2021,6,30,11,184,M,FEMENINO,226,487292544
2021,6,30,11,184,M,MASCULINO,291,667690196
2021,6,30,11,185,M,FEMENINO,66,156778266
2021,6,30,11,185,M,MASCULINO,49,123006854
2021,6,30,11,186,A,MASCULINO,1,22000000
2021,6,30,11,186,B,FEMENINO,1,6100000
2021,6,30,11,186,B,MASCULINO,4,14518000
2021,6,30,11,186,C,FEMENINO,2,10700000
2021,6,30,11,186,E,FEMENINO,4,12850000
2021,6,30,11,186,E,MASCULINO,5,14500000
2021,6,30,11,186,F,FEMENINO,1,2300000
2021,6,30,11,186,G,FEMENINO,4,8948110
2021,6,30,11,186,G,MASCULINO,1,2000000
2021,6,30,11,186,M,FEMENINO,5,18200000
2021,6,30,11,186,M,MASCULINO,6,19400000
2021,6,30,11,187,M,FEMENINO,15,28586737
2021,6,30,11,187,M,MASCULINO,22,47991440
2021,6,30,11,188,M,MASCULINO,2,11533333
2021,6,30,11,189,M,MASCULINO,6,14750000
2021,6,30,12,191,M,FEMENINO,4,6950000
2021,6,30,12,191,M,MASCULINO,8,19000000
2021,6,30,12,192,M,FEMENINO,3,2502000
2021,6,30,12,192,M,MASCULINO,3,3330000
2021,6,30,12,193,M,FEMENINO,3,1595000
2021,6,30,12,193,M,MASCULINO,2,2475000
2021,6,30,12,194,M,FEMENINO,3,2195000
2021,6,30,12,194,M,MASCULINO,3,1618200
2021,6,30,12,196,M,MASCULINO,3,3600000
2021,6,30,12,197,M,FEMENINO,2,4300000
2021,6,30,12,197,M,MASCULINO,2,7000000
2021,6,30,12,201,M,FEMENINO,2,2700000
2021,6,30,12,201,M,MASCULINO,2,3850000
2021,6,30,12,204,M,FEMENINO,2,4606000
2021,6,30,12,204,M,MASCULINO,1,1944000
2021,6,30,12,205,M,FEMENINO,8,10478000
2021,6,30,12,205,M,MASCULINO,5,7329000
2021,6,30,13,206,A,MASCULINO,1,21928390
2021,6,30,13,206,B,MASCULINO,1,9931801
2021,6,30,13,206,C,FEMENINO,4,25420383
2021,6,30,13,206,C,MASCULINO,11,78187184
2021,6,30,13,206,E,FEMENINO,2,7952374
2021,6,30,13,206,E,MASCULINO,2,10648400
2021,6,30,13,206,F,FEMENINO,10,45769031
2021,6,30,13,206,F,MASCULINO,13,48216026
2021,6,30,13,206,G,FEMENINO,15,37826133
2021,6,30,13,206,G,MASCULINO,36,102962185
2021,6,30,13,207,M,FEMENINO,6,18359200
2021,6,30,13,207,M,MASCULINO,10,17289000
2021,6,30,13,208,M,FEMENINO,12,28680563
2021,6,30,13,208,M,MASCULINO,22,65837042
2021,6,30,13,242,M,FEMENINO,2,4095000
2021,6,30,13,242,M,MASCULINO,4,10300000
2021,6,30,13,250,M,FEMENINO,1,1350000
2021,6,30,13,250,M,MASCULINO,1,3000000
2021,6,30,14,209,M,FEMENINO,2,4185000
2021,6,30,14,209,M,MASCULINO,9,32180000
2021,6,30,14,210,M,FEMENINO,2,3250000
2021,6,30,14,210,M,MASCULINO,4,14850000
2021,6,30,14,211,M,FEMENINO,3,11430000
2021,6,30,14,211,M,MASCULINO,6,22816860
2021,6,30,14,212,0,MASCULINO,3,5650000
2021,6,30,14,213,M,FEMENINO,2,3145000
2021,6,30,14,213,M,MASCULINO,7,14600000
2021,6,30,14,214,M,MASCULINO,4,8035000
2021,6,30,14,215,M,FEMENINO,1,1530000
2021,6,30,14,215,M,MASCULINO,3,11310000
2021,6,30,14,216,M,MASCULINO,6,26992839
2021,6,30,14,217,M,FEMENINO,7,17955000
2021,6,30,14,217,M,MASCULINO,5,28620000
2021,6,30,14,218,M,FEMENINO,8,20700000
2021,6,30,14,218,M,MASCULINO,4,19722836
2021,6,30,14,219,A,MASCULINO,1,21928390
2021,6,30,14,219,C,FEMENINO,1,2700000
2021,6,30,14,219,C,MASCULINO,1,3150000
2021,6,30,14,219,D,FEMENINO,8,18635000
2021,6,30,14,219,D,MASCULINO,4,9945000
2021,6,30,14,244,M,FEMENINO,3,5400000
2021,6,30,14,244,M,MASCULINO,9,16700000
2021,6,30,14,247,M,MASCULINO,5,7490300
2021,6,30,14,251,M,FEMENINO,1,1650000
2021,6,30,14,251,M,MASCULINO,4,12200000
2021,6,30,14,255,M,FEMENINO,1,1800000
2021,6,30,14,255,M,MASCULINO,4,14000000
2021,6,30,15,220,M,FEMENINO,9,22365000
2021,6,30,15,220,M,MASCULINO,11,49210000
2021,6,30,15,221,M,FEMENINO,3,4074399
2021,6,30,15,221,M,MASCULINO,3,12669867
2021,6,30,15,222,M,FEMENINO,52,126959531
2021,6,30,15,222,M,MASCULINO,57,168283237
2021,6,30,15,223,M,FEMENINO,1,1800000
2021,6,30,15,223,M,MASCULINO,3,6200000
2021,6,30,15,224,M,FEMENINO,20,46926021
2021,6,30,15,224,M,MASCULINO,14,21778821
2021,6,30,15,229,M,FEMENINO,2,5250000
2021,6,30,15,229,M,MASCULINO,5,22151126
2021,6,30,15,232,M,FEMENINO,2,3600000
2021,6,30,15,232,M,MASCULINO,2,9115000
2021,6,30,15,233,M,FEMENINO,1,1900000
2021,6,30,15,233,M,MASCULINO,6,14900000
2021,6,30,16,228,M,FEMENINO,3,14700000
2021,6,30,16,228,M,MASCULINO,8,51890000
2021,6,30,16,230,M,MASCULINO,5,15450000
2021,6,30,16,231,M,FEMENINO,1,3101538
2021,6,30,16,231,M,MASCULINO,4,34478390
2021,6,30,17,226,M,FEMENINO,8,30000000
2021,6,30,17,226,M,MASCULINO,15,32248113
2021,6,30,17,227,M,FEMENINO,7,14800000
2021,6,30,17,227,M,MASCULINO,11,28000000
2021,6,40,1,1,C,FEMENINO,1124,3649467535
2021,6,40,1,1,C,MASCULINO,2379,7884395397
2021,6,40,2,1,B,FEMENINO,22,282099500
2021,6,40,2,1,B,MASCULINO,42,563206000
2021,6,40,2,1,C,FEMENINO,46,416078000
2021,6,40,2,1,C,MASCULINO,104,941922000
2021,6,40,2,1,D,FEMENINO,78,555023400
2021,6,40,2,1,D,MASCULINO,150,1069126000
2021,6,40,2,1,E,FEMENINO,26,151034000
2021,6,40,2,1,E,MASCULINO,63,347599000
2021,6,40,2,1,F,FEMENINO,102,438217000
2021,6,40,2,1,F,MASCULINO,233,990687000
2021,6,40,2,1,G,FEMENINO,40,134561000
2021,6,40,2,1,G,MASCULINO,489,1661998000
2021,6,40,2,1,H,FEMENINO,60,175098000
2021,6,40,2,1,H,MASCULINO,407,1227113064
2021,6,40,2,1,I,FEMENINO,75,175824000
2021,6,40,2,1,I,MASCULINO,63,147312000
2021,6,40,3,1,0,FEMENINO,52,135636864
2021,6,40,3,1,0,MASCULINO,112,251084845
2021,6,40,3,1,C,MASCULINO,2,4914000
2022,6,11,1,1,A,FEMENINO,11,98300000
2022,6,11,1,1,A,MASCULINO,26,228300000
2022,6,11,1,1,B,FEMENINO,41,532800000
2022,6,11,1,1,B,MASCULINO,36,480500000
2022,6,11,1,1,C,FEMENINO,54,438000000
2022,6,11,1,1,C,MASCULINO,36,303700000
2022,6,11,1,1,D,FEMENINO,42,303470000
2022,6,11,1,1,D,MASCULINO,63,467600000
2022,6,11,1,1,E,FEMENINO,2,14800000
2022,6,11,1,1,E,MASCULINO,2,14800000
2022,6,11,1,1,F,FEMENINO,85,375256000
2022,6,11,1,1,F,MASCULINO,159,705400000
2022,6,11,2,1,A,FEMENINO,27,234200000
2022,6,11,2,1,A,MASCULINO,44,413000000
2022,6,11,2,1,B,FEMENINO,80,1096600000
2022,6,11,2,1,B,MASCULINO,75,1026500000
2022,6,11,2,1,C,FEMENINO,82,757670000
2022,6,11,2,1,C,MASCULINO,100,878676000
2022,6,11,2,1,D,FEMENINO,68,495680000
2022,6,11,2,1,D,MASCULINO,58,398240000
2022,6,11,2,1,E,FEMENINO,3,24000000
2022,6,11,2,1,E,MASCULINO,6,48000000
2022,6,11,2,1,F,FEMENINO,64,285500000
2022,6,11,2,1,F,MASCULINO,125,566300000
2022,6,11,3,1,A,FEMENINO,132,882000000
2022,6,11,3,1,A,MASCULINO,183,1471400000
2022,6,11,3,1,B,FEMENINO,44,598400000
2022,6,11,3,1,B,MASCULINO,42,599600000
2022,6,11,3,1,C,FEMENINO,124,942433200
2022,6,11,3,1,C,MASCULINO,163,1321894800
2022,6,11,3,1,D,FEMENINO,184,1246560500
2022,6,11,3,1,D,MASCULINO,190,1277149600
2022,6,11,3,1,E,FEMENINO,34,135700000
2022,6,11,3,1,E,MASCULINO,48,179759000
2022,6,11,3,1,F,FEMENINO,123,432789324
2022,6,11,3,1,F,MASCULINO,112,389289324
2022,6,11,3,1,G,FEMENINO,1,2289324
2022,6,11,3,1,G,MASCULINO,2,7200000
2022,6,12,1,1,A,FEMENINO,6,95700000
2022,6,12,1,1,A,MASCULINO,10,195500000
2022,6,12,1,1,B,FEMENINO,10,130000000
2022,6,12,1,1,B,MASCULINO,2,26000000
2022,6,12,1,1,C,FEMENINO,16,117700000
2022,6,12,1,1,C,MASCULINO,25,184093333
2022,6,12,1,1,D,FEMENINO,16,72900000
2022,6,12,1,1,D,MASCULINO,12,53700000
2022,6,12,1,1,E,FEMENINO,10,34389324
2022,6,12,1,1,E,MASCULINO,12,40989324
2022,6,12,1,1,F,FEMENINO,3,6867972
2022,6,12,1,1,F,MASCULINO,4,9157296
2022,6,12,1,1,G,FEMENINO,24,66578648
2022,6,12,1,1,G,MASCULINO,38,112235944
2022,6,12,1,2,A,MASCULINO,1,22000000
2022,6,12,1,2,C,FEMENINO,1,6000000
2022,6,12,1,2,C,MASCULINO,2,16300000
2022,6,12,1,2,D,FEMENINO,5,25100000
2022,6,12,1,2,E,FEMENINO,1,2400000
2022,6,12,1,2,E,MASCULINO,5,15189324
2022,6,12,1,2,G,FEMENINO,3,8900000
2022,6,12,1,2,G,MASCULINO,4,11000000
2022,6,12,1,5,A,FEMENINO,3,41600000
2022,6,12,1,5,B,FEMENINO,18,184200000
2022,6,12,1,5,B,MASCULINO,12,120600000
2022,6,12,1,5,C,FEMENINO,19,105800000
2022,6,12,1,5,C,MASCULINO,21,109500000
2022,6,12,1,5,D,FEMENINO,13,54100000
2022,6,12,1,5,D,MASCULINO,13,56300000
2022,6,12,1,5,E,FEMENINO,1,3200000
2022,6,12,1,5,E,MASCULINO,1,3200000
2022,6,12,1,5,F,FEMENINO,6,18700000
2022,6,12,1,5,F,MASCULINO,15,44008000
2022,6,12,1,5,G,MASCULINO,3,10500000
2022,6,12,1,6,A,FEMENINO,1,22000000
2022,6,12,1,6,B,FEMENINO,18,206700000
2022,6,12,1,6,B,MASCULINO,9,99500000
2022,6,12,1,6,C,FEMENINO,24,188700000
2022,6,12,1,6,C,MASCULINO,11,94000000
2022,6,12,1,6,D,FEMENINO,2,9600000
2022,6,12,1,6,D,MASCULINO,6,29000000
2022,6,12,1,6,E,MASCULINO,1,3200000
2022,6,12,1,11,A,FEMENINO,1,22000000
2022,6,12,1,11,A,MASCULINO,1,15000000
2022,6,12,1,11,B,FEMENINO,14,124900000
2022,6,12,1,11,B,MASCULINO,21,195400000
2022,6,12,1,11,C,FEMENINO,28,159800000
2022,6,12,1,11,C,MASCULINO,17,98800000
2022,6,12,1,11,D,FEMENINO,15,65300000
2022,6,12,1,11,D,MASCULINO,16,72400000
2022,6,12,1,11,E,FEMENINO,16,50700000
2022,6,12,1,11,E,MASCULINO,21,67500000
2022,6,12,1,11,F,FEMENINO,2,5200000
2022,6,12,1,11,F,MASCULINO,2,5200000
2022,6,12,1,11,G,FEMENINO,1,2900000
2022,6,12,1,11,G,MASCULINO,1,2900000
2022,6,12,1,11,K,FEMENINO,50,182361500
2022,6,12,1,11,K,MASCULINO,193,764958300
2022,6,12,1,12,A,MASCULINO,1,22000000
2022,6,12,1,12,B,FEMENINO,1,9400000
2022,6,12,1,12,B,MASCULINO,9,84600000
2022,6,12,1,14,A,FEMENINO,2,19000000
2022,6,12,1,14,A,MASCULINO,1,22000000
2022,6,12,1,14,B,FEMENINO,14,151400000
2022,6,12,1,14,B,MASCULINO,15,161100000
2022,6,12,1,14,C,FEMENINO,11,71200000
2022,6,12,1,14,C,MASCULINO,12,76900000
2022,6,12,1,14,D,FEMENINO,3,13100000
2022,6,12,1,14,D,MASCULINO,6,26900000
2022,6,12,1,14,E,FEMENINO,4,10600000
2022,6,12,1,14,E,MASCULINO,5,13800000
2022,6,12,1,15,A,FEMENINO,15,132000000
2022,6,12,1,15,A,MASCULINO,34,301800000
2022,6,12,1,15,B,FEMENINO,10,90700000
2022,6,12,1,15,B,MASCULINO,5,43866667
2022,6,12,1,15,C,FEMENINO,2,15700000
2022,6,12,1,15,C,MASCULINO,3,27500000
2022,6,12,1,15,D,FEMENINO,17,76300000
2022,6,12,1,15,D,MASCULINO,12,53700000
2022,6,12,1,15,E,FEMENINO,4,11378648
2022,6,12,1,15,E,MASCULINO,3,10300000
2022,6,12,1,15,F,FEMENINO,2,6100000
2022,6,12,1,15,F,MASCULINO,2,7000000
2022,6,12,1,15,G,MASCULINO,4,10067972
2022,6,12,1,17,A,FEMENINO,1,22000000
2022,6,12,1,17,B,FEMENINO,3,21300000
2022,6,12,1,17,B,MASCULINO,7,50200000
2022,6,12,1,17,C,FEMENINO,6,32000000
2022,6,12,1,17,C,MASCULINO,6,29000000
2022,6,12,1,17,D,FEMENINO,7,25500000
2022,6,12,1,17,D,MASCULINO,4,14600000
2022,6,12,1,17,E,FEMENINO,6,15978648
2022,6,12,1,17,E,MASCULINO,7,18289324
2022,6,12,1,17,F,FEMENINO,4,11500000
2022,6,12,1,17,F,MASCULINO,4,10178648
2022,6,12,1,17,G,FEMENINO,4,9578648
2022,6,12,1,17,G,MASCULINO,15,36757296
2022,6,12,1,18,A,FEMENINO,2,32700000
2022,6,12,1,18,A,MASCULINO,1,10700000
2022,6,12,1,18,B,FEMENINO,12,124100000
2022,6,12,1,18,B,MASCULINO,3,33400000
2022,6,12,1,18,C,FEMENINO,47,312600000
2022,6,12,1,18,C,MASCULINO,17,105700000
2022,6,12,1,18,D,FEMENINO,12,40600000
2022,6,12,1,18,D,MASCULINO,4,14000000
2022,6,12,1,18,E,FEMENINO,8,23778648
2022,6,12,1,18,E,MASCULINO,4,15300000
2022,6,12,1,18,F,FEMENINO,19,48593240
2022,6,12,1,18,F,MASCULINO,29,68543776
2022,6,12,1,20,A,MASCULINO,1,22000000
2022,6,12,1,20,B,FEMENINO,13,135900000
2022,6,12,1,20,B,MASCULINO,12,127900000
2022,6,12,1,20,C,FEMENINO,15,97800000
2022,6,12,1,20,C,MASCULINO,18,132300000
2022,6,12,1,20,D,MASCULINO,1,4200000
2022,6,12,1,20,G,FEMENINO,1,2400000
2022,6,12,1,20,G,MASCULINO,3,7200000
2022,6,12,1,21,A,MASCULINO,3,33700000
2022,6,12,1,21,B,FEMENINO,9,83300000
2022,6,12,1,21,B,MASCULINO,15,132500000
2022,6,12,1,21,C,FEMENINO,26,136600000
2022,6,12,1,21,C,MASCULINO,16,79800000
2022,6,12,1,21,D,FEMENINO,18,72700000
2022,6,12,1,21,D,MASCULINO,10,44100000
2022,6,12,1,21,E,FEMENINO,10,34800000
2022,6,12,1,21,E,MASCULINO,12,38900000
2022,6,12,1,21,F,FEMENINO,26,63700000
2022,6,12,1,21,F,MASCULINO,19,46000000
2022,6,12,1,21,G,FEMENINO,7,17400000
2022,6,12,1,21,G,MASCULINO,5,13100000
2022,6,12,1,23,A,MASCULINO,1,22000000
2022,6,12,1,23,B,FEMENINO,2,22400000
2022,6,12,1,23,B,MASCULINO,6,67200000
2022,6,12,1,23,C,FEMENINO,8,53600000
2022,6,12,1,23,C,MASCULINO,22,161800000
2022,6,12,1,23,D,FEMENINO,6,29000000
2022,6,12,1,23,D,MASCULINO,4,20000000
2022,6,12,1,23,E,MASCULINO,2,5400000
2022,6,12,1,23,F,FEMENINO,3,10400000
2022,6,12,1,23,F,MASCULINO,2,5800000
2022,6,12,1,23,G,FEMENINO,6,18289324
2022,6,12,1,23,G,MASCULINO,14,41578648
2022,6,12,1,29,A,FEMENINO,1,22000000
2022,6,12,1,29,B,FEMENINO,3,26400000
2022,6,12,1,29,B,MASCULINO,2,12000000
2022,6,12,1,29,C,FEMENINO,5,24000000
2022,6,12,1,29,C,MASCULINO,4,20000000
2022,6,12,1,29,D,FEMENINO,5,19760000
2022,6,12,1,29,D,MASCULINO,7,27980000
2022,6,12,1,29,E,FEMENINO,1,3000000
2022,6,12,1,29,E,MASCULINO,1,3600000
2022,6,12,1,29,G,FEMENINO,3,6867972
2022,6,12,1,29,G,MASCULINO,4,9967972
2022,6,12,1,30,A,FEMENINO,3,32400000
2022,6,12,1,30,B,FEMENINO,6,67800000
2022,6,12,1,30,B,MASCULINO,3,33900000
2022,6,12,1,30,C,FEMENINO,13,73700000
2022,6,12,1,30,C,MASCULINO,19,127400000
2022,6,12,1,30,D,FEMENINO,21,85700000
2022,6,12,1,30,D,MASCULINO,11,47700000
2022,6,12,1,30,E,FEMENINO,30,86214592
2022,6,12,1,30,E,MASCULINO,27,86667972
2022,6,12,1,30,F,FEMENINO,15,46800000
2022,6,12,1,30,F,MASCULINO,16,52800000
2022,6,12,1,30,G,FEMENINO,13,36478648
2022,6,12,1,30,G,MASCULINO,37,97150536
2022,6,12,1,30,L,FEMENINO,2,4005400
2022,6,12,1,30,S,FEMENINO,119,487826571
2022,6,12,1,30,S,MASCULINO,43,191300000
2022,6,12,1,30,Z,FEMENINO,5,7949152
2022,6,12,1,36,A,FEMENINO,3,33800000
2022,6,12,1,36,A,MASCULINO,2,31400000
2022,6,12,1,36,B,FEMENINO,4,48000000
2022,6,12,1,36,B,MASCULINO,7,73600000
2022,6,12,1,36,C,FEMENINO,17,123800000
2022,6,12,1,36,C,MASCULINO,14,101800000
2022,6,12,1,36,D,FEMENINO,9,40300000
2022,6,12,1,36,D,MASCULINO,6,26400000
2022,6,12,1,36,E,FEMENINO,2,5200000
2022,6,12,1,36,E,MASCULINO,7,23700000
2022,6,12,1,36,G,FEMENINO,1,2900000
2022,6,12,1,36,G,MASCULINO,1,2300000
2022,6,12,1,38,B,FEMENINO,17,128400000
2022,6,12,1,38,B,MASCULINO,5,38600000
2022,6,12,1,38,C,FEMENINO,5,30000000
2022,6,12,1,38,C,MASCULINO,6,36000000
2022,6,12,1,38,D,MASCULINO,2,11400000
2022,6,12,1,38,G,FEMENINO,1,2289324
2022,6,12,1,38,G,MASCULINO,1,2289324
2022,6,12,1,40,A,FEMENINO,1,22000000
2022,6,12,1,40,B,FEMENINO,6,46500000
2022,6,12,1,40,B,MASCULINO,1,5500000
2022,6,12,1,40,C,FEMENINO,2,12500000
2022,6,12,1,40,C,MASCULINO,4,25000000
2022,6,12,1,40,D,FEMENINO,4,17200000
2022,6,12,1,40,D,MASCULINO,3,11600000
2022,6,12,1,40,E,FEMENINO,1,2400000
2022,6,12,1,40,F,FEMENINO,3,7289324
2022,6,12,1,40,F,MASCULINO,3,7289324
2022,6,12,1,40,G,MASCULINO,2,4989324
2022,6,12,1,50,A,MASCULINO,1,22000000
2022,6,12,1,50,B,FEMENINO,2,26000000
2022,6,12,1,50,B,MASCULINO,7,62800000
2022,6,12,1,50,D,FEMENINO,1,5000000
2022,6,12,1,50,D,MASCULINO,1,5000000
2022,6,12,1,51,A,MASCULINO,1,22000000
2022,6,12,1,51,B,FEMENINO,4,26500000
2022,6,12,1,51,B,MASCULINO,5,37000000
2022,6,12,1,51,C,FEMENINO,1,6000000
2022,6,12,1,51,D,FEMENINO,1,3900000
2022,6,12,1,51,D,MASCULINO,1,2900000
2022,6,12,1,51,E,FEMENINO,1,2800000
2022,6,12,1,51,E,MASCULINO,2,5089324
2022,6,12,1,51,G,FEMENINO,3,6867972
2022,6,12,1,51,G,MASCULINO,1,2289324
2022,6,12,1,53,A,MASCULINO,1,22000000
2022,6,12,1,53,B,FEMENINO,4,50300000
2022,6,12,1,53,B,MASCULINO,3,35600000
2022,6,12,1,53,C,FEMENINO,1,7600000
2022,6,12,1,53,C,MASCULINO,2,15200000
2022,6,12,1,53,D,FEMENINO,1,5100000
2022,6,12,1,53,D,MASCULINO,1,5100000
2022,6,12,1,54,A,FEMENINO,1,22000000
2022,6,12,1,54,A,MASCULINO,1,15000000
2022,6,12,1,54,B,FEMENINO,2,21000000
2022,6,12,1,54,B,MASCULINO,4,49900000
2022,6,12,1,54,C,FEMENINO,1,9500000
2022,6,12,1,54,C,MASCULINO,1,9500000
2022,6,12,1,55,A,FEMENINO,2,17300000
2022,6,12,1,55,C,MASCULINO,3,24400000
2022,6,12,1,55,D,MASCULINO,1,3600000
2022,6,12,1,55,G,FEMENINO,1,3500000
2022,6,12,1,55,G,MASCULINO,1,3500000
2022,6,12,1,56,B,MASCULINO,1,13000000
2022,6,12,2,1,A,MASCULINO,4,68500000
2022,6,12,2,1,B,FEMENINO,7,77000000
2022,6,12,2,1,B,MASCULINO,7,77000000
2022,6,12,2,1,C,FEMENINO,6,43500000
2022,6,12,2,1,C,MASCULINO,4,29000000
2022,6,12,2,1,D,FEMENINO,4,19900000
2022,6,12,2,1,D,MASCULINO,5,28376000
2022,6,12,2,1,E,FEMENINO,2,8000000
2022,6,12,2,1,E,MASCULINO,3,12200000
2022,6,12,2,1,F,FEMENINO,3,10000000
2022,6,12,2,1,F,MASCULINO,3,11200000
2022,6,12,2,1,G,FEMENINO,9,26678648
2022,6,12,2,1,G,MASCULINO,14,41478648
2022,6,12,3,1,A,MASCULINO,2,37000000
2022,6,12,3,1,B,FEMENINO,13,141800000
2022,6,12,3,1,B,MASCULINO,24,266600000
2022,6,12,3,1,C,FEMENINO,35,271500000
2022,6,12,3,1,C,MASCULINO,32,239800000
2022,6,12,3,1,D,FEMENINO,61,288400000
2022,6,12,3,1,D,MASCULINO,73,357266667
2022,6,12,3,1,E,FEMENINO,45,148989324
2022,6,12,3,1,E,MASCULINO,74,250700000
2022,6,12,3,1,F,FEMENINO,19,57189324
2022,6,12,3,1,F,MASCULINO,30,88900000
2022,6,12,3,1,G,FEMENINO,8,23189324
2022,6,12,3,1,G,MASCULINO,26,74705991
2022,6,12,3,2,D,FEMENINO,7,26800000
2022,6,12,3,2,D,MASCULINO,1,3700000
2022,6,12,3,2,E,FEMENINO,417,1160246620
2022,6,12,3,2,E,MASCULINO,209,580657296
2022,6,12,3,2,G,FEMENINO,499,1260343776
2022,6,12,3,2,G,MASCULINO,216,551782564
2022,6,12,3,2,L,FEMENINO,122,127279680
2022,6,12,3,2,L,MASCULINO,221,211553760
2022,6,12,3,2,P,FEMENINO,3914,18318483772
2022,6,12,3,2,P,MASCULINO,23419,124828595353
2022,6,12,3,2,S,FEMENINO,70,244927600
2022,6,12,3,2,S,MASCULINO,25,90554900
2022,6,12,3,2,Y,FEMENINO,391,173301915
2022,6,12,3,2,Y,MASCULINO,1277,515212743
2022,6,12,3,2,Z,FEMENINO,7,3655400
2022,6,12,3,2,Z,MASCULINO,12,5987800
2022,6,12,4,1,A,MASCULINO,4,67000000
2022,6,12,4,1,B,FEMENINO,112,1172700000
2022,6,12,4,1,B,MASCULINO,144,1541200000
2022,6,12,4,1,C,FEMENINO,14,102100000
2022,6,12,4,1,C,MASCULINO,16,109100000
2022,6,12,4,1,D,FEMENINO,45,177305700
2022,6,12,4,1,D,MASCULINO,38,159200000
2022,6,12,4,1,E,FEMENINO,39,118578648
2022,6,12,4,1,E,MASCULINO,65,185846620
2022,6,12,4,1,F,FEMENINO,10,32100000
2022,6,12,4,1,F,MASCULINO,12,38300000
2022,6,12,4,1,G,FEMENINO,11,34767972
2022,6,12,4,1,G,MASCULINO,30,89671888
2022,6,12,5,1,A,FEMENINO,1,15000000
2022,6,12,5,1,A,MASCULINO,8,85100000
2022,6,12,5,1,B,FEMENINO,20,139300000
2022,6,12,5,1,B,MASCULINO,23,167700000
2022,6,12,5,1,D,FEMENINO,142,527300000
2022,6,12,5,1,D,MASCULINO,132,490400000
2022,6,12,5,1,E,FEMENINO,260,835300000
2022,6,12,5,1,E,MASCULINO,490,1558800000
2022,6,12,5,1,F,FEMENINO,48,157100000
2022,6,12,5,1,F,MASCULINO,104,343100000
2022,6,12,5,1,G,FEMENINO,286,744100000
2022,6,12,5,1,G,MASCULINO,529,1376900000
2022,6,12,5,1,M,FEMENINO,1398,7109953536
2022,6,12,5,1,M,MASCULINO,13579,66710841831
2022,6,12,5,1,S,FEMENINO,102,338129500
2022,6,12,5,1,S,MASCULINO,13,46160200
2022,6,12,5,1,Y,FEMENINO,147,66047029
2022,6,12,5,1,Y,MASCULINO,4347,1256189259
2022,6,12,5,1,Z,FEMENINO,103,170789040
2022,6,12,5,1,Z,MASCULINO,313,351293366
2022,6,12,6,1,A,MASCULINO,4,67000000
2022,6,12,6,1,B,FEMENINO,12,156000000
2022,6,12,6,1,B,MASCULINO,21,273000000
2022,6,12,6,1,C,FEMENINO,203,1702766667
2022,6,12,6,1,C,MASCULINO,244,2150383333
2022,6,12,6,1,D,FEMENINO,453,2101173333
2022,6,12,6,1,D,MASCULINO,580,2647083333
2022,6,12,6,1,E,FEMENINO,73,215918508
2022,6,12,6,1,E,MASCULINO,144,424653006
2022,6,12,6,1,F,FEMENINO,10,31177324
2022,6,12,6,1,F,MASCULINO,21,66200000
2022,6,12,6,1,G,MASCULINO,1,2700000
2022,6,12,7,1,A,FEMENINO,2,15500000
2022,6,12,7,1,A,MASCULINO,5,56500000
2022,6,12,7,1,B,FEMENINO,52,512700000
2022,6,12,7,1,B,MASCULINO,35,347800000
2022,6,12,7,1,C,FEMENINO,49,348000000
2022,6,12,7,1,C,MASCULINO,44,294900000
2022,6,12,7,1,D,FEMENINO,480,1746341000
2022,6,12,7,1,D,MASCULINO,349,1413900000
2022,6,12,7,1,E,FEMENINO,218,653483636
2022,6,12,7,1,E,MASCULINO,214,645922424
2022,6,12,7,1,F,FEMENINO,8,21878648
2022,6,12,7,1,F,MASCULINO,4,11989324
2022,6,12,7,1,G,FEMENINO,1696,3910785168
2022,6,12,7,1,G,MASCULINO,884,2046549880
2022,6,12,7,1,L,FEMENINO,38092,192899813939
2022,6,12,7,1,L,MASCULINO,15134,73908058212
2022,6,12,7,1,Z,FEMENINO,21291,94640624003
2022,6,12,7,1,Z,MASCULINO,12918,58899949308
2022,6,12,8,1,A,FEMENINO,1,13000000
2022,6,12,8,1,A,MASCULINO,1,22000000
2022,6,12,8,1,B,FEMENINO,64,684864000
2022,6,12,8,1,B,MASCULINO,61,656476000
2022,6,12,8,1,C,FEMENINO,329,2514474978
2022,6,12,8,1,C,MASCULINO,275,2133004000
2022,6,12,8,1,D,FEMENINO,838,4323694000
2022,6,12,8,1,D,MASCULINO,916,4826724000
2022,6,12,8,1,E,FEMENINO,238,968342000
2022,6,12,8,1,E,MASCULINO,254,1086220000
2022,6,12,8,1,F,FEMENINO,1353,4490468000
2022,6,12,8,1,F,MASCULINO,1406,4766969200
2022,6,12,8,1,G,FEMENINO,1228,3330384000
2022,6,12,8,1,G,MASCULINO,728,2115625324
2022,6,12,8,1,S,FEMENINO,14998,73945171452
2022,6,12,8,1,S,MASCULINO,5056,31730158884
2022,6,12,9,1,A,FEMENINO,383,1441761212
2022,6,12,9,1,A,MASCULINO,1009,3715576876
2022,6,12,9,1,B,FEMENINO,11,89500000
2022,6,12,9,1,B,MASCULINO,25,229200000
2022,6,12,9,1,C,FEMENINO,15,101400000
2022,6,12,9,1,C,MASCULINO,19,163800000
2022,6,12,9,1,D,FEMENINO,97,398400000
2022,6,12,9,1,D,MASCULINO,80,322600000
2022,6,12,9,1,E,FEMENINO,200,498651980
2022,6,12,9,1,E,MASCULINO,208,519958740
2022,6,12,9,1,F,FEMENINO,10,27557296
2022,6,12,9,1,F,MASCULINO,4,12178648
2022,6,12,9,1,G,FEMENINO,77,180152680
2022,6,12,9,1,G,MASCULINO,74,180195384
2022,6,12,9,1,S,FEMENINO,110,462694032
2022,6,12,9,1,S,MASCULINO,58,260806716
2022,6,12,10,1,A,MASCULINO,6,87800000
2022,6,12,10,1,B,FEMENINO,15,146900000
2022,6,12,10,1,B,MASCULINO,20,207700000
2022,6,12,10,1,C,FEMENINO,37,268900000
2022,6,12,10,1,C,MASCULINO,58,432900000
2022,6,12,10,1,D,FEMENINO,307,1280978648
2022,6,12,10,1,D,MASCULINO,404,1695589324
2022,6,12,10,1,E,FEMENINO,72,214739860
2022,6,12,10,1,E,MASCULINO,104,295554452
2022,6,12,10,1,F,FEMENINO,163,453370116
2022,6,12,10,1,F,MASCULINO,241,691263356
2022,6,12,10,1,G,FEMENINO,41,96669044
2022,6,12,10,1,G,MASCULINO,114,279038088
2022,6,12,11,1,A,MASCULINO,3,52000000
2022,6,12,11,1,B,FEMENINO,23,211600000
2022,6,12,11,1,B,MASCULINO,41,402900000
2022,6,12,11,1,C,FEMENINO,10,70700000
2022,6,12,11,1,C,MASCULINO,15,113000000
2022,6,12,11,1,D,FEMENINO,43,198800000
2022,6,12,11,1,D,MASCULINO,50,221000000
2022,6,12,11,1,E,FEMENINO,10,44600000
2022,6,12,11,1,E,MASCULINO,20,75900000
2022,6,12,11,1,F,FEMENINO,32,107300000
2022,6,12,11,1,F,MASCULINO,39,127000000
2022,6,12,11,1,G,FEMENINO,11,31600000
2022,6,12,11,1,G,MASCULINO,15,44600000
2022,6,12,11,1,S,FEMENINO,1,2540400
2022,6,12,13,1,A,MASCULINO,4,67000000
2022,6,12,13,1,B,FEMENINO,8,104000000
2022,6,12,13,1,B,MASCULINO,18,234000000
2022,6,12,13,1,C,FEMENINO,128,1077400000
2022,6,12,13,1,C,MASCULINO,260,2238200000
2022,6,12,13,1,D,FEMENINO,186,811300000
2022,6,12,13,1,D,MASCULINO,298,1279300000
2022,6,12,13,1,E,FEMENINO,94,279835944
2022,6,12,13,1,E,MASCULINO,476,1458547692
2022,6,12,13,1,F,FEMENINO,80,232257296
2022,6,12,13,1,F,MASCULINO,334,976712820
2022,6,12,13,1,G,FEMENINO,102,265972960
2022,6,12,13,1,G,MASCULINO,519,1417173704
2022,6,12,13,1,I,FEMENINO,99,275563102
2022,6,12,13,1,I,MASCULINO,415,1736578184
2022,6,12,14,1,A,FEMENINO,4,62000000
2022,6,12,14,1,B,FEMENINO,23,194073338
2022,6,12,14,1,B,MASCULINO,2,14500000
2022,6,12,14,1,C,FEMENINO,6,33300000
2022,6,12,14,1,D,FEMENINO,23,97400000
2022,6,12,14,1,D,MASCULINO,2,8700000
2022,6,12,14,1,E,FEMENINO,2,7300000
2022,6,12,14,1,E,MASCULINO,2,8000000
2022,6,12,14,1,F,FEMENINO,5,14000000
2022,6,12,14,1,F,MASCULINO,1,2800000
2022,6,12,14,1,G,FEMENINO,5,12267972
2022,6,12,14,1,G,MASCULINO,3,7489324
2022,6,12,16,1,A,FEMENINO,1,22000000
2022,6,12,16,1,A,MASCULINO,2,30000000
2022,6,12,16,1,B,FEMENINO,44,431300000
2022,6,12,16,1,B,MASCULINO,33,308100000
2022,6,12,16,1,C,FEMENINO,74,555600000
2022,6,12,16,1,C,MASCULINO,46,338700000
2022,6,12,16,1,D,FEMENINO,146,619100000
2022,6,12,16,1,D,MASCULINO,119,530400000
2022,6,12,16,1,E,FEMENINO,130,402122424
2022,6,12,16,1,E,MASCULINO,181,602990396
2022,6,12,16,1,F,FEMENINO,16,48878648
2022,6,12,16,1,F,MASCULINO,22,67200000
2022,6,12,16,1,G,FEMENINO,39,112235944
2022,6,12,16,1,G,MASCULINO,57,161103916
2022,6,12,17,1,A,MASCULINO,1,22000000
2022,6,12,17,1,B,FEMENINO,11,84400000
2022,6,12,17,1,B,MASCULINO,13,112000000
2022,6,12,17,1,C,FEMENINO,66,451300000
2022,6,12,17,1,C,MASCULINO,57,393400000
2022,6,12,17,1,D,FEMENINO,25,144800000
2022,6,12,17,1,D,MASCULINO,48,271100000
2022,6,12,17,1,E,FEMENINO,5,25400000
2022,6,12,17,1,E,MASCULINO,17,65946324
2022,6,12,17,1,F,FEMENINO,3,11389324
2022,6,12,17,1,F,MASCULINO,13,50846620
2022,6,12,17,1,G,FEMENINO,12,48489324
2022,6,12,17,1,G,MASCULINO,46,246428648
2022,6,12,18,1,A,FEMENINO,1,7400000
2022,6,12,18,1,A,MASCULINO,8,96600000
2022,6,12,18,1,B,FEMENINO,4,38100000
2022,6,12,18,1,B,MASCULINO,19,190400000
2022,6,12,18,1,C,FEMENINO,28,213715385
2022,6,12,18,1,C,MASCULINO,22,179500000
2022,6,12,18,1,D,FEMENINO,81,390700000
2022,6,12,18,1,D,MASCULINO,55,255000000
2022,6,12,18,1,E,FEMENINO,17,53300000
2022,6,12,18,1,E,MASCULINO,24,75900000
2022,6,12,18,1,F,MASCULINO,1,2600000
2022,6,12,18,1,G,FEMENINO,22,51297156
2022,6,12,18,1,G,MASCULINO,11,27978648
2022,6,12,19,1,A,MASCULINO,3,47400000
2022,6,12,19,1,B,FEMENINO,27,252400000
2022,6,12,19,1,B,MASCULINO,16,156500000
2022,6,12,19,1,C,FEMENINO,47,321533333
2022,6,12,19,1,C,MASCULINO,33,221800000
2022,6,12,19,1,D,FEMENINO,37,169300000
2022,6,12,19,1,D,MASCULINO,42,196800000
2022,6,12,19,1,E,FEMENINO,27,95000000
2022,6,12,19,1,E,MASCULINO,30,97800000
2022,6,12,19,1,F,FEMENINO,22,68200000
2022,6,12,19,1,F,MASCULINO,28,83600000
2022,6,12,19,1,G,FEMENINO,1,2500000
2022,6,12,19,1,G,MASCULINO,7,17100000
2022,6,12,20,1,A,FEMENINO,2,37000000
2022,6,12,20,1,A,MASCULINO,2,30000000
2022,6,12,20,1,B,FEMENINO,11,99000000
2022,6,12,20,1,B,MASCULINO,7,65600000
2022,6,12,20,1,C,FEMENINO,13,80773328
2022,6,12,20,1,C,MASCULINO,5,37500000
2022,6,12,20,1,D,FEMENINO,125,465900000
2022,6,12,20,1,D,MASCULINO,28,107000000
2022,6,12,20,1,E,FEMENINO,111,330667972
2022,6,12,20,1,E,MASCULINO,55,169189324
2022,6,12,20,1,F,MASCULINO,2,4889324
2022,6,12,20,1,G,FEMENINO,69,166790636
2022,6,12,20,1,G,MASCULINO,42,110700000
2022,6,12,21,1,A,MASCULINO,3,52000000
2022,6,12,21,1,B,FEMENINO,13,150800000
2022,6,12,21,1,B,MASCULINO,28,315800000
2022,6,12,21,1,C,FEMENINO,23,159800000
2022,6,12,21,1,C,MASCULINO,33,238700000
2022,6,12,21,1,D,FEMENINO,17,70300000
2022,6,12,21,1,D,MASCULINO,26,110600000
2022,6,12,21,1,E,FEMENINO,16,44867972
2022,6,12,21,1,E,MASCULINO,31,84746620
2022,6,12,21,1,F,MASCULINO,1,3000000
2022,6,12,21,1,G,MASCULINO,1,3400000
2022,6,13,1,1,A,FEMENINO,74,798296875
2022,6,13,1,1,A,MASCULINO,57,622198486
2022,6,13,1,1,B,FEMENINO,58,467198514
2022,6,13,1,1,B,MASCULINO,31,258752225
2022,6,13,1,1,C,FEMENINO,145,732925492
2022,6,13,1,1,C,MASCULINO,127,643636495
2022,6,13,1,1,D,FEMENINO,464,2725569099
2022,6,13,1,1,D,MASCULINO,398,2269489880
2022,6,13,1,1,E,FEMENINO,492,1549039666
2022,6,13,1,1,E,MASCULINO,393,1278938276
2022,6,13,1,1,F,FEMENINO,611,2510566818
2022,6,13,1,1,F,MASCULINO,448,1737182966
2022,6,13,1,1,G,FEMENINO,555,1395094754
2022,6,13,1,1,G,MASCULINO,579,1514048498
2022,6,13,1,1,J,FEMENINO,4083,22667445589
2022,6,13,1,1,J,MASCULINO,2837,16055921020
2022,6,13,1,1,R,FEMENINO,27,172676000
2022,6,13,1,1,R,MASCULINO,16,101798000
2022,6,13,2,1,A,FEMENINO,15,164300000
2022,6,13,2,1,A,MASCULINO,26,273600000
2022,6,13,2,1,B,FEMENINO,19,258300000
2022,6,13,2,1,B,MASCULINO,30,415900000
2022,6,13,2,1,C,FEMENINO,195,1638500000
2022,6,13,2,1,C,MASCULINO,254,2142500000
2022,6,13,2,1,D,FEMENINO,652,2668040000
2022,6,13,2,1,D,MASCULINO,816,3387340000
2022,6,13,2,1,E,FEMENINO,360,1155746667
2022,6,13,2,1,E,MASCULINO,466,1503473333
2022,6,13,2,1,F,FEMENINO,744,1894280000
2022,6,13,2,1,F,MASCULINO,783,2004060000
2022,6,13,2,1,G,MASCULINO,4,11400000
2022,6,13,2,1,J,FEMENINO,38,390107000
2022,6,13,2,1,J,MASCULINO,46,581715835
2022,6,13,2,1,S,FEMENINO,4,25000000
2022,6,13,2,1,S,MASCULINO,2,8000000
2022,6,13,3,1,C,FEMENINO,155,1033751969
2022,6,13,3,1,C,MASCULINO,105,686933663
2022,6,13,3,1,D,FEMENINO,147,745964903
2022,6,13,3,1,D,MASCULINO,169,857729559
2022,6,13,3,1,E,FEMENINO,143,533606082
2022,6,13,3,1,E,MASCULINO,121,466563049
2022,6,13,3,1,G,FEMENINO,242,583268100
2022,6,13,3,1,G,MASCULINO,382,1107223453
2022,6,13,3,1,J,FEMENINO,1901,13397747056
2022,6,13,3,1,J,MASCULINO,1347,9470243536
2022,6,13,3,1,K,FEMENINO,105,1143536163
2022,6,13,3,1,K,MASCULINO,92,1055536450
2022,6,13,3,1,S,FEMENINO,155,1096168500
2022,6,13,3,1,S,MASCULINO,78,598747500
2022,6,13,4,1,B,FEMENINO,9,134000000
2022,6,13,4,1,B,MASCULINO,9,128500000
2022,6,13,4,1,C,FEMENINO,29,252900000
2022,6,13,4,1,C,MASCULINO,21,184500000
2022,6,13,4,1,D,FEMENINO,21,107365500
2022,6,13,4,1,D,MASCULINO,28,138100000
2022,6,13,4,1,E,FEMENINO,3,10900000
2022,6,13,4,1,E,MASCULINO,6,20000000
2022,6,13,4,1,F,FEMENINO,1,3500000
2022,6,13,4,1,F,MASCULINO,1,2289324
2022,6,13,4,1,G,FEMENINO,10,37600000
2022,6,13,4,1,G,MASCULINO,6,26400000
2022,6,13,5,1,A,MASCULINO,3,39000000
2022,6,13,5,1,B,FEMENINO,9,149000000
2022,6,13,5,1,B,MASCULINO,12,186000000
2022,6,13,5,1,C,FEMENINO,65,598900000
2022,6,13,5,1,C,MASCULINO,40,355600000
2022,6,13,5,1,D,FEMENINO,30,165700000
2022,6,13,5,1,D,MASCULINO,37,219800000
2022,6,13,5,1,E,FEMENINO,14,58800000
2022,6,13,5,1,E,MASCULINO,7,29400000
2022,6,13,5,1,F,FEMENINO,3,14400000
2022,6,13,5,1,F,MASCULINO,7,23860000
2022,6,13,5,1,G,FEMENINO,1,3100000
2022,6,13,5,1,G,MASCULINO,2,5800000
2022,6,13,6,1,A,FEMENINO,5,70080000
2022,6,13,6,1,A,MASCULINO,7,98112000
2022,6,13,6,1,B,FEMENINO,4,57319500
2022,6,13,6,1,B,MASCULINO,12,163602565
2022,6,13,6,1,C,FEMENINO,50,335390835
2022,6,13,6,1,C,MASCULINO,20,168295550
2022,6,13,6,1,E,FEMENINO,46,180725720
2022,6,13,6,1,E,MASCULINO,52,204743470
2022,6,13,6,1,F,FEMENINO,4,21116185
2022,6,13,6,1,F,MASCULINO,2,10893490
2022,6,13,6,1,G,FEMENINO,48,131147551
2022,6,13,6,1,G,MASCULINO,78,223088920
2022,6,13,6,1,J,FEMENINO,1047,7254532011
2022,6,13,6,1,J,MASCULINO,558,3645281256
2022,6,13,7,1,A,MASCULINO,2,13663380
2022,6,13,7,1,B,FEMENINO,1,16031496
2022,6,13,7,1,B,MASCULINO,5,86250696
2022,6,13,7,1,D,FEMENINO,2,8473200
2022,6,13,7,1,D,MASCULINO,1,4236600
2022,6,13,7,1,E,FEMENINO,1,4775950
2022,6,13,7,1,J,FEMENINO,23,145115594
2022,6,13,7,1,J,MASCULINO,21,188457401
2022,6,13,7,1,K,FEMENINO,2,23157090
2022,6,13,7,1,K,MASCULINO,2,23157090
2022,6,13,7,1,R,FEMENINO,2,14000000
2022,6,13,7,1,R,MASCULINO,1,7000000
2022,6,14,1,1,A,MASCULINO,2,44000000
2022,6,14,1,1,B,FEMENINO,44,528085600
2022,6,14,1,1,B,MASCULINO,41,449456800
2022,6,14,1,1,C,FEMENINO,344,3211766667
2022,6,14,1,1,C,MASCULINO,212,2046300000
2022,6,14,1,1,D,FEMENINO,69,431600000
2022,6,14,1,1,D,MASCULINO,118,729900000
2022,6,14,1,1,E,FEMENINO,24,127200000
2022,6,14,1,1,E,MASCULINO,30,159000000
2022,6,14,1,1,F,FEMENINO,19,91200000
2022,6,14,1,1,F,MASCULINO,16,76800000
2022,6,15,1,1,A,MASCULINO,2,37000000
2022,6,15,1,1,B,FEMENINO,21,143500000
2022,6,15,1,1,B,MASCULINO,6,45000000
2022,6,15,1,1,C,FEMENINO,7,36000000
2022,6,15,1,1,D,FEMENINO,29,116900000
2022,6,15,1,1,D,MASCULINO,9,34200000
2022,6,15,1,1,E,FEMENINO,20,57400000
2022,6,15,1,1,E,MASCULINO,18,53089324
2022,6,15,1,1,F,MASCULINO,1,3000000
2022,6,15,1,1,G,FEMENINO,2,4578648
2022,6,15,1,1,G,MASCULINO,1,3500000
2022,6,15,2,1,C,FEMENINO,2,5113800
2022,6,15,2,1,C,MASCULINO,1,2556900
2022,6,15,2,1,D,FEMENINO,2,7639800
2022,6,15,2,1,G,MASCULINO,1,2289324
2022,6,15,2,1,J,FEMENINO,3,36362700
2022,6,15,2,1,J,MASCULINO,3,36362700
2022,6,15,2,1,K,FEMENINO,5,30969300
2022,6,15,2,1,K,MASCULINO,4,20057600
2022,6,21,1,1,A,FEMENINO,50,340870000
2022,6,21,1,1,A,MASCULINO,93,759615000
2022,6,21,1,1,B,FEMENINO,106,1347460000
2022,6,21,1,1,B,MASCULINO,144,1908946166
2022,6,21,1,1,C,FEMENINO,81,1189485000
2022,6,21,1,1,C,MASCULINO,122,1824945000
2022,6,21,1,1,D,FEMENINO,29,624335000
2022,6,21,1,1,D,MASCULINO,50,1031688000
2022,6,21,1,1,E,FEMENINO,3,68530000
2022,6,21,1,1,E,MASCULINO,19,424085000
2022,6,21,1,1,F,MASCULINO,3,72090000
2022,6,21,1,1,G,FEMENINO,1,24920000
2022,6,21,1,1,G,MASCULINO,1,24920000
2022,6,21,1,1,H,MASCULINO,1,24920000
2022,6,21,1,1,I,FEMENINO,2,57850000
2022,6,21,1,1,I,MASCULINO,3,86775000
2022,6,21,1,1,J,MASCULINO,1,30705000
2022,6,22,1,1,A,MASCULINO,1,22863240
2022,6,22,1,1,B,MASCULINO,1,4144000
2022,6,22,1,1,C,FEMENINO,4,22646200
2022,6,22,1,1,C,MASCULINO,12,78208400
2022,6,22,1,1,D,MASCULINO,1,2611500
2022,6,22,1,1,E,FEMENINO,6,13735944
2022,6,22,1,1,E,MASCULINO,9,20603916
2022,6,22,1,1,F,FEMENINO,4,9157296
2022,6,22,1,1,F,MASCULINO,7,16025268
2022,6,22,1,1,G,FEMENINO,3,6867972
2022,6,22,1,1,G,MASCULINO,2,4578648
2022,6,22,1,1,J,MASCULINO,2,6000000
2022,6,22,2,1,A,MASCULINO,1,22863240
2022,6,22,2,1,B,FEMENINO,2,5945772
2022,6,22,2,1,C,FEMENINO,6,22361808
2022,6,22,2,1,C,MASCULINO,8,39384828
2022,6,22,2,1,D,FEMENINO,1,2338224
2022,6,22,2,1,E,FEMENINO,6,11538192
2022,6,22,2,1,E,MASCULINO,7,13461224
2022,6,22,2,1,G,FEMENINO,4,7692128
2022,6,22,2,1,G,MASCULINO,8,14801726
2022,6,22,2,1,J,FEMENINO,1,2520000
2022,6,22,2,1,J,MASCULINO,2,6300000
2022,6,22,3,1,A,MASCULINO,1,21125620
2022,6,22,3,1,B,MASCULINO,1,4144000
2022,6,22,3,1,C,FEMENINO,7,43205255
2022,6,22,3,1,C,MASCULINO,6,36439600
2022,6,22,3,1,E,FEMENINO,2,4578648
2022,6,22,3,1,G,FEMENINO,10,22893240
2022,6,22,3,1,G,MASCULINO,12,27471888
2022,6,22,3,1,J,FEMENINO,2,8000000
2022,6,22,3,1,J,MASCULINO,2,6000000
2022,6,22,4,1,A,MASCULINO,1,22863240
2022,6,22,4,1,B,FEMENINO,1,3480960
2022,6,22,4,1,B,MASCULINO,1,5064780
2022,6,22,4,1,C,FEMENINO,9,40240452
2022,6,22,4,1,C,MASCULINO,15,64753416
2022,6,22,4,1,D,FEMENINO,5,12008556
2022,6,22,4,1,D,MASCULINO,2,3944240
2022,6,22,4,1,E,FEMENINO,1,1923032
2022,6,22,4,1,E,MASCULINO,4,7692128
2022,6,22,4,1,G,FEMENINO,13,24999416
2022,6,22,4,1,G,MASCULINO,15,28845480
2022,6,22,4,1,J,FEMENINO,1,2520000
2022,6,22,4,1,J,MASCULINO,3,9240000
2022,6,22,5,1,A,MASCULINO,1,22863240
2022,6,22,5,1,B,FEMENINO,1,3480960
2022,6,22,5,1,B,MASCULINO,1,3480960
2022,6,22,5,1,C,FEMENINO,8,32346384
2022,6,22,5,1,C,MASCULINO,14,63558932
2022,6,22,5,1,D,FEMENINO,3,6310352
2022,6,22,5,1,D,MASCULINO,7,14904244
2022,6,22,5,1,E,FEMENINO,7,13461224
2022,6,22,5,1,E,MASCULINO,5,9615160
2022,6,22,5,1,F,FEMENINO,2,3846064
2022,6,22,5,1,F,MASCULINO,7,13461224
2022,6,22,5,1,G,FEMENINO,3,5769096
2022,6,22,5,1,G,MASCULINO,5,9615160
2022,6,22,5,1,J,FEMENINO,3,8820000
2022,6,22,5,1,J,MASCULINO,1,2940000
2022,6,22,6,1,A,MASCULINO,1,22863240
2022,6,22,6,1,B,MASCULINO,1,3480960
2022,6,22,6,1,C,FEMENINO,6,29906520
2022,6,22,6,1,C,MASCULINO,14,76807836
2022,6,22,6,1,D,MASCULINO,1,2338224
2022,6,22,6,1,E,MASCULINO,3,5769099
2022,6,22,6,1,F,FEMENINO,1,1923033
2022,6,22,6,1,F,MASCULINO,1,1923033
2022,6,22,6,1,G,FEMENINO,4,7692132
2022,6,22,6,1,G,MASCULINO,5,9615165
2022,6,22,6,1,J,FEMENINO,1,2520000
2022,6,22,6,1,J,MASCULINO,3,9240000
2022,6,22,7,1,A,FEMENINO,4,18530400
2022,6,22,7,1,A,MASCULINO,2,27007240
2022,6,22,7,1,B,MASCULINO,1,4144000
2022,6,22,7,1,C,FEMENINO,12,59104500
2022,6,22,7,1,C,MASCULINO,24,122444100
2022,6,22,7,1,D,FEMENINO,12,31648924
2022,6,22,7,1,D,MASCULINO,24,62264748
2022,6,22,7,1,E,FEMENINO,8,18314592
2022,6,22,7,1,E,MASCULINO,12,27471888
2022,6,22,7,1,G,FEMENINO,5,11446620
2022,6,22,7,1,G,MASCULINO,8,18314592
2022,6,22,7,1,J,FEMENINO,2,7500000
2022,6,22,7,1,J,MASCULINO,1,3500000
2022,6,22,8,1,A,MASCULINO,1,18240200
2022,6,22,8,1,B,MASCULINO,1,4144000
2022,6,22,8,1,C,FEMENINO,2,14850400
2022,6,22,8,1,C,MASCULINO,4,21181100
2022,6,22,8,1,D,FEMENINO,1,2256200
2022,6,22,8,1,D,MASCULINO,2,5083100
2022,6,22,8,1,E,FEMENINO,3,6123369
2022,6,22,8,1,E,MASCULINO,21,43199591
2022,6,22,8,1,F,FEMENINO,4,7947424
2022,6,22,8,1,F,MASCULINO,3,6123369
2022,6,22,8,1,G,FEMENINO,13,26534599
2022,6,22,8,1,G,MASCULINO,14,28575722
2022,6,22,8,1,J,FEMENINO,1,3000000
2022,6,22,8,1,J,MASCULINO,3,11000000
2022,6,22,9,1,A,MASCULINO,2,26749920
2022,6,22,9,1,B,FEMENINO,1,3480960
2022,6,22,9,1,B,MASCULINO,1,2730420
2022,6,22,9,1,C,FEMENINO,3,15155364
2022,6,22,9,1,C,MASCULINO,15,84039904
2022,6,22,9,1,D,FEMENINO,4,8180590
2022,6,22,9,1,D,MASCULINO,10,20496885
2022,6,22,9,1,E,FEMENINO,2,4261256
2022,6,22,9,1,E,MASCULINO,8,15331736
2022,6,22,9,1,F,MASCULINO,7,13461224
2022,6,22,9,1,G,FEMENINO,5,9615160
2022,6,22,9,1,G,MASCULINO,15,31719288
2022,6,22,9,1,J,FEMENINO,1,2520000
2022,6,22,9,1,J,MASCULINO,3,9240000
2022,6,22,10,1,A,MASCULINO,1,22863240
2022,6,22,10,1,B,FEMENINO,2,8288000
2022,6,22,10,1,C,FEMENINO,8,53323700
2022,6,22,10,1,C,MASCULINO,17,118195400
2022,6,22,10,1,D,FEMENINO,1,2412000
2022,6,22,10,1,D,MASCULINO,1,2611500
2022,6,22,10,1,E,FEMENINO,3,20603916
2022,6,22,10,1,E,MASCULINO,9,20031585
2022,6,22,10,1,G,FEMENINO,10,31478205
2022,6,22,10,1,G,MASCULINO,7,16025268
2022,6,22,10,1,J,FEMENINO,1,3000000
2022,6,22,10,1,J,MASCULINO,3,11000000
2022,6,22,11,1,A,MASCULINO,1,22863240
2022,6,22,11,1,C,FEMENINO,17,76200840
2022,6,22,11,1,C,MASCULINO,13,59906520
2022,6,22,11,1,D,FEMENINO,15,35166636
2022,6,22,11,1,D,MASCULINO,21,49819308
2022,6,22,11,1,E,FEMENINO,4,9157296
2022,6,22,11,1,E,MASCULINO,3,6867972
2022,6,22,11,1,G,FEMENINO,5,11446620
2022,6,22,11,1,G,MASCULINO,6,13743420
2022,6,22,11,1,J,FEMENINO,2,6283600
2022,6,22,11,1,J,MASCULINO,2,7500000
2022,6,22,12,1,A,FEMENINO,2,4889920
2022,6,22,12,1,A,MASCULINO,6,40268040
2022,6,22,12,1,B,MASCULINO,1,3480960
2022,6,22,12,1,C,FEMENINO,9,31352018
2022,6,22,12,1,C,MASCULINO,14,55598256
2022,6,22,12,1,D,FEMENINO,3,7308168
2022,6,22,12,1,D,MASCULINO,5,11773040
2022,6,22,12,1,E,FEMENINO,7,13461224
2022,6,22,12,1,E,MASCULINO,7,12888893
2022,6,22,12,1,G,FEMENINO,3,5769096
2022,6,22,12,1,G,MASCULINO,4,6819165
2022,6,22,12,1,J,FEMENINO,4,11760000
2022,6,22,13,1,A,MASCULINO,1,22863240
2022,6,22,13,1,B,FEMENINO,1,3480960
2022,6,22,13,1,C,FEMENINO,3,8198988
2022,6,22,13,1,C,MASCULINO,7,43660176
2022,6,22,13,1,D,FEMENINO,1,2347464
2022,6,22,13,1,E,FEMENINO,2,3846064
2022,6,22,13,1,F,FEMENINO,2,3846064
2022,6,22,13,1,G,FEMENINO,9,17307288
2022,6,22,13,1,G,MASCULINO,8,15384256
2022,6,22,13,1,J,FEMENINO,2,4620000
2022,6,22,13,1,J,MASCULINO,2,7140000
2022,6,22,14,1,A,MASCULINO,1,22893244
2022,6,22,14,1,B,FEMENINO,1,4144000
2022,6,22,14,1,C,FEMENINO,3,17784700
2022,6,22,14,1,C,MASCULINO,8,46853100
2022,6,22,14,1,D,FEMENINO,1,2368200
2022,6,22,14,1,D,MASCULINO,1,3798900
2022,6,22,14,1,E,MASCULINO,3,6867972
2022,6,22,14,1,F,FEMENINO,1,2289324
2022,6,22,14,1,F,MASCULINO,7,16025268
2022,6,22,14,1,G,FEMENINO,3,6867972
2022,6,22,14,1,G,MASCULINO,5,11446620
2022,6,22,14,1,J,FEMENINO,1,3000000
2022,6,22,14,1,J,MASCULINO,3,11000000
2022,6,22,15,1,A,MASCULINO,1,22863240
2022,6,22,15,1,B,MASCULINO,1,3480960
2022,6,22,15,1,C,FEMENINO,3,8108059
2022,6,22,15,1,C,MASCULINO,12,53463861
2022,6,22,15,1,D,FEMENINO,1,1631021
2022,6,22,15,1,D,MASCULINO,3,6775020
2022,6,22,15,1,E,FEMENINO,1,1841985
2022,6,22,15,1,E,MASCULINO,7,12893895
2022,6,22,15,1,F,MASCULINO,2,3683970
2022,6,22,15,1,G,FEMENINO,1,1841985
2022,6,22,15,1,G,MASCULINO,4,7367940
2022,6,22,15,1,J,FEMENINO,1,4200000
2022,6,22,15,1,J,MASCULINO,3,7440000
2022,6,22,16,1,A,MASCULINO,3,33139540
2022,6,22,16,1,B,MASCULINO,1,4144000
2022,6,22,16,1,C,FEMENINO,9,45325700
2022,6,22,16,1,C,MASCULINO,9,45697400
2022,6,22,16,1,D,FEMENINO,1,2688500
2022,6,22,16,1,D,MASCULINO,4,9995424
2022,6,22,16,1,E,FEMENINO,8,18314592
2022,6,22,16,1,E,MASCULINO,13,30061212
2022,6,22,16,1,F,FEMENINO,4,9157296
2022,6,22,16,1,F,MASCULINO,4,10264372
2022,6,22,16,1,G,FEMENINO,4,9556472
2022,6,22,16,1,G,MASCULINO,9,20603916
2022,6,22,16,1,J,MASCULINO,4,14000000
2022,6,22,17,1,A,MASCULINO,1,0
2022,6,22,17,1,B,MASCULINO,2,6280848
2022,6,22,17,1,C,FEMENINO,4,21204540
2022,6,22,17,1,C,MASCULINO,9,42209580
2022,6,22,17,1,D,MASCULINO,1,1989288
2022,6,22,17,1,E,FEMENINO,1,1774552
2022,6,22,17,1,E,MASCULINO,9,15339100
2022,6,22,17,1,F,FEMENINO,1,1774552
2022,6,22,17,1,F,MASCULINO,2,4453932
2022,6,22,17,1,G,FEMENINO,4,6613516
2022,6,22,17,1,G,MASCULINO,8,13227032
2022,6,23,1,1,A,FEMENINO,4,43225000
2022,6,23,1,1,B,FEMENINO,5,60023600
2022,6,23,1,1,B,MASCULINO,7,64974000
2022,6,23,1,1,C,FEMENINO,30,193120000
2022,6,23,1,1,C,MASCULINO,16,137573000
2022,6,23,1,1,D,FEMENINO,23,111669000
2022,6,23,1,1,D,MASCULINO,11,47138000
2022,6,23,1,1,E,FEMENINO,3,9928600
2022,6,23,1,1,E,MASCULINO,22,59720600
2022,6,23,1,1,F,FEMENINO,2,5460000
2022,6,23,1,1,F,MASCULINO,2,5460000
2022,6,23,3,1,A,FEMENINO,1,18480000
2022,6,23,3,1,A,MASCULINO,2,15120000
2022,6,23,3,1,B,FEMENINO,37,262080000
2022,6,23,3,1,B,MASCULINO,70,493332000
2022,6,23,3,1,C,FEMENINO,63,319200000
2022,6,23,3,1,C,MASCULINO,137,699552000
2022,6,23,3,1,D,FEMENINO,16,65936500
2022,6,23,3,1,D,MASCULINO,37,160340000
2022,6,23,3,1,E,FEMENINO,11,35960000
2022,6,23,3,1,E,MASCULINO,33,109036000
2022,6,23,3,1,F,MASCULINO,1,2016000
2022,6,23,3,1,G,FEMENINO,8,22532000
2022,6,23,3,1,G,MASCULINO,52,153968000
2022,6,23,4,1,A,FEMENINO,2,28100000
2022,6,23,4,1,B,FEMENINO,3,26200000
2022,6,23,4,1,B,MASCULINO,5,43100000
2022,6,23,4,1,C,FEMENINO,13,95300000
2022,6,23,4,1,C,MASCULINO,5,38100000
2022,6,23,4,1,D,FEMENINO,24,120200000
2022,6,23,4,1,D,MASCULINO,8,38500000
2022,6,23,4,1,E,MASCULINO,1,4900000
2022,6,23,4,1,F,FEMENINO,4,13900000
2022,6,23,4,1,F,MASCULINO,4,15000000
2022,6,23,4,1,G,FEMENINO,3,12100000
2022,6,23,4,1,G,MASCULINO,9,33700000
2022,6,23,6,1,A,MASCULINO,1,22000000
2022,6,23,6,1,B,FEMENINO,5,47000000
2022,6,23,6,1,B,MASCULINO,10,95100000
2022,6,23,6,1,C,FEMENINO,8,64600000
2022,6,23,6,1,C,MASCULINO,10,82000000
2022,6,23,6,1,D,FEMENINO,6,38200000
2022,6,23,6,1,D,MASCULINO,17,90800000
2022,6,23,6,1,G,FEMENINO,3,14900000
2022,6,23,6,1,G,MASCULINO,3,16100000
2022,6,23,8,1,B,FEMENINO,2,13454364
2022,6,23,8,1,B,MASCULINO,4,19496820
2022,6,23,8,1,C,FEMENINO,3,14449680
2022,6,23,8,1,C,MASCULINO,2,12764640
2022,6,23,8,1,D,FEMENINO,1,3286080
2022,6,23,8,1,E,MASCULINO,1,3317748
2022,6,23,8,1,G,FEMENINO,1,2152080
2022,6,23,9,1,A,MASCULINO,1,22000000
2022,6,23,9,1,B,FEMENINO,7,52248000
2022,6,23,9,1,B,MASCULINO,5,52400000
2022,6,23,9,1,C,FEMENINO,13,67680000
2022,6,23,9,1,C,MASCULINO,9,46116000
2022,6,23,9,1,E,FEMENINO,1,2856000
2022,6,23,9,1,F,FEMENINO,2,3846064
2022,6,23,9,1,F,MASCULINO,1,1923032
2022,6,23,10,1,A,MASCULINO,1,16000000
2022,6,23,10,1,B,FEMENINO,4,44000000
2022,6,23,10,1,B,MASCULINO,19,274000000
2022,6,23,10,1,C,FEMENINO,54,459600000
2022,6,23,10,1,C,MASCULINO,104,928600000
2022,6,23,10,1,D,FEMENINO,5,21000000
2022,6,23,10,1,D,MASCULINO,12,42500000
2022,6,23,10,1,F,FEMENINO,16,78300000
2022,6,23,10,1,F,MASCULINO,26,122600000
2022,6,23,10,1,G,FEMENINO,5,19100000
2022,6,23,10,1,G,MASCULINO,19,68600000
2022,6,23,11,1,A,MASCULINO,1,20020000
2022,6,23,11,1,B,FEMENINO,8,58432684
2022,6,23,11,1,B,MASCULINO,26,222330789
2022,6,23,11,1,C,FEMENINO,37,218633951
2022,6,23,11,1,C,MASCULINO,67,425391282
2022,6,23,11,1,D,FEMENINO,6,18365500
2022,6,23,11,1,D,MASCULINO,47,168268317
2022,6,23,11,1,E,FEMENINO,6,15566400
2022,6,23,11,1,E,MASCULINO,48,112263044
2022,6,23,11,1,G,FEMENINO,6,14372050
2022,6,23,11,1,G,MASCULINO,26,49395124
2022,6,23,13,1,A,FEMENINO,1,17290000
2022,6,23,13,1,B,FEMENINO,1,6734000
2022,6,23,13,1,B,MASCULINO,12,119357000
2022,6,23,13,1,C,FEMENINO,4,28609000
2022,6,23,13,1,C,MASCULINO,3,22876000
2022,6,23,13,1,D,FEMENINO,2,8554000
2022,6,23,13,1,D,MASCULINO,2,9373000
2022,6,23,13,1,E,FEMENINO,2,4610667
2022,6,23,13,1,E,MASCULINO,3,7252000
2022,6,23,13,1,F,FEMENINO,2,4214194
2022,6,23,13,1,F,MASCULINO,2,4214194
2022,6,23,13,1,G,FEMENINO,5,26354874
2022,6,23,13,1,G,MASCULINO,9,46494477
2022,6,23,14,1,A,FEMENINO,1,4872000
2022,6,23,14,1,A,MASCULINO,3,28157408
2022,6,23,14,1,B,FEMENINO,4,43386890
2022,6,23,14,1,B,MASCULINO,7,71263490
2022,6,23,14,1,C,FEMENINO,40,268411320
2022,6,23,14,1,C,MASCULINO,29,184852079
2022,6,23,14,1,D,FEMENINO,10,39316525
2022,6,23,14,1,D,MASCULINO,6,22532350
2022,6,23,14,1,E,FEMENINO,9,24154859
2022,6,23,14,1,E,MASCULINO,15,38581527
2022,6,23,14,1,F,FEMENINO,2,5880000
2022,6,23,14,1,F,MASCULINO,3,9163270
2022,6,23,14,1,G,FEMENINO,3,7392000
2022,6,23,14,1,G,MASCULINO,3,7676299
2022,6,23,15,1,A,FEMENINO,194,1434814813
2022,6,23,15,1,A,MASCULINO,800,6215082433
2022,6,23,15,1,D,FEMENINO,1,3444000
2022,6,23,15,1,E,FEMENINO,1,3024000
2022,6,23,15,1,E,MASCULINO,1,2688000
2022,6,23,16,1,A,FEMENINO,4,36500000
2022,6,23,16,1,A,MASCULINO,1,22000000
2022,6,23,16,1,B,FEMENINO,19,184100000
2022,6,23,16,1,B,MASCULINO,20,224900000
2022,6,23,16,1,C,FEMENINO,111,779800000
2022,6,23,16,1,C,MASCULINO,129,906100000
2022,6,23,16,1,D,FEMENINO,185,820200000
2022,6,23,16,1,D,MASCULINO,189,812900000
2022,6,23,16,1,E,FEMENINO,90,233579720
2022,6,23,16,1,E,MASCULINO,333,829378231
2022,6,23,16,1,F,FEMENINO,56,148039860
2022,6,23,16,1,F,MASCULINO,93,242290396
2022,6,23,16,1,G,FEMENINO,27,65961212
2022,6,23,16,1,G,MASCULINO,77,185869044
2022,6,23,17,1,A,FEMENINO,1,21266667
2022,6,23,17,1,B,FEMENINO,8,51004000
2022,6,23,17,1,B,MASCULINO,5,28056000
2022,6,23,17,1,C,FEMENINO,2,14326000
2022,6,23,17,1,C,MASCULINO,1,8232000
2022,6,23,17,1,D,FEMENINO,16,54180000
2022,6,23,17,1,D,MASCULINO,4,13608000
2022,6,23,17,1,E,FEMENINO,12,32513555
2022,6,23,17,1,E,MASCULINO,7,20664000
2022,6,23,17,1,F,FEMENINO,2,4032000
2022,6,23,17,1,F,MASCULINO,2,4704000
2022,6,23,17,1,G,FEMENINO,1,2352000
2022,6,23,17,1,G,MASCULINO,1,2604000
2022,6,23,18,1,A,MASCULINO,2,22848000
2022,6,23,18,1,B,FEMENINO,6,57280607
2022,6,23,18,1,B,MASCULINO,19,163415100
2022,6,23,18,1,C,FEMENINO,66,410997398
2022,6,23,18,1,C,MASCULINO,88,576929278
2022,6,23,18,1,D,FEMENINO,73,260418260
2022,6,23,18,1,D,MASCULINO,90,322674346
2022,6,23,18,1,E,FEMENINO,11,23800119
2022,6,23,18,1,E,MASCULINO,40,111944942
2022,6,23,18,1,F,FEMENINO,8,13444272
2022,6,23,18,1,F,MASCULINO,12,23722526
2022,6,23,18,1,G,FEMENINO,15,21283404
2022,6,23,18,1,G,MASCULINO,41,75793965
2022,6,23,19,1,A,FEMENINO,4,37884000
2022,6,23,19,1,A,MASCULINO,4,52828000
2022,6,23,19,1,B,FEMENINO,7,72912000
2022,6,23,19,1,B,MASCULINO,2,21840000
2022,6,23,19,1,C,FEMENINO,44,262995750
2022,6,23,19,1,C,MASCULINO,28,169494620
2022,6,23,19,1,D,FEMENINO,8,29148000
2022,6,23,19,1,D,MASCULINO,15,51072000
2022,6,23,19,1,E,FEMENINO,7,15531032
2022,6,23,19,1,E,MASCULINO,11,27384000
2022,6,23,20,1,A,FEMENINO,2,29800000
2022,6,23,20,1,A,MASCULINO,8,58400000
2022,6,23,20,1,B,FEMENINO,16,170000000
2022,6,23,20,1,B,MASCULINO,11,98500000
2022,6,23,20,1,C,FEMENINO,15,110900000
2022,6,23,20,1,C,MASCULINO,16,111600000
2022,6,23,20,1,D,FEMENINO,35,152300000
2022,6,23,20,1,D,MASCULINO,56,242300000
2022,6,23,20,1,E,FEMENINO,32,94203916
2022,6,23,20,1,E,MASCULINO,112,320139860
2022,6,23,20,1,F,FEMENINO,14,32050536
2022,6,23,20,1,F,MASCULINO,39,89283636
2022,6,23,20,1,G,MASCULINO,7,16146620
2022,6,23,22,1,A,FEMENINO,1,4012000
2022,6,23,22,1,A,MASCULINO,6,57962000
2022,6,23,22,1,B,FEMENINO,10,86383587
2022,6,23,22,1,B,MASCULINO,16,135824000
2022,6,23,22,1,C,FEMENINO,34,216242600
2022,6,23,22,1,C,MASCULINO,32,194939969
2022,6,23,22,1,D,FEMENINO,54,208422266
2022,6,23,22,1,D,MASCULINO,55,208297200
2022,6,23,22,1,E,FEMENINO,8,20257400
2022,6,23,22,1,E,MASCULINO,29,75409132
2022,6,23,22,1,F,FEMENINO,3,7456000
2022,6,23,22,1,F,MASCULINO,19,48884547
2022,6,23,22,1,G,FEMENINO,12,27321032
2022,6,23,22,1,G,MASCULINO,44,84876617
2022,6,23,24,1,A,FEMENINO,9,66771600
2022,6,23,24,1,A,MASCULINO,8,71736000
2022,6,23,24,1,B,FEMENINO,2,21336000
2022,6,23,24,1,B,MASCULINO,10,106680000
2022,6,23,24,1,C,FEMENINO,16,107268000
2022,6,23,24,1,C,MASCULINO,9,53424000
2022,6,23,24,1,D,FEMENINO,91,312732000
2022,6,23,24,1,D,MASCULINO,54,189672000
2022,6,23,24,1,E,FEMENINO,59,152292000
2022,6,23,24,1,E,MASCULINO,52,133644000
2022,6,23,24,1,F,FEMENINO,9,20553096
2022,6,23,24,1,F,MASCULINO,12,29298064
2022,6,23,24,1,G,FEMENINO,246,512115416
2022,6,23,24,1,G,MASCULINO,264,557298448
2022,6,23,25,1,A,MASCULINO,1,22000000
2022,6,23,25,1,B,FEMENINO,7,50724639
2022,6,23,25,1,B,MASCULINO,14,118104000
2022,6,23,25,1,C,FEMENINO,18,106618248
2022,6,23,25,1,C,MASCULINO,9,52440343
2022,6,23,25,1,D,FEMENINO,15,57923309
2022,6,23,25,1,D,MASCULINO,21,70515508
2022,6,23,25,1,E,FEMENINO,5,11902053
2022,6,23,25,1,E,MASCULINO,19,41983017
2022,6,23,26,1,A,MASCULINO,1,22000000
2022,6,23,26,1,B,FEMENINO,1,8800000
2022,6,23,26,1,B,MASCULINO,5,41436000
2022,6,23,26,1,C,FEMENINO,4,21924000
2022,6,23,26,1,C,MASCULINO,5,25636572
2022,6,23,26,1,D,FEMENINO,5,18396000
2022,6,23,26,1,D,MASCULINO,4,13356000
2022,6,23,26,1,E,FEMENINO,3,4368000
2022,6,23,26,1,E,MASCULINO,1,2520000
2022,6,23,27,1,B,FEMENINO,1,10920000
2022,6,23,27,1,B,MASCULINO,3,34384000
2022,6,23,27,1,C,FEMENINO,3,23268000
2022,6,23,27,1,C,MASCULINO,7,39564000
2022,6,23,27,1,D,FEMENINO,4,17220000
2022,6,23,27,1,D,MASCULINO,2,7728000
2022,6,23,27,1,F,FEMENINO,1,2352000
2022,6,23,27,1,F,MASCULINO,2,5544000
2022,6,23,28,1,A,FEMENINO,1,15000000
2022,6,23,28,1,B,FEMENINO,2,13880000
2022,6,23,28,1,B,MASCULINO,4,38192000
2022,6,23,28,1,C,MASCULINO,2,15760000
2022,6,23,28,1,D,FEMENINO,1,4788000
2022,6,23,29,1,A,FEMENINO,1,4032000
2022,6,23,29,1,A,MASCULINO,1,4032000
2022,6,23,29,1,B,FEMENINO,2,15540000
2022,6,23,29,1,B,MASCULINO,1,5765320
2022,6,23,29,1,C,FEMENINO,4,24528000
2022,6,23,29,1,C,MASCULINO,2,12264000
2022,6,23,29,1,D,FEMENINO,1,2940000
2022,6,23,29,1,D,MASCULINO,1,2940000
2022,6,23,29,1,E,FEMENINO,3,7936000
2022,6,23,29,1,E,MASCULINO,4,10624000
2022,6,23,30,1,A,FEMENINO,1,18480000
2022,6,23,30,1,B,FEMENINO,4,33392000
2022,6,23,30,1,B,MASCULINO,2,18816000
2022,6,23,30,1,C,FEMENINO,3,15120000
2022,6,23,30,1,C,MASCULINO,2,10080000
2022,6,23,30,1,D,FEMENINO,3,11172000
2022,6,23,30,1,D,MASCULINO,2,7392000
2022,6,23,30,1,G,MASCULINO,1,1923032
2022,6,23,31,1,A,MASCULINO,1,22000000
2022,6,23,31,1,B,FEMENINO,1,6384000
2022,6,23,31,1,B,MASCULINO,4,38976000
2022,6,23,31,1,C,FEMENINO,3,14616000
2022,6,23,31,1,D,FEMENINO,6,18900000
2022,6,23,31,1,D,MASCULINO,7,21672000
2022,6,23,31,1,E,MASCULINO,1,1923032
2022,6,23,32,1,A,MASCULINO,2,33300000
2022,6,23,32,1,B,FEMENINO,5,39060000
2022,6,23,32,1,B,MASCULINO,5,39060000
2022,6,23,32,1,C,FEMENINO,3,16740000
2022,6,23,32,1,C,MASCULINO,2,10800000
2022,6,23,32,1,D,MASCULINO,1,3240000
2022,6,23,33,1,B,MASCULINO,4,47200000
2022,6,23,33,1,C,FEMENINO,1,8000000
2022,6,23,33,1,C,MASCULINO,2,14040000
2022,6,23,33,1,G,FEMENINO,2,4589324
2022,6,23,33,1,L,FEMENINO,13,54207769
2022,6,23,33,1,L,MASCULINO,4,13791604
2022,6,23,33,1,Z,FEMENINO,70,368065854
2022,6,23,33,1,Z,MASCULINO,62,320674692
2022,6,23,34,1,B,FEMENINO,4,30828000
2022,6,23,34,1,C,FEMENINO,1,4200000
2022,6,23,34,1,D,FEMENINO,2,9828000
2022,6,23,34,1,D,MASCULINO,3,12264000
2022,6,23,34,1,E,FEMENINO,6,18389985
2022,6,23,34,1,E,MASCULINO,3,6720000
2022,6,23,34,1,G,FEMENINO,9,18648000
2022,6,23,34,1,G,MASCULINO,12,24437985
2022,6,23,34,1,L,FEMENINO,47,126913759
2022,6,23,34,1,L,MASCULINO,15,45738709
2022,6,23,34,1,Z,FEMENINO,111,524710301
2022,6,23,34,1,Z,MASCULINO,49,202897556
2022,6,23,35,1,A,FEMENINO,1,18480000
2022,6,23,35,1,B,FEMENINO,3,25704000
2022,6,23,35,1,B,MASCULINO,5,42840000
2022,6,23,36,1,A,MASCULINO,1,18480000
2022,6,23,36,1,B,FEMENINO,4,33936000
2022,6,23,36,1,B,MASCULINO,7,57456000
2022,6,23,36,1,C,FEMENINO,25,144228000
2022,6,23,36,1,C,MASCULINO,14,71373081
2022,6,23,36,1,D,FEMENINO,11,36960000
2022,6,23,36,1,D,MASCULINO,10,35896487
2022,6,23,36,1,E,FEMENINO,5,12432000
2022,6,23,36,1,E,MASCULINO,9,23016000
2022,6,23,36,1,F,FEMENINO,2,4872000
2022,6,23,36,1,F,MASCULINO,4,8736000
2022,6,23,36,1,G,FEMENINO,3,7560000
2022,6,23,36,1,G,MASCULINO,1,2688000
2022,6,23,37,1,B,FEMENINO,1,8568000
2022,6,23,37,1,B,MASCULINO,2,19488000
2022,6,24,1,1,D,FEMENINO,1180,3176119177
2022,6,24,1,1,D,MASCULINO,1155,3149018035
2022,6,24,1,1,F,FEMENINO,171,659008236
2022,6,24,1,1,F,MASCULINO,217,831093545
2022,6,24,1,1,G,FEMENINO,467,2459331946
2022,6,24,1,1,G,MASCULINO,362,1897274086
2022,6,24,1,1,H,FEMENINO,159,1116970687
2022,6,24,1,1,H,MASCULINO,185,1273102868
2022,6,24,1,1,I,FEMENINO,188,1592783020
2022,6,24,1,1,I,MASCULINO,206,1830006788
2022,6,24,1,1,S,FEMENINO,6434,31638251738
2022,6,24,1,1,S,MASCULINO,2705,15795758780
2022,6,24,2,1,G,FEMENINO,3,8306274
2022,6,24,2,1,G,MASCULINO,5,11217688
2022,6,24,3,1,A,FEMENINO,8,36500215
2022,6,24,3,1,A,MASCULINO,11,60272382
2022,6,24,3,1,P,FEMENINO,10,100634732
2022,6,24,3,1,P,MASCULINO,13,127717701
2022,6,24,4,1,C,FEMENINO,50,143484529
2022,6,24,4,1,C,MASCULINO,66,190805233
2022,6,24,4,1,S,MASCULINO,1,0
2022,6,24,5,1,A,MASCULINO,1,6660000
2022,6,24,5,1,B,FEMENINO,5,41040000
2022,6,24,5,1,B,MASCULINO,5,37620000
2022,6,24,5,1,C,FEMENINO,14,70262000
2022,6,24,5,1,C,MASCULINO,4,22320000
2022,6,24,5,1,D,FEMENINO,10,37440000
2022,6,24,5,1,D,MASCULINO,12,43200000
2022,6,24,5,1,E,FEMENINO,1,2340000
2022,6,24,5,1,E,MASCULINO,12,29960391
2022,6,24,5,1,F,FEMENINO,16,36951564
2022,6,24,5,1,F,MASCULINO,18,49580391
2022,6,24,5,1,G,FEMENINO,28,60214557
2022,6,24,5,1,G,MASCULINO,27,56900851
2022,6,24,5,1,X,FEMENINO,1,3150000
2022,6,25,2,1,A,FEMENINO,528,2439224727
2022,6,25,2,1,A,MASCULINO,506,2497493812
2022,6,25,2,1,O,FEMENINO,125,433494271
2022,6,25,2,1,O,MASCULINO,1961,8348689870
2022,6,25,2,1,P,FEMENINO,208,2001566475
2022,6,25,2,1,P,MASCULINO,457,4668017241
2022,6,25,2,1,T,FEMENINO,48,272546200
2022,6,25,2,1,T,MASCULINO,512,3023190696
2022,6,25,4,1,1,FEMENINO,4,11752797
2022,6,25,4,1,1,MASCULINO,13,38985303
2022,6,25,4,1,E,FEMENINO,15,47750507
2022,6,25,4,1,E,MASCULINO,29,91134477
2022,6,25,4,1,G,FEMENINO,17,42339612
2022,6,25,4,1,G,MASCULINO,55,136312666
2022,6,25,4,1,H,FEMENINO,217,443520226
2022,6,25,4,1,H,MASCULINO,697,1413907929
2022,6,25,4,1,I,FEMENINO,3,6671063
2022,6,25,4,1,I,MASCULINO,7,15866312
2022,6,25,4,1,J,FEMENINO,2,6102600
2022,6,25,4,1,J,MASCULINO,3,9031848
2022,6,25,4,1,K,FEMENINO,45,148251971
2022,6,25,4,1,K,MASCULINO,110,358150619
2022,6,25,4,1,R,FEMENINO,16,94998960
2022,6,25,4,1,R,MASCULINO,58,342738949
2022,6,25,5,1,A,FEMENINO,4,26083000
2022,6,25,5,1,A,MASCULINO,13,92149313
2022,6,25,5,1,B,FEMENINO,29,250773954
2022,6,25,5,1,B,MASCULINO,54,482937076
2022,6,25,5,1,C,FEMENINO,96,613775530
2022,6,25,5,1,C,MASCULINO,169,1097952051
2022,6,25,5,1,D,FEMENINO,149,590197400
2022,6,25,5,1,D,MASCULINO,226,918133500
2022,6,25,5,1,E,FEMENINO,269,902827001
2022,6,25,5,1,E,MASCULINO,545,1821338381
2022,6,25,6,1,1,FEMENINO,6,29381900
2022,6,25,6,1,1,MASCULINO,10,37951048
2022,6,25,6,1,2,FEMENINO,5,27091300
2022,6,25,6,1,2,MASCULINO,7,38855300
2022,6,25,6,1,F,FEMENINO,1,2289324
2022,6,25,6,1,F,MASCULINO,11,26353772
2022,6,25,6,1,G,FEMENINO,3,12231700
2022,6,25,6,1,G,MASCULINO,25,89140000
2022,6,25,6,1,H,FEMENINO,6,18856200
2022,6,25,6,1,H,MASCULINO,50,151129872
2022,6,25,6,1,I,FEMENINO,14,39578950
2022,6,25,6,1,I,MASCULINO,108,327952072
2022,6,25,6,1,J,FEMENINO,3,8606348
2022,6,25,6,1,J,MASCULINO,21,58922612
2022,6,25,6,1,K,FEMENINO,40,174607800
2022,6,25,6,1,K,MASCULINO,181,760301948
2022,6,25,6,1,R,FEMENINO,20,141205600
2022,6,25,6,1,R,MASCULINO,57,405467800
2022,6,25,7,1,1,FEMENINO,1,5798000
2022,6,25,7,1,2,FEMENINO,4,45532000
2022,6,25,7,1,2,MASCULINO,8,89166833
2022,6,25,7,1,F,FEMENINO,4,10526800
2022,6,25,7,1,F,MASCULINO,6,19089200
2022,6,25,7,1,G,FEMENINO,96,618977440
2022,6,25,7,1,G,MASCULINO,417,2519776751
2022,6,25,7,1,H,FEMENINO,1,2372500
2022,6,25,7,1,H,MASCULINO,1,2289324
2022,6,25,7,1,X,FEMENINO,8,39057133
2022,6,25,7,1,X,MASCULINO,62,318826893
2022,6,27,1,1,B,FEMENINO,448,3180097000
2022,6,27,1,1,B,MASCULINO,760,6610207999
2022,6,27,3,1,A,MASCULINO,3,43500000
2022,6,27,3,1,B,FEMENINO,14,118900000
2022,6,27,3,1,B,MASCULINO,52,432500000
2022,6,27,3,1,C,FEMENINO,34,231200000
2022,6,27,3,1,C,MASCULINO,45,307200000
2022,6,27,3,1,D,FEMENINO,79,387300000
2022,6,27,3,1,D,MASCULINO,181,920900000
2022,6,27,3,1,E,MASCULINO,1,3200000
2022,6,27,4,1,K,FEMENINO,36,179517188
2022,6,27,4,1,K,MASCULINO,67,319309592
2022,6,27,5,1,H,FEMENINO,2,3870440
2022,6,27,7,1,A,FEMENINO,45,411232000
2022,6,27,7,1,A,MASCULINO,42,499477000
2022,6,28,1,1,4,FEMENINO,136,740668532
2022,6,28,1,1,4,MASCULINO,93,505333298
2022,6,28,1,1,A,FEMENINO,1,2289324
2022,6,28,1,1,B,MASCULINO,3,6059077
2022,6,28,1,1,C,FEMENINO,103,235800372
2022,6,28,1,1,C,MASCULINO,71,162542004
2022,6,28,1,1,D,FEMENINO,15,33445182
2022,6,28,1,1,D,MASCULINO,18,41207832
2022,6,28,1,1,E,FEMENINO,7,16375392
2022,6,28,1,1,E,MASCULINO,2,4928772
2022,6,28,1,1,F,FEMENINO,48,109887552
2022,6,28,1,1,F,MASCULINO,98,229625844
2022,6,28,1,1,G,FEMENINO,116,398308309
2022,6,28,1,1,G,MASCULINO,123,394679408
2022,6,28,1,1,H,FEMENINO,219,750641436
2022,6,28,1,1,H,MASCULINO,374,1297391562
2022,6,28,1,1,I,FEMENINO,1,3142200
2022,6,28,1,1,I,MASCULINO,12,37203648
2022,6,28,1,1,K,FEMENINO,938,3649910634
2022,6,28,1,1,K,MASCULINO,1023,3912150553
2022,6,28,1,1,L,FEMENINO,2654,7265785161
2022,6,28,1,1,L,MASCULINO,2926,9448058028
2022,6,28,1,1,R,FEMENINO,468,2306218630
2022,6,28,1,1,R,MASCULINO,286,1405549488
2022,6,28,1,1,S,FEMENINO,1707,6425019116
2022,6,28,1,1,S,MASCULINO,506,1764467248
2022,6,28,1,1,U,FEMENINO,2390,11273490887
2022,6,28,1,1,U,MASCULINO,2033,10429877578
2022,6,28,1,1,Z,FEMENINO,141,400034034
2022,6,28,1,1,Z,MASCULINO,122,302658364
2022,6,28,2,1,C,FEMENINO,29,52542433
2022,6,28,2,1,C,MASCULINO,31,54154902
2022,6,28,2,1,D,FEMENINO,23,41208169
2022,6,28,2,1,D,MASCULINO,20,35570678
2022,6,28,2,1,E,FEMENINO,38,63041663
2022,6,28,2,1,E,MASCULINO,19,33903059
2022,6,28,2,1,F,FEMENINO,43,75473981
2022,6,28,2,1,F,MASCULINO,24,43806966
2022,6,28,2,1,G,FEMENINO,28,70311836
2022,6,28,2,1,G,MASCULINO,20,55946103
2022,6,28,2,1,H,FEMENINO,12,25856982
2022,6,28,2,1,H,MASCULINO,6,13217921
2022,6,28,2,1,K,FEMENINO,24,80928702
2022,6,28,2,1,K,MASCULINO,33,119032397
2022,6,28,2,1,L,FEMENINO,12,22837628
2022,6,28,2,1,L,MASCULINO,9,16690312
2022,6,28,2,1,U,FEMENINO,674,2119026038
2022,6,28,2,1,U,MASCULINO,591,2385790588
2022,6,28,2,1,Z,FEMENINO,1,1134000
2022,6,28,2,1,Z,MASCULINO,2,2268000
2022,6,28,3,1,1,FEMENINO,1,3482052
2022,6,28,3,1,1,MASCULINO,1,3482052
2022,6,28,3,1,D,FEMENINO,16,29953040
2022,6,28,3,1,D,MASCULINO,10,19230320
2022,6,28,3,1,E,FEMENINO,11,21072305
2022,6,28,3,1,E,MASCULINO,7,13380177
2022,6,28,3,1,F,FEMENINO,19,36937225
2022,6,28,3,1,F,MASCULINO,18,33469727
2022,6,28,3,1,G,FEMENINO,17,43359361
2022,6,28,3,1,G,MASCULINO,21,55987408
2022,6,28,3,1,H,FEMENINO,1,2450532
2022,6,28,3,1,K,FEMENINO,5,18195492
2022,6,28,3,1,K,MASCULINO,4,15371160
2022,6,28,3,1,U,FEMENINO,334,1031934325
2022,6,28,3,1,U,MASCULINO,248,894662430
2022,6,28,4,1,1,FEMENINO,9,50659200
2022,6,28,4,1,1,MASCULINO,2,11257600
2022,6,28,4,1,C,FEMENINO,8,18314592
2022,6,28,4,1,C,MASCULINO,5,11446620
2022,6,28,4,1,E,FEMENINO,21,48075804
2022,6,28,4,1,E,MASCULINO,20,45786480
2022,6,28,4,1,F,FEMENINO,22,55540472
2022,6,28,4,1,F,MASCULINO,12,29819872
2022,6,28,4,1,G,FEMENINO,38,133039600
2022,6,28,4,1,G,MASCULINO,17,60393900
2022,6,28,4,1,H,FEMENINO,46,109755156
2022,6,28,4,1,H,MASCULINO,37,90755392
2022,6,28,4,1,K,FEMENINO,11,40040724
2022,6,28,4,1,K,MASCULINO,3,7795824
2022,6,28,4,1,L,FEMENINO,464,1417600245
2022,6,28,4,1,L,MASCULINO,333,1174447258
2022,6,28,4,1,S,FEMENINO,1,2289324
2022,6,28,4,1,U,FEMENINO,101,299593289
2022,6,28,4,1,U,MASCULINO,55,178951239
2022,6,28,6,1,0,FEMENINO,5,0
2022,6,28,6,1,0,MASCULINO,1,0
2022,6,28,6,1,D,FEMENINO,5,9615160
2022,6,28,6,1,D,MASCULINO,1,1923032
2022,6,28,6,1,E,FEMENINO,21,40383672
2022,6,28,6,1,E,MASCULINO,16,30768512
2022,6,28,6,1,F,FEMENINO,31,60378488
2022,6,28,6,1,F,MASCULINO,26,51505152
2022,6,28,6,1,G,FEMENINO,41,136865568
2022,6,28,6,1,G,MASCULINO,37,125280876
2022,6,28,6,1,H,FEMENINO,1,2454816
2022,6,28,6,1,K,FEMENINO,4,19134864
2022,6,28,6,1,K,MASCULINO,4,19094040
2022,6,28,6,1,L,FEMENINO,672,775538021
2022,6,28,6,1,L,MASCULINO,504,646123793
2022,6,28,6,1,U,FEMENINO,128,339575730
2022,6,28,6,1,U,MASCULINO,100,294683526
2022,6,28,7,1,2,FEMENINO,1,3634596
2022,6,28,7,1,2,MASCULINO,1,3634596
2022,6,28,7,1,C,MASCULINO,1,621300
2022,6,28,7,1,D,FEMENINO,15,27557435
2022,6,28,7,1,D,MASCULINO,9,16551271
2022,6,28,7,1,E,FEMENINO,28,51259669
2022,6,28,7,1,E,MASCULINO,23,42415116
2022,6,28,7,1,F,FEMENINO,46,88611321
2022,6,28,7,1,F,MASCULINO,30,58888001
2022,6,28,7,1,G,FEMENINO,42,116424311
2022,6,28,7,1,G,MASCULINO,36,94532845
2022,6,28,7,1,H,FEMENINO,9,17082831
2022,6,28,7,1,H,MASCULINO,13,25753800
2022,6,28,7,1,I,FEMENINO,5,11247704
2022,6,28,7,1,I,MASCULINO,4,9172036
2022,6,28,7,1,K,FEMENINO,27,92318564
2022,6,28,7,1,K,MASCULINO,25,95248970
2022,6,28,7,1,L,FEMENINO,223,256020437
2022,6,28,7,1,L,MASCULINO,215,260610984
2022,6,28,7,1,U,FEMENINO,293,679941061
2022,6,28,7,1,U,MASCULINO,363,1044751677
2022,6,28,8,1,E,FEMENINO,10,19230320
2022,6,28,8,1,E,MASCULINO,7,13164264
2022,6,28,8,1,F,FEMENINO,7,13529456
2022,6,28,8,1,F,MASCULINO,5,9637904
2022,6,28,8,1,G,FEMENINO,20,64852158
2022,6,28,8,1,G,MASCULINO,19,57322314
2022,6,28,8,1,K,MASCULINO,1,3915156
2022,6,28,8,1,U,FEMENINO,3,13039488
2022,6,28,8,1,U,MASCULINO,9,39233292
2022,6,30,1,2,M,FEMENINO,18,49440000
2022,6,30,1,2,M,MASCULINO,33,92849000
2022,6,30,1,3,M,MASCULINO,1,5000000
2022,6,30,1,4,M,FEMENINO,5,11283750
2022,6,30,1,4,M,MASCULINO,4,14610014
2022,6,30,1,5,M,FEMENINO,3,4405000
2022,6,30,1,5,M,MASCULINO,4,10781667
2022,6,30,1,6,M,FEMENINO,13,41010130
2022,6,30,1,6,M,MASCULINO,8,22600000
2022,6,30,1,237,M,MASCULINO,1,5000000
2022,6,30,1,238,M,MASCULINO,5,29300000
2022,6,30,1,241,M,FEMENINO,1,8000000
2022,6,30,1,241,M,MASCULINO,3,4300000
2022,6,30,1,249,A,FEMENINO,1,6860000
2022,6,30,1,257,M,FEMENINO,5,6097104
2022,6,30,1,257,M,MASCULINO,1,700000
2022,6,30,1,263,M,MASCULINO,4,12500000
2022,6,30,1,524,M,FEMENINO,1,7500000
2022,6,30,1,524,M,MASCULINO,2,5000000
2022,6,30,2,8,M,FEMENINO,3,8000000
2022,6,30,2,8,M,MASCULINO,4,31500000
2022,6,30,2,11,M,FEMENINO,4,6839000
2022,6,30,2,11,M,MASCULINO,12,25191000
2022,6,30,2,12,M,FEMENINO,3,6092759
2022,6,30,2,12,M,MASCULINO,7,28485244
2022,6,30,2,13,C,MASCULINO,1,6400000
2022,6,30,2,13,E,FEMENINO,3,5805000
2022,6,30,2,13,E,MASCULINO,1,1620000
2022,6,30,2,14,M,FEMENINO,1,4825000
2022,6,30,2,14,M,MASCULINO,2,1710000
2022,6,30,2,15,M,FEMENINO,7,10260000
2022,6,30,2,15,M,MASCULINO,13,37685620
2022,6,30,2,16,M,MASCULINO,2,6240000
2022,6,30,2,17,M,FEMENINO,2,2700000
2022,6,30,2,17,M,MASCULINO,1,2700000
2022,6,30,2,18,M,FEMENINO,3,5886000
2022,6,30,2,18,M,MASCULINO,4,11890400
2022,6,30,2,19,M,FEMENINO,3,3500000
2022,6,30,2,19,M,MASCULINO,3,4600000
2022,6,30,2,22,M,FEMENINO,2,10000000
2022,6,30,2,22,M,MASCULINO,4,9500000
2022,6,30,2,23,M,FEMENINO,1,1004500
2022,6,30,2,23,M,MASCULINO,2,5062650
2022,6,30,2,24,M,FEMENINO,1,1200000
2022,6,30,2,24,M,MASCULINO,1,13700000
2022,6,30,2,25,M,FEMENINO,1,990000
2022,6,30,2,25,M,MASCULINO,3,11701000
2022,6,30,2,26,M,FEMENINO,7,33676200
2022,6,30,2,26,M,MASCULINO,9,27447332
2022,6,30,2,239,M,MASCULINO,1,7500000
2022,6,30,2,260,M,FEMENINO,1,3800000
2022,6,30,2,260,M,MASCULINO,4,9100000
2022,6,30,3,27,M,FEMENINO,29,78530669
2022,6,30,3,27,M,MASCULINO,28,67090288
2022,6,30,3,28,M,FEMENINO,3,5990275
2022,6,30,3,28,M,MASCULINO,8,26930600
2022,6,30,3,29,M,FEMENINO,2,4950000
2022,6,30,3,29,M,MASCULINO,6,12150000
2022,6,30,3,30,M,FEMENINO,4,9400000
2022,6,30,3,30,M,MASCULINO,3,14300000
2022,6,30,3,31,M,FEMENINO,7,13650000
2022,6,30,3,31,M,MASCULINO,8,26700000
2022,6,30,3,32,0,FEMENINO,6,12800000
2022,6,30,3,32,0,MASCULINO,4,21750000
2022,6,30,3,33,C,MASCULINO,2,0
2022,6,30,3,33,M,FEMENINO,7,15285000
2022,6,30,3,33,M,MASCULINO,13,52393000
2022,6,30,3,34,M,FEMENINO,6,5761818
2022,6,30,3,34,M,MASCULINO,9,7290000
2022,6,30,3,35,M,FEMENINO,4,6100000
2022,6,30,3,35,M,MASCULINO,4,16800000
2022,6,30,3,36,M,FEMENINO,1,2250000
2022,6,30,3,36,M,MASCULINO,2,5500000
2022,6,30,3,37,M,MASCULINO,2,4800000
2022,6,30,3,38,M,MASCULINO,1,2000000
2022,6,30,3,39,M,FEMENINO,4,21095000
2022,6,30,3,39,M,MASCULINO,1,4230000
2022,6,30,3,41,M,FEMENINO,1,4000000
2022,6,30,3,41,M,MASCULINO,1,2000000
2022,6,30,3,42,M,FEMENINO,6,20700000
2022,6,30,3,42,M,MASCULINO,7,40163000
2022,6,30,3,43,M,MASCULINO,3,3870000
2022,6,30,3,44,M,FEMENINO,7,13095000
2022,6,30,3,44,M,MASCULINO,6,21180000
2022,6,30,3,45,M,FEMENINO,9,16765000
2022,6,30,3,45,M,MASCULINO,3,3195000
2022,6,30,4,47,M,FEMENINO,37,85619144
2022,6,30,4,47,M,MASCULINO,38,101523823
2022,6,30,4,48,M,FEMENINO,2,2405000
2022,6,30,4,48,M,MASCULINO,1,2000000
2022,6,30,4,49,M,FEMENINO,4,4700000
2022,6,30,4,49,M,MASCULINO,6,9900000
2022,6,30,4,50,M,FEMENINO,4,5500000
2022,6,30,4,50,M,MASCULINO,2,4440000
2022,6,30,4,51,M,FEMENINO,1,2500000
2022,6,30,4,51,M,MASCULINO,1,2800000
2022,6,30,4,53,M,FEMENINO,1,1400000
2022,6,30,4,53,M,MASCULINO,6,15268538
2022,6,30,4,54,M,FEMENINO,1,0
2022,6,30,4,54,M,MASCULINO,2,0
2022,6,30,4,55,M,FEMENINO,4,6460000
2022,6,30,4,55,M,MASCULINO,4,5830000
2022,6,30,4,56,M,FEMENINO,1,1350000
2022,6,30,4,56,M,MASCULINO,1,1785000
2022,6,30,4,57,M,FEMENINO,2,3650000
2022,6,30,4,57,M,MASCULINO,3,4250000
2022,6,30,4,58,M,MASCULINO,2,2200000
2022,6,30,4,59,M,FEMENINO,1,700000
2022,6,30,4,59,M,MASCULINO,1,600000
2022,6,30,4,60,M,FEMENINO,1,600000
2022,6,30,4,60,M,MASCULINO,1,700000
2022,6,30,4,61,M,FEMENINO,2,2940000
2022,6,30,4,62,M,FEMENINO,3,2022222
2022,6,30,4,62,M,MASCULINO,9,4920000
2022,6,30,4,63,M,MASCULINO,1,3300000
2022,6,30,4,234,M,FEMENINO,4,9650000
2022,6,30,4,234,M,MASCULINO,2,8687500
2022,6,30,5,64,M,FEMENINO,36,83392040
2022,6,30,5,64,M,MASCULINO,75,184407446
2022,6,30,5,65,A,MASCULINO,1,13200000
2022,6,30,5,65,B,FEMENINO,1,3100000
2022,6,30,5,65,B,MASCULINO,6,16700000
2022,6,30,5,65,C,FEMENINO,4,14420000
2022,6,30,5,65,C,MASCULINO,4,12700000
2022,6,30,5,65,D,FEMENINO,1,3700000
2022,6,30,5,65,D,MASCULINO,3,10750000
2022,6,30,5,65,E,FEMENINO,2,5700000
2022,6,30,5,65,E,MASCULINO,3,8170000
2022,6,30,5,65,G,FEMENINO,3,8700000
2022,6,30,5,65,G,MASCULINO,4,11520000
2022,6,30,5,65,L,MASCULINO,1,3000000
2022,6,30,5,65,U,MASCULINO,1,3000000
2022,6,30,5,66,M,FEMENINO,1,1500000
2022,6,30,5,66,M,MASCULINO,3,9600000
2022,6,30,5,67,M,FEMENINO,1,1080000
2022,6,30,5,67,M,MASCULINO,2,2018000
2022,6,30,5,68,M,FEMENINO,1,1530000
2022,6,30,5,68,M,MASCULINO,2,4618421
2022,6,30,5,69,M,FEMENINO,8,11268000
2022,6,30,5,69,M,MASCULINO,14,27844000
2022,6,30,5,71,M,MASCULINO,2,4300000
2022,6,30,5,72,A,MASCULINO,1,2740000
2022,6,30,5,72,F,FEMENINO,1,1386000
2022,6,30,5,72,F,MASCULINO,2,3330000
2022,6,30,5,73,0,FEMENINO,3,4746500
2022,6,30,5,73,0,MASCULINO,10,21595000
2022,6,30,5,74,M,FEMENINO,3,4700000
2022,6,30,5,74,M,MASCULINO,4,5240000
2022,6,30,5,75,M,FEMENINO,3,6300000
2022,6,30,5,75,M,MASCULINO,6,32850000
2022,6,30,5,76,M,MASCULINO,3,4500000
2022,6,30,5,77,M,FEMENINO,3,5130000
2022,6,30,5,77,M,MASCULINO,5,14360000
2022,6,30,5,78,M,FEMENINO,7,8220833
2022,6,30,5,78,M,MASCULINO,5,5985000
2022,6,30,5,79,M,FEMENINO,4,8070000
2022,6,30,5,79,M,MASCULINO,11,35100000
2022,6,30,5,81,M,FEMENINO,3,3743334
2022,6,30,5,81,M,MASCULINO,1,980000
2022,6,30,5,82,M,MASCULINO,3,4578882
2022,6,30,5,83,M,FEMENINO,1,990000
2022,6,30,5,83,M,MASCULINO,2,8150000
2022,6,30,5,233,M,FEMENINO,1,550000
2022,6,30,5,233,M,MASCULINO,14,13998333
2022,6,30,5,243,M,MASCULINO,4,15793999
2022,6,30,6,84,M,FEMENINO,7,10340000
2022,6,30,6,84,M,MASCULINO,14,40700000
2022,6,30,6,85,M,MASCULINO,4,19580000
2022,6,30,6,86,M,FEMENINO,2,0
2022,6,30,6,86,M,MASCULINO,6,0
2022,6,30,6,87,M,MASCULINO,1,2000000
2022,6,30,6,88,M,FEMENINO,1,1300000
2022,6,30,6,88,M,MASCULINO,5,8550000
2022,6,30,6,89,M,MASCULINO,2,11465000
2022,6,30,6,90,M,FEMENINO,4,5600000
2022,6,30,6,90,M,MASCULINO,7,22000000
2022,6,30,6,91,1,FEMENINO,1,1620000
2022,6,30,6,91,1,MASCULINO,2,5120000
2022,6,30,6,92,0,FEMENINO,3,11600000
2022,6,30,6,92,0,MASCULINO,3,6230000
2022,6,30,6,93,M,FEMENINO,10,17950000
2022,6,30,6,93,M,MASCULINO,13,32750000
2022,6,30,6,245,M,FEMENINO,1,1350000
2022,6,30,6,245,M,MASCULINO,4,8850000
2022,6,30,7,94,M,FEMENINO,81,162036848
2022,6,30,7,94,M,MASCULINO,155,365063818
2022,6,30,7,95,M,FEMENINO,4,7807442
2022,6,30,7,95,M,MASCULINO,9,39596410
2022,6,30,7,96,0,FEMENINO,14,51225000
2022,6,30,7,96,0,MASCULINO,17,63657300
2022,6,30,7,97,M,FEMENINO,5,9540000
2022,6,30,7,97,M,MASCULINO,12,26151924
2022,6,30,7,98,M,FEMENINO,7,17840000
2022,6,30,7,98,M,MASCULINO,5,10350000
2022,6,30,7,99,M,MASCULINO,1,6000000
2022,6,30,7,100,M,FEMENINO,8,17835000
2022,6,30,7,100,M,MASCULINO,2,11600000
2022,6,30,7,101,M,FEMENINO,5,9960000
2022,6,30,7,101,M,MASCULINO,16,51660000
2022,6,30,7,102,M,FEMENINO,1,2000000
2022,6,30,7,102,M,MASCULINO,7,23784000
2022,6,30,7,103,M,FEMENINO,5,9241000
2022,6,30,7,103,M,MASCULINO,7,17693000
2022,6,30,7,104,M,FEMENINO,8,24998472
2022,6,30,7,104,M,MASCULINO,9,32592544
2022,6,30,7,105,M,FEMENINO,6,10050000
2022,6,30,7,105,M,MASCULINO,3,8250000
2022,6,30,7,106,M,FEMENINO,2,2160000
2022,6,30,7,106,M,MASCULINO,6,10610000
2022,6,30,7,107,M,FEMENINO,8,25093000
2022,6,30,7,107,M,MASCULINO,7,31463700
2022,6,30,7,108,M,FEMENINO,7,7600000
2022,6,30,7,108,M,MASCULINO,2,8000000
2022,6,30,7,109,M,FEMENINO,1,1500000
2022,6,30,7,109,M,MASCULINO,1,990000
2022,6,30,7,110,M,FEMENINO,9,27760000
2022,6,30,7,110,M,MASCULINO,8,19750000
2022,6,30,7,111,M,FEMENINO,1,1633333
2022,6,30,7,111,M,MASCULINO,3,7749999
2022,6,30,7,112,M,FEMENINO,1,2000000
2022,6,30,7,112,M,MASCULINO,3,12100000
2022,6,30,7,113,M,FEMENINO,3,6600000
2022,6,30,7,113,M,MASCULINO,7,25000000
2022,6,30,7,114,M,FEMENINO,1,5000000
2022,6,30,7,114,M,MASCULINO,8,44670000
2022,6,30,7,115,M,FEMENINO,7,24250000
2022,6,30,7,115,M,MASCULINO,3,11625000
2022,6,30,7,116,M,FEMENINO,5,7920000
2022,6,30,7,116,M,MASCULINO,2,14360000
2022,6,30,7,117,M,FEMENINO,3,16400000
2022,6,30,7,117,M,MASCULINO,5,36500000
2022,6,30,7,118,M,MASCULINO,4,12900000
2022,6,30,7,119,M,FEMENINO,2,11730604
2022,6,30,7,119,M,MASCULINO,2,6955687
2022,6,30,7,120,M,FEMENINO,3,7000000
2022,6,30,7,120,M,MASCULINO,2,13350000
2022,6,30,7,121,M,FEMENINO,1,3675000
2022,6,30,7,121,M,MASCULINO,3,26200000
2022,6,30,7,122,C,FEMENINO,3,8906223
2022,6,30,7,122,C,MASCULINO,1,2943000
2022,6,30,7,122,E,FEMENINO,1,2011500
2022,6,30,7,122,E,MASCULINO,3,5856500
2022,6,30,7,122,S,MASCULINO,1,8603773
2022,6,30,7,123,M,FEMENINO,7,14401000
2022,6,30,7,123,M,MASCULINO,5,18294500
2022,6,30,8,124,0,FEMENINO,12,22320000
2022,6,30,8,124,0,MASCULINO,10,23830000
2022,6,30,8,126,M,FEMENINO,9,48785660
2022,6,30,8,126,M,MASCULINO,18,69469973
2022,6,30,8,127,M,FEMENINO,7,11967634
2022,6,30,8,127,M,MASCULINO,3,4796167
2022,6,30,8,129,M,FEMENINO,3,5337000
2022,6,30,8,129,M,MASCULINO,5,2695000
2022,6,30,8,130,M,FEMENINO,4,10050000
2022,6,30,8,130,M,MASCULINO,4,6181667
2022,6,30,8,131,M,FEMENINO,4,8750000
2022,6,30,8,131,M,MASCULINO,3,10250000
2022,6,30,8,132,M,FEMENINO,2,3330000
2022,6,30,8,132,M,MASCULINO,5,7365000
2022,6,30,8,133,M,FEMENINO,1,1200000
2022,6,30,8,133,M,MASCULINO,3,3650000
2022,6,30,9,134,M,FEMENINO,19,35906815
2022,6,30,9,134,M,MASCULINO,26,63228750
2022,6,30,9,135,M,MASCULINO,2,7500000
2022,6,30,9,137,P,MASCULINO,3,5700000
2022,6,30,9,138,M,FEMENINO,10,24000000
2022,6,30,9,138,M,MASCULINO,13,39680000
2022,6,30,9,139,M,FEMENINO,9,12988598
2022,6,30,9,139,M,MASCULINO,2,3150000
2022,6,30,9,140,M,FEMENINO,1,2200000
2022,6,30,9,140,M,MASCULINO,4,15100000
2022,6,30,9,141,M,FEMENINO,3,2670000
2022,6,30,9,141,M,MASCULINO,3,1900000
2022,6,30,9,142,M,FEMENINO,5,14370000
2022,6,30,9,142,M,MASCULINO,2,3045000
2022,6,30,9,143,A,FEMENINO,1,8000000
2022,6,30,9,143,B,MASCULINO,1,2250000
2022,6,30,9,143,C,FEMENINO,2,3680000
2022,6,30,9,143,C,MASCULINO,3,6750000
2022,6,30,9,143,G,FEMENINO,4,6443334
2022,6,30,9,143,G,MASCULINO,6,6660000
2022,6,30,9,144,M,FEMENINO,1,575000
2022,6,30,9,144,M,MASCULINO,2,2920000
2022,6,30,9,145,M,FEMENINO,1,500000
2022,6,30,9,145,M,MASCULINO,4,9750000
2022,6,30,9,146,M,FEMENINO,4,8400000
2022,6,30,9,146,M,MASCULINO,4,6500000
2022,6,30,9,147,M,FEMENINO,1,1000000
2022,6,30,9,147,M,MASCULINO,3,7000000
2022,6,30,9,148,M,FEMENINO,3,5300000
2022,6,30,9,148,M,MASCULINO,9,23000000
2022,6,30,9,149,M,FEMENINO,4,13050000
2022,6,30,9,149,M,MASCULINO,4,13050000
2022,6,30,9,150,M,MASCULINO,1,2806000
2022,6,30,9,252,M,MASCULINO,2,2700000
2022,6,30,10,151,A,MASCULINO,1,11400000
2022,6,30,10,151,B,FEMENINO,26,113610000
2022,6,30,10,151,B,MASCULINO,32,167859167
2022,6,30,10,151,C,FEMENINO,91,316972001
2022,6,30,10,151,C,MASCULINO,100,331392250
2022,6,30,10,151,E,FEMENINO,3,7435000
2022,6,30,10,151,E,MASCULINO,9,20438500
2022,6,30,10,151,F,FEMENINO,11,25706000
2022,6,30,10,151,F,MASCULINO,23,48113500
2022,6,30,10,151,G,FEMENINO,6,15770500
2022,6,30,10,151,G,MASCULINO,13,31261000
2022,6,30,10,152,B,FEMENINO,1,1890000
2022,6,30,10,152,B,MASCULINO,4,14800000
2022,6,30,10,152,D,FEMENINO,9,21180000
2022,6,30,10,152,D,MASCULINO,10,26480000
2022,6,30,10,152,E,MASCULINO,2,4140000
2022,6,30,10,152,F,FEMENINO,9,19260000
2022,6,30,10,152,F,MASCULINO,9,18540000
2022,6,30,10,152,G,FEMENINO,11,19260000
2022,6,30,10,152,G,MASCULINO,21,67140000
2022,6,30,10,152,H,FEMENINO,2,3780000
2022,6,30,10,152,H,MASCULINO,2,5400000
2022,6,30,10,152,P,FEMENINO,1,1700000
2022,6,30,10,153,M,FEMENINO,4,8300000
2022,6,30,10,153,M,MASCULINO,9,27500000
2022,6,30,10,154,M,FEMENINO,3,7100000
2022,6,30,10,154,M,MASCULINO,4,18500000
2022,6,30,10,155,A,MASCULINO,1,22240550
2022,6,30,10,155,B,FEMENINO,9,31857500
2022,6,30,10,155,B,MASCULINO,13,46534812
2022,6,30,10,155,D,FEMENINO,17,35928576
2022,6,30,10,155,D,MASCULINO,5,9852750
2022,6,30,10,155,E,FEMENINO,4,8181604
2022,6,30,10,155,E,MASCULINO,10,21125814
2022,6,30,10,155,F,MASCULINO,2,3531867
2022,6,30,10,155,G,FEMENINO,14,37791028
2022,6,30,10,155,G,MASCULINO,20,54519502
2022,6,30,10,155,L,FEMENINO,1,2208690
2022,6,30,10,155,L,MASCULINO,2,4007070
2022,6,30,10,155,O,FEMENINO,1,3780000
2022,6,30,10,156,M,FEMENINO,6,29199481
2022,6,30,10,156,M,MASCULINO,3,8555980
2022,6,30,10,157,M,FEMENINO,4,7150000
2022,6,30,10,157,M,MASCULINO,10,28070000
2022,6,30,10,158,M,FEMENINO,4,5950000
2022,6,30,10,158,M,MASCULINO,2,6700000
2022,6,30,10,159,M,FEMENINO,3,7544409
2022,6,30,10,159,M,MASCULINO,6,22064467
2022,6,30,10,160,M,FEMENINO,7,14431141
2022,6,30,10,160,M,MASCULINO,6,21776871
2022,6,30,10,161,M,FEMENINO,4,8230000
2022,6,30,10,161,M,MASCULINO,9,25986667
2022,6,30,10,162,M,FEMENINO,32,79606880
2022,6,30,10,162,M,MASCULINO,46,117040024
2022,6,30,10,163,M,FEMENINO,3,10300000
2022,6,30,10,163,M,MASCULINO,2,16500000
2022,6,30,10,164,A,MASCULINO,1,10464574
2022,6,30,10,164,B,FEMENINO,6,29995835
2022,6,30,10,164,B,MASCULINO,4,16247220
2022,6,30,10,164,C,FEMENINO,7,31047584
2022,6,30,10,164,C,MASCULINO,6,26608538
2022,6,30,10,164,D,FEMENINO,6,24763538
2022,6,30,10,164,D,MASCULINO,4,15326471
2022,6,30,10,164,F,FEMENINO,7,18692381
2022,6,30,10,164,F,MASCULINO,4,12904768
2022,6,30,10,164,G,FEMENINO,14,36789211
2022,6,30,10,164,G,MASCULINO,48,134786304
2022,6,30,10,165,A,MASCULINO,1,15400000
2022,6,30,10,165,C,FEMENINO,3,10950000
2022,6,30,10,165,C,MASCULINO,2,9950000
2022,6,30,10,165,D,FEMENINO,1,5050000
2022,6,30,10,165,G,MASCULINO,1,4900000
2022,6,30,10,166,M,FEMENINO,7,18888030
2022,6,30,10,166,M,MASCULINO,4,9147600
2022,6,30,10,167,M,FEMENINO,5,8100000
2022,6,30,10,167,M,MASCULINO,6,31160000
2022,6,30,10,168,M,FEMENINO,6,31870829
2022,6,30,10,168,M,MASCULINO,2,5149820
2022,6,30,10,169,M,FEMENINO,6,14748335
2022,6,30,10,169,M,MASCULINO,8,34530000
2022,6,30,10,170,M,FEMENINO,7,18538333
2022,6,30,10,170,M,MASCULINO,7,41869891
2022,6,30,10,240,M,FEMENINO,5,10470000
2022,6,30,10,240,M,MASCULINO,4,13800000
2022,6,30,10,246,M,FEMENINO,1,1980000
2022,6,30,10,246,M,MASCULINO,8,20610000
2022,6,30,11,171,M,FEMENINO,8,12365495
2022,6,30,11,171,M,MASCULINO,16,42381703
2022,6,30,11,172,M,FEMENINO,49,105756455
2022,6,30,11,172,M,MASCULINO,78,203688216
2022,6,30,11,173,A,MASCULINO,1,17197640
2022,6,30,11,173,B,FEMENINO,6,25685251
2022,6,30,11,173,B,MASCULINO,9,41735775
2022,6,30,11,173,C,FEMENINO,10,34012475
2022,6,30,11,173,C,MASCULINO,19,62403300
2022,6,30,11,173,D,FEMENINO,25,72375982
2022,6,30,11,173,D,MASCULINO,47,133118545
2022,6,30,11,173,E,FEMENINO,68,129868015
2022,6,30,11,173,E,MASCULINO,68,148041608
2022,6,30,11,173,F,FEMENINO,12,22317932
2022,6,30,11,173,F,MASCULINO,10,21536321
2022,6,30,11,173,G,FEMENINO,54,99409381
2022,6,30,11,173,G,MASCULINO,52,98040089
2022,6,30,11,174,M,FEMENINO,13,30348334
2022,6,30,11,174,M,MASCULINO,8,31286667
2022,6,30,11,175,M,FEMENINO,2,4300000
2022,6,30,11,175,M,MASCULINO,2,12100000
2022,6,30,11,176,M,FEMENINO,12,29440070
2022,6,30,11,176,M,MASCULINO,21,63704700
2022,6,30,11,177,B,MASCULINO,1,7840800
2022,6,30,11,177,M,FEMENINO,106,276247328
2022,6,30,11,177,M,MASCULINO,137,386845141
2022,6,30,11,178,M,FEMENINO,48,116666720
2022,6,30,11,178,M,MASCULINO,71,173294550
2022,6,30,11,179,M,FEMENINO,75,198842520
2022,6,30,11,179,M,MASCULINO,100,343193152
2022,6,30,11,180,1,FEMENINO,54,104341300
2022,6,30,11,180,1,MASCULINO,61,122044500
2022,6,30,11,180,2,MASCULINO,1,2100000
2022,6,30,11,180,C,FEMENINO,2,7605600
2022,6,30,11,180,C,MASCULINO,2,5814000
2022,6,30,11,180,D,FEMENINO,18,41355546
2022,6,30,11,180,D,MASCULINO,7,17703938
2022,6,30,11,180,E,FEMENINO,15,31514626
2022,6,30,11,180,E,MASCULINO,6,12032300
2022,6,30,11,180,F,FEMENINO,1,1829200
2022,6,30,11,180,F,MASCULINO,2,3446464
2022,6,30,11,180,G,FEMENINO,6,11555632
2022,6,30,11,180,G,MASCULINO,5,9064696
2022,6,30,11,180,Q,FEMENINO,2,6000000
2022,6,30,11,180,Q,MASCULINO,1,3000000
2022,6,30,11,180,S,FEMENINO,23,52033100
2022,6,30,11,180,S,MASCULINO,14,34193155
2022,6,30,11,180,U,FEMENINO,2,6000000
2022,6,30,11,180,X,FEMENINO,1,15000000
2022,6,30,11,181,M,FEMENINO,1,1016400
2022,6,30,11,181,M,MASCULINO,3,8595540
2022,6,30,11,182,M,FEMENINO,12,68556949
2022,6,30,11,182,M,MASCULINO,42,334088391
2022,6,30,11,183,C,MASCULINO,1,8330100
2022,6,30,11,183,M,FEMENINO,4,11638117
2022,6,30,11,183,M,MASCULINO,8,18953748
2022,6,30,11,184,M,FEMENINO,219,498030376
2022,6,30,11,184,M,MASCULINO,277,682235008
2022,6,30,11,185,M,FEMENINO,66,156480459
2022,6,30,11,185,M,MASCULINO,44,111730884
2022,6,30,11,186,A,MASCULINO,1,22000000
2022,6,30,11,186,M,FEMENINO,19,68597922
2022,6,30,11,186,M,MASCULINO,17,60556200
2022,6,30,11,187,M,FEMENINO,15,31464134
2022,6,30,11,187,M,MASCULINO,20,47350498
2022,6,30,11,188,M,MASCULINO,2,10823333
2022,6,30,11,189,M,MASCULINO,5,14100000
2022,6,30,12,191,M,FEMENINO,5,5040000
2022,6,30,12,191,M,MASCULINO,11,3645000
2022,6,30,12,192,M,FEMENINO,3,4392000
2022,6,30,12,192,M,MASCULINO,2,2610000
2022,6,30,12,193,M,FEMENINO,2,990000
2022,6,30,12,193,M,MASCULINO,1,1250000
2022,6,30,12,194,M,FEMENINO,2,1935000
2022,6,30,12,194,M,MASCULINO,3,3055800
2022,6,30,12,195,M,FEMENINO,5,8000000
2022,6,30,12,195,M,MASCULINO,2,4000000
2022,6,30,12,196,M,MASCULINO,3,4000000
2022,6,30,12,197,M,FEMENINO,2,4300000
2022,6,30,12,197,M,MASCULINO,2,7000000
2022,6,30,12,199,M,FEMENINO,4,2790000
2022,6,30,12,199,M,MASCULINO,3,2570000
2022,6,30,12,200,M,MASCULINO,1,1000000
2022,6,30,12,201,M,FEMENINO,2,2700000
2022,6,30,12,201,M,MASCULINO,2,3100000
2022,6,30,12,202,M,FEMENINO,5,4450000
2022,6,30,12,202,M,MASCULINO,4,3590000
2022,6,30,12,203,M,FEMENINO,3,5275000
2022,6,30,12,203,M,MASCULINO,4,12739000
2022,6,30,12,204,M,FEMENINO,2,4780000
2022,6,30,12,204,M,MASCULINO,1,2160000
2022,6,30,12,205,M,FEMENINO,3,2800000
2022,6,30,12,205,M,MASCULINO,3,2440000
2022,6,30,13,206,M,FEMENINO,36,159443290
2022,6,30,13,206,M,MASCULINO,57,233373320
2022,6,30,13,207,M,FEMENINO,5,6538500
2022,6,30,13,207,M,MASCULINO,9,22388500
2022,6,30,13,208,M,FEMENINO,12,28251549
2022,6,30,13,208,M,MASCULINO,20,65287042
2022,6,30,13,242,M,FEMENINO,3,6900000
2022,6,30,13,242,M,MASCULINO,4,13000000
2022,6,30,13,250,M,MASCULINO,1,4000000
2022,6,30,13,259,M,FEMENINO,1,1363636
2022,6,30,13,259,M,MASCULINO,4,6181818
2022,6,30,14,209,M,FEMENINO,5,11997111
2022,6,30,14,209,M,MASCULINO,10,42528000
2022,6,30,14,210,M,FEMENINO,1,1800000
2022,6,30,14,210,M,MASCULINO,3,8850000
2022,6,30,14,211,M,FEMENINO,3,11138333
2022,6,30,14,211,M,MASCULINO,6,22816860
2022,6,30,14,212,M,MASCULINO,3,6620000
2022,6,30,14,213,M,FEMENINO,3,5150000
2022,6,30,14,213,M,MASCULINO,6,16100000
2022,6,30,14,214,M,MASCULINO,3,7745000
2022,6,30,14,215,M,MASCULINO,3,13400000
2022,6,30,14,216,M,FEMENINO,4,8431176
2022,6,30,14,216,M,MASCULINO,7,27110392
2022,6,30,14,217,M,FEMENINO,6,17145000
2022,6,30,14,217,M,MASCULINO,3,26010000
2022,6,30,14,218,M,FEMENINO,8,20700000
2022,6,30,14,218,M,MASCULINO,5,21722836
2022,6,30,14,219,C,MASCULINO,2,5600000
2022,6,30,14,219,D,FEMENINO,8,18635000
2022,6,30,14,219,D,MASCULINO,3,10350000
2022,6,30,14,219,F,FEMENINO,1,1727250
2022,6,30,14,244,M,FEMENINO,1,2500000
2022,6,30,14,244,M,MASCULINO,5,12500000
2022,6,30,14,247,M,FEMENINO,1,1300000
2022,6,30,14,247,M,MASCULINO,3,7000000
2022,6,30,14,255,M,FEMENINO,1,1800000
2022,6,30,14,255,M,MASCULINO,4,14000000
2022,6,30,14,256,M,FEMENINO,1,2500000
2022,6,30,14,256,M,MASCULINO,2,7500000
2022,6,30,15,220,M,FEMENINO,9,26100000
2022,6,30,15,220,M,MASCULINO,10,49300000
2022,6,30,15,221,M,FEMENINO,3,4074399
2022,6,30,15,221,M,MASCULINO,2,10253700
2022,6,30,15,222,M,FEMENINO,44,111072718
2022,6,30,15,222,M,MASCULINO,41,117203076
2022,6,30,15,223,M,FEMENINO,1,2250000
2022,6,30,15,223,M,MASCULINO,3,5750000
2022,6,30,15,224,M,FEMENINO,17,43797021
2022,6,30,15,224,M,MASCULINO,11,17632221
2022,6,30,15,229,M,FEMENINO,2,5250000
2022,6,30,15,229,M,MASCULINO,6,29113063
2022,6,30,15,232,M,FEMENINO,2,4050000
2022,6,30,15,232,M,MASCULINO,2,12000000
2022,6,30,15,233,M,FEMENINO,1,2000000
2022,6,30,15,233,M,MASCULINO,5,8000000
2022,6,30,15,258,M,MASCULINO,3,10289324
2022,6,30,16,228,M,FEMENINO,5,34700000
2022,6,30,16,228,M,MASCULINO,16,152290000
2022,6,30,16,230,M,FEMENINO,1,9800000
2022,6,30,16,230,M,MASCULINO,4,40050000
2022,6,30,16,231,M,FEMENINO,1,4150000
2022,6,30,16,231,M,MASCULINO,4,43285390
2022,6,30,16,261,M,MASCULINO,1,10000000
2022,6,30,17,225,M,FEMENINO,1,3500000
2022,6,30,17,225,M,MASCULINO,4,21000000
2022,6,30,17,226,M,FEMENINO,2,2400000
2022,6,30,17,226,M,MASCULINO,15,50664465
2022,6,30,17,227,M,FEMENINO,7,11970000
2022,6,30,17,227,M,MASCULINO,9,23140000
2022,6,30,17,235,M,FEMENINO,1,4500000
2022,6,30,17,235,M,MASCULINO,3,12458960
2022,6,40,1,1,C,FEMENINO,1148,3609865545
2022,6,40,1,1,C,MASCULINO,2391,7902064709
2022,6,40,1,1,S,MASCULINO,1,0
2022,6,40,2,1,B,FEMENINO,22,293846000
2022,6,40,2,1,B,MASCULINO,39,518727000
2022,6,40,2,1,C,FEMENINO,46,416078000
2022,6,40,2,1,C,MASCULINO,102,926336000
2022,6,40,2,1,D,FEMENINO,77,549649000
2022,6,40,2,1,D,MASCULINO,149,1068755000
2022,6,40,2,1,E,FEMENINO,31,179530000
2022,6,40,2,1,E,MASCULINO,63,349321000
2022,6,40,2,1,F,FEMENINO,108,463721000
2022,6,40,2,1,F,MASCULINO,289,1221746267
2022,6,40,2,1,G,FEMENINO,48,164595000
2022,6,40,2,1,G,MASCULINO,471,1592572000
2022,6,40,2,1,H,FEMENINO,90,270796000
2022,6,40,2,1,H,MASCULINO,368,1123583864
2022,6,40,2,1,I,FEMENINO,33,76735000
2022,6,40,2,1,I,MASCULINO,53,125928000
2022,6,40,3,1,0,FEMENINO,52,133975476
2022,6,40,3,1,0,MASCULINO,100,227154209
2022,6,40,3,1,C,MASCULINO,2,2730000
2023,6,11,1,1,A,FEMENINO,12,108800000
2023,6,11,1,1,A,MASCULINO,13,154700000
2023,6,11,1,1,B,FEMENINO,36,517200000
2023,6,11,1,1,B,MASCULINO,42,581800000
2023,6,11,1,1,C,FEMENINO,75,653900000
2023,6,11,1,1,C,MASCULINO,63,557100000
2023,6,11,1,1,D,FEMENINO,46,332140000
2023,6,11,1,1,D,MASCULINO,78,534050000
2023,6,11,1,1,E,FEMENINO,3,23700000
2023,6,11,1,1,E,MASCULINO,3,23200000
2023,6,11,1,1,F,FEMENINO,73,349600000
2023,6,11,1,1,F,MASCULINO,129,593600000
2023,6,11,2,1,A,FEMENINO,20,208300000
2023,6,11,2,1,A,MASCULINO,31,325532000
2023,6,11,2,1,B,FEMENINO,87,1252000000
2023,6,11,2,1,B,MASCULINO,83,1144300000
2023,6,11,2,1,C,FEMENINO,113,1085620000
2023,6,11,2,1,C,MASCULINO,122,1129610000
2023,6,11,2,1,D,FEMENINO,63,461540000
2023,6,11,2,1,D,MASCULINO,87,584050000
2023,6,11,2,1,E,FEMENINO,1,8000000
2023,6,11,2,1,E,MASCULINO,1,3700000
2023,6,11,2,1,F,FEMENINO,52,237100000
2023,6,11,2,1,F,MASCULINO,87,414500000
2023,6,11,3,1,A,FEMENINO,184,1550400000
2023,6,11,3,1,A,MASCULINO,247,2205600000
2023,6,11,3,1,B,FEMENINO,58,892300000
2023,6,11,3,1,B,MASCULINO,59,922400000
2023,6,11,3,1,C,FEMENINO,114,945133200
2023,6,11,3,1,C,MASCULINO,116,985544800
2023,6,11,3,1,D,FEMENINO,148,986051107
2023,6,11,3,1,D,MASCULINO,166,1118949600
2023,6,11,3,1,E,FEMENINO,29,111900000
2023,6,11,3,1,E,MASCULINO,42,168709307
2023,6,11,3,1,F,FEMENINO,112,394901228
2023,6,11,3,1,F,MASCULINO,106,365752149
2023,6,11,3,1,G,FEMENINO,1,2550307
2023,6,11,3,1,G,MASCULINO,3,10342200
2023,6,12,1,1,A,FEMENINO,4,60700000
2023,6,12,1,1,A,MASCULINO,8,160500000
2023,6,12,1,1,B,FEMENINO,10,130000000
2023,6,12,1,1,B,MASCULINO,2,26000000
2023,6,12,1,1,C,FEMENINO,17,125300000
2023,6,12,1,1,C,MASCULINO,25,187200000
2023,6,12,1,1,D,FEMENINO,16,72900000
2023,6,12,1,1,D,MASCULINO,11,49200000
2023,6,12,1,1,E,FEMENINO,9,30950307
2023,6,12,1,1,E,MASCULINO,11,37000614
2023,6,12,1,1,F,FEMENINO,3,7650921
2023,6,12,1,1,F,MASCULINO,4,10201228
2023,6,12,1,1,G,FEMENINO,24,67753377
2023,6,12,1,1,G,MASCULINO,37,110353991
2023,6,12,1,2,A,MASCULINO,1,22000000
2023,6,12,1,2,C,FEMENINO,1,6000000
2023,6,12,1,2,C,MASCULINO,2,16300000
2023,6,12,1,2,D,FEMENINO,5,25100000
2023,6,12,1,2,E,FEMENINO,1,2550307
2023,6,12,1,2,E,MASCULINO,4,11750307
2023,6,12,1,2,G,FEMENINO,3,8900000
2023,6,12,1,2,G,MASCULINO,4,11000000
2023,6,12,1,5,A,FEMENINO,3,41600000
2023,6,12,1,5,B,FEMENINO,18,173400000
2023,6,12,1,5,B,MASCULINO,11,113000000
2023,6,12,1,5,C,FEMENINO,20,108800000
2023,6,12,1,5,C,MASCULINO,20,107500000
2023,6,12,1,5,D,FEMENINO,9,37300000
2023,6,12,1,5,D,MASCULINO,9,37700000
2023,6,12,1,5,E,FEMENINO,1,3200000
2023,6,12,1,5,E,MASCULINO,1,3200000
2023,6,12,1,5,F,FEMENINO,4,12300000
2023,6,12,1,5,F,MASCULINO,11,32408000
2023,6,12,1,5,G,MASCULINO,3,10500000
2023,6,12,1,6,A,FEMENINO,1,22000000
2023,6,12,1,6,B,FEMENINO,18,206700000
2023,6,12,1,6,B,MASCULINO,9,99500000
2023,6,12,1,6,C,FEMENINO,25,196300000
2023,6,12,1,6,C,MASCULINO,11,96800000
2023,6,12,1,6,D,FEMENINO,2,9700000
2023,6,12,1,6,D,MASCULINO,5,23400000
2023,6,12,1,6,E,MASCULINO,2,7000000
2023,6,12,1,11,A,FEMENINO,1,22000000
2023,6,12,1,11,A,MASCULINO,2,30000000
2023,6,12,1,11,B,FEMENINO,15,138500000
2023,6,12,1,11,B,MASCULINO,17,151800000
2023,6,12,1,11,C,FEMENINO,29,167600000
2023,6,12,1,11,C,MASCULINO,20,113000000
2023,6,12,1,11,D,FEMENINO,16,68200000
2023,6,12,1,11,D,MASCULINO,14,61400000
2023,6,12,1,11,E,FEMENINO,16,49700000
2023,6,12,1,11,E,MASCULINO,24,76100000
2023,6,12,1,11,F,FEMENINO,2,5200000
2023,6,12,1,11,F,MASCULINO,2,5200000
2023,6,12,1,11,G,FEMENINO,1,2900000
2023,6,12,1,11,G,MASCULINO,1,2900000
2023,6,12,1,11,K,FEMENINO,54,302900000
2023,6,12,1,11,K,MASCULINO,214,1373100000
2023,6,12,1,12,A,MASCULINO,1,22000000
2023,6,12,1,12,B,FEMENINO,1,9400000
2023,6,12,1,12,B,MASCULINO,9,84600000
2023,6,12,1,14,A,FEMENINO,2,19000000
2023,6,12,1,14,A,MASCULINO,2,31500000
2023,6,12,1,14,B,FEMENINO,14,151400000
2023,6,12,1,14,B,MASCULINO,16,173800000
2023,6,12,1,14,C,FEMENINO,14,89200000
2023,6,12,1,14,C,MASCULINO,12,76900000
2023,6,12,1,14,D,FEMENINO,3,13100000
2023,6,12,1,14,D,MASCULINO,6,26900000
2023,6,12,1,14,E,FEMENINO,4,11100614
2023,6,12,1,14,E,MASCULINO,5,14250921
2023,6,12,1,15,A,FEMENINO,14,128000000
2023,6,12,1,15,A,MASCULINO,36,318800000
2023,6,12,1,15,B,FEMENINO,9,81300000
2023,6,12,1,15,B,MASCULINO,6,60200000
2023,6,12,1,15,C,FEMENINO,3,22200000
2023,6,12,1,15,C,MASCULINO,2,14500000
2023,6,12,1,15,D,FEMENINO,20,92200000
2023,6,12,1,15,D,MASCULINO,15,64900000
2023,6,12,1,15,E,FEMENINO,2,6400000
2023,6,12,1,15,E,MASCULINO,4,14200000
2023,6,12,1,15,F,FEMENINO,3,9600000
2023,6,12,1,15,F,MASCULINO,2,7000000
2023,6,12,1,15,G,MASCULINO,1,2550307
2023,6,12,1,17,A,FEMENINO,1,22000000
2023,6,12,1,17,B,FEMENINO,3,21300000
2023,6,12,1,17,B,MASCULINO,7,52400000
2023,6,12,1,17,C,FEMENINO,7,36000000
2023,6,12,1,17,C,MASCULINO,7,36300000
2023,6,12,1,17,D,FEMENINO,7,25550307
2023,6,12,1,17,D,MASCULINO,4,14600000
2023,6,12,1,17,E,FEMENINO,5,14100614
2023,6,12,1,17,E,MASCULINO,7,19001228
2023,6,12,1,17,F,FEMENINO,3,8350307
2023,6,12,1,17,F,MASCULINO,4,10700614
2023,6,12,1,17,G,FEMENINO,4,10250921
2023,6,12,1,17,G,MASCULINO,15,39553991
2023,6,12,1,18,A,FEMENINO,2,32700000
2023,6,12,1,18,A,MASCULINO,1,10700000
2023,6,12,1,18,B,FEMENINO,13,135000000
2023,6,12,1,18,B,MASCULINO,3,31300000
2023,6,12,1,18,C,FEMENINO,47,308300000
2023,6,12,1,18,C,MASCULINO,20,122300000
2023,6,12,1,18,D,FEMENINO,16,59851535
2023,6,12,1,18,D,MASCULINO,5,18350307
2023,6,12,1,18,E,FEMENINO,7,21750307
2023,6,12,1,18,E,MASCULINO,1,3700000
2023,6,12,1,18,F,FEMENINO,15,41752149
2023,6,12,1,18,F,MASCULINO,34,88109210
2023,6,12,1,18,G,FEMENINO,1,4400000
2023,6,12,1,20,A,MASCULINO,1,22000000
2023,6,12,1,20,B,FEMENINO,12,125700000
2023,6,12,1,20,B,MASCULINO,13,139200000
2023,6,12,1,20,C,FEMENINO,16,128600000
2023,6,12,1,20,C,MASCULINO,17,135700000
2023,6,12,1,20,D,MASCULINO,1,4200000
2023,6,12,1,20,G,FEMENINO,1,2550307
2023,6,12,1,20,G,MASCULINO,3,7650921
2023,6,12,1,21,A,MASCULINO,3,37900000
2023,6,12,1,21,B,FEMENINO,9,85700000
2023,6,12,1,21,B,MASCULINO,16,141500000
2023,6,12,1,21,C,FEMENINO,25,139500000
2023,6,12,1,21,C,MASCULINO,19,109000000
2023,6,12,1,21,D,FEMENINO,18,71200614
2023,6,12,1,21,D,MASCULINO,7,31100000
2023,6,12,1,21,E,FEMENINO,9,32200000
2023,6,12,1,21,E,MASCULINO,10,32100000
2023,6,12,1,21,F,FEMENINO,25,63757675
2023,6,12,1,21,F,MASCULINO,16,40804912
2023,6,12,1,21,G,FEMENINO,6,15450921
2023,6,12,1,21,G,MASCULINO,5,13450921
2023,6,12,1,23,A,MASCULINO,1,13199994
2023,6,12,1,23,B,FEMENINO,2,22400000
2023,6,12,1,23,B,MASCULINO,6,67200000
2023,6,12,1,23,C,FEMENINO,8,53600000
2023,6,12,1,23,C,MASCULINO,22,161800000
2023,6,12,1,23,D,FEMENINO,6,29000000
2023,6,12,1,23,D,MASCULINO,4,20000000
2023,6,12,1,23,E,MASCULINO,2,5550307
2023,6,12,1,23,F,FEMENINO,3,10400000
2023,6,12,1,23,F,MASCULINO,2,5800000
2023,6,12,1,23,G,FEMENINO,6,18550307
2023,6,12,1,23,G,MASCULINO,14,42201228
2023,6,12,1,29,A,FEMENINO,1,22000000
2023,6,12,1,29,B,FEMENINO,2,17600000
2023,6,12,1,29,B,MASCULINO,2,12000000
2023,6,12,1,29,C,FEMENINO,5,24000000
2023,6,12,1,29,C,MASCULINO,3,15000000
2023,6,12,1,29,D,FEMENINO,5,19760000
2023,6,12,1,29,D,MASCULINO,7,27980000
2023,6,12,1,29,E,FEMENINO,1,3000000
2023,6,12,1,29,E,MASCULINO,1,3600000
2023,6,12,1,29,G,FEMENINO,3,7650921
2023,6,12,1,29,G,MASCULINO,3,7650921
2023,6,12,1,30,A,FEMENINO,3,32400000
2023,6,12,1,30,B,FEMENINO,6,67800000
2023,6,12,1,30,B,MASCULINO,3,33900000
2023,6,12,1,30,C,FEMENINO,14,85300000
2023,6,12,1,30,C,MASCULINO,19,136100000
2023,6,12,1,30,D,FEMENINO,18,74550307
2023,6,12,1,30,D,MASCULINO,11,47700000
2023,6,12,1,30,E,FEMENINO,26,77201842
2023,6,12,1,30,E,MASCULINO,25,81751535
2023,6,12,1,30,F,FEMENINO,14,44200000
2023,6,12,1,30,F,MASCULINO,15,48500000
2023,6,12,1,30,G,FEMENINO,14,40202456
2023,6,12,1,30,G,MASCULINO,35,97006754
2023,6,12,1,30,L,FEMENINO,2,4005400
2023,6,12,1,30,S,FEMENINO,120,494109521
2023,6,12,1,30,S,MASCULINO,42,186550307
2023,6,12,1,30,Z,FEMENINO,5,7949152
2023,6,12,1,36,A,FEMENINO,2,24400000
2023,6,12,1,36,A,MASCULINO,2,31400000
2023,6,12,1,36,B,FEMENINO,5,58200000
2023,6,12,1,36,B,MASCULINO,7,73600000
2023,6,12,1,36,C,FEMENINO,16,115800000
2023,6,12,1,36,C,MASCULINO,14,103300000
2023,6,12,1,36,D,FEMENINO,9,40300000
2023,6,12,1,36,D,MASCULINO,6,26400000
2023,6,12,1,36,E,FEMENINO,2,5350307
2023,6,12,1,36,E,MASCULINO,6,20500000
2023,6,12,1,36,G,FEMENINO,1,2900000
2023,6,12,1,36,G,MASCULINO,1,2550307
2023,6,12,1,38,B,FEMENINO,16,141600000
2023,6,12,1,38,B,MASCULINO,4,35700000
2023,6,12,1,38,C,FEMENINO,4,26400000
2023,6,12,1,38,C,MASCULINO,6,39600000
2023,6,12,1,38,D,MASCULINO,3,15800000
2023,6,12,1,38,G,FEMENINO,1,2550307
2023,6,12,1,38,G,MASCULINO,1,2550307
2023,6,12,1,40,A,FEMENINO,1,22000000
2023,6,12,1,40,B,FEMENINO,6,46500000
2023,6,12,1,40,B,MASCULINO,1,5500000
2023,6,12,1,40,C,FEMENINO,2,12500000
2023,6,12,1,40,C,MASCULINO,6,33000000
2023,6,12,1,40,D,FEMENINO,2,8800000
2023,6,12,1,40,D,MASCULINO,3,14400000
2023,6,12,1,40,E,FEMENINO,1,2550307
2023,6,12,1,40,F,FEMENINO,3,7700614
2023,6,12,1,40,F,MASCULINO,3,7700614
2023,6,12,1,40,G,MASCULINO,1,2550307
2023,6,12,1,50,A,MASCULINO,1,22000000
2023,6,12,1,50,B,FEMENINO,4,38000000
2023,6,12,1,50,B,MASCULINO,9,78200000
2023,6,12,1,50,C,FEMENINO,2,13300000
2023,6,12,1,50,D,MASCULINO,1,5000000
2023,6,12,1,51,A,MASCULINO,1,22000000
2023,6,12,1,51,B,FEMENINO,4,26500000
2023,6,12,1,51,B,MASCULINO,5,41000000
2023,6,12,1,51,C,FEMENINO,1,6000000
2023,6,12,1,51,D,FEMENINO,1,3900000
2023,6,12,1,51,D,MASCULINO,1,2900000
2023,6,12,1,51,E,FEMENINO,1,2800000
2023,6,12,1,51,E,MASCULINO,2,5350307
2023,6,12,1,51,G,FEMENINO,3,7650921
2023,6,12,1,51,G,MASCULINO,1,2550307
2023,6,12,1,53,A,MASCULINO,1,22000000
2023,6,12,1,53,B,FEMENINO,4,50300000
2023,6,12,1,53,B,MASCULINO,2,22600000
2023,6,12,1,53,C,FEMENINO,1,7600000
2023,6,12,1,53,C,MASCULINO,2,15200000
2023,6,12,1,53,D,FEMENINO,1,5100000
2023,6,12,1,53,D,MASCULINO,1,5100000
2023,6,12,1,54,A,FEMENINO,1,22000000
2023,6,12,1,54,A,MASCULINO,1,15000000
2023,6,12,1,54,B,FEMENINO,2,21000000
2023,6,12,1,54,B,MASCULINO,4,49900000
2023,6,12,1,54,C,FEMENINO,1,9500000
2023,6,12,1,54,C,MASCULINO,1,9500000
2023,6,12,1,55,A,FEMENINO,1,7800000
2023,6,12,1,55,C,MASCULINO,2,15300000
2023,6,12,1,55,D,MASCULINO,1,3600000
2023,6,12,1,55,G,FEMENINO,1,3500000
2023,6,12,1,55,G,MASCULINO,1,3500000
2023,6,12,1,56,B,FEMENINO,4,43100000
2023,6,12,1,56,B,MASCULINO,1,9400000
2023,6,12,1,56,C,FEMENINO,3,22900000
2023,6,12,1,56,C,MASCULINO,2,15300000
2023,6,12,2,1,A,MASCULINO,3,55500000
2023,6,12,2,1,B,FEMENINO,7,77000000
2023,6,12,2,1,B,MASCULINO,7,77000000
2023,6,12,2,1,C,FEMENINO,7,50600000
2023,6,12,2,1,C,MASCULINO,4,29000000
2023,6,12,2,1,D,FEMENINO,4,19900000
2023,6,12,2,1,D,MASCULINO,5,28376000
2023,6,12,2,1,E,FEMENINO,3,11600000
2023,6,12,2,1,E,MASCULINO,2,8600000
2023,6,12,2,1,F,FEMENINO,3,10000000
2023,6,12,2,1,F,MASCULINO,5,20400000
2023,6,12,2,1,G,FEMENINO,6,18200614
2023,6,12,2,1,G,MASCULINO,13,39750921
2023,6,12,3,1,A,MASCULINO,3,52000000
2023,6,12,3,1,B,FEMENINO,8,91600000
2023,6,12,3,1,B,MASCULINO,15,176900000
2023,6,12,3,1,C,FEMENINO,24,193100000
2023,6,12,3,1,C,MASCULINO,22,171400000
2023,6,12,3,1,D,FEMENINO,30,142500000
2023,6,12,3,1,D,MASCULINO,42,209246667
2023,6,12,3,1,E,FEMENINO,13,41950307
2023,6,12,3,1,E,MASCULINO,26,88250307
2023,6,12,3,1,F,FEMENINO,9,27550307
2023,6,12,3,1,F,MASCULINO,15,47700000
2023,6,12,3,1,G,FEMENINO,6,17800000
2023,6,12,3,1,G,MASCULINO,24,71701228
2023,6,12,3,2,D,FEMENINO,7,26800000
2023,6,12,3,2,D,MASCULINO,1,3700000
2023,6,12,3,2,E,FEMENINO,409,1156988375
2023,6,12,3,2,E,MASCULINO,202,571315964
2023,6,12,3,2,G,FEMENINO,484,1264038109
2023,6,12,3,2,G,MASCULINO,208,547583463
2023,6,12,3,2,L,FEMENINO,121,127925160
2023,6,12,3,2,L,MASCULINO,222,213591840
2023,6,12,3,2,P,FEMENINO,3941,19909012513
2023,6,12,3,2,P,MASCULINO,22813,131161371376
2023,6,12,3,2,S,FEMENINO,69,241160300
2023,6,12,3,2,S,MASCULINO,23,82864807
2023,6,12,3,2,Y,FEMENINO,524,246095170
2023,6,12,3,2,Y,MASCULINO,2099,938041124
2023,6,12,3,2,Z,FEMENINO,7,3655400
2023,6,12,3,2,Z,MASCULINO,12,5987800
2023,6,12,4,1,A,MASCULINO,4,67000000
2023,6,12,4,1,B,FEMENINO,107,1120500000
2023,6,12,4,1,B,MASCULINO,147,1572000000
2023,6,12,4,1,C,FEMENINO,13,94700000
2023,6,12,4,1,C,MASCULINO,18,126800000
2023,6,12,4,1,D,FEMENINO,49,199564007
2023,6,12,4,1,D,MASCULINO,39,162400614
2023,6,12,4,1,E,FEMENINO,39,121655833
2023,6,12,4,1,E,MASCULINO,64,189411052
2023,6,12,4,1,F,FEMENINO,10,32100000
2023,6,12,4,1,F,MASCULINO,13,41500000
2023,6,12,4,1,G,FEMENINO,11,35851535
2023,6,12,4,1,G,MASCULINO,30,92004912
2023,6,12,5,1,A,FEMENINO,1,15000000
2023,6,12,5,1,A,MASCULINO,8,85100000
2023,6,12,5,1,B,FEMENINO,21,149100000
2023,6,12,5,1,B,MASCULINO,24,180300000
2023,6,12,5,1,D,FEMENINO,128,474700000
2023,6,12,5,1,D,MASCULINO,119,441500000
2023,6,12,5,1,E,FEMENINO,241,772350307
2023,6,12,5,1,E,MASCULINO,438,1397300000
2023,6,12,5,1,F,FEMENINO,41,134900000
2023,6,12,5,1,F,MASCULINO,89,294300000
2023,6,12,5,1,G,FEMENINO,273,710450921
2023,6,12,5,1,G,MASCULINO,498,1296200614
2023,6,12,5,1,M,FEMENINO,1467,8017509981
2023,6,12,5,1,M,MASCULINO,14128,73551574416
2023,6,12,5,1,S,FEMENINO,99,323973800
2023,6,12,5,1,S,MASCULINO,12,43619800
2023,6,12,5,1,Y,FEMENINO,161,77434079
2023,6,12,5,1,Y,MASCULINO,3979,1222315858
2023,6,12,5,1,Z,FEMENINO,115,168849698
2023,6,12,5,1,Z,MASCULINO,357,392373473
2023,6,12,6,1,A,MASCULINO,4,67000000
2023,6,12,6,1,B,FEMENINO,14,182000000
2023,6,12,6,1,B,MASCULINO,21,273000000
2023,6,12,6,1,C,FEMENINO,235,1901700000
2023,6,12,6,1,C,MASCULINO,254,2222000000
2023,6,12,6,1,D,FEMENINO,406,1911500614
2023,6,12,6,1,D,MASCULINO,563,2583743640
2023,6,12,6,1,E,FEMENINO,57,171946710
2023,6,12,6,1,E,MASCULINO,102,319166710
2023,6,12,6,1,F,FEMENINO,6,18600000
2023,6,12,6,1,F,MASCULINO,20,63000000
2023,6,12,6,1,G,MASCULINO,1,2550307
2023,6,12,7,1,A,FEMENINO,2,15500000
2023,6,12,7,1,A,MASCULINO,4,41500000
2023,6,12,7,1,B,FEMENINO,54,531500000
2023,6,12,7,1,B,MASCULINO,38,374300000
2023,6,12,7,1,C,FEMENINO,47,333400000
2023,6,12,7,1,C,MASCULINO,41,273200000
2023,6,12,7,1,D,FEMENINO,468,1710749411
2023,6,12,7,1,D,MASCULINO,341,1386412894
2023,6,12,7,1,E,FEMENINO,212,651974867
2023,6,12,7,1,E,MASCULINO,207,636373025
2023,6,12,7,1,F,FEMENINO,8,22550921
2023,6,12,7,1,F,MASCULINO,4,12250307
2023,6,12,7,1,G,FEMENINO,1642,4193894884
2023,6,12,7,1,G,MASCULINO,853,2182051740
2023,6,12,7,1,L,FEMENINO,38593,219450898970
2023,6,12,7,1,L,MASCULINO,15048,82368336805
2023,6,12,7,1,Z,FEMENINO,21620,103062872235
2023,6,12,7,1,Z,MASCULINO,12997,63461414337
2023,6,12,8,1,1,FEMENINO,615,3993000000
2023,6,12,8,1,1,MASCULINO,635,4139000000
2023,6,12,8,1,2,FEMENINO,415,5552060000
2023,6,12,8,1,2,MASCULINO,400,5402900000
2023,6,12,8,1,3,FEMENINO,490,8604436000
2023,6,12,8,1,3,MASCULINO,513,9104668000
2023,6,12,8,1,A,FEMENINO,2,26000000
2023,6,12,8,1,A,MASCULINO,2,35000000
2023,6,12,8,1,B,FEMENINO,61,656992000
2023,6,12,8,1,B,MASCULINO,63,672076000
2023,6,12,8,1,C,FEMENINO,327,2540376000
2023,6,12,8,1,C,MASCULINO,276,2189486000
2023,6,12,8,1,D,FEMENINO,808,4215796000
2023,6,12,8,1,D,MASCULINO,892,4886244000
2023,6,12,8,1,E,FEMENINO,234,966510000
2023,6,12,8,1,E,MASCULINO,252,1093640400
2023,6,12,8,1,F,FEMENINO,1299,4351308448
2023,6,12,8,1,F,MASCULINO,1361,4689435862
2023,6,12,8,1,G,FEMENINO,1184,3308070170
2023,6,12,8,1,G,MASCULINO,703,2093276467
2023,6,12,8,1,S,FEMENINO,13727,64107689168
2023,6,12,8,1,S,MASCULINO,3594,17332464337
2023,6,12,9,1,A,FEMENINO,373,1423853991
2023,6,12,9,1,A,MASCULINO,986,3634331710
2023,6,12,9,1,B,FEMENINO,13,109900000
2023,6,12,9,1,B,MASCULINO,29,271400000
2023,6,12,9,1,C,FEMENINO,15,102800000
2023,6,12,9,1,C,MASCULINO,19,162800000
2023,6,12,9,1,D,FEMENINO,109,466400614
2023,6,12,9,1,D,MASCULINO,95,402350921
2023,6,12,9,1,E,FEMENINO,173,459093287
2023,6,12,9,1,E,MASCULINO,186,500091445
2023,6,12,9,1,F,FEMENINO,9,26351535
2023,6,12,9,1,F,MASCULINO,3,10150307
2023,6,12,9,1,G,FEMENINO,78,205722104
2023,6,12,9,1,G,MASCULINO,74,195920876
2023,6,12,9,1,S,FEMENINO,106,447070104
2023,6,12,9,1,S,MASCULINO,55,245686716
2023,6,12,10,1,A,MASCULINO,6,87800000
2023,6,12,10,1,B,FEMENINO,15,146900000
2023,6,12,10,1,B,MASCULINO,20,207700000
2023,6,12,10,1,C,FEMENINO,65,470900000
2023,6,12,10,1,C,MASCULINO,67,497300000
2023,6,12,10,1,D,FEMENINO,294,1240450921
2023,6,12,10,1,D,MASCULINO,393,1667550307
2023,6,12,10,1,E,FEMENINO,74,226506754
2023,6,12,10,1,E,MASCULINO,99,291810438
2023,6,12,10,1,F,FEMENINO,130,382114122
2023,6,12,10,1,F,MASCULINO,216,648867499
2023,6,12,10,1,G,FEMENINO,32,83309210
2023,6,12,10,1,G,MASCULINO,111,292627016
2023,6,12,11,1,A,FEMENINO,1,15000000
2023,6,12,11,1,A,MASCULINO,3,52000000
2023,6,12,11,1,B,FEMENINO,23,213200000
2023,6,12,11,1,B,MASCULINO,40,386500000
2023,6,12,11,1,C,FEMENINO,8,57700000
2023,6,12,11,1,C,MASCULINO,13,99000000
2023,6,12,11,1,D,FEMENINO,40,184500000
2023,6,12,11,1,D,MASCULINO,47,207400000
2023,6,12,11,1,E,FEMENINO,9,40300000
2023,6,12,11,1,E,MASCULINO,19,72500000
2023,6,12,11,1,F,FEMENINO,30,100800000
2023,6,12,11,1,F,MASCULINO,37,120500000
2023,6,12,11,1,G,FEMENINO,11,31600000
2023,6,12,11,1,G,MASCULINO,13,38800000
2023,6,12,11,1,S,FEMENINO,1,2550307
2023,6,12,13,1,A,MASCULINO,4,67000000
2023,6,12,13,1,B,FEMENINO,10,130000000
2023,6,12,13,1,B,MASCULINO,17,221000000
2023,6,12,13,1,C,FEMENINO,125,1051000000
2023,6,12,13,1,C,MASCULINO,250,2151000000
2023,6,12,13,1,D,FEMENINO,183,803904298
2023,6,12,13,1,D,MASCULINO,284,1218655219
2023,6,12,13,1,E,FEMENINO,94,282303684
2023,6,12,13,1,E,MASCULINO,454,1399517806
2023,6,12,13,1,F,FEMENINO,77,225550921
2023,6,12,13,1,F,MASCULINO,320,950368727
2023,6,12,13,1,G,FEMENINO,105,292272411
2023,6,12,13,1,G,MASCULINO,528,1522241793
2023,6,12,13,1,I,FEMENINO,98,291636827
2023,6,12,13,1,I,MASCULINO,412,1780803055
2023,6,12,14,1,A,FEMENINO,5,77000000
2023,6,12,14,1,B,FEMENINO,25,216400000
2023,6,12,14,1,B,MASCULINO,2,14500000
2023,6,12,14,1,C,FEMENINO,5,28300000
2023,6,12,14,1,D,FEMENINO,20,83500000
2023,6,12,14,1,D,MASCULINO,2,8700000
2023,6,12,14,1,E,FEMENINO,2,7300000
2023,6,12,14,1,E,MASCULINO,2,8000000
2023,6,12,14,1,F,FEMENINO,5,14000000
2023,6,12,14,1,F,MASCULINO,1,2800000
2023,6,12,14,1,G,FEMENINO,5,13101228
2023,6,12,14,1,G,MASCULINO,3,7800614
2023,6,12,16,1,A,FEMENINO,1,22000000
2023,6,12,16,1,A,MASCULINO,1,15000000
2023,6,12,16,1,B,FEMENINO,44,428000000
2023,6,12,16,1,B,MASCULINO,31,283800000
2023,6,12,16,1,C,FEMENINO,80,595100000
2023,6,12,16,1,C,MASCULINO,52,375400000
2023,6,12,16,1,D,FEMENINO,177,767552149
2023,6,12,16,1,D,MASCULINO,130,587750921
2023,6,12,16,1,E,FEMENINO,146,459361359
2023,6,12,16,1,E,MASCULINO,196,654063201
2023,6,12,16,1,F,FEMENINO,18,54950921
2023,6,12,16,1,F,MASCULINO,21,65551535
2023,6,12,16,1,G,FEMENINO,39,113801842
2023,6,12,16,1,G,MASCULINO,60,172303070
2023,6,12,17,1,A,MASCULINO,1,22000000
2023,6,12,17,1,B,FEMENINO,11,84400000
2023,6,12,17,1,B,MASCULINO,12,99000000
2023,6,12,17,1,C,FEMENINO,65,443300000
2023,6,12,17,1,C,MASCULINO,56,386500000
2023,6,12,17,1,D,FEMENINO,26,151800000
2023,6,12,17,1,D,MASCULINO,50,284400000
2023,6,12,17,1,E,FEMENINO,5,25400000
2023,6,12,17,1,E,MASCULINO,16,62601842
2023,6,12,17,1,F,FEMENINO,2,6350307
2023,6,12,17,1,F,MASCULINO,14,57451535
2023,6,12,17,1,G,FEMENINO,12,48750307
2023,6,12,17,1,G,MASCULINO,46,248900614
2023,6,12,18,1,A,FEMENINO,1,7400000
2023,6,12,18,1,A,MASCULINO,5,59800000
2023,6,12,18,1,B,FEMENINO,4,38100000
2023,6,12,18,1,B,MASCULINO,19,192600000
2023,6,12,18,1,C,FEMENINO,26,199600000
2023,6,12,18,1,C,MASCULINO,20,163500000
2023,6,12,18,1,D,FEMENINO,80,385400000
2023,6,12,18,1,D,MASCULINO,53,244400000
2023,6,12,18,1,E,FEMENINO,17,53450307
2023,6,12,18,1,E,MASCULINO,24,76200614
2023,6,12,18,1,F,MASCULINO,1,2600000
2023,6,12,18,1,G,FEMENINO,20,51305526
2023,6,12,18,1,G,MASCULINO,11,28951535
2023,6,12,19,1,A,FEMENINO,1,8500000
2023,6,12,19,1,A,MASCULINO,3,50000000
2023,6,12,19,1,B,FEMENINO,24,219100000
2023,6,12,19,1,B,MASCULINO,15,152200000
2023,6,12,19,1,C,FEMENINO,53,371000000
2023,6,12,19,1,C,MASCULINO,37,255700000
2023,6,12,19,1,D,FEMENINO,115,499852149
2023,6,12,19,1,D,MASCULINO,59,266050921
2023,6,12,19,1,E,FEMENINO,46,144406140
2023,6,12,19,1,E,MASCULINO,54,164406754
2023,6,12,19,1,F,FEMENINO,34,98355833
2023,6,12,19,1,F,MASCULINO,41,118006140
2023,6,12,19,1,G,FEMENINO,1,2550307
2023,6,12,19,1,G,MASCULINO,15,38254605
2023,6,12,20,1,A,FEMENINO,2,37000000
2023,6,12,20,1,A,MASCULINO,2,30000000
2023,6,12,20,1,B,FEMENINO,12,107800000
2023,6,12,20,1,B,MASCULINO,7,61400000
2023,6,12,20,1,C,FEMENINO,12,78600000
2023,6,12,20,1,C,MASCULINO,6,50500000
2023,6,12,20,1,D,FEMENINO,123,462150307
2023,6,12,20,1,D,MASCULINO,27,102700000
2023,6,12,20,1,E,FEMENINO,110,336254605
2023,6,12,20,1,E,MASCULINO,58,181251535
2023,6,12,20,1,F,MASCULINO,2,5150307
2023,6,12,20,1,G,FEMENINO,62,159519255
2023,6,12,20,1,G,MASCULINO,36,97755219
2023,6,12,21,1,A,MASCULINO,3,52000000
2023,6,12,21,1,B,FEMENINO,14,163000000
2023,6,12,21,1,B,MASCULINO,29,327200000
2023,6,12,21,1,C,FEMENINO,21,145200000
2023,6,12,21,1,C,MASCULINO,31,221900000
2023,6,12,21,1,D,FEMENINO,21,87700000
2023,6,12,21,1,D,MASCULINO,26,117100000
2023,6,12,21,1,E,FEMENINO,12,37650921
2023,6,12,21,1,E,MASCULINO,30,92353377
2023,6,12,21,1,G,MASCULINO,1,3400000
2023,6,13,1,1,A,FEMENINO,84,923148826
2023,6,13,1,1,A,MASCULINO,57,630118170
2023,6,13,1,1,B,FEMENINO,122,920796559
2023,6,13,1,1,B,MASCULINO,116,841929760
2023,6,13,1,1,C,FEMENINO,127,672942919
2023,6,13,1,1,C,MASCULINO,114,613750836
2023,6,13,1,1,D,FEMENINO,470,2804515873
2023,6,13,1,1,D,MASCULINO,406,2349095458
2023,6,13,1,1,E,FEMENINO,502,1650283193
2023,6,13,1,1,E,MASCULINO,396,1346209309
2023,6,13,1,1,F,FEMENINO,584,2439864688
2023,6,13,1,1,F,MASCULINO,434,1725323678
2023,6,13,1,1,G,FEMENINO,530,1417788628
2023,6,13,1,1,G,MASCULINO,510,1384948078
2023,6,13,1,1,J,FEMENINO,4163,23611738920
2023,6,13,1,1,J,MASCULINO,2797,16292774196
2023,6,13,1,1,R,FEMENINO,39,250040000
2023,6,13,1,1,R,MASCULINO,20,128174000
2023,6,13,2,1,A,FEMENINO,16,177000000
2023,6,13,2,1,A,MASCULINO,24,246900000
2023,6,13,2,1,B,FEMENINO,23,308400000
2023,6,13,2,1,B,MASCULINO,43,611200000
2023,6,13,2,1,C,FEMENINO,207,1744700000
2023,6,13,2,1,C,MASCULINO,261,2193000000
2023,6,13,2,1,D,FEMENINO,670,2744200000
2023,6,13,2,1,D,MASCULINO,816,3387426667
2023,6,13,2,1,E,FEMENINO,414,1328113333
2023,6,13,2,1,E,MASCULINO,496,1608700000
2023,6,13,2,1,F,FEMENINO,725,1904701116
2023,6,13,2,1,F,MASCULINO,757,1989843348
2023,6,13,2,1,G,MASCULINO,4,11400000
2023,6,13,2,1,J,FEMENINO,39,405961000
2023,6,13,2,1,J,MASCULINO,35,402631935
2023,6,13,2,1,S,FEMENINO,4,27400000
2023,6,13,2,1,S,MASCULINO,2,8000000
2023,6,13,3,1,C,FEMENINO,161,1075446123
2023,6,13,3,1,C,MASCULINO,112,731672163
2023,6,13,3,1,D,FEMENINO,146,739834472
2023,6,13,3,1,D,MASCULINO,168,850228017
2023,6,13,3,1,E,FEMENINO,138,514904734
2023,6,13,3,1,E,MASCULINO,122,471207907
2023,6,13,3,1,G,FEMENINO,249,650351047
2023,6,13,3,1,G,MASCULINO,379,1125924332
2023,6,13,3,1,J,FEMENINO,1943,13689806353
2023,6,13,3,1,J,MASCULINO,1349,9504037713
2023,6,13,3,1,K,FEMENINO,105,1145380363
2023,6,13,3,1,K,MASCULINO,92,1046839450
2023,6,13,3,1,S,FEMENINO,169,1191164250
2023,6,13,3,1,S,MASCULINO,81,621000000
2023,6,13,4,1,B,FEMENINO,8,119000000
2023,6,13,4,1,B,MASCULINO,10,145500000
2023,6,13,4,1,C,FEMENINO,32,278900000
2023,6,13,4,1,C,MASCULINO,22,194700000
2023,6,13,4,1,D,FEMENINO,23,117265500
2023,6,13,4,1,D,MASCULINO,27,132500000
2023,6,13,4,1,E,FEMENINO,2,7500000
2023,6,13,4,1,E,MASCULINO,7,23400000
2023,6,13,4,1,F,FEMENINO,1,3500000
2023,6,13,4,1,F,MASCULINO,1,2550307
2023,6,13,4,1,G,FEMENINO,10,37600000
2023,6,13,4,1,G,MASCULINO,6,26400000
2023,6,13,5,1,A,MASCULINO,3,39000000
2023,6,13,5,1,B,FEMENINO,9,149000000
2023,6,13,5,1,B,MASCULINO,15,225500000
2023,6,13,5,1,C,FEMENINO,65,602200000
2023,6,13,5,1,C,MASCULINO,52,481300000
2023,6,13,5,1,D,FEMENINO,39,208900000
2023,6,13,5,1,D,MASCULINO,46,266233333
2023,6,13,5,1,E,FEMENINO,8,32600000
2023,6,13,5,1,E,MASCULINO,7,25400000
2023,6,13,5,1,F,FEMENINO,4,19200000
2023,6,13,5,1,F,MASCULINO,7,24600000
2023,6,13,5,1,G,FEMENINO,1,3100000
2023,6,13,5,1,G,MASCULINO,2,5800000
2023,6,13,6,1,A,FEMENINO,5,70080000
2023,6,13,6,1,A,MASCULINO,7,98112000
2023,6,13,6,1,B,FEMENINO,6,86607000
2023,6,13,6,1,B,MASCULINO,13,178874065
2023,6,13,6,1,C,FEMENINO,54,351938990
2023,6,13,6,1,C,MASCULINO,22,191224680
2023,6,13,6,1,E,FEMENINO,45,177116445
2023,6,13,6,1,E,MASCULINO,48,188180745
2023,6,13,6,1,F,FEMENINO,3,15669440
2023,6,13,6,1,F,MASCULINO,2,10893490
2023,6,13,6,1,G,FEMENINO,46,131944636
2023,6,13,6,1,G,MASCULINO,78,229346483
2023,6,13,6,1,J,FEMENINO,1069,7768208790
2023,6,13,6,1,J,MASCULINO,549,3725726226
2023,6,13,7,1,A,MASCULINO,2,13663380
2023,6,13,7,1,B,FEMENINO,2,32062992
2023,6,13,7,1,B,MASCULINO,5,86250696
2023,6,13,7,1,D,FEMENINO,2,8473200
2023,6,13,7,1,D,MASCULINO,1,4236600
2023,6,13,7,1,E,FEMENINO,1,4775950
2023,6,13,7,1,J,FEMENINO,25,147376114
2023,6,13,7,1,J,MASCULINO,25,205583128
2023,6,13,7,1,K,FEMENINO,2,23157090
2023,6,13,7,1,K,MASCULINO,2,23157090
2023,6,13,7,1,R,FEMENINO,2,14000000
2023,6,13,7,1,R,MASCULINO,1,7000000
2023,6,14,1,1,A,MASCULINO,2,44000000
2023,6,14,1,1,B,FEMENINO,43,515885600
2023,6,14,1,1,B,MASCULINO,39,434214000
2023,6,14,1,1,C,FEMENINO,340,3197300000
2023,6,14,1,1,C,MASCULINO,208,1995000000
2023,6,14,1,1,D,FEMENINO,72,444548980
2023,6,14,1,1,D,MASCULINO,115,709200000
2023,6,14,1,1,E,FEMENINO,23,121900000
2023,6,14,1,1,E,MASCULINO,32,166850307
2023,6,14,1,1,F,FEMENINO,30,144000000
2023,6,14,1,1,F,MASCULINO,21,100800000
2023,6,15,1,1,A,MASCULINO,1,22000000
2023,6,15,1,1,B,FEMENINO,19,128200000
2023,6,15,1,1,B,MASCULINO,6,45400000
2023,6,15,1,1,C,FEMENINO,7,36000000
2023,6,15,1,1,C,MASCULINO,1,6000000
2023,6,15,1,1,D,FEMENINO,29,116900000
2023,6,15,1,1,D,MASCULINO,9,35250307
2023,6,15,1,1,E,FEMENINO,20,58700614
2023,6,15,1,1,E,MASCULINO,17,50501842
2023,6,15,1,1,F,MASCULINO,1,3000000
2023,6,15,1,1,G,FEMENINO,2,5100614
2023,6,15,1,1,G,MASCULINO,1,3500000
2023,6,15,2,1,C,FEMENINO,1,2556900
2023,6,15,2,1,D,FEMENINO,1,3819900
2023,6,15,2,1,G,MASCULINO,1,2550307
2023,6,15,2,1,J,FEMENINO,3,36362700
2023,6,15,2,1,J,MASCULINO,3,36362700
2023,6,15,2,1,K,FEMENINO,7,45971900
2023,6,15,2,1,K,MASCULINO,5,31717800
2023,6,21,1,1,A,FEMENINO,64,391466500
2023,6,21,1,1,A,MASCULINO,99,783645000
2023,6,21,1,1,B,FEMENINO,102,1328325000
2023,6,21,1,1,B,MASCULINO,122,1651840000
2023,6,21,1,1,C,FEMENINO,82,1219567000
2023,6,21,1,1,C,MASCULINO,110,1694827000
2023,6,21,1,1,D,FEMENINO,28,612765000
2023,6,21,1,1,D,MASCULINO,54,1150325000
2023,6,21,1,1,E,FEMENINO,4,91670000
2023,6,21,1,1,E,MASCULINO,18,406285000
2023,6,21,1,1,F,MASCULINO,3,72090000
2023,6,21,1,1,G,FEMENINO,1,24920000
2023,6,21,1,1,G,MASCULINO,1,24920000
2023,6,21,1,1,H,MASCULINO,1,24920000
2023,6,21,1,1,I,FEMENINO,2,57850000
2023,6,21,1,1,I,MASCULINO,3,86775000
2023,6,21,1,1,J,MASCULINO,1,30705000
2023,6,22,1,1,A,FEMENINO,1,24183155
2023,6,22,1,1,B,FEMENINO,1,4144000
2023,6,22,1,1,C,FEMENINO,4,19062200
2023,6,22,1,1,C,MASCULINO,13,85633600
2023,6,22,1,1,D,MASCULINO,1,2611500
2023,6,22,1,1,E,FEMENINO,7,17852149
2023,6,22,1,1,E,MASCULINO,10,25503070
2023,6,22,1,1,F,FEMENINO,4,10201228
2023,6,22,1,1,F,MASCULINO,7,17852149
2023,6,22,1,1,G,FEMENINO,3,7650921
2023,6,22,1,1,G,MASCULINO,2,5100614
2023,6,22,1,1,J,FEMENINO,2,5550307
2023,6,22,1,1,J,MASCULINO,2,8500000
2023,6,22,2,1,A,MASCULINO,1,24183155
2023,6,22,2,1,B,FEMENINO,2,5945772
2023,6,22,2,1,C,FEMENINO,7,28598976
2023,6,22,2,1,C,MASCULINO,6,26910492
2023,6,22,2,1,D,FEMENINO,1,2338224
2023,6,22,2,1,E,FEMENINO,6,12853548
2023,6,22,2,1,E,MASCULINO,7,14995806
2023,6,22,2,1,G,FEMENINO,4,8569032
2023,6,22,2,1,G,MASCULINO,9,18873894
2023,6,22,2,1,J,MASCULINO,2,7140000
2023,6,22,3,1,A,MASCULINO,1,21125620
2023,6,22,3,1,B,MASCULINO,1,4144000
2023,6,22,3,1,C,FEMENINO,7,35780200
2023,6,22,3,1,C,MASCULINO,6,36439600
2023,6,22,3,1,E,FEMENINO,1,2550307
2023,6,22,3,1,G,FEMENINO,10,25503070
2023,6,22,3,1,G,MASCULINO,12,30603684
2023,6,22,3,1,J,FEMENINO,2,8000000
2023,6,22,3,1,J,MASCULINO,2,6000000
2023,6,22,4,1,A,MASCULINO,1,24183155
2023,6,22,4,1,B,FEMENINO,1,3480960
2023,6,22,4,1,B,MASCULINO,1,5064780
2023,6,22,4,1,C,FEMENINO,9,43624644
2023,6,22,4,1,C,MASCULINO,14,58516248
2023,6,22,4,1,D,FEMENINO,5,12184962
2023,6,22,4,1,D,MASCULINO,2,4284516
2023,6,22,4,1,E,FEMENINO,1,2142258
2023,6,22,4,1,E,MASCULINO,4,8569032
2023,6,22,4,1,G,FEMENINO,14,29991612
2023,6,22,4,1,G,MASCULINO,18,38560644
2023,6,22,4,1,J,FEMENINO,1,2520000
2023,6,22,4,1,J,MASCULINO,3,9282258
2023,6,22,5,1,A,MASCULINO,1,25503070
2023,6,22,5,1,B,FEMENINO,2,6961920
2023,6,22,5,1,C,FEMENINO,7,29119776
2023,6,22,5,1,C,MASCULINO,13,54311204
2023,6,22,5,1,D,FEMENINO,3,6529578
2023,6,22,5,1,D,MASCULINO,7,15423348
2023,6,22,5,1,E,FEMENINO,6,12853548
2023,6,22,5,1,E,MASCULINO,6,12853548
2023,6,22,5,1,F,FEMENINO,3,6426774
2023,6,22,5,1,F,MASCULINO,5,10711290
2023,6,22,5,1,G,FEMENINO,2,4284516
2023,6,22,5,1,G,MASCULINO,6,12853548
2023,6,22,5,1,J,FEMENINO,3,8862258
2023,6,22,5,1,J,MASCULINO,1,2940000
2023,6,22,6,1,A,FEMENINO,1,24183155
2023,6,22,6,1,B,MASCULINO,1,3480960
2023,6,22,6,1,C,FEMENINO,6,29906520
2023,6,22,6,1,C,MASCULINO,14,76807836
2023,6,22,6,1,D,MASCULINO,1,2338224
2023,6,22,6,1,E,MASCULINO,3,6426774
2023,6,22,6,1,F,FEMENINO,1,2142258
2023,6,22,6,1,F,MASCULINO,1,2142258
2023,6,22,6,1,G,FEMENINO,4,8569032
2023,6,22,6,1,G,MASCULINO,6,12853548
2023,6,22,6,1,J,FEMENINO,1,2520000
2023,6,22,6,1,J,MASCULINO,3,9282258
2023,6,22,7,1,A,FEMENINO,4,15565536
2023,6,22,7,1,A,MASCULINO,2,27664115
2023,6,22,7,1,B,MASCULINO,1,3480960
2023,6,22,7,1,C,FEMENINO,14,58504980
2023,6,22,7,1,C,MASCULINO,22,94057016
2023,6,22,7,1,D,FEMENINO,13,29801355
2023,6,22,7,1,D,MASCULINO,24,53636844
2023,6,22,7,1,E,FEMENINO,8,17138064
2023,6,22,7,1,E,MASCULINO,12,25707096
2023,6,22,7,1,G,FEMENINO,6,12751536
2023,6,22,7,1,G,MASCULINO,9,19178310
2023,6,22,7,1,J,FEMENINO,3,8742258
2023,6,22,7,1,J,MASCULINO,1,2940000
2023,6,22,8,1,A,MASCULINO,1,18240200
2023,6,22,8,1,B,MASCULINO,1,4144000
2023,6,22,8,1,C,FEMENINO,2,14850400
2023,6,22,8,1,C,MASCULINO,6,36031500
2023,6,22,8,1,D,FEMENINO,1,2256200
2023,6,22,8,1,D,MASCULINO,2,5083100
2023,6,22,8,1,E,FEMENINO,3,6123369
2023,6,22,8,1,E,MASCULINO,21,43199591
2023,6,22,8,1,F,FEMENINO,4,7947424
2023,6,22,8,1,F,MASCULINO,3,6123369
2023,6,22,8,1,G,FEMENINO,13,26534599
2023,6,22,8,1,G,MASCULINO,14,28575722
2023,6,22,8,1,J,FEMENINO,1,3000000
2023,6,22,8,1,J,MASCULINO,3,11000000
2023,6,22,9,1,A,MASCULINO,1,3886680
2023,6,22,9,1,B,FEMENINO,1,3480960
2023,6,22,9,1,B,MASCULINO,1,2730420
2023,6,22,9,1,C,FEMENINO,3,15449364
2023,6,22,9,1,C,MASCULINO,16,91343532
2023,6,22,9,1,D,FEMENINO,4,8768590
2023,6,22,9,1,D,MASCULINO,9,18955661
2023,6,22,9,1,E,FEMENINO,2,4261256
2023,6,22,9,1,E,MASCULINO,8,15331736
2023,6,22,9,1,F,MASCULINO,7,13461224
2023,6,22,9,1,G,FEMENINO,5,9811160
2023,6,22,9,1,G,MASCULINO,16,56540358
2023,6,22,9,1,J,FEMENINO,1,2520000
2023,6,22,9,1,J,MASCULINO,2,6300000
2023,6,22,10,1,A,MASCULINO,1,25503070
2023,6,22,10,1,B,FEMENINO,2,8288000
2023,6,22,10,1,C,FEMENINO,8,31420700
2023,6,22,10,1,C,MASCULINO,17,118195400
2023,6,22,10,1,D,FEMENINO,1,2550307
2023,6,22,10,1,D,MASCULINO,1,2611500
2023,6,22,10,1,E,FEMENINO,3,7650921
2023,6,22,10,1,E,MASCULINO,10,22952763
2023,6,22,10,1,G,FEMENINO,10,25503070
2023,6,22,10,1,G,MASCULINO,7,17852149
2023,6,22,10,1,J,FEMENINO,1,3000000
2023,6,22,10,1,J,MASCULINO,3,11050307
2023,6,22,11,1,A,MASCULINO,1,24183155
2023,6,22,11,1,B,FEMENINO,1,4144000
2023,6,22,11,1,B,MASCULINO,2,7217100
2023,6,22,11,1,C,FEMENINO,18,81288700
2023,6,22,11,1,C,MASCULINO,14,62876600
2023,6,22,11,1,D,FEMENINO,15,38820398
2023,6,22,11,1,D,MASCULINO,20,51778819
2023,6,22,11,1,E,FEMENINO,4,10201228
2023,6,22,11,1,E,MASCULINO,2,5100614
2023,6,22,11,1,G,FEMENINO,5,12751535
2023,6,22,11,1,G,MASCULINO,6,15301842
2023,6,22,11,1,J,FEMENINO,2,6283600
2023,6,22,11,1,J,MASCULINO,2,7550307
2023,6,22,12,1,A,FEMENINO,2,4889920
2023,6,22,12,1,A,MASCULINO,6,40551955
2023,6,22,12,1,B,MASCULINO,1,3480960
2023,6,22,12,1,C,FEMENINO,9,31617293
2023,6,22,12,1,C,MASCULINO,14,55598256
2023,6,22,12,1,D,FEMENINO,3,7308168
2023,6,22,12,1,D,MASCULINO,4,9733926
2023,6,22,12,1,E,FEMENINO,8,17138064
2023,6,22,12,1,E,MASCULINO,10,21422580
2023,6,22,12,1,G,FEMENINO,3,6426774
2023,6,22,12,1,G,MASCULINO,4,7931455
2023,6,22,12,1,J,FEMENINO,4,11802258
2023,6,22,13,1,A,MASCULINO,1,24183155
2023,6,22,13,1,B,FEMENINO,1,3480960
2023,6,22,13,1,C,FEMENINO,4,20463260
2023,6,22,13,1,C,MASCULINO,6,37423008
2023,6,22,13,1,E,FEMENINO,1,2142258
2023,6,22,13,1,E,MASCULINO,1,8467020
2023,6,22,13,1,F,FEMENINO,2,4284516
2023,6,22,13,1,G,FEMENINO,9,19280322
2023,6,22,13,1,G,MASCULINO,8,17138064
2023,6,22,13,1,J,FEMENINO,2,4620000
2023,6,22,13,1,J,MASCULINO,2,7140000
2023,6,22,14,1,A,MASCULINO,1,24183155
2023,6,22,14,1,B,FEMENINO,1,4144000
2023,6,22,14,1,C,FEMENINO,3,17784700
2023,6,22,14,1,C,MASCULINO,8,46853100
2023,6,22,14,1,D,FEMENINO,1,2368200
2023,6,22,14,1,D,MASCULINO,1,3798900
2023,6,22,14,1,E,MASCULINO,2,5100614
2023,6,22,14,1,F,FEMENINO,1,2550307
2023,6,22,14,1,F,MASCULINO,7,17852149
2023,6,22,14,1,G,FEMENINO,3,7650921
2023,6,22,14,1,G,MASCULINO,5,12751535
2023,6,22,14,1,J,FEMENINO,1,3000000
2023,6,22,14,1,J,MASCULINO,2,6000000
2023,6,22,15,1,A,MASCULINO,1,24183155
2023,6,22,15,1,B,MASCULINO,1,3480960
2023,6,22,15,1,C,FEMENINO,3,11623584
2023,6,22,15,1,C,MASCULINO,11,50742218
2023,6,22,15,1,D,FEMENINO,1,1631021
2023,6,22,15,1,D,MASCULINO,3,6775020
2023,6,22,15,1,E,FEMENINO,1,2142258
2023,6,22,15,1,E,MASCULINO,6,12553275
2023,6,22,15,1,F,MASCULINO,1,2142258
2023,6,22,15,1,G,FEMENINO,1,2142258
2023,6,22,15,1,G,MASCULINO,4,8907527
2023,6,22,15,1,J,FEMENINO,1,4200000
2023,6,22,15,1,J,MASCULINO,3,7440000
2023,6,22,16,1,A,MASCULINO,3,34459455
2023,6,22,16,1,B,MASCULINO,1,4144000
2023,6,22,16,1,C,FEMENINO,9,45325700
2023,6,22,16,1,C,MASCULINO,9,45697400
2023,6,22,16,1,D,FEMENINO,1,2688500
2023,6,22,16,1,D,MASCULINO,4,10477614
2023,6,22,16,1,E,FEMENINO,7,17852149
2023,6,22,16,1,E,MASCULINO,13,33153991
2023,6,22,16,1,F,FEMENINO,4,10201228
2023,6,22,16,1,F,MASCULINO,3,7650921
2023,6,22,16,1,G,FEMENINO,4,10339421
2023,6,22,16,1,G,MASCULINO,9,22952763
2023,6,22,16,1,J,MASCULINO,4,14050307
2023,6,22,17,1,A,MASCULINO,1,0
2023,6,22,17,1,B,MASCULINO,2,6280848
2023,6,22,17,1,C,FEMENINO,6,33678876
2023,6,22,17,1,C,MASCULINO,7,29735244
2023,6,22,17,1,D,MASCULINO,1,2142257
2023,6,22,17,1,E,FEMENINO,1,2142257
2023,6,22,17,1,E,MASCULINO,8,17138056
2023,6,22,17,1,F,FEMENINO,1,2142257
2023,6,22,17,1,F,MASCULINO,2,4494257
2023,6,22,17,1,G,FEMENINO,4,8569028
2023,6,22,17,1,G,MASCULINO,8,17138056
2023,6,23,1,1,A,FEMENINO,4,28574000
2023,6,23,1,1,A,MASCULINO,1,22000000
2023,6,23,1,1,B,FEMENINO,5,46410000
2023,6,23,1,1,B,MASCULINO,8,74286600
2023,6,23,1,1,C,FEMENINO,65,479611969
2023,6,23,1,1,C,MASCULINO,29,210141024
2023,6,23,1,1,D,FEMENINO,48,218989400
2023,6,23,1,1,D,MASCULINO,33,133645001
2023,6,23,1,1,E,FEMENINO,9,31505758
2023,6,23,1,1,E,MASCULINO,33,96904195
2023,6,23,1,1,F,FEMENINO,3,7812733
2023,6,23,1,1,F,MASCULINO,2,5460000
2023,6,23,3,1,A,FEMENINO,1,18480000
2023,6,23,3,1,A,MASCULINO,2,15120000
2023,6,23,3,1,B,FEMENINO,37,262836000
2023,6,23,3,1,B,MASCULINO,69,486612000
2023,6,23,3,1,C,FEMENINO,62,314160000
2023,6,23,3,1,C,MASCULINO,133,685440000
2023,6,23,3,1,D,FEMENINO,15,60308500
2023,6,23,3,1,D,MASCULINO,37,160340000
2023,6,23,3,1,E,FEMENINO,10,32810258
2023,6,23,3,1,E,MASCULINO,32,107482258
2023,6,23,3,1,F,MASCULINO,1,2016000
2023,6,23,3,1,G,FEMENINO,8,22532000
2023,6,23,3,1,G,MASCULINO,50,148088000
2023,6,23,4,1,A,FEMENINO,1,6100000
2023,6,23,4,1,B,FEMENINO,3,26200000
2023,6,23,4,1,B,MASCULINO,5,43100000
2023,6,23,4,1,C,FEMENINO,12,86200000
2023,6,23,4,1,C,MASCULINO,5,38100000
2023,6,23,4,1,D,FEMENINO,23,113800000
2023,6,23,4,1,D,MASCULINO,8,38500000
2023,6,23,4,1,E,MASCULINO,1,4900000
2023,6,23,4,1,F,FEMENINO,4,13900000
2023,6,23,4,1,F,MASCULINO,4,15000000
2023,6,23,4,1,G,FEMENINO,3,12100000
2023,6,23,4,1,G,MASCULINO,9,33700000
2023,6,23,6,1,A,MASCULINO,1,22000000
2023,6,23,6,1,B,FEMENINO,5,48100000
2023,6,23,6,1,B,MASCULINO,9,85700000
2023,6,23,6,1,C,FEMENINO,8,64600000
2023,6,23,6,1,C,MASCULINO,10,82000000
2023,6,23,6,1,D,FEMENINO,5,32000000
2023,6,23,6,1,D,MASCULINO,16,85200000
2023,6,23,6,1,G,FEMENINO,3,14900000
2023,6,23,6,1,G,MASCULINO,2,9900000
2023,6,23,8,1,B,FEMENINO,3,23795800
2023,6,23,8,1,B,MASCULINO,4,32518100
2023,6,23,8,1,C,FEMENINO,3,17202000
2023,6,23,8,1,C,MASCULINO,2,15196000
2023,6,23,8,1,D,FEMENINO,1,3912000
2023,6,23,8,1,E,MASCULINO,1,3949700
2023,6,23,8,1,G,FEMENINO,1,2562000
2023,6,23,9,1,A,MASCULINO,1,22000000
2023,6,23,9,1,B,FEMENINO,7,53508000
2023,6,23,9,1,B,MASCULINO,6,65400000
2023,6,23,9,1,C,FEMENINO,11,57432000
2023,6,23,9,1,C,MASCULINO,10,51240000
2023,6,23,9,1,E,FEMENINO,1,2856000
2023,6,23,9,1,F,FEMENINO,2,4284516
2023,6,23,9,1,F,MASCULINO,1,2142258
2023,6,23,10,1,A,MASCULINO,1,16000000
2023,6,23,10,1,B,FEMENINO,5,54000000
2023,6,23,10,1,B,MASCULINO,19,280000000
2023,6,23,10,1,C,FEMENINO,53,440600000
2023,6,23,10,1,C,MASCULINO,96,858300000
2023,6,23,10,1,D,FEMENINO,5,21000000
2023,6,23,10,1,D,MASCULINO,11,39300000
2023,6,23,10,1,F,FEMENINO,16,78300000
2023,6,23,10,1,F,MASCULINO,24,114300000
2023,6,23,10,1,G,FEMENINO,5,19100000
2023,6,23,10,1,G,MASCULINO,19,68600000
2023,6,23,11,1,A,MASCULINO,1,20020000
2023,6,23,11,1,B,FEMENINO,8,51272656
2023,6,23,11,1,B,MASCULINO,26,219240443
2023,6,23,11,1,C,FEMENINO,35,237443900
2023,6,23,11,1,C,MASCULINO,64,410672868
2023,6,23,11,1,D,FEMENINO,6,22845583
2023,6,23,11,1,D,MASCULINO,50,177384781
2023,6,23,11,1,E,FEMENINO,8,22367450
2023,6,23,11,1,E,MASCULINO,55,122268992
2023,6,23,11,1,G,FEMENINO,7,16903900
2023,6,23,11,1,G,MASCULINO,25,58802578
2023,6,23,13,1,A,MASCULINO,1,17290000
2023,6,23,13,1,B,FEMENINO,1,6134000
2023,6,23,13,1,B,MASCULINO,12,113932000
2023,6,23,13,1,C,FEMENINO,4,28609000
2023,6,23,13,1,C,MASCULINO,3,22876000
2023,6,23,13,1,D,FEMENINO,2,7279000
2023,6,23,13,1,D,MASCULINO,2,9373000
2023,6,23,13,1,E,FEMENINO,2,4610667
2023,6,23,13,1,E,MASCULINO,3,7252000
2023,6,23,13,1,F,FEMENINO,2,4885244
2023,6,23,13,1,F,MASCULINO,2,4455772
2023,6,23,13,1,G,FEMENINO,4,20012902
2023,6,23,13,1,G,MASCULINO,10,47555851
2023,6,23,14,1,A,FEMENINO,1,4681980
2023,6,23,14,1,A,MASCULINO,3,28081161
2023,6,23,14,1,B,FEMENINO,4,43553290
2023,6,23,14,1,B,MASCULINO,6,58835084
2023,6,23,14,1,C,FEMENINO,40,270405803
2023,6,23,14,1,C,MASCULINO,28,178322985
2023,6,23,14,1,D,FEMENINO,10,39463150
2023,6,23,14,1,D,MASCULINO,6,22387430
2023,6,23,14,1,E,FEMENINO,9,25302315
2023,6,23,14,1,E,MASCULINO,15,39162047
2023,6,23,14,1,F,FEMENINO,2,5442152
2023,6,23,14,1,F,MASCULINO,3,9324398
2023,6,23,14,1,G,FEMENINO,3,7332000
2023,6,23,14,1,G,MASCULINO,3,8003150
2023,6,23,15,1,A,FEMENINO,186,1453190619
2023,6,23,15,1,A,MASCULINO,763,6111108363
2023,6,23,15,1,C,MASCULINO,1,8652000
2023,6,23,15,1,D,FEMENINO,1,3444000
2023,6,23,15,1,D,MASCULINO,1,3192000
2023,6,23,15,1,E,FEMENINO,1,3024000
2023,6,23,15,1,F,MASCULINO,1,2520000
2023,6,23,16,1,A,FEMENINO,4,36500000
2023,6,23,16,1,A,MASCULINO,1,22000000
2023,6,23,16,1,B,FEMENINO,22,222200000
2023,6,23,16,1,B,MASCULINO,18,200800000
2023,6,23,16,1,C,FEMENINO,102,717100000
2023,6,23,16,1,C,MASCULINO,121,847100000
2023,6,23,16,1,D,FEMENINO,191,833466667
2023,6,23,16,1,D,MASCULINO,187,799700000
2023,6,23,16,1,E,FEMENINO,99,263588661
2023,6,23,16,1,E,MASCULINO,334,873347278
2023,6,23,16,1,F,FEMENINO,60,162107368
2023,6,23,16,1,F,MASCULINO,96,253313508
2023,6,23,16,1,G,FEMENINO,32,82807368
2023,6,23,16,1,G,MASCULINO,76,195265657
2023,6,23,17,1,A,FEMENINO,1,22000000
2023,6,23,17,1,B,FEMENINO,10,63764000
2023,6,23,17,1,B,MASCULINO,5,30488000
2023,6,23,17,1,C,FEMENINO,2,15456000
2023,6,23,17,1,C,MASCULINO,1,8232000
2023,6,23,17,1,D,FEMENINO,14,50031478
2023,6,23,17,1,D,MASCULINO,5,17724000
2023,6,23,17,1,E,FEMENINO,13,35784000
2023,6,23,17,1,E,MASCULINO,7,21168000
2023,6,23,17,1,F,MASCULINO,2,4704000
2023,6,23,17,1,G,FEMENINO,1,2352000
2023,6,23,17,1,G,MASCULINO,1,2604000
2023,6,23,18,1,A,MASCULINO,2,22848000
2023,6,23,18,1,B,FEMENINO,7,63649087
2023,6,23,18,1,B,MASCULINO,19,171361488
2023,6,23,18,1,C,FEMENINO,69,410571556
2023,6,23,18,1,C,MASCULINO,93,583662226
2023,6,23,18,1,D,FEMENINO,86,286925002
2023,6,23,18,1,D,MASCULINO,97,335356786
2023,6,23,18,1,E,FEMENINO,19,36514746
2023,6,23,18,1,E,MASCULINO,39,104917061
2023,6,23,18,1,F,FEMENINO,5,8727636
2023,6,23,18,1,F,MASCULINO,12,23540545
2023,6,23,18,1,G,FEMENINO,11,17492016
2023,6,23,18,1,G,MASCULINO,40,72846482
2023,6,23,19,1,A,FEMENINO,4,37884000
2023,6,23,19,1,A,MASCULINO,4,52828000
2023,6,23,19,1,B,FEMENINO,8,85260000
2023,6,23,19,1,B,MASCULINO,3,32760000
2023,6,23,19,1,C,FEMENINO,43,285768000
2023,6,23,19,1,C,MASCULINO,26,176484000
2023,6,23,19,1,D,FEMENINO,15,52080000
2023,6,23,19,1,D,MASCULINO,17,58716000
2023,6,23,19,1,E,FEMENINO,7,16338774
2023,6,23,19,1,E,MASCULINO,12,30198258
2023,6,23,20,1,A,FEMENINO,2,29800000
2023,6,23,20,1,A,MASCULINO,7,52100000
2023,6,23,20,1,B,FEMENINO,15,160600000
2023,6,23,20,1,B,MASCULINO,11,101600000
2023,6,23,20,1,C,FEMENINO,18,129800000
2023,6,23,20,1,C,MASCULINO,23,164600000
2023,6,23,20,1,D,FEMENINO,28,120400000
2023,6,23,20,1,D,MASCULINO,50,215700000
2023,6,23,20,1,E,FEMENINO,32,97003684
2023,6,23,20,1,E,MASCULINO,105,305108596
2023,6,23,20,1,F,FEMENINO,14,35704298
2023,6,23,20,1,F,MASCULINO,39,99461973
2023,6,23,20,1,G,MASCULINO,6,15301842
2023,6,23,22,1,A,FEMENINO,1,4012000
2023,6,23,22,1,A,MASCULINO,4,40880766
2023,6,23,22,1,B,FEMENINO,13,111531681
2023,6,23,22,1,B,MASCULINO,17,149357800
2023,6,23,22,1,C,FEMENINO,29,177232232
2023,6,23,22,1,C,MASCULINO,31,185914623
2023,6,23,22,1,D,FEMENINO,49,187683500
2023,6,23,22,1,D,MASCULINO,52,194829695
2023,6,23,22,1,E,FEMENINO,9,23703058
2023,6,23,22,1,E,MASCULINO,30,77382509
2023,6,23,22,1,F,FEMENINO,4,9578258
2023,6,23,22,1,F,MASCULINO,19,50363473
2023,6,23,22,1,G,FEMENINO,13,30510102
2023,6,23,22,1,G,MASCULINO,43,90869666
2023,6,23,24,1,A,FEMENINO,7,55104000
2023,6,23,24,1,A,MASCULINO,6,55860000
2023,6,23,24,1,B,FEMENINO,2,21336000
2023,6,23,24,1,B,MASCULINO,9,95760000
2023,6,23,24,1,C,FEMENINO,16,107268000
2023,6,23,24,1,C,MASCULINO,10,62244000
2023,6,23,24,1,D,FEMENINO,92,318612000
2023,6,23,24,1,D,MASCULINO,50,174216000
2023,6,23,24,1,E,FEMENINO,55,142170258
2023,6,23,24,1,E,MASCULINO,50,128898258
2023,6,23,24,1,F,FEMENINO,7,16548516
2023,6,23,24,1,F,MASCULINO,11,27216516
2023,6,23,24,1,G,FEMENINO,242,528733585
2023,6,23,24,1,G,MASCULINO,255,558049668
2023,6,23,25,1,A,MASCULINO,1,22000000
2023,6,23,25,1,B,FEMENINO,7,59005939
2023,6,23,25,1,B,MASCULINO,15,124787000
2023,6,23,25,1,C,FEMENINO,25,148797666
2023,6,23,25,1,C,MASCULINO,14,58026342
2023,6,23,25,1,D,FEMENINO,8,30731500
2023,6,23,25,1,D,MASCULINO,17,58026923
2023,6,23,25,1,E,FEMENINO,6,9243386
2023,6,23,25,1,E,MASCULINO,19,43331935
2023,6,23,26,1,A,MASCULINO,1,22000000
2023,6,23,26,1,B,FEMENINO,2,17600000
2023,6,23,26,1,B,MASCULINO,5,42892000
2023,6,23,26,1,C,FEMENINO,4,21924000
2023,6,23,26,1,C,MASCULINO,4,20968000
2023,6,23,26,1,D,FEMENINO,5,18396000
2023,6,23,26,1,D,MASCULINO,4,13356000
2023,6,23,26,1,E,FEMENINO,2,4536000
2023,6,23,26,1,E,MASCULINO,1,2520000
2023,6,23,27,1,B,FEMENINO,1,10920000
2023,6,23,27,1,B,MASCULINO,2,17920000
2023,6,23,27,1,C,FEMENINO,4,23268000
2023,6,23,27,1,C,MASCULINO,8,62832000
2023,6,23,27,1,D,FEMENINO,4,17220000
2023,6,23,27,1,D,MASCULINO,1,3864000
2023,6,23,27,1,F,FEMENINO,1,2352000
2023,6,23,27,1,F,MASCULINO,2,5544000
2023,6,23,28,1,A,FEMENINO,1,15000000
2023,6,23,28,1,B,FEMENINO,1,9400000
2023,6,23,28,1,B,MASCULINO,4,39696000
2023,6,23,28,1,C,MASCULINO,2,16520000
2023,6,23,28,1,D,FEMENINO,5,21252000
2023,6,23,29,1,A,FEMENINO,1,4032000
2023,6,23,29,1,A,MASCULINO,1,4032000
2023,6,23,29,1,B,FEMENINO,2,15540000
2023,6,23,29,1,B,MASCULINO,2,14028000
2023,6,23,29,1,C,FEMENINO,4,24528000
2023,6,23,29,1,C,MASCULINO,1,6132000
2023,6,23,29,1,D,FEMENINO,2,5628000
2023,6,23,29,1,D,MASCULINO,1,2940000
2023,6,23,29,1,E,FEMENINO,2,5248000
2023,6,23,29,1,E,MASCULINO,4,10624000
2023,6,23,30,1,A,FEMENINO,1,18480000
2023,6,23,30,1,B,FEMENINO,7,59640000
2023,6,23,30,1,B,MASCULINO,4,35280000
2023,6,23,30,1,C,FEMENINO,3,15120000
2023,6,23,30,1,C,MASCULINO,2,10080000
2023,6,23,30,1,D,FEMENINO,3,11214258
2023,6,23,30,1,D,MASCULINO,2,7392000
2023,6,23,30,1,G,MASCULINO,1,2142258
2023,6,23,31,1,A,MASCULINO,1,22000000
2023,6,23,31,1,B,FEMENINO,2,12600000
2023,6,23,31,1,B,MASCULINO,4,38976000
2023,6,23,31,1,C,FEMENINO,3,14616000
2023,6,23,31,1,D,FEMENINO,6,18900000
2023,6,23,31,1,D,MASCULINO,4,12348000
2023,6,23,31,1,E,MASCULINO,1,2142258
2023,6,23,32,1,A,MASCULINO,2,31080000
2023,6,23,32,1,B,FEMENINO,6,47376000
2023,6,23,32,1,B,MASCULINO,6,47376000
2023,6,23,32,1,C,FEMENINO,3,16968000
2023,6,23,32,1,C,MASCULINO,1,6384000
2023,6,23,32,1,D,MASCULINO,1,3024000
2023,6,23,33,1,B,MASCULINO,4,49800000
2023,6,23,33,1,C,FEMENINO,1,8000000
2023,6,23,33,1,C,MASCULINO,2,14040000
2023,6,23,33,1,D,FEMENINO,1,4500000
2023,6,23,33,1,E,MASCULINO,1,4000000
2023,6,23,33,1,G,FEMENINO,1,2550307
2023,6,23,33,1,L,FEMENINO,15,67905359
2023,6,23,33,1,L,MASCULINO,3,8385496
2023,6,23,33,1,Z,FEMENINO,77,409666936
2023,6,23,33,1,Z,MASCULINO,66,373773624
2023,6,23,34,1,B,FEMENINO,2,13692000
2023,6,23,34,1,C,FEMENINO,1,4200000
2023,6,23,34,1,D,FEMENINO,1,5880000
2023,6,23,34,1,D,MASCULINO,3,12264000
2023,6,23,34,1,E,FEMENINO,5,14742257
2023,6,23,34,1,E,MASCULINO,3,6972514
2023,6,23,34,1,G,FEMENINO,7,15625028
2023,6,23,34,1,G,MASCULINO,11,24194056
2023,6,23,34,1,L,FEMENINO,45,149668408
2023,6,23,34,1,L,MASCULINO,17,62610937
2023,6,23,34,1,Z,FEMENINO,108,641185149
2023,6,23,34,1,Z,MASCULINO,48,240513937
2023,6,23,35,1,A,FEMENINO,1,18480000
2023,6,23,35,1,B,FEMENINO,2,17136000
2023,6,23,35,1,B,MASCULINO,4,34272000
2023,6,23,35,1,C,MASCULINO,1,7983360
2023,6,23,35,1,D,FEMENINO,1,2268000
2023,6,23,36,1,A,MASCULINO,1,18480000
2023,6,23,36,1,B,FEMENINO,8,68208000
2023,6,23,36,1,B,MASCULINO,7,61272000
2023,6,23,36,1,C,FEMENINO,20,110425856
2023,6,23,36,1,C,MASCULINO,12,65981293
2023,6,23,36,1,D,FEMENINO,10,32928000
2023,6,23,36,1,D,MASCULINO,10,37296000
2023,6,23,36,1,E,FEMENINO,5,12432000
2023,6,23,36,1,E,MASCULINO,9,23142258
2023,6,23,36,1,F,FEMENINO,2,4872000
2023,6,23,36,1,F,MASCULINO,4,8736000
2023,6,23,36,1,G,FEMENINO,3,7560000
2023,6,23,36,1,G,MASCULINO,1,2688000
2023,6,23,37,1,B,FEMENINO,2,17136000
2023,6,23,37,1,B,MASCULINO,3,28056000
2023,6,23,38,1,A,FEMENINO,1,12600000
2023,6,23,38,1,A,MASCULINO,1,18480000
2023,6,23,38,1,B,FEMENINO,14,128662767
2023,6,23,38,1,B,MASCULINO,3,27216000
2023,6,23,38,1,C,MASCULINO,1,5987520
2023,6,23,38,1,D,FEMENINO,15,68809518
2023,6,23,38,1,D,MASCULINO,8,34982938
2023,6,23,38,1,E,FEMENINO,2,6951840
2023,6,23,38,1,E,MASCULINO,4,15489600
2023,6,23,38,1,F,FEMENINO,7,19560498
2023,6,23,38,1,F,MASCULINO,10,27062952
2023,6,23,38,1,S,FEMENINO,34,137515119
2023,6,23,38,1,S,MASCULINO,6,33855939
2023,6,23,39,1,B,FEMENINO,4,32676000
2023,6,23,39,1,B,MASCULINO,5,37800000
2023,6,23,39,1,C,FEMENINO,10,57456000
2023,6,23,39,1,C,MASCULINO,10,57196394
2023,6,23,39,1,D,FEMENINO,29,113416113
2023,6,23,39,1,D,MASCULINO,29,114913263
2023,6,23,39,1,E,FEMENINO,29,80344576
2023,6,23,39,1,E,MASCULINO,45,127133370
2023,6,23,39,1,F,FEMENINO,8,19992000
2023,6,23,39,1,F,MASCULINO,15,34608000
2023,6,23,39,1,G,FEMENINO,1,2227764
2023,6,24,1,1,D,FEMENINO,1113,3006407178
2023,6,24,1,1,D,MASCULINO,1113,3012623970
2023,6,24,1,1,F,FEMENINO,153,583073249
2023,6,24,1,1,F,MASCULINO,205,789174180
2023,6,24,1,1,G,FEMENINO,452,2392944858
2023,6,24,1,1,G,MASCULINO,369,1962041815
2023,6,24,1,1,H,FEMENINO,175,1213286408
2023,6,24,1,1,H,MASCULINO,188,1291884677
2023,6,24,1,1,I,FEMENINO,203,1765418974
2023,6,24,1,1,I,MASCULINO,218,1931849923
2023,6,24,1,1,S,FEMENINO,6284,32018267301
2023,6,24,1,1,S,MASCULINO,2654,15637542700
2023,6,24,2,1,B,FEMENINO,2,14040000
2023,6,24,2,1,C,FEMENINO,1,6000000
2023,6,24,2,1,E,MASCULINO,3,7650921
2023,6,24,2,1,S,MASCULINO,2,5100614
2023,6,24,3,1,0,MASCULINO,2,4437534
2023,6,24,3,1,2,FEMENINO,1,12536350
2023,6,24,3,1,A,FEMENINO,8,37592595
2023,6,24,3,1,A,MASCULINO,11,60713074
2023,6,24,3,1,P,FEMENINO,9,90108651
2023,6,24,3,1,P,MASCULINO,12,112660148
2023,6,24,4,1,C,FEMENINO,51,143689603
2023,6,24,4,1,C,MASCULINO,65,202711212
2023,6,24,5,1,A,MASCULINO,1,6660000
2023,6,24,5,1,B,FEMENINO,5,41040000
2023,6,24,5,1,B,MASCULINO,5,37620000
2023,6,24,5,1,C,FEMENINO,14,73466875
2023,6,24,5,1,C,MASCULINO,4,22320000
2023,6,24,5,1,D,FEMENINO,10,37440000
2023,6,24,5,1,D,MASCULINO,12,43200000
2023,6,24,5,1,E,FEMENINO,1,2340000
2023,6,24,5,1,E,MASCULINO,12,30871656
2023,6,24,5,1,F,FEMENINO,16,38562084
2023,6,24,5,1,F,MASCULINO,17,46802938
2023,6,24,5,1,G,FEMENINO,27,62242125
2023,6,24,5,1,G,MASCULINO,25,56813594
2023,6,24,5,1,X,FEMENINO,1,3150000
2023,6,25,2,1,A,FEMENINO,512,2546240169
2023,6,25,2,1,A,MASCULINO,480,2537124181
2023,6,25,2,1,O,FEMENINO,134,503939888
2023,6,25,2,1,O,MASCULINO,2027,9062166684
2023,6,25,2,1,P,FEMENINO,202,2104853488
2023,6,25,2,1,P,MASCULINO,459,5045252344
2023,6,25,2,1,T,FEMENINO,51,306343101
2023,6,25,2,1,T,MASCULINO,518,3241094118
2023,6,25,4,1,1,FEMENINO,4,12919830
2023,6,25,4,1,1,MASCULINO,13,42290808
2023,6,25,4,1,E,FEMENINO,13,45384024
2023,6,25,4,1,E,MASCULINO,29,98923762
2023,6,25,4,1,G,FEMENINO,19,52700428
2023,6,25,4,1,G,MASCULINO,57,153939247
2023,6,25,4,1,H,FEMENINO,212,494017137
2023,6,25,4,1,H,MASCULINO,685,1594288678
2023,6,25,4,1,I,FEMENINO,3,7339283
2023,6,25,4,1,I,MASCULINO,7,17004092
2023,6,25,4,1,J,FEMENINO,2,6743275
2023,6,25,4,1,J,MASCULINO,3,9672523
2023,6,25,4,1,K,FEMENINO,44,151386949
2023,6,25,4,1,K,MASCULINO,108,380865042
2023,6,25,4,1,R,FEMENINO,22,143174192
2023,6,25,4,1,R,MASCULINO,64,412472837
2023,6,25,5,1,A,FEMENINO,4,26630000
2023,6,25,5,1,A,MASCULINO,13,92086313
2023,6,25,5,1,B,FEMENINO,32,298464614
2023,6,25,5,1,B,MASCULINO,57,527513676
2023,6,25,5,1,C,FEMENINO,93,594440000
2023,6,25,5,1,C,MASCULINO,166,1071402930
2023,6,25,5,1,D,FEMENINO,160,630176279
2023,6,25,5,1,D,MASCULINO,224,903552921
2023,6,25,5,1,E,FEMENINO,273,909854595
2023,6,25,5,1,E,MASCULINO,555,1856044442
2023,6,25,6,1,1,FEMENINO,10,44638700
2023,6,25,6,1,1,MASCULINO,10,35824614
2023,6,25,6,1,2,FEMENINO,4,22093700
2023,6,25,6,1,2,MASCULINO,8,44610800
2023,6,25,6,1,E,FEMENINO,1,14400000
2023,6,25,6,1,F,FEMENINO,1,2550307
2023,6,25,6,1,F,MASCULINO,11,28053377
2023,6,25,6,1,G,FEMENINO,7,30410700
2023,6,25,6,1,G,MASCULINO,25,88329100
2023,6,25,6,1,H,FEMENINO,9,28832000
2023,6,25,6,1,H,MASCULINO,51,156110335
2023,6,25,6,1,I,FEMENINO,13,38201714
2023,6,25,6,1,I,MASCULINO,106,320093463
2023,6,25,6,1,J,FEMENINO,4,11678621
2023,6,25,6,1,J,MASCULINO,22,64865698
2023,6,25,6,1,K,FEMENINO,46,203276200
2023,6,25,6,1,K,MASCULINO,163,675591221
2023,6,25,6,1,R,FEMENINO,19,134090800
2023,6,25,6,1,R,MASCULINO,53,373537914
2023,6,25,7,1,2,FEMENINO,5,63147147
2023,6,25,7,1,2,MASCULINO,13,147979000
2023,6,25,7,1,F,FEMENINO,1,3409000
2023,6,25,7,1,G,FEMENINO,107,676899780
2023,6,25,7,1,G,MASCULINO,503,2906397301
2023,6,25,7,1,X,FEMENINO,6,31444244
2023,6,25,7,1,X,MASCULINO,71,374233942
2023,6,27,1,1,B,FEMENINO,532,4080606390
2023,6,27,1,1,B,MASCULINO,831,7606958160
2023,6,27,3,1,A,FEMENINO,1,13000000
2023,6,27,3,1,A,MASCULINO,2,21500000
2023,6,27,3,1,B,FEMENINO,13,105900000
2023,6,27,3,1,B,MASCULINO,53,445000000
2023,6,27,3,1,C,FEMENINO,34,231200000
2023,6,27,3,1,C,MASCULINO,43,288300000
2023,6,27,3,1,D,FEMENINO,80,387100000
2023,6,27,3,1,D,MASCULINO,183,913000000
2023,6,27,3,1,E,FEMENINO,2,6200000
2023,6,27,3,1,E,MASCULINO,2,6000000
2023,6,27,4,1,K,FEMENINO,35,177062296
2023,6,27,4,1,K,MASCULINO,64,304904206
2023,6,27,5,1,H,FEMENINO,2,4641558
2023,6,27,7,1,A,FEMENINO,48,443741000
2023,6,27,7,1,A,MASCULINO,46,531861000
2023,6,28,1,1,4,FEMENINO,135,735613414
2023,6,28,1,1,4,MASCULINO,95,516532111
2023,6,28,1,1,A,FEMENINO,1,5100614
2023,6,28,1,1,B,MASCULINO,3,9385130
2023,6,28,1,1,C,FEMENINO,95,244829472
2023,6,28,1,1,C,MASCULINO,69,178260507
2023,6,28,1,1,D,FEMENINO,15,34888198
2023,6,28,1,1,D,MASCULINO,18,45905526
2023,6,28,1,1,E,FEMENINO,4,10290369
2023,6,28,1,1,E,MASCULINO,2,5189755
2023,6,28,1,1,F,FEMENINO,44,112213508
2023,6,28,1,1,F,MASCULINO,94,243666242
2023,6,28,1,1,G,FEMENINO,120,414741780
2023,6,28,1,1,G,MASCULINO,122,388303649
2023,6,28,1,1,H,FEMENINO,214,727389819
2023,6,28,1,1,H,MASCULINO,372,1290884923
2023,6,28,1,1,I,FEMENINO,1,3142200
2023,6,28,1,1,I,MASCULINO,11,34061448
2023,6,28,1,1,K,FEMENINO,932,3623190023
2023,6,28,1,1,K,MASCULINO,1009,3856729975
2023,6,28,1,1,L,FEMENINO,2713,7404784237
2023,6,28,1,1,L,MASCULINO,2911,9460688697
2023,6,28,1,1,R,FEMENINO,463,2281640531
2023,6,28,1,1,R,MASCULINO,283,1383777136
2023,6,28,1,1,S,FEMENINO,1701,7894044507
2023,6,28,1,1,S,MASCULINO,514,2145260000
2023,6,28,1,1,U,FEMENINO,2346,11343473077
2023,6,28,1,1,U,MASCULINO,2008,10341792185
2023,6,28,1,1,Z,FEMENINO,147,392077002
2023,6,28,1,1,Z,MASCULINO,138,320377544
2023,6,28,2,1,C,FEMENINO,30,59267288
2023,6,28,2,1,C,MASCULINO,34,66981859
2023,6,28,2,1,D,FEMENINO,23,48119797
2023,6,28,2,1,D,MASCULINO,20,40022184
2023,6,28,2,1,E,FEMENINO,38,72447231
2023,6,28,2,1,E,MASCULINO,20,40925484
2023,6,28,2,1,F,FEMENINO,45,87688721
2023,6,28,2,1,F,MASCULINO,23,46046222
2023,6,28,2,1,G,FEMENINO,28,69650769
2023,6,28,2,1,G,MASCULINO,18,53221303
2023,6,28,2,1,H,FEMENINO,12,25642482
2023,6,28,2,1,H,MASCULINO,8,19489122
2023,6,28,2,1,K,FEMENINO,26,90208406
2023,6,28,2,1,K,MASCULINO,32,119293076
2023,6,28,2,1,L,FEMENINO,13,22889262
2023,6,28,2,1,L,MASCULINO,8,15041627
2023,6,28,2,1,U,FEMENINO,708,2253422998
2023,6,28,2,1,U,MASCULINO,596,2394122429
2023,6,28,2,1,Z,FEMENINO,1,1134000
2023,6,28,2,1,Z,MASCULINO,2,2268000
2023,6,28,3,1,1,MASCULINO,1,3482052
2023,6,28,3,1,D,FEMENINO,16,32612012
2023,6,28,3,1,D,MASCULINO,10,21422580
2023,6,28,3,1,E,FEMENINO,11,23264565
2023,6,28,3,1,E,MASCULINO,7,14695533
2023,6,28,3,1,F,FEMENINO,19,38846052
2023,6,28,3,1,F,MASCULINO,16,33006004
2023,6,28,3,1,G,FEMENINO,11,27784579
2023,6,28,3,1,G,MASCULINO,20,51661546
2023,6,28,3,1,K,FEMENINO,12,43191288
2023,6,28,3,1,K,MASCULINO,3,10457412
2023,6,28,3,1,U,FEMENINO,352,1130048182
2023,6,28,3,1,U,MASCULINO,253,882401597
2023,6,28,4,1,1,FEMENINO,9,42553728
2023,6,28,4,1,1,MASCULINO,3,11983356
2023,6,28,4,1,C,FEMENINO,8,17138064
2023,6,28,4,1,C,MASCULINO,4,8569032
2023,6,28,4,1,E,FEMENINO,21,44607386
2023,6,28,4,1,E,MASCULINO,20,42943580
2023,6,28,4,1,F,FEMENINO,23,50819966
2023,6,28,4,1,F,MASCULINO,11,25073781
2023,6,28,4,1,G,FEMENINO,36,109562312
2023,6,28,4,1,G,MASCULINO,18,54392476
2023,6,28,4,1,H,FEMENINO,43,94284174
2023,6,28,4,1,H,MASCULINO,36,79754470
2023,6,28,4,1,K,FEMENINO,11,34212106
2023,6,28,4,1,K,MASCULINO,3,6633414
2023,6,28,4,1,L,FEMENINO,449,1201238356
2023,6,28,4,1,L,MASCULINO,312,919735912
2023,6,28,4,1,S,FEMENINO,1,2142258
2023,6,28,4,1,S,MASCULINO,1,230244
2023,6,28,4,1,U,FEMENINO,113,302426503
2023,6,28,4,1,U,MASCULINO,59,157411497
2023,6,28,6,1,0,FEMENINO,4,0
2023,6,28,6,1,0,MASCULINO,4,0
2023,6,28,6,1,D,FEMENINO,5,10711290
2023,6,28,6,1,D,MASCULINO,1,2142258
2023,6,28,6,1,E,FEMENINO,20,42845160
2023,6,28,6,1,E,MASCULINO,17,36418386
2023,6,28,6,1,F,FEMENINO,33,70694514
2023,6,28,6,1,F,MASCULINO,24,51414192
2023,6,28,6,1,G,FEMENINO,41,137332104
2023,6,28,6,1,G,MASCULINO,42,142898364
2023,6,28,6,1,H,FEMENINO,1,2454816
2023,6,28,6,1,K,FEMENINO,5,23938992
2023,6,28,6,1,K,MASCULINO,4,19094040
2023,6,28,6,1,L,FEMENINO,675,787423801
2023,6,28,6,1,L,MASCULINO,493,644965544
2023,6,28,6,1,U,FEMENINO,139,381763778
2023,6,28,6,1,U,MASCULINO,109,321321663
2023,6,28,8,1,E,FEMENINO,10,21422570
2023,6,28,8,1,E,MASCULINO,6,12853542
2023,6,28,8,1,F,FEMENINO,7,14995799
2023,6,28,8,1,F,MASCULINO,5,10711285
2023,6,28,8,1,G,FEMENINO,20,64852158
2023,6,28,8,1,G,MASCULINO,19,57322314
2023,6,28,8,1,U,FEMENINO,3,13039488
2023,6,28,8,1,U,MASCULINO,9,39233292
2023,6,28,10,1,U,FEMENINO,44,70975767
2023,6,28,10,1,U,MASCULINO,32,84192940
2023,6,30,1,2,M,FEMENINO,17,47436681
2023,6,30,1,2,M,MASCULINO,33,96639000
2023,6,30,1,3,M,MASCULINO,1,5000000
2023,6,30,1,4,M,FEMENINO,6,14883750
2023,6,30,1,4,M,MASCULINO,3,13346884
2023,6,30,1,5,M,FEMENINO,3,7092000
2023,6,30,1,5,M,MASCULINO,4,13540000
2023,6,30,1,6,M,FEMENINO,13,41010130
2023,6,30,1,6,M,MASCULINO,8,22600000
2023,6,30,1,237,M,MASCULINO,1,5000000
2023,6,30,1,238,M,MASCULINO,5,29300000
2023,6,30,1,241,M,FEMENINO,1,5000000
2023,6,30,1,241,M,MASCULINO,2,3500000
2023,6,30,1,249,A,MASCULINO,1,6860000
2023,6,30,1,257,M,FEMENINO,5,9895939
2023,6,30,1,257,M,MASCULINO,2,2300000
2023,6,30,1,263,M,MASCULINO,4,12500000
2023,6,30,1,524,M,FEMENINO,2,9300000
2023,6,30,1,524,M,MASCULINO,2,5000000
2023,6,30,2,8,M,FEMENINO,4,16515000
2023,6,30,2,8,M,MASCULINO,6,44000000
2023,6,30,2,11,M,FEMENINO,4,6839000
2023,6,30,2,11,M,MASCULINO,12,26291000
2023,6,30,2,12,M,FEMENINO,3,8200500
2023,6,30,2,12,M,MASCULINO,7,25087211
2023,6,30,2,13,C,MASCULINO,1,7250000
2023,6,30,2,13,E,FEMENINO,3,5805000
2023,6,30,2,13,E,MASCULINO,1,1620000
2023,6,30,2,14,M,FEMENINO,1,4825000
2023,6,30,2,14,M,MASCULINO,2,1710000
2023,6,30,2,15,M,FEMENINO,6,9090000
2023,6,30,2,15,M,MASCULINO,12,41475000
2023,6,30,2,16,M,MASCULINO,1,3600000
2023,6,30,2,17,M,FEMENINO,2,2750000
2023,6,30,2,17,M,MASCULINO,1,2700000
2023,6,30,2,18,M,FEMENINO,1,2020000
2023,6,30,2,18,M,MASCULINO,3,10964000
2023,6,30,2,19,M,FEMENINO,3,3850000
2023,6,30,2,19,M,MASCULINO,3,5350000
2023,6,30,2,20,M,MASCULINO,4,12200000
2023,6,30,2,22,M,FEMENINO,2,10000000
2023,6,30,2,22,M,MASCULINO,4,9500000
2023,6,30,2,23,M,FEMENINO,1,1004500
2023,6,30,2,23,M,MASCULINO,2,5062650
2023,6,30,2,24,M,FEMENINO,1,1200000
2023,6,30,2,24,M,MASCULINO,1,13700000
2023,6,30,2,25,M,MASCULINO,4,15114328
2023,6,30,2,26,M,FEMENINO,5,23540000
2023,6,30,2,26,M,MASCULINO,11,32950000
2023,6,30,2,239,M,MASCULINO,4,13788300
2023,6,30,2,260,M,FEMENINO,1,3800000
2023,6,30,2,260,M,MASCULINO,5,11900000
2023,6,30,3,27,M,FEMENINO,27,72662610
2023,6,30,3,27,M,MASCULINO,24,62676450
2023,6,30,3,28,M,FEMENINO,2,4742250
2023,6,30,3,28,M,MASCULINO,7,25084500
2023,6,30,3,29,M,FEMENINO,2,5400000
2023,6,30,3,29,M,MASCULINO,6,10480000
2023,6,30,3,30,M,FEMENINO,3,7350000
2023,6,30,3,30,M,MASCULINO,3,15100000
2023,6,30,3,31,M,FEMENINO,6,11550000
2023,6,30,3,31,M,MASCULINO,7,25100000
2023,6,30,3,32,0,FEMENINO,11,24900000
2023,6,30,3,32,0,MASCULINO,5,24750000
2023,6,30,3,33,C,MASCULINO,2,0
2023,6,30,3,33,M,FEMENINO,6,11835000
2023,6,30,3,33,M,MASCULINO,10,38525000
2023,6,30,3,34,M,FEMENINO,4,8550000
2023,6,30,3,34,M,MASCULINO,6,14610000
2023,6,30,3,35,M,FEMENINO,4,6100000
2023,6,30,3,35,M,MASCULINO,4,20146000
2023,6,30,3,36,M,FEMENINO,1,2250000
2023,6,30,3,36,M,MASCULINO,2,5500000
2023,6,30,3,37,M,MASCULINO,1,4000000
2023,6,30,3,38,M,MASCULINO,1,2000000
2023,6,30,3,39,M,FEMENINO,4,11345000
2023,6,30,3,39,M,MASCULINO,1,2160000
2023,6,30,3,42,M,FEMENINO,6,20700000
2023,6,30,3,42,M,MASCULINO,6,40288390
2023,6,30,3,43,M,MASCULINO,7,12240000
2023,6,30,3,44,M,FEMENINO,7,19675000
2023,6,30,3,44,M,MASCULINO,5,9180000
2023,6,30,3,45,M,FEMENINO,9,19565000
2023,6,30,3,45,M,MASCULINO,4,4860000
2023,6,30,4,47,M,FEMENINO,37,88146886
2023,6,30,4,47,M,MASCULINO,38,104170504
2023,6,30,4,48,M,FEMENINO,2,2630000
2023,6,30,4,48,M,MASCULINO,1,2800000
2023,6,30,4,49,M,FEMENINO,4,5100000
2023,6,30,4,49,M,MASCULINO,6,12500000
2023,6,30,4,50,M,MASCULINO,2,4440000
2023,6,30,4,51,M,MASCULINO,2,3600000
2023,6,30,4,53,M,FEMENINO,1,1400000
2023,6,30,4,53,M,MASCULINO,5,18400000
2023,6,30,4,54,M,FEMENINO,1,0
2023,6,30,4,54,M,MASCULINO,2,0
2023,6,30,4,55,M,FEMENINO,4,6460000
2023,6,30,4,55,M,MASCULINO,4,5830000
2023,6,30,4,56,M,FEMENINO,1,1350000
2023,6,30,4,56,M,MASCULINO,1,1785000
2023,6,30,4,57,M,FEMENINO,2,4650000
2023,6,30,4,57,M,MASCULINO,2,3250000
2023,6,30,4,58,M,MASCULINO,2,2400000
2023,6,30,4,59,M,FEMENINO,1,700000
2023,6,30,4,59,M,MASCULINO,1,600000
2023,6,30,4,60,M,FEMENINO,1,1000000
2023,6,30,4,60,M,MASCULINO,1,1500000
2023,6,30,4,61,M,FEMENINO,5,6640000
2023,6,30,4,62,M,FEMENINO,4,3942222
2023,6,30,4,62,M,MASCULINO,9,9010000
2023,6,30,4,63,M,MASCULINO,2,0
2023,6,30,4,234,M,FEMENINO,4,9675000
2023,6,30,4,234,M,MASCULINO,2,8700000
2023,6,30,5,64,M,FEMENINO,36,83007200
2023,6,30,5,64,M,MASCULINO,75,184407446
2023,6,30,5,65,A,FEMENINO,1,4800000
2023,6,30,5,65,A,MASCULINO,2,18770000
2023,6,30,5,65,B,FEMENINO,2,6600000
2023,6,30,5,65,B,MASCULINO,5,17300000
2023,6,30,5,65,C,FEMENINO,2,6900000
2023,6,30,5,65,C,MASCULINO,7,27200000
2023,6,30,5,65,D,FEMENINO,2,7600000
2023,6,30,5,65,D,MASCULINO,2,6850000
2023,6,30,5,65,E,FEMENINO,1,3000000
2023,6,30,5,65,E,MASCULINO,2,5200000
2023,6,30,5,65,G,FEMENINO,3,9800000
2023,6,30,5,65,G,MASCULINO,7,21700000
2023,6,30,5,66,M,FEMENINO,1,1500000
2023,6,30,5,66,M,MASCULINO,3,9600000
2023,6,30,5,67,M,FEMENINO,1,1080000
2023,6,30,5,67,M,MASCULINO,2,2018000
2023,6,30,5,68,M,FEMENINO,1,1530000
2023,6,30,5,68,M,MASCULINO,2,4800000
2023,6,30,5,69,M,FEMENINO,5,8028000
2023,6,30,5,69,M,MASCULINO,14,27844000
2023,6,30,5,70,M,FEMENINO,2,4050000
2023,6,30,5,70,M,MASCULINO,4,18737000
2023,6,30,5,71,M,MASCULINO,2,4300000
2023,6,30,5,72,A,MASCULINO,1,3350000
2023,6,30,5,72,F,MASCULINO,3,5796000
2023,6,30,5,73,0,FEMENINO,3,4905000
2023,6,30,5,73,0,MASCULINO,10,23350000
2023,6,30,5,74,M,FEMENINO,3,4860000
2023,6,30,5,74,M,MASCULINO,4,7020000
2023,6,30,5,75,M,FEMENINO,3,6300000
2023,6,30,5,75,M,MASCULINO,6,32850000
2023,6,30,5,76,M,MASCULINO,3,0
2023,6,30,5,77,M,FEMENINO,2,4050000
2023,6,30,5,77,M,MASCULINO,4,7695000
2023,6,30,5,78,M,FEMENINO,8,9579167
2023,6,30,5,78,M,MASCULINO,4,5175000
2023,6,30,5,79,M,FEMENINO,4,8600000
2023,6,30,5,79,M,MASCULINO,10,33200000
2023,6,30,5,81,M,FEMENINO,2,2600000
2023,6,30,5,81,M,MASCULINO,1,980000
2023,6,30,5,82,M,MASCULINO,3,4938882
2023,6,30,5,83,M,FEMENINO,1,990000
2023,6,30,5,83,M,MASCULINO,2,8150000
2023,6,30,5,233,M,FEMENINO,1,550000
2023,6,30,5,233,M,MASCULINO,14,13998333
2023,6,30,5,243,M,MASCULINO,4,15793999
2023,6,30,6,84,M,FEMENINO,8,14300000
2023,6,30,6,84,M,MASCULINO,14,46180000
2023,6,30,6,85,M,MASCULINO,5,21320000
2023,6,30,6,86,M,FEMENINO,3,0
2023,6,30,6,86,M,MASCULINO,6,0
2023,6,30,6,87,M,MASCULINO,2,5400000
2023,6,30,6,88,M,FEMENINO,1,1750000
2023,6,30,6,88,M,MASCULINO,5,10200000
2023,6,30,6,89,M,MASCULINO,2,5070000
2023,6,30,6,90,M,FEMENINO,4,5600000
2023,6,30,6,90,M,MASCULINO,6,10000000
2023,6,30,6,91,1,MASCULINO,2,4820000
2023,6,30,6,92,0,FEMENINO,3,12375000
2023,6,30,6,92,0,MASCULINO,3,6330000
2023,6,30,6,93,M,FEMENINO,10,17950000
2023,6,30,6,93,M,MASCULINO,13,32750000
2023,6,30,6,245,M,FEMENINO,1,2230000
2023,6,30,6,245,M,MASCULINO,3,8400000
2023,6,30,7,94,M,FEMENINO,80,173440931
2023,6,30,7,94,M,MASCULINO,148,373950177
2023,6,30,7,95,M,FEMENINO,4,8250532
2023,6,30,7,95,M,MASCULINO,9,41737545
2023,6,30,7,96,0,FEMENINO,11,33700000
2023,6,30,7,96,0,MASCULINO,16,75840000
2023,6,30,7,97,M,FEMENINO,5,9540000
2023,6,30,7,97,M,MASCULINO,12,26151924
2023,6,30,7,98,M,FEMENINO,7,16882500
2023,6,30,7,98,M,MASCULINO,5,28515000
2023,6,30,7,99,M,MASCULINO,1,0
2023,6,30,7,100,M,FEMENINO,8,17805000
2023,6,30,7,100,M,MASCULINO,2,11600000
2023,6,30,7,101,M,FEMENINO,4,9240000
2023,6,30,7,101,M,MASCULINO,16,50460000
2023,6,30,7,102,M,FEMENINO,1,2700000
2023,6,30,7,102,M,MASCULINO,7,23984000
2023,6,30,7,103,M,FEMENINO,6,11677500
2023,6,30,7,103,M,MASCULINO,6,17546000
2023,6,30,7,104,M,FEMENINO,9,28528472
2023,6,30,7,104,M,MASCULINO,9,32592544
2023,6,30,7,105,M,FEMENINO,6,10050000
2023,6,30,7,105,M,MASCULINO,3,8250000
2023,6,30,7,106,M,FEMENINO,1,1350000
2023,6,30,7,106,M,MASCULINO,6,11740000
2023,6,30,7,107,M,FEMENINO,8,55200000
2023,6,30,7,107,M,MASCULINO,7,66517200
2023,6,30,7,108,M,FEMENINO,7,7600000
2023,6,30,7,108,M,MASCULINO,2,8000000
2023,6,30,7,109,M,FEMENINO,1,4500000
2023,6,30,7,109,M,MASCULINO,1,2970000
2023,6,30,7,110,M,FEMENINO,8,25360000
2023,6,30,7,110,M,MASCULINO,9,39200000
2023,6,30,7,111,M,FEMENINO,1,2600000
2023,6,30,7,111,M,MASCULINO,2,6116666
2023,6,30,7,112,M,FEMENINO,2,6000000
2023,6,30,7,112,M,MASCULINO,5,17220000
2023,6,30,7,113,M,FEMENINO,3,7100000
2023,6,30,7,113,M,MASCULINO,7,29690000
2023,6,30,7,114,M,MASCULINO,8,46270000
2023,6,30,7,115,M,FEMENINO,8,26750000
2023,6,30,7,115,M,MASCULINO,3,11625000
2023,6,30,7,116,M,FEMENINO,4,7200000
2023,6,30,7,116,M,MASCULINO,3,16050000
2023,6,30,7,117,M,FEMENINO,5,23441667
2023,6,30,7,117,M,MASCULINO,3,29000000
2023,6,30,7,118,M,MASCULINO,3,11325000
2023,6,30,7,119,M,FEMENINO,2,12360604
2023,6,30,7,119,M,MASCULINO,2,7315687
2023,6,30,7,120,M,FEMENINO,3,7500000
2023,6,30,7,120,M,MASCULINO,2,14150000
2023,6,30,7,121,M,FEMENINO,1,4050000
2023,6,30,7,121,M,MASCULINO,3,27048765
2023,6,30,7,122,B,MASCULINO,1,5340273
2023,6,30,7,122,C,FEMENINO,1,2232524
2023,6,30,7,122,D,FEMENINO,1,3567600
2023,6,30,7,122,E,FEMENINO,2,5946300
2023,6,30,7,122,E,MASCULINO,4,10305000
2023,6,30,7,122,S,MASCULINO,1,9119318
2023,6,30,7,123,M,FEMENINO,7,16007000
2023,6,30,7,123,M,MASCULINO,5,19194500
2023,6,30,8,124,0,FEMENINO,12,22320000
2023,6,30,8,124,0,MASCULINO,10,22235000
2023,6,30,8,126,M,FEMENINO,10,51410000
2023,6,30,8,126,M,MASCULINO,18,64306000
2023,6,30,8,127,M,FEMENINO,8,13841667
2023,6,30,8,127,M,MASCULINO,6,9678913
2023,6,30,8,129,M,FEMENINO,3,5337000
2023,6,30,8,129,M,MASCULINO,5,2695000
2023,6,30,8,130,M,FEMENINO,4,5220000
2023,6,30,8,130,M,MASCULINO,5,2250000
2023,6,30,8,131,M,FEMENINO,4,9050000
2023,6,30,8,131,M,MASCULINO,3,12200000
2023,6,30,8,132,M,FEMENINO,2,3330000
2023,6,30,8,132,M,MASCULINO,3,5250000
2023,6,30,8,133,M,FEMENINO,1,1200000
2023,6,30,8,133,M,MASCULINO,3,3650000
2023,6,30,9,134,M,FEMENINO,21,49961185
2023,6,30,9,134,M,MASCULINO,25,76037500
2023,6,30,9,135,M,FEMENINO,1,2000000
2023,6,30,9,135,M,MASCULINO,3,12720000
2023,6,30,9,137,P,MASCULINO,3,5700000
2023,6,30,9,138,M,FEMENINO,11,26500000
2023,6,30,9,138,M,MASCULINO,12,39210000
2023,6,30,9,139,M,FEMENINO,9,12988598
2023,6,30,9,139,M,MASCULINO,2,3150000
2023,6,30,9,140,M,MASCULINO,4,14100000
2023,6,30,9,141,M,FEMENINO,3,2800000
2023,6,30,9,141,M,MASCULINO,4,2440000
2023,6,30,9,142,M,FEMENINO,5,16770000
2023,6,30,9,142,M,MASCULINO,1,1500000
2023,6,30,9,143,A,FEMENINO,1,8000000
2023,6,30,9,143,B,MASCULINO,1,2250000
2023,6,30,9,143,C,FEMENINO,2,3780000
2023,6,30,9,143,C,MASCULINO,3,6750000
2023,6,30,9,143,G,FEMENINO,4,6890277
2023,6,30,9,143,G,MASCULINO,5,6796364
2023,6,30,9,144,M,FEMENINO,1,575000
2023,6,30,9,144,M,MASCULINO,2,2920000
2023,6,30,9,145,M,FEMENINO,1,500000
2023,6,30,9,145,M,MASCULINO,4,9750000
2023,6,30,9,146,M,FEMENINO,3,6600000
2023,6,30,9,146,M,MASCULINO,4,6500000
2023,6,30,9,147,M,FEMENINO,2,3000000
2023,6,30,9,147,M,MASCULINO,2,5000000
2023,6,30,9,148,M,FEMENINO,3,5700000
2023,6,30,9,148,M,MASCULINO,11,26700000
2023,6,30,9,149,M,FEMENINO,3,6750000
2023,6,30,9,149,M,MASCULINO,6,22050000
2023,6,30,9,150,M,MASCULINO,1,3890000
2023,6,30,9,252,M,FEMENINO,1,1350000
2023,6,30,9,252,M,MASCULINO,3,7240000
2023,6,30,10,151,A,MASCULINO,1,15000000
2023,6,30,10,151,B,FEMENINO,31,165599567
2023,6,30,10,151,B,MASCULINO,32,168364900
2023,6,30,10,151,C,FEMENINO,89,306014663
2023,6,30,10,151,C,MASCULINO,98,340452767
2023,6,30,10,151,E,FEMENINO,3,7470900
2023,6,30,10,151,E,MASCULINO,9,21027600
2023,6,30,10,151,F,FEMENINO,11,25591666
2023,6,30,10,151,F,MASCULINO,20,42666115
2023,6,30,10,151,G,FEMENINO,6,16309800
2023,6,30,10,151,G,MASCULINO,11,29616500
2023,6,30,10,152,B,FEMENINO,1,1890000
2023,6,30,10,152,B,MASCULINO,3,11100000
2023,6,30,10,152,D,FEMENINO,10,22890000
2023,6,30,10,152,D,MASCULINO,13,35880000
2023,6,30,10,152,E,MASCULINO,2,4140000
2023,6,30,10,152,F,FEMENINO,10,21240000
2023,6,30,10,152,F,MASCULINO,8,16740000
2023,6,30,10,152,G,FEMENINO,10,17550000
2023,6,30,10,152,G,MASCULINO,22,66000000
2023,6,30,10,152,H,FEMENINO,2,3780000
2023,6,30,10,152,H,MASCULINO,2,5400000
2023,6,30,10,152,P,FEMENINO,1,1700000
2023,6,30,10,153,M,FEMENINO,4,9600000
2023,6,30,10,153,M,MASCULINO,9,31000000
2023,6,30,10,154,M,FEMENINO,3,7800000
2023,6,30,10,154,M,MASCULINO,5,23700000
2023,6,30,10,155,A,MASCULINO,1,19000000
2023,6,30,10,155,B,FEMENINO,13,40194182
2023,6,30,10,155,B,MASCULINO,12,39532458
2023,6,30,10,155,D,FEMENINO,15,31582779
2023,6,30,10,155,D,MASCULINO,8,15476075
2023,6,30,10,155,E,FEMENINO,4,7642350
2023,6,30,10,155,E,MASCULINO,10,20399723
2023,6,30,10,155,F,FEMENINO,1,1466660
2023,6,30,10,155,F,MASCULINO,1,659999
2023,6,30,10,155,G,FEMENINO,17,44166883
2023,6,30,10,155,G,MASCULINO,19,52533246
2023,6,30,10,155,L,FEMENINO,1,2208690
2023,6,30,10,155,L,MASCULINO,2,4007070
2023,6,30,10,156,M,FEMENINO,5,32330200
2023,6,30,10,156,M,MASCULINO,3,10206200
2023,6,30,10,157,M,FEMENINO,5,9106000
2023,6,30,10,157,M,MASCULINO,9,32190000
2023,6,30,10,158,M,FEMENINO,4,6850000
2023,6,30,10,158,M,MASCULINO,3,9300000
2023,6,30,10,159,M,FEMENINO,4,10910298
2023,6,30,10,159,M,MASCULINO,7,27128889
2023,6,30,10,160,M,FEMENINO,6,14718927
2023,6,30,10,160,M,MASCULINO,6,23685491
2023,6,30,10,161,M,FEMENINO,4,8230000
2023,6,30,10,161,M,MASCULINO,9,25986667
2023,6,30,10,162,M,FEMENINO,33,83526905
2023,6,30,10,162,M,MASCULINO,45,127781503
2023,6,30,10,163,M,FEMENINO,3,9100000
2023,6,30,10,163,M,MASCULINO,3,21000000
2023,6,30,10,164,A,MASCULINO,1,14949392
2023,6,30,10,164,B,FEMENINO,6,30596354
2023,6,30,10,164,B,MASCULINO,4,17008896
2023,6,30,10,164,C,FEMENINO,8,38767693
2023,6,30,10,164,C,MASCULINO,6,29978037
2023,6,30,10,164,D,FEMENINO,7,34492426
2023,6,30,10,164,D,MASCULINO,5,16943637
2023,6,30,10,164,F,FEMENINO,6,16911442
2023,6,30,10,164,F,MASCULINO,4,12646078
2023,6,30,10,164,G,FEMENINO,14,40217869
2023,6,30,10,164,G,MASCULINO,45,137070392
2023,6,30,10,165,A,MASCULINO,1,15400000
2023,6,30,10,165,C,FEMENINO,4,21653500
2023,6,30,10,165,C,MASCULINO,2,10550000
2023,6,30,10,165,G,MASCULINO,1,5000000
2023,6,30,10,166,M,FEMENINO,7,18888030
2023,6,30,10,166,M,MASCULINO,4,9147600
2023,6,30,10,167,M,FEMENINO,4,6750000
2023,6,30,10,167,M,MASCULINO,6,31763333
2023,6,30,10,168,M,FEMENINO,9,40495136
2023,6,30,10,169,M,FEMENINO,5,13765000
2023,6,30,10,169,M,MASCULINO,8,36530000
2023,6,30,10,170,M,FEMENINO,6,20156667
2023,6,30,10,170,M,MASCULINO,8,45744057
2023,6,30,10,240,M,FEMENINO,6,14500000
2023,6,30,10,240,M,MASCULINO,5,19850000
2023,6,30,10,246,M,FEMENINO,1,2200000
2023,6,30,10,246,M,MASCULINO,8,41220000
2023,6,30,11,171,M,FEMENINO,10,20512824
2023,6,30,11,171,M,MASCULINO,13,22821120
2023,6,30,11,172,M,FEMENINO,56,125799421
2023,6,30,11,172,M,MASCULINO,78,213990442
2023,6,30,11,173,A,MASCULINO,1,17495276
2023,6,30,11,173,B,FEMENINO,6,26986317
2023,6,30,11,173,B,MASCULINO,9,40710775
2023,6,30,11,173,C,FEMENINO,10,35857014
2023,6,30,11,173,C,MASCULINO,19,70323943
2023,6,30,11,173,D,FEMENINO,24,75670571
2023,6,30,11,173,D,MASCULINO,46,144852512
2023,6,30,11,173,E,FEMENINO,68,151059295
2023,6,30,11,173,E,MASCULINO,67,160443723
2023,6,30,11,173,F,FEMENINO,12,27066079
2023,6,30,11,173,F,MASCULINO,10,24759396
2023,6,30,11,173,G,FEMENINO,55,112780036
2023,6,30,11,173,G,MASCULINO,51,111553778
2023,6,30,11,174,M,FEMENINO,15,39950000
2023,6,30,11,174,M,MASCULINO,9,35900000
2023,6,30,11,175,M,FEMENINO,2,4800000
2023,6,30,11,175,M,MASCULINO,2,13100000
2023,6,30,11,176,M,FEMENINO,15,36747761
2023,6,30,11,176,M,MASCULINO,19,54727204
2023,6,30,11,177,M,FEMENINO,109,280318777
2023,6,30,11,177,M,MASCULINO,136,375962112
2023,6,30,11,178,M,FEMENINO,49,122668369
2023,6,30,11,178,M,MASCULINO,68,173158669
2023,6,30,11,179,M,FEMENINO,83,270754054
2023,6,30,11,179,M,MASCULINO,106,416340805
2023,6,30,11,180,1,FEMENINO,57,112965370
2023,6,30,11,180,1,MASCULINO,62,125071650
2023,6,30,11,180,C,FEMENINO,2,7605600
2023,6,30,11,180,C,MASCULINO,2,5814000
2023,6,30,11,180,D,FEMENINO,18,41589492
2023,6,30,11,180,D,MASCULINO,7,17469992
2023,6,30,11,180,E,FEMENINO,15,31514626
2023,6,30,11,180,E,MASCULINO,7,13690532
2023,6,30,11,180,F,FEMENINO,1,1829200
2023,6,30,11,180,F,MASCULINO,2,3446464
2023,6,30,11,180,G,FEMENINO,7,13086128
2023,6,30,11,180,G,MASCULINO,3,5532464
2023,6,30,11,180,Q,FEMENINO,5,14700000
2023,6,30,11,180,S,FEMENINO,22,49151000
2023,6,30,11,180,S,MASCULINO,15,35563135
2023,6,30,11,180,X,FEMENINO,1,15000000
2023,6,30,11,181,M,FEMENINO,1,2442308
2023,6,30,11,181,M,MASCULINO,2,9977500
2023,6,30,11,182,M,FEMENINO,12,82620000
2023,6,30,11,182,M,MASCULINO,34,334157677
2023,6,30,11,183,C,MASCULINO,1,8330100
2023,6,30,11,183,M,FEMENINO,4,14589125
2023,6,30,11,183,M,MASCULINO,8,24514113
2023,6,30,11,184,M,FEMENINO,216,518608547
2023,6,30,11,184,M,MASCULINO,268,694178826
2023,6,30,11,185,M,FEMENINO,66,164602983
2023,6,30,11,185,M,MASCULINO,45,139325731
2023,6,30,11,186,A,MASCULINO,1,22000000
2023,6,30,11,186,M,FEMENINO,21,74987922
2023,6,30,11,186,M,MASCULINO,16,58066200
2023,6,30,11,187,M,FEMENINO,15,31464134
2023,6,30,11,187,M,MASCULINO,19,44354046
2023,6,30,11,188,M,MASCULINO,1,0
2023,6,30,11,189,M,MASCULINO,4,12160000
2023,6,30,12,190,M,FEMENINO,28,63232731
2023,6,30,12,190,M,MASCULINO,45,108058500
2023,6,30,12,191,M,FEMENINO,5,5040000
2023,6,30,12,191,M,MASCULINO,11,4230000
2023,6,30,12,192,M,FEMENINO,3,4392000
2023,6,30,12,192,M,MASCULINO,2,2610000
2023,6,30,12,193,M,FEMENINO,2,1350000
2023,6,30,12,193,M,MASCULINO,2,1482400
2023,6,30,12,194,M,FEMENINO,2,4085000
2023,6,30,12,194,M,MASCULINO,3,6022300
2023,6,30,12,195,M,FEMENINO,5,8000000
2023,6,30,12,195,M,MASCULINO,2,4000000
2023,6,30,12,196,M,MASCULINO,3,4000000
2023,6,30,12,197,M,FEMENINO,2,4300000
2023,6,30,12,197,M,MASCULINO,2,7000000
2023,6,30,12,199,M,FEMENINO,5,3150000
2023,6,30,12,199,M,MASCULINO,3,2720000
2023,6,30,12,200,M,MASCULINO,1,1000000
2023,6,30,12,201,M,FEMENINO,2,2700000
2023,6,30,12,201,M,MASCULINO,2,3850000
2023,6,30,12,202,M,FEMENINO,5,4450000
2023,6,30,12,202,M,MASCULINO,6,7545000
2023,6,30,12,203,M,FEMENINO,3,5275000
2023,6,30,12,203,M,MASCULINO,4,12739000
2023,6,30,12,204,M,FEMENINO,3,7895000
2023,6,30,12,204,M,MASCULINO,1,1920000
2023,6,30,12,205,M,FEMENINO,3,2800000
2023,6,30,12,205,M,MASCULINO,3,2440000
2023,6,30,13,206,M,FEMENINO,34,150667439
2023,6,30,13,206,M,MASCULINO,57,284394924
2023,6,30,13,207,M,FEMENINO,5,9837000
2023,6,30,13,207,M,MASCULINO,9,22388500
2023,6,30,13,208,M,FEMENINO,12,28251549
2023,6,30,13,208,M,MASCULINO,20,65287042
2023,6,30,13,242,M,FEMENINO,1,2000000
2023,6,30,13,242,M,MASCULINO,2,6500000
2023,6,30,13,250,M,MASCULINO,1,4000000
2023,6,30,13,259,M,FEMENINO,2,0
2023,6,30,13,259,M,MASCULINO,3,0
2023,6,30,14,209,M,FEMENINO,4,17019333
2023,6,30,14,209,M,MASCULINO,9,42525211
2023,6,30,14,210,M,FEMENINO,1,1800000
2023,6,30,14,210,M,MASCULINO,4,10350000
2023,6,30,14,211,M,FEMENINO,3,11430000
2023,6,30,14,211,M,MASCULINO,5,6736860
2023,6,30,14,212,M,MASCULINO,3,7120000
2023,6,30,14,213,M,FEMENINO,3,5150000
2023,6,30,14,213,M,MASCULINO,6,16100000
2023,6,30,14,214,M,MASCULINO,4,10550000
2023,6,30,14,215,M,MASCULINO,3,13400000
2023,6,30,14,216,M,FEMENINO,5,11401176
2023,6,30,14,216,M,MASCULINO,8,30180000
2023,6,30,14,217,M,FEMENINO,6,22705000
2023,6,30,14,217,M,MASCULINO,3,26010000
2023,6,30,14,218,M,FEMENINO,7,22000000
2023,6,30,14,218,M,MASCULINO,6,31200000
2023,6,30,14,219,C,MASCULINO,2,5850000
2023,6,30,14,219,D,FEMENINO,6,15615000
2023,6,30,14,219,D,MASCULINO,2,6750000
2023,6,30,14,244,M,FEMENINO,1,2500000
2023,6,30,14,244,M,MASCULINO,4,10455000
2023,6,30,14,247,M,FEMENINO,1,2000000
2023,6,30,14,247,M,MASCULINO,1,3200000
2023,6,30,14,255,M,FEMENINO,1,2000000
2023,6,30,14,255,M,MASCULINO,4,17000000
2023,6,30,14,256,M,FEMENINO,1,2500000
2023,6,30,14,256,M,MASCULINO,2,7500000
2023,6,30,15,220,M,FEMENINO,9,26280000
2023,6,30,15,220,M,MASCULINO,11,52270000
2023,6,30,15,221,M,FEMENINO,3,4074399
2023,6,30,15,221,M,MASCULINO,2,10253700
2023,6,30,15,222,M,FEMENINO,44,124784821
2023,6,30,15,222,M,MASCULINO,40,117036995
2023,6,30,15,223,M,FEMENINO,1,2250000
2023,6,30,15,223,M,MASCULINO,3,5750000
2023,6,30,15,224,M,FEMENINO,18,44457000
2023,6,30,15,224,M,MASCULINO,11,18082221
2023,6,30,15,229,M,FEMENINO,2,7100000
2023,6,30,15,229,M,MASCULINO,6,26913063
2023,6,30,15,232,M,FEMENINO,2,4750000
2023,6,30,15,232,M,MASCULINO,2,15000000
2023,6,30,15,233,M,FEMENINO,1,2000000
2023,6,30,15,233,M,MASCULINO,5,8000000
2023,6,30,15,258,M,MASCULINO,3,10289324
2023,6,30,15,262,M,MASCULINO,1,3000000
2023,6,30,16,228,M,FEMENINO,5,35200000
2023,6,30,16,228,M,MASCULINO,16,144678070
2023,6,30,16,230,M,FEMENINO,1,13000000
2023,6,30,16,230,M,MASCULINO,4,46000000
2023,6,30,16,231,M,FEMENINO,1,4950000
2023,6,30,16,231,M,MASCULINO,4,42063070
2023,6,30,16,261,M,MASCULINO,1,12500000
2023,6,30,17,225,M,FEMENINO,3,9800000
2023,6,30,17,225,M,MASCULINO,9,29400000
2023,6,30,17,226,M,FEMENINO,2,2400000
2023,6,30,17,226,M,MASCULINO,15,50964465
2023,6,30,17,227,M,FEMENINO,7,11970000
2023,6,30,17,227,M,MASCULINO,9,23140000
2023,6,30,17,235,M,FEMENINO,2,7100000
2023,6,30,17,235,M,MASCULINO,3,12808960
2023,6,40,1,1,C,FEMENINO,1059,3457266210
2023,6,40,1,1,C,MASCULINO,1906,6809908040
2023,6,40,1,1,T,FEMENINO,41,55186264
2023,6,40,1,1,T,MASCULINO,3,4043187
2023,6,40,2,1,B,FEMENINO,28,377804000
2023,6,40,2,1,B,MASCULINO,46,616678000
2023,6,40,2,1,C,FEMENINO,46,416078000
2023,6,40,2,1,C,MASCULINO,105,954281768
2023,6,40,2,1,D,FEMENINO,80,573646728
2023,6,40,2,1,D,MASCULINO,148,1051395568
2023,6,40,2,1,E,FEMENINO,48,275702000
2023,6,40,2,1,E,MASCULINO,71,391033801
2023,6,40,2,1,F,FEMENINO,115,490621000
2023,6,40,2,1,F,MASCULINO,296,1251833628
2023,6,40,2,1,G,FEMENINO,52,179482400
2023,6,40,2,1,G,MASCULINO,548,1866541612
2023,6,40,2,1,H,FEMENINO,118,340696632
2023,6,40,2,1,H,MASCULINO,334,997703833
2023,6,40,3,1,0,FEMENINO,51,140404610
2023,6,40,3,1,0,MASCULINO,104,252665836
2024,6,11,1,1,A,FEMENINO,10,90700000
2024,6,11,1,1,A,MASCULINO,10,121200000
2024,6,11,1,1,B,FEMENINO,38,544200000
2024,6,11,1,1,B,MASCULINO,37,515600000
2024,6,11,1,1,C,FEMENINO,73,635000000
2024,6,11,1,1,C,MASCULINO,60,533400000
2024,6,11,1,1,D,FEMENINO,45,323540000
2024,6,11,1,1,D,MASCULINO,77,532000000
2024,6,11,1,1,E,FEMENINO,3,23700000
2024,6,11,1,1,E,MASCULINO,3,23200000
2024,6,11,1,1,F,FEMENINO,82,378000000
2024,6,11,1,1,F,MASCULINO,150,678000000
2024,6,11,2,1,A,FEMENINO,24,263200000
2024,6,11,2,1,A,MASCULINO,30,323900000
2024,6,11,2,1,B,FEMENINO,82,1189500000
2024,6,11,2,1,B,MASCULINO,82,1132200000
2024,6,11,2,1,C,FEMENINO,113,1088020000
2024,6,11,2,1,C,MASCULINO,130,1221170000
2024,6,11,2,1,D,FEMENINO,64,469740000
2024,6,11,2,1,D,MASCULINO,83,555950000
2024,6,11,2,1,E,FEMENINO,2,15400000
2024,6,11,2,1,E,MASCULINO,3,15400000
2024,6,11,2,1,F,FEMENINO,62,275200000
2024,6,11,2,1,F,MASCULINO,98,453100000
2024,6,11,3,1,A,FEMENINO,163,1806200000
2024,6,11,3,1,A,MASCULINO,192,2195700000
2024,6,11,3,1,B,FEMENINO,59,904500000
2024,6,11,3,1,B,MASCULINO,66,1028500000
2024,6,11,3,1,C,FEMENINO,116,1007300000
2024,6,11,3,1,C,MASCULINO,129,1128326000
2024,6,11,3,1,D,FEMENINO,200,1278300000
2024,6,11,3,1,D,MASCULINO,247,1613700000
2024,6,11,3,1,E,FEMENINO,3,16000000
2024,6,11,3,1,E,MASCULINO,10,64700000
2024,6,11,3,1,F,FEMENINO,145,674703333
2024,6,11,3,1,F,MASCULINO,142,674200000
2024,6,11,3,1,G,MASCULINO,1,4400000
2024,6,12,1,1,A,FEMENINO,7,142700000
2024,6,12,1,1,A,MASCULINO,13,238733333
2024,6,12,1,1,B,FEMENINO,10,130000000
2024,6,12,1,1,B,MASCULINO,4,52000000
2024,6,12,1,1,C,FEMENINO,20,152600000
2024,6,12,1,1,C,MASCULINO,24,171500000
2024,6,12,1,1,D,FEMENINO,15,65800000
2024,6,12,1,1,D,MASCULINO,11,50400000
2024,6,12,1,1,E,FEMENINO,10,35680373
2024,6,12,1,1,E,MASCULINO,8,28587786
2024,6,12,1,1,F,FEMENINO,2,5360746
2024,6,12,1,1,F,MASCULINO,3,8041119
2024,6,12,1,1,G,FEMENINO,21,61403730
2024,6,12,1,1,G,MASCULINO,36,109228182
2024,6,12,1,2,C,MASCULINO,1,9800000
2024,6,12,1,2,D,FEMENINO,5,25100000
2024,6,12,1,2,E,FEMENINO,1,2680373
2024,6,12,1,2,E,MASCULINO,4,11960746
2024,6,12,1,2,G,FEMENINO,2,6200000
2024,6,12,1,2,G,MASCULINO,4,11000000
2024,6,12,1,11,A,MASCULINO,3,52000000
2024,6,12,1,11,B,FEMENINO,15,137300000
2024,6,12,1,11,B,MASCULINO,19,172000000
2024,6,12,1,11,C,FEMENINO,31,175200000
2024,6,12,1,11,C,MASCULINO,19,113500000
2024,6,12,1,11,D,FEMENINO,16,69300000
2024,6,12,1,11,D,MASCULINO,13,57200000
2024,6,12,1,11,E,FEMENINO,13,40460746
2024,6,12,1,11,E,MASCULINO,23,73041119
2024,6,12,1,11,F,FEMENINO,2,5360746
2024,6,12,1,11,F,MASCULINO,2,5360746
2024,6,12,1,11,G,FEMENINO,1,2900000
2024,6,12,1,11,G,MASCULINO,1,2900000
2024,6,12,1,11,K,FEMENINO,59,317900000
2024,6,12,1,11,K,MASCULINO,230,1401900000
2024,6,12,1,12,A,MASCULINO,1,22000000
2024,6,12,1,12,B,FEMENINO,1,9400000
2024,6,12,1,12,B,MASCULINO,9,84600000
2024,6,12,1,14,A,FEMENINO,1,9500000
2024,6,12,1,14,A,MASCULINO,2,31500000
2024,6,12,1,14,B,FEMENINO,15,157500000
2024,6,12,1,14,B,MASCULINO,15,167700000
2024,6,12,1,14,C,FEMENINO,14,89200000
2024,6,12,1,14,C,MASCULINO,12,76900000
2024,6,12,1,14,D,FEMENINO,3,13100000
2024,6,12,1,14,D,MASCULINO,5,23100000
2024,6,12,1,14,E,FEMENINO,3,8680373
2024,6,12,1,14,E,MASCULINO,5,15360746
2024,6,12,1,15,A,FEMENINO,16,140500000
2024,6,12,1,15,A,MASCULINO,34,290850000
2024,6,12,1,15,B,FEMENINO,7,64000000
2024,6,12,1,15,B,MASCULINO,5,49400000
2024,6,12,1,15,C,FEMENINO,3,21300000
2024,6,12,1,15,C,MASCULINO,2,14500000
2024,6,12,1,15,D,FEMENINO,17,79300000
2024,6,12,1,15,D,MASCULINO,15,64900000
2024,6,12,1,15,E,FEMENINO,1,2800000
2024,6,12,1,15,E,MASCULINO,2,7100000
2024,6,12,1,15,F,FEMENINO,2,7000000
2024,6,12,1,15,F,MASCULINO,1,3500000
2024,6,12,1,15,G,MASCULINO,1,2680373
2024,6,12,1,17,A,MASCULINO,1,22000000
2024,6,12,1,17,B,FEMENINO,3,21300000
2024,6,12,1,17,B,MASCULINO,10,73800000
2024,6,12,1,17,C,FEMENINO,7,36000000
2024,6,12,1,17,C,MASCULINO,7,36300000
2024,6,12,1,17,D,FEMENINO,6,22980373
2024,6,12,1,17,D,MASCULINO,4,14600000
2024,6,12,1,17,E,FEMENINO,5,14441119
2024,6,12,1,17,E,MASCULINO,7,19521492
2024,6,12,1,17,F,FEMENINO,3,8480373
2024,6,12,1,17,F,MASCULINO,4,11041119
2024,6,12,1,17,G,FEMENINO,4,10721492
2024,6,12,1,17,G,MASCULINO,15,41244849
2024,6,12,1,18,A,FEMENINO,3,43400000
2024,6,12,1,18,B,FEMENINO,11,113200000
2024,6,12,1,18,B,MASCULINO,10,111100000
2024,6,12,1,18,C,FEMENINO,43,283600000
2024,6,12,1,18,C,MASCULINO,15,91700000
2024,6,12,1,18,D,FEMENINO,16,60501865
2024,6,12,1,18,D,MASCULINO,5,18480373
2024,6,12,1,18,E,FEMENINO,6,19200000
2024,6,12,1,18,E,MASCULINO,1,3700000
2024,6,12,1,18,F,FEMENINO,15,42903730
2024,6,12,1,18,F,MASCULINO,32,86211190
2024,6,12,1,18,G,FEMENINO,1,4400000
2024,6,12,1,20,A,MASCULINO,1,22000000
2024,6,12,1,20,B,FEMENINO,11,115500000
2024,6,12,1,20,B,MASCULINO,13,139200000
2024,6,12,1,20,C,FEMENINO,17,133300000
2024,6,12,1,20,C,MASCULINO,17,140400000
2024,6,12,1,20,D,MASCULINO,1,4200000
2024,6,12,1,20,G,FEMENINO,1,2680373
2024,6,12,1,20,G,MASCULINO,3,8041119
2024,6,12,1,21,A,FEMENINO,1,22000000
2024,6,12,1,21,A,MASCULINO,1,10700000
2024,6,12,1,21,B,FEMENINO,9,87100000
2024,6,12,1,21,B,MASCULINO,15,127900000
2024,6,12,1,21,C,FEMENINO,28,162900000
2024,6,12,1,21,C,MASCULINO,21,119000000
2024,6,12,1,21,D,FEMENINO,21,83620746
2024,6,12,1,21,D,MASCULINO,10,42400000
2024,6,12,1,21,E,FEMENINO,14,46521492
2024,6,12,1,21,E,MASCULINO,11,34780373
2024,6,12,1,21,F,FEMENINO,26,70309325
2024,6,12,1,21,F,MASCULINO,16,42885968
2024,6,12,1,21,G,FEMENINO,7,18762611
2024,6,12,1,21,G,MASCULINO,3,8041119
2024,6,12,1,23,A,MASCULINO,1,22000000
2024,6,12,1,23,B,MASCULINO,8,89600000
2024,6,12,1,23,C,FEMENINO,9,62000000
2024,6,12,1,23,C,MASCULINO,22,157000000
2024,6,12,1,23,D,FEMENINO,10,47300000
2024,6,12,1,23,D,MASCULINO,8,38900000
2024,6,12,1,23,E,MASCULINO,1,3000000
2024,6,12,1,23,F,FEMENINO,4,13880373
2024,6,12,1,23,F,MASCULINO,2,5880373
2024,6,12,1,23,G,FEMENINO,7,21780373
2024,6,12,1,23,G,MASCULINO,16,49421492
2024,6,12,1,29,A,MASCULINO,1,22000000
2024,6,12,1,29,B,FEMENINO,2,17600000
2024,6,12,1,29,B,MASCULINO,3,20800000
2024,6,12,1,29,C,FEMENINO,5,24000000
2024,6,12,1,29,C,MASCULINO,4,20000000
2024,6,12,1,29,D,FEMENINO,5,19760000
2024,6,12,1,29,D,MASCULINO,6,24260000
2024,6,12,1,29,E,FEMENINO,1,3000000
2024,6,12,1,29,E,MASCULINO,1,3600000
2024,6,12,1,29,G,FEMENINO,3,8041119
2024,6,12,1,29,G,MASCULINO,3,8041119
2024,6,12,1,30,A,FEMENINO,2,27200000
2024,6,12,1,30,B,FEMENINO,4,45200000
2024,6,12,1,30,B,MASCULINO,5,56500000
2024,6,12,1,30,C,FEMENINO,15,94700000
2024,6,12,1,30,C,MASCULINO,20,142700000
2024,6,12,1,30,D,FEMENINO,18,74680373
2024,6,12,1,30,D,MASCULINO,9,38700000
2024,6,12,1,30,E,FEMENINO,26,78303730
2024,6,12,1,30,E,MASCULINO,24,79962611
2024,6,12,1,30,F,FEMENINO,13,40141119
2024,6,12,1,30,F,MASCULINO,15,48901865
2024,6,12,1,30,G,FEMENINO,13,38562611
2024,6,12,1,30,G,MASCULINO,33,94387833
2024,6,12,1,30,L,FEMENINO,2,4005400
2024,6,12,1,30,S,FEMENINO,114,464180088
2024,6,12,1,30,S,MASCULINO,40,177680373
2024,6,12,1,30,Z,FEMENINO,4,6447132
2024,6,12,1,36,A,FEMENINO,2,31400000
2024,6,12,1,36,A,MASCULINO,2,24400000
2024,6,12,1,36,B,FEMENINO,8,89200000
2024,6,12,1,36,B,MASCULINO,8,84800000
2024,6,12,1,36,C,FEMENINO,18,124360000
2024,6,12,1,36,C,MASCULINO,14,100000000
2024,6,12,1,36,D,FEMENINO,8,35600000
2024,6,12,1,36,D,MASCULINO,5,21700000
2024,6,12,1,36,E,FEMENINO,2,5480373
2024,6,12,1,36,E,MASCULINO,5,16800000
2024,6,12,1,36,G,FEMENINO,1,2900000
2024,6,12,1,36,G,MASCULINO,1,2680373
2024,6,12,1,38,B,FEMENINO,17,150000000
2024,6,12,1,38,B,MASCULINO,4,35700000
2024,6,12,1,38,C,FEMENINO,6,39600000
2024,6,12,1,38,C,MASCULINO,8,52800000
2024,6,12,1,38,D,FEMENINO,1,4500000
2024,6,12,1,38,D,MASCULINO,3,15800000
2024,6,12,1,38,G,FEMENINO,1,2680373
2024,6,12,1,38,G,MASCULINO,1,2680373
2024,6,12,1,40,A,FEMENINO,1,22000000
2024,6,12,1,40,B,FEMENINO,5,39300000
2024,6,12,1,40,B,MASCULINO,3,18800000
2024,6,12,1,40,C,FEMENINO,4,20800000
2024,6,12,1,40,C,MASCULINO,7,37300000
2024,6,12,1,40,D,FEMENINO,2,9100000
2024,6,12,1,40,D,MASCULINO,1,3800000
2024,6,12,1,40,E,FEMENINO,1,2680373
2024,6,12,1,40,F,FEMENINO,1,2680373
2024,6,12,1,40,F,MASCULINO,3,8041119
2024,6,12,1,50,A,MASCULINO,1,22000000
2024,6,12,1,50,B,FEMENINO,4,38000000
2024,6,12,1,50,B,MASCULINO,8,68800000
2024,6,12,1,50,C,FEMENINO,2,13300000
2024,6,12,1,50,D,MASCULINO,2,10000000
2024,6,12,1,51,A,FEMENINO,1,16866667
2024,6,12,1,51,B,FEMENINO,7,42866667
2024,6,12,1,51,B,MASCULINO,1,12000000
2024,6,12,1,51,C,FEMENINO,2,12000000
2024,6,12,1,51,C,MASCULINO,2,12000000
2024,6,12,1,51,D,FEMENINO,1,3900000
2024,6,12,1,51,D,MASCULINO,1,2900000
2024,6,12,1,51,E,FEMENINO,1,2800000
2024,6,12,1,51,E,MASCULINO,2,5480373
2024,6,12,1,51,G,FEMENINO,3,8041119
2024,6,12,1,51,G,MASCULINO,1,2680373
2024,6,12,1,53,B,FEMENINO,4,50300000
2024,6,12,1,53,B,MASCULINO,2,22600000
2024,6,12,1,53,C,FEMENINO,1,7600000
2024,6,12,1,53,C,MASCULINO,2,15200000
2024,6,12,1,53,D,FEMENINO,1,5100000
2024,6,12,1,53,D,MASCULINO,1,5100000
2024,6,12,1,54,A,FEMENINO,1,22000000
2024,6,12,1,54,A,MASCULINO,1,15000000
2024,6,12,1,54,B,FEMENINO,3,31900000
2024,6,12,1,54,B,MASCULINO,6,71700000
2024,6,12,1,54,C,FEMENINO,1,9500000
2024,6,12,1,54,C,MASCULINO,2,17500000
2024,6,12,1,56,B,FEMENINO,3,33100000
2024,6,12,1,56,B,MASCULINO,2,19400000
2024,6,12,1,56,C,FEMENINO,1,8000000
2024,6,12,1,56,C,MASCULINO,4,30200000
2024,6,12,1,56,E,FEMENINO,5,17500000
2024,6,12,1,56,E,MASCULINO,2,7300000
2024,6,12,1,57,B,FEMENINO,2,20000000
2024,6,12,1,57,B,MASCULINO,4,44600000
2024,6,12,1,57,C,FEMENINO,3,22800000
2024,6,12,1,57,C,MASCULINO,3,22800000
2024,6,12,2,1,A,MASCULINO,3,54800000
2024,6,12,2,1,B,FEMENINO,10,104800000
2024,6,12,2,1,B,MASCULINO,9,100200000
2024,6,12,2,1,C,FEMENINO,6,42200000
2024,6,12,2,1,C,MASCULINO,4,29000000
2024,6,12,2,1,D,FEMENINO,3,14800000
2024,6,12,2,1,D,MASCULINO,3,17400000
2024,6,12,2,1,E,FEMENINO,4,14400000
2024,6,12,2,1,E,MASCULINO,2,8600000
2024,6,12,2,1,F,FEMENINO,3,10000000
2024,6,12,2,1,F,MASCULINO,5,19900000
2024,6,12,2,1,G,FEMENINO,7,21560746
2024,6,12,2,1,G,MASCULINO,13,40141119
2024,6,12,3,1,A,MASCULINO,3,52000000
2024,6,12,3,1,B,FEMENINO,12,138500000
2024,6,12,3,1,B,MASCULINO,16,186000000
2024,6,12,3,1,C,FEMENINO,25,201500000
2024,6,12,3,1,C,MASCULINO,24,196000000
2024,6,12,3,1,D,FEMENINO,26,125000000
2024,6,12,3,1,D,MASCULINO,43,214080373
2024,6,12,3,1,E,FEMENINO,7,21660746
2024,6,12,3,1,E,MASCULINO,24,82521492
2024,6,12,3,1,F,FEMENINO,6,18680373
2024,6,12,3,1,F,MASCULINO,9,29100000
2024,6,12,3,1,G,FEMENINO,13,48000000
2024,6,12,3,1,G,MASCULINO,24,82680373
2024,6,12,3,2,D,FEMENINO,6,22900000
2024,6,12,3,2,D,MASCULINO,1,3700000
2024,6,12,3,2,E,FEMENINO,389,1127348401
2024,6,12,3,2,E,MASCULINO,198,571982149
2024,6,12,3,2,G,FEMENINO,462,1242104440
2024,6,12,3,2,G,MASCULINO,196,529478419
2024,6,12,3,2,L,FEMENINO,119,125241600
2024,6,12,3,2,L,MASCULINO,220,217803960
2024,6,12,3,2,P,FEMENINO,4064,22394184252
2024,6,12,3,2,P,MASCULINO,22966,142414505323
2024,6,12,3,2,S,FEMENINO,78,332675200
2024,6,12,3,2,S,MASCULINO,23,82994873
2024,6,12,3,2,Y,FEMENINO,375,209096433
2024,6,12,3,2,Y,MASCULINO,1256,683126808
2024,6,12,3,2,Z,FEMENINO,7,3655400
2024,6,12,3,2,Z,MASCULINO,11,5527200
2024,6,12,4,1,A,FEMENINO,1,15000000
2024,6,12,4,1,A,MASCULINO,3,52000000
2024,6,12,4,1,B,FEMENINO,197,2129400000
2024,6,12,4,1,B,MASCULINO,285,3042306667
2024,6,12,4,1,D,FEMENINO,5,26108000
2024,6,12,4,1,D,MASCULINO,3,17800000
2024,6,12,4,1,E,FEMENINO,1,2680373
2024,6,12,4,1,E,MASCULINO,2,5680373
2024,6,12,4,1,G,MASCULINO,2,5380373
2024,6,12,5,1,A,MASCULINO,6,76700000
2024,6,12,5,1,B,FEMENINO,20,155900000
2024,6,12,5,1,B,MASCULINO,25,198600000
2024,6,12,5,1,D,FEMENINO,120,444500000
2024,6,12,5,1,D,MASCULINO,118,439200000
2024,6,12,5,1,E,FEMENINO,229,735080373
2024,6,12,5,1,E,MASCULINO,410,1308600000
2024,6,12,5,1,F,FEMENINO,32,105500000
2024,6,12,5,1,F,MASCULINO,80,265200000
2024,6,12,5,1,G,FEMENINO,272,729700710
2024,6,12,5,1,G,MASCULINO,474,1271755683
2024,6,12,5,1,M,FEMENINO,1492,8803871716
2024,6,12,5,1,M,MASCULINO,14655,82129141298
2024,6,12,5,1,S,FEMENINO,98,322361749
2024,6,12,5,1,S,MASCULINO,12,43619800
2024,6,12,5,1,Y,FEMENINO,155,79506336
2024,6,12,5,1,Y,MASCULINO,3899,1265749419
2024,6,12,5,1,Z,FEMENINO,108,172294082
2024,6,12,5,1,Z,MASCULINO,340,392180777
2024,6,12,6,1,A,FEMENINO,2,30000000
2024,6,12,6,1,A,MASCULINO,3,52000000
2024,6,12,6,1,B,FEMENINO,17,221000000
2024,6,12,6,1,B,MASCULINO,20,251333333
2024,6,12,6,1,C,FEMENINO,366,2801520000
2024,6,12,6,1,C,MASCULINO,321,2555833333
2024,6,12,6,1,D,FEMENINO,93,426001865
2024,6,12,6,1,D,MASCULINO,112,529024453
2024,6,12,6,1,E,FEMENINO,51,223794452
2024,6,12,6,1,E,MASCULINO,145,701454080
2024,6,12,6,1,G,FEMENINO,1,2680373
2024,6,12,6,1,G,MASCULINO,1,2700000
2024,6,12,6,1,M,FEMENINO,3,42000000
2024,6,12,6,1,M,MASCULINO,1,14000000
2024,6,12,7,1,A,FEMENINO,2,19800000
2024,6,12,7,1,A,MASCULINO,5,56500000
2024,6,12,7,1,B,FEMENINO,46,452500000
2024,6,12,7,1,B,MASCULINO,43,426800000
2024,6,12,7,1,C,FEMENINO,46,325700000
2024,6,12,7,1,C,MASCULINO,41,273000000
2024,6,12,7,1,D,FEMENINO,483,1767504975
2024,6,12,7,1,D,MASCULINO,341,1382736412
2024,6,12,7,1,E,FEMENINO,201,629235435
2024,6,12,7,1,E,MASCULINO,199,622770959
2024,6,12,7,1,F,FEMENINO,6,17421492
2024,6,12,7,1,F,MASCULINO,4,12460746
2024,6,12,7,1,G,FEMENINO,1563,4192535166
2024,6,12,7,1,G,MASCULINO,836,2243884368
2024,6,12,7,1,L,FEMENINO,38923,237077692003
2024,6,12,7,1,L,MASCULINO,15037,87929752152
2024,6,12,7,1,S,FEMENINO,78,340000000
2024,6,12,7,1,S,MASCULINO,7,32000000
2024,6,12,7,1,Z,FEMENINO,21795,106900291593
2024,6,12,7,1,Z,MASCULINO,12932,64940331044
2024,6,12,8,1,1,FEMENINO,602,3904300000
2024,6,12,8,1,1,MASCULINO,625,4068000000
2024,6,12,8,1,2,FEMENINO,397,5311900000
2024,6,12,8,1,2,MASCULINO,385,5190150000
2024,6,12,8,1,3,FEMENINO,481,8432536000
2024,6,12,8,1,3,MASCULINO,505,8952514667
2024,6,12,8,1,A,FEMENINO,2,35000000
2024,6,12,8,1,A,MASCULINO,1,13000000
2024,6,12,8,1,B,FEMENINO,68,736816000
2024,6,12,8,1,B,MASCULINO,66,710072000
2024,6,12,8,1,C,FEMENINO,844,6010954000
2024,6,12,8,1,C,MASCULINO,671,4862352000
2024,6,12,8,1,D,FEMENINO,679,3799164000
2024,6,12,8,1,D,MASCULINO,793,4466487333
2024,6,12,8,1,E,FEMENINO,247,1096090000
2024,6,12,8,1,E,MASCULINO,297,1338208000
2024,6,12,8,1,F,FEMENINO,760,3022980000
2024,6,12,8,1,F,MASCULINO,831,3215809546
2024,6,12,8,1,G,FEMENINO,1196,4065280984
2024,6,12,8,1,G,MASCULINO,853,2947691063
2024,6,12,8,1,S,FEMENINO,13941,70272445311
2024,6,12,8,1,S,MASCULINO,3650,18804172067
2024,6,12,9,1,A,FEMENINO,369,1481760746
2024,6,12,9,1,A,MASCULINO,987,3878393754
2024,6,12,9,1,B,FEMENINO,19,158500000
2024,6,12,9,1,B,MASCULINO,24,214466667
2024,6,12,9,1,C,FEMENINO,24,157500000
2024,6,12,9,1,C,MASCULINO,26,209300000
2024,6,12,9,1,D,FEMENINO,243,1078562611
2024,6,12,9,1,D,MASCULINO,232,1047641119
2024,6,12,9,1,E,FEMENINO,93,286620515
2024,6,12,9,1,E,MASCULINO,82,243177531
2024,6,12,9,1,F,FEMENINO,6,16401865
2024,6,12,9,1,F,MASCULINO,1,2800000
2024,6,12,9,1,G,FEMENINO,7,24560746
2024,6,12,9,1,G,MASCULINO,9,29721492
2024,6,12,9,1,S,FEMENINO,106,479911424
2024,6,12,9,1,S,MASCULINO,55,260563748
2024,6,12,10,1,A,FEMENINO,1,15000000
2024,6,12,10,1,A,MASCULINO,5,72800000
2024,6,12,10,1,B,FEMENINO,9,89900000
2024,6,12,10,1,B,MASCULINO,22,223300000
2024,6,12,10,1,C,FEMENINO,74,551900000
2024,6,12,10,1,C,MASCULINO,73,546200000
2024,6,12,10,1,D,FEMENINO,363,1482785968
2024,6,12,10,1,D,MASCULINO,444,1830072635
2024,6,12,10,1,E,FEMENINO,86,264371936
2024,6,12,10,1,E,MASCULINO,117,342661634
2024,6,12,10,1,F,FEMENINO,129,385842007
2024,6,12,10,1,F,MASCULINO,212,644449467
2024,6,12,10,1,G,FEMENINO,38,103293428
2024,6,12,10,1,G,MASCULINO,113,310053197
2024,6,12,11,1,A,FEMENINO,1,15000000
2024,6,12,11,1,A,MASCULINO,3,52000000
2024,6,12,11,1,B,FEMENINO,35,347400000
2024,6,12,11,1,B,MASCULINO,43,418300000
2024,6,12,11,1,C,FEMENINO,8,58500000
2024,6,12,11,1,C,MASCULINO,12,91500000
2024,6,12,11,1,D,FEMENINO,33,151500000
2024,6,12,11,1,D,MASCULINO,43,183319996
2024,6,12,11,1,E,FEMENINO,9,38800000
2024,6,12,11,1,E,MASCULINO,17,62873329
2024,6,12,11,1,F,FEMENINO,25,82800000
2024,6,12,11,1,F,MASCULINO,35,112067031
2024,6,12,11,1,G,FEMENINO,10,28900000
2024,6,12,11,1,G,MASCULINO,13,38900000
2024,6,12,11,1,S,FEMENINO,1,2680373
2024,6,12,13,1,A,FEMENINO,1,22000000
2024,6,12,13,1,A,MASCULINO,3,45000000
2024,6,12,13,1,B,FEMENINO,16,208000000
2024,6,12,13,1,B,MASCULINO,9,117000000
2024,6,12,13,1,C,FEMENINO,124,1037733333
2024,6,12,13,1,C,MASCULINO,248,2136900000
2024,6,12,13,1,D,FEMENINO,178,780525222
2024,6,12,13,1,D,MASCULINO,275,1186185968
2024,6,12,13,1,E,FEMENINO,94,285713055
2024,6,12,13,1,E,MASCULINO,442,1373882149
2024,6,12,13,1,F,FEMENINO,76,224911190
2024,6,12,13,1,F,MASCULINO,313,938382149
2024,6,12,13,1,G,FEMENINO,103,296486856
2024,6,12,13,1,G,MASCULINO,506,1493110035
2024,6,12,13,1,I,FEMENINO,98,301391777
2024,6,12,13,1,I,MASCULINO,408,1782747204
2024,6,12,14,1,A,FEMENINO,3,47000000
2024,6,12,14,1,B,FEMENINO,26,232000000
2024,6,12,14,1,B,MASCULINO,1,6900000
2024,6,12,14,1,C,FEMENINO,6,33300000
2024,6,12,14,1,D,FEMENINO,38,167200000
2024,6,12,14,1,D,MASCULINO,4,16100000
2024,6,12,14,1,E,FEMENINO,2,7300000
2024,6,12,14,1,E,MASCULINO,2,8000000
2024,6,12,14,1,F,FEMENINO,5,14241119
2024,6,12,14,1,F,MASCULINO,1,2800000
2024,6,12,14,1,G,FEMENINO,6,16082238
2024,6,12,14,1,G,MASCULINO,4,10741119
2024,6,12,16,1,A,FEMENINO,2,37000000
2024,6,12,16,1,A,MASCULINO,1,15000000
2024,6,12,16,1,B,FEMENINO,40,377000000
2024,6,12,16,1,B,MASCULINO,32,301700000
2024,6,12,16,1,C,FEMENINO,75,557000000
2024,6,12,16,1,C,MASCULINO,54,396000000
2024,6,12,16,1,D,FEMENINO,180,786882238
2024,6,12,16,1,D,MASCULINO,130,589860746
2024,6,12,16,1,E,FEMENINO,139,452293428
2024,6,12,16,1,E,MASCULINO,188,635020515
2024,6,12,16,1,F,FEMENINO,20,64141119
2024,6,12,16,1,F,MASCULINO,21,66201865
2024,6,12,16,1,G,FEMENINO,37,109242984
2024,6,12,16,1,G,MASCULINO,54,158366341
2024,6,12,17,1,A,MASCULINO,1,22000000
2024,6,12,17,1,B,FEMENINO,12,93500000
2024,6,12,17,1,B,MASCULINO,15,124600000
2024,6,12,17,1,C,FEMENINO,71,541000000
2024,6,12,17,1,C,MASCULINO,65,495300000
2024,6,12,17,1,D,FEMENINO,31,188500000
2024,6,12,17,1,D,MASCULINO,66,395300000
2024,6,12,17,1,E,FEMENINO,2,7800000
2024,6,12,17,1,E,MASCULINO,9,36800000
2024,6,12,17,1,F,MASCULINO,1,5300000
2024,6,12,17,1,G,FEMENINO,5,24050307
2024,6,12,17,1,G,MASCULINO,40,280800614
2024,6,12,18,1,A,FEMENINO,5,41600000
2024,6,12,18,1,A,MASCULINO,3,50000000
2024,6,12,18,1,B,FEMENINO,8,80500000
2024,6,12,18,1,B,MASCULINO,10,112000000
2024,6,12,18,1,C,FEMENINO,23,177500000
2024,6,12,18,1,C,MASCULINO,22,176900000
2024,6,12,18,1,D,FEMENINO,80,386000000
2024,6,12,18,1,D,MASCULINO,51,234000000
2024,6,12,18,1,E,FEMENINO,17,53660746
2024,6,12,18,1,E,MASCULINO,24,76460746
2024,6,12,18,1,F,FEMENINO,2,9100000
2024,6,12,18,1,F,MASCULINO,1,2680373
2024,6,12,18,1,G,FEMENINO,20,54466341
2024,6,12,18,1,G,MASCULINO,12,33101865
2024,6,12,19,1,A,MASCULINO,6,85300000
2024,6,12,19,1,B,FEMENINO,23,207100000
2024,6,12,19,1,B,MASCULINO,12,120500000
2024,6,12,19,1,C,FEMENINO,65,470800000
2024,6,12,19,1,C,MASCULINO,49,347100000
2024,6,12,19,1,D,FEMENINO,118,537882238
2024,6,12,19,1,D,MASCULINO,74,358241119
2024,6,12,19,1,E,FEMENINO,35,116385968
2024,6,12,19,1,E,MASCULINO,39,127766341
2024,6,12,19,1,F,FEMENINO,20,56885968
2024,6,12,19,1,F,MASCULINO,25,73746714
2024,6,12,19,1,G,FEMENINO,4,10721492
2024,6,12,19,1,G,MASCULINO,18,48246714
2024,6,12,20,1,A,FEMENINO,1,15000000
2024,6,12,20,1,A,MASCULINO,3,52000000
2024,6,12,20,1,B,FEMENINO,16,149000000
2024,6,12,20,1,B,MASCULINO,10,99800000
2024,6,12,20,1,C,FEMENINO,11,72300000
2024,6,12,20,1,C,MASCULINO,4,34400000
2024,6,12,20,1,D,FEMENINO,117,441680373
2024,6,12,20,1,D,MASCULINO,25,94500000
2024,6,12,20,1,E,FEMENINO,104,324250444
2024,6,12,20,1,E,MASCULINO,54,169303730
2024,6,12,20,1,F,MASCULINO,2,5360746
2024,6,12,20,1,G,FEMENINO,60,162681261
2024,6,12,20,1,G,MASCULINO,35,98009325
2024,6,12,21,1,A,FEMENINO,1,15000000
2024,6,12,21,1,A,MASCULINO,3,42000000
2024,6,12,21,1,B,FEMENINO,22,243600000
2024,6,12,21,1,B,MASCULINO,19,228600000
2024,6,12,21,1,C,FEMENINO,17,121000000
2024,6,12,21,1,C,MASCULINO,31,226600000
2024,6,12,21,1,D,FEMENINO,23,97600000
2024,6,12,21,1,D,MASCULINO,28,127200000
2024,6,12,21,1,E,FEMENINO,13,39662611
2024,6,12,21,1,E,MASCULINO,31,97025222
2024,6,13,1,1,A,FEMENINO,85,929318343
2024,6,13,1,1,A,MASCULINO,63,680912581
2024,6,13,1,1,B,FEMENINO,129,971813084
2024,6,13,1,1,B,MASCULINO,116,854775968
2024,6,13,1,1,C,FEMENINO,129,680644151
2024,6,13,1,1,C,MASCULINO,116,619790371
2024,6,13,1,1,D,FEMENINO,480,2880308538
2024,6,13,1,1,D,MASCULINO,422,2482903888
2024,6,13,1,1,E,FEMENINO,493,1657817328
2024,6,13,1,1,E,MASCULINO,398,1359464444
2024,6,13,1,1,F,FEMENINO,597,2501483608
2024,6,13,1,1,F,MASCULINO,434,1760673054
2024,6,13,1,1,G,FEMENINO,530,1472712498
2024,6,13,1,1,G,MASCULINO,507,1418196563
2024,6,13,1,1,J,FEMENINO,4329,25559281663
2024,6,13,1,1,J,MASCULINO,2819,17035683491
2024,6,13,1,1,R,FEMENINO,37,237977000
2024,6,13,1,1,R,MASCULINO,23,145788933
2024,6,13,2,1,A,FEMENINO,17,184900000
2024,6,13,2,1,A,MASCULINO,26,265700000
2024,6,13,2,1,B,FEMENINO,24,331000000
2024,6,13,2,1,B,MASCULINO,50,698600000
2024,6,13,2,1,C,FEMENINO,225,1889200000
2024,6,13,2,1,C,MASCULINO,256,2148700000
2024,6,13,2,1,D,FEMENINO,771,3112400000
2024,6,13,2,1,D,MASCULINO,873,3623093333
2024,6,13,2,1,E,FEMENINO,693,2155054133
2024,6,13,2,1,E,MASCULINO,726,2309684014
2024,6,13,2,1,F,FEMENINO,735,1999416920
2024,6,13,2,1,F,MASCULINO,742,2028195810
2024,6,13,2,1,G,MASCULINO,4,11400000
2024,6,13,2,1,J,FEMENINO,44,507048400
2024,6,13,2,1,J,MASCULINO,40,502047835
2024,6,13,2,1,S,FEMENINO,4,27400000
2024,6,13,2,1,S,MASCULINO,2,8000000
2024,6,13,3,1,C,FEMENINO,170,1133174967
2024,6,13,3,1,C,MASCULINO,120,778028474
2024,6,13,3,1,D,FEMENINO,147,745641259
2024,6,13,3,1,D,MASCULINO,166,842447224
2024,6,13,3,1,E,FEMENINO,142,530496657
2024,6,13,3,1,E,MASCULINO,124,478544134
2024,6,13,3,1,G,FEMENINO,258,698419184
2024,6,13,3,1,G,MASCULINO,409,1238211782
2024,6,13,3,1,J,FEMENINO,2068,14355208516
2024,6,13,3,1,J,MASCULINO,1392,9671833347
2024,6,13,3,1,K,FEMENINO,100,1087310230
2024,6,13,3,1,K,MASCULINO,88,1004246193
2024,6,13,3,1,S,FEMENINO,182,1277586750
2024,6,13,3,1,S,MASCULINO,84,639112500
2024,6,13,4,1,B,FEMENINO,8,119000000
2024,6,13,4,1,B,MASCULINO,11,160500000
2024,6,13,4,1,C,FEMENINO,33,280300000
2024,6,13,4,1,C,MASCULINO,22,194400000
2024,6,13,4,1,D,FEMENINO,25,124765500
2024,6,13,4,1,D,MASCULINO,28,135366670
2024,6,13,4,1,E,FEMENINO,1,4500000
2024,6,13,4,1,E,MASCULINO,8,26400000
2024,6,13,4,1,F,FEMENINO,2,6180373
2024,6,13,4,1,G,FEMENINO,9,34300000
2024,6,13,4,1,G,MASCULINO,7,29700000
2024,6,13,5,1,A,FEMENINO,1,13000000
2024,6,13,5,1,A,MASCULINO,2,26000000
2024,6,13,5,1,B,FEMENINO,8,132000000
2024,6,13,5,1,B,MASCULINO,16,248000000
2024,6,13,5,1,C,FEMENINO,66,624200000
2024,6,13,5,1,C,MASCULINO,49,446500000
2024,6,13,5,1,D,FEMENINO,39,208900000
2024,6,13,5,1,D,MASCULINO,45,264600000
2024,6,13,5,1,E,FEMENINO,9,36600000
2024,6,13,5,1,E,MASCULINO,6,24600000
2024,6,13,5,1,F,FEMENINO,3,14400000
2024,6,13,5,1,F,MASCULINO,7,26100000
2024,6,13,5,1,G,FEMENINO,1,3100000
2024,6,13,5,1,G,MASCULINO,2,5800000
2024,6,13,6,1,A,FEMENINO,5,70080000
2024,6,13,6,1,A,MASCULINO,6,84096000
2024,6,13,6,1,B,FEMENINO,8,113420043
2024,6,13,6,1,B,MASCULINO,14,193295225
2024,6,13,6,1,C,FEMENINO,57,374681346
2024,6,13,6,1,C,MASCULINO,24,202949160
2024,6,13,6,1,E,FEMENINO,44,173482330
2024,6,13,6,1,E,MASCULINO,51,202105830
2024,6,13,6,1,F,FEMENINO,3,15669440
2024,6,13,6,1,F,MASCULINO,2,10893490
2024,6,13,6,1,G,FEMENINO,47,135782884
2024,6,13,6,1,G,MASCULINO,75,222726517
2024,6,13,6,1,J,FEMENINO,1062,7728306642
2024,6,13,6,1,J,MASCULINO,543,3740709929
2024,6,13,7,1,A,MASCULINO,2,13663380
2024,6,13,7,1,B,FEMENINO,2,32062992
2024,6,13,7,1,B,MASCULINO,5,86250696
2024,6,13,7,1,D,FEMENINO,2,8473200
2024,6,13,7,1,D,MASCULINO,1,4236600
2024,6,13,7,1,E,FEMENINO,1,4775950
2024,6,13,7,1,J,FEMENINO,25,160738264
2024,6,13,7,1,J,MASCULINO,29,224277644
2024,6,13,7,1,K,FEMENINO,2,23157090
2024,6,13,7,1,K,MASCULINO,2,23157090
2024,6,13,7,1,R,FEMENINO,2,14000000
2024,6,13,7,1,R,MASCULINO,1,7000000
2024,6,14,1,1,A,MASCULINO,2,44000000
2024,6,14,1,1,B,FEMENINO,44,525033200
2024,6,14,1,1,B,MASCULINO,41,452509200
2024,6,14,1,1,C,FEMENINO,340,3193900000
2024,6,14,1,1,C,MASCULINO,217,2086100000
2024,6,14,1,1,D,FEMENINO,71,437948980
2024,6,14,1,1,D,MASCULINO,110,677400000
2024,6,14,1,1,E,FEMENINO,22,116600000
2024,6,14,1,1,E,MASCULINO,28,145780373
2024,6,14,1,1,F,FEMENINO,29,139200000
2024,6,14,1,1,F,MASCULINO,21,100800000
2024,6,15,1,1,A,FEMENINO,1,15000000
2024,6,15,1,1,A,MASCULINO,1,22000000
2024,6,15,1,1,B,FEMENINO,18,122200000
2024,6,15,1,1,B,MASCULINO,6,45400000
2024,6,15,1,1,C,FEMENINO,7,36000000
2024,6,15,1,1,C,MASCULINO,1,6000000
2024,6,15,1,1,D,FEMENINO,27,107600000
2024,6,15,1,1,D,MASCULINO,8,31780373
2024,6,15,1,1,E,FEMENINO,18,52921492
2024,6,15,1,1,E,MASCULINO,17,51282238
2024,6,15,1,1,F,MASCULINO,1,3000000
2024,6,15,1,1,G,FEMENINO,2,5360746
2024,6,15,1,1,G,MASCULINO,1,3500000
2024,6,15,2,1,C,FEMENINO,1,2680373
2024,6,15,2,1,D,FEMENINO,1,636650
2024,6,15,2,1,J,FEMENINO,3,36362700
2024,6,15,2,1,J,MASCULINO,3,36362700
2024,6,15,2,1,K,FEMENINO,7,45971900
2024,6,15,2,1,K,MASCULINO,6,45050000
2024,6,21,1,1,A,FEMENINO,42,296815000
2024,6,21,1,1,A,MASCULINO,70,627895000
2024,6,21,1,1,B,FEMENINO,113,1446161000
2024,6,21,1,1,B,MASCULINO,123,1668750000
2024,6,21,1,1,C,FEMENINO,95,1427634166
2024,6,21,1,1,C,MASCULINO,110,1682574666
2024,6,21,1,1,D,FEMENINO,29,662530834
2024,6,21,1,1,D,MASCULINO,53,1192778000
2024,6,21,1,1,E,FEMENINO,5,100036000
2024,6,21,1,1,E,MASCULINO,18,432985000
2024,6,21,1,1,F,FEMENINO,2,27750532
2024,6,21,1,1,F,MASCULINO,4,78480532
2024,6,21,1,1,G,FEMENINO,1,26255000
2024,6,21,1,1,G,MASCULINO,2,52510000
2024,6,21,1,1,H,MASCULINO,2,52510000
2024,6,21,1,1,I,FEMENINO,2,60520000
2024,6,21,1,1,I,MASCULINO,3,90780000
2024,6,21,1,1,J,MASCULINO,1,32040000
2024,6,22,1,1,A,FEMENINO,1,26153400
2024,6,22,1,1,B,MASCULINO,1,4144000
2024,6,22,1,1,C,FEMENINO,10,63613400
2024,6,22,1,1,C,MASCULINO,7,41082400
2024,6,22,1,1,D,MASCULINO,1,2680373
2024,6,22,1,1,E,FEMENINO,8,21442984
2024,6,22,1,1,E,MASCULINO,8,21442984
2024,6,22,1,1,F,FEMENINO,5,13401865
2024,6,22,1,1,F,MASCULINO,5,13401865
2024,6,22,1,1,G,FEMENINO,4,10721492
2024,6,22,1,1,G,MASCULINO,1,2680373
2024,6,22,1,1,J,FEMENINO,3,11500000
2024,6,22,2,1,A,MASCULINO,1,26153400
2024,6,22,2,1,B,FEMENINO,2,5945772
2024,6,22,2,1,C,FEMENINO,7,29198976
2024,6,22,2,1,C,MASCULINO,5,21273324
2024,6,22,2,1,D,FEMENINO,1,2338224
2024,6,22,2,1,E,FEMENINO,6,13509078
2024,6,22,2,1,E,MASCULINO,7,15880591
2024,6,22,2,1,G,FEMENINO,4,9006052
2024,6,22,2,1,G,MASCULINO,9,20157189
2024,6,22,2,1,J,MASCULINO,2,7140000
2024,6,22,3,1,A,MASCULINO,1,26153400
2024,6,22,3,1,B,MASCULINO,1,4144000
2024,6,22,3,1,C,FEMENINO,5,20929800
2024,6,22,3,1,C,MASCULINO,7,43864800
2024,6,22,3,1,E,FEMENINO,1,2680373
2024,6,22,3,1,G,FEMENINO,10,26803730
2024,6,22,3,1,G,MASCULINO,11,29484103
2024,6,22,3,1,J,FEMENINO,2,8000000
2024,6,22,3,1,J,MASCULINO,2,6000000
2024,6,22,4,1,A,MASCULINO,1,26153400
2024,6,22,4,1,B,FEMENINO,1,3480960
2024,6,22,4,1,B,MASCULINO,1,5064780
2024,6,22,4,1,C,FEMENINO,10,44405276
2024,6,22,4,1,C,MASCULINO,13,58295664
2024,6,22,4,1,D,FEMENINO,5,12294217
2024,6,22,4,1,D,MASCULINO,2,4503026
2024,6,22,4,1,E,FEMENINO,1,2251513
2024,6,22,4,1,E,MASCULINO,3,6754539
2024,6,22,4,1,G,FEMENINO,14,31521182
2024,6,22,4,1,G,MASCULINO,18,40527234
2024,6,22,4,1,J,FEMENINO,2,6720000
2024,6,22,4,1,J,MASCULINO,2,5191513
2024,6,22,5,1,A,MASCULINO,1,25503070
2024,6,22,5,1,B,FEMENINO,2,8288000
2024,6,22,5,1,C,FEMENINO,3,18006800
2024,6,22,5,1,C,MASCULINO,19,91486000
2024,6,22,5,1,D,FEMENINO,4,10508024
2024,6,22,5,1,D,MASCULINO,6,15624445
2024,6,22,5,1,E,FEMENINO,3,7780004
2024,6,22,5,1,E,MASCULINO,7,17851166
2024,6,22,5,1,F,FEMENINO,2,5099631
2024,6,22,5,1,F,MASCULINO,5,12880618
2024,6,22,5,1,G,FEMENINO,2,4838648
2024,6,22,5,1,G,MASCULINO,6,15299876
2024,6,22,5,1,J,FEMENINO,2,7550307
2024,6,22,6,1,A,MASCULINO,1,26153400
2024,6,22,6,1,B,MASCULINO,1,3480960
2024,6,22,6,1,C,FEMENINO,7,37331720
2024,6,22,6,1,C,MASCULINO,13,74134764
2024,6,22,6,1,D,MASCULINO,1,2338224
2024,6,22,6,1,E,MASCULINO,3,6754539
2024,6,22,6,1,F,FEMENINO,1,2251513
2024,6,22,6,1,F,MASCULINO,1,2251513
2024,6,22,6,1,G,FEMENINO,4,9006052
2024,6,22,6,1,G,MASCULINO,6,13509078
2024,6,22,6,1,J,FEMENINO,1,2520000
2024,6,22,6,1,J,MASCULINO,3,9391513
2024,6,22,7,1,A,FEMENINO,1,6098400
2024,6,22,7,1,A,MASCULINO,3,34441400
2024,6,22,7,1,B,MASCULINO,1,3480960
2024,6,22,7,1,C,FEMENINO,16,80799616
2024,6,22,7,1,C,MASCULINO,18,75848196
2024,6,22,7,1,D,FEMENINO,12,27470040
2024,6,22,7,1,D,MASCULINO,21,46670611
2024,6,22,7,1,E,FEMENINO,8,17138064
2024,6,22,7,1,E,MASCULINO,12,25707096
2024,6,22,7,1,G,FEMENINO,5,10711290
2024,6,22,7,1,G,MASCULINO,9,19280322
2024,6,22,7,1,J,FEMENINO,2,4662258
2024,6,22,7,1,J,MASCULINO,1,2940000
2024,6,22,8,1,A,MASCULINO,1,26153400
2024,6,22,8,1,B,MASCULINO,2,11569200
2024,6,22,8,1,C,FEMENINO,1,7425200
2024,6,22,8,1,C,MASCULINO,4,21181100
2024,6,22,8,1,D,FEMENINO,1,2680373
2024,6,22,8,1,D,MASCULINO,2,5466673
2024,6,22,8,1,E,FEMENINO,3,8041119
2024,6,22,8,1,E,MASCULINO,21,56287833
2024,6,22,8,1,F,FEMENINO,4,10721492
2024,6,22,8,1,F,MASCULINO,3,8041119
2024,6,22,8,1,G,FEMENINO,12,32164476
2024,6,22,8,1,G,MASCULINO,13,34844849
2024,6,22,8,1,J,FEMENINO,1,3000000
2024,6,22,8,1,J,MASCULINO,2,7680373
2024,6,22,9,1,A,FEMENINO,1,26803730
2024,6,22,9,1,A,MASCULINO,1,3886680
2024,6,22,9,1,B,FEMENINO,1,3480960
2024,6,22,9,1,B,MASCULINO,1,2730420
2024,6,22,9,1,C,FEMENINO,4,21392532
2024,6,22,9,1,C,MASCULINO,14,71994736
2024,6,22,9,1,D,FEMENINO,4,8479752
2024,6,22,9,1,D,MASCULINO,9,20581863
2024,6,22,9,1,E,FEMENINO,2,4589737
2024,6,22,9,1,E,MASCULINO,7,15760591
2024,6,22,9,1,F,MASCULINO,7,15760591
2024,6,22,9,1,G,FEMENINO,5,11257565
2024,6,22,9,1,G,MASCULINO,15,42473080
2024,6,22,9,1,J,MASCULINO,2,6451513
2024,6,22,9,1,S,MASCULINO,1,950400
2024,6,22,10,1,A,MASCULINO,1,26153400
2024,6,22,10,1,B,FEMENINO,1,4144000
2024,6,22,10,1,C,FEMENINO,12,65563600
2024,6,22,10,1,C,MASCULINO,16,92470400
2024,6,22,10,1,D,FEMENINO,1,2680373
2024,6,22,10,1,D,MASCULINO,1,2680373
2024,6,22,10,1,E,FEMENINO,5,13401865
2024,6,22,10,1,E,MASCULINO,14,38988849
2024,6,22,10,1,G,FEMENINO,12,32164476
2024,6,22,10,1,G,MASCULINO,9,24123357
2024,6,22,10,1,J,FEMENINO,1,3000000
2024,6,22,10,1,J,MASCULINO,3,12644000
2024,6,22,11,1,A,MASCULINO,1,26153400
2024,6,22,11,1,B,FEMENINO,1,3073100
2024,6,22,11,1,B,MASCULINO,2,8288000
2024,6,22,11,1,C,FEMENINO,18,81288700
2024,6,22,11,1,C,MASCULINO,12,51307400
2024,6,22,11,1,D,FEMENINO,15,40641322
2024,6,22,11,1,D,MASCULINO,19,51378441
2024,6,22,11,1,E,FEMENINO,4,10721492
2024,6,22,11,1,E,MASCULINO,2,5360746
2024,6,22,11,1,G,FEMENINO,5,13401865
2024,6,22,11,1,G,MASCULINO,5,13401865
2024,6,22,11,1,J,FEMENINO,2,6283600
2024,6,22,11,1,J,MASCULINO,1,5000000
2024,6,22,12,1,A,FEMENINO,4,13758080
2024,6,22,12,1,A,MASCULINO,8,50520120
2024,6,22,12,1,B,FEMENINO,4,25166400
2024,6,22,12,1,B,MASCULINO,6,34317360
2024,6,22,12,1,C,FEMENINO,7,25500516
2024,6,22,12,1,C,MASCULINO,10,44485980
2024,6,22,12,1,D,FEMENINO,3,7367701
2024,6,22,12,1,D,MASCULINO,4,9843181
2024,6,22,12,1,E,FEMENINO,8,18012104
2024,6,22,12,1,E,MASCULINO,9,20263617
2024,6,22,12,1,G,FEMENINO,3,6754539
2024,6,22,12,1,G,MASCULINO,4,8335959
2024,6,22,12,1,J,FEMENINO,3,9660000
2024,6,22,13,1,A,MASCULINO,1,26153400
2024,6,22,13,1,B,FEMENINO,1,3480960
2024,6,22,13,1,C,FEMENINO,4,16229136
2024,6,22,13,1,C,MASCULINO,7,51976400
2024,6,22,13,1,E,FEMENINO,1,2251513
2024,6,22,13,1,E,MASCULINO,1,2251513
2024,6,22,13,1,F,FEMENINO,2,4503026
2024,6,22,13,1,G,FEMENINO,9,20263617
2024,6,22,13,1,G,MASCULINO,8,18012104
2024,6,22,13,1,J,FEMENINO,2,4771513
2024,6,22,13,1,J,MASCULINO,2,7140000
2024,6,22,14,1,A,MASCULINO,1,25503070
2024,6,22,14,1,B,MASCULINO,1,4144000
2024,6,22,14,1,C,FEMENINO,5,32635100
2024,6,22,14,1,C,MASCULINO,6,32002700
2024,6,22,14,1,D,FEMENINO,1,2368200
2024,6,22,14,1,D,MASCULINO,1,3798900
2024,6,22,14,1,E,MASCULINO,2,5100614
2024,6,22,14,1,F,FEMENINO,1,2550307
2024,6,22,14,1,F,MASCULINO,7,17852149
2024,6,22,14,1,G,FEMENINO,3,7650921
2024,6,22,14,1,G,MASCULINO,5,12751535
2024,6,22,14,1,J,FEMENINO,1,3000000
2024,6,22,14,1,J,MASCULINO,2,6000000
2024,6,22,15,1,A,MASCULINO,1,26153400
2024,6,22,15,1,B,MASCULINO,1,3480960
2024,6,22,15,1,C,FEMENINO,3,11600820
2024,6,22,15,1,C,MASCULINO,11,49270256
2024,6,22,15,1,D,FEMENINO,2,4516680
2024,6,22,15,1,D,MASCULINO,3,6775020
2024,6,22,15,1,E,FEMENINO,1,2251513
2024,6,22,15,1,E,MASCULINO,6,13055078
2024,6,22,15,1,F,MASCULINO,1,2251513
2024,6,22,15,1,G,FEMENINO,1,2251513
2024,6,22,15,1,G,MASCULINO,4,9006052
2024,6,22,15,1,J,MASCULINO,4,11911513
2024,6,22,16,1,A,FEMENINO,1,4432000
2024,6,22,16,1,A,MASCULINO,2,32000700
2024,6,22,16,1,B,MASCULINO,1,4144000
2024,6,22,16,1,C,FEMENINO,8,37900500
2024,6,22,16,1,C,MASCULINO,9,49726200
2024,6,22,16,1,D,FEMENINO,1,2688500
2024,6,22,16,1,D,MASCULINO,4,10737746
2024,6,22,16,1,E,FEMENINO,5,13401865
2024,6,22,16,1,E,MASCULINO,12,34844849
2024,6,22,16,1,F,FEMENINO,4,10721492
2024,6,22,16,1,F,MASCULINO,3,8041119
2024,6,22,16,1,G,FEMENINO,4,10729619
2024,6,22,16,1,G,MASCULINO,9,24123357
2024,6,22,16,1,J,FEMENINO,1,3000000
2024,6,22,16,1,J,MASCULINO,3,11180373
2024,6,22,17,1,A,MASCULINO,1,0
2024,6,22,17,1,B,MASCULINO,2,6280848
2024,6,22,17,1,C,FEMENINO,5,30618840
2024,6,22,17,1,C,MASCULINO,10,55851096
2024,6,22,17,1,D,MASCULINO,1,2251513
2024,6,22,17,1,E,MASCULINO,8,18012104
2024,6,22,17,1,F,FEMENINO,1,2251513
2024,6,22,17,1,F,MASCULINO,2,4603513
2024,6,22,17,1,G,FEMENINO,4,9006052
2024,6,22,17,1,G,MASCULINO,6,13509078
2024,6,23,1,1,A,FEMENINO,3,23205000
2024,6,23,1,1,B,FEMENINO,5,46410000
2024,6,23,1,1,B,MASCULINO,7,65050500
2024,6,23,1,1,C,FEMENINO,62,380639751
2024,6,23,1,1,C,MASCULINO,27,169751000
2024,6,23,1,1,D,FEMENINO,50,224087101
2024,6,23,1,1,D,MASCULINO,32,129553000
2024,6,23,1,1,E,FEMENINO,8,28824479
2024,6,23,1,1,E,MASCULINO,34,101308498
2024,6,23,1,1,F,FEMENINO,3,7899139
2024,6,23,1,1,F,MASCULINO,2,5460000
2024,6,23,3,1,A,MASCULINO,2,15120000
2024,6,23,3,1,B,FEMENINO,40,288856000
2024,6,23,3,1,B,MASCULINO,62,438080000
2024,6,23,3,1,C,FEMENINO,58,292320000
2024,6,23,3,1,C,MASCULINO,118,611520000
2024,6,23,3,1,D,FEMENINO,15,60308500
2024,6,23,3,1,D,MASCULINO,32,137576000
2024,6,23,3,1,E,FEMENINO,9,29366258
2024,6,23,3,1,E,MASCULINO,22,73206258
2024,6,23,3,1,F,MASCULINO,1,2016000
2024,6,23,3,1,G,FEMENINO,6,16526257
2024,6,23,3,1,G,MASCULINO,45,132884000
2024,6,23,4,1,A,FEMENINO,1,6100000
2024,6,23,4,1,A,MASCULINO,1,22000000
2024,6,23,4,1,B,FEMENINO,3,26200000
2024,6,23,4,1,B,MASCULINO,5,43100000
2024,6,23,4,1,C,FEMENINO,12,86200000
2024,6,23,4,1,C,MASCULINO,5,38100000
2024,6,23,4,1,D,FEMENINO,23,113800000
2024,6,23,4,1,D,MASCULINO,6,28500000
2024,6,23,4,1,E,MASCULINO,1,4900000
2024,6,23,4,1,F,FEMENINO,4,13900000
2024,6,23,4,1,F,MASCULINO,4,14413333
2024,6,23,4,1,G,FEMENINO,3,12100000
2024,6,23,4,1,G,MASCULINO,7,24750000
2024,6,23,6,1,A,MASCULINO,1,0
2024,6,23,6,1,B,FEMENINO,5,52100000
2024,6,23,6,1,B,MASCULINO,11,91800000
2024,6,23,6,1,C,FEMENINO,8,64600000
2024,6,23,6,1,C,MASCULINO,11,87200000
2024,6,23,6,1,D,FEMENINO,5,32000000
2024,6,23,6,1,D,MASCULINO,15,80000000
2024,6,23,6,1,G,FEMENINO,3,14900000
2024,6,23,6,1,G,MASCULINO,2,9900000
2024,6,23,8,1,B,FEMENINO,5,34492890
2024,6,23,8,1,B,MASCULINO,2,12962712
2024,6,23,8,1,C,FEMENINO,2,10020864
2024,6,23,8,1,C,MASCULINO,2,12109786
2024,6,23,8,1,D,FEMENINO,1,3286080
2024,6,23,8,1,E,MASCULINO,1,3317748
2024,6,23,8,1,G,FEMENINO,1,2152080
2024,6,23,10,1,B,FEMENINO,4,46000000
2024,6,23,10,1,B,MASCULINO,22,316000000
2024,6,23,10,1,C,FEMENINO,65,547700000
2024,6,23,10,1,C,MASCULINO,102,909700000
2024,6,23,10,1,D,FEMENINO,1,5000000
2024,6,23,10,1,D,MASCULINO,6,21400000
2024,6,23,10,1,F,FEMENINO,19,87113546
2024,6,23,10,1,F,MASCULINO,29,133452800
2024,6,23,10,1,G,FEMENINO,5,20723900
2024,6,23,10,1,G,MASCULINO,13,48800000
2024,6,23,11,1,0,MASCULINO,1,2566200
2024,6,23,11,1,A,MASCULINO,1,20020000
2024,6,23,11,1,B,FEMENINO,11,97277774
2024,6,23,11,1,B,MASCULINO,27,231862045
2024,6,23,11,1,C,FEMENINO,34,248771517
2024,6,23,11,1,C,MASCULINO,65,471991287
2024,6,23,11,1,D,FEMENINO,6,22845583
2024,6,23,11,1,D,MASCULINO,49,190023648
2024,6,23,11,1,E,FEMENINO,8,22381450
2024,6,23,11,1,E,MASCULINO,54,128142542
2024,6,23,11,1,G,FEMENINO,7,16903900
2024,6,23,11,1,G,MASCULINO,24,58476078
2024,6,23,13,1,A,FEMENINO,1,17290000
2024,6,23,13,1,B,FEMENINO,1,6734000
2024,6,23,13,1,B,MASCULINO,11,97668672
2024,6,23,13,1,C,FEMENINO,4,28609000
2024,6,23,13,1,C,MASCULINO,2,14413000
2024,6,23,13,1,D,FEMENINO,1,3913000
2024,6,23,13,1,D,MASCULINO,2,9373000
2024,6,23,13,1,E,FEMENINO,2,4704000
2024,6,23,13,1,E,MASCULINO,3,7448000
2024,6,23,13,1,F,FEMENINO,2,4885244
2024,6,23,13,1,F,MASCULINO,2,4885244
2024,6,23,13,1,G,FEMENINO,4,20012902
2024,6,23,13,1,G,MASCULINO,11,49295155
2024,6,23,14,1,A,FEMENINO,1,4852000
2024,6,23,14,1,A,MASCULINO,3,27803260
2024,6,23,14,1,B,FEMENINO,7,76387001
2024,6,23,14,1,B,MASCULINO,4,35122003
2024,6,23,14,1,C,FEMENINO,37,247481698
2024,6,23,14,1,C,MASCULINO,23,146391235
2024,6,23,14,1,D,FEMENINO,9,34088000
2024,6,23,14,1,D,MASCULINO,6,22558433
2024,6,23,14,1,E,FEMENINO,9,22494180
2024,6,23,14,1,E,MASCULINO,13,32094266
2024,6,23,14,1,F,FEMENINO,1,2668000
2024,6,23,14,1,F,MASCULINO,2,5940313
2024,6,23,14,1,G,FEMENINO,3,7332000
2024,6,23,14,1,G,MASCULINO,3,7889600
2024,6,23,16,1,A,FEMENINO,4,36500000
2024,6,23,16,1,A,MASCULINO,1,22000000
2024,6,23,16,1,B,FEMENINO,24,254900000
2024,6,23,16,1,B,MASCULINO,15,159300000
2024,6,23,16,1,C,FEMENINO,115,808800000
2024,6,23,16,1,C,MASCULINO,122,851600000
2024,6,23,16,1,D,FEMENINO,196,874900000
2024,6,23,16,1,D,MASCULINO,202,888000000
2024,6,23,16,1,E,FEMENINO,87,238345737
2024,6,23,16,1,E,MASCULINO,312,845177353
2024,6,23,16,1,F,FEMENINO,46,127950444
2024,6,23,16,1,F,MASCULINO,82,226079396
2024,6,23,16,1,G,FEMENINO,27,72527087
2024,6,23,16,1,G,MASCULINO,72,186947531
2024,6,23,17,1,A,FEMENINO,1,22000000
2024,6,23,17,1,B,FEMENINO,12,78144000
2024,6,23,17,1,B,MASCULINO,3,17388000
2024,6,23,17,1,C,FEMENINO,2,15456000
2024,6,23,17,1,C,MASCULINO,1,8232000
2024,6,23,17,1,D,FEMENINO,14,49535478
2024,6,23,17,1,D,MASCULINO,5,17724000
2024,6,23,17,1,E,FEMENINO,13,35784000
2024,6,23,17,1,E,MASCULINO,7,21168000
2024,6,23,17,1,F,MASCULINO,3,7104000
2024,6,23,17,1,G,FEMENINO,3,6656298
2024,6,23,17,1,G,MASCULINO,3,6892596
2024,6,23,18,1,A,FEMENINO,1,4368000
2024,6,23,18,1,A,MASCULINO,1,11000000
2024,6,23,18,1,B,FEMENINO,6,54487035
2024,6,23,18,1,B,MASCULINO,15,152047832
2024,6,23,18,1,C,FEMENINO,67,416424941
2024,6,23,18,1,C,MASCULINO,88,562726136
2024,6,23,18,1,D,FEMENINO,82,282495206
2024,6,23,18,1,D,MASCULINO,94,326786258
2024,6,23,18,1,E,FEMENINO,18,38942034
2024,6,23,18,1,E,MASCULINO,38,104756868
2024,6,23,18,1,F,FEMENINO,5,9000817
2024,6,23,18,1,F,MASCULINO,12,24523413
2024,6,23,18,1,G,FEMENINO,11,17566239
2024,6,23,18,1,G,MASCULINO,40,77865432
2024,6,23,19,1,A,FEMENINO,4,37884000
2024,6,23,19,1,A,MASCULINO,4,49308000
2024,6,23,19,1,B,FEMENINO,6,65520000
2024,6,23,19,1,B,MASCULINO,4,47840000
2024,6,23,19,1,C,FEMENINO,45,363384000
2024,6,23,19,1,C,MASCULINO,27,214116000
2024,6,23,19,1,D,FEMENINO,16,54940000
2024,6,23,19,1,D,MASCULINO,17,58716000
2024,6,23,19,1,E,FEMENINO,7,16666539
2024,6,23,19,1,E,MASCULINO,12,30307513
2024,6,23,20,1,A,FEMENINO,2,29800000
2024,6,23,20,1,A,MASCULINO,6,46000000
2024,6,23,20,1,B,FEMENINO,13,136300000
2024,6,23,20,1,B,MASCULINO,11,103500000
2024,6,23,20,1,C,FEMENINO,18,129800000
2024,6,23,20,1,C,MASCULINO,22,177100000
2024,6,23,20,1,D,FEMENINO,28,120400000
2024,6,23,20,1,D,MASCULINO,46,197300000
2024,6,23,20,1,E,FEMENINO,31,95564476
2024,6,23,20,1,E,MASCULINO,100,294389698
2024,6,23,20,1,F,FEMENINO,14,37525222
2024,6,23,20,1,F,MASCULINO,37,99173801
2024,6,23,20,1,G,MASCULINO,6,16082238
2024,6,23,22,1,A,FEMENINO,1,4012000
2024,6,23,22,1,A,MASCULINO,3,37256000
2024,6,23,22,1,B,FEMENINO,13,106576017
2024,6,23,22,1,B,MASCULINO,20,173132000
2024,6,23,22,1,C,FEMENINO,30,182721347
2024,6,23,22,1,C,MASCULINO,29,170091550
2024,6,23,22,1,D,FEMENINO,64,230566966
2024,6,23,22,1,D,MASCULINO,70,237633277
2024,6,23,22,1,E,FEMENINO,12,31764164
2024,6,23,22,1,E,MASCULINO,44,104838116
2024,6,23,22,1,F,FEMENINO,13,28836247
2024,6,23,22,1,F,MASCULINO,19,49172558
2024,6,23,22,1,G,FEMENINO,14,34201504
2024,6,23,22,1,G,MASCULINO,53,114472692
2024,6,23,24,1,A,FEMENINO,8,66612000
2024,6,23,24,1,A,MASCULINO,7,57960423
2024,6,23,24,1,B,FEMENINO,2,16135000
2024,6,23,24,1,B,MASCULINO,10,103284000
2024,6,23,24,1,C,FEMENINO,16,107268000
2024,6,23,24,1,C,MASCULINO,10,62244000
2024,6,23,24,1,D,FEMENINO,84,288204000
2024,6,23,24,1,D,MASCULINO,46,160188000
2024,6,23,24,1,E,FEMENINO,53,141811617
2024,6,23,24,1,E,MASCULINO,48,123684104
2024,6,23,24,1,F,FEMENINO,7,16767026
2024,6,23,24,1,F,MASCULINO,11,27435026
2024,6,23,24,1,G,FEMENINO,229,521485139
2024,6,23,24,1,G,MASCULINO,242,549226321
2024,6,23,25,1,A,FEMENINO,1,22000000
2024,6,23,25,1,B,FEMENINO,13,116280000
2024,6,23,25,1,B,MASCULINO,8,66443000
2024,6,23,25,1,C,FEMENINO,26,169082869
2024,6,23,25,1,C,MASCULINO,17,108114632
2024,6,23,25,1,D,FEMENINO,7,26296228
2024,6,23,25,1,D,MASCULINO,18,54570598
2024,6,23,25,1,E,FEMENINO,7,17156219
2024,6,23,25,1,E,MASCULINO,18,36287040
2024,6,23,26,1,A,FEMENINO,1,22000000
2024,6,23,26,1,B,FEMENINO,2,16192000
2024,6,23,26,1,B,MASCULINO,5,42892000
2024,6,23,26,1,C,FEMENINO,3,16380000
2024,6,23,26,1,C,MASCULINO,3,16128000
2024,6,23,26,1,D,FEMENINO,5,18396000
2024,6,23,26,1,D,MASCULINO,4,13356000
2024,6,23,26,1,E,FEMENINO,4,9711026
2024,6,23,26,1,E,MASCULINO,2,4771513
2024,6,23,27,1,B,FEMENINO,2,20720000
2024,6,23,27,1,B,MASCULINO,2,19880000
2024,6,23,27,1,C,FEMENINO,3,22904000
2024,6,23,27,1,C,MASCULINO,9,70476000
2024,6,23,27,1,D,FEMENINO,4,17220000
2024,6,23,27,1,F,FEMENINO,1,2352000
2024,6,23,27,1,F,MASCULINO,2,5544000
2024,6,23,28,1,A,MASCULINO,1,15000000
2024,6,23,28,1,B,FEMENINO,2,18800000
2024,6,23,28,1,B,MASCULINO,6,58000000
2024,6,23,28,1,C,MASCULINO,1,4500000
2024,6,23,28,1,D,FEMENINO,8,33600000
2024,6,23,28,1,D,MASCULINO,1,4116000
2024,6,23,29,1,A,FEMENINO,1,3872000
2024,6,23,29,1,A,MASCULINO,1,4032000
2024,6,23,29,1,B,FEMENINO,2,16492000
2024,6,23,29,1,B,MASCULINO,4,34332000
2024,6,23,29,1,C,FEMENINO,4,24528000
2024,6,23,29,1,C,MASCULINO,1,6132000
2024,6,23,29,1,D,FEMENINO,2,9912000
2024,6,23,29,1,D,MASCULINO,1,2940000
2024,6,23,29,1,E,FEMENINO,2,5376000
2024,6,23,29,1,E,MASCULINO,4,10752000
2024,6,23,30,1,A,FEMENINO,1,18480000
2024,6,23,30,1,B,FEMENINO,7,59640000
2024,6,23,30,1,B,MASCULINO,4,35280000
2024,6,23,30,1,C,FEMENINO,7,44640000
2024,6,23,30,1,C,MASCULINO,2,10080000
2024,6,23,30,1,D,FEMENINO,3,11323513
2024,6,23,30,1,D,MASCULINO,2,7392000
2024,6,23,30,1,G,MASCULINO,2,2251513
2024,6,23,31,1,A,MASCULINO,1,22000000
2024,6,23,31,1,B,FEMENINO,1,13000000
2024,6,23,31,1,B,MASCULINO,7,61720000
2024,6,23,31,1,C,FEMENINO,3,9744000
2024,6,23,31,1,D,FEMENINO,6,15708000
2024,6,23,31,1,D,MASCULINO,3,9072000
2024,6,23,31,1,E,MASCULINO,1,2251513
2024,6,23,32,1,A,MASCULINO,2,37000000
2024,6,23,32,1,B,FEMENINO,8,60144000
2024,6,23,32,1,B,MASCULINO,7,58296000
2024,6,23,32,1,C,FEMENINO,2,10584000
2024,6,23,32,1,D,MASCULINO,1,3024000
2024,6,23,33,1,B,FEMENINO,1,12000000
2024,6,23,33,1,B,MASCULINO,4,49800000
2024,6,23,33,1,C,FEMENINO,1,8000000
2024,6,23,33,1,C,MASCULINO,2,14040000
2024,6,23,33,1,D,FEMENINO,1,4500000
2024,6,23,33,1,E,MASCULINO,1,4000000
2024,6,23,33,1,G,FEMENINO,1,2680373
2024,6,23,33,1,L,FEMENINO,15,72892129
2024,6,23,33,1,L,MASCULINO,3,8636046
2024,6,23,33,1,Z,FEMENINO,78,415620394
2024,6,23,33,1,Z,MASCULINO,67,367733884
2024,6,23,34,1,B,FEMENINO,3,32400000
2024,6,23,34,1,B,MASCULINO,2,20448000
2024,6,23,34,1,C,FEMENINO,1,4200000
2024,6,23,34,1,D,FEMENINO,1,5880000
2024,6,23,34,1,D,MASCULINO,3,12264000
2024,6,23,34,1,E,FEMENINO,5,14704093
2024,6,23,34,1,E,MASCULINO,2,4792093
2024,6,23,34,1,G,FEMENINO,6,13368279
2024,6,23,34,1,G,MASCULINO,8,17576465
2024,6,23,34,1,L,FEMENINO,46,157702078
2024,6,23,34,1,L,MASCULINO,16,57756636
2024,6,23,34,1,Z,FEMENINO,113,668160901
2024,6,23,34,1,Z,MASCULINO,51,242647544
2024,6,23,35,1,A,MASCULINO,1,22000000
2024,6,23,35,1,B,FEMENINO,2,17136000
2024,6,23,35,1,B,MASCULINO,4,34272000
2024,6,23,35,1,C,MASCULINO,2,12717922
2024,6,23,35,1,D,FEMENINO,1,2268000
2024,6,23,36,1,A,MASCULINO,1,18480000
2024,6,23,36,1,B,FEMENINO,7,61992000
2024,6,23,36,1,B,MASCULINO,7,63624000
2024,6,23,36,1,C,FEMENINO,19,112308000
2024,6,23,36,1,C,MASCULINO,12,66192000
2024,6,23,36,1,D,FEMENINO,45,143808000
2024,6,23,36,1,D,MASCULINO,18,72240000
2024,6,23,36,1,E,FEMENINO,12,34423513
2024,6,23,36,1,E,MASCULINO,19,52702539
2024,6,23,36,1,F,FEMENINO,7,17338539
2024,6,23,36,1,F,MASCULINO,6,13777565
2024,6,23,36,1,G,FEMENINO,4,9828000
2024,6,23,36,1,G,MASCULINO,2,5124000
2024,6,23,37,1,B,FEMENINO,2,20400000
2024,6,23,37,1,B,MASCULINO,3,33400000
2024,6,23,38,1,2,FEMENINO,1,10584000
2024,6,23,38,1,2,MASCULINO,2,22764000
2024,6,23,38,1,A,FEMENINO,1,4082400
2024,6,23,38,1,A,MASCULINO,1,18480000
2024,6,23,38,1,B,FEMENINO,20,176360949
2024,6,23,38,1,B,MASCULINO,3,25704000
2024,6,23,38,1,C,MASCULINO,1,5987520
2024,6,23,38,1,D,FEMENINO,12,54355739
2024,6,23,38,1,D,MASCULINO,7,29562031
2024,6,23,38,1,E,FEMENINO,2,6951840
2024,6,23,38,1,E,MASCULINO,4,15489600
2024,6,23,38,1,F,FEMENINO,5,14878080
2024,6,23,38,1,F,MASCULINO,10,26098544
2024,6,23,38,1,S,FEMENINO,27,103823967
2024,6,23,38,1,S,MASCULINO,4,16329600
2024,6,23,39,1,B,FEMENINO,4,32676000
2024,6,23,39,1,B,MASCULINO,6,50800000
2024,6,23,39,1,C,FEMENINO,10,57456000
2024,6,23,39,1,C,MASCULINO,10,57189897
2024,6,23,39,1,D,FEMENINO,46,162525221
2024,6,23,39,1,D,MASCULINO,34,126425768
2024,6,23,39,1,E,FEMENINO,32,86902525
2024,6,23,39,1,E,MASCULINO,50,138293318
2024,6,23,39,1,F,FEMENINO,10,25554052
2024,6,23,39,1,F,MASCULINO,15,35418156
2024,6,23,39,1,G,FEMENINO,1,2251513
2024,6,23,39,1,G,MASCULINO,2,5208000
2024,6,23,40,1,A,FEMENINO,309,2286961600
2024,6,23,40,1,A,MASCULINO,833,6716385077
2024,6,23,40,1,C,FEMENINO,93,598246667
2024,6,23,40,1,C,MASCULINO,95,616772800
2024,6,23,40,1,D,FEMENINO,127,554167600
2024,6,23,40,1,D,MASCULINO,212,971119282
2024,6,23,40,1,E,MASCULINO,1,2520000
2024,6,23,40,1,G,MASCULINO,2,37720000
2024,6,23,40,1,H,MASCULINO,2,4503026
2024,6,23,40,1,R,FEMENINO,13,91728000
2024,6,23,40,1,R,MASCULINO,7,49392000
2024,6,24,1,1,1,FEMENINO,3,4463686
2024,6,24,1,1,1,MASCULINO,1,3355716
2024,6,24,1,1,D,FEMENINO,1055,2852422390
2024,6,24,1,1,D,MASCULINO,1041,2849347034
2024,6,24,1,1,F,FEMENINO,143,549634654
2024,6,24,1,1,F,MASCULINO,220,838369349
2024,6,24,1,1,G,FEMENINO,448,2381172665
2024,6,24,1,1,G,MASCULINO,373,1968192995
2024,6,24,1,1,H,FEMENINO,169,1191789767
2024,6,24,1,1,H,MASCULINO,187,1283557554
2024,6,24,1,1,I,FEMENINO,222,1944137215
2024,6,24,1,1,I,MASCULINO,221,1962535683
2024,6,24,1,1,S,FEMENINO,6336,32336753910
2024,6,24,1,1,S,MASCULINO,2674,15718152079
2024,6,24,2,1,B,FEMENINO,2,14040000
2024,6,24,2,1,C,FEMENINO,1,6000000
2024,6,24,2,1,E,MASCULINO,3,11600000
2024,6,24,2,1,S,MASCULINO,2,5360746
2024,6,24,4,1,C,FEMENINO,50,169397753
2024,6,24,4,1,C,MASCULINO,66,244380679
2024,6,24,5,1,A,MASCULINO,1,6660000
2024,6,24,5,1,B,FEMENINO,5,41018850
2024,6,24,5,1,B,MASCULINO,5,37620000
2024,6,24,5,1,C,FEMENINO,14,73422701
2024,6,24,5,1,C,MASCULINO,3,16182000
2024,6,24,5,1,D,FEMENINO,10,37428669
2024,6,24,5,1,D,MASCULINO,10,35100000
2024,6,24,5,1,E,FEMENINO,1,2330752
2024,6,24,5,1,E,MASCULINO,12,31646040
2024,6,24,5,1,F,FEMENINO,16,39697480
2024,6,24,5,1,F,MASCULINO,15,41349393
2024,6,24,5,1,G,FEMENINO,27,65162771
2024,6,24,5,1,G,MASCULINO,22,52505594
2024,6,24,5,1,X,FEMENINO,1,3150000
2024,6,25,2,1,A,FEMENINO,515,2670086466
2024,6,25,2,1,A,MASCULINO,473,2554918493
2024,6,25,2,1,O,FEMENINO,137,541942782
2024,6,25,2,1,O,MASCULINO,2014,9353510549
2024,6,25,2,1,P,FEMENINO,192,2082718203
2024,6,25,2,1,P,MASCULINO,434,4990060320
2024,6,25,2,1,T,FEMENINO,50,310407091
2024,6,25,2,1,T,MASCULINO,487,3149769387
2024,6,25,4,1,1,FEMENINO,5,15959790
2024,6,25,4,1,1,MASCULINO,10,30931045
2024,6,25,4,1,E,FEMENINO,13,45245891
2024,6,25,4,1,E,MASCULINO,31,106204182
2024,6,25,4,1,G,FEMENINO,18,48276955
2024,6,25,4,1,G,MASCULINO,56,154493723
2024,6,25,4,1,H,FEMENINO,195,458882724
2024,6,25,4,1,H,MASCULINO,623,1450174883
2024,6,25,4,1,I,FEMENINO,3,7339283
2024,6,25,4,1,I,MASCULINO,7,17231053
2024,6,25,4,1,J,FEMENINO,2,6743275
2024,6,25,4,1,J,MASCULINO,3,9672523
2024,6,25,4,1,K,FEMENINO,46,162294467
2024,6,25,4,1,K,MASCULINO,107,379030195
2024,6,25,4,1,R,FEMENINO,24,159882800
2024,6,25,4,1,R,MASCULINO,59,375468772
2024,6,25,5,1,A,FEMENINO,4,26630000
2024,6,25,5,1,A,MASCULINO,13,92797313
2024,6,25,5,1,B,FEMENINO,31,290012221
2024,6,25,5,1,B,MASCULINO,53,501144547
2024,6,25,5,1,C,FEMENINO,94,599604150
2024,6,25,5,1,C,MASCULINO,156,998725190
2024,6,25,5,1,D,FEMENINO,161,632458139
2024,6,25,5,1,D,MASCULINO,228,917078339
2024,6,25,5,1,E,FEMENINO,264,875828309
2024,6,25,5,1,E,MASCULINO,537,1779196625
2024,6,25,6,1,1,FEMENINO,10,44638700
2024,6,25,6,1,1,MASCULINO,9,32244246
2024,6,25,6,1,2,FEMENINO,4,22093700
2024,6,25,6,1,2,MASCULINO,8,44610800
2024,6,25,6,1,E,FEMENINO,1,3200000
2024,6,25,6,1,F,FEMENINO,1,2680373
2024,6,25,6,1,F,MASCULINO,11,29484103
2024,6,25,6,1,G,FEMENINO,7,30410700
2024,6,25,6,1,G,MASCULINO,25,88329100
2024,6,25,6,1,H,FEMENINO,9,28832000
2024,6,25,6,1,H,MASCULINO,50,153529811
2024,6,25,6,1,I,FEMENINO,13,38461846
2024,6,25,6,1,I,MASCULINO,102,310741657
2024,6,25,6,1,J,FEMENINO,4,12068819
2024,6,25,6,1,J,MASCULINO,22,66687395
2024,6,25,6,1,K,FEMENINO,47,206327600
2024,6,25,6,1,K,MASCULINO,154,643010119
2024,6,25,6,1,R,FEMENINO,18,125451400
2024,6,25,6,1,R,MASCULINO,51,364142246
2024,6,25,7,1,2,FEMENINO,5,56535567
2024,6,25,7,1,2,MASCULINO,13,140769767
2024,6,25,7,1,G,FEMENINO,106,634461839
2024,6,25,7,1,G,MASCULINO,493,2650984462
2024,6,25,7,1,X,FEMENINO,8,41356000
2024,6,25,7,1,X,MASCULINO,53,273567104
2024,6,27,1,1,B,FEMENINO,538,4374387380
2024,6,27,1,1,B,MASCULINO,812,7592129573
2024,6,27,1,1,K,FEMENINO,33,167653547
2024,6,27,1,1,K,MASCULINO,51,242359360
2024,6,27,3,1,A,FEMENINO,1,13000000
2024,6,27,3,1,A,MASCULINO,1,8500000
2024,6,27,3,1,B,FEMENINO,18,144100000
2024,6,27,3,1,B,MASCULINO,54,453800000
2024,6,27,3,1,C,FEMENINO,32,218100000
2024,6,27,3,1,C,MASCULINO,39,254600000
2024,6,27,3,1,D,FEMENINO,75,360700000
2024,6,27,3,1,D,MASCULINO,180,892900000
2024,6,27,3,1,E,FEMENINO,2,6200000
2024,6,27,3,1,E,MASCULINO,3,9400000
2024,6,27,5,1,H,FEMENINO,2,4878278
2024,6,27,7,1,A,FEMENINO,48,448459000
2024,6,27,7,1,A,MASCULINO,44,529481000
2024,6,28,1,1,3,FEMENINO,1,0
2024,6,28,1,1,3,MASCULINO,1,985944
2024,6,28,1,1,4,FEMENINO,158,965009063
2024,6,28,1,1,4,MASCULINO,116,696561728
2024,6,28,1,1,A,FEMENINO,1,2680373
2024,6,28,1,1,B,MASCULINO,3,7183399
2024,6,28,1,1,C,FEMENINO,81,222185944
2024,6,28,1,1,C,MASCULINO,72,205530373
2024,6,28,1,1,D,FEMENINO,15,52586855
2024,6,28,1,1,D,MASCULINO,15,40205595
2024,6,28,1,1,E,FEMENINO,3,8041119
2024,6,28,1,1,E,MASCULINO,1,2680373
2024,6,28,1,1,F,FEMENINO,35,96775000
2024,6,28,1,1,F,MASCULINO,90,248850000
2024,6,28,1,1,G,FEMENINO,82,287412612
2024,6,28,1,1,G,MASCULINO,110,354920097
2024,6,28,1,1,H,FEMENINO,166,649310817
2024,6,28,1,1,H,MASCULINO,302,1175931931
2024,6,28,1,1,I,FEMENINO,3,9426600
2024,6,28,1,1,I,MASCULINO,3,9426600
2024,6,28,1,1,K,FEMENINO,929,3966382193
2024,6,28,1,1,K,MASCULINO,1037,4385957057
2024,6,28,1,1,L,FEMENINO,2803,8635001369
2024,6,28,1,1,L,MASCULINO,2905,10685233340
2024,6,28,1,1,R,FEMENINO,541,3031198296
2024,6,28,1,1,R,MASCULINO,378,2100386878
2024,6,28,1,1,S,FEMENINO,1684,8527180796
2024,6,28,1,1,S,MASCULINO,521,2287780000
2024,6,28,1,1,U,FEMENINO,2310,12445197831
2024,6,28,1,1,U,MASCULINO,1933,11133960920
2024,6,28,1,1,Z,FEMENINO,146,433624242
2024,6,28,1,1,Z,MASCULINO,145,364157988
2024,6,28,2,1,C,FEMENINO,31,64479477
2024,6,28,2,1,C,MASCULINO,34,71417084
2024,6,28,2,1,D,FEMENINO,22,48075587
2024,6,28,2,1,D,MASCULINO,20,41548629
2024,6,28,2,1,E,FEMENINO,37,75065480
2024,6,28,2,1,E,MASCULINO,20,42661689
2024,6,28,2,1,F,FEMENINO,45,91795357
2024,6,28,2,1,F,MASCULINO,24,50831091
2024,6,28,2,1,G,FEMENINO,30,77838094
2024,6,28,2,1,G,MASCULINO,19,56246408
2024,6,28,2,1,H,FEMENINO,12,26023982
2024,6,28,2,1,H,MASCULINO,8,19689530
2024,6,28,2,1,K,FEMENINO,26,89803406
2024,6,28,2,1,K,MASCULINO,31,115527128
2024,6,28,2,1,L,FEMENINO,15,27916873
2024,6,28,2,1,L,MASCULINO,8,14849230
2024,6,28,2,1,U,FEMENINO,712,2290799225
2024,6,28,2,1,U,MASCULINO,591,2389021511
2024,6,28,2,1,Z,FEMENINO,1,1134000
2024,6,28,2,1,Z,MASCULINO,2,2268000
2024,6,28,3,1,1,MASCULINO,1,3482052
2024,6,28,3,1,D,FEMENINO,15,33102602
2024,6,28,3,1,D,MASCULINO,8,18012104
2024,6,28,3,1,E,FEMENINO,11,24357115
2024,6,28,3,1,E,MASCULINO,7,15760591
2024,6,28,3,1,F,FEMENINO,12,26348063
2024,6,28,3,1,F,MASCULINO,16,35003974
2024,6,28,3,1,G,FEMENINO,17,50701677
2024,6,28,3,1,G,MASCULINO,20,52108771
2024,6,28,3,1,K,FEMENINO,11,45606435
2024,6,28,3,1,K,MASCULINO,6,20143116
2024,6,28,3,1,U,FEMENINO,375,1193104631
2024,6,28,3,1,U,MASCULINO,262,903607053
2024,6,28,4,1,1,FEMENINO,11,48119506
2024,6,28,4,1,1,MASCULINO,4,18912768
2024,6,28,4,1,C,FEMENINO,8,18012104
2024,6,28,4,1,C,MASCULINO,5,9006052
2024,6,28,4,1,E,FEMENINO,21,48119493
2024,6,28,4,1,E,MASCULINO,19,43596467
2024,6,28,4,1,F,FEMENINO,23,52577946
2024,6,28,4,1,F,MASCULINO,12,28304736
2024,6,28,4,1,G,FEMENINO,36,110111932
2024,6,28,4,1,G,MASCULINO,18,52941124
2024,6,28,4,1,H,FEMENINO,42,97299143
2024,6,28,4,1,H,MASCULINO,34,78909858
2024,6,28,4,1,K,FEMENINO,10,30600610
2024,6,28,4,1,K,MASCULINO,3,8312258
2024,6,28,4,1,L,FEMENINO,461,1233975692
2024,6,28,4,1,L,MASCULINO,305,905659391
2024,6,28,4,1,S,FEMENINO,1,2251513
2024,6,28,4,1,S,MASCULINO,2,2481757
2024,6,28,4,1,U,FEMENINO,119,355616871
2024,6,28,4,1,U,MASCULINO,61,180088328
2024,6,28,5,1,C,FEMENINO,6,10647318
2024,6,28,5,1,C,MASCULINO,1,2112562
2024,6,28,5,1,E,FEMENINO,40,75996743
2024,6,28,5,1,E,MASCULINO,45,83572984
2024,6,28,5,1,F,FEMENINO,12,24772958
2024,6,28,5,1,F,MASCULINO,9,17848358
2024,6,28,5,1,G,FEMENINO,44,111209311
2024,6,28,5,1,G,MASCULINO,39,115347429
2024,6,28,5,1,H,FEMENINO,1,1904952
2024,6,28,5,1,H,MASCULINO,4,8914966
2024,6,28,5,1,K,FEMENINO,1,4830900
2024,6,28,5,1,K,MASCULINO,1,5737700
2024,6,28,5,1,L,FEMENINO,203,563884334
2024,6,28,5,1,L,MASCULINO,233,870703474
2024,6,28,5,1,N,FEMENINO,8,15748460
2024,6,28,5,1,N,MASCULINO,13,23745207
2024,6,28,5,1,U,FEMENINO,41,118516684
2024,6,28,5,1,U,MASCULINO,41,146587951
2024,6,28,6,1,0,FEMENINO,4,0
2024,6,28,6,1,0,MASCULINO,4,0
2024,6,28,6,1,D,FEMENINO,5,11257565
2024,6,28,6,1,D,MASCULINO,1,2251513
2024,6,28,6,1,E,FEMENINO,20,45030260
2024,6,28,6,1,E,MASCULINO,16,36024208
2024,6,28,6,1,F,FEMENINO,37,83305981
2024,6,28,6,1,F,MASCULINO,26,57449323
2024,6,28,6,1,G,FEMENINO,46,150308088
2024,6,28,6,1,G,MASCULINO,42,142970077
2024,6,28,6,1,H,FEMENINO,1,2454816
2024,6,28,6,1,K,FEMENINO,5,23938992
2024,6,28,6,1,K,MASCULINO,4,19094040
2024,6,28,6,1,L,FEMENINO,696,813977062
2024,6,28,6,1,L,MASCULINO,501,652214958
2024,6,28,6,1,U,FEMENINO,161,430278649
2024,6,28,6,1,U,MASCULINO,119,342780722
2024,6,28,7,1,2,FEMENINO,1,3634596
2024,6,28,7,1,2,MASCULINO,1,3634596
2024,6,28,7,1,C,MASCULINO,1,621300
2024,6,28,7,1,D,FEMENINO,12,25559266
2024,6,28,7,1,D,MASCULINO,8,17356574
2024,6,28,7,1,E,FEMENINO,26,55807247
2024,6,28,7,1,E,MASCULINO,19,40516601
2024,6,28,7,1,F,FEMENINO,38,80727155
2024,6,28,7,1,F,MASCULINO,26,56479694
2024,6,28,7,1,G,FEMENINO,55,150899970
2024,6,28,7,1,G,MASCULINO,40,108121148
2024,6,28,7,1,H,FEMENINO,10,21422580
2024,6,28,7,1,H,MASCULINO,10,21588054
2024,6,28,7,1,I,FEMENINO,8,18342614
2024,6,28,7,1,I,MASCULINO,4,9172036
2024,6,28,7,1,K,FEMENINO,30,105213563
2024,6,28,7,1,K,MASCULINO,27,97434284
2024,6,28,7,1,L,FEMENINO,221,252901714
2024,6,28,7,1,L,MASCULINO,226,276355106
2024,6,28,7,1,S,FEMENINO,1,899556
2024,6,28,7,1,U,FEMENINO,316,854732571
2024,6,28,7,1,U,MASCULINO,375,1120951122
2024,6,28,8,1,E,FEMENINO,10,22405874
2024,6,28,8,1,E,MASCULINO,5,11257565
2024,6,28,8,1,F,FEMENINO,7,15760591
2024,6,28,8,1,F,MASCULINO,5,11257565
2024,6,28,8,1,G,FEMENINO,21,67801734
2024,6,28,8,1,G,MASCULINO,20,61021010
2024,6,28,8,1,U,FEMENINO,3,13039488
2024,6,28,8,1,U,MASCULINO,9,40143292
2024,6,28,9,1,4,MASCULINO,1,4545225
2024,6,28,9,1,K,FEMENINO,1,6060300
2024,6,28,9,1,R,FEMENINO,9,60861800
2024,6,28,9,1,R,MASCULINO,7,47440600
2024,6,28,9,1,U,FEMENINO,1,5305524
2024,6,28,9,1,U,MASCULINO,6,29855672
2024,6,28,10,1,D,FEMENINO,13,29269669
2024,6,28,10,1,D,MASCULINO,3,6754539
2024,6,28,10,1,E,FEMENINO,10,22515130
2024,6,28,10,1,E,MASCULINO,11,24766643
2024,6,28,10,1,G,FEMENINO,14,39926184
2024,6,28,10,1,G,MASCULINO,7,20713983
2024,6,28,10,1,U,FEMENINO,74,122222083
2024,6,28,10,1,U,MASCULINO,48,114474855
2024,6,30,1,2,M,FEMENINO,15,42736681
2024,6,30,1,2,M,MASCULINO,31,87339000
2024,6,30,1,3,M,MASCULINO,1,5000000
2024,6,30,1,4,M,FEMENINO,5,13097250
2024,6,30,1,4,M,MASCULINO,4,17750000
2024,6,30,1,5,M,FEMENINO,3,9450000
2024,6,30,1,5,M,MASCULINO,4,13930000
2024,6,30,1,6,M,FEMENINO,9,30010130
2024,6,30,1,6,M,MASCULINO,7,16744000
2024,6,30,1,237,M,MASCULINO,1,5000000
2024,6,30,1,238,M,MASCULINO,5,29300000
2024,6,30,1,241,M,FEMENINO,1,5000000
2024,6,30,1,241,M,MASCULINO,2,3500000
2024,6,30,1,249,A,MASCULINO,1,6860000
2024,6,30,1,257,M,FEMENINO,6,12295939
2024,6,30,1,257,M,MASCULINO,4,4800000
2024,6,30,1,263,M,MASCULINO,4,17400000
2024,6,30,1,524,M,FEMENINO,2,16800000
2024,6,30,1,524,M,MASCULINO,1,2500000
2024,6,30,2,8,M,FEMENINO,2,4500000
2024,6,30,2,8,M,MASCULINO,4,30432085
2024,6,30,2,10,M,FEMENINO,6,15361500
2024,6,30,2,10,M,MASCULINO,8,29485000
2024,6,30,2,11,M,FEMENINO,4,6839000
2024,6,30,2,11,M,MASCULINO,12,26291000
2024,6,30,2,12,M,FEMENINO,3,8200500
2024,6,30,2,12,M,MASCULINO,7,25087211
2024,6,30,2,13,C,MASCULINO,1,7250000
2024,6,30,2,13,E,FEMENINO,3,5985000
2024,6,30,2,13,E,MASCULINO,1,1710000
2024,6,30,2,14,M,FEMENINO,1,4825800
2024,6,30,2,14,M,MASCULINO,2,1710000
2024,6,30,2,15,M,FEMENINO,7,13590000
2024,6,30,2,15,M,MASCULINO,12,41475000
2024,6,30,2,16,M,MASCULINO,1,3600000
2024,6,30,2,17,M,FEMENINO,2,3025000
2024,6,30,2,17,M,MASCULINO,1,3000000
2024,6,30,2,18,M,FEMENINO,1,2020000
2024,6,30,2,18,M,MASCULINO,3,10964000
2024,6,30,2,19,M,FEMENINO,3,3850000
2024,6,30,2,19,M,MASCULINO,3,5350000
2024,6,30,2,20,M,MASCULINO,4,13600000
2024,6,30,2,22,M,FEMENINO,2,10000000
2024,6,30,2,22,M,MASCULINO,3,6500000
2024,6,30,2,23,M,FEMENINO,2,2234500
2024,6,30,2,23,M,MASCULINO,2,5062650
2024,6,30,2,24,M,MASCULINO,1,15415400
2024,6,30,2,25,M,MASCULINO,4,15114328
2024,6,30,2,26,M,FEMENINO,3,25350400
2024,6,30,2,26,M,MASCULINO,5,14670000
2024,6,30,2,239,M,MASCULINO,5,17838300
2024,6,30,2,260,M,FEMENINO,1,3800000
2024,6,30,2,260,M,MASCULINO,5,11900000
2024,6,30,3,27,M,FEMENINO,24,150433766
2024,6,30,3,27,M,MASCULINO,23,129028900
2024,6,30,3,28,M,FEMENINO,3,6842250
2024,6,30,3,28,M,MASCULINO,8,31934550
2024,6,30,3,29,M,FEMENINO,2,5400000
2024,6,30,3,29,M,MASCULINO,6,10480000
2024,6,30,3,30,M,FEMENINO,3,7700000
2024,6,30,3,30,M,MASCULINO,3,17100000
2024,6,30,3,31,M,FEMENINO,8,17300000
2024,6,30,3,31,M,MASCULINO,7,26300000
2024,6,30,3,32,0,FEMENINO,9,20700000
2024,6,30,3,32,0,MASCULINO,4,22500000
2024,6,30,3,33,C,MASCULINO,1,0
2024,6,30,3,33,M,FEMENINO,6,19510500
2024,6,30,3,33,M,MASCULINO,10,62700700
2024,6,30,3,34,M,FEMENINO,3,6750000
2024,6,30,3,34,M,MASCULINO,1,1800000
2024,6,30,3,35,M,FEMENINO,4,6600000
2024,6,30,3,35,M,MASCULINO,3,17346000
2024,6,30,3,37,M,MASCULINO,1,6716666
2024,6,30,3,38,M,FEMENINO,1,0
2024,6,30,3,38,M,MASCULINO,2,900000
2024,6,30,3,39,M,FEMENINO,4,12025000
2024,6,30,3,39,M,MASCULINO,1,2475000
2024,6,30,3,42,M,FEMENINO,6,20700000
2024,6,30,3,42,M,MASCULINO,6,45973730
2024,6,30,3,43,M,MASCULINO,6,11369000
2024,6,30,3,44,M,FEMENINO,4,9100000
2024,6,30,3,44,M,MASCULINO,4,22500000
2024,6,30,3,45,M,FEMENINO,9,19115000
2024,6,30,3,45,M,MASCULINO,3,3330000
2024,6,30,4,47,M,FEMENINO,46,119371553
2024,6,30,4,47,M,MASCULINO,40,113219446
2024,6,30,4,48,M,FEMENINO,2,2630000
2024,6,30,4,48,M,MASCULINO,1,2800000
2024,6,30,4,49,M,FEMENINO,3,4100000
2024,6,30,4,49,M,MASCULINO,4,10700000
2024,6,30,4,50,M,MASCULINO,2,5438590
2024,6,30,4,51,M,MASCULINO,2,5959183
2024,6,30,4,53,M,FEMENINO,1,1400000
2024,6,30,4,53,M,MASCULINO,3,14500000
2024,6,30,4,54,M,MASCULINO,2,7500000
2024,6,30,4,55,M,FEMENINO,4,6530000
2024,6,30,4,55,M,MASCULINO,4,5830000
2024,6,30,4,56,M,FEMENINO,1,1350000
2024,6,30,4,56,M,MASCULINO,1,1785000
2024,6,30,4,57,M,FEMENINO,2,5000000
2024,6,30,4,57,M,MASCULINO,2,3800000
2024,6,30,4,58,M,MASCULINO,2,3000000
2024,6,30,4,59,M,FEMENINO,1,700000
2024,6,30,4,59,M,MASCULINO,1,600000
2024,6,30,4,60,M,FEMENINO,1,1000000
2024,6,30,4,60,M,MASCULINO,1,1800000
2024,6,30,4,61,M,FEMENINO,5,8652000
2024,6,30,4,62,M,FEMENINO,1,1022222
2024,6,30,4,62,M,MASCULINO,2,2590000
2024,6,30,4,63,M,MASCULINO,2,7715177
2024,6,30,4,234,M,FEMENINO,4,8445000
2024,6,30,4,234,M,MASCULINO,2,8700000
2024,6,30,5,64,M,FEMENINO,35,97375340
2024,6,30,5,64,M,MASCULINO,75,222354396
2024,6,30,5,65,A,FEMENINO,1,4800000
2024,6,30,5,65,A,MASCULINO,2,18770000
2024,6,30,5,65,B,FEMENINO,2,6600000
2024,6,30,5,65,B,MASCULINO,5,17300000
2024,6,30,5,65,C,FEMENINO,2,6900000
2024,6,30,5,65,C,MASCULINO,6,21200000
2024,6,30,5,65,D,FEMENINO,2,7600000
2024,6,30,5,65,D,MASCULINO,2,6850000
2024,6,30,5,65,E,FEMENINO,1,3000000
2024,6,30,5,65,E,MASCULINO,2,5200000
2024,6,30,5,65,G,FEMENINO,3,9800000
2024,6,30,5,65,G,MASCULINO,7,21700000
2024,6,30,5,66,M,FEMENINO,1,1530000
2024,6,30,5,66,M,MASCULINO,3,9660000
2024,6,30,5,67,M,FEMENINO,1,1000000
2024,6,30,5,67,M,MASCULINO,2,3650000
2024,6,30,5,68,M,FEMENINO,1,1530000
2024,6,30,5,68,M,MASCULINO,2,4800000
2024,6,30,5,69,M,FEMENINO,6,8525745
2024,6,30,5,69,M,MASCULINO,13,25641745
2024,6,30,5,70,M,FEMENINO,2,4050000
2024,6,30,5,70,M,MASCULINO,4,18737000
2024,6,30,5,71,M,FEMENINO,1,1190000
2024,6,30,5,71,M,MASCULINO,2,8128000
2024,6,30,5,72,A,MASCULINO,1,5650000
2024,6,30,5,72,D,MASCULINO,1,2970000
2024,6,30,5,72,F,MASCULINO,2,3816000
2024,6,30,5,73,0,FEMENINO,3,4905000
2024,6,30,5,73,0,MASCULINO,9,22500000
2024,6,30,5,74,M,FEMENINO,2,3330000
2024,6,30,5,74,M,MASCULINO,3,5850000
2024,6,30,5,75,M,FEMENINO,3,6300000
2024,6,30,5,75,M,MASCULINO,6,32850000
2024,6,30,5,76,M,MASCULINO,3,4800000
2024,6,30,5,77,M,FEMENINO,3,5765000
2024,6,30,5,77,M,MASCULINO,4,19405000
2024,6,30,5,78,M,FEMENINO,7,9000000
2024,6,30,5,78,M,MASCULINO,5,6120000
2024,6,30,5,79,M,FEMENINO,4,9200000
2024,6,30,5,79,M,MASCULINO,11,39900000
2024,6,30,5,81,M,FEMENINO,2,2860000
2024,6,30,5,81,M,MASCULINO,1,980000
2024,6,30,5,82,M,MASCULINO,3,7240000
2024,6,30,5,83,M,MASCULINO,2,7155883
2024,6,30,5,233,M,FEMENINO,1,550000
2024,6,30,5,233,M,MASCULINO,14,13998333
2024,6,30,5,243,M,MASCULINO,3,18800000
2024,6,30,6,84,M,FEMENINO,8,14900000
2024,6,30,6,84,M,MASCULINO,13,44750000
2024,6,30,6,85,M,MASCULINO,4,19600000
2024,6,30,6,86,M,FEMENINO,3,0
2024,6,30,6,86,M,MASCULINO,5,0
2024,6,30,6,87,M,MASCULINO,2,5500000
2024,6,30,6,88,M,FEMENINO,1,1750000
2024,6,30,6,88,M,MASCULINO,5,10200000
2024,6,30,6,89,M,FEMENINO,2,6300000
2024,6,30,6,89,M,MASCULINO,2,5070000
2024,6,30,6,90,M,FEMENINO,4,5600000
2024,6,30,6,90,M,MASCULINO,6,10000000
2024,6,30,6,91,1,MASCULINO,2,6000000
2024,6,30,6,92,0,FEMENINO,3,12775000
2024,6,30,6,92,0,MASCULINO,3,6800000
2024,6,30,6,93,M,FEMENINO,10,14380000
2024,6,30,6,93,M,MASCULINO,13,26366000
2024,6,30,6,245,M,FEMENINO,1,2230000
2024,6,30,6,245,M,MASCULINO,3,8400000
2024,6,30,7,94,M,FEMENINO,72,171805053
2024,6,30,7,94,M,MASCULINO,140,367309177
2024,6,30,7,95,M,FEMENINO,4,8414326
2024,6,30,7,95,M,MASCULINO,9,44621497
2024,6,30,7,96,0,FEMENINO,6,30900000
2024,6,30,7,96,0,MASCULINO,13,77700000
2024,6,30,7,97,M,FEMENINO,5,10017000
2024,6,30,7,97,M,MASCULINO,12,30994500
2024,6,30,7,98,M,FEMENINO,7,17152500
2024,6,30,7,98,M,MASCULINO,5,29615000
2024,6,30,7,99,M,MASCULINO,1,5000000
2024,6,30,7,100,M,FEMENINO,8,21050000
2024,6,30,7,100,M,MASCULINO,2,11600000
2024,6,30,7,101,M,FEMENINO,5,11840000
2024,6,30,7,101,M,MASCULINO,14,47340000
2024,6,30,7,102,M,FEMENINO,1,4300000
2024,6,30,7,102,M,MASCULINO,8,26563000
2024,6,30,7,103,M,FEMENINO,6,12249500
2024,6,30,7,103,M,MASCULINO,6,18026000
2024,6,30,7,104,M,FEMENINO,10,34072852
2024,6,30,7,104,M,MASCULINO,10,37574022
2024,6,30,7,105,M,FEMENINO,5,7750000
2024,6,30,7,105,M,MASCULINO,3,8250000
2024,6,30,7,106,M,FEMENINO,1,1350000
2024,6,30,7,106,M,MASCULINO,6,11740000
2024,6,30,7,107,M,FEMENINO,8,30260000
2024,6,30,7,107,M,MASCULINO,7,34638000
2024,6,30,7,108,M,FEMENINO,7,7600000
2024,6,30,7,108,M,MASCULINO,2,8000000
2024,6,30,7,109,M,MASCULINO,2,0
2024,6,30,7,110,M,FEMENINO,9,29795000
2024,6,30,7,110,M,MASCULINO,9,40500000
2024,6,30,7,111,M,FEMENINO,1,2340000
2024,6,30,7,111,M,MASCULINO,2,6300000
2024,6,30,7,112,M,FEMENINO,2,5940000
2024,6,30,7,112,M,MASCULINO,5,17940000
2024,6,30,7,113,M,FEMENINO,3,7100000
2024,6,30,7,113,M,MASCULINO,7,29690000
2024,6,30,7,114,M,MASCULINO,8,46800000
2024,6,30,7,115,M,FEMENINO,8,29450000
2024,6,30,7,115,M,MASCULINO,3,18000000
2024,6,30,7,116,M,FEMENINO,4,7290000
2024,6,30,7,116,M,MASCULINO,3,16330000
2024,6,30,7,117,M,FEMENINO,4,19700000
2024,6,30,7,117,M,MASCULINO,3,29300000
2024,6,30,7,118,M,FEMENINO,1,1200000
2024,6,30,7,118,M,MASCULINO,6,18900000
2024,6,30,7,119,M,FEMENINO,3,15060604
2024,6,30,7,119,M,MASCULINO,2,7855687
2024,6,30,7,120,M,FEMENINO,3,7500000
2024,6,30,7,120,M,MASCULINO,2,14150000
2024,6,30,7,121,M,FEMENINO,1,4050000
2024,6,30,7,121,M,MASCULINO,3,27211818
2024,6,30,7,122,B,MASCULINO,1,5632091
2024,6,30,7,122,C,FEMENINO,1,2966262
2024,6,30,7,122,D,FEMENINO,1,3547400
2024,6,30,7,122,E,FEMENINO,2,5912700
2024,6,30,7,122,E,MASCULINO,4,10246700
2024,6,30,7,122,S,MASCULINO,1,9427545
2024,6,30,7,123,M,FEMENINO,7,16007000
2024,6,30,7,123,M,MASCULINO,5,19733500
2024,6,30,8,124,M,FEMENINO,9,16560000
2024,6,30,8,124,M,MASCULINO,10,24125000
2024,6,30,8,126,M,FEMENINO,11,59685000
2024,6,30,8,126,M,MASCULINO,19,66062922
2024,6,30,8,127,M,FEMENINO,8,15037217
2024,6,30,8,127,M,MASCULINO,5,9086880
2024,6,30,8,129,M,FEMENINO,3,5337000
2024,6,30,8,129,M,MASCULINO,4,2495000
2024,6,30,8,130,M,FEMENINO,4,10080000
2024,6,30,8,130,M,MASCULINO,4,35128333
2024,6,30,8,131,M,FEMENINO,4,6350000
2024,6,30,8,131,M,MASCULINO,3,12200000
2024,6,30,8,132,M,FEMENINO,2,3330000
2024,6,30,8,132,M,MASCULINO,3,5250000
2024,6,30,8,133,M,FEMENINO,1,1100000
2024,6,30,8,133,M,MASCULINO,3,4750000
2024,6,30,9,134,M,FEMENINO,4,8955000
2024,6,30,9,134,M,MASCULINO,11,44484423
2024,6,30,9,135,M,FEMENINO,1,2500000
2024,6,30,9,135,M,MASCULINO,2,10720000
2024,6,30,9,136,M,FEMENINO,10,15740566
2024,6,30,9,136,M,MASCULINO,10,25128334
2024,6,30,9,137,P,MASCULINO,3,5700000
2024,6,30,9,138,M,FEMENINO,11,28220000
2024,6,30,9,138,M,MASCULINO,12,42425000
2024,6,30,9,139,M,FEMENINO,9,12988598
2024,6,30,9,139,M,MASCULINO,2,3150000
2024,6,30,9,140,M,MASCULINO,4,14100000
2024,6,30,9,141,M,FEMENINO,3,2800000
2024,6,30,9,141,M,MASCULINO,4,2440000
2024,6,30,9,142,M,FEMENINO,5,17470000
2024,6,30,9,142,M,MASCULINO,1,1500000
2024,6,30,9,143,A,FEMENINO,1,10000000
2024,6,30,9,143,B,MASCULINO,1,2250000
2024,6,30,9,143,C,FEMENINO,2,3780000
2024,6,30,9,143,C,MASCULINO,3,6886364
2024,6,30,9,143,G,FEMENINO,4,7515277
2024,6,30,9,143,G,MASCULINO,5,6882728
2024,6,30,9,144,M,FEMENINO,1,2800000
2024,6,30,9,144,M,MASCULINO,1,2000000
2024,6,30,9,145,M,FEMENINO,1,500000
2024,6,30,9,145,M,MASCULINO,4,9750000
2024,6,30,9,146,M,FEMENINO,1,1800000
2024,6,30,9,146,M,MASCULINO,5,9500000
2024,6,30,9,147,M,FEMENINO,1,1000000
2024,6,30,9,147,M,MASCULINO,2,5000000
2024,6,30,9,148,M,FEMENINO,5,10100000
2024,6,30,9,148,M,MASCULINO,10,25800000
2024,6,30,9,149,M,FEMENINO,3,10800000
2024,6,30,9,149,M,MASCULINO,6,17550000
2024,6,30,9,150,M,MASCULINO,1,5800000
2024,6,30,10,151,B,FEMENINO,45,249341001
2024,6,30,10,151,B,MASCULINO,44,236038001
2024,6,30,10,151,C,FEMENINO,89,338301501
2024,6,30,10,151,C,MASCULINO,105,368454501
2024,6,30,10,151,E,FEMENINO,2,5130000
2024,6,30,10,151,E,MASCULINO,3,7600000
2024,6,30,10,151,F,FEMENINO,5,14632683
2024,6,30,10,151,F,MASCULINO,1,2661500
2024,6,30,10,151,G,FEMENINO,4,12251500
2024,6,30,10,151,G,MASCULINO,4,13285500
2024,6,30,10,152,B,FEMENINO,1,2160000
2024,6,30,10,152,B,MASCULINO,3,11100000
2024,6,30,10,152,D,FEMENINO,10,23325000
2024,6,30,10,152,D,MASCULINO,12,33900000
2024,6,30,10,152,E,MASCULINO,2,4410000
2024,6,30,10,152,F,FEMENINO,11,24390000
2024,6,30,10,152,F,MASCULINO,8,17460000
2024,6,30,10,152,G,FEMENINO,11,20205000
2024,6,30,10,152,G,MASCULINO,19,60600000
2024,6,30,10,152,H,FEMENINO,2,3780000
2024,6,30,10,152,H,MASCULINO,2,5400000
2024,6,30,10,152,P,MASCULINO,1,1710000
2024,6,30,10,153,M,FEMENINO,2,4600000
2024,6,30,10,153,M,MASCULINO,2,16500000
2024,6,30,10,154,M,FEMENINO,3,7800000
2024,6,30,10,154,M,MASCULINO,4,21850000
2024,6,30,10,155,A,MASCULINO,1,19000000
2024,6,30,10,155,B,FEMENINO,9,34965000
2024,6,30,10,155,B,MASCULINO,13,50884390
2024,6,30,10,155,D,FEMENINO,11,25176122
2024,6,30,10,155,D,MASCULINO,7,16352010
2024,6,30,10,155,E,FEMENINO,3,6465690
2024,6,30,10,155,E,MASCULINO,9,18908280
2024,6,30,10,155,F,FEMENINO,1,1984065
2024,6,30,10,155,G,FEMENINO,18,50107206
2024,6,30,10,155,G,MASCULINO,17,47988110
2024,6,30,10,155,L,FEMENINO,1,2208690
2024,6,30,10,155,L,MASCULINO,1,1980000
2024,6,30,10,156,M,FEMENINO,6,36219200
2024,6,30,10,156,M,MASCULINO,5,16206200
2024,6,30,10,157,M,FEMENINO,5,9288500
2024,6,30,10,157,M,MASCULINO,9,32910000
2024,6,30,10,158,M,FEMENINO,4,7550000
2024,6,30,10,158,M,MASCULINO,3,10600000
2024,6,30,10,159,M,FEMENINO,5,13410298
2024,6,30,10,159,M,MASCULINO,8,30168889
2024,6,30,10,160,M,FEMENINO,5,13412661
2024,6,30,10,160,M,MASCULINO,7,25403167
2024,6,30,10,161,M,FEMENINO,4,8400000
2024,6,30,10,161,M,MASCULINO,8,23776667
2024,6,30,10,162,M,FEMENINO,40,112027525
2024,6,30,10,162,M,MASCULINO,44,131549881
2024,6,30,10,163,M,FEMENINO,3,9100000
2024,6,30,10,163,M,MASCULINO,3,21000000
2024,6,30,10,164,A,MASCULINO,1,17949392
2024,6,30,10,164,B,FEMENINO,1,4824518
2024,6,30,10,164,B,MASCULINO,2,3889872
2024,6,30,10,164,C,FEMENINO,15,74549180
2024,6,30,10,164,C,MASCULINO,22,100178808
2024,6,30,10,164,D,FEMENINO,4,17347599
2024,6,30,10,164,D,MASCULINO,1,2889872
2024,6,30,10,164,F,FEMENINO,6,17318395
2024,6,30,10,164,F,MASCULINO,3,8669616
2024,6,30,10,164,G,FEMENINO,18,49157939
2024,6,30,10,164,G,MASCULINO,43,119731632
2024,6,30,10,165,A,MASCULINO,1,18480000
2024,6,30,10,165,C,FEMENINO,4,13273500
2024,6,30,10,165,C,MASCULINO,2,12100000
2024,6,30,10,165,G,MASCULINO,1,5500000
2024,6,30,10,166,M,FEMENINO,7,19441040
2024,6,30,10,166,M,MASCULINO,4,9147600
2024,6,30,10,167,M,FEMENINO,4,6750000
2024,6,30,10,167,M,MASCULINO,6,31763333
2024,6,30,10,168,M,FEMENINO,8,39880946
2024,6,30,10,169,M,FEMENINO,5,13045000
2024,6,30,10,169,M,MASCULINO,7,34280000
2024,6,30,10,170,M,FEMENINO,7,22179834
2024,6,30,10,170,M,MASCULINO,8,45611723
2024,6,30,10,240,M,FEMENINO,5,12200000
2024,6,30,10,240,M,MASCULINO,5,19850000
2024,6,30,10,246,M,FEMENINO,2,3960000
2024,6,30,10,246,M,MASCULINO,7,18630000
2024,6,30,11,171,M,FEMENINO,10,22119564
2024,6,30,11,171,M,MASCULINO,11,24098032
2024,6,30,11,172,M,FEMENINO,59,159888006
2024,6,30,11,172,M,MASCULINO,81,240505949
2024,6,30,11,173,0,FEMENINO,1,1870000
2024,6,30,11,173,A,MASCULINO,1,17252323
2024,6,30,11,173,B,FEMENINO,6,26610261
2024,6,30,11,173,B,MASCULINO,9,40702775
2024,6,30,11,173,C,FEMENINO,10,36925934
2024,6,30,11,173,C,MASCULINO,17,61936226
2024,6,30,11,173,D,FEMENINO,24,75007069
2024,6,30,11,173,D,MASCULINO,45,143158873
2024,6,30,11,173,E,FEMENINO,67,150094764
2024,6,30,11,173,E,MASCULINO,67,161623348
2024,6,30,11,173,F,FEMENINO,11,24263197
2024,6,30,11,173,F,MASCULINO,11,25311747
2024,6,30,11,173,G,FEMENINO,55,123677843
2024,6,30,11,173,G,MASCULINO,51,113732390
2024,6,30,11,174,M,FEMENINO,13,35046667
2024,6,30,11,174,M,MASCULINO,8,35810000
2024,6,30,11,175,M,FEMENINO,2,4800000
2024,6,30,11,175,M,MASCULINO,2,13500000
2024,6,30,11,176,M,FEMENINO,13,36610790
2024,6,30,11,176,M,MASCULINO,19,59137784
2024,6,30,11,177,M,FEMENINO,108,284161544
2024,6,30,11,177,M,MASCULINO,142,397041607
2024,6,30,11,178,M,FEMENINO,50,132680000
2024,6,30,11,178,M,MASCULINO,68,188415000
2024,6,30,11,179,M,FEMENINO,95,326067963
2024,6,30,11,179,M,MASCULINO,116,447026729
2024,6,30,11,180,1,FEMENINO,61,121459262
2024,6,30,11,180,1,MASCULINO,55,113314636
2024,6,30,11,180,C,FEMENINO,2,7605600
2024,6,30,11,180,C,MASCULINO,2,5814000
2024,6,30,11,180,D,FEMENINO,19,45264642
2024,6,30,11,180,D,MASCULINO,7,17469992
2024,6,30,11,180,E,FEMENINO,16,32813958
2024,6,30,11,180,E,MASCULINO,6,12391200
2024,6,30,11,180,F,FEMENINO,1,1829200
2024,6,30,11,180,F,MASCULINO,2,3446464
2024,6,30,11,180,G,FEMENINO,7,13086128
2024,6,30,11,180,G,MASCULINO,3,5532464
2024,6,30,11,180,Q,FEMENINO,5,14700000
2024,6,30,11,180,S,FEMENINO,23,51310768
2024,6,30,11,180,S,MASCULINO,14,31469480
2024,6,30,11,180,X,FEMENINO,1,15000000
2024,6,30,11,181,M,FEMENINO,1,2000000
2024,6,30,11,181,M,MASCULINO,2,15700000
2024,6,30,11,182,M,FEMENINO,11,75230000
2024,6,30,11,182,M,MASCULINO,31,333437522
2024,6,30,11,183,C,MASCULINO,1,8765000
2024,6,30,11,183,M,FEMENINO,4,14722394
2024,6,30,11,183,M,MASCULINO,7,21196504
2024,6,30,11,184,M,FEMENINO,216,585946756
2024,6,30,11,184,M,MASCULINO,266,751064795
2024,6,30,11,185,M,FEMENINO,59,100973348
2024,6,30,11,185,M,MASCULINO,42,107215120
2024,6,30,11,186,A,MASCULINO,1,22000000
2024,6,30,11,186,M,FEMENINO,23,87986214
2024,6,30,11,186,M,MASCULINO,18,69104827
2024,6,30,11,187,M,FEMENINO,16,34763798
2024,6,30,11,187,M,MASCULINO,18,43937457
2024,6,30,11,188,M,MASCULINO,2,2900000
2024,6,30,11,189,M,MASCULINO,4,12160000
2024,6,30,12,190,M,FEMENINO,31,69266039
2024,6,30,12,190,M,MASCULINO,43,107553500
2024,6,30,12,191,M,FEMENINO,5,6120000
2024,6,30,12,191,M,MASCULINO,12,8040000
2024,6,30,12,192,M,FEMENINO,4,5813667
2024,6,30,12,192,M,MASCULINO,1,1710000
2024,6,30,12,193,M,FEMENINO,2,1350000
2024,6,30,12,193,M,MASCULINO,2,1482400
2024,6,30,12,194,M,FEMENINO,2,1935000
2024,6,30,12,194,M,MASCULINO,3,2905300
2024,6,30,12,195,M,FEMENINO,3,5000000
2024,6,30,12,195,M,MASCULINO,1,2500000
2024,6,30,12,196,M,MASCULINO,3,4000000
2024,6,30,12,197,M,FEMENINO,2,4300000
2024,6,30,12,197,M,MASCULINO,2,4000000
2024,6,30,12,198,M,FEMENINO,1,1000000
2024,6,30,12,198,M,MASCULINO,6,5500000
2024,6,30,12,199,M,FEMENINO,4,2430000
2024,6,30,12,199,M,MASCULINO,3,2720000
2024,6,30,12,200,M,MASCULINO,1,0
2024,6,30,12,201,M,FEMENINO,2,2700000
2024,6,30,12,201,M,MASCULINO,2,3850000
2024,6,30,12,202,M,FEMENINO,5,5150000
2024,6,30,12,202,M,MASCULINO,6,9545000
2024,6,30,12,203,M,FEMENINO,3,0
2024,6,30,12,203,M,MASCULINO,4,0
2024,6,30,12,204,M,FEMENINO,3,10690000
2024,6,30,12,204,M,MASCULINO,1,2600000
2024,6,30,12,205,M,FEMENINO,2,1900000
2024,6,30,12,205,M,MASCULINO,3,2440000
2024,6,30,13,206,M,FEMENINO,33,157518879
2024,6,30,13,206,M,MASCULINO,56,302224047
2024,6,30,13,207,M,FEMENINO,4,8190000
2024,6,30,13,207,M,MASCULINO,9,22388500
2024,6,30,13,208,M,FEMENINO,12,28251549
2024,6,30,13,208,M,MASCULINO,20,65287042
2024,6,30,13,242,M,FEMENINO,1,2000000
2024,6,30,13,242,M,MASCULINO,2,6700000
2024,6,30,13,250,M,MASCULINO,1,4000000
2024,6,30,13,259,M,FEMENINO,2,8000000
2024,6,30,13,259,M,MASCULINO,3,24134244
2024,6,30,14,209,M,FEMENINO,5,22328609
2024,6,30,14,209,M,MASCULINO,8,39541500
2024,6,30,14,210,M,FEMENINO,1,1800000
2024,6,30,14,210,M,MASCULINO,4,10350000
2024,6,30,14,211,M,FEMENINO,3,10530000
2024,6,30,14,211,M,MASCULINO,5,21736860
2024,6,30,14,212,M,MASCULINO,3,7800000
2024,6,30,14,213,M,FEMENINO,3,6650000
2024,6,30,14,213,M,MASCULINO,7,21800000
2024,6,30,14,214,M,MASCULINO,3,9050000
2024,6,30,14,215,M,MASCULINO,3,13400000
2024,6,30,14,216,M,FEMENINO,6,14901176
2024,6,30,14,216,M,MASCULINO,8,30180000
2024,6,30,14,217,M,FEMENINO,6,17666667
2024,6,30,14,217,M,MASCULINO,3,26010000
2024,6,30,14,218,M,FEMENINO,8,26400000
2024,6,30,14,218,M,MASCULINO,5,34400000
2024,6,30,14,219,C,FEMENINO,1,3150000
2024,6,30,14,219,C,MASCULINO,1,3150000
2024,6,30,14,219,D,FEMENINO,6,15615000
2024,6,30,14,219,D,MASCULINO,3,11125000
2024,6,30,14,244,M,FEMENINO,1,2500000
2024,6,30,14,244,M,MASCULINO,4,10455000
2024,6,30,14,247,M,FEMENINO,1,2000000
2024,6,30,14,247,M,MASCULINO,1,3200000
2024,6,30,14,251,M,MASCULINO,5,15000000
2024,6,30,14,255,M,FEMENINO,1,2000000
2024,6,30,14,255,M,MASCULINO,4,18500000
2024,6,30,14,256,M,FEMENINO,1,2500000
2024,6,30,14,256,M,MASCULINO,2,7500000
2024,6,30,15,220,M,FEMENINO,9,26280000
2024,6,30,15,220,M,MASCULINO,11,53003333
2024,6,30,15,221,M,FEMENINO,3,4389014
2024,6,30,15,221,M,MASCULINO,2,10253700
2024,6,30,15,222,M,FEMENINO,45,130562482
2024,6,30,15,222,M,MASCULINO,40,123320612
2024,6,30,15,223,M,FEMENINO,1,2250000
2024,6,30,15,223,M,MASCULINO,3,5750000
2024,6,30,15,224,M,FEMENINO,18,44457000
2024,6,30,15,224,M,MASCULINO,11,18082221
2024,6,30,15,229,M,FEMENINO,2,6300000
2024,6,30,15,229,M,MASCULINO,6,25013063
2024,6,30,15,232,M,FEMENINO,1,2750000
2024,6,30,15,232,M,MASCULINO,2,13500000
2024,6,30,15,233,M,FEMENINO,1,2000000
2024,6,30,15,233,M,MASCULINO,5,8000000
2024,6,30,15,258,M,FEMENINO,2,5800000
2024,6,30,15,258,M,MASCULINO,4,17300000
2024,6,30,15,262,M,FEMENINO,3,6600000
2024,6,30,15,262,M,MASCULINO,1,1200000
2024,6,30,16,228,M,FEMENINO,6,42500000
2024,6,30,16,228,M,MASCULINO,21,179640000
2024,6,30,16,230,M,FEMENINO,1,13000000
2024,6,30,16,230,M,MASCULINO,4,46000000
2024,6,30,16,231,M,FEMENINO,1,4950000
2024,6,30,16,231,M,MASCULINO,4,43363730
2024,6,30,16,261,M,MASCULINO,1,14000000
2024,6,30,17,225,M,FEMENINO,2,7580373
2024,6,30,17,225,M,MASCULINO,8,28874453
2024,6,30,17,226,M,FEMENINO,2,3200000
2024,6,30,17,226,M,MASCULINO,15,53003250
2024,6,30,17,227,M,FEMENINO,7,11970000
2024,6,30,17,227,M,MASCULINO,9,23140000
2024,6,40,1,1,C,FEMENINO,879,2890088713
2024,6,40,1,1,C,MASCULINO,1645,5986188113
2024,6,40,1,1,T,FEMENINO,13,30281581
2024,6,40,1,1,T,MASCULINO,1,2110727
2024,6,40,2,1,B,FEMENINO,27,357811000
2024,6,40,2,1,B,MASCULINO,47,626671000
2024,6,40,2,1,C,FEMENINO,46,422749000
2024,6,40,2,1,C,MASCULINO,84,762468304
2024,6,40,2,1,D,FEMENINO,69,483638000
2024,6,40,2,1,D,MASCULINO,134,953369433
2024,6,40,2,1,E,FEMENINO,53,301154568
2024,6,40,2,1,E,MASCULINO,71,388087472
2024,6,40,2,1,F,FEMENINO,112,480607090
2024,6,40,2,1,F,MASCULINO,271,1144774995
2024,6,40,2,1,G,FEMENINO,44,151126000
2024,6,40,2,1,G,MASCULINO,502,1706714092
2024,6,40,2,1,H,FEMENINO,106,310469232
2024,6,40,2,1,H,MASCULINO,309,930385712
2024,6,40,3,1,0,FEMENINO,49,148266952
2024,6,40,3,1,0,MASCULINO,98,261550597
2025,6,11,1,1,P,FEMENINO,301,2633500000
2025,6,11,1,1,P,MASCULINO,409,3459900000
2025,6,11,2,1,P,FEMENINO,377,4003500000
2025,6,11,2,1,P,MASCULINO,481,4851500000
2025,6,11,2,1,S,MASCULINO,2,44000000
2025,6,11,3,1,A,FEMENINO,160,1788800000
2025,6,11,3,1,A,MASCULINO,185,2103900000
2025,6,11,3,1,B,FEMENINO,58,894000000
2025,6,11,3,1,B,MASCULINO,63,981300000
2025,6,11,3,1,C,FEMENINO,118,1013910665
2025,6,11,3,1,C,MASCULINO,127,1113426000
2025,6,11,3,1,D,FEMENINO,194,1242900000
2025,6,11,3,1,D,MASCULINO,243,1578616675
2025,6,11,3,1,E,FEMENINO,3,16000000
2025,6,11,3,1,E,MASCULINO,12,72600000
2025,6,11,3,1,F,FEMENINO,143,667100000
2025,6,11,3,1,F,MASCULINO,141,669300000
2025,6,11,3,1,G,MASCULINO,1,4400000
2025,6,12,1,1,A,FEMENINO,7,135700000
2025,6,12,1,1,A,MASCULINO,14,258500000
2025,6,12,1,1,B,FEMENINO,10,130000000
2025,6,12,1,1,B,MASCULINO,6,78000000
2025,6,12,1,1,C,FEMENINO,21,186000000
2025,6,12,1,1,C,MASCULINO,23,202000000
2025,6,12,1,1,D,FEMENINO,12,51598309
2025,6,12,1,1,D,MASCULINO,8,38200000
2025,6,12,1,1,E,FEMENINO,8,27098309
2025,6,12,1,1,E,MASCULINO,8,29294927
2025,6,12,1,1,F,FEMENINO,2,5596618
2025,6,12,1,1,F,MASCULINO,1,2798309
2025,6,12,1,1,G,FEMENINO,20,59583090
2025,6,12,1,1,G,MASCULINO,33,102972944
2025,6,12,1,2,C,FEMENINO,2,12500000
2025,6,12,1,2,C,MASCULINO,1,9800000
2025,6,12,1,2,D,FEMENINO,3,16300000
2025,6,12,1,2,D,MASCULINO,2,8800000
2025,6,12,1,2,E,FEMENINO,1,2798309
2025,6,12,1,2,E,MASCULINO,2,6398309
2025,6,12,1,2,G,FEMENINO,2,6200000
2025,6,12,1,2,G,MASCULINO,4,11294927
2025,6,12,1,11,A,FEMENINO,1,15000000
2025,6,12,1,11,A,MASCULINO,2,37000000
2025,6,12,1,11,B,FEMENINO,13,112900000
2025,6,12,1,11,B,MASCULINO,18,162600000
2025,6,12,1,11,C,FEMENINO,35,228400000
2025,6,12,1,11,C,MASCULINO,20,123200000
2025,6,12,1,11,D,FEMENINO,13,55500000
2025,6,12,1,11,D,MASCULINO,14,61400000
2025,6,12,1,11,E,FEMENINO,12,37898309
2025,6,12,1,11,E,MASCULINO,19,59994927
2025,6,12,1,11,F,FEMENINO,2,5596618
2025,6,12,1,11,F,MASCULINO,2,5596618
2025,6,12,1,11,G,FEMENINO,1,2900000
2025,6,12,1,11,G,MASCULINO,1,2900000
2025,6,12,1,11,K,FEMENINO,63,343000000
2025,6,12,1,11,K,MASCULINO,223,1408000000
2025,6,12,1,12,A,MASCULINO,1,22000000
2025,6,12,1,12,B,FEMENINO,2,18800000
2025,6,12,1,12,B,MASCULINO,7,65800000
2025,6,12,1,12,D,MASCULINO,1,3600000
2025,6,12,1,14,A,FEMENINO,1,9500000
2025,6,12,1,14,A,MASCULINO,3,41000000
2025,6,12,1,14,B,FEMENINO,17,182900000
2025,6,12,1,14,B,MASCULINO,16,171300000
2025,6,12,1,14,C,FEMENINO,14,91200000
2025,6,12,1,14,C,MASCULINO,14,92900000
2025,6,12,1,14,D,FEMENINO,6,28600000
2025,6,12,1,14,D,MASCULINO,5,21500000
2025,6,12,1,14,E,FEMENINO,5,14798309
2025,6,12,1,14,E,MASCULINO,6,18796618
2025,6,12,1,15,A,FEMENINO,17,149000000
2025,6,12,1,15,A,MASCULINO,30,264500000
2025,6,12,1,15,B,FEMENINO,6,53800000
2025,6,12,1,15,B,MASCULINO,4,36400000
2025,6,12,1,15,C,FEMENINO,6,40900000
2025,6,12,1,15,C,MASCULINO,2,14500000
2025,6,12,1,15,D,FEMENINO,17,77300000
2025,6,12,1,15,D,MASCULINO,17,75500000
2025,6,12,1,15,E,FEMENINO,1,2800000
2025,6,12,1,15,E,MASCULINO,4,14600000
2025,6,12,1,15,F,FEMENINO,3,10500000
2025,6,12,1,15,F,MASCULINO,1,3500000
2025,6,12,1,15,G,MASCULINO,1,3200000
2025,6,12,1,17,A,MASCULINO,1,22000000
2025,6,12,1,17,B,FEMENINO,3,21300000
2025,6,12,1,17,B,MASCULINO,9,62200000
2025,6,12,1,17,C,FEMENINO,8,41000000
2025,6,12,1,17,C,MASCULINO,7,36300000
2025,6,12,1,17,D,FEMENINO,7,25598309
2025,6,12,1,17,D,MASCULINO,4,13200000
2025,6,12,1,17,E,FEMENINO,5,14794927
2025,6,12,1,17,E,MASCULINO,10,29793236
2025,6,12,1,17,F,FEMENINO,7,20694927
2025,6,12,1,17,F,MASCULINO,8,23593236
2025,6,12,1,17,G,FEMENINO,4,11193236
2025,6,12,1,17,G,MASCULINO,20,56769562
2025,6,12,1,18,A,FEMENINO,3,45700000
2025,6,12,1,18,A,MASCULINO,1,10700000
2025,6,12,1,18,B,FEMENINO,9,94200000
2025,6,12,1,18,B,MASCULINO,11,124100000
2025,6,12,1,18,C,FEMENINO,45,296000000
2025,6,12,1,18,C,MASCULINO,16,99900000
2025,6,12,1,18,D,FEMENINO,16,62894927
2025,6,12,1,18,D,MASCULINO,3,9998309
2025,6,12,1,18,E,FEMENINO,4,14700000
2025,6,12,1,18,E,MASCULINO,2,7400000
2025,6,12,1,18,F,FEMENINO,13,39088163
2025,6,12,1,18,F,MASCULINO,30,84150961
2025,6,12,1,18,G,FEMENINO,1,4400000
2025,6,12,1,20,A,MASCULINO,1,22000000
2025,6,12,1,20,B,FEMENINO,14,145000000
2025,6,12,1,20,B,MASCULINO,12,130100000
2025,6,12,1,20,C,FEMENINO,15,118700000
2025,6,12,1,20,C,MASCULINO,16,133800000
2025,6,12,1,20,D,MASCULINO,1,4200000
2025,6,12,1,20,G,MASCULINO,3,8394927
2025,6,12,1,21,A,FEMENINO,1,22000000
2025,6,12,1,21,A,MASCULINO,1,10700000
2025,6,12,1,21,B,FEMENINO,9,85900000
2025,6,12,1,21,B,MASCULINO,12,110100000
2025,6,12,1,21,C,FEMENINO,28,162900000
2025,6,12,1,21,C,MASCULINO,20,114000000
2025,6,12,1,21,D,FEMENINO,19,77896618
2025,6,12,1,21,D,MASCULINO,13,56700000
2025,6,12,1,21,E,FEMENINO,14,46993236
2025,6,12,1,21,E,MASCULINO,12,38698309
2025,6,12,1,21,F,FEMENINO,26,73257725
2025,6,12,1,21,F,MASCULINO,15,41974635
2025,6,12,1,21,G,FEMENINO,7,19588163
2025,6,12,1,21,G,MASCULINO,3,8394927
2025,6,12,1,23,A,MASCULINO,1,22000000
2025,6,12,1,23,B,FEMENINO,2,20700000
2025,6,12,1,23,B,MASCULINO,8,86000000
2025,6,12,1,23,C,FEMENINO,12,86800000
2025,6,12,1,23,C,MASCULINO,23,170900000
2025,6,12,1,23,D,FEMENINO,6,27998309
2025,6,12,1,23,D,MASCULINO,12,60400000
2025,6,12,1,23,F,FEMENINO,4,13998309
2025,6,12,1,23,G,FEMENINO,7,21898309
2025,6,12,1,23,G,MASCULINO,16,49991545
2025,6,12,1,29,A,MASCULINO,1,22000000
2025,6,12,1,29,B,FEMENINO,3,26400000
2025,6,12,1,29,B,MASCULINO,4,35200000
2025,6,12,1,29,C,FEMENINO,4,20000000
2025,6,12,1,29,C,MASCULINO,3,15000000
2025,6,12,1,29,D,FEMENINO,5,20540000
2025,6,12,1,29,D,MASCULINO,8,31700000
2025,6,12,1,29,E,FEMENINO,3,10200000
2025,6,12,1,29,G,MASCULINO,3,8394927
2025,6,12,1,30,A,FEMENINO,1,22000000
2025,6,12,1,30,A,MASCULINO,2,10400000
2025,6,12,1,30,B,FEMENINO,4,42300000
2025,6,12,1,30,B,MASCULINO,5,56500000
2025,6,12,1,30,C,FEMENINO,14,83300000
2025,6,12,1,30,C,MASCULINO,22,151800000
2025,6,12,1,30,D,FEMENINO,18,74398309
2025,6,12,1,30,D,MASCULINO,11,46500000
2025,6,12,1,30,E,FEMENINO,27,82283090
2025,6,12,1,30,E,MASCULINO,25,81483090
2025,6,12,1,30,F,FEMENINO,13,42394927
2025,6,12,1,30,F,MASCULINO,16,52791545
2025,6,12,1,30,G,FEMENINO,14,42284781
2025,6,12,1,30,G,MASCULINO,39,113949270
2025,6,12,1,30,L,FEMENINO,2,4005400
2025,6,12,1,30,S,FEMENINO,128,522038308
2025,6,12,1,30,S,MASCULINO,45,190888163
2025,6,12,1,30,Z,FEMENINO,4,6447132
2025,6,12,1,36,A,FEMENINO,2,31400000
2025,6,12,1,36,A,MASCULINO,3,33800000
2025,6,12,1,36,B,FEMENINO,9,99400000
2025,6,12,1,36,B,MASCULINO,8,84800000
2025,6,12,1,36,C,FEMENINO,15,105900000
2025,6,12,1,36,C,MASCULINO,13,97900000
2025,6,12,1,36,D,FEMENINO,5,22100000
2025,6,12,1,36,D,MASCULINO,4,17300000
2025,6,12,1,36,E,FEMENINO,2,5598309
2025,6,12,1,36,E,MASCULINO,5,16800000
2025,6,12,1,36,G,MASCULINO,1,2798309
2025,6,12,1,38,B,FEMENINO,17,150000000
2025,6,12,1,38,B,MASCULINO,4,35700000
2025,6,12,1,38,C,FEMENINO,6,39600000
2025,6,12,1,38,C,MASCULINO,9,58800000
2025,6,12,1,38,D,FEMENINO,1,4500000
2025,6,12,1,38,D,MASCULINO,2,10300000
2025,6,12,1,38,G,FEMENINO,1,2798309
2025,6,12,1,38,G,MASCULINO,1,2798309
2025,6,12,1,40,A,FEMENINO,1,22000000
2025,6,12,1,40,B,FEMENINO,5,40100000
2025,6,12,1,40,B,MASCULINO,3,19900000
2025,6,12,1,40,C,FEMENINO,4,22400000
2025,6,12,1,40,C,MASCULINO,8,43700000
2025,6,12,1,40,D,FEMENINO,1,4500000
2025,6,12,1,40,D,MASCULINO,1,3800000
2025,6,12,1,40,F,MASCULINO,1,2798309
2025,6,12,1,50,A,MASCULINO,1,22000000
2025,6,12,1,50,B,FEMENINO,4,38000000
2025,6,12,1,50,B,MASCULINO,9,78200000
2025,6,12,1,50,C,FEMENINO,4,25300000
2025,6,12,1,50,C,MASCULINO,1,7300000
2025,6,12,1,50,D,MASCULINO,2,10000000
2025,6,12,1,51,A,FEMENINO,1,22000000
2025,6,12,1,51,B,FEMENINO,4,32000000
2025,6,12,1,51,B,MASCULINO,5,35500000
2025,6,12,1,51,C,FEMENINO,3,18000000
2025,6,12,1,51,D,FEMENINO,1,3900000
2025,6,12,1,51,E,FEMENINO,1,2800000
2025,6,12,1,51,E,MASCULINO,2,5598309
2025,6,12,1,51,G,FEMENINO,3,8394927
2025,6,12,1,51,G,MASCULINO,1,2798309
2025,6,12,1,54,A,FEMENINO,1,22000000
2025,6,12,1,54,A,MASCULINO,1,15000000
2025,6,12,1,54,B,FEMENINO,4,42800000
2025,6,12,1,54,B,MASCULINO,6,71700000
2025,6,12,1,54,C,FEMENINO,1,9500000
2025,6,12,1,54,C,MASCULINO,4,35000000
2025,6,12,1,56,B,FEMENINO,3,33100000
2025,6,12,1,56,B,MASCULINO,2,19400000
2025,6,12,1,56,C,FEMENINO,1,8000000
2025,6,12,1,56,C,MASCULINO,6,43100000
2025,6,12,1,56,D,FEMENINO,9,35898309
2025,6,12,1,56,D,MASCULINO,13,52498309
2025,6,12,1,56,E,FEMENINO,7,23500000
2025,6,12,1,56,E,MASCULINO,5,16500000
2025,6,12,1,56,F,MASCULINO,1,3000000
2025,6,12,1,56,G,FEMENINO,1,2798309
2025,6,12,1,56,G,MASCULINO,1,3300000
2025,6,12,1,57,A,MASCULINO,3,15900000
2025,6,12,1,57,B,FEMENINO,2,20000000
2025,6,12,1,57,B,MASCULINO,4,44600000
2025,6,12,1,57,C,FEMENINO,4,30400000
2025,6,12,1,57,C,MASCULINO,5,38000000
2025,6,12,2,1,A,MASCULINO,1,32000000
2025,6,12,2,1,B,FEMENINO,11,123400000
2025,6,12,2,1,B,MASCULINO,9,94600000
2025,6,12,2,1,C,FEMENINO,5,40000000
2025,6,12,2,1,C,MASCULINO,8,79100000
2025,6,12,2,1,D,FEMENINO,2,9800000
2025,6,12,2,1,D,MASCULINO,2,11900000
2025,6,12,2,1,E,FEMENINO,3,10700000
2025,6,12,2,1,E,MASCULINO,2,8600000
2025,6,12,2,1,F,FEMENINO,2,6800000
2025,6,12,2,1,F,MASCULINO,4,15600000
2025,6,12,2,1,G,FEMENINO,7,23098309
2025,6,12,2,1,G,MASCULINO,12,39596618
2025,6,12,3,1,A,FEMENINO,2,26000000
2025,6,12,3,1,A,MASCULINO,4,65000000
2025,6,12,3,1,B,FEMENINO,8,89900000
2025,6,12,3,1,B,MASCULINO,13,148700000
2025,6,12,3,1,C,FEMENINO,37,321500000
2025,6,12,3,1,C,MASCULINO,38,333300000
2025,6,12,3,1,D,FEMENINO,21,100098309
2025,6,12,3,1,D,MASCULINO,40,195198309
2025,6,12,3,1,E,FEMENINO,7,21396618
2025,6,12,3,1,E,MASCULINO,32,107791545
2025,6,12,3,1,F,FEMENINO,10,31598309
2025,6,12,3,1,F,MASCULINO,13,40898309
2025,6,12,3,1,G,FEMENINO,16,58098309
2025,6,12,3,1,G,MASCULINO,31,105494927
2025,6,12,3,2,D,FEMENINO,6,22900000
2025,6,12,3,2,D,MASCULINO,1,3700000
2025,6,12,3,2,E,FEMENINO,379,1126311070
2025,6,12,3,2,E,MASCULINO,189,559715681
2025,6,12,3,2,G,FEMENINO,443,1239752578
2025,6,12,3,2,G,MASCULINO,188,527988856
2025,6,12,3,2,L,FEMENINO,129,321805583
2025,6,12,3,2,L,MASCULINO,225,553505622
2025,6,12,3,2,P,FEMENINO,4764,26771143500
2025,6,12,3,2,P,MASCULINO,26777,166121339747
2025,6,12,3,2,S,FEMENINO,83,351420900
2025,6,12,3,2,S,MASCULINO,25,90812809
2025,6,12,3,2,Y,FEMENINO,1057,487325152
2025,6,12,3,2,Y,MASCULINO,4482,1965530698
2025,6,12,4,1,A,FEMENINO,1,15000000
2025,6,12,4,1,A,MASCULINO,3,52000000
2025,6,12,4,1,B,FEMENINO,195,2118400000
2025,6,12,4,1,B,MASCULINO,270,2870000000
2025,6,12,4,1,C,FEMENINO,1,6800000
2025,6,12,4,1,D,FEMENINO,9,37700000
2025,6,12,4,1,D,MASCULINO,9,38796618
2025,6,12,4,1,E,FEMENINO,2,5596618
2025,6,12,4,1,E,MASCULINO,6,17893236
2025,6,12,4,1,G,MASCULINO,2,5596618
2025,6,12,5,1,A,MASCULINO,5,69300000
2025,6,12,5,1,B,FEMENINO,22,169700000
2025,6,12,5,1,B,MASCULINO,24,191700000
2025,6,12,5,1,C,MASCULINO,3,21300000
2025,6,12,5,1,D,FEMENINO,124,468193236
2025,6,12,5,1,D,MASCULINO,102,386693236
2025,6,12,5,1,E,FEMENINO,207,673398309
2025,6,12,5,1,E,MASCULINO,384,1236800000
2025,6,12,5,1,F,FEMENINO,33,109200000
2025,6,12,5,1,F,MASCULINO,77,254400000
2025,6,12,5,1,G,FEMENINO,257,719568795
2025,6,12,5,1,G,MASCULINO,441,1234959342
2025,6,12,5,1,M,FEMENINO,1576,9985206301
2025,6,12,5,1,M,MASCULINO,15006,90371860036
2025,6,12,5,1,S,FEMENINO,91,304629953
2025,6,12,5,1,S,MASCULINO,12,43728709
2025,6,12,5,1,Y,FEMENINO,160,86617680
2025,6,12,5,1,Y,MASCULINO,3609,1309592222
2025,6,12,5,1,Z,FEMENINO,100,166818969
2025,6,12,5,1,Z,MASCULINO,284,324768852
2025,6,12,6,1,A,FEMENINO,1,15000000
2025,6,12,6,1,A,MASCULINO,3,52000000
2025,6,12,6,1,B,FEMENINO,19,247000000
2025,6,12,6,1,B,MASCULINO,18,234000000
2025,6,12,6,1,C,FEMENINO,422,3106146666
2025,6,12,6,1,C,MASCULINO,339,2618163333
2025,6,12,6,1,D,FEMENINO,49,242344976
2025,6,12,6,1,D,MASCULINO,85,424808309
2025,6,12,6,1,E,FEMENINO,58,250084781
2025,6,12,6,1,E,MASCULINO,153,708974732
2025,6,12,6,1,M,FEMENINO,4,56000000
2025,6,12,6,1,M,MASCULINO,1,14000000
2025,6,12,7,1,A,FEMENINO,2,19800000
2025,6,12,7,1,A,MASCULINO,4,41500000
2025,6,12,7,1,B,FEMENINO,46,456300000
2025,6,12,7,1,B,MASCULINO,50,490700000
2025,6,12,7,1,C,FEMENINO,56,400100000
2025,6,12,7,1,C,MASCULINO,46,308800000
2025,6,12,7,1,D,FEMENINO,466,1730551866
2025,6,12,7,1,D,MASCULINO,335,1373823905
2025,6,12,7,1,E,FEMENINO,191,619966411
2025,6,12,7,1,E,MASCULINO,198,638278248
2025,6,12,7,1,F,FEMENINO,4,12296618
2025,6,12,7,1,F,MASCULINO,4,12696618
2025,6,12,7,1,G,FEMENINO,1473,4122642977
2025,6,12,7,1,G,MASCULINO,785,2197989475
2025,6,12,7,1,L,FEMENINO,39481,272228905482
2025,6,12,7,1,L,MASCULINO,14800,97826809336
2025,6,12,7,1,S,FEMENINO,82,352000000
2025,6,12,7,1,S,MASCULINO,9,40000000
2025,6,12,7,1,Z,FEMENINO,22313,119286603938
2025,6,12,7,1,Z,MASCULINO,13014,71501401475
2025,6,12,8,1,1,FEMENINO,587,3794800000
2025,6,12,8,1,1,MASCULINO,602,3899826667
2025,6,12,8,1,2,FEMENINO,379,5050280000
2025,6,12,8,1,2,MASCULINO,367,4933900000
2025,6,12,8,1,3,FEMENINO,469,8202956800
2025,6,12,8,1,3,MASCULINO,493,8728968000
2025,6,12,8,1,A,FEMENINO,1,22000000
2025,6,12,8,1,A,MASCULINO,1,13000000
2025,6,12,8,1,B,FEMENINO,65,681628000
2025,6,12,8,1,B,MASCULINO,57,631080000
2025,6,12,8,1,C,FEMENINO,835,6014130000
2025,6,12,8,1,C,MASCULINO,663,4819784000
2025,6,12,8,1,D,FEMENINO,666,3716680000
2025,6,12,8,1,D,MASCULINO,744,4182018000
2025,6,12,8,1,E,FEMENINO,243,1078418000
2025,6,12,8,1,E,MASCULINO,293,1317552000
2025,6,12,8,1,F,FEMENINO,738,2935072000
2025,6,12,8,1,F,MASCULINO,814,3161112618
2025,6,12,8,1,G,FEMENINO,1167,3955976472
2025,6,12,8,1,G,MASCULINO,836,2891285090
2025,6,12,8,1,S,FEMENINO,13712,71643302123
2025,6,12,8,1,S,MASCULINO,3600,18854863946
2025,6,12,9,1,A,FEMENINO,378,1493950961
2025,6,12,9,1,A,MASCULINO,1064,4073118820
2025,6,12,9,1,B,FEMENINO,23,206600000
2025,6,12,9,1,B,MASCULINO,23,215366667
2025,6,12,9,1,C,FEMENINO,28,201600000
2025,6,12,9,1,C,MASCULINO,30,253200000
2025,6,12,9,1,D,FEMENINO,249,1121489854
2025,6,12,9,1,D,MASCULINO,244,1113261594
2025,6,12,9,1,E,FEMENINO,96,302506995
2025,6,12,9,1,E,MASCULINO,89,269313759
2025,6,12,9,1,F,FEMENINO,5,14193236
2025,6,12,9,1,F,MASCULINO,1,2800000
2025,6,12,9,1,G,FEMENINO,7,24796618
2025,6,12,9,1,G,MASCULINO,9,30193236
2025,6,12,9,1,S,FEMENINO,114,516139468
2025,6,12,9,1,S,MASCULINO,54,254083748
2025,6,12,10,1,A,FEMENINO,1,15000000
2025,6,12,10,1,A,MASCULINO,5,72800000
2025,6,12,10,1,B,FEMENINO,11,110600000
2025,6,12,10,1,B,MASCULINO,23,243500000
2025,6,12,10,1,C,FEMENINO,69,521000000
2025,6,12,10,1,C,MASCULINO,66,495100000
2025,6,12,10,1,D,FEMENINO,349,1423459416
2025,6,12,10,1,D,MASCULINO,417,1701844489
2025,6,12,10,1,E,FEMENINO,85,264145888
2025,6,12,10,1,E,MASCULINO,114,340505304
2025,6,12,10,1,F,FEMENINO,123,373801922
2025,6,12,10,1,F,MASCULINO,207,637168102
2025,6,12,10,1,G,FEMENINO,39,107637433
2025,6,12,10,1,G,MASCULINO,109,311639355
2025,6,12,11,1,A,MASCULINO,5,82000000
2025,6,12,11,1,B,FEMENINO,41,393900000
2025,6,12,11,1,B,MASCULINO,47,464260000
2025,6,12,11,1,C,FEMENINO,16,112200000
2025,6,12,11,1,C,MASCULINO,17,124600000
2025,6,12,11,1,D,FEMENINO,42,204500000
2025,6,12,11,1,D,MASCULINO,49,219000000
2025,6,12,11,1,E,FEMENINO,12,53600000
2025,6,12,11,1,E,MASCULINO,14,54400000
2025,6,12,11,1,F,FEMENINO,15,49200000
2025,6,12,11,1,F,MASCULINO,26,86798309
2025,6,12,11,1,G,FEMENINO,7,21094927
2025,6,12,11,1,G,MASCULINO,13,39293236
2025,6,12,11,1,S,FEMENINO,1,2798309
2025,6,12,13,1,A,FEMENINO,1,22000000
2025,6,12,13,1,A,MASCULINO,3,45000000
2025,6,12,13,1,B,FEMENINO,17,221000000
2025,6,12,13,1,B,MASCULINO,11,143000000
2025,6,12,13,1,C,FEMENINO,124,1042800000
2025,6,12,13,1,C,MASCULINO,244,2087100000
2025,6,12,13,1,D,FEMENINO,200,863562798
2025,6,12,13,1,D,MASCULINO,291,1234354343
2025,6,12,13,1,E,FEMENINO,90,278645888
2025,6,12,13,1,E,MASCULINO,423,1325065730
2025,6,12,13,1,F,FEMENINO,112,335352652
2025,6,12,13,1,F,MASCULINO,351,1063112299
2025,6,12,13,1,G,FEMENINO,116,341946119
2025,6,12,13,1,G,MASCULINO,547,1627089549
2025,6,12,13,1,I,FEMENINO,97,307438668
2025,6,12,13,1,I,MASCULINO,405,1789581777
2025,6,12,14,1,A,FEMENINO,3,52000000
2025,6,12,14,1,B,FEMENINO,29,254800000
2025,6,12,14,1,B,MASCULINO,1,7600000
2025,6,12,14,1,C,FEMENINO,7,38300000
2025,6,12,14,1,D,FEMENINO,32,141200000
2025,6,12,14,1,D,MASCULINO,3,11500000
2025,6,12,14,1,E,FEMENINO,2,7300000
2025,6,12,14,1,E,MASCULINO,2,8000000
2025,6,12,14,1,F,FEMENINO,5,15398309
2025,6,12,14,1,G,FEMENINO,6,16789854
2025,6,12,14,1,G,MASCULINO,5,14994927
2025,6,12,16,1,A,FEMENINO,2,37000000
2025,6,12,16,1,A,MASCULINO,1,15000000
2025,6,12,16,1,B,FEMENINO,45,408640000
2025,6,12,16,1,B,MASCULINO,32,284780000
2025,6,12,16,1,C,FEMENINO,72,533006772
2025,6,12,16,1,C,MASCULINO,52,369500000
2025,6,12,16,1,D,FEMENINO,176,750026472
2025,6,12,16,1,D,MASCULINO,126,555227127
2025,6,12,16,1,E,FEMENINO,128,413616459
2025,6,12,16,1,E,MASCULINO,169,566030377
2025,6,12,16,1,F,FEMENINO,18,58696618
2025,6,12,16,1,F,MASCULINO,21,66791545
2025,6,12,16,1,G,FEMENINO,37,110874635
2025,6,12,16,1,G,MASCULINO,49,142017387
2025,6,12,17,1,A,MASCULINO,1,22000000
2025,6,12,17,1,B,FEMENINO,13,101800000
2025,6,12,17,1,B,MASCULINO,16,139800000
2025,6,12,17,1,C,FEMENINO,66,503300000
2025,6,12,17,1,C,MASCULINO,62,461833333
2025,6,12,17,1,D,FEMENINO,33,195198309
2025,6,12,17,1,D,MASCULINO,66,390800000
2025,6,12,17,1,E,FEMENINO,4,14000000
2025,6,12,17,1,E,MASCULINO,10,39600000
2025,6,12,17,1,F,FEMENINO,2,6000000
2025,6,12,17,1,F,MASCULINO,3,11900000
2025,6,12,17,1,G,FEMENINO,5,24050307
2025,6,12,17,1,G,MASCULINO,38,254097232
2025,6,12,18,1,A,FEMENINO,5,41600000
2025,6,12,18,1,A,MASCULINO,3,50000000
2025,6,12,18,1,B,FEMENINO,11,111400000
2025,6,12,18,1,B,MASCULINO,11,122200000
2025,6,12,18,1,C,FEMENINO,20,155800000
2025,6,12,18,1,C,MASCULINO,21,167400000
2025,6,12,18,1,D,FEMENINO,78,375400000
2025,6,12,18,1,D,MASCULINO,51,234000000
2025,6,12,18,1,E,FEMENINO,17,53896618
2025,6,12,18,1,E,MASCULINO,23,73496618
2025,6,12,18,1,F,FEMENINO,2,9100000
2025,6,12,18,1,F,MASCULINO,1,2798309
2025,6,12,18,1,G,FEMENINO,20,56667871
2025,6,12,18,1,G,MASCULINO,12,32262168
2025,6,12,19,1,A,MASCULINO,6,85300000
2025,6,12,19,1,B,FEMENINO,20,175000000
2025,6,12,19,1,B,MASCULINO,14,148100000
2025,6,12,19,1,C,FEMENINO,65,471800000
2025,6,12,19,1,C,MASCULINO,47,329800000
2025,6,12,19,1,D,FEMENINO,116,530689854
2025,6,12,19,1,D,MASCULINO,72,344838594
2025,6,12,19,1,E,FEMENINO,34,115474635
2025,6,12,19,1,E,MASCULINO,37,122471253
2025,6,12,19,1,F,FEMENINO,19,55974635
2025,6,12,19,1,F,MASCULINO,25,75869562
2025,6,12,19,1,G,FEMENINO,4,11193236
2025,6,12,19,1,G,MASCULINO,18,50369562
2025,6,12,20,1,A,FEMENINO,2,25000000
2025,6,12,20,1,A,MASCULINO,4,62000000
2025,6,12,20,1,B,FEMENINO,15,138700000
2025,6,12,20,1,B,MASCULINO,13,124600000
2025,6,12,20,1,C,FEMENINO,11,72300000
2025,6,12,20,1,C,MASCULINO,4,34400000
2025,6,12,20,1,D,FEMENINO,158,567861107
2025,6,12,20,1,D,MASCULINO,27,101198309
2025,6,12,20,1,E,FEMENINO,107,335947579
2025,6,12,20,1,E,MASCULINO,52,163681399
2025,6,12,20,1,F,MASCULINO,2,5596618
2025,6,12,20,1,G,FEMENINO,72,203388394
2025,6,12,20,1,G,MASCULINO,36,104852652
2025,6,12,21,1,A,FEMENINO,1,15000000
2025,6,12,21,1,A,MASCULINO,2,37000000
2025,6,12,21,1,B,FEMENINO,26,292000000
2025,6,12,21,1,B,MASCULINO,20,239000000
2025,6,12,21,1,C,FEMENINO,19,131600000
2025,6,12,21,1,C,MASCULINO,26,183400000
2025,6,12,21,1,D,FEMENINO,30,122400000
2025,6,12,21,1,D,MASCULINO,33,148500000
2025,6,12,21,1,E,FEMENINO,15,47686472
2025,6,12,21,1,E,MASCULINO,29,93578017
2025,6,12,21,1,F,FEMENINO,5,14193236
2025,6,12,21,1,F,MASCULINO,18,54689854
2025,6,13,1,1,A,FEMENINO,90,989199864
2025,6,13,1,1,A,MASCULINO,60,646001504
2025,6,13,1,1,B,FEMENINO,130,973817256
2025,6,13,1,1,B,MASCULINO,115,845692635
2025,6,13,1,1,C,FEMENINO,132,689730244
2025,6,13,1,1,C,MASCULINO,119,642006393
2025,6,13,1,1,D,FEMENINO,481,2890550244
2025,6,13,1,1,D,MASCULINO,430,2527589349
2025,6,13,1,1,E,FEMENINO,510,1732414421
2025,6,13,1,1,E,MASCULINO,396,1361146615
2025,6,13,1,1,F,FEMENINO,599,2509622419
2025,6,13,1,1,F,MASCULINO,436,1770482140
2025,6,13,1,1,G,FEMENINO,556,1593486534
2025,6,13,1,1,G,MASCULINO,495,1422882971
2025,6,13,1,1,J,FEMENINO,4444,26252566715
2025,6,13,1,1,J,MASCULINO,2857,17415086830
2025,6,13,1,1,R,FEMENINO,38,244885667
2025,6,13,1,1,R,MASCULINO,23,145451800
2025,6,13,2,1,A,FEMENINO,15,168100000
2025,6,13,2,1,A,MASCULINO,25,260900000
2025,6,13,2,1,B,FEMENINO,23,327600000
2025,6,13,2,1,B,MASCULINO,44,628600000
2025,6,13,2,1,C,FEMENINO,234,2005300000
2025,6,13,2,1,C,MASCULINO,271,2343200000
2025,6,13,2,1,D,FEMENINO,807,3403229465
2025,6,13,2,1,D,MASCULINO,872,3785313188
2025,6,13,2,1,E,FEMENINO,742,2389322677
2025,6,13,2,1,E,MASCULINO,797,2644995439
2025,6,13,2,1,F,FEMENINO,729,2049884646
2025,6,13,2,1,F,MASCULINO,727,2060226114
2025,6,13,2,1,G,MASCULINO,3,8600000
2025,6,13,2,1,J,FEMENINO,45,515557000
2025,6,13,2,1,J,MASCULINO,40,502047835
2025,6,13,2,1,S,FEMENINO,6,38200000
2025,6,13,2,1,S,MASCULINO,2,8000000
2025,6,13,3,1,C,FEMENINO,196,1299851649
2025,6,13,3,1,C,MASCULINO,145,941997224
2025,6,13,3,1,D,FEMENINO,144,729301274
2025,6,13,3,1,D,MASCULINO,164,831321351
2025,6,13,3,1,E,FEMENINO,139,523511742
2025,6,13,3,1,E,MASCULINO,126,484242839
2025,6,13,3,1,G,FEMENINO,258,726551476
2025,6,13,3,1,G,MASCULINO,405,1239932915
2025,6,13,3,1,J,FEMENINO,2144,14989754962
2025,6,13,3,1,J,MASCULINO,1431,10077192482
2025,6,13,3,1,K,FEMENINO,101,1100775708
2025,6,13,3,1,K,MASCULINO,83,948061063
2025,6,13,3,1,S,FEMENINO,200,1404891750
2025,6,13,3,1,S,MASCULINO,96,728122500
2025,6,13,4,1,B,FEMENINO,8,119000000
2025,6,13,4,1,B,MASCULINO,11,160500000
2025,6,13,4,1,C,FEMENINO,35,303000000
2025,6,13,4,1,C,MASCULINO,21,183700000
2025,6,13,4,1,D,FEMENINO,25,125465500
2025,6,13,4,1,D,MASCULINO,27,134300000
2025,6,13,4,1,E,FEMENINO,1,4500000
2025,6,13,4,1,E,MASCULINO,8,26400000
2025,6,13,4,1,F,FEMENINO,2,6298309
2025,6,13,4,1,G,FEMENINO,8,31000000
2025,6,13,4,1,G,MASCULINO,8,33000000
2025,6,13,5,1,A,FEMENINO,1,13000000
2025,6,13,5,1,A,MASCULINO,2,26000000
2025,6,13,5,1,B,FEMENINO,7,115000000
2025,6,13,5,1,B,MASCULINO,13,205000000
2025,6,13,5,1,C,FEMENINO,65,622900000
2025,6,13,5,1,C,MASCULINO,48,438000000
2025,6,13,5,1,D,FEMENINO,38,200700000
2025,6,13,5,1,D,MASCULINO,42,244800000
2025,6,13,5,1,E,FEMENINO,9,36600000
2025,6,13,5,1,E,MASCULINO,6,24600000
2025,6,13,5,1,F,FEMENINO,4,19200000
2025,6,13,5,1,F,MASCULINO,7,24600000
2025,6,13,5,1,G,FEMENINO,1,3100000
2025,6,13,5,1,G,MASCULINO,2,5800000
2025,6,13,6,1,A,FEMENINO,6,84096000
2025,6,13,6,1,A,MASCULINO,6,84096000
2025,6,13,6,1,B,FEMENINO,8,114639000
2025,6,13,6,1,B,MASCULINO,13,174689790
2025,6,13,6,1,C,FEMENINO,60,408119665
2025,6,13,6,1,C,MASCULINO,30,248946025
2025,6,13,6,1,E,FEMENINO,53,204771875
2025,6,13,6,1,E,MASCULINO,54,212983335
2025,6,13,6,1,F,FEMENINO,6,29997290
2025,6,13,6,1,F,MASCULINO,6,31338880
2025,6,13,6,1,G,FEMENINO,114,324534990
2025,6,13,6,1,G,MASCULINO,151,442581621
2025,6,13,6,1,J,FEMENINO,1173,8191663026
2025,6,13,6,1,J,MASCULINO,585,3943602849
2025,6,13,7,1,A,FEMENINO,4,62000000
2025,6,13,7,1,A,MASCULINO,7,120500000
2025,6,13,7,1,B,MASCULINO,1,14016000
2025,6,13,7,1,C,FEMENINO,9,61800000
2025,6,13,7,1,C,MASCULINO,9,63900000
2025,6,13,7,1,D,FEMENINO,13,76700000
2025,6,13,7,1,D,MASCULINO,11,61300000
2025,6,13,7,1,E,FEMENINO,1,7000000
2025,6,13,7,1,F,FEMENINO,1,5446745
2025,6,13,7,1,F,MASCULINO,1,5446745
2025,6,13,7,1,J,FEMENINO,5,46925396
2025,6,13,7,1,J,MASCULINO,12,134951905
2025,6,13,7,1,K,FEMENINO,1,9401630
2025,6,14,1,1,A,MASCULINO,2,44000000
2025,6,14,1,1,B,FEMENINO,49,603500000
2025,6,14,1,1,B,MASCULINO,42,500800000
2025,6,14,1,1,C,FEMENINO,336,3162600000
2025,6,14,1,1,C,MASCULINO,212,2051000000
2025,6,14,1,1,D,FEMENINO,76,471648980
2025,6,14,1,1,D,MASCULINO,109,672200000
2025,6,14,1,1,E,FEMENINO,23,121900000
2025,6,14,1,1,E,MASCULINO,29,151198309
2025,6,14,1,1,F,FEMENINO,25,120000000
2025,6,14,1,1,F,MASCULINO,23,106398309
2025,6,15,1,1,A,FEMENINO,1,15000000
2025,6,15,1,1,A,MASCULINO,1,22000000
2025,6,15,1,1,B,FEMENINO,20,136200000
2025,6,15,1,1,B,MASCULINO,7,52300000
2025,6,15,1,1,C,FEMENINO,7,36000000
2025,6,15,1,1,C,MASCULINO,1,6000000
2025,6,15,1,1,D,FEMENINO,28,111198309
2025,6,15,1,1,D,MASCULINO,8,31898309
2025,6,15,1,1,E,FEMENINO,16,47194927
2025,6,15,1,1,E,MASCULINO,16,48989854
2025,6,15,1,1,F,MASCULINO,1,3000000
2025,6,15,1,1,G,FEMENINO,2,5596618
2025,6,15,1,1,G,MASCULINO,1,3500000
2025,6,15,2,1,C,MASCULINO,1,2798309
2025,6,15,2,1,D,FEMENINO,1,3819900
2025,6,15,2,1,D,MASCULINO,2,7639800
2025,6,15,2,1,G,MASCULINO,1,2798309
2025,6,15,2,1,J,FEMENINO,4,48483600
2025,6,15,2,1,J,MASCULINO,2,24241800
2025,6,15,2,1,K,FEMENINO,10,62115700
2025,6,15,2,1,K,MASCULINO,7,50064400
2025,6,21,1,1,A,FEMENINO,108,705770000
2025,6,21,1,1,A,MASCULINO,138,1027950000
2025,6,21,1,1,B,FEMENINO,106,1333665000
2025,6,21,1,1,B,MASCULINO,107,1376830000
2025,6,21,1,1,C,FEMENINO,91,1438685000
2025,6,21,1,1,C,MASCULINO,92,1490750000
2025,6,21,1,1,D,FEMENINO,33,735585000
2025,6,21,1,1,D,MASCULINO,59,1278040000
2025,6,21,1,1,E,FEMENINO,3,72090000
2025,6,21,1,1,E,MASCULINO,18,409400000
2025,6,21,1,1,F,FEMENINO,1,25365000
2025,6,21,1,1,F,MASCULINO,3,76095000
2025,6,21,1,1,G,FEMENINO,1,26255000
2025,6,21,1,1,G,MASCULINO,2,52510000
2025,6,21,1,1,H,MASCULINO,1,26255000
2025,6,21,1,1,I,FEMENINO,2,60520000
2025,6,21,1,1,I,MASCULINO,3,90780000
2025,6,21,1,1,J,MASCULINO,1,32040000
2025,6,22,1,1,A,FEMENINO,1,27983090
2025,6,22,1,1,B,MASCULINO,1,4144000
2025,6,22,1,1,C,FEMENINO,8,52347000
2025,6,22,1,1,C,MASCULINO,9,52348800
2025,6,22,1,1,D,MASCULINO,1,2798309
2025,6,22,1,1,E,FEMENINO,8,22386472
2025,6,22,1,1,E,MASCULINO,9,25184781
2025,6,22,1,1,F,FEMENINO,5,13991545
2025,6,22,1,1,F,MASCULINO,6,16789854
2025,6,22,1,1,G,FEMENINO,2,5596618
2025,6,22,1,1,G,MASCULINO,3,8394927
2025,6,22,1,1,J,FEMENINO,3,11500000
2025,6,22,1,1,J,MASCULINO,1,2798309
2025,6,22,2,1,A,MASCULINO,1,27983090
2025,6,22,2,1,B,FEMENINO,2,6245772
2025,6,22,2,1,C,FEMENINO,7,27644360
2025,6,22,2,1,C,MASCULINO,6,31194684
2025,6,22,2,1,D,FEMENINO,1,2350580
2025,6,22,2,1,E,FEMENINO,5,11752900
2025,6,22,2,1,E,MASCULINO,7,16454060
2025,6,22,2,1,G,FEMENINO,2,5001160
2025,6,22,2,1,G,MASCULINO,9,21348792
2025,6,22,2,1,J,MASCULINO,2,7140000
2025,6,22,3,1,A,MASCULINO,1,26153400
2025,6,22,3,1,B,MASCULINO,1,4144000
2025,6,22,3,1,C,FEMENINO,5,20929800
2025,6,22,3,1,C,MASCULINO,7,43864800
2025,6,22,3,1,E,FEMENINO,1,2680373
2025,6,22,3,1,G,FEMENINO,10,26803730
2025,6,22,3,1,G,MASCULINO,11,29484103
2025,6,22,3,1,J,FEMENINO,2,8000000
2025,6,22,3,1,J,MASCULINO,2,6000000
2025,6,22,4,1,A,MASCULINO,1,27983090
2025,6,22,4,1,B,FEMENINO,1,3480960
2025,6,22,4,1,B,MASCULINO,1,5064780
2025,6,22,4,1,C,FEMENINO,11,50642444
2025,6,22,4,1,C,MASCULINO,13,55539456
2025,6,22,4,1,D,FEMENINO,5,12393284
2025,6,22,4,1,D,MASCULINO,1,2350580
2025,6,22,4,1,E,FEMENINO,1,2350580
2025,6,22,4,1,E,MASCULINO,4,9402320
2025,6,22,4,1,G,FEMENINO,14,32908120
2025,6,22,4,1,G,MASCULINO,18,42310440
2025,6,22,4,1,J,FEMENINO,2,6720000
2025,6,22,4,1,J,MASCULINO,2,5290580
2025,6,22,5,1,A,MASCULINO,1,26803730
2025,6,22,5,1,B,FEMENINO,2,8288000
2025,6,22,5,1,B,MASCULINO,7,51690000
2025,6,22,5,1,C,FEMENINO,5,29038400
2025,6,22,5,1,C,MASCULINO,15,76583500
2025,6,22,5,1,D,FEMENINO,4,10721619
2025,6,22,5,1,D,MASCULINO,6,16192892
2025,6,22,5,1,E,FEMENINO,4,10721492
2025,6,22,5,1,E,MASCULINO,7,18762611
2025,6,22,5,1,F,FEMENINO,3,8041119
2025,6,22,5,1,F,MASCULINO,6,16082238
2025,6,22,5,1,G,FEMENINO,1,2680373
2025,6,22,5,1,G,MASCULINO,6,16082238
2025,6,22,5,1,J,FEMENINO,3,13980373
2025,6,22,6,1,A,MASCULINO,1,27983090
2025,6,22,6,1,B,MASCULINO,1,3480960
2025,6,22,6,1,C,FEMENINO,7,37331720
2025,6,22,6,1,C,MASCULINO,12,72469820
2025,6,22,6,1,D,MASCULINO,1,2338224
2025,6,22,6,1,E,MASCULINO,3,7051740
2025,6,22,6,1,F,FEMENINO,1,2350580
2025,6,22,6,1,F,MASCULINO,1,2350580
2025,6,22,6,1,G,FEMENINO,4,9402320
2025,6,22,6,1,G,MASCULINO,5,11752900
2025,6,22,6,1,J,FEMENINO,1,2520000
2025,6,22,6,1,J,MASCULINO,3,9490580
2025,6,22,7,1,A,FEMENINO,2,10242400
2025,6,22,7,1,A,MASCULINO,2,32127090
2025,6,22,7,1,B,MASCULINO,1,3480960
2025,6,22,7,1,C,FEMENINO,18,96085892
2025,6,22,7,1,C,MASCULINO,22,106737028
2025,6,22,7,1,D,FEMENINO,11,25470762
2025,6,22,7,1,D,MASCULINO,18,38414642
2025,6,22,7,1,E,FEMENINO,7,15760591
2025,6,22,7,1,E,MASCULINO,13,29368736
2025,6,22,7,1,G,FEMENINO,5,11257565
2025,6,22,7,1,G,MASCULINO,9,20263617
2025,6,22,7,1,J,FEMENINO,1,2520000
2025,6,22,7,1,J,MASCULINO,1,2940000
2025,6,22,8,1,A,MASCULINO,1,26153400
2025,6,22,8,1,B,MASCULINO,2,11569200
2025,6,22,8,1,C,FEMENINO,1,7425200
2025,6,22,8,1,C,MASCULINO,4,21181100
2025,6,22,8,1,D,FEMENINO,7,18762611
2025,6,22,8,1,D,MASCULINO,6,16188165
2025,6,22,8,1,E,FEMENINO,6,16082238
2025,6,22,8,1,E,MASCULINO,24,64328952
2025,6,22,8,1,F,FEMENINO,4,10721492
2025,6,22,8,1,F,MASCULINO,3,8041119
2025,6,22,8,1,G,FEMENINO,12,32164476
2025,6,22,8,1,G,MASCULINO,16,42885968
2025,6,22,8,1,J,FEMENINO,1,3000000
2025,6,22,8,1,J,MASCULINO,2,7680373
2025,6,22,9,1,A,FEMENINO,1,27983090
2025,6,22,9,1,A,MASCULINO,1,3886680
2025,6,22,9,1,B,FEMENINO,1,3480960
2025,6,22,9,1,B,MASCULINO,1,2730420
2025,6,22,9,1,C,FEMENINO,6,29185756
2025,6,22,9,1,C,MASCULINO,15,85801600
2025,6,22,9,1,D,FEMENINO,4,8731234
2025,6,22,9,1,D,MASCULINO,9,20882180
2025,6,22,9,1,E,FEMENINO,2,4589227
2025,6,22,9,1,E,MASCULINO,6,14103480
2025,6,22,9,1,F,MASCULINO,4,9402320
2025,6,22,9,1,G,FEMENINO,5,12078000
2025,6,22,9,1,G,MASCULINO,15,35382719
2025,6,22,9,1,J,FEMENINO,1,2940000
2025,6,22,9,1,J,MASCULINO,3,9070580
2025,6,22,10,1,A,MASCULINO,1,27983090
2025,6,22,10,1,B,FEMENINO,2,8288000
2025,6,22,10,1,C,FEMENINO,12,61121500
2025,6,22,10,1,C,MASCULINO,18,109981700
2025,6,22,10,1,D,FEMENINO,1,2798309
2025,6,22,10,1,D,MASCULINO,1,2798309
2025,6,22,10,1,E,FEMENINO,5,13991545
2025,6,22,10,1,E,MASCULINO,13,36378017
2025,6,22,10,1,G,FEMENINO,12,33579708
2025,6,22,10,1,G,MASCULINO,9,25184781
2025,6,22,10,1,J,FEMENINO,1,3000000
2025,6,22,10,1,J,MASCULINO,3,11298309
2025,6,22,11,1,A,MASCULINO,1,27983090
2025,6,22,11,1,B,FEMENINO,1,3073100
2025,6,22,11,1,B,MASCULINO,2,6492261
2025,6,22,11,1,C,FEMENINO,22,97069700
2025,6,22,11,1,C,MASCULINO,14,62164475
2025,6,22,11,1,D,FEMENINO,12,33897499
2025,6,22,11,1,D,MASCULINO,18,50687353
2025,6,22,11,1,E,FEMENINO,3,8394927
2025,6,22,11,1,E,MASCULINO,2,5776618
2025,6,22,11,1,G,FEMENINO,6,17291545
2025,6,22,11,1,G,MASCULINO,5,13991545
2025,6,22,11,1,J,FEMENINO,2,6500000
2025,6,22,11,1,J,MASCULINO,1,5000000
2025,6,22,12,1,A,FEMENINO,4,13923840
2025,6,22,12,1,A,MASCULINO,8,51313810
2025,6,22,12,1,B,FEMENINO,4,25166400
2025,6,22,12,1,B,MASCULINO,6,34317360
2025,6,22,12,1,C,FEMENINO,7,25443962
2025,6,22,12,1,C,MASCULINO,9,41834604
2025,6,22,12,1,D,FEMENINO,3,7466768
2025,6,22,12,1,D,MASCULINO,3,7591668
2025,6,22,12,1,E,FEMENINO,8,18804640
2025,6,22,12,1,E,MASCULINO,9,21155220
2025,6,22,12,1,G,FEMENINO,3,7051740
2025,6,22,12,1,G,MASCULINO,4,8702743
2025,6,22,12,1,J,FEMENINO,3,9660000
2025,6,22,12,1,S,FEMENINO,1,3477935
2025,6,22,13,1,A,MASCULINO,1,27983090
2025,6,22,13,1,B,FEMENINO,1,3480960
2025,6,22,13,1,C,FEMENINO,4,16229136
2025,6,22,13,1,C,MASCULINO,7,51976400
2025,6,22,13,1,E,FEMENINO,1,2350580
2025,6,22,13,1,E,MASCULINO,1,2350580
2025,6,22,13,1,F,FEMENINO,2,4701160
2025,6,22,13,1,G,FEMENINO,9,21155220
2025,6,22,13,1,G,MASCULINO,8,18804640
2025,6,22,13,1,J,FEMENINO,2,4870580
2025,6,22,13,1,J,MASCULINO,2,7140000
2025,6,22,14,1,A,MASCULINO,1,27983090
2025,6,22,14,1,B,MASCULINO,1,4144000
2025,6,22,14,1,C,FEMENINO,5,32635100
2025,6,22,14,1,C,MASCULINO,6,32002700
2025,6,22,14,1,D,FEMENINO,1,2368200
2025,6,22,14,1,D,MASCULINO,1,3798900
2025,6,22,14,1,E,MASCULINO,2,5100614
2025,6,22,14,1,F,FEMENINO,1,2550307
2025,6,22,14,1,F,MASCULINO,7,17852149
2025,6,22,14,1,G,FEMENINO,1,2550307
2025,6,22,14,1,G,MASCULINO,5,12751535
2025,6,22,14,1,J,FEMENINO,1,3000000
2025,6,22,14,1,J,MASCULINO,2,6000000
2025,6,22,15,1,A,MASCULINO,1,27983090
2025,6,22,15,1,B,MASCULINO,1,3480960
2025,6,22,15,1,C,FEMENINO,2,8747844
2025,6,22,15,1,C,MASCULINO,11,49270256
2025,6,22,15,1,D,FEMENINO,2,5443982
2025,6,22,15,1,D,MASCULINO,3,8165973
2025,6,22,15,1,E,FEMENINO,1,2721991
2025,6,22,15,1,E,MASCULINO,6,13919228
2025,6,22,15,1,F,MASCULINO,1,2721991
2025,6,22,15,1,G,FEMENINO,1,2721991
2025,6,22,15,1,G,MASCULINO,4,10887964
2025,6,22,15,1,J,MASCULINO,4,12381991
2025,6,22,16,1,A,FEMENINO,1,4432000
2025,6,22,16,1,A,MASCULINO,1,27983090
2025,6,22,16,1,B,MASCULINO,1,4144000
2025,6,22,16,1,C,FEMENINO,9,49005000
2025,6,22,16,1,C,MASCULINO,10,57151400
2025,6,22,16,1,D,FEMENINO,1,2798309
2025,6,22,16,1,D,MASCULINO,4,11193236
2025,6,22,16,1,E,FEMENINO,5,13991545
2025,6,22,16,1,E,MASCULINO,12,33579708
2025,6,22,16,1,F,FEMENINO,4,11193236
2025,6,22,16,1,F,MASCULINO,3,8394927
2025,6,22,16,1,G,FEMENINO,4,11193236
2025,6,22,16,1,G,MASCULINO,9,25184781
2025,6,22,16,1,J,FEMENINO,2,13000000
2025,6,22,16,1,J,MASCULINO,2,9798309
2025,6,22,17,1,A,MASCULINO,1,27983090
2025,6,22,17,1,B,MASCULINO,2,6280848
2025,6,22,17,1,C,FEMENINO,4,24381672
2025,6,22,17,1,C,MASCULINO,10,58969680
2025,6,22,17,1,D,MASCULINO,1,2350580
2025,6,22,17,1,E,MASCULINO,8,18804640
2025,6,22,17,1,F,FEMENINO,1,2350580
2025,6,22,17,1,F,MASCULINO,2,4702580
2025,6,22,17,1,G,FEMENINO,4,9402320
2025,6,22,17,1,G,MASCULINO,6,14103480
2025,6,23,1,1,A,FEMENINO,3,23574750
2025,6,23,1,1,B,FEMENINO,5,46517100
2025,6,23,1,1,B,MASCULINO,7,64974000
2025,6,23,1,1,C,FEMENINO,60,366777601
2025,6,23,1,1,C,MASCULINO,25,158540000
2025,6,23,1,1,D,FEMENINO,51,226389800
2025,6,23,1,1,D,MASCULINO,30,122051000
2025,6,23,1,1,E,FEMENINO,8,29025922
2025,6,23,1,1,E,MASCULINO,34,102946328
2025,6,23,1,1,F,FEMENINO,4,10607490
2025,6,23,1,1,F,MASCULINO,2,5460000
2025,6,23,3,1,A,MASCULINO,1,8400000
2025,6,23,3,1,B,FEMENINO,44,310536000
2025,6,23,3,1,B,MASCULINO,66,474640000
2025,6,23,3,1,C,FEMENINO,65,369600000
2025,6,23,3,1,C,MASCULINO,133,745920000
2025,6,23,3,1,D,FEMENINO,11,44744500
2025,6,23,3,1,D,MASCULINO,28,119976000
2025,6,23,3,1,E,FEMENINO,5,15962579
2025,6,23,3,1,E,MASCULINO,17,57454579
2025,6,23,3,1,G,FEMENINO,4,11612000
2025,6,23,3,1,G,MASCULINO,35,103780000
2025,6,23,4,1,A,FEMENINO,1,6100000
2025,6,23,4,1,A,MASCULINO,1,22000000
2025,6,23,4,1,B,FEMENINO,4,40800000
2025,6,23,4,1,B,MASCULINO,2,20400000
2025,6,23,4,1,C,FEMENINO,11,83700000
2025,6,23,4,1,C,MASCULINO,4,32800000
2025,6,23,4,1,D,FEMENINO,21,103120000
2025,6,23,4,1,D,MASCULINO,5,27400000
2025,6,23,4,1,E,MASCULINO,1,4900000
2025,6,23,4,1,F,FEMENINO,4,13900000
2025,6,23,4,1,F,MASCULINO,4,15000000
2025,6,23,4,1,G,FEMENINO,3,12100000
2025,6,23,4,1,G,MASCULINO,6,21800000
2025,6,23,6,1,B,FEMENINO,7,61952800
2025,6,23,6,1,B,MASCULINO,8,77192000
2025,6,23,6,1,C,FEMENINO,7,51870000
2025,6,23,6,1,C,MASCULINO,9,66612000
2025,6,23,6,1,D,FEMENINO,4,24297000
2025,6,23,6,1,D,MASCULINO,13,71328635
2025,6,23,6,1,G,FEMENINO,3,15858267
2025,6,23,6,1,G,MASCULINO,2,9009000
2025,6,23,6,1,S,MASCULINO,1,22000000
2025,6,23,8,1,B,FEMENINO,5,33103110
2025,6,23,8,1,B,MASCULINO,1,6534108
2025,6,23,8,1,C,FEMENINO,2,11110576
2025,6,23,8,1,C,MASCULINO,2,12109786
2025,6,23,8,1,D,FEMENINO,1,3286080
2025,6,23,8,1,D,MASCULINO,1,3096520
2025,6,23,8,1,E,MASCULINO,1,3317748
2025,6,23,10,1,B,FEMENINO,3,36000000
2025,6,23,10,1,B,MASCULINO,22,316000000
2025,6,23,10,1,C,FEMENINO,62,522200000
2025,6,23,10,1,C,MASCULINO,99,893200000
2025,6,23,10,1,D,FEMENINO,1,5000000
2025,6,23,10,1,D,MASCULINO,5,16400000
2025,6,23,10,1,F,FEMENINO,20,87986472
2025,6,23,10,1,F,MASCULINO,30,130488163
2025,6,23,10,1,G,FEMENINO,9,38323900
2025,6,23,10,1,G,MASCULINO,14,52400000
2025,6,23,11,1,A,MASCULINO,1,22000000
2025,6,23,11,1,B,FEMENINO,10,93002000
2025,6,23,11,1,B,MASCULINO,29,273637000
2025,6,23,11,1,C,FEMENINO,35,263718000
2025,6,23,11,1,C,MASCULINO,59,454818000
2025,6,23,11,1,D,FEMENINO,6,28119000
2025,6,23,11,1,D,MASCULINO,48,216944000
2025,6,23,11,1,E,FEMENINO,8,24115000
2025,6,23,11,1,E,MASCULINO,52,158611461
2025,6,23,11,1,G,FEMENINO,7,18832383
2025,6,23,11,1,G,MASCULINO,24,65964227
2025,6,23,13,1,A,FEMENINO,1,17290000
2025,6,23,13,1,B,FEMENINO,2,14014000
2025,6,23,13,1,B,MASCULINO,10,103705000
2025,6,23,13,1,C,FEMENINO,4,28609000
2025,6,23,13,1,C,MASCULINO,3,24423000
2025,6,23,13,1,D,MASCULINO,2,9373000
2025,6,23,13,1,E,FEMENINO,2,3589092
2025,6,23,13,1,E,MASCULINO,3,7448000
2025,6,23,13,1,F,FEMENINO,2,4885244
2025,6,23,13,1,F,MASCULINO,2,4885244
2025,6,23,13,1,G,FEMENINO,6,27689546
2025,6,23,13,1,G,MASCULINO,10,45017132
2025,6,23,14,1,A,FEMENINO,1,4852000
2025,6,23,14,1,A,MASCULINO,3,29528000
2025,6,23,14,1,B,FEMENINO,10,107960109
2025,6,23,14,1,B,MASCULINO,5,47369538
2025,6,23,14,1,C,FEMENINO,43,287548954
2025,6,23,14,1,C,MASCULINO,24,154368143
2025,6,23,14,1,D,FEMENINO,5,19887567
2025,6,23,14,1,D,MASCULINO,7,26709433
2025,6,23,14,1,E,FEMENINO,5,14321335
2025,6,23,14,1,E,MASCULINO,9,25524199
2025,6,23,14,1,F,MASCULINO,3,9615680
2025,6,23,14,1,G,FEMENINO,2,4832000
2025,6,23,14,1,G,MASCULINO,2,5397333
2025,6,23,16,1,A,FEMENINO,4,36500000
2025,6,23,16,1,A,MASCULINO,1,22000000
2025,6,23,16,1,B,FEMENINO,24,255300000
2025,6,23,16,1,B,MASCULINO,15,159300000
2025,6,23,16,1,C,FEMENINO,101,697400000
2025,6,23,16,1,C,MASCULINO,103,712300000
2025,6,23,16,1,D,FEMENINO,200,888400000
2025,6,23,16,1,D,MASCULINO,204,868120000
2025,6,23,16,1,E,FEMENINO,85,241166534
2025,6,23,16,1,E,MASCULINO,304,858963722
2025,6,23,16,1,F,FEMENINO,45,128152652
2025,6,23,16,1,F,MASCULINO,78,218215450
2025,6,23,16,1,G,FEMENINO,26,72756034
2025,6,23,16,1,G,MASCULINO,66,179393467
2025,6,23,17,1,A,FEMENINO,1,22000000
2025,6,23,17,1,B,FEMENINO,10,68920000
2025,6,23,17,1,B,MASCULINO,3,18816000
2025,6,23,17,1,C,FEMENINO,3,20496000
2025,6,23,17,1,C,MASCULINO,1,8232000
2025,6,23,17,1,D,FEMENINO,13,48687478
2025,6,23,17,1,D,MASCULINO,5,18396000
2025,6,23,17,1,E,FEMENINO,12,33096000
2025,6,23,17,1,E,MASCULINO,7,21168000
2025,6,23,17,1,F,MASCULINO,3,7104000
2025,6,23,17,1,G,FEMENINO,3,7053160
2025,6,23,17,1,G,MASCULINO,3,7305160
2025,6,23,18,1,A,FEMENINO,1,4368000
2025,6,23,18,1,A,MASCULINO,1,11000000
2025,6,23,18,1,B,FEMENINO,3,25203369
2025,6,23,18,1,B,MASCULINO,17,163117568
2025,6,23,18,1,C,FEMENINO,77,499515039
2025,6,23,18,1,C,MASCULINO,86,567663827
2025,6,23,18,1,D,FEMENINO,79,263023131
2025,6,23,18,1,D,MASCULINO,110,383703324
2025,6,23,18,1,E,FEMENINO,16,34496451
2025,6,23,18,1,E,MASCULINO,39,107523908
2025,6,23,18,1,F,FEMENINO,1,2500000
2025,6,23,18,1,F,MASCULINO,3,6169165
2025,6,23,18,1,G,FEMENINO,10,18538907
2025,6,23,18,1,G,MASCULINO,19,37025373
2025,6,23,19,1,A,MASCULINO,2,29400000
2025,6,23,19,1,B,FEMENINO,5,54600000
2025,6,23,19,1,B,MASCULINO,5,58760000
2025,6,23,19,1,C,FEMENINO,57,458136000
2025,6,23,19,1,C,MASCULINO,34,275940000
2025,6,23,19,1,D,FEMENINO,23,85008000
2025,6,23,19,1,D,MASCULINO,24,104160000
2025,6,23,19,1,E,FEMENINO,2,5040000
2025,6,23,19,1,E,MASCULINO,5,13272000
2025,6,23,20,1,A,FEMENINO,2,29800000
2025,6,23,20,1,A,MASCULINO,6,46000000
2025,6,23,20,1,B,FEMENINO,13,139300000
2025,6,23,20,1,B,MASCULINO,14,140500000
2025,6,23,20,1,C,FEMENINO,18,136500000
2025,6,23,20,1,C,MASCULINO,21,147300000
2025,6,23,20,1,D,FEMENINO,30,131000000
2025,6,23,20,1,D,MASCULINO,43,184800000
2025,6,23,20,1,E,FEMENINO,29,90379708
2025,6,23,20,1,E,MASCULINO,97,288657725
2025,6,23,20,1,F,FEMENINO,14,39176326
2025,6,23,20,1,F,MASCULINO,35,97940815
2025,6,23,20,1,G,MASCULINO,6,16789854
2025,6,23,22,1,A,FEMENINO,1,4800000
2025,6,23,22,1,A,MASCULINO,3,44400000
2025,6,23,22,1,B,FEMENINO,13,136400000
2025,6,23,22,1,B,MASCULINO,20,208300000
2025,6,23,22,1,C,FEMENINO,31,239500000
2025,6,23,22,1,C,MASCULINO,30,230400000
2025,6,23,22,1,D,FEMENINO,66,294400000
2025,6,23,22,1,D,MASCULINO,73,314888163
2025,6,23,22,1,E,FEMENINO,10,34594927
2025,6,23,22,1,E,MASCULINO,44,135269562
2025,6,23,22,1,F,FEMENINO,13,39688163
2025,6,23,22,1,F,MASCULINO,15,50391545
2025,6,23,22,1,G,FEMENINO,12,37788163
2025,6,23,22,1,G,MASCULINO,47,132927287
2025,6,23,24,1,A,FEMENINO,5,49308000
2025,6,23,24,1,A,MASCULINO,8,61839087
2025,6,23,24,1,B,FEMENINO,2,16135000
2025,6,23,24,1,B,MASCULINO,9,93084000
2025,6,23,24,1,C,FEMENINO,17,107309580
2025,6,23,24,1,C,MASCULINO,9,56617000
2025,6,23,24,1,D,FEMENINO,79,270313300
2025,6,23,24,1,D,MASCULINO,46,160188700
2025,6,23,24,1,E,FEMENINO,50,135144640
2025,6,23,24,1,E,MASCULINO,43,111876640
2025,6,23,24,1,F,FEMENINO,7,16965160
2025,6,23,24,1,F,MASCULINO,11,27633260
2025,6,23,24,1,G,FEMENINO,220,520272520
2025,6,23,24,1,G,MASCULINO,230,542347480
2025,6,23,25,1,A,FEMENINO,1,22000000
2025,6,23,25,1,B,FEMENINO,15,140216000
2025,6,23,25,1,B,MASCULINO,5,44256000
2025,6,23,25,1,C,FEMENINO,25,164262532
2025,6,23,25,1,C,MASCULINO,18,108567465
2025,6,23,25,1,D,FEMENINO,8,30348228
2025,6,23,25,1,D,MASCULINO,17,53341582
2025,6,23,25,1,E,FEMENINO,7,17495719
2025,6,23,25,1,E,MASCULINO,18,36410732
2025,6,23,26,1,A,FEMENINO,1,22000000
2025,6,23,26,1,B,MASCULINO,7,57359199
2025,6,23,26,1,C,FEMENINO,7,37040000
2025,6,23,26,1,C,MASCULINO,4,16128000
2025,6,23,26,1,D,FEMENINO,3,9156000
2025,6,23,26,1,D,MASCULINO,3,10752000
2025,6,23,26,1,E,FEMENINO,3,7558580
2025,6,23,26,1,E,MASCULINO,2,4870580
2025,6,23,27,1,B,FEMENINO,2,20720000
2025,6,23,27,1,B,MASCULINO,2,19880000
2025,6,23,27,1,C,FEMENINO,6,44184000
2025,6,23,27,1,C,MASCULINO,8,62132000
2025,6,23,27,1,D,FEMENINO,1,5628000
2025,6,23,27,1,F,MASCULINO,2,5544000
2025,6,23,28,1,A,MASCULINO,1,15000000
2025,6,23,28,1,B,FEMENINO,3,28200000
2025,6,23,28,1,B,MASCULINO,5,45000000
2025,6,23,28,1,C,MASCULINO,1,6000000
2025,6,23,28,1,D,FEMENINO,8,33600000
2025,6,23,28,1,D,MASCULINO,1,4116000
2025,6,23,29,1,A,FEMENINO,1,4032000
2025,6,23,29,1,B,FEMENINO,2,31518661
2025,6,23,29,1,B,MASCULINO,2,15532000
2025,6,23,29,1,C,FEMENINO,4,24528000
2025,6,23,29,1,C,MASCULINO,1,6132000
2025,6,23,29,1,D,FEMENINO,2,9912000
2025,6,23,29,1,D,MASCULINO,1,2940000
2025,6,23,29,1,E,FEMENINO,2,5376000
2025,6,23,29,1,E,MASCULINO,4,10752000
2025,6,23,30,1,A,MASCULINO,1,22000000
2025,6,23,30,1,B,FEMENINO,7,67712000
2025,6,23,30,1,B,MASCULINO,4,38696000
2025,6,23,30,1,C,FEMENINO,7,35280000
2025,6,23,30,1,C,MASCULINO,3,15120000
2025,6,23,30,1,D,FEMENINO,6,24862580
2025,6,23,30,1,D,MASCULINO,2,7392000
2025,6,23,30,1,G,FEMENINO,1,2350580
2025,6,23,30,1,G,MASCULINO,1,2350580
2025,6,23,31,1,A,MASCULINO,1,22000000
2025,6,23,31,1,B,FEMENINO,2,20400000
2025,6,23,31,1,B,MASCULINO,7,63200000
2025,6,23,31,1,C,FEMENINO,5,24864000
2025,6,23,31,1,C,MASCULINO,1,4872000
2025,6,23,31,1,D,FEMENINO,3,9324000
2025,6,23,31,1,D,MASCULINO,4,12264000
2025,6,23,32,1,A,MASCULINO,2,37000000
2025,6,23,32,1,B,FEMENINO,10,77448000
2025,6,23,32,1,B,MASCULINO,10,81984000
2025,6,23,32,1,C,FEMENINO,1,5040000
2025,6,23,32,1,C,MASCULINO,1,4378298
2025,6,23,33,1,B,FEMENINO,1,12000000
2025,6,23,33,1,B,MASCULINO,4,49800000
2025,6,23,33,1,C,FEMENINO,1,8000000
2025,6,23,33,1,C,MASCULINO,2,14040000
2025,6,23,33,1,D,FEMENINO,1,4500000
2025,6,23,33,1,E,MASCULINO,1,4000000
2025,6,23,33,1,G,FEMENINO,1,2798309
2025,6,23,33,1,L,FEMENINO,14,71918247
2025,6,23,33,1,L,MASCULINO,4,22036265
2025,6,23,33,1,Z,FEMENINO,91,456431780
2025,6,23,33,1,Z,MASCULINO,68,383005798
2025,6,23,34,1,B,FEMENINO,3,32756000
2025,6,23,34,1,B,MASCULINO,2,23176000
2025,6,23,34,1,C,FEMENINO,1,4200000
2025,6,23,34,1,D,FEMENINO,1,5880000
2025,6,23,34,1,D,MASCULINO,3,12264000
2025,6,23,34,1,E,FEMENINO,4,12600000
2025,6,23,34,1,E,MASCULINO,2,5038580
2025,6,23,34,1,G,FEMENINO,6,14107740
2025,6,23,34,1,G,MASCULINO,6,14106320
2025,6,23,34,1,L,FEMENINO,44,175829700
2025,6,23,34,1,L,MASCULINO,16,63460310
2025,6,23,34,1,Z,FEMENINO,117,691717529
2025,6,23,34,1,Z,MASCULINO,58,275184067
2025,6,23,35,1,A,MASCULINO,1,22000000
2025,6,23,35,1,B,FEMENINO,1,8568000
2025,6,23,35,1,B,MASCULINO,4,35904000
2025,6,23,35,1,C,MASCULINO,2,12706315
2025,6,23,36,1,A,MASCULINO,1,18480000
2025,6,23,36,1,B,FEMENINO,7,61992000
2025,6,23,36,1,B,MASCULINO,6,55392000
2025,6,23,36,1,C,FEMENINO,17,99960000
2025,6,23,36,1,C,MASCULINO,11,60648000
2025,6,23,36,1,D,FEMENINO,42,134145160
2025,6,23,36,1,D,MASCULINO,18,76438580
2025,6,23,36,1,E,FEMENINO,12,34522580
2025,6,23,36,1,E,MASCULINO,18,50143740
2025,6,23,36,1,F,FEMENINO,7,17635740
2025,6,23,36,1,F,MASCULINO,6,14272900
2025,6,23,36,1,G,FEMENINO,4,9993160
2025,6,23,36,1,G,MASCULINO,1,2436000
2025,6,23,37,1,B,FEMENINO,2,20400000
2025,6,23,37,1,B,MASCULINO,3,33400000
2025,6,23,38,1,2,FEMENINO,1,10584000
2025,6,23,38,1,2,MASCULINO,2,22764000
2025,6,23,38,1,A,FEMENINO,2,16682400
2025,6,23,38,1,A,MASCULINO,1,18480000
2025,6,23,38,1,B,FEMENINO,19,166298949
2025,6,23,38,1,B,MASCULINO,3,25704000
2025,6,23,38,1,C,FEMENINO,5,30360960
2025,6,23,38,1,C,MASCULINO,2,11027520
2025,6,23,38,1,D,FEMENINO,15,66649849
2025,6,23,38,1,D,MASCULINO,8,38504574
2025,6,23,38,1,E,FEMENINO,2,6951840
2025,6,23,38,1,E,MASCULINO,5,17989521
2025,6,23,38,1,F,FEMENINO,8,24484800
2025,6,23,38,1,F,MASCULINO,14,38930000
2025,6,23,38,1,G,FEMENINO,5,16128000
2025,6,23,38,1,G,MASCULINO,1,3300000
2025,6,23,38,1,S,FEMENINO,41,168428673
2025,6,23,38,1,S,MASCULINO,8,36628800
2025,6,23,39,1,A,MASCULINO,1,22000000
2025,6,23,39,1,B,FEMENINO,10,88956000
2025,6,23,39,1,B,MASCULINO,17,150091126
2025,6,23,39,1,C,FEMENINO,12,75597480
2025,6,23,39,1,C,MASCULINO,9,54830977
2025,6,23,39,1,D,FEMENINO,41,141383058
2025,6,23,39,1,D,MASCULINO,26,97655958
2025,6,23,39,1,E,FEMENINO,30,81982072
2025,6,23,39,1,E,MASCULINO,46,128108766
2025,6,23,39,1,F,FEMENINO,10,25950320
2025,6,23,39,1,F,MASCULINO,16,39294960
2025,6,23,39,1,G,FEMENINO,1,2350580
2025,6,23,39,1,G,MASCULINO,2,5208000
2025,6,23,40,1,A,FEMENINO,150,1407924000
2025,6,23,40,1,A,MASCULINO,421,4003196769
2025,6,23,40,1,B,MASCULINO,1,13000000
2025,6,23,40,1,C,FEMENINO,28,226548000
2025,6,23,40,1,C,MASCULINO,96,861588000
2025,6,23,40,1,D,FEMENINO,359,2285486708
2025,6,23,40,1,D,MASCULINO,468,3134217529
2025,6,23,40,1,E,FEMENINO,48,252480000
2025,6,23,40,1,E,MASCULINO,157,836063333
2025,6,23,40,1,G,MASCULINO,2,37720000
2025,6,23,40,1,H,FEMENINO,1,2350580
2025,6,24,1,1,D,FEMENINO,980,2776712393
2025,6,24,1,1,D,MASCULINO,976,2784717107
2025,6,24,1,1,F,FEMENINO,135,517317491
2025,6,24,1,1,F,MASCULINO,209,794742962
2025,6,24,1,1,G,FEMENINO,403,2133505241
2025,6,24,1,1,G,MASCULINO,344,1828813592
2025,6,24,1,1,H,FEMENINO,182,1289512444
2025,6,24,1,1,H,MASCULINO,187,1281479300
2025,6,24,1,1,I,FEMENINO,233,2123903830
2025,6,24,1,1,I,MASCULINO,219,2017416017
2025,6,24,1,1,S,FEMENINO,6203,32270130298
2025,6,24,1,1,S,MASCULINO,2582,15383524035
2025,6,24,2,1,B,FEMENINO,2,14040000
2025,6,24,2,1,C,FEMENINO,1,6000000
2025,6,24,2,1,E,MASCULINO,3,11600000
2025,6,24,2,1,S,MASCULINO,2,10800000
2025,6,24,4,1,C,FEMENINO,50,187809284
2025,6,24,4,1,C,MASCULINO,61,242765252
2025,6,24,5,1,A,MASCULINO,1,6660000
2025,6,24,5,1,B,FEMENINO,5,38790000
2025,6,24,5,1,B,MASCULINO,5,39870000
2025,6,24,5,1,C,FEMENINO,8,40320000
2025,6,24,5,1,C,MASCULINO,2,11880000
2025,6,24,5,1,D,FEMENINO,11,41850000
2025,6,24,5,1,D,MASCULINO,11,39778479
2025,6,24,5,1,E,FEMENINO,1,2434529
2025,6,24,5,1,E,MASCULINO,12,32389353
2025,6,24,5,1,F,FEMENINO,15,38257471
2025,6,24,5,1,F,MASCULINO,12,32575437
2025,6,24,5,1,G,FEMENINO,26,63576405
2025,6,24,5,1,G,MASCULINO,22,54655795
2025,6,24,5,1,X,FEMENINO,1,3150000
2025,6,25,2,1,A,FEMENINO,497,2653830873
2025,6,25,2,1,A,MASCULINO,456,2515361387
2025,6,25,2,1,O,FEMENINO,136,563973432
2025,6,25,2,1,O,MASCULINO,1996,9556308127
2025,6,25,2,1,P,FEMENINO,191,2097460244
2025,6,25,2,1,P,MASCULINO,422,4827371641
2025,6,25,2,1,T,FEMENINO,51,328149823
2025,6,25,2,1,T,MASCULINO,470,3080621614
2025,6,25,4,1,1,FEMENINO,5,14739790
2025,6,25,4,1,1,MASCULINO,11,29455741
2025,6,25,4,1,E,FEMENINO,16,39225001
2025,6,25,4,1,E,MASCULINO,26,60782810
2025,6,25,4,1,G,FEMENINO,18,40008821
2025,6,25,4,1,G,MASCULINO,54,113149552
2025,6,25,4,1,H,FEMENINO,167,268403721
2025,6,25,4,1,H,MASCULINO,482,749247333
2025,6,25,4,1,I,FEMENINO,3,4106448
2025,6,25,4,1,I,MASCULINO,6,8259387
2025,6,25,4,1,J,FEMENINO,2,5848188
2025,6,25,4,1,J,MASCULINO,3,7477899
2025,6,25,4,1,K,FEMENINO,50,139443550
2025,6,25,4,1,K,MASCULINO,98,263102195
2025,6,25,4,1,R,FEMENINO,28,146406171
2025,6,25,4,1,R,MASCULINO,64,324324590
2025,6,25,5,1,A,FEMENINO,7,44595000
2025,6,25,5,1,A,MASCULINO,10,74823313
2025,6,25,5,1,B,FEMENINO,34,316014848
2025,6,25,5,1,B,MASCULINO,52,488533603
2025,6,25,5,1,C,FEMENINO,90,567682379
2025,6,25,5,1,C,MASCULINO,134,854991408
2025,6,25,5,1,D,FEMENINO,147,579518728
2025,6,25,5,1,D,MASCULINO,212,855863644
2025,6,25,5,1,E,FEMENINO,245,809379353
2025,6,25,5,1,E,MASCULINO,510,1688241822
2025,6,25,6,1,1,FEMENINO,9,38149800
2025,6,25,6,1,1,MASCULINO,9,32480118
2025,6,25,6,1,2,FEMENINO,4,22093700
2025,6,25,6,1,2,MASCULINO,6,34615600
2025,6,25,6,1,E,FEMENINO,1,3200000
2025,6,25,6,1,F,FEMENINO,1,2798309
2025,6,25,6,1,F,MASCULINO,14,39176326
2025,6,25,6,1,G,FEMENINO,7,30410700
2025,6,25,6,1,G,MASCULINO,24,84823936
2025,6,25,6,1,H,FEMENINO,10,31880509
2025,6,25,6,1,H,MASCULINO,50,154475990
2025,6,25,6,1,I,FEMENINO,12,35975418
2025,6,25,6,1,I,MASCULINO,96,292533426
2025,6,25,6,1,J,FEMENINO,4,12422627
2025,6,25,6,1,J,MASCULINO,22,68456435
2025,6,25,6,1,K,FEMENINO,48,210311800
2025,6,25,6,1,K,MASCULINO,144,603677227
2025,6,25,6,1,R,FEMENINO,18,129212100
2025,6,25,6,1,R,MASCULINO,49,354240918
2025,6,25,7,1,2,FEMENINO,4,45532000
2025,6,25,7,1,2,MASCULINO,12,136596000
2025,6,25,7,1,G,FEMENINO,99,596765937
2025,6,25,7,1,G,MASCULINO,468,2554428331
2025,6,25,7,1,S,MASCULINO,1,6130000
2025,6,25,7,1,X,FEMENINO,7,38701909
2025,6,25,7,1,X,MASCULINO,49,253404141
2025,6,27,1,1,B,FEMENINO,597,4838294540
2025,6,27,1,1,B,MASCULINO,834,7724537840
2025,6,27,3,1,A,MASCULINO,2,21250000
2025,6,27,3,1,B,FEMENINO,14,114400000
2025,6,27,3,1,B,MASCULINO,51,424800000
2025,6,27,3,1,C,FEMENINO,27,184100000
2025,6,27,3,1,C,MASCULINO,36,239500000
2025,6,27,3,1,D,FEMENINO,75,365300000
2025,6,27,3,1,D,MASCULINO,178,878000000
2025,6,27,3,1,E,FEMENINO,1,2800000
2025,6,27,3,1,E,MASCULINO,3,9400000
2025,6,27,5,1,H,FEMENINO,2,5092922
2025,6,27,7,1,A,FEMENINO,55,502640000
2025,6,27,7,1,A,MASCULINO,50,582347000
2025,6,28,1,1,4,FEMENINO,156,935885186
2025,6,28,1,1,4,MASCULINO,113,676667665
2025,6,28,1,1,B,MASCULINO,3,7499469
2025,6,28,1,1,C,FEMENINO,77,215469793
2025,6,28,1,1,C,MASCULINO,72,207979939
2025,6,28,1,1,D,FEMENINO,16,41079177
2025,6,28,1,1,D,MASCULINO,18,50369562
2025,6,28,1,1,E,FEMENINO,1,2798309
2025,6,28,1,1,E,MASCULINO,4,11193236
2025,6,28,1,1,F,FEMENINO,31,86747579
2025,6,28,1,1,F,MASCULINO,82,229461338
2025,6,28,1,1,G,FEMENINO,81,283500800
2025,6,28,1,1,G,MASCULINO,111,363647044
2025,6,28,1,1,H,FEMENINO,182,693183700
2025,6,28,1,1,H,MASCULINO,307,1191628465
2025,6,28,1,1,I,FEMENINO,3,9426600
2025,6,28,1,1,I,MASCULINO,3,9426600
2025,6,28,1,1,K,FEMENINO,929,3971641213
2025,6,28,1,1,K,MASCULINO,1037,4368825536
2025,6,28,1,1,L,FEMENINO,2818,8653885038
2025,6,28,1,1,L,MASCULINO,2886,10433767509
2025,6,28,1,1,R,FEMENINO,546,3000237202
2025,6,28,1,1,R,MASCULINO,382,2116932018
2025,6,28,1,1,S,FEMENINO,1694,9547970000
2025,6,28,1,1,S,MASCULINO,525,2582140000
2025,6,28,1,1,U,FEMENINO,2320,12506615165
2025,6,28,1,1,U,MASCULINO,1932,11253385416
2025,6,28,1,1,Z,FEMENINO,153,435432726
2025,6,28,1,1,Z,MASCULINO,148,361136460
2025,6,28,2,1,C,FEMENINO,33,74988785
2025,6,28,2,1,C,MASCULINO,34,74057119
2025,6,28,2,1,D,FEMENINO,22,49672181
2025,6,28,2,1,D,MASCULINO,18,39538250
2025,6,28,2,1,E,FEMENINO,40,86780265
2025,6,28,2,1,E,MASCULINO,24,56344340
2025,6,28,2,1,F,FEMENINO,48,103754016
2025,6,28,2,1,F,MASCULINO,22,50246016
2025,6,28,2,1,G,FEMENINO,33,87377441
2025,6,28,2,1,G,MASCULINO,25,75016961
2025,6,28,2,1,H,FEMENINO,12,28373899
2025,6,28,2,1,H,MASCULINO,8,18804639
2025,6,28,2,1,K,FEMENINO,25,87087039
2025,6,28,2,1,K,MASCULINO,31,119880812
2025,6,28,2,1,L,FEMENINO,18,34815892
2025,6,28,2,1,L,MASCULINO,8,15517422
2025,6,28,2,1,S,FEMENINO,16,80821598
2025,6,28,2,1,S,MASCULINO,2,6985440
2025,6,28,2,1,U,FEMENINO,750,2612222673
2025,6,28,2,1,U,MASCULINO,636,2661969270
2025,6,28,2,1,Z,FEMENINO,2,2268000
2025,6,28,2,1,Z,MASCULINO,1,1134000
2025,6,28,3,1,1,MASCULINO,2,4794727
2025,6,28,3,1,D,FEMENINO,9,21155220
2025,6,28,3,1,D,MASCULINO,7,16454060
2025,6,28,3,1,E,FEMENINO,9,21155220
2025,6,28,3,1,E,MASCULINO,6,13337176
2025,6,28,3,1,F,FEMENINO,8,18804640
2025,6,28,3,1,F,MASCULINO,10,23505800
2025,6,28,3,1,G,FEMENINO,23,64187255
2025,6,28,3,1,G,MASCULINO,24,64274831
2025,6,28,3,1,K,FEMENINO,15,64798633
2025,6,28,3,1,K,MASCULINO,10,39412441
2025,6,28,3,1,R,FEMENINO,8,42858000
2025,6,28,3,1,R,MASCULINO,12,62544058
2025,6,28,3,1,U,FEMENINO,406,1364137120
2025,6,28,3,1,U,MASCULINO,270,983237958
2025,6,28,4,1,C,FEMENINO,7,16454060
2025,6,28,4,1,C,MASCULINO,4,9402320
2025,6,28,4,1,E,FEMENINO,9,21826550
2025,6,28,4,1,E,MASCULINO,14,33025188
2025,6,28,4,1,F,FEMENINO,5,12073772
2025,6,28,4,1,F,MASCULINO,2,4760590
2025,6,28,4,1,G,FEMENINO,22,67512220
2025,6,28,4,1,G,MASCULINO,11,33763380
2025,6,28,4,1,H,FEMENINO,29,69754734
2025,6,28,4,1,H,MASCULINO,23,54655629
2025,6,28,4,1,K,FEMENINO,84,267815419
2025,6,28,4,1,K,MASCULINO,49,149370603
2025,6,28,4,1,L,FEMENINO,467,1311045952
2025,6,28,4,1,L,MASCULINO,311,963815500
2025,6,28,4,1,R,FEMENINO,10,51744000
2025,6,28,4,1,R,MASCULINO,3,15523200
2025,6,28,4,1,S,MASCULINO,1,230244
2025,6,28,4,1,U,FEMENINO,143,424541661
2025,6,28,4,1,U,MASCULINO,71,229749566
2025,6,28,5,1,C,FEMENINO,6,16789854
2025,6,28,5,1,C,MASCULINO,1,2798309
2025,6,28,5,1,E,FEMENINO,34,97940815
2025,6,28,5,1,E,MASCULINO,40,111932360
2025,6,28,5,1,F,FEMENINO,11,23520014
2025,6,28,5,1,F,MASCULINO,7,12834258
2025,6,28,5,1,G,FEMENINO,37,95233024
2025,6,28,5,1,G,MASCULINO,27,78648813
2025,6,28,5,1,H,FEMENINO,1,1904952
2025,6,28,5,1,H,MASCULINO,3,6802404
2025,6,28,5,1,K,FEMENINO,18,65095000
2025,6,28,5,1,K,MASCULINO,17,67289200
2025,6,28,5,1,L,FEMENINO,202,558299843
2025,6,28,5,1,L,MASCULINO,231,852881130
2025,6,28,5,1,N,FEMENINO,6,12209083
2025,6,28,5,1,N,MASCULINO,14,27915010
2025,6,28,5,1,R,FEMENINO,2,9944000
2025,6,28,5,1,R,MASCULINO,1,4224000
2025,6,28,5,1,U,FEMENINO,36,98559214
2025,6,28,5,1,U,MASCULINO,43,189904931
2025,6,28,6,1,0,FEMENINO,4,0
2025,6,28,6,1,0,MASCULINO,4,0
2025,6,28,6,1,D,FEMENINO,5,11752900
2025,6,28,6,1,D,MASCULINO,1,2350580
2025,6,28,6,1,E,FEMENINO,23,54063340
2025,6,28,6,1,E,MASCULINO,17,39959860
2025,6,28,6,1,F,FEMENINO,37,86971460
2025,6,28,6,1,F,MASCULINO,25,58764500
2025,6,28,6,1,G,FEMENINO,55,175717172
2025,6,28,6,1,G,MASCULINO,46,154017368
2025,6,28,6,1,H,FEMENINO,1,2454816
2025,6,28,6,1,K,FEMENINO,5,23938992
2025,6,28,6,1,K,MASCULINO,4,19094040
2025,6,28,6,1,L,FEMENINO,714,1020614151
2025,6,28,6,1,L,MASCULINO,498,803642733
2025,6,28,6,1,U,FEMENINO,169,480276045
2025,6,28,6,1,U,MASCULINO,119,372065804
2025,6,28,7,1,2,FEMENINO,3,10903788
2025,6,28,7,1,2,MASCULINO,1,3634596
2025,6,28,7,1,C,MASCULINO,3,1863900
2025,6,28,7,1,D,FEMENINO,12,28295957
2025,6,28,7,1,D,MASCULINO,9,21043286
2025,6,28,7,1,E,FEMENINO,25,58355363
2025,6,28,7,1,E,MASCULINO,15,35258698
2025,6,28,7,1,F,FEMENINO,34,78579983
2025,6,28,7,1,F,MASCULINO,24,55984131
2025,6,28,7,1,G,FEMENINO,71,204265482
2025,6,28,7,1,G,MASCULINO,48,137015078
2025,6,28,7,1,H,FEMENINO,9,20819421
2025,6,28,7,1,H,MASCULINO,8,18692707
2025,6,28,7,1,I,FEMENINO,6,34963664
2025,6,28,7,1,I,MASCULINO,2,4701160
2025,6,28,7,1,K,FEMENINO,47,161937756
2025,6,28,7,1,K,MASCULINO,32,120951336
2025,6,28,7,1,L,FEMENINO,231,276205699
2025,6,28,7,1,L,MASCULINO,226,271394127
2025,6,28,7,1,S,MASCULINO,1,2909928
2025,6,28,7,1,U,FEMENINO,344,951479387
2025,6,28,7,1,U,MASCULINO,394,1224014052
2025,6,28,8,1,E,FEMENINO,6,14103479
2025,6,28,8,1,E,MASCULINO,8,18804639
2025,6,28,8,1,F,FEMENINO,4,9402319
2025,6,28,8,1,G,FEMENINO,24,76315176
2025,6,28,8,1,G,MASCULINO,17,55221096
2025,6,28,8,1,K,FEMENINO,4,13964664
2025,6,28,8,1,K,MASCULINO,2,9220680
2025,6,28,8,1,R,FEMENINO,14,67267200
2025,6,28,8,1,R,MASCULINO,14,70589400
2025,6,28,8,1,U,FEMENINO,13,74027070
2025,6,28,8,1,U,MASCULINO,11,71766031
2025,6,28,9,1,4,MASCULINO,1,6060300
2025,6,28,9,1,K,FEMENINO,1,6060300
2025,6,28,9,1,L,MASCULINO,2,12264000
2025,6,28,9,1,R,FEMENINO,13,89484200
2025,6,28,9,1,R,MASCULINO,6,38731800
2025,6,28,9,1,U,MASCULINO,5,35376415
2025,6,28,10,1,D,FEMENINO,12,28206960
2025,6,28,10,1,D,MASCULINO,3,7051740
2025,6,28,10,1,E,FEMENINO,11,25856380
2025,6,28,10,1,E,MASCULINO,11,25856380
2025,6,28,10,1,G,FEMENINO,13,35361068
2025,6,28,10,1,G,MASCULINO,3,8848728
2025,6,28,10,1,K,FEMENINO,1,3462900
2025,6,28,10,1,U,FEMENINO,117,234949448
2025,6,28,10,1,U,MASCULINO,93,252325599
2025,6,30,1,2,M,FEMENINO,15,43051681
2025,6,30,1,2,M,MASCULINO,30,88854000
2025,6,30,1,3,M,MASCULINO,1,5000000
2025,6,30,1,4,M,FEMENINO,5,13097250
2025,6,30,1,4,M,MASCULINO,4,17750000
2025,6,30,1,5,M,FEMENINO,3,9540000
2025,6,30,1,5,M,MASCULINO,4,13930000
2025,6,30,1,6,M,FEMENINO,9,30010130
2025,6,30,1,6,M,MASCULINO,7,16744000
2025,6,30,1,237,M,MASCULINO,2,6350000
2025,6,30,1,238,M,MASCULINO,5,29300000
2025,6,30,1,241,M,FEMENINO,1,5000000
2025,6,30,1,241,M,MASCULINO,2,3500000
2025,6,30,1,249,A,MASCULINO,1,9800000
2025,6,30,1,249,M,FEMENINO,1,1080000
2025,6,30,1,257,M,FEMENINO,6,12480519
2025,6,30,1,257,M,MASCULINO,4,4800000
2025,6,30,1,263,M,MASCULINO,4,17400000
2025,6,30,1,524,M,FEMENINO,2,9300000
2025,6,30,1,524,M,MASCULINO,1,2500000
2025,6,30,2,8,M,FEMENINO,2,4500000
2025,6,30,2,8,M,MASCULINO,4,31790911
2025,6,30,2,10,M,FEMENINO,6,15361500
2025,6,30,2,10,M,MASCULINO,8,29485000
2025,6,30,2,11,M,FEMENINO,4,6839000
2025,6,30,2,11,M,MASCULINO,11,23596000
2025,6,30,2,12,M,FEMENINO,3,8200500
2025,6,30,2,12,M,MASCULINO,7,27864800
2025,6,30,2,13,C,MASCULINO,1,7810000
2025,6,30,2,13,E,FEMENINO,3,5985000
2025,6,30,2,13,E,MASCULINO,1,1710000
2025,6,30,2,14,M,FEMENINO,1,5000000
2025,6,30,2,14,M,MASCULINO,2,2700000
2025,6,30,2,15,M,FEMENINO,7,13590000
2025,6,30,2,15,M,MASCULINO,12,41475000
2025,6,30,2,16,M,MASCULINO,1,3600000
2025,6,30,2,17,M,FEMENINO,2,3200000
2025,6,30,2,17,M,MASCULINO,1,3500000
2025,6,30,2,18,M,FEMENINO,1,2520000
2025,6,30,2,18,M,MASCULINO,3,10931496
2025,6,30,2,19,M,FEMENINO,3,3850000
2025,6,30,2,19,M,MASCULINO,3,5350000
2025,6,30,2,20,M,MASCULINO,4,7800000
2025,6,30,2,22,M,FEMENINO,2,10000000
2025,6,30,2,22,M,MASCULINO,2,4500000
2025,6,30,2,23,M,FEMENINO,2,2234500
2025,6,30,2,23,M,MASCULINO,2,5062650
2025,6,30,2,24,M,MASCULINO,1,15415400
2025,6,30,2,25,M,MASCULINO,4,15114328
2025,6,30,2,26,M,FEMENINO,3,34500000
2025,6,30,2,26,M,MASCULINO,5,14670000
2025,6,30,2,239,M,FEMENINO,1,2250000
2025,6,30,2,239,M,MASCULINO,4,15288300
2025,6,30,2,260,M,FEMENINO,1,3800000
2025,6,30,2,260,M,MASCULINO,5,13400000
2025,6,30,3,27,M,FEMENINO,22,84160000
2025,6,30,3,27,M,MASCULINO,23,73729450
2025,6,30,3,28,M,FEMENINO,2,4242250
2025,6,30,3,28,M,MASCULINO,8,31934550
2025,6,30,3,29,M,FEMENINO,2,5400000
2025,6,30,3,29,M,MASCULINO,6,10480000
2025,6,30,3,30,M,FEMENINO,3,7700000
2025,6,30,3,30,M,MASCULINO,2,14550000
2025,6,30,3,31,M,FEMENINO,9,20700000
2025,6,30,3,31,M,MASCULINO,7,27400000
2025,6,30,3,32,0,FEMENINO,11,28600000
2025,6,30,3,32,0,MASCULINO,6,29400000
2025,6,30,3,33,M,FEMENINO,7,26120086
2025,6,30,3,33,M,MASCULINO,13,61834461
2025,6,30,3,34,M,FEMENINO,3,6750000
2025,6,30,3,34,M,MASCULINO,1,1800000
2025,6,30,3,35,M,FEMENINO,3,5000000
2025,6,30,3,35,M,MASCULINO,3,19208280
2025,6,30,3,37,M,MASCULINO,1,6716666
2025,6,30,3,38,M,FEMENINO,1,2160000
2025,6,30,3,38,M,MASCULINO,2,0
2025,6,30,3,39,M,FEMENINO,4,12660000
2025,6,30,3,39,M,MASCULINO,1,2565000
2025,6,30,3,40,C,FEMENINO,1,1550000
2025,6,30,3,40,M,FEMENINO,14,28150000
2025,6,30,3,40,M,MASCULINO,10,36230000
2025,6,30,3,42,M,FEMENINO,20,56984997
2025,6,30,3,42,M,MASCULINO,20,89663088
2025,6,30,3,43,M,MASCULINO,6,16664400
2025,6,30,3,44,M,FEMENINO,3,9500000
2025,6,30,3,44,M,MASCULINO,3,20500000
2025,6,30,3,45,M,FEMENINO,9,17540000
2025,6,30,3,45,M,MASCULINO,3,3195000
2025,6,30,3,46,0,MASCULINO,2,7975000
2025,6,30,4,47,M,FEMENINO,56,151352789
2025,6,30,4,47,M,MASCULINO,40,113153398
2025,6,30,4,48,M,FEMENINO,2,3430000
2025,6,30,4,48,M,MASCULINO,1,3600000
2025,6,30,4,49,M,FEMENINO,3,4100000
2025,6,30,4,49,M,MASCULINO,4,10700000
2025,6,30,4,50,M,MASCULINO,2,6200000
2025,6,30,4,51,M,MASCULINO,2,4000000
2025,6,30,4,53,M,FEMENINO,1,1400000
2025,6,30,4,53,M,MASCULINO,4,23000000
2025,6,30,4,54,M,FEMENINO,1,0
2025,6,30,4,54,M,MASCULINO,2,0
2025,6,30,4,55,M,FEMENINO,4,6530000
2025,6,30,4,55,M,MASCULINO,4,5830000
2025,6,30,4,56,M,FEMENINO,1,1530000
2025,6,30,4,56,M,MASCULINO,1,2000000
2025,6,30,4,57,M,FEMENINO,2,5000000
2025,6,30,4,57,M,MASCULINO,2,3800000
2025,6,30,4,58,M,MASCULINO,2,3000000
2025,6,30,4,59,M,FEMENINO,1,700000
2025,6,30,4,59,M,MASCULINO,1,600000
2025,6,30,4,60,M,FEMENINO,1,1000000
2025,6,30,4,60,M,MASCULINO,1,2000000
2025,6,30,4,61,M,FEMENINO,5,9920000
2025,6,30,4,62,M,FEMENINO,1,1022222
2025,6,30,4,62,M,MASCULINO,2,2139000
2025,6,30,4,63,M,MASCULINO,2,8205752
2025,6,30,4,234,M,FEMENINO,5,11475000
2025,6,30,4,234,M,MASCULINO,2,14200000
2025,6,30,5,64,M,FEMENINO,35,107497020
2025,6,30,5,64,M,MASCULINO,78,246221856
2025,6,30,5,65,A,FEMENINO,1,4800000
2025,6,30,5,65,A,MASCULINO,2,18770000
2025,6,30,5,65,B,FEMENINO,2,6600000
2025,6,30,5,65,B,MASCULINO,5,17300000
2025,6,30,5,65,C,FEMENINO,2,6900000
2025,6,30,5,65,C,MASCULINO,6,21200000
2025,6,30,5,65,D,FEMENINO,2,7600000
2025,6,30,5,65,D,MASCULINO,2,6850000
2025,6,30,5,65,E,FEMENINO,1,3000000
2025,6,30,5,65,E,MASCULINO,2,5200000
2025,6,30,5,65,G,FEMENINO,3,9800000
2025,6,30,5,65,G,MASCULINO,7,21700000
2025,6,30,5,66,M,FEMENINO,1,1530000
2025,6,30,5,66,M,MASCULINO,3,12550000
2025,6,30,5,67,M,FEMENINO,1,1080000
2025,6,30,5,67,M,MASCULINO,2,4770000
2025,6,30,5,68,M,FEMENINO,2,3530000
2025,6,30,5,68,M,MASCULINO,2,4800000
2025,6,30,5,69,M,FEMENINO,6,11899200
2025,6,30,5,69,M,MASCULINO,13,35887600
2025,6,30,5,70,M,FEMENINO,2,4500000
2025,6,30,5,70,M,MASCULINO,4,19430000
2025,6,30,5,71,M,FEMENINO,1,1190000
2025,6,30,5,71,M,MASCULINO,1,4050000
2025,6,30,5,72,A,MASCULINO,1,5710000
2025,6,30,5,72,D,MASCULINO,1,3150000
2025,6,30,5,72,F,MASCULINO,2,4086000
2025,6,30,5,73,0,FEMENINO,3,4905000
2025,6,30,5,73,0,MASCULINO,9,22500000
2025,6,30,5,74,M,FEMENINO,4,6991667
2025,6,30,5,74,M,MASCULINO,3,5850000
2025,6,30,5,76,M,MASCULINO,3,4800000
2025,6,30,5,77,M,FEMENINO,3,5765000
2025,6,30,5,77,M,MASCULINO,4,26205000
2025,6,30,5,78,M,FEMENINO,7,9495000
2025,6,30,5,78,M,MASCULINO,4,5445000
2025,6,30,5,79,M,FEMENINO,3,7000000
2025,6,30,5,79,M,MASCULINO,10,37700000
2025,6,30,5,81,M,FEMENINO,2,2860000
2025,6,30,5,81,M,MASCULINO,1,980000
2025,6,30,5,82,M,MASCULINO,3,7790000
2025,6,30,5,83,M,FEMENINO,1,990000
2025,6,30,5,83,M,MASCULINO,2,9750000
2025,6,30,5,233,M,FEMENINO,1,1120000
2025,6,30,5,233,M,MASCULINO,14,26490000
2025,6,30,5,243,M,MASCULINO,3,18800000
2025,6,30,6,84,M,FEMENINO,8,15900000
2025,6,30,6,84,M,MASCULINO,12,38450000
2025,6,30,6,85,M,MASCULINO,4,20200000
2025,6,30,6,86,M,FEMENINO,3,0
2025,6,30,6,86,M,MASCULINO,4,0
2025,6,30,6,87,M,MASCULINO,2,5500000
2025,6,30,6,88,M,MASCULINO,5,10200000
2025,6,30,6,89,M,FEMENINO,3,7560000
2025,6,30,6,89,M,MASCULINO,2,5250000
2025,6,30,6,90,M,FEMENINO,4,6500000
2025,6,30,6,90,M,MASCULINO,7,22500000
2025,6,30,6,91,1,MASCULINO,2,6000000
2025,6,30,6,92,0,FEMENINO,3,12775000
2025,6,30,6,92,0,MASCULINO,3,6800000
2025,6,30,6,93,M,FEMENINO,8,12880000
2025,6,30,6,93,M,MASCULINO,13,26016000
2025,6,30,7,94,M,FEMENINO,67,156665629
2025,6,30,7,94,M,MASCULINO,137,359528140
2025,6,30,7,95,M,FEMENINO,4,8369628
2025,6,30,7,95,M,MASCULINO,9,46607091
2025,6,30,7,96,0,FEMENINO,6,32400000
2025,6,30,7,96,0,MASCULINO,14,85700000
2025,6,30,7,97,M,FEMENINO,5,10517850
2025,6,30,7,97,M,MASCULINO,11,31166738
2025,6,30,7,98,M,FEMENINO,7,18125000
2025,6,30,7,98,M,MASCULINO,5,31575000
2025,6,30,7,99,M,FEMENINO,4,8000000
2025,6,30,7,99,M,MASCULINO,3,13500000
2025,6,30,7,100,M,FEMENINO,8,21050000
2025,6,30,7,100,M,MASCULINO,2,11600000
2025,6,30,7,101,M,FEMENINO,5,12140000
2025,6,30,7,101,M,MASCULINO,12,43420000
2025,6,30,7,102,M,FEMENINO,1,4300000
2025,6,30,7,102,M,MASCULINO,8,26563000
2025,6,30,7,103,M,FEMENINO,7,14949500
2025,6,30,7,103,M,MASCULINO,5,15626000
2025,6,30,7,104,M,FEMENINO,10,34687910
2025,6,30,7,104,M,MASCULINO,10,39800591
2025,6,30,7,105,M,FEMENINO,5,7750000
2025,6,30,7,105,M,MASCULINO,3,8250000
2025,6,30,7,106,M,FEMENINO,1,1350000
2025,6,30,7,106,M,MASCULINO,4,8140000
2025,6,30,7,107,M,FEMENINO,8,30760000
2025,6,30,7,107,M,MASCULINO,7,35036309
2025,6,30,7,108,M,FEMENINO,5,8300000
2025,6,30,7,108,M,MASCULINO,3,9400000
2025,6,30,7,109,M,MASCULINO,2,5607000
2025,6,30,7,110,M,FEMENINO,8,29360000
2025,6,30,7,110,M,MASCULINO,9,42400000
2025,6,30,7,111,M,FEMENINO,1,2340000
2025,6,30,7,111,M,MASCULINO,1,3550000
2025,6,30,7,112,M,FEMENINO,1,2970000
2025,6,30,7,112,M,MASCULINO,5,17940000
2025,6,30,7,113,M,FEMENINO,2,4800000
2025,6,30,7,113,M,MASCULINO,7,29690000
2025,6,30,7,114,M,MASCULINO,8,46800000
2025,6,30,7,115,M,FEMENINO,8,31000000
2025,6,30,7,115,M,MASCULINO,3,12500000
2025,6,30,7,116,M,FEMENINO,5,8530000
2025,6,30,7,116,M,MASCULINO,2,14355455
2025,6,30,7,117,M,FEMENINO,6,27700000
2025,6,30,7,117,M,MASCULINO,13,64300000
2025,6,30,7,118,M,FEMENINO,1,1200000
2025,6,30,7,118,M,MASCULINO,6,19400000
2025,6,30,7,119,M,FEMENINO,4,18753938
2025,6,30,7,119,M,MASCULINO,2,8215687
2025,6,30,7,120,M,FEMENINO,3,7500000
2025,6,30,7,120,M,MASCULINO,2,14150000
2025,6,30,7,121,M,FEMENINO,1,4050000
2025,6,30,7,121,M,MASCULINO,3,27211818
2025,6,30,7,122,B,MASCULINO,1,5885000
2025,6,30,7,122,C,FEMENINO,1,3600000
2025,6,30,7,122,D,FEMENINO,1,3917700
2025,6,30,7,122,E,FEMENINO,2,6526800
2025,6,30,7,122,E,MASCULINO,4,11825100
2025,6,30,7,122,S,MASCULINO,1,9970455
2025,6,30,7,123,M,FEMENINO,7,16007000
2025,6,30,7,123,M,MASCULINO,5,19733500
2025,6,30,8,124,M,FEMENINO,8,14040000
2025,6,30,8,124,M,MASCULINO,10,24125000
2025,6,30,8,126,M,FEMENINO,12,62150000
2025,6,30,8,126,M,MASCULINO,19,73700000
2025,6,30,8,127,M,FEMENINO,8,15430000
2025,6,30,8,127,M,MASCULINO,6,10711667
2025,6,30,8,129,M,FEMENINO,3,5337000
2025,6,30,8,129,M,MASCULINO,4,2495000
2025,6,30,8,130,M,FEMENINO,3,9270000
2025,6,30,8,130,M,MASCULINO,4,21460000
2025,6,30,8,131,M,FEMENINO,3,6150000
2025,6,30,8,131,M,MASCULINO,3,13200000
2025,6,30,8,132,M,FEMENINO,1,1500000
2025,6,30,8,132,M,MASCULINO,4,7700000
2025,6,30,8,133,M,FEMENINO,1,1100000
2025,6,30,8,133,M,MASCULINO,3,5050000
2025,6,30,9,134,M,FEMENINO,11,25522363
2025,6,30,9,134,M,MASCULINO,19,61706731
2025,6,30,9,135,M,FEMENINO,1,3300000
2025,6,30,9,135,M,MASCULINO,2,10720000
2025,6,30,9,136,M,FEMENINO,9,14678899
2025,6,30,9,136,M,MASCULINO,10,25128334
2025,6,30,9,137,P,MASCULINO,3,6882727
2025,6,30,9,138,M,FEMENINO,10,24305000
2025,6,30,9,138,M,MASCULINO,15,50980000
2025,6,30,9,139,M,FEMENINO,12,15869431
2025,6,30,9,139,M,MASCULINO,3,4130000
2025,6,30,9,140,M,MASCULINO,4,14100000
2025,6,30,9,141,M,FEMENINO,3,2800000
2025,6,30,9,141,M,MASCULINO,4,2440000
2025,6,30,9,142,M,FEMENINO,5,20920000
2025,6,30,9,142,M,MASCULINO,1,1500000
2025,6,30,9,143,A,FEMENINO,1,10000000
2025,6,30,9,143,B,MASCULINO,1,2250000
2025,6,30,9,143,C,FEMENINO,2,4130000
2025,6,30,9,143,C,MASCULINO,3,6750000
2025,6,30,9,143,G,FEMENINO,3,6075277
2025,6,30,9,143,G,MASCULINO,5,7446364
2025,6,30,9,144,M,FEMENINO,1,2800000
2025,6,30,9,144,M,MASCULINO,1,2000000
2025,6,30,9,145,M,FEMENINO,1,500000
2025,6,30,9,145,M,MASCULINO,4,9750000
2025,6,30,9,146,M,FEMENINO,1,1800000
2025,6,30,9,146,M,MASCULINO,5,9880000
2025,6,30,9,147,M,FEMENINO,1,1500000
2025,6,30,9,147,M,MASCULINO,2,5500000
2025,6,30,9,148,M,FEMENINO,5,10100000
2025,6,30,9,148,M,MASCULINO,10,25800000
2025,6,30,9,149,M,FEMENINO,3,12000000
2025,6,30,9,149,M,MASCULINO,5,17000000
2025,6,30,9,150,M,MASCULINO,1,5554588
2025,6,30,10,151,B,FEMENINO,40,227591834
2025,6,30,10,151,B,MASCULINO,42,223295842
2025,6,30,10,151,C,FEMENINO,90,363578584
2025,6,30,10,151,C,MASCULINO,98,379157999
2025,6,30,10,151,D,FEMENINO,2,7830000
2025,6,30,10,151,D,MASCULINO,1,3938000
2025,6,30,10,151,E,FEMENINO,2,5245000
2025,6,30,10,151,F,FEMENINO,4,12371100
2025,6,30,10,151,F,MASCULINO,2,5087500
2025,6,30,10,151,G,FEMENINO,4,12133167
2025,6,30,10,151,G,MASCULINO,10,41181667
2025,6,30,10,152,B,FEMENINO,1,2160000
2025,6,30,10,152,B,MASCULINO,3,11100000
2025,6,30,10,152,D,FEMENINO,11,27025000
2025,6,30,10,152,D,MASCULINO,11,30200000
2025,6,30,10,152,E,MASCULINO,2,4410000
2025,6,30,10,152,F,FEMENINO,10,22410000
2025,6,30,10,152,F,MASCULINO,8,17460000
2025,6,30,10,152,G,FEMENINO,10,18135000
2025,6,30,10,152,G,MASCULINO,18,58350000
2025,6,30,10,152,H,FEMENINO,2,3780000
2025,6,30,10,152,H,MASCULINO,2,5400000
2025,6,30,10,153,M,FEMENINO,2,5600000
2025,6,30,10,153,M,MASCULINO,2,17000000
2025,6,30,10,154,M,FEMENINO,2,5000000
2025,6,30,10,154,M,MASCULINO,4,22050000
2025,6,30,10,155,A,MASCULINO,2,24400000
2025,6,30,10,155,B,FEMENINO,7,27675000
2025,6,30,10,155,B,MASCULINO,9,31455000
2025,6,30,10,155,C,FEMENINO,9,25453977
2025,6,30,10,155,C,MASCULINO,15,46785690
2025,6,30,10,155,D,FEMENINO,7,20118690
2025,6,30,10,155,D,MASCULINO,3,9780000
2025,6,30,10,155,E,FEMENINO,4,9032490
2025,6,30,10,155,E,MASCULINO,4,8019360
2025,6,30,10,155,F,MASCULINO,1,1980000
2025,6,30,10,155,G,FEMENINO,24,59468220
2025,6,30,10,155,G,MASCULINO,17,40100330
2025,6,30,10,155,L,MASCULINO,1,1980000
2025,6,30,10,156,M,FEMENINO,6,39519200
2025,6,30,10,156,M,MASCULINO,5,17306200
2025,6,30,10,157,M,FEMENINO,5,10900000
2025,6,30,10,157,M,MASCULINO,10,38540000
2025,6,30,10,158,M,FEMENINO,3,5650000
2025,6,30,10,158,M,MASCULINO,3,10600000
2025,6,30,10,159,M,FEMENINO,5,14923990
2025,6,30,10,159,M,MASCULINO,9,38350340
2025,6,30,10,160,M,FEMENINO,5,13412661
2025,6,30,10,160,M,MASCULINO,6,23486213
2025,6,30,10,161,M,FEMENINO,4,11260000
2025,6,30,10,161,M,MASCULINO,10,27868335
2025,6,30,10,162,M,FEMENINO,45,121932415
2025,6,30,10,162,M,MASCULINO,44,142421735
2025,6,30,10,163,M,FEMENINO,3,9100000
2025,6,30,10,163,M,MASCULINO,3,21000000
2025,6,30,10,164,A,MASCULINO,1,17949392
2025,6,30,10,164,B,FEMENINO,11,51780753
2025,6,30,10,164,B,MASCULINO,10,56564078
2025,6,30,10,164,C,FEMENINO,14,60874594
2025,6,30,10,164,C,MASCULINO,21,82670189
2025,6,30,10,164,D,FEMENINO,4,16713794
2025,6,30,10,164,D,MASCULINO,1,4175285
2025,6,30,10,164,F,FEMENINO,4,12458382
2025,6,30,10,164,F,MASCULINO,3,8625617
2025,6,30,10,164,G,FEMENINO,14,39070518
2025,6,30,10,164,G,MASCULINO,42,122661873
2025,6,30,10,165,A,MASCULINO,1,23100000
2025,6,30,10,165,C,FEMENINO,3,13673500
2025,6,30,10,165,C,MASCULINO,2,12500000
2025,6,30,10,165,G,MASCULINO,1,5500000
2025,6,30,10,166,M,FEMENINO,7,21093300
2025,6,30,10,166,M,MASCULINO,3,5474000
2025,6,30,10,167,M,FEMENINO,4,6750000
2025,6,30,10,167,M,MASCULINO,5,29783333
2025,6,30,10,168,M,FEMENINO,6,34022232
2025,6,30,10,169,M,FEMENINO,8,21595001
2025,6,30,10,169,M,MASCULINO,6,39020000
2025,6,30,10,170,M,FEMENINO,7,23950667
2025,6,30,10,170,M,MASCULINO,7,41908390
2025,6,30,10,240,M,FEMENINO,5,12200000
2025,6,30,10,240,M,MASCULINO,5,20850000
2025,6,30,10,246,M,FEMENINO,2,3960000
2025,6,30,10,246,M,MASCULINO,7,18630000
2025,6,30,11,171,M,FEMENINO,18,36828875
2025,6,30,11,171,M,MASCULINO,15,32192058
2025,6,30,11,172,M,FEMENINO,58,161933629
2025,6,30,11,172,M,MASCULINO,83,248032292
2025,6,30,11,173,0,FEMENINO,1,1870000
2025,6,30,11,173,A,MASCULINO,1,17266932
2025,6,30,11,173,B,FEMENINO,6,25922861
2025,6,30,11,173,B,MASCULINO,9,40747775
2025,6,30,11,173,C,FEMENINO,10,36434634
2025,6,30,11,173,C,MASCULINO,17,62524995
2025,6,30,11,173,D,FEMENINO,24,77593170
2025,6,30,11,173,D,MASCULINO,43,138007836
2025,6,30,11,173,E,FEMENINO,67,152732457
2025,6,30,11,173,E,MASCULINO,65,163063288
2025,6,30,11,173,F,FEMENINO,11,25443122
2025,6,30,11,173,F,MASCULINO,12,29247696
2025,6,30,11,173,G,FEMENINO,55,123161262
2025,6,30,11,173,G,MASCULINO,51,117217314
2025,6,30,11,174,M,FEMENINO,14,36787235
2025,6,30,11,174,M,MASCULINO,9,38288333
2025,6,30,11,175,M,FEMENINO,2,4800000
2025,6,30,11,175,M,MASCULINO,2,13500000
2025,6,30,11,176,M,FEMENINO,14,39757457
2025,6,30,11,176,M,MASCULINO,22,65547216
2025,6,30,11,177,M,FEMENINO,120,316032512
2025,6,30,11,177,M,MASCULINO,152,427316609
2025,6,30,11,178,M,FEMENINO,58,163450000
2025,6,30,11,178,M,MASCULINO,68,195645000
2025,6,30,11,179,M,FEMENINO,97,347279638
2025,6,30,11,179,M,MASCULINO,118,466749620
2025,6,30,11,180,1,FEMENINO,59,110147097
2025,6,30,11,180,1,MASCULINO,52,96337850
2025,6,30,11,180,C,FEMENINO,2,6845040
2025,6,30,11,180,C,MASCULINO,2,5232600
2025,6,30,11,180,D,FEMENINO,19,38945911
2025,6,30,11,180,D,MASCULINO,6,13949362
2025,6,30,11,180,E,FEMENINO,15,28039554
2025,6,30,11,180,E,MASCULINO,7,12506358
2025,6,30,11,180,F,FEMENINO,2,3106729
2025,6,30,11,180,F,MASCULINO,1,1492409
2025,6,30,11,180,G,FEMENINO,8,13547658
2025,6,30,11,180,G,MASCULINO,2,3370079
2025,6,30,11,180,Q,FEMENINO,5,13500000
2025,6,30,11,180,S,FEMENINO,23,48953711
2025,6,30,11,180,S,MASCULINO,16,32827365
2025,6,30,11,180,X,FEMENINO,1,15000000
2025,6,30,11,181,M,FEMENINO,1,2000000
2025,6,30,11,181,M,MASCULINO,2,15700000
2025,6,30,11,182,M,FEMENINO,10,75500000
2025,6,30,11,182,M,MASCULINO,34,359246090
2025,6,30,11,183,C,MASCULINO,1,11095000
2025,6,30,11,183,M,FEMENINO,4,15010289
2025,6,30,11,183,M,MASCULINO,8,25517672
2025,6,30,11,184,M,FEMENINO,206,559055225
2025,6,30,11,184,M,MASCULINO,231,656532126
2025,6,30,11,185,M,FEMENINO,55,142461552
2025,6,30,11,185,M,MASCULINO,38,119944807
2025,6,30,11,186,A,MASCULINO,1,22000000
2025,6,30,11,186,M,FEMENINO,23,87986214
2025,6,30,11,186,M,MASCULINO,18,69104827
2025,6,30,11,187,M,FEMENINO,17,39224865
2025,6,30,11,187,M,MASCULINO,18,47269369
2025,6,30,11,188,M,MASCULINO,2,13218400
2025,6,30,11,189,M,MASCULINO,2,8360000
2025,6,30,12,190,M,FEMENINO,31,70208666
2025,6,30,12,190,M,MASCULINO,45,110868500
2025,6,30,12,191,M,FEMENINO,5,6660000
2025,6,30,12,191,M,MASCULINO,11,5580000
2025,6,30,12,192,M,FEMENINO,4,11844000
2025,6,30,12,192,M,MASCULINO,1,3420000
2025,6,30,12,193,M,FEMENINO,2,1350000
2025,6,30,12,193,M,MASCULINO,2,1477400
2025,6,30,12,194,M,FEMENINO,3,2339250
2025,6,30,12,194,M,MASCULINO,2,2459800
2025,6,30,12,195,M,FEMENINO,3,5000000
2025,6,30,12,195,M,MASCULINO,1,2500000
2025,6,30,12,196,M,MASCULINO,3,4700000
2025,6,30,12,197,M,FEMENINO,2,4500000
2025,6,30,12,197,M,MASCULINO,3,6000000
2025,6,30,12,198,M,FEMENINO,1,1000000
2025,6,30,12,198,M,MASCULINO,5,4500000
2025,6,30,12,199,M,FEMENINO,4,2430000
2025,6,30,12,199,M,MASCULINO,3,2720000
2025,6,30,12,200,M,MASCULINO,1,0
2025,6,30,12,201,M,FEMENINO,1,1350000
2025,6,30,12,201,M,MASCULINO,2,3850000
2025,6,30,12,202,M,FEMENINO,5,5150000
2025,6,30,12,202,M,MASCULINO,8,12545000
2025,6,30,12,203,M,FEMENINO,3,0
2025,6,30,12,203,M,MASCULINO,4,0
2025,6,30,12,204,M,FEMENINO,3,11759000
2025,6,30,12,204,M,MASCULINO,1,2574000
2025,6,30,12,205,M,FEMENINO,1,1500000
2025,6,30,12,205,M,MASCULINO,3,2440000
2025,6,30,13,206,M,FEMENINO,42,211458109
2025,6,30,13,206,M,MASCULINO,59,366049618
2025,6,30,13,207,M,FEMENINO,4,8190000
2025,6,30,13,207,M,MASCULINO,8,21011500
2025,6,30,13,208,M,FEMENINO,12,28251549
2025,6,30,13,208,M,MASCULINO,20,65287042
2025,6,30,13,242,M,FEMENINO,1,2000000
2025,6,30,13,242,M,MASCULINO,2,6700000
2025,6,30,13,250,M,FEMENINO,2,4500000
2025,6,30,13,250,M,MASCULINO,1,4000000
2025,6,30,13,259,M,FEMENINO,2,4363637
2025,6,30,13,259,M,MASCULINO,4,15655046
2025,6,30,14,209,M,FEMENINO,5,23800000
2025,6,30,14,209,M,MASCULINO,9,42408167
2025,6,30,14,210,M,FEMENINO,1,1800000
2025,6,30,14,210,M,MASCULINO,4,10350000
2025,6,30,14,211,M,FEMENINO,3,9830000
2025,6,30,14,211,M,MASCULINO,4,34036860
2025,6,30,14,212,M,MASCULINO,3,10660000
2025,6,30,14,213,M,FEMENINO,4,6650000
2025,6,30,14,213,M,MASCULINO,6,20000000
2025,6,30,14,214,M,FEMENINO,1,1350000
2025,6,30,14,214,M,MASCULINO,2,7250000
2025,6,30,14,215,M,MASCULINO,3,13400000
2025,6,30,14,216,M,FEMENINO,6,16530300
2025,6,30,14,216,M,MASCULINO,7,33791300
2025,6,30,14,217,M,FEMENINO,6,19460000
2025,6,30,14,217,M,MASCULINO,3,26010000
2025,6,30,14,218,M,FEMENINO,8,28200000
2025,6,30,14,218,M,MASCULINO,5,38400000
2025,6,30,14,219,C,FEMENINO,1,3900000
2025,6,30,14,219,C,MASCULINO,1,3150000
2025,6,30,14,219,D,FEMENINO,6,16773333
2025,6,30,14,219,D,MASCULINO,3,11625000
2025,6,30,14,244,M,FEMENINO,1,2500000
2025,6,30,14,244,M,MASCULINO,4,9850000
2025,6,30,14,247,M,FEMENINO,1,2000000
2025,6,30,14,247,M,MASCULINO,1,3200000
2025,6,30,14,251,M,MASCULINO,5,15000000
2025,6,30,14,255,M,FEMENINO,1,2000000
2025,6,30,14,255,M,MASCULINO,4,19000000
2025,6,30,14,256,M,FEMENINO,1,2500000
2025,6,30,14,256,M,MASCULINO,2,7500000
2025,6,30,15,220,M,FEMENINO,17,48510000
2025,6,30,15,220,M,MASCULINO,13,59070000
2025,6,30,15,221,M,FEMENINO,3,4389014
2025,6,30,15,221,M,MASCULINO,2,10253700
2025,6,30,15,222,M,FEMENINO,44,140166410
2025,6,30,15,222,M,MASCULINO,41,133608074
2025,6,30,15,223,M,FEMENINO,1,2520000
2025,6,30,15,223,M,MASCULINO,2,4520000
2025,6,30,15,224,M,FEMENINO,21,52359000
2025,6,30,15,224,M,MASCULINO,10,17458221
2025,6,30,15,229,M,FEMENINO,2,6300000
2025,6,30,15,229,M,MASCULINO,6,25013063
2025,6,30,15,232,M,FEMENINO,2,4750000
2025,6,30,15,232,M,MASCULINO,2,15500000
2025,6,30,15,233,M,FEMENINO,4,10500000
2025,6,30,15,233,M,MASCULINO,7,12500000
2025,6,30,15,258,M,FEMENINO,2,5800000
2025,6,30,15,258,M,MASCULINO,4,17300000
2025,6,30,15,262,M,FEMENINO,5,13541667
2025,6,30,15,262,M,MASCULINO,1,1200000
2025,6,30,16,228,M,FEMENINO,7,63000000
2025,6,30,16,228,M,MASCULINO,27,241240000
2025,6,30,16,230,M,FEMENINO,1,26000000
2025,6,30,16,230,M,MASCULINO,4,92000000
2025,6,30,16,231,M,FEMENINO,1,5850000
2025,6,30,16,231,M,MASCULINO,4,48683090
2025,6,30,16,261,M,FEMENINO,1,2700000
2025,6,30,16,261,M,MASCULINO,2,19500000
2025,6,30,17,226,M,FEMENINO,2,3200000
2025,6,30,17,226,M,MASCULINO,15,53003250
2025,6,30,17,227,M,FEMENINO,7,11970000
2025,6,30,17,227,M,MASCULINO,9,23140000
2025,6,30,17,235,M,FEMENINO,2,8000000
2025,6,30,17,235,M,MASCULINO,3,12808960
2025,6,40,1,1,C,FEMENINO,836,2765829739
2025,6,40,1,1,C,MASCULINO,1547,5663436799
2025,6,40,1,1,T,FEMENINO,13,19359409
2025,6,40,1,1,T,MASCULINO,1,1469068
2025,6,40,2,1,B,FEMENINO,29,386797000
2025,6,40,2,1,B,MASCULINO,49,649157000
2025,6,40,2,1,C,FEMENINO,50,449316791
2025,6,40,2,1,C,MASCULINO,86,776114303
2025,6,40,2,1,D,FEMENINO,61,433873000
2025,6,40,2,1,D,MASCULINO,127,902784800
2025,6,40,2,1,E,FEMENINO,52,294311704
2025,6,40,2,1,E,MASCULINO,84,463924000
2025,6,40,2,1,F,FEMENINO,112,478904960
2025,6,40,2,1,F,MASCULINO,284,1200009504
2025,6,40,2,1,G,FEMENINO,43,151005000
2025,6,40,2,1,G,MASCULINO,474,1615588968
2025,6,40,2,1,H,FEMENINO,103,309748095
2025,6,40,2,1,H,MASCULINO,291,881487871
2025,6,40,3,1,0,FEMENINO,47,156339455
2025,6,40,3,1,0,MASCULINO,97,273487100
2026,6,11,1,1,P,FEMENINO,338,3041200000
2026,6,11,1,1,P,MASCULINO,419,3675200000
2026,6,11,2,1,P,FEMENINO,404,4445000000
2026,6,11,2,1,P,MASCULINO,535,5556500000
2026,6,11,2,1,S,MASCULINO,2,44000000
2026,6,11,3,1,A,FEMENINO,177,1997700000
2026,6,11,3,1,A,MASCULINO,208,2375600000
2026,6,11,3,1,B,FEMENINO,55,851000000
2026,6,11,3,1,B,MASCULINO,63,970900000
2026,6,11,3,1,C,FEMENINO,123,1060094165
2026,6,11,3,1,C,MASCULINO,139,1220426000
2026,6,11,3,1,D,FEMENINO,204,1304500000
2026,6,11,3,1,D,MASCULINO,239,1576100000
2026,6,11,3,1,E,FEMENINO,13,69500000
2026,6,11,3,1,E,MASCULINO,32,159500000
2026,6,11,3,1,F,FEMENINO,138,642600000
2026,6,11,3,1,F,MASCULINO,143,678824000
2026,6,11,3,1,G,FEMENINO,1,3300000
2026,6,11,3,1,G,MASCULINO,1,4400000
2026,6,12,1,1,A,FEMENINO,6,113700000
2026,6,12,1,1,A,MASCULINO,14,258500000
2026,6,12,1,1,B,FEMENINO,11,143000000
2026,6,12,1,1,B,MASCULINO,7,91000000
2026,6,12,1,1,C,FEMENINO,21,188100000
2026,6,12,1,1,C,MASCULINO,26,230500000
2026,6,12,1,1,D,FEMENINO,10,40099048
2026,6,12,1,1,D,MASCULINO,6,35000000
2026,6,12,1,1,E,FEMENINO,8,30100000
2026,6,12,1,1,E,MASCULINO,4,11697144
2026,6,12,1,1,F,FEMENINO,2,5798096
2026,6,12,1,1,F,MASCULINO,1,2899048
2026,6,12,1,1,G,FEMENINO,17,51791432
2026,6,12,1,1,G,MASCULINO,28,88586672
2026,6,12,1,2,C,FEMENINO,2,12500000
2026,6,12,1,2,C,MASCULINO,1,9800000
2026,6,12,1,2,D,FEMENINO,3,16300000
2026,6,12,1,2,D,MASCULINO,1,4900000
2026,6,12,1,2,E,FEMENINO,1,2899048
2026,6,12,1,2,E,MASCULINO,2,6499048
2026,6,12,1,2,G,FEMENINO,3,9099048
2026,6,12,1,2,G,MASCULINO,4,11597144
2026,6,12,1,11,A,FEMENINO,1,15000000
2026,6,12,1,11,A,MASCULINO,2,37000000
2026,6,12,1,11,B,FEMENINO,10,91500000
2026,6,12,1,11,B,MASCULINO,19,169400000
2026,6,12,1,11,C,FEMENINO,36,237100000
2026,6,12,1,11,C,MASCULINO,22,141600000
2026,6,12,1,11,D,FEMENINO,11,47600000
2026,6,12,1,11,D,MASCULINO,14,61400000
2026,6,12,1,11,E,FEMENINO,11,34398096
2026,6,12,1,11,E,MASCULINO,15,47897144
2026,6,12,1,11,F,FEMENINO,2,5798096
2026,6,12,1,11,F,MASCULINO,1,2899048
2026,6,12,1,11,G,FEMENINO,1,2900000
2026,6,12,1,11,G,MASCULINO,1,2900000
2026,6,12,1,11,K,FEMENINO,63,343000000
2026,6,12,1,11,K,MASCULINO,218,1375400000
2026,6,12,1,12,A,MASCULINO,1,22000000
2026,6,12,1,12,B,FEMENINO,2,18800000
2026,6,12,1,12,B,MASCULINO,8,75200000
2026,6,12,1,12,D,MASCULINO,1,3600000
2026,6,12,1,14,A,FEMENINO,1,9500000
2026,6,12,1,14,A,MASCULINO,3,41000000
2026,6,12,1,14,B,FEMENINO,18,192300000
2026,6,12,1,14,B,MASCULINO,16,171300000
2026,6,12,1,14,C,FEMENINO,13,83200000
2026,6,12,1,14,C,MASCULINO,16,110400000
2026,6,12,1,14,D,FEMENINO,10,47700000
2026,6,12,1,14,D,MASCULINO,6,26400000
2026,6,12,1,14,E,FEMENINO,5,14899048
2026,6,12,1,14,E,MASCULINO,6,18998096
2026,6,12,1,15,A,FEMENINO,18,157500000
2026,6,12,1,15,A,MASCULINO,26,229500000
2026,6,12,1,15,B,FEMENINO,5,46700000
2026,6,12,1,15,B,MASCULINO,6,58800000
2026,6,12,1,15,C,FEMENINO,6,39700000
2026,6,12,1,15,C,MASCULINO,1,7600000
2026,6,12,1,15,D,FEMENINO,14,64400000
2026,6,12,1,15,D,MASCULINO,13,56500000
2026,6,12,1,15,E,FEMENINO,1,2899048
2026,6,12,1,15,E,MASCULINO,3,11000000
2026,6,12,1,15,F,FEMENINO,3,10500000
2026,6,12,1,15,F,MASCULINO,1,3500000
2026,6,12,1,15,G,MASCULINO,1,3200000
2026,6,12,1,17,A,MASCULINO,1,22000000
2026,6,12,1,17,B,FEMENINO,3,21300000
2026,6,12,1,17,B,MASCULINO,10,71600000
2026,6,12,1,17,C,FEMENINO,8,41000000
2026,6,12,1,17,C,MASCULINO,8,40300000
2026,6,12,1,17,D,FEMENINO,9,32698096
2026,6,12,1,17,D,MASCULINO,6,19599048
2026,6,12,1,17,E,FEMENINO,5,15097144
2026,6,12,1,17,E,MASCULINO,12,37293336
2026,6,12,1,17,F,FEMENINO,8,23995240
2026,6,12,1,17,F,MASCULINO,11,30196192
2026,6,12,1,17,G,FEMENINO,6,17394288
2026,6,12,1,17,G,MASCULINO,48,139756208
2026,6,12,1,18,A,FEMENINO,1,13000000
2026,6,12,1,18,A,MASCULINO,2,32700000
2026,6,12,1,18,B,FEMENINO,9,91400000
2026,6,12,1,18,B,MASCULINO,9,102300000
2026,6,12,1,18,C,FEMENINO,42,276800000
2026,6,12,1,18,C,MASCULINO,17,105900000
2026,6,12,1,18,D,FEMENINO,17,67497144
2026,6,12,1,18,D,MASCULINO,3,10099048
2026,6,12,1,18,E,FEMENINO,5,18100000
2026,6,12,1,18,E,MASCULINO,2,7400000
2026,6,12,1,18,F,FEMENINO,12,36292384
2026,6,12,1,18,F,MASCULINO,30,87072392
2026,6,12,1,18,G,FEMENINO,1,4400000
2026,6,12,1,20,A,MASCULINO,1,22000000
2026,6,12,1,20,B,FEMENINO,14,161600000
2026,6,12,1,20,B,MASCULINO,11,134500000
2026,6,12,1,20,C,FEMENINO,15,128800000
2026,6,12,1,20,C,MASCULINO,17,154200000
2026,6,12,1,20,D,MASCULINO,1,4200000
2026,6,12,1,20,G,MASCULINO,3,8697144
2026,6,12,1,21,A,FEMENINO,2,27200000
2026,6,12,1,21,A,MASCULINO,1,10700000
2026,6,12,1,21,B,FEMENINO,9,87100000
2026,6,12,1,21,B,MASCULINO,13,117300000
2026,6,12,1,21,C,FEMENINO,26,151000000
2026,6,12,1,21,C,MASCULINO,19,110000000
2026,6,12,1,21,D,FEMENINO,15,63899048
2026,6,12,1,21,D,MASCULINO,10,42100000
2026,6,12,1,21,E,FEMENINO,12,40295240
2026,6,12,1,21,E,MASCULINO,11,36098096
2026,6,12,1,21,F,FEMENINO,23,67079056
2026,6,12,1,21,F,MASCULINO,10,28990480
2026,6,12,1,21,G,FEMENINO,7,20293336
2026,6,12,1,21,G,MASCULINO,2,5798096
2026,6,12,1,23,A,MASCULINO,1,22000000
2026,6,12,1,23,B,FEMENINO,3,33700000
2026,6,12,1,23,B,MASCULINO,9,99000000
2026,6,12,1,23,C,FEMENINO,14,98200000
2026,6,12,1,23,C,MASCULINO,23,170900000
2026,6,12,1,23,D,FEMENINO,5,23100000
2026,6,12,1,23,D,MASCULINO,14,70400000
2026,6,12,1,23,F,FEMENINO,5,17299048
2026,6,12,1,23,G,FEMENINO,6,18799048
2026,6,12,1,23,G,MASCULINO,16,50495240
2026,6,12,1,29,A,MASCULINO,1,22000000
2026,6,12,1,29,B,FEMENINO,4,32830769
2026,6,12,1,29,B,MASCULINO,6,52800000
2026,6,12,1,29,C,FEMENINO,4,20000000
2026,6,12,1,29,C,MASCULINO,4,20000000
2026,6,12,1,29,D,FEMENINO,5,20540000
2026,6,12,1,29,D,MASCULINO,7,28000000
2026,6,12,1,29,E,FEMENINO,3,10200000
2026,6,12,1,29,G,MASCULINO,3,8697144
2026,6,12,1,30,A,FEMENINO,1,22000000
2026,6,12,1,30,A,MASCULINO,2,10400000
2026,6,12,1,30,B,FEMENINO,3,33900000
2026,6,12,1,30,B,MASCULINO,5,56500000
2026,6,12,1,30,C,FEMENINO,15,92900000
2026,6,12,1,30,C,MASCULINO,22,154500000
2026,6,12,1,30,D,FEMENINO,18,74499048
2026,6,12,1,30,D,MASCULINO,10,42400000
2026,6,12,1,30,E,FEMENINO,25,77187624
2026,6,12,1,30,E,MASCULINO,23,75089528
2026,6,12,1,30,F,FEMENINO,12,39796192
2026,6,12,1,30,F,MASCULINO,16,53295240
2026,6,12,1,30,G,FEMENINO,14,43191432
2026,6,12,1,30,G,MASCULINO,33,99575248
2026,6,12,1,30,L,FEMENINO,2,5732760
2026,6,12,1,30,S,FEMENINO,124,532150032
2026,6,12,1,30,S,MASCULINO,44,186593336
2026,6,12,1,30,Z,FEMENINO,3,6681936
2026,6,12,1,36,A,FEMENINO,2,31400000
2026,6,12,1,36,A,MASCULINO,2,24400000
2026,6,12,1,36,B,FEMENINO,8,90000000
2026,6,12,1,36,B,MASCULINO,9,95000000
2026,6,12,1,36,C,FEMENINO,15,105900000
2026,6,12,1,36,C,MASCULINO,16,117400000
2026,6,12,1,36,D,FEMENINO,4,17400000
2026,6,12,1,36,D,MASCULINO,3,13800000
2026,6,12,1,36,E,FEMENINO,2,5798096
2026,6,12,1,36,E,MASCULINO,4,13624883
2026,6,12,1,36,G,MASCULINO,1,2899048
2026,6,12,1,38,B,FEMENINO,18,158400000
2026,6,12,1,38,B,MASCULINO,4,35700000
2026,6,12,1,38,C,FEMENINO,7,46200000
2026,6,12,1,38,C,MASCULINO,10,66000000
2026,6,12,1,38,D,FEMENINO,1,4500000
2026,6,12,1,38,D,MASCULINO,2,10300000
2026,6,12,1,38,G,FEMENINO,1,2899048
2026,6,12,1,38,G,MASCULINO,1,2899048
2026,6,12,1,40,A,FEMENINO,1,22000000
2026,6,12,1,40,B,FEMENINO,4,32100000
2026,6,12,1,40,B,MASCULINO,4,27900000
2026,6,12,1,40,C,FEMENINO,5,27700000
2026,6,12,1,40,C,MASCULINO,5,25300000
2026,6,12,1,40,D,MASCULINO,1,3800000
2026,6,12,1,40,E,MASCULINO,1,2899048
2026,6,12,1,40,F,MASCULINO,3,8697144
2026,6,12,1,40,G,MASCULINO,1,2899048
2026,6,12,1,50,A,MASCULINO,1,22000000
2026,6,12,1,50,B,FEMENINO,4,38000000
2026,6,12,1,50,B,MASCULINO,9,78200000
2026,6,12,1,50,C,FEMENINO,3,19300000
2026,6,12,1,50,C,MASCULINO,1,7300000
2026,6,12,1,50,D,MASCULINO,2,10000000
2026,6,12,1,51,A,FEMENINO,1,22000000
2026,6,12,1,51,B,FEMENINO,3,20000000
2026,6,12,1,51,B,MASCULINO,4,30500000
2026,6,12,1,51,C,FEMENINO,3,18000000
2026,6,12,1,51,D,FEMENINO,1,3900000
2026,6,12,1,51,E,FEMENINO,1,2899048
2026,6,12,1,51,E,MASCULINO,2,5798096
2026,6,12,1,51,G,FEMENINO,2,5798096
2026,6,12,1,51,G,MASCULINO,1,2899048
2026,6,12,1,54,A,FEMENINO,1,22000000
2026,6,12,1,54,A,MASCULINO,1,15000000
2026,6,12,1,54,B,FEMENINO,3,30600000
2026,6,12,1,54,B,MASCULINO,3,34800000
2026,6,12,1,54,C,FEMENINO,3,30500000
2026,6,12,1,54,C,MASCULINO,6,61000000
2026,6,12,1,56,B,FEMENINO,3,33700000
2026,6,12,1,56,B,MASCULINO,2,19400000
2026,6,12,1,56,C,FEMENINO,1,8000000
2026,6,12,1,56,C,MASCULINO,5,35800000
2026,6,12,1,56,D,FEMENINO,9,35999048
2026,6,12,1,56,D,MASCULINO,12,48699048
2026,6,12,1,56,E,FEMENINO,6,20100000
2026,6,12,1,56,E,MASCULINO,5,16599048
2026,6,12,1,56,F,MASCULINO,1,3000000
2026,6,12,1,56,G,FEMENINO,1,2899048
2026,6,12,1,56,G,MASCULINO,1,3300000
2026,6,12,1,57,A,MASCULINO,3,15900000
2026,6,12,1,57,B,FEMENINO,2,20000000
2026,6,12,1,57,B,MASCULINO,4,44600000
2026,6,12,1,57,C,FEMENINO,4,30400000
2026,6,12,1,57,C,MASCULINO,5,38000000
2026,6,12,1,58,A,FEMENINO,1,22000000
2026,6,12,2,1,A,MASCULINO,1,32000000
2026,6,12,2,1,B,FEMENINO,12,133600000
2026,6,12,2,1,B,MASCULINO,8,84400000
2026,6,12,2,1,C,FEMENINO,7,54500000
2026,6,12,2,1,C,MASCULINO,12,113200000
2026,6,12,2,1,D,FEMENINO,1,4800000
2026,6,12,2,1,D,MASCULINO,1,6000000
2026,6,12,2,1,E,FEMENINO,3,11400000
2026,6,12,2,1,E,MASCULINO,2,8000000
2026,6,12,2,1,F,MASCULINO,3,11300000
2026,6,12,2,1,G,FEMENINO,7,23199048
2026,6,12,2,1,G,MASCULINO,11,36899048
2026,6,12,3,1,A,MASCULINO,5,78000000
2026,6,12,3,1,B,FEMENINO,10,113600000
2026,6,12,3,1,B,MASCULINO,17,193300000
2026,6,12,3,1,C,FEMENINO,50,480000000
2026,6,12,3,1,C,MASCULINO,57,540800000
2026,6,12,3,1,D,FEMENINO,15,87299048
2026,6,12,3,1,D,MASCULINO,32,183099048
2026,6,12,3,1,E,FEMENINO,7,28598096
2026,6,12,3,1,E,MASCULINO,28,114095240
2026,6,12,3,1,F,FEMENINO,5,16000000
2026,6,12,3,1,F,MASCULINO,6,18298096
2026,6,12,3,1,G,FEMENINO,12,46199048
2026,6,12,3,1,G,MASCULINO,22,76898096
2026,6,12,3,2,D,FEMENINO,6,22900000
2026,6,12,3,2,E,FEMENINO,365,1114338200
2026,6,12,3,2,E,MASCULINO,188,569263864
2026,6,12,3,2,G,FEMENINO,434,1258688736
2026,6,12,3,2,G,MASCULINO,182,529129592
2026,6,12,3,2,L,FEMENINO,203,410303537
2026,6,12,3,2,L,MASCULINO,373,773718543
2026,6,12,3,2,P,FEMENINO,5837,32072460704
2026,6,12,3,2,P,MASCULINO,30306,184319168783
2026,6,12,3,2,S,FEMENINO,85,389237444
2026,6,12,3,2,S,MASCULINO,23,88723444
2026,6,12,3,2,Y,FEMENINO,1187,560095863
2026,6,12,3,2,Y,MASCULINO,4334,1972946303
2026,6,12,4,1,A,FEMENINO,1,15000000
2026,6,12,4,1,A,MASCULINO,3,52000000
2026,6,12,4,1,B,FEMENINO,198,2153200000
2026,6,12,4,1,B,MASCULINO,267,2832593333
2026,6,12,4,1,C,FEMENINO,1,6800000
2026,6,12,4,1,D,FEMENINO,10,44200000
2026,6,12,4,1,D,MASCULINO,8,35498096
2026,6,12,4,1,E,FEMENINO,2,5798096
2026,6,12,4,1,E,MASCULINO,7,22296192
2026,6,12,4,1,G,MASCULINO,2,5798096
2026,6,12,5,1,A,MASCULINO,6,77100000
2026,6,12,5,1,B,FEMENINO,20,159500000
2026,6,12,5,1,B,MASCULINO,19,152500000
2026,6,12,5,1,C,FEMENINO,3,20700000
2026,6,12,5,1,C,MASCULINO,6,42000000
2026,6,12,5,1,D,FEMENINO,111,421296192
2026,6,12,5,1,D,MASCULINO,92,346596192
2026,6,12,5,1,E,FEMENINO,189,621529552
2026,6,12,5,1,E,MASCULINO,351,1140084808
2026,6,12,5,1,F,FEMENINO,30,98700000
2026,6,12,5,1,F,MASCULINO,69,228200000
2026,6,12,5,1,G,FEMENINO,240,695973424
2026,6,12,5,1,G,MASCULINO,415,1203707776
2026,6,12,5,1,M,FEMENINO,1662,11056462673
2026,6,12,5,1,M,MASCULINO,15437,96894802418
2026,6,12,5,1,S,FEMENINO,86,352319960
2026,6,12,5,1,S,MASCULINO,12,50671548
2026,6,12,5,1,Y,FEMENINO,182,102046444
2026,6,12,5,1,Y,MASCULINO,3451,1357570864
2026,6,12,5,1,Z,FEMENINO,119,190548206
2026,6,12,5,1,Z,MASCULINO,328,377539049
2026,6,12,6,1,A,FEMENINO,2,30000000
2026,6,12,6,1,A,MASCULINO,2,37000000
2026,6,12,6,1,B,FEMENINO,19,247000000
2026,6,12,6,1,B,MASCULINO,18,234000000
2026,6,12,6,1,C,FEMENINO,426,3168620000
2026,6,12,6,1,C,MASCULINO,331,2599060667
2026,6,12,6,1,D,FEMENINO,53,268249048
2026,6,12,6,1,D,MASCULINO,87,441464763
2026,6,12,6,1,E,FEMENINO,48,201610600
2026,6,12,6,1,E,MASCULINO,138,640448577
2026,6,12,6,1,M,FEMENINO,5,70000000
2026,6,12,6,1,M,MASCULINO,1,14000000
2026,6,12,7,1,A,FEMENINO,2,19800000
2026,6,12,7,1,A,MASCULINO,4,52500000
2026,6,12,7,1,B,FEMENINO,46,516100000
2026,6,12,7,1,B,MASCULINO,49,535800000
2026,6,12,7,1,C,FEMENINO,55,398800000
2026,6,12,7,1,C,MASCULINO,46,312200000
2026,6,12,7,1,D,FEMENINO,444,1660711312
2026,6,12,7,1,D,MASCULINO,325,1337857160
2026,6,12,7,1,E,FEMENINO,181,598227648
2026,6,12,7,1,E,MASCULINO,185,605625744
2026,6,12,7,1,F,FEMENINO,4,12498096
2026,6,12,7,1,F,MASCULINO,4,12898096
2026,6,12,7,1,G,FEMENINO,1403,4067767200
2026,6,12,7,1,G,MASCULINO,752,2180688856
2026,6,12,7,1,L,FEMENINO,39725,286041695528
2026,6,12,7,1,L,MASCULINO,14716,102527365117
2026,6,12,7,1,S,FEMENINO,79,336000000
2026,6,12,7,1,S,MASCULINO,9,40000000
2026,6,12,7,1,Z,FEMENINO,22787,125848590684
2026,6,12,7,1,Z,MASCULINO,13139,74715155371
2026,6,12,8,1,1,FEMENINO,436,2819900000
2026,6,12,8,1,1,MASCULINO,419,2735100000
2026,6,12,8,1,2,FEMENINO,351,4650600000
2026,6,12,8,1,2,MASCULINO,328,4387400000
2026,6,12,8,1,3,FEMENINO,438,7629236000
2026,6,12,8,1,3,MASCULINO,467,8241368000
2026,6,12,8,1,A,FEMENINO,2,35000000
2026,6,12,8,1,A,MASCULINO,1,13000000
2026,6,12,8,1,B,FEMENINO,69,725828000
2026,6,12,8,1,B,MASCULINO,57,631760000
2026,6,12,8,1,C,FEMENINO,805,5771468000
2026,6,12,8,1,C,MASCULINO,644,4669356000
2026,6,12,8,1,D,FEMENINO,648,3630994000
2026,6,12,8,1,D,MASCULINO,758,4331962362
2026,6,12,8,1,E,FEMENINO,231,1008377433
2026,6,12,8,1,E,MASCULINO,273,1224172000
2026,6,12,8,1,F,FEMENINO,687,2725616000
2026,6,12,8,1,F,MASCULINO,742,2847834096
2026,6,12,8,1,G,FEMENINO,1141,3869226488
2026,6,12,8,1,G,MASCULINO,895,3063903675
2026,6,12,8,1,S,FEMENINO,13584,74855948160
2026,6,12,8,1,S,MASCULINO,3712,21440720880
2026,6,12,9,1,A,FEMENINO,389,1808670488
2026,6,12,9,1,A,MASCULINO,1065,4873002896
2026,6,12,9,1,B,FEMENINO,25,222800000
2026,6,12,9,1,B,MASCULINO,25,235600000
2026,6,12,9,1,C,FEMENINO,40,295500000
2026,6,12,9,1,C,MASCULINO,42,350100000
2026,6,12,9,1,D,FEMENINO,234,1071959240
2026,6,12,9,1,D,MASCULINO,198,926898096
2026,6,12,9,1,E,FEMENINO,74,296458288
2026,6,12,9,1,E,MASCULINO,87,335788576
2026,6,12,9,1,F,MASCULINO,1,2899048
2026,6,12,9,1,G,FEMENINO,13,48664000
2026,6,12,9,1,G,MASCULINO,17,63664000
2026,6,12,9,1,S,FEMENINO,119,613995840
2026,6,12,9,1,S,MASCULINO,56,297978664
2026,6,12,10,1,A,FEMENINO,1,15000000
2026,6,12,10,1,A,MASCULINO,5,72800000
2026,6,12,10,1,B,FEMENINO,14,134600000
2026,6,12,10,1,B,MASCULINO,21,226600000
2026,6,12,10,1,C,FEMENINO,87,662400000
2026,6,12,10,1,C,MASCULINO,84,633200000
2026,6,12,10,1,D,FEMENINO,348,1461981912
2026,6,12,10,1,D,MASCULINO,413,1732280960
2026,6,12,10,1,E,FEMENINO,65,205979056
2026,6,12,10,1,E,MASCULINO,99,304153352
2026,6,12,10,1,F,FEMENINO,106,343463824
2026,6,12,10,1,F,MASCULINO,179,584640024
2026,6,12,10,1,G,FEMENINO,37,105566680
2026,6,12,10,1,G,MASCULINO,96,281869556
2026,6,12,11,1,A,MASCULINO,5,82000000
2026,6,12,11,1,B,FEMENINO,42,426453334
2026,6,12,11,1,B,MASCULINO,39,389500000
2026,6,12,11,1,C,FEMENINO,26,197300000
2026,6,12,11,1,C,MASCULINO,20,159900000
2026,6,12,11,1,D,FEMENINO,39,188500000
2026,6,12,11,1,D,MASCULINO,46,207100000
2026,6,12,11,1,E,FEMENINO,10,44300000
2026,6,12,11,1,E,MASCULINO,15,60600000
2026,6,12,11,1,F,FEMENINO,12,39800000
2026,6,12,11,1,F,MASCULINO,21,72700000
2026,6,12,11,1,G,FEMENINO,6,18197144
2026,6,12,11,1,G,MASCULINO,11,33796192
2026,6,12,11,1,S,FEMENINO,1,2899048
2026,6,12,13,1,A,FEMENINO,1,22000000
2026,6,12,13,1,A,MASCULINO,3,45000000
2026,6,12,13,1,B,FEMENINO,17,221000000
2026,6,12,13,1,B,MASCULINO,13,169000000
2026,6,12,13,1,C,FEMENINO,128,1099200000
2026,6,12,13,1,C,MASCULINO,240,2046800000
2026,6,12,13,1,D,FEMENINO,204,879919531
2026,6,12,13,1,D,MASCULINO,292,1262478104
2026,6,12,13,1,E,FEMENINO,94,311970488
2026,6,12,13,1,E,MASCULINO,373,1205087664
2026,6,12,13,1,F,FEMENINO,104,330282864
2026,6,12,13,1,F,MASCULINO,325,1017708608
2026,6,12,13,1,G,FEMENINO,95,312253352
2026,6,12,13,1,G,MASCULINO,557,1804653432
2026,6,12,13,1,I,FEMENINO,95,314342043
2026,6,12,13,1,I,MASCULINO,402,1883443949
2026,6,12,14,1,A,FEMENINO,4,67000000
2026,6,12,14,1,B,FEMENINO,25,224000000
2026,6,12,14,1,B,MASCULINO,2,18900000
2026,6,12,14,1,C,FEMENINO,9,53600000
2026,6,12,14,1,C,MASCULINO,1,5000000
2026,6,12,14,1,D,FEMENINO,33,149200000
2026,6,12,14,1,D,MASCULINO,2,7400000
2026,6,12,14,1,E,MASCULINO,1,3900000
2026,6,12,14,1,F,FEMENINO,3,9299048
2026,6,12,14,1,G,FEMENINO,5,14495240
2026,6,12,14,1,G,MASCULINO,5,15297144
2026,6,12,16,1,A,FEMENINO,2,37000000
2026,6,12,16,1,A,MASCULINO,1,15000000
2026,6,12,16,1,B,FEMENINO,48,470600000
2026,6,12,16,1,B,MASCULINO,32,292500000
2026,6,12,16,1,C,FEMENINO,79,586400000
2026,6,12,16,1,C,MASCULINO,62,452700000
2026,6,12,16,1,D,FEMENINO,168,729292384
2026,6,12,16,1,D,MASCULINO,109,484930296
2026,6,12,16,1,E,FEMENINO,109,357660968
2026,6,12,16,1,E,MASCULINO,151,517548592
2026,6,12,16,1,F,FEMENINO,18,58898096
2026,6,12,16,1,F,MASCULINO,19,61394288
2026,6,12,16,1,G,FEMENINO,34,103086672
2026,6,12,16,1,G,MASCULINO,44,134977152
2026,6,12,16,1,Z,FEMENINO,1,7200000
2026,6,12,16,1,Z,MASCULINO,2,11700000
2026,6,12,17,1,A,MASCULINO,1,22000000
2026,6,12,17,1,B,FEMENINO,10,96600000
2026,6,12,17,1,B,MASCULINO,21,207300000
2026,6,12,17,1,C,FEMENINO,61,459500000
2026,6,12,17,1,C,MASCULINO,54,402700000
2026,6,12,17,1,D,FEMENINO,39,225998096
2026,6,12,17,1,D,MASCULINO,66,380798096
2026,6,12,17,1,E,FEMENINO,5,16998096
2026,6,12,17,1,E,MASCULINO,18,63392384
2026,6,12,17,1,F,FEMENINO,2,6000000
2026,6,12,17,1,F,MASCULINO,3,11900000
2026,6,12,17,1,G,FEMENINO,8,34747451
2026,6,12,17,1,G,MASCULINO,48,289192046
2026,6,12,18,1,A,FEMENINO,4,32100000
2026,6,12,18,1,A,MASCULINO,3,50000000
2026,6,12,18,1,B,FEMENINO,11,111800000
2026,6,12,18,1,B,MASCULINO,12,130200000
2026,6,12,18,1,C,FEMENINO,20,155800000
2026,6,12,18,1,C,MASCULINO,20,160500000
2026,6,12,18,1,D,FEMENINO,77,371400000
2026,6,12,18,1,D,MASCULINO,49,224900000
2026,6,12,18,1,E,FEMENINO,16,50997144
2026,6,12,18,1,E,MASCULINO,23,73698096
2026,6,12,18,1,F,FEMENINO,2,9100000
2026,6,12,18,1,F,MASCULINO,1,2899048
2026,6,12,18,1,G,FEMENINO,20,58581912
2026,6,12,18,1,G,MASCULINO,12,35389528
2026,6,12,19,1,A,MASCULINO,6,85300000
2026,6,12,19,1,B,FEMENINO,18,159600000
2026,6,12,19,1,B,MASCULINO,18,185400000
2026,6,12,19,1,C,FEMENINO,62,453200000
2026,6,12,19,1,C,MASCULINO,39,275200000
2026,6,12,19,1,D,FEMENINO,114,520094288
2026,6,12,19,1,D,MASCULINO,73,349975096
2026,6,12,19,1,E,FEMENINO,36,123985720
2026,6,12,19,1,E,MASCULINO,39,131383816
2026,6,12,19,1,F,FEMENINO,21,64485720
2026,6,12,19,1,F,MASCULINO,29,91782864
2026,6,12,19,1,G,FEMENINO,4,11596192
2026,6,12,19,1,G,MASCULINO,18,52182864
2026,6,12,20,1,A,FEMENINO,2,25000000
2026,6,12,20,1,A,MASCULINO,3,52000000
2026,6,12,20,1,B,FEMENINO,13,116500000
2026,6,12,20,1,B,MASCULINO,14,133000000
2026,6,12,20,1,C,FEMENINO,32,206000000
2026,6,12,20,1,C,MASCULINO,7,45400000
2026,6,12,20,1,D,FEMENINO,150,550781912
2026,6,12,20,1,D,MASCULINO,27,105699048
2026,6,12,20,1,E,FEMENINO,98,318182864
2026,6,12,20,1,E,MASCULINO,50,158589528
2026,6,12,20,1,F,MASCULINO,1,2899048
2026,6,12,20,1,G,FEMENINO,55,160050496
2026,6,12,20,1,G,MASCULINO,30,90378104
2026,6,12,21,1,A,FEMENINO,1,15000000
2026,6,12,21,1,A,MASCULINO,2,37000000
2026,6,12,21,1,B,FEMENINO,26,288153333
2026,6,12,21,1,B,MASCULINO,23,278600000
2026,6,12,21,1,C,FEMENINO,18,131300000
2026,6,12,21,1,C,MASCULINO,24,173400000
2026,6,12,21,1,D,FEMENINO,31,126400000
2026,6,12,21,1,D,MASCULINO,34,157200000
2026,6,12,21,1,E,FEMENINO,15,49491432
2026,6,12,21,1,E,MASCULINO,26,85087624
2026,6,12,21,1,F,FEMENINO,4,11596192
2026,6,12,21,1,F,MASCULINO,18,55591432
2026,6,13,1,1,A,FEMENINO,110,1248538672
2026,6,13,1,1,A,MASCULINO,79,857814528
2026,6,13,1,1,B,FEMENINO,156,1199239621
2026,6,13,1,1,B,MASCULINO,119,874819747
2026,6,13,1,1,C,FEMENINO,139,735261171
2026,6,13,1,1,C,MASCULINO,118,639533051
2026,6,13,1,1,D,FEMENINO,516,3184447899
2026,6,13,1,1,D,MASCULINO,450,2665662571
2026,6,13,1,1,E,FEMENINO,512,1761537685
2026,6,13,1,1,E,MASCULINO,406,1413668190
2026,6,13,1,1,F,FEMENINO,596,2499626599
2026,6,13,1,1,F,MASCULINO,444,1810429125
2026,6,13,1,1,G,FEMENINO,552,1630104254
2026,6,13,1,1,G,MASCULINO,508,1494475225
2026,6,13,1,1,J,FEMENINO,4565,28932471439
2026,6,13,1,1,J,MASCULINO,2843,19155573844
2026,6,13,1,1,R,FEMENINO,35,226624134
2026,6,13,1,1,R,MASCULINO,25,157716619
2026,6,13,2,1,A,FEMENINO,13,146300000
2026,6,13,2,1,A,MASCULINO,24,253500000
2026,6,13,2,1,B,FEMENINO,25,357600000
2026,6,13,2,1,B,MASCULINO,44,626600000
2026,6,13,2,1,C,FEMENINO,257,2205606667
2026,6,13,2,1,C,MASCULINO,292,2536500000
2026,6,13,2,1,D,FEMENINO,867,3672318104
2026,6,13,2,1,D,MASCULINO,945,4138356192
2026,6,13,2,1,E,FEMENINO,731,2387413910
2026,6,13,2,1,E,MASCULINO,764,2545223415
2026,6,13,2,1,F,FEMENINO,724,2103834862
2026,6,13,2,1,F,MASCULINO,702,2045059230
2026,6,13,2,1,G,MASCULINO,3,8798096
2026,6,13,2,1,J,FEMENINO,52,691679463
2026,6,13,2,1,J,MASCULINO,43,603852848
2026,6,13,2,1,S,FEMENINO,5,24200000
2026,6,13,2,1,S,MASCULINO,4,18100000
2026,6,13,3,1,C,FEMENINO,209,1376549429
2026,6,13,3,1,C,MASCULINO,154,996524433
2026,6,13,3,1,D,FEMENINO,161,811136932
2026,6,13,3,1,D,MASCULINO,191,962894636
2026,6,13,3,1,E,FEMENINO,135,516338629
2026,6,13,3,1,E,MASCULINO,122,473835554
2026,6,13,3,1,G,FEMENINO,391,1133684311
2026,6,13,3,1,G,MASCULINO,464,1418986604
2026,6,13,3,1,J,FEMENINO,2121,14871934116
2026,6,13,3,1,J,MASCULINO,1390,9911302337
2026,6,13,3,1,K,FEMENINO,101,1096185777
2026,6,13,3,1,K,MASCULINO,78,883900018
2026,6,13,3,1,S,FEMENINO,207,1450776750
2026,6,13,3,1,S,MASCULINO,98,735988500
2026,6,13,4,1,B,FEMENINO,6,87000000
2026,6,13,4,1,B,MASCULINO,12,175500000
2026,6,13,4,1,C,FEMENINO,36,313300000
2026,6,13,4,1,C,MASCULINO,20,173400000
2026,6,13,4,1,D,FEMENINO,25,125565500
2026,6,13,4,1,D,MASCULINO,28,139700000
2026,6,13,4,1,E,FEMENINO,1,4500000
2026,6,13,4,1,E,MASCULINO,8,26400000
2026,6,13,4,1,F,FEMENINO,2,6399048
2026,6,13,4,1,F,MASCULINO,1,3300000
2026,6,13,4,1,G,FEMENINO,8,31000000
2026,6,13,4,1,G,MASCULINO,7,29700000
2026,6,13,5,1,A,FEMENINO,1,13000000
2026,6,13,5,1,A,MASCULINO,2,26000000
2026,6,13,5,1,B,FEMENINO,9,145000000
2026,6,13,5,1,B,MASCULINO,13,205000000
2026,6,13,5,1,C,FEMENINO,62,590900000
2026,6,13,5,1,C,MASCULINO,51,463600000
2026,6,13,5,1,D,FEMENINO,38,207000000
2026,6,13,5,1,D,MASCULINO,38,219600000
2026,6,13,5,1,E,FEMENINO,8,32600000
2026,6,13,5,1,E,MASCULINO,4,16400000
2026,6,13,5,1,F,FEMENINO,3,14400000
2026,6,13,5,1,F,MASCULINO,6,18000000
2026,6,13,5,1,G,FEMENINO,1,3100000
2026,6,13,5,1,G,MASCULINO,2,5800000
2026,6,13,6,1,A,FEMENINO,6,84096000
2026,6,13,6,1,A,MASCULINO,5,70080000
2026,6,13,6,1,B,FEMENINO,8,113383500
2026,6,13,6,1,B,MASCULINO,13,176322630
2026,6,13,6,1,C,FEMENINO,61,413566410
2026,6,13,6,1,C,MASCULINO,29,237481460
2026,6,13,6,1,E,FEMENINO,50,194874285
2026,6,13,6,1,E,MASCULINO,48,188288580
2026,6,13,6,1,F,FEMENINO,5,25221340
2026,6,13,6,1,F,MASCULINO,6,31338880
2026,6,13,6,1,G,FEMENINO,112,329818184
2026,6,13,6,1,G,MASCULINO,151,451417427
2026,6,13,6,1,J,FEMENINO,1165,8158747908
2026,6,13,6,1,J,MASCULINO,574,3939775248
2026,6,13,7,1,A,FEMENINO,6,89000000
2026,6,13,7,1,A,MASCULINO,7,120500000
2026,6,13,7,1,B,MASCULINO,1,14016000
2026,6,13,7,1,C,FEMENINO,13,96500000
2026,6,13,7,1,C,MASCULINO,10,69800000
2026,6,13,7,1,D,FEMENINO,11,66500000
2026,6,13,7,1,D,MASCULINO,13,71500000
2026,6,13,7,1,E,FEMENINO,1,7000000
2026,6,13,7,1,F,FEMENINO,1,5446745
2026,6,13,7,1,F,MASCULINO,1,5446745
2026,6,13,7,1,J,FEMENINO,5,40701205
2026,6,13,7,1,J,MASCULINO,12,140310595
2026,6,14,1,1,A,MASCULINO,2,44000000
2026,6,14,1,1,B,FEMENINO,8,92100000
2026,6,14,1,1,B,MASCULINO,20,226000000
2026,6,14,1,1,C,FEMENINO,510,5968100000
2026,6,14,1,1,C,MASCULINO,397,4405400000
2026,6,14,1,1,F,FEMENINO,2,9600000
2026,6,14,1,1,F,MASCULINO,3,12499048
2026,6,15,1,1,A,FEMENINO,1,15000000
2026,6,15,1,1,A,MASCULINO,1,22000000
2026,6,15,1,1,B,FEMENINO,20,136200000
2026,6,15,1,1,B,MASCULINO,7,52300000
2026,6,15,1,1,C,FEMENINO,6,30000000
2026,6,15,1,1,C,MASCULINO,1,6000000
2026,6,15,1,1,D,FEMENINO,27,107400000
2026,6,15,1,1,D,MASCULINO,7,27099048
2026,6,15,1,1,E,FEMENINO,19,57891432
2026,6,15,1,1,E,MASCULINO,16,49792384
2026,6,15,1,1,G,FEMENINO,2,5798096
2026,6,15,1,1,G,MASCULINO,1,3500000
2026,6,15,2,1,C,MASCULINO,1,2899048
2026,6,15,2,1,D,FEMENINO,1,3819900
2026,6,15,2,1,D,MASCULINO,2,7639800
2026,6,15,2,1,G,FEMENINO,1,2899048
2026,6,15,2,1,J,FEMENINO,3,36362700
2026,6,15,2,1,J,MASCULINO,3,36362700
2026,6,15,2,1,K,FEMENINO,10,64888300
2026,6,15,2,1,K,MASCULINO,7,50064400
2026,6,21,1,1,A,FEMENINO,121,784535000
2026,6,21,1,1,A,MASCULINO,134,976775000
2026,6,21,1,1,B,FEMENINO,114,1424000000
2026,6,21,1,1,B,MASCULINO,104,1348795000
2026,6,21,1,1,C,FEMENINO,91,1438685000
2026,6,21,1,1,C,MASCULINO,86,1379055000
2026,6,21,1,1,D,FEMENINO,31,685745000
2026,6,21,1,1,D,MASCULINO,53,1156110000
2026,6,21,1,1,E,FEMENINO,5,120595000
2026,6,21,1,1,E,MASCULINO,14,313725000
2026,6,21,1,1,F,FEMENINO,1,25365000
2026,6,21,1,1,F,MASCULINO,3,76095000
2026,6,21,1,1,G,FEMENINO,1,26255000
2026,6,21,1,1,G,MASCULINO,2,52510000
2026,6,21,1,1,H,MASCULINO,1,26255000
2026,6,21,1,1,I,FEMENINO,2,60520000
2026,6,21,1,1,I,MASCULINO,3,90780000
2026,6,21,1,1,J,MASCULINO,1,32040000
2026,6,22,1,1,A,FEMENINO,1,28990480
2026,6,22,1,1,B,MASCULINO,1,4144000
2026,6,22,1,1,C,FEMENINO,9,58524872
2026,6,22,1,1,C,MASCULINO,8,42487952
2026,6,22,1,1,D,MASCULINO,1,2435200
2026,6,22,1,1,E,FEMENINO,8,19481600
2026,6,22,1,1,E,MASCULINO,6,13886438
2026,6,22,1,1,F,FEMENINO,4,9740800
2026,6,22,1,1,F,MASCULINO,6,14611200
2026,6,22,1,1,G,FEMENINO,2,4145638
2026,6,22,1,1,G,MASCULINO,3,7305600
2026,6,22,1,1,J,FEMENINO,3,9660000
2026,6,22,1,1,J,MASCULINO,1,2435200
2026,6,22,2,1,A,MASCULINO,1,28990480
2026,6,22,2,1,B,FEMENINO,2,6245772
2026,6,22,2,1,C,FEMENINO,6,21402516
2026,6,22,2,1,C,MASCULINO,7,38031852
2026,6,22,2,1,D,FEMENINO,1,2424184
2026,6,22,2,1,E,FEMENINO,5,12120920
2026,6,22,2,1,E,MASCULINO,6,14736120
2026,6,22,2,1,G,FEMENINO,2,4848368
2026,6,22,2,1,G,MASCULINO,8,19193472
2026,6,22,2,1,J,MASCULINO,2,7140000
2026,6,22,3,1,A,MASCULINO,1,26803730
2026,6,22,3,1,B,MASCULINO,1,4144000
2026,6,22,3,1,C,FEMENINO,6,28382000
2026,6,22,3,1,C,MASCULINO,6,36439600
2026,6,22,3,1,D,FEMENINO,1,3500000
2026,6,22,3,1,D,MASCULINO,1,3500000
2026,6,22,3,1,E,FEMENINO,1,2899048
2026,6,22,3,1,G,FEMENINO,8,23192384
2026,6,22,3,1,G,MASCULINO,13,37687624
2026,6,22,3,1,J,FEMENINO,2,8000000
2026,6,22,3,1,J,MASCULINO,2,6000000
2026,6,22,4,1,A,MASCULINO,1,28990480
2026,6,22,4,1,B,FEMENINO,1,3480960
2026,6,22,4,1,B,MASCULINO,1,5064780
2026,6,22,4,1,C,FEMENINO,11,50642444
2026,6,22,4,1,C,MASCULINO,12,53750696
2026,6,22,4,1,D,FEMENINO,5,12477904
2026,6,22,4,1,D,MASCULINO,1,2435200
2026,6,22,4,1,E,MASCULINO,4,9629298
2026,6,22,4,1,G,FEMENINO,14,34092800
2026,6,22,4,1,G,MASCULINO,17,41175396
2026,6,22,4,1,J,FEMENINO,2,6720000
2026,6,22,4,1,J,MASCULINO,2,5375200
2026,6,22,5,1,A,MASCULINO,1,27983090
2026,6,22,5,1,B,FEMENINO,2,8288000
2026,6,22,5,1,B,MASCULINO,6,43460000
2026,6,22,5,1,C,FEMENINO,5,29293700
2026,6,22,5,1,C,MASCULINO,20,97079100
2026,6,22,5,1,D,FEMENINO,4,10721619
2026,6,22,5,1,D,MASCULINO,6,16255501
2026,6,22,5,1,E,FEMENINO,5,13519801
2026,6,22,5,1,E,MASCULINO,6,16082238
2026,6,22,5,1,F,FEMENINO,3,8041119
2026,6,22,5,1,F,MASCULINO,6,16082238
2026,6,22,5,1,G,FEMENINO,1,2680373
2026,6,22,5,1,G,MASCULINO,7,18762611
2026,6,22,5,1,J,FEMENINO,3,13980373
2026,6,22,6,1,A,MASCULINO,1,28990480
2026,6,22,6,1,B,MASCULINO,1,3480960
2026,6,22,6,1,C,FEMENINO,6,31094552
2026,6,22,6,1,C,MASCULINO,13,79895020
2026,6,22,6,1,D,MASCULINO,1,2435200
2026,6,22,6,1,E,MASCULINO,3,7305600
2026,6,22,6,1,F,FEMENINO,1,2435200
2026,6,22,6,1,F,MASCULINO,1,2435200
2026,6,22,6,1,G,FEMENINO,4,9740800
2026,6,22,6,1,G,MASCULINO,5,12176000
2026,6,22,6,1,J,MASCULINO,4,12095200
2026,6,22,7,1,A,FEMENINO,2,10242400
2026,6,22,7,1,A,MASCULINO,2,33134480
2026,6,22,7,1,B,FEMENINO,2,16460000
2026,6,22,7,1,B,MASCULINO,4,28170960
2026,6,22,7,1,C,FEMENINO,16,81235492
2026,6,22,7,1,C,MASCULINO,20,91886628
2026,6,22,7,1,D,FEMENINO,9,22032472
2026,6,22,7,1,D,MASCULINO,16,37206050
2026,6,22,7,1,E,FEMENINO,5,12176000
2026,6,22,7,1,E,MASCULINO,12,29222400
2026,6,22,7,1,G,FEMENINO,5,12176000
2026,6,22,7,1,G,MASCULINO,8,19481600
2026,6,22,7,1,J,FEMENINO,1,2520000
2026,6,22,9,1,A,FEMENINO,1,28990480
2026,6,22,9,1,A,MASCULINO,1,3886680
2026,6,22,9,1,B,FEMENINO,1,3480960
2026,6,22,9,1,B,MASCULINO,1,2730420
2026,6,22,9,1,C,FEMENINO,8,41660092
2026,6,22,9,1,C,MASCULINO,13,70951200
2026,6,22,9,1,D,FEMENINO,4,8985094
2026,6,22,9,1,D,MASCULINO,9,21220660
2026,6,22,9,1,E,FEMENINO,1,2435200
2026,6,22,9,1,E,MASCULINO,5,12176000
2026,6,22,9,1,F,MASCULINO,4,9740800
2026,6,22,9,1,G,FEMENINO,3,7305600
2026,6,22,9,1,G,MASCULINO,15,36594712
2026,6,22,9,1,J,MASCULINO,4,12095200
2026,6,22,10,1,A,MASCULINO,1,28990480
2026,6,22,10,1,B,FEMENINO,2,8288000
2026,6,22,10,1,C,FEMENINO,13,66690400
2026,6,22,10,1,C,MASCULINO,15,89487300
2026,6,22,10,1,D,FEMENINO,1,2899048
2026,6,22,10,1,D,MASCULINO,1,2899048
2026,6,22,10,1,E,FEMENINO,5,14495240
2026,6,22,10,1,E,MASCULINO,13,37687624
2026,6,22,10,1,G,FEMENINO,13,37687624
2026,6,22,10,1,G,MASCULINO,9,26091432
2026,6,22,10,1,J,FEMENINO,1,3000000
2026,6,22,10,1,J,MASCULINO,3,11399048
2026,6,22,11,1,A,MASCULINO,1,28990480
2026,6,22,11,1,B,FEMENINO,2,7217100
2026,6,22,11,1,B,MASCULINO,1,4144000
2026,6,22,11,1,C,FEMENINO,23,112801448
2026,6,22,11,1,C,MASCULINO,12,47897000
2026,6,22,11,1,D,FEMENINO,13,37904676
2026,6,22,11,1,D,MASCULINO,17,49500868
2026,6,22,11,1,E,FEMENINO,3,8697144
2026,6,22,11,1,E,MASCULINO,2,5798096
2026,6,22,11,1,G,FEMENINO,7,20694288
2026,6,22,11,1,G,MASCULINO,4,11596192
2026,6,22,11,1,J,FEMENINO,2,6500000
2026,6,22,11,1,J,MASCULINO,1,5000000
2026,6,22,12,1,A,FEMENINO,4,13923840
2026,6,22,12,1,A,MASCULINO,7,48840240
2026,6,22,12,1,B,FEMENINO,4,25166400
2026,6,22,12,1,B,MASCULINO,6,34317360
2026,6,22,12,1,C,FEMENINO,6,24117700
2026,6,22,12,1,C,MASCULINO,9,41834604
2026,6,22,12,1,D,FEMENINO,3,7551388
2026,6,22,12,1,D,MASCULINO,3,7591668
2026,6,22,12,1,E,FEMENINO,8,19481600
2026,6,22,12,1,E,MASCULINO,9,21916800
2026,6,22,12,1,G,FEMENINO,3,7305600
2026,6,22,12,1,G,MASCULINO,4,9016038
2026,6,22,12,1,J,FEMENINO,1,4200000
2026,6,22,12,1,S,FEMENINO,1,3477935
2026,6,22,13,1,A,MASCULINO,1,28990480
2026,6,22,13,1,B,FEMENINO,1,3480960
2026,6,22,13,1,C,FEMENINO,4,16229136
2026,6,22,13,1,C,MASCULINO,7,51976400
2026,6,22,13,1,E,FEMENINO,1,2435200
2026,6,22,13,1,E,MASCULINO,1,2435200
2026,6,22,13,1,F,FEMENINO,2,4870400
2026,6,22,13,1,G,FEMENINO,9,21916800
2026,6,22,13,1,G,MASCULINO,7,17046400
2026,6,22,13,1,J,FEMENINO,2,4955200
2026,6,22,13,1,J,MASCULINO,2,7140000
2026,6,22,14,1,A,MASCULINO,1,27983090
2026,6,22,14,1,B,MASCULINO,1,4144000
2026,6,22,14,1,C,FEMENINO,5,32635100
2026,6,22,14,1,C,MASCULINO,6,32002700
2026,6,22,14,1,D,FEMENINO,1,2368200
2026,6,22,14,1,D,MASCULINO,1,3798900
2026,6,22,14,1,E,MASCULINO,2,5100614
2026,6,22,14,1,F,FEMENINO,1,2550307
2026,6,22,14,1,F,MASCULINO,7,17852149
2026,6,22,14,1,G,FEMENINO,1,2550307
2026,6,22,14,1,G,MASCULINO,5,12751535
2026,6,22,14,1,J,FEMENINO,1,3000000
2026,6,22,14,1,J,MASCULINO,2,6000000
2026,6,22,15,1,A,MASCULINO,1,28990480
2026,6,22,15,1,B,MASCULINO,1,3480960
2026,6,22,15,1,C,FEMENINO,2,8747844
2026,6,22,15,1,C,MASCULINO,10,46759580
2026,6,22,15,1,D,FEMENINO,2,4870400
2026,6,22,15,1,D,MASCULINO,3,7305600
2026,6,22,15,1,E,FEMENINO,1,2435200
2026,6,22,15,1,E,MASCULINO,7,17046400
2026,6,22,15,1,F,MASCULINO,1,2435200
2026,6,22,15,1,G,FEMENINO,1,2435200
2026,6,22,15,1,G,MASCULINO,4,9740800
2026,6,22,15,1,J,MASCULINO,4,12095200
2026,6,22,16,1,A,FEMENINO,1,4432000
2026,6,22,16,1,A,MASCULINO,1,28990480
2026,6,22,16,1,B,MASCULINO,1,4144000
2026,6,22,16,1,C,FEMENINO,10,52777848
2026,6,22,16,1,C,MASCULINO,12,76260900
2026,6,22,16,1,D,MASCULINO,5,14495240
2026,6,22,16,1,E,FEMENINO,9,26091432
2026,6,22,16,1,E,MASCULINO,13,37687624
2026,6,22,16,1,F,FEMENINO,4,11596192
2026,6,22,16,1,F,MASCULINO,4,12093544
2026,6,22,16,1,G,FEMENINO,4,11596192
2026,6,22,16,1,G,MASCULINO,8,23192384
2026,6,22,16,1,J,FEMENINO,2,8000000
2026,6,22,16,1,J,MASCULINO,2,6399048
2026,6,22,17,1,A,MASCULINO,1,28990480
2026,6,22,17,1,B,MASCULINO,2,6280848
2026,6,22,17,1,C,FEMENINO,3,18144504
2026,6,22,17,1,C,MASCULINO,10,58969680
2026,6,22,17,1,D,MASCULINO,1,2350580
2026,6,22,17,1,E,MASCULINO,8,18804640
2026,6,22,17,1,F,FEMENINO,1,2350580
2026,6,22,17,1,F,MASCULINO,2,4702580
2026,6,22,17,1,G,FEMENINO,4,9402320
2026,6,22,17,1,G,MASCULINO,6,14103480
2026,6,23,1,1,A,FEMENINO,3,23205000
2026,6,23,1,1,A,MASCULINO,1,20020000
2026,6,23,1,1,B,FEMENINO,6,55692000
2026,6,23,1,1,B,MASCULINO,9,83538000
2026,6,23,1,1,C,FEMENINO,57,346633000
2026,6,23,1,1,C,MASCULINO,20,124852000
2026,6,23,1,1,D,FEMENINO,50,221524000
2026,6,23,1,1,D,MASCULINO,29,118027000
2026,6,23,1,1,E,FEMENINO,8,29209268
2026,6,23,1,1,E,MASCULINO,33,101992344
2026,6,23,1,1,F,FEMENINO,4,10736268
2026,6,23,1,1,F,MASCULINO,2,5460000
2026,6,23,3,1,A,MASCULINO,1,10000000
2026,6,23,3,1,B,FEMENINO,42,309220000
2026,6,23,3,1,B,MASCULINO,59,421760000
2026,6,23,3,1,C,FEMENINO,73,411600000
2026,6,23,3,1,C,MASCULINO,148,829920000
2026,6,23,3,1,D,FEMENINO,7,26531148
2026,6,23,3,1,D,MASCULINO,20,85783548
2026,6,23,3,1,E,FEMENINO,3,10332000
2026,6,23,3,1,E,MASCULINO,14,47122579
2026,6,23,3,1,G,FEMENINO,3,8652000
2026,6,23,3,1,G,MASCULINO,19,56216000
2026,6,23,4,1,A,MASCULINO,1,22000000
2026,6,23,4,1,B,FEMENINO,5,65000000
2026,6,23,4,1,B,MASCULINO,3,36200000
2026,6,23,4,1,C,FEMENINO,11,83700000
2026,6,23,4,1,C,MASCULINO,3,23700000
2026,6,23,4,1,D,FEMENINO,19,94000000
2026,6,23,4,1,D,MASCULINO,6,30599048
2026,6,23,4,1,E,MASCULINO,1,4900000
2026,6,23,4,1,F,FEMENINO,4,13900000
2026,6,23,4,1,F,MASCULINO,4,15000000
2026,6,23,4,1,G,FEMENINO,3,11700000
2026,6,23,4,1,G,MASCULINO,5,17999048
2026,6,23,6,1,A,MASCULINO,1,18480000
2026,6,23,6,1,B,FEMENINO,7,65975000
2026,6,23,6,1,B,MASCULINO,7,64974000
2026,6,23,6,1,C,FEMENINO,8,57967000
2026,6,23,6,1,C,MASCULINO,10,74620000
2026,6,23,6,1,D,FEMENINO,4,22750000
2026,6,23,6,1,D,MASCULINO,14,67704000
2026,6,23,6,1,G,FEMENINO,1,3731000
2026,6,23,6,1,G,MASCULINO,2,9009000
2026,6,23,8,1,B,FEMENINO,5,33103110
2026,6,23,8,1,B,MASCULINO,1,6534108
2026,6,23,8,1,C,FEMENINO,2,11110576
2026,6,23,8,1,C,MASCULINO,2,14106288
2026,6,23,8,1,D,FEMENINO,1,3286080
2026,6,23,8,1,D,MASCULINO,1,3096300
2026,6,23,8,1,E,MASCULINO,1,3317748
2026,6,23,10,1,B,FEMENINO,3,34000000
2026,6,23,10,1,B,MASCULINO,21,302000000
2026,6,23,10,1,C,FEMENINO,68,557563376
2026,6,23,10,1,C,MASCULINO,104,939177735
2026,6,23,10,1,D,FEMENINO,4,16500000
2026,6,23,10,1,D,MASCULINO,7,25800000
2026,6,23,10,1,F,FEMENINO,20,87892384
2026,6,23,10,1,F,MASCULINO,33,145193336
2026,6,23,10,1,G,FEMENINO,9,38323900
2026,6,23,10,1,G,MASCULINO,12,44700000
2026,6,23,13,1,A,FEMENINO,1,17290000
2026,6,23,13,1,B,FEMENINO,5,35217121
2026,6,23,13,1,B,MASCULINO,14,148926657
2026,6,23,13,1,C,FEMENINO,6,44205000
2026,6,23,13,1,C,MASCULINO,6,43022000
2026,6,23,13,1,D,FEMENINO,2,8701000
2026,6,23,13,1,D,MASCULINO,3,14112000
2026,6,23,13,1,E,MASCULINO,4,9883200
2026,6,23,13,1,F,FEMENINO,6,15435861
2026,6,23,13,1,F,MASCULINO,9,23073705
2026,6,23,13,1,G,FEMENINO,12,51245748
2026,6,23,13,1,G,MASCULINO,14,63599193
2026,6,23,14,1,A,FEMENINO,1,5800000
2026,6,23,14,1,A,MASCULINO,3,35200000
2026,6,23,14,1,B,FEMENINO,10,130000000
2026,6,23,14,1,B,MASCULINO,5,59400000
2026,6,23,14,1,C,FEMENINO,50,409300000
2026,6,23,14,1,C,MASCULINO,31,240300000
2026,6,23,14,1,D,FEMENINO,4,18800000
2026,6,23,14,1,D,MASCULINO,7,33800000
2026,6,23,14,1,E,FEMENINO,6,23099048
2026,6,23,14,1,E,MASCULINO,8,33800000
2026,6,23,14,1,F,MASCULINO,3,11599048
2026,6,23,14,1,G,MASCULINO,1,0
2026,6,23,16,1,A,FEMENINO,4,36500000
2026,6,23,16,1,A,MASCULINO,1,22000000
2026,6,23,16,1,B,FEMENINO,25,265900000
2026,6,23,16,1,B,MASCULINO,14,151100000
2026,6,23,16,1,C,FEMENINO,106,743776667
2026,6,23,16,1,C,MASCULINO,100,696266667
2026,6,23,16,1,D,FEMENINO,186,825900000
2026,6,23,16,1,D,MASCULINO,186,819490000
2026,6,23,16,1,E,FEMENINO,83,244939710
2026,6,23,16,1,E,MASCULINO,287,833757306
2026,6,23,16,1,F,FEMENINO,41,120370045
2026,6,23,16,1,F,MASCULINO,73,211758687
2026,6,23,16,1,G,FEMENINO,23,66581469
2026,6,23,16,1,G,MASCULINO,62,176946245
2026,6,23,17,1,A,FEMENINO,1,22000000
2026,6,23,17,1,B,FEMENINO,11,79480000
2026,6,23,17,1,B,MASCULINO,4,29736000
2026,6,23,17,1,C,FEMENINO,4,25536000
2026,6,23,17,1,D,FEMENINO,11,39647200
2026,6,23,17,1,D,MASCULINO,4,14532000
2026,6,23,17,1,E,FEMENINO,12,35196000
2026,6,23,17,1,E,MASCULINO,7,22428000
2026,6,23,17,1,F,MASCULINO,2,4955200
2026,6,23,17,1,G,FEMENINO,5,12176000
2026,6,23,17,1,G,MASCULINO,5,12344800
2026,6,23,18,1,A,FEMENINO,1,4368000
2026,6,23,18,1,A,MASCULINO,1,22000000
2026,6,23,18,1,B,FEMENINO,4,36593727
2026,6,23,18,1,B,MASCULINO,12,115126276
2026,6,23,18,1,C,FEMENINO,83,533347324
2026,6,23,18,1,C,MASCULINO,86,555002499
2026,6,23,18,1,D,FEMENINO,75,253697207
2026,6,23,18,1,D,MASCULINO,110,394621152
2026,6,23,18,1,E,FEMENINO,12,32513386
2026,6,23,18,1,E,MASCULINO,34,97698372
2026,6,23,18,1,F,FEMENINO,1,2500000
2026,6,23,18,1,F,MASCULINO,5,11713165
2026,6,23,18,1,G,FEMENINO,7,14851762
2026,6,23,18,1,G,MASCULINO,16,34422599
2026,6,23,19,1,A,MASCULINO,3,44480000
2026,6,23,19,1,B,FEMENINO,5,54600000
2026,6,23,19,1,B,MASCULINO,4,45760000
2026,6,23,19,1,C,FEMENINO,67,538020000
2026,6,23,19,1,C,MASCULINO,39,317856000
2026,6,23,19,1,D,FEMENINO,16,61992000
2026,6,23,19,1,D,MASCULINO,23,98952000
2026,6,23,19,1,E,MASCULINO,3,8064000
2026,6,23,19,1,G,FEMENINO,1,2435200
2026,6,23,20,1,A,FEMENINO,2,29800000
2026,6,23,20,1,A,MASCULINO,3,25600000
2026,6,23,20,1,B,FEMENINO,15,159700000
2026,6,23,20,1,B,MASCULINO,8,90700000
2026,6,23,20,1,C,FEMENINO,19,149700000
2026,6,23,20,1,C,MASCULINO,25,172700000
2026,6,23,20,1,D,FEMENINO,27,115300000
2026,6,23,20,1,D,MASCULINO,40,171700000
2026,6,23,20,1,E,FEMENINO,27,85790480
2026,6,23,20,1,E,MASCULINO,86,258378104
2026,6,23,20,1,F,FEMENINO,12,34788576
2026,6,23,20,1,F,MASCULINO,30,86971440
2026,6,23,20,1,G,MASCULINO,6,17394288
2026,6,23,22,1,A,FEMENINO,1,4032000
2026,6,23,22,1,A,MASCULINO,3,40502400
2026,6,23,22,1,B,FEMENINO,15,121169900
2026,6,23,22,1,B,MASCULINO,26,219164800
2026,6,23,22,1,C,FEMENINO,34,222994400
2026,6,23,22,1,C,MASCULINO,32,195737200
2026,6,23,22,1,D,FEMENINO,60,223028300
2026,6,23,22,1,D,MASCULINO,68,244199900
2026,6,23,22,1,E,FEMENINO,11,31500300
2026,6,23,22,1,E,MASCULINO,36,92015727
2026,6,23,22,1,F,FEMENINO,12,29209108
2026,6,23,22,1,F,MASCULINO,11,30469881
2026,6,23,22,1,G,FEMENINO,8,21160214
2026,6,23,22,1,G,MASCULINO,50,119022599
2026,6,23,24,1,A,FEMENINO,6,56784000
2026,6,23,24,1,A,MASCULINO,8,68069082
2026,6,23,24,1,B,FEMENINO,2,23320000
2026,6,23,24,1,B,MASCULINO,8,78587341
2026,6,23,24,1,C,FEMENINO,15,90805000
2026,6,23,24,1,C,MASCULINO,13,83473000
2026,6,23,24,1,D,FEMENINO,94,321468800
2026,6,23,24,1,D,MASCULINO,53,185151200
2026,6,23,24,1,E,FEMENINO,43,120990673
2026,6,23,24,1,E,MASCULINO,37,102396000
2026,6,23,24,1,F,FEMENINO,2,5376000
2026,6,23,24,1,F,MASCULINO,7,18564100
2026,6,23,24,1,G,FEMENINO,198,530014946
2026,6,23,24,1,G,MASCULINO,221,587447492
2026,6,23,25,1,A,FEMENINO,1,22000000
2026,6,23,25,1,B,FEMENINO,19,174012000
2026,6,23,25,1,B,MASCULINO,5,51488000
2026,6,23,25,1,C,FEMENINO,21,139749735
2026,6,23,25,1,C,MASCULINO,25,162848924
2026,6,23,25,1,D,FEMENINO,8,28916500
2026,6,23,25,1,D,MASCULINO,11,35715422
2026,6,23,25,1,E,FEMENINO,5,11989901
2026,6,23,25,1,E,MASCULINO,14,29276489
2026,6,23,26,1,A,FEMENINO,1,22000000
2026,6,23,26,1,B,FEMENINO,1,8800000
2026,6,23,26,1,B,MASCULINO,6,51692000
2026,6,23,26,1,C,FEMENINO,8,42522673
2026,6,23,26,1,C,MASCULINO,3,15528000
2026,6,23,26,1,D,FEMENINO,2,5482000
2026,6,23,26,1,D,MASCULINO,2,6630000
2026,6,23,26,1,E,FEMENINO,3,6967434
2026,6,23,26,1,E,MASCULINO,3,6755900
2026,6,23,27,1,A,MASCULINO,2,26000000
2026,6,23,27,1,B,FEMENINO,3,28952000
2026,6,23,27,1,B,MASCULINO,1,10080000
2026,6,23,27,1,C,FEMENINO,5,36540000
2026,6,23,27,1,C,MASCULINO,8,62452000
2026,6,23,27,1,D,FEMENINO,1,5628000
2026,6,23,27,1,D,MASCULINO,1,3864000
2026,6,23,27,1,F,MASCULINO,3,7979200
2026,6,23,28,1,A,MASCULINO,1,22000000
2026,6,23,28,1,B,FEMENINO,6,51888000
2026,6,23,28,1,B,MASCULINO,7,64296000
2026,6,23,28,1,C,MASCULINO,1,6000000
2026,6,23,28,1,D,FEMENINO,6,24696000
2026,6,23,28,1,D,MASCULINO,2,7236000
2026,6,23,29,1,A,FEMENINO,1,4032000
2026,6,23,29,1,A,MASCULINO,1,4800000
2026,6,23,29,1,B,FEMENINO,2,16792000
2026,6,23,29,1,B,MASCULINO,2,18500000
2026,6,23,29,1,C,FEMENINO,4,24528000
2026,6,23,29,1,C,MASCULINO,2,12264000
2026,6,23,29,1,D,FEMENINO,2,9912000
2026,6,23,29,1,D,MASCULINO,1,5628000
2026,6,23,29,1,E,FEMENINO,2,5376000
2026,6,23,29,1,E,MASCULINO,4,13692000
2026,6,23,30,1,A,MASCULINO,3,39480000
2026,6,23,30,1,B,FEMENINO,8,73304000
2026,6,23,30,1,B,MASCULINO,3,31600000
2026,6,23,30,1,C,FEMENINO,8,47796000
2026,6,23,30,1,C,MASCULINO,5,31332000
2026,6,23,30,1,D,FEMENINO,6,23603200
2026,6,23,30,1,D,MASCULINO,3,11424000
2026,6,23,30,1,E,MASCULINO,3,7305600
2026,6,23,30,1,G,FEMENINO,1,2435200
2026,6,23,30,1,G,MASCULINO,1,2435200
2026,6,23,31,1,A,MASCULINO,1,22000000
2026,6,23,31,1,B,FEMENINO,2,13984000
2026,6,23,31,1,B,MASCULINO,7,74284670
2026,6,23,31,1,C,FEMENINO,4,19824000
2026,6,23,31,1,C,MASCULINO,1,4872000
2026,6,23,31,1,D,FEMENINO,8,24976000
2026,6,23,31,1,D,MASCULINO,5,15204000
2026,6,23,31,1,S,MASCULINO,1,1948900
2026,6,23,32,1,A,MASCULINO,2,37000000
2026,6,23,32,1,B,FEMENINO,11,93912000
2026,6,23,32,1,B,MASCULINO,11,93114667
2026,6,23,32,1,C,FEMENINO,3,13440000
2026,6,23,33,1,B,FEMENINO,2,21400000
2026,6,23,33,1,B,MASCULINO,4,49800000
2026,6,23,33,1,C,FEMENINO,1,8000000
2026,6,23,33,1,C,MASCULINO,2,14040000
2026,6,23,33,1,D,FEMENINO,1,4500000
2026,6,23,33,1,E,MASCULINO,1,4000000
2026,6,23,33,1,G,FEMENINO,1,2899048
2026,6,23,33,1,L,FEMENINO,14,79479006
2026,6,23,33,1,L,MASCULINO,5,22141817
2026,6,23,33,1,Z,FEMENINO,107,538574432
2026,6,23,33,1,Z,MASCULINO,72,401552608
2026,6,23,34,1,B,FEMENINO,3,32756000
2026,6,23,34,1,B,MASCULINO,2,23176000
2026,6,23,34,1,C,FEMENINO,1,4200000
2026,6,23,34,1,D,FEMENINO,1,5880000
2026,6,23,34,1,D,MASCULINO,2,7308000
2026,6,23,34,1,E,FEMENINO,4,12600000
2026,6,23,34,1,E,MASCULINO,2,5123200
2026,6,23,34,1,G,FEMENINO,6,14611200
2026,6,23,34,1,G,MASCULINO,6,14611200
2026,6,23,34,1,L,FEMENINO,41,173393058
2026,6,23,34,1,L,MASCULINO,17,67894215
2026,6,23,34,1,Z,FEMENINO,126,708372443
2026,6,23,34,1,Z,MASCULINO,61,278186722
2026,6,23,35,1,A,MASCULINO,1,22000000
2026,6,23,35,1,B,FEMENINO,1,8568000
2026,6,23,35,1,B,MASCULINO,5,46104000
2026,6,23,35,1,C,MASCULINO,1,5040000
2026,6,23,36,1,A,MASCULINO,1,22000000
2026,6,23,36,1,B,FEMENINO,6,53424000
2026,6,23,36,1,B,MASCULINO,7,62124000
2026,6,23,36,1,C,FEMENINO,15,88536000
2026,6,23,36,1,C,MASCULINO,10,58380000
2026,6,23,36,1,D,FEMENINO,41,130954400
2026,6,23,36,1,D,MASCULINO,16,72743200
2026,6,23,36,1,E,FEMENINO,12,34773600
2026,6,23,36,1,E,MASCULINO,18,50647200
2026,6,23,36,1,F,FEMENINO,5,13191543
2026,6,23,36,1,F,MASCULINO,6,14696000
2026,6,23,36,1,G,FEMENINO,4,10162400
2026,6,23,36,1,G,MASCULINO,1,2436000
2026,6,23,37,1,B,FEMENINO,2,20400000
2026,6,23,37,1,B,MASCULINO,3,33400000
2026,6,23,37,1,F,MASCULINO,1,2688000
2026,6,23,38,1,2,FEMENINO,1,10584000
2026,6,23,38,1,2,MASCULINO,2,22764000
2026,6,23,38,1,A,FEMENINO,1,12600000
2026,6,23,38,1,A,MASCULINO,1,18480000
2026,6,23,38,1,B,FEMENINO,24,197057157
2026,6,23,38,1,B,MASCULINO,5,42189600
2026,6,23,38,1,C,FEMENINO,5,30360960
2026,6,23,38,1,C,MASCULINO,3,22283520
2026,6,23,38,1,D,FEMENINO,13,56539209
2026,6,23,38,1,D,MASCULINO,7,29936574
2026,6,23,38,1,E,FEMENINO,3,11907840
2026,6,23,38,1,E,MASCULINO,5,17989521
2026,6,23,38,1,F,FEMENINO,10,29460160
2026,6,23,38,1,F,MASCULINO,15,42743128
2026,6,23,38,1,G,FEMENINO,5,16128000
2026,6,23,38,1,G,MASCULINO,1,3300000
2026,6,23,38,1,S,FEMENINO,38,144877216
2026,6,23,38,1,S,MASCULINO,7,28711200
2026,6,23,39,1,A,MASCULINO,1,22000000
2026,6,23,39,1,B,FEMENINO,9,80388000
2026,6,23,39,1,B,MASCULINO,17,150360000
2026,6,23,39,1,C,FEMENINO,53,362376000
2026,6,23,39,1,C,MASCULINO,43,296016000
2026,6,23,39,1,D,FEMENINO,32,116838400
2026,6,23,39,1,D,MASCULINO,38,164217600
2026,6,23,39,1,E,FEMENINO,19,50396800
2026,6,23,39,1,E,MASCULINO,23,62657600
2026,6,23,39,1,F,FEMENINO,8,20661600
2026,6,23,39,1,F,MASCULINO,8,20407200
2026,6,23,39,1,G,MASCULINO,3,7643200
2026,6,23,40,1,A,FEMENINO,142,1328068000
2026,6,23,40,1,A,MASCULINO,387,3691685538
2026,6,23,40,1,C,FEMENINO,30,238980000
2026,6,23,40,1,C,MASCULINO,88,781956000
2026,6,23,40,1,D,FEMENINO,357,2255739307
2026,6,23,40,1,D,MASCULINO,447,2984359149
2026,6,23,40,1,E,FEMENINO,44,222600000
2026,6,23,40,1,E,MASCULINO,148,778730894
2026,6,23,40,1,G,MASCULINO,2,37720000
2026,6,23,40,1,H,FEMENINO,1,2435200
2026,6,24,1,1,1,FEMENINO,112,187623294
2026,6,24,1,1,1,MASCULINO,53,129787567
2026,6,24,1,1,D,FEMENINO,832,2350474502
2026,6,24,1,1,D,MASCULINO,856,2431265738
2026,6,24,1,1,F,FEMENINO,125,475620619
2026,6,24,1,1,F,MASCULINO,211,801182764
2026,6,24,1,1,G,FEMENINO,411,2187843328
2026,6,24,1,1,G,MASCULINO,368,1952045538
2026,6,24,1,1,H,FEMENINO,184,1304204796
2026,6,24,1,1,H,MASCULINO,177,1217670219
2026,6,24,1,1,I,FEMENINO,234,2099696051
2026,6,24,1,1,I,MASCULINO,212,1913152963
2026,6,24,1,1,S,FEMENINO,6064,32395285858
2026,6,24,1,1,S,MASCULINO,2544,15450031900
2026,6,24,2,1,B,FEMENINO,2,14040000
2026,6,24,2,1,C,FEMENINO,1,6000000
2026,6,24,2,1,E,MASCULINO,3,11600000
2026,6,24,2,1,S,MASCULINO,2,10800000
2026,6,24,4,1,C,FEMENINO,48,203185334
2026,6,24,4,1,C,MASCULINO,59,236975441
2026,6,24,5,1,A,MASCULINO,1,6660000
2026,6,24,5,1,B,FEMENINO,5,40230000
2026,6,24,5,1,B,MASCULINO,5,40140000
2026,6,24,5,1,C,FEMENINO,17,91078751
2026,6,24,5,1,C,MASCULINO,6,33300000
2026,6,24,5,1,D,FEMENINO,13,54803511
2026,6,24,5,1,D,MASCULINO,13,55688780
2026,6,24,5,1,E,FEMENINO,2,5222172
2026,6,24,5,1,E,MASCULINO,7,20154683
2026,6,24,5,1,F,FEMENINO,12,33112380
2026,6,24,5,1,F,MASCULINO,13,36971409
2026,6,24,5,1,G,FEMENINO,17,44637811
2026,6,24,5,1,G,MASCULINO,17,44715163
2026,6,25,2,1,A,FEMENINO,480,2537048011
2026,6,25,2,1,A,MASCULINO,428,2307813151
2026,6,25,2,1,O,FEMENINO,135,559454111
2026,6,25,2,1,O,MASCULINO,1967,9285123462
2026,6,25,2,1,P,FEMENINO,208,2195906650
2026,6,25,2,1,P,MASCULINO,457,4933458037
2026,6,25,2,1,T,FEMENINO,67,402589809
2026,6,25,2,1,T,MASCULINO,541,3344874122
2026,6,25,4,1,1,FEMENINO,5,17118290
2026,6,25,4,1,1,MASCULINO,10,31701068
2026,6,25,4,1,E,FEMENINO,19,68925636
2026,6,25,4,1,E,MASCULINO,39,131073841
2026,6,25,4,1,G,FEMENINO,36,101083913
2026,6,25,4,1,G,MASCULINO,52,157846216
2026,6,25,4,1,H,FEMENINO,159,434696115
2026,6,25,4,1,H,MASCULINO,472,1268514415
2026,6,25,4,1,K,FEMENINO,46,169080241
2026,6,25,4,1,K,MASCULINO,86,321999591
2026,6,25,4,1,R,FEMENINO,28,190752934
2026,6,25,4,1,R,MASCULINO,64,437386336
2026,6,25,5,1,A,FEMENINO,8,49605100
2026,6,25,5,1,A,MASCULINO,9,67265891
2026,6,25,5,1,B,FEMENINO,37,344858801
2026,6,25,5,1,B,MASCULINO,52,480243689
2026,6,25,5,1,C,FEMENINO,85,530320812
2026,6,25,5,1,C,MASCULINO,125,796701062
2026,6,25,5,1,D,FEMENINO,149,579950361
2026,6,25,5,1,D,MASCULINO,206,822615723
2026,6,25,5,1,E,FEMENINO,238,779051736
2026,6,25,5,1,E,MASCULINO,485,1595026620
2026,6,25,6,1,1,FEMENINO,8,31660900
2026,6,25,6,1,1,MASCULINO,9,32681596
2026,6,25,6,1,2,FEMENINO,4,22093700
2026,6,25,6,1,2,MASCULINO,6,34615600
2026,6,25,6,1,E,FEMENINO,1,3200000
2026,6,25,6,1,F,FEMENINO,1,2899048
2026,6,25,6,1,F,MASCULINO,14,40586672
2026,6,25,6,1,G,FEMENINO,6,25974800
2026,6,25,6,1,G,MASCULINO,23,81306888
2026,6,25,6,1,H,FEMENINO,10,32053096
2026,6,25,6,1,H,MASCULINO,47,145759572
2026,6,25,6,1,I,FEMENINO,10,30252744
2026,6,25,6,1,I,MASCULINO,97,296590964
2026,6,25,6,1,J,FEMENINO,4,12724844
2026,6,25,6,1,J,MASCULINO,21,66716920
2026,6,25,6,1,K,FEMENINO,46,202315100
2026,6,25,6,1,K,MASCULINO,124,527560088
2026,6,25,6,1,R,FEMENINO,17,122097300
2026,6,25,6,1,R,MASCULINO,47,338709344
2026,6,25,7,1,2,FEMENINO,4,45532000
2026,6,25,7,1,2,MASCULINO,12,136596000
2026,6,25,7,1,G,FEMENINO,97,586135674
2026,6,25,7,1,G,MASCULINO,454,2468700697
2026,6,25,7,1,X,FEMENINO,7,36530000
2026,6,25,7,1,X,MASCULINO,46,239898212
2026,6,27,1,1,B,FEMENINO,639,5206906285
2026,6,27,1,1,B,MASCULINO,853,8018853334
2026,6,27,3,1,A,FEMENINO,1,8500000
2026,6,27,3,1,B,FEMENINO,16,129900000
2026,6,27,3,1,B,MASCULINO,44,378400000
2026,6,27,3,1,C,FEMENINO,26,174700000
2026,6,27,3,1,C,MASCULINO,29,200100000
2026,6,27,3,1,D,FEMENINO,71,341300000
2026,6,27,3,1,D,MASCULINO,163,770253333
2026,6,27,3,1,E,FEMENINO,2,5798096
2026,6,27,3,1,E,MASCULINO,3,9499048
2026,6,27,7,1,A,FEMENINO,54,544458000
2026,6,27,7,1,A,MASCULINO,45,553460000
2026,6,28,1,1,0,FEMENINO,1,863435
2026,6,28,1,1,4,FEMENINO,160,957266143
2026,6,28,1,1,4,MASCULINO,113,679123378
2026,6,28,1,1,B,MASCULINO,2,4870400
2026,6,28,1,1,C,FEMENINO,74,211630504
2026,6,28,1,1,C,MASCULINO,69,206435264
2026,6,28,1,1,D,FEMENINO,17,45858024
2026,6,28,1,1,D,MASCULINO,14,40586672
2026,6,28,1,1,E,FEMENINO,1,2899048
2026,6,28,1,1,E,MASCULINO,4,11596192
2026,6,28,1,1,F,FEMENINO,27,78274296
2026,6,28,1,1,F,MASCULINO,76,220327648
2026,6,28,1,1,G,FEMENINO,72,251697852
2026,6,28,1,1,G,MASCULINO,116,383435180
2026,6,28,1,1,H,FEMENINO,186,711957288
2026,6,28,1,1,H,MASCULINO,294,1144453473
2026,6,28,1,1,I,FEMENINO,3,9426600
2026,6,28,1,1,I,MASCULINO,3,9426600
2026,6,28,1,1,K,FEMENINO,911,3929989462
2026,6,28,1,1,K,MASCULINO,1031,4360019728
2026,6,28,1,1,L,FEMENINO,2785,8746267254
2026,6,28,1,1,L,MASCULINO,2817,10194747950
2026,6,28,1,1,R,FEMENINO,539,2986274829
2026,6,28,1,1,R,MASCULINO,382,2126674717
2026,6,28,1,1,S,FEMENINO,1674,9621115000
2026,6,28,1,1,S,MASCULINO,543,2701730000
2026,6,28,1,1,U,FEMENINO,2309,12749172401
2026,6,28,1,1,U,MASCULINO,1923,11439842912
2026,6,28,1,1,Z,FEMENINO,156,422834757
2026,6,28,1,1,Z,MASCULINO,144,352073807
2026,6,28,2,1,C,FEMENINO,9,42977488
2026,6,28,2,1,C,MASCULINO,15,64826952
2026,6,28,2,1,D,FEMENINO,2,7531740
2026,6,28,2,1,D,MASCULINO,6,25845218
2026,6,28,2,1,E,FEMENINO,7,30150096
2026,6,28,2,1,E,MASCULINO,15,74911392
2026,6,28,2,1,F,MASCULINO,1,4870400
2026,6,28,2,1,G,FEMENINO,122,750336416
2026,6,28,2,1,G,MASCULINO,56,369235682
2026,6,28,2,1,K,FEMENINO,42,251956126
2026,6,28,2,1,K,MASCULINO,30,189167714
2026,6,28,2,1,L,FEMENINO,17,77598818
2026,6,28,2,1,L,MASCULINO,8,39470200
2026,6,28,2,1,R,FEMENINO,29,275621006
2026,6,28,2,1,R,MASCULINO,28,288209316
2026,6,28,2,1,S,FEMENINO,16,162442528
2026,6,28,2,1,S,MASCULINO,2,13970880
2026,6,28,2,1,U,FEMENINO,754,5364173550
2026,6,28,2,1,U,MASCULINO,628,5136364308
2026,6,28,2,1,Z,FEMENINO,2,4536000
2026,6,28,2,1,Z,MASCULINO,1,2268000
2026,6,28,3,1,1,MASCULINO,2,1045373
2026,6,28,3,1,D,FEMENINO,5,12176000
2026,6,28,3,1,D,MASCULINO,2,4870400
2026,6,28,3,1,E,FEMENINO,2,4785780
2026,6,28,3,1,E,MASCULINO,1,1641306
2026,6,28,3,1,G,FEMENINO,21,59550804
2026,6,28,3,1,G,MASCULINO,24,65440571
2026,6,28,3,1,K,FEMENINO,34,112906559
2026,6,28,3,1,K,MASCULINO,30,86798773
2026,6,28,3,1,R,FEMENINO,9,48636000
2026,6,28,3,1,R,MASCULINO,12,64116034
2026,6,28,3,1,U,FEMENINO,416,1363847867
2026,6,28,3,1,U,MASCULINO,280,969942692
2026,6,28,4,1,D,FEMENINO,1,3020166
2026,6,28,4,1,E,FEMENINO,10,28154083
2026,6,28,4,1,E,MASCULINO,14,34585641
2026,6,28,4,1,F,FEMENINO,2,4870400
2026,6,28,4,1,F,MASCULINO,2,5510944
2026,6,28,4,1,G,FEMENINO,18,55188246
2026,6,28,4,1,G,MASCULINO,10,30687636
2026,6,28,4,1,H,FEMENINO,24,70040996
2026,6,28,4,1,H,MASCULINO,14,37658631
2026,6,28,4,1,K,FEMENINO,73,247748096
2026,6,28,4,1,K,MASCULINO,46,150335591
2026,6,28,4,1,L,FEMENINO,399,1148694536
2026,6,28,4,1,L,MASCULINO,248,798458077
2026,6,28,4,1,R,FEMENINO,10,51744000
2026,6,28,4,1,R,MASCULINO,3,15523200
2026,6,28,4,1,S,MASCULINO,1,230244
2026,6,28,4,1,U,FEMENINO,130,428104153
2026,6,28,4,1,U,MASCULINO,67,249200167
2026,6,28,6,1,0,FEMENINO,3,0
2026,6,28,6,1,0,MASCULINO,3,0
2026,6,28,6,1,D,FEMENINO,5,12176000
2026,6,28,6,1,D,MASCULINO,1,2435200
2026,6,28,6,1,E,FEMENINO,22,53574400
2026,6,28,6,1,E,MASCULINO,15,36528000
2026,6,28,6,1,F,FEMENINO,35,85232000
2026,6,28,6,1,F,MASCULINO,24,58444800
2026,6,28,6,1,G,FEMENINO,56,178152372
2026,6,28,6,1,G,MASCULINO,46,153046084
2026,6,28,6,1,H,FEMENINO,1,2454816
2026,6,28,6,1,K,FEMENINO,5,23938992
2026,6,28,6,1,K,MASCULINO,4,19094040
2026,6,28,6,1,L,FEMENINO,725,1063967356
2026,6,28,6,1,L,MASCULINO,518,859454526
2026,6,28,6,1,U,FEMENINO,179,481944404
2026,6,28,6,1,U,MASCULINO,129,382620075
2026,6,28,7,1,2,FEMENINO,3,10903788
2026,6,28,7,1,2,MASCULINO,3,10218768
2026,6,28,7,1,C,MASCULINO,1,621300
2026,6,28,7,1,D,FEMENINO,12,29222400
2026,6,28,7,1,D,MASCULINO,9,21916800
2026,6,28,7,1,E,FEMENINO,22,53574400
2026,6,28,7,1,E,MASCULINO,12,29222400
2026,6,28,7,1,F,FEMENINO,30,72887062
2026,6,28,7,1,F,MASCULINO,20,49204000
2026,6,28,7,1,G,FEMENINO,73,213896578
2026,6,28,7,1,G,MASCULINO,48,139485834
2026,6,28,7,1,H,FEMENINO,8,19481600
2026,6,28,7,1,H,MASCULINO,8,19481600
2026,6,28,7,1,I,FEMENINO,6,14282308
2026,6,28,7,1,I,MASCULINO,2,4870400
2026,6,28,7,1,K,FEMENINO,51,176817652
2026,6,28,7,1,K,MASCULINO,35,129301586
2026,6,28,7,1,L,FEMENINO,233,269118500
2026,6,28,7,1,L,MASCULINO,216,250118602
2026,6,28,7,1,S,MASCULINO,1,2806002
2026,6,28,7,1,U,FEMENINO,346,968706576
2026,6,28,7,1,U,MASCULINO,383,1178335982
2026,6,28,8,1,E,FEMENINO,6,14611200
2026,6,28,8,1,E,MASCULINO,8,19481600
2026,6,28,8,1,F,FEMENINO,4,9740800
2026,6,28,8,1,G,FEMENINO,24,76315176
2026,6,28,8,1,G,MASCULINO,17,55221096
2026,6,28,8,1,K,FEMENINO,4,13964664
2026,6,28,8,1,K,MASCULINO,2,9220680
2026,6,28,8,1,R,FEMENINO,13,62462400
2026,6,28,8,1,R,MASCULINO,14,70589400
2026,6,28,8,1,U,FEMENINO,14,79325576
2026,6,28,8,1,U,MASCULINO,10,64445932
2026,6,28,9,1,4,FEMENINO,4,20362608
2026,6,28,9,1,4,MASCULINO,6,31513560
2026,6,28,9,1,F,MASCULINO,1,0
2026,6,28,9,1,G,MASCULINO,1,0
2026,6,28,9,1,K,FEMENINO,1,6060300
2026,6,28,9,1,K,MASCULINO,1,0
2026,6,28,9,1,L,MASCULINO,3,18396000
2026,6,28,9,1,R,FEMENINO,9,61948000
2026,6,28,9,1,R,MASCULINO,6,41141200
2026,6,28,9,1,U,MASCULINO,7,52874819
2026,6,28,10,1,D,FEMENINO,12,29222400
2026,6,28,10,1,D,MASCULINO,4,12176000
2026,6,28,10,1,E,FEMENINO,11,26671238
2026,6,28,10,1,E,MASCULINO,10,24352000
2026,6,28,10,1,G,FEMENINO,17,45649816
2026,6,28,10,1,G,MASCULINO,5,13953072
2026,6,28,10,1,I,MASCULINO,1,988700
2026,6,28,10,1,K,FEMENINO,1,3462900
2026,6,28,10,1,U,FEMENINO,151,333700500
2026,6,28,10,1,U,MASCULINO,111,300017646
2026,6,30,1,2,M,FEMENINO,15,46001681
2026,6,30,1,2,M,MASCULINO,29,88350000
2026,6,30,1,3,M,MASCULINO,1,5000000
2026,6,30,1,4,M,FEMENINO,5,14070000
2026,6,30,1,4,M,MASCULINO,4,17750000
2026,6,30,1,5,M,FEMENINO,3,9810000
2026,6,30,1,5,M,MASCULINO,5,18200000
2026,6,30,1,6,M,FEMENINO,9,30010130
2026,6,30,1,6,M,MASCULINO,7,16744000
2026,6,30,1,237,M,MASCULINO,2,6350000
2026,6,30,1,238,M,MASCULINO,5,29300000
2026,6,30,1,241,M,FEMENINO,1,5000000
2026,6,30,1,241,M,MASCULINO,2,3500000
2026,6,30,1,249,A,MASCULINO,1,9800000
2026,6,30,1,249,M,FEMENINO,1,1700000
2026,6,30,1,257,M,FEMENINO,7,13980519
2026,6,30,1,257,M,MASCULINO,3,4000000
2026,6,30,1,263,M,MASCULINO,4,25500000
2026,6,30,1,524,M,FEMENINO,2,9300000
2026,6,30,1,524,M,MASCULINO,1,2500000
2026,6,30,2,10,M,FEMENINO,6,15361500
2026,6,30,2,10,M,MASCULINO,8,29485000
2026,6,30,2,12,M,FEMENINO,3,8200500
2026,6,30,2,12,M,MASCULINO,7,27864800
2026,6,30,2,13,C,MASCULINO,1,9630000
2026,6,30,2,13,E,FEMENINO,3,6435000
2026,6,30,2,13,E,MASCULINO,1,1800000
2026,6,30,2,14,M,FEMENINO,1,5000000
2026,6,30,2,14,M,MASCULINO,2,2700000
2026,6,30,2,15,M,FEMENINO,7,13590000
2026,6,30,2,15,M,MASCULINO,12,44515480
2026,6,30,2,16,M,MASCULINO,1,3600000
2026,6,30,2,17,M,FEMENINO,2,3200000
2026,6,30,2,17,M,MASCULINO,1,2671400
2026,6,30,2,18,M,FEMENINO,1,2520000
2026,6,30,2,18,M,MASCULINO,3,14990552
2026,6,30,2,19,M,FEMENINO,3,3850000
2026,6,30,2,19,M,MASCULINO,3,6100000
2026,6,30,2,20,M,FEMENINO,1,3000000
2026,6,30,2,20,M,MASCULINO,3,12400000
2026,6,30,2,22,M,FEMENINO,2,10000000
2026,6,30,2,22,M,MASCULINO,2,4500000
2026,6,30,2,23,M,FEMENINO,3,5834500
2026,6,30,2,23,M,MASCULINO,1,1462650
2026,6,30,2,24,M,MASCULINO,1,15415400
2026,6,30,2,25,M,MASCULINO,4,15114328
2026,6,30,2,26,M,FEMENINO,4,39000000
2026,6,30,2,26,M,MASCULINO,7,23695000
2026,6,30,2,239,M,FEMENINO,1,2250000
2026,6,30,2,239,M,MASCULINO,4,15288300
2026,6,30,2,260,M,FEMENINO,1,3800000
2026,6,30,2,260,M,MASCULINO,5,13400000
2026,6,30,3,27,M,FEMENINO,21,83575000
2026,6,30,3,27,M,MASCULINO,23,76432783
2026,6,30,3,28,M,FEMENINO,2,4242250
2026,6,30,3,28,M,MASCULINO,6,35838400
2026,6,30,3,31,M,FEMENINO,8,18500000
2026,6,30,3,31,M,MASCULINO,7,26233400
2026,6,30,3,32,0,FEMENINO,11,36900000
2026,6,30,3,32,0,MASCULINO,6,40810000
2026,6,30,3,33,M,FEMENINO,7,17298000
2026,6,30,3,33,M,MASCULINO,13,56563000
2026,6,30,3,34,M,FEMENINO,3,6858000
2026,6,30,3,34,M,MASCULINO,1,2070000
2026,6,30,3,35,M,FEMENINO,3,4500000
2026,6,30,3,35,M,MASCULINO,3,19208280
2026,6,30,3,37,M,MASCULINO,1,6716666
2026,6,30,3,38,M,MASCULINO,2,3080000
2026,6,30,3,39,M,FEMENINO,3,10275000
2026,6,30,3,39,M,MASCULINO,1,2565000
2026,6,30,3,40,C,FEMENINO,1,1550000
2026,6,30,3,40,M,FEMENINO,14,28150000
2026,6,30,3,40,M,MASCULINO,10,36230000
2026,6,30,3,42,M,FEMENINO,20,66437744
2026,6,30,3,42,M,MASCULINO,20,95813238
2026,6,30,3,43,M,MASCULINO,6,17118000
2026,6,30,3,46,0,MASCULINO,2,7975000
2026,6,30,4,47,M,FEMENINO,63,181680665
2026,6,30,4,47,M,MASCULINO,46,137631728
2026,6,30,4,48,M,FEMENINO,2,3430000
2026,6,30,4,48,M,MASCULINO,1,3600000
2026,6,30,4,49,M,FEMENINO,3,0
2026,6,30,4,49,M,MASCULINO,3,0
2026,6,30,4,50,M,MASCULINO,2,3373080
2026,6,30,4,51,M,MASCULINO,2,6263265
2026,6,30,4,53,M,FEMENINO,1,1400000
2026,6,30,4,53,M,MASCULINO,3,21500000
2026,6,30,4,54,M,FEMENINO,1,0
2026,6,30,4,54,M,MASCULINO,2,2900000
2026,6,30,4,55,M,FEMENINO,4,6530000
2026,6,30,4,55,M,MASCULINO,4,5830000
2026,6,30,4,56,M,FEMENINO,1,1530000
2026,6,30,4,56,M,MASCULINO,1,2300000
2026,6,30,4,57,M,FEMENINO,2,5000000
2026,6,30,4,57,M,MASCULINO,2,3800000
2026,6,30,4,58,M,MASCULINO,2,3000000
2026,6,30,4,59,M,FEMENINO,1,700000
2026,6,30,4,59,M,MASCULINO,1,600000
2026,6,30,4,60,M,FEMENINO,1,1000000
2026,6,30,4,60,M,MASCULINO,1,2200000
2026,6,30,4,61,M,FEMENINO,5,9512000
2026,6,30,4,62,M,FEMENINO,1,1022222
2026,6,30,4,62,M,MASCULINO,1,950000
2026,6,30,4,63,M,MASCULINO,2,8215177
2026,6,30,4,234,M,FEMENINO,5,11475000
2026,6,30,4,234,M,MASCULINO,2,14200000
2026,6,30,5,64,M,FEMENINO,35,115042320
2026,6,30,5,64,M,MASCULINO,77,264584216
2026,6,30,5,67,M,FEMENINO,1,1080000
2026,6,30,5,67,M,MASCULINO,2,5259000
2026,6,30,5,68,M,FEMENINO,2,3530000
2026,6,30,5,68,M,MASCULINO,2,4800000
2026,6,30,5,69,M,FEMENINO,5,10909200
2026,6,30,5,69,M,MASCULINO,13,36247600
2026,6,30,5,70,M,FEMENINO,2,4500000
2026,6,30,5,70,M,MASCULINO,4,19430000
2026,6,30,5,71,M,FEMENINO,1,1190000
2026,6,30,5,71,M,MASCULINO,1,4050000
2026,6,30,5,72,A,MASCULINO,1,6405000
2026,6,30,5,72,D,MASCULINO,1,3500000
2026,6,30,5,72,F,MASCULINO,2,4800000
2026,6,30,5,73,0,FEMENINO,2,3195000
2026,6,30,5,73,0,MASCULINO,9,23040000
2026,6,30,5,74,M,FEMENINO,5,9405000
2026,6,30,5,74,M,MASCULINO,3,5850000
2026,6,30,5,76,M,MASCULINO,3,4800000
2026,6,30,5,77,M,FEMENINO,3,5940000
2026,6,30,5,77,M,MASCULINO,3,5805000
2026,6,30,5,78,M,FEMENINO,6,17190000
2026,6,30,5,78,M,MASCULINO,4,11160000
2026,6,30,5,79,M,FEMENINO,3,7600000
2026,6,30,5,79,M,MASCULINO,9,27500000
2026,6,30,5,81,M,FEMENINO,2,2860000
2026,6,30,5,81,M,MASCULINO,1,980000
2026,6,30,5,82,M,MASCULINO,3,7790000
2026,6,30,5,83,M,FEMENINO,1,990000
2026,6,30,5,83,M,MASCULINO,2,9750000
2026,6,30,5,233,M,FEMENINO,1,1120000
2026,6,30,5,233,M,MASCULINO,14,26490000
2026,6,30,5,243,M,MASCULINO,3,15870000
2026,6,30,6,84,M,FEMENINO,8,15900000
2026,6,30,6,84,M,MASCULINO,12,39100000
2026,6,30,6,85,M,MASCULINO,4,20200000
2026,6,30,6,86,M,FEMENINO,3,0
2026,6,30,6,86,M,MASCULINO,4,0
2026,6,30,6,87,M,MASCULINO,2,5500000
2026,6,30,6,88,M,MASCULINO,5,10200000
2026,6,30,6,89,M,FEMENINO,3,15120000
2026,6,30,6,89,M,MASCULINO,2,11040000
2026,6,30,6,90,M,FEMENINO,4,6500000
2026,6,30,6,90,M,MASCULINO,7,22500000
2026,6,30,6,91,1,MASCULINO,2,6000000
2026,6,30,6,92,0,FEMENINO,3,12775000
2026,6,30,6,92,0,MASCULINO,3,6800000
2026,6,30,6,93,M,FEMENINO,8,12880000
2026,6,30,6,93,M,MASCULINO,13,27902000
2026,6,30,7,94,M,FEMENINO,64,161344266
2026,6,30,7,94,M,MASCULINO,137,368458028
2026,6,30,7,95,M,FEMENINO,4,9163882
2026,6,30,7,95,M,MASCULINO,8,44545493
2026,6,30,7,96,0,FEMENINO,6,0
2026,6,30,7,96,0,MASCULINO,14,0
2026,6,30,7,97,M,FEMENINO,5,10517850
2026,6,30,7,97,M,MASCULINO,11,31166738
2026,6,30,7,98,M,FEMENINO,6,14205000
2026,6,30,7,98,M,MASCULINO,5,34685000
2026,6,30,7,100,M,FEMENINO,8,21300000
2026,6,30,7,100,M,MASCULINO,2,2100000
2026,6,30,7,101,M,FEMENINO,5,12540000
2026,6,30,7,101,M,MASCULINO,11,41820000
2026,6,30,7,102,M,FEMENINO,1,4300000
2026,6,30,7,102,M,MASCULINO,7,25363000
2026,6,30,7,103,M,FEMENINO,5,10299500
2026,6,30,7,103,M,MASCULINO,6,17426000
2026,6,30,7,104,M,FEMENINO,11,0
2026,6,30,7,104,M,MASCULINO,11,0
2026,6,30,7,106,M,FEMENINO,1,1350000
2026,6,30,7,106,M,MASCULINO,4,8140000
2026,6,30,7,107,M,FEMENINO,8,32721000
2026,6,30,7,107,M,MASCULINO,7,36840224
2026,6,30,7,108,M,FEMENINO,4,7500000
2026,6,30,7,108,M,MASCULINO,3,9400000
2026,6,30,7,109,M,MASCULINO,2,0
2026,6,30,7,110,M,FEMENINO,8,31400000
2026,6,30,7,110,M,MASCULINO,9,44800000
2026,6,30,7,111,M,FEMENINO,1,2340000
2026,6,30,7,111,M,MASCULINO,1,3550000
2026,6,30,7,112,M,FEMENINO,3,9270000
2026,6,30,7,112,M,MASCULINO,6,20690000
2026,6,30,7,113,M,FEMENINO,1,2700000
2026,6,30,7,113,M,MASCULINO,8,31790000
2026,6,30,7,114,M,FEMENINO,1,5000000
2026,6,30,7,114,M,MASCULINO,8,47800000
2026,6,30,7,115,M,FEMENINO,8,34000000
2026,6,30,7,115,M,MASCULINO,2,10500000
2026,6,30,7,116,M,FEMENINO,5,7290000
2026,6,30,7,116,M,MASCULINO,1,1710000
2026,6,30,7,117,M,FEMENINO,6,27700000
2026,6,30,7,117,M,MASCULINO,13,64300000
2026,6,30,7,118,M,MASCULINO,6,19400000
2026,6,30,7,119,M,FEMENINO,6,23955604
2026,6,30,7,119,M,MASCULINO,2,8575687
2026,6,30,7,120,M,FEMENINO,4,8700000
2026,6,30,7,120,M,MASCULINO,2,14150000
2026,6,30,7,121,M,FEMENINO,1,6300000
2026,6,30,7,121,M,MASCULINO,3,46965151
2026,6,30,7,122,B,MASCULINO,1,5885000
2026,6,30,7,122,C,FEMENINO,1,3600000
2026,6,30,7,122,D,FEMENINO,1,3917700
2026,6,30,7,122,E,FEMENINO,2,6526800
2026,6,30,7,122,E,MASCULINO,4,11825100
2026,6,30,7,122,S,MASCULINO,1,9970455
2026,6,30,7,123,M,FEMENINO,7,16007000
2026,6,30,7,123,M,MASCULINO,5,20833500
2026,6,30,8,124,M,FEMENINO,8,14040000
2026,6,30,8,124,M,MASCULINO,10,24125000
2026,6,30,8,126,M,FEMENINO,20,111799322
2026,6,30,8,126,M,MASCULINO,22,139641394
2026,6,30,8,127,M,FEMENINO,9,18014667
2026,6,30,8,127,M,MASCULINO,6,11997000
2026,6,30,8,129,M,FEMENINO,3,654000
2026,6,30,8,129,M,MASCULINO,4,545000
2026,6,30,8,130,M,FEMENINO,5,13460000
2026,6,30,8,130,M,MASCULINO,5,29659167
2026,6,30,8,131,M,FEMENINO,3,7450000
2026,6,30,8,131,M,MASCULINO,3,16500000
2026,6,30,9,135,M,FEMENINO,1,3300000
2026,6,30,9,135,M,MASCULINO,2,10720000
2026,6,30,9,137,P,MASCULINO,3,6882727
2026,6,30,9,138,M,FEMENINO,10,24705000
2026,6,30,9,138,M,MASCULINO,17,55380000
2026,6,30,9,139,M,FEMENINO,12,15869431
2026,6,30,9,139,M,MASCULINO,2,2780000
2026,6,30,9,140,M,MASCULINO,4,14100000
2026,6,30,9,141,M,FEMENINO,3,2800000
2026,6,30,9,141,M,MASCULINO,4,2440000
2026,6,30,9,142,M,FEMENINO,5,22620000
2026,6,30,9,142,M,MASCULINO,1,1500000
2026,6,30,9,143,A,FEMENINO,1,10000000
2026,6,30,9,143,B,MASCULINO,1,2600000
2026,6,30,9,143,C,FEMENINO,2,5100000
2026,6,30,9,143,C,MASCULINO,3,7800000
2026,6,30,9,143,G,FEMENINO,3,7250307
2026,6,30,9,143,G,MASCULINO,6,12026666
2026,6,30,9,144,M,FEMENINO,1,2800000
2026,6,30,9,144,M,MASCULINO,1,2000000
2026,6,30,9,146,M,MASCULINO,6,11680000
2026,6,30,9,147,M,FEMENINO,1,1500000
2026,6,30,9,147,M,MASCULINO,2,5500000
2026,6,30,9,148,M,FEMENINO,6,12100000
2026,6,30,9,148,M,MASCULINO,10,26150000
2026,6,30,9,149,M,FEMENINO,2,12250000
2026,6,30,9,149,M,MASCULINO,5,12300000
2026,6,30,9,150,M,FEMENINO,1,1500000
2026,6,30,9,150,M,MASCULINO,1,5554588
2026,6,30,10,151,A,MASCULINO,1,13800000
2026,6,30,10,151,B,FEMENINO,36,197946500
2026,6,30,10,151,B,MASCULINO,43,235451334
2026,6,30,10,151,C,FEMENINO,86,366378667
2026,6,30,10,151,C,MASCULINO,90,366506334
2026,6,30,10,151,D,FEMENINO,9,40414332
2026,6,30,10,151,D,MASCULINO,7,31473665
2026,6,30,10,151,E,FEMENINO,1,2700000
2026,6,30,10,151,F,FEMENINO,3,8624000
2026,6,30,10,151,F,MASCULINO,2,5630000
2026,6,30,10,151,G,FEMENINO,3,9236500
2026,6,30,10,151,G,MASCULINO,10,38244000
2026,6,30,10,152,B,FEMENINO,1,2430000
2026,6,30,10,152,B,MASCULINO,3,12000000
2026,6,30,10,152,D,FEMENINO,10,26770000
2026,6,30,10,152,D,MASCULINO,13,38560000
2026,6,30,10,152,E,MASCULINO,2,5040000
2026,6,30,10,152,F,FEMENINO,10,25140000
2026,6,30,10,152,F,MASCULINO,10,24390000
2026,6,30,10,152,G,FEMENINO,9,20160000
2026,6,30,10,152,G,MASCULINO,21,70450000
2026,6,30,10,152,H,FEMENINO,2,4320000
2026,6,30,10,152,H,MASCULINO,1,2700000
2026,6,30,10,152,P,FEMENINO,1,1620000
2026,6,30,10,152,P,MASCULINO,1,1890000
2026,6,30,10,153,M,FEMENINO,2,6000000
2026,6,30,10,153,M,MASCULINO,2,18200000
2026,6,30,10,154,M,FEMENINO,2,5000000
2026,6,30,10,154,M,MASCULINO,4,22100000
2026,6,30,10,155,A,MASCULINO,2,24400000
2026,6,30,10,155,B,FEMENINO,7,27675000
2026,6,30,10,155,B,MASCULINO,8,30000000
2026,6,30,10,155,C,FEMENINO,10,31170360
2026,6,30,10,155,C,MASCULINO,15,47813549
2026,6,30,10,155,D,FEMENINO,10,31314670
2026,6,30,10,155,D,MASCULINO,4,12973326
2026,6,30,10,155,E,FEMENINO,4,9032490
2026,6,30,10,155,E,MASCULINO,5,9379840
2026,6,30,10,155,F,MASCULINO,1,1980000
2026,6,30,10,155,G,FEMENINO,18,43552525
2026,6,30,10,155,G,MASCULINO,18,42957016
2026,6,30,10,155,L,MASCULINO,1,1980000
2026,6,30,10,156,M,FEMENINO,6,22819200
2026,6,30,10,156,M,MASCULINO,6,20211000
2026,6,30,10,157,M,FEMENINO,5,11000000
2026,6,30,10,157,M,MASCULINO,9,39240000
2026,6,30,10,158,M,FEMENINO,3,5650000
2026,6,30,10,158,M,MASCULINO,3,10600000
2026,6,30,10,159,M,FEMENINO,6,18396237
2026,6,30,10,159,M,MASCULINO,9,40441767
2026,6,30,10,160,M,FEMENINO,6,15297062
2026,6,30,10,160,M,MASCULINO,6,23486213
2026,6,30,10,161,M,FEMENINO,4,10656667
2026,6,30,10,161,M,MASCULINO,9,28230000
2026,6,30,10,162,M,FEMENINO,41,112286810
2026,6,30,10,162,M,MASCULINO,43,146391675
2026,6,30,10,163,M,FEMENINO,2,5600000
2026,6,30,10,163,M,MASCULINO,3,21000000
2026,6,30,10,164,A,MASCULINO,1,17459864
2026,6,30,10,164,B,FEMENINO,15,68968822
2026,6,30,10,164,B,MASCULINO,11,61013346
2026,6,30,10,164,C,FEMENINO,11,41514770
2026,6,30,10,164,C,MASCULINO,23,89505883
2026,6,30,10,164,D,FEMENINO,4,15002282
2026,6,30,10,164,D,MASCULINO,1,4175286
2026,6,30,10,164,F,FEMENINO,3,8634020
2026,6,30,10,164,F,MASCULINO,2,5829992
2026,6,30,10,164,G,FEMENINO,14,42597079
2026,6,30,10,164,G,MASCULINO,45,135968100
2026,6,30,10,165,A,MASCULINO,1,23100000
2026,6,30,10,165,C,FEMENINO,4,22273500
2026,6,30,10,165,C,MASCULINO,2,16900000
2026,6,30,10,165,G,MASCULINO,1,5500000
2026,6,30,10,166,M,FEMENINO,7,21093300
2026,6,30,10,166,M,MASCULINO,5,8474000
2026,6,30,10,167,M,FEMENINO,4,7290000
2026,6,30,10,167,M,MASCULINO,5,30350000
2026,6,30,10,170,M,FEMENINO,7,40878000
2026,6,30,10,170,M,MASCULINO,5,0
2026,6,30,10,240,M,FEMENINO,5,12600000
2026,6,30,10,240,M,MASCULINO,5,22050000
2026,6,30,10,246,M,FEMENINO,1,2250000
2026,6,30,10,246,M,MASCULINO,6,17190000
2026,6,30,11,171,M,FEMENINO,22,46372897
2026,6,30,11,171,M,MASCULINO,21,49830842
2026,6,30,11,172,M,FEMENINO,60,176539255
2026,6,30,11,172,M,MASCULINO,88,278267251
2026,6,30,11,173,A,MASCULINO,1,17579991
2026,6,30,11,173,B,FEMENINO,6,27745861
2026,6,30,11,173,B,MASCULINO,9,40697775
2026,6,30,11,173,C,FEMENINO,10,36863150
2026,6,30,11,173,C,MASCULINO,17,65244572
2026,6,30,11,173,D,FEMENINO,26,83133980
2026,6,30,11,173,D,MASCULINO,46,152439157
2026,6,30,11,173,E,FEMENINO,69,161213462
2026,6,30,11,173,E,MASCULINO,64,165910958
2026,6,30,11,173,F,FEMENINO,12,27547482
2026,6,30,11,173,F,MASCULINO,12,30099065
2026,6,30,11,173,G,FEMENINO,53,119669867
2026,6,30,11,173,G,MASCULINO,49,113244862
2026,6,30,11,174,M,FEMENINO,17,43206166
2026,6,30,11,174,M,MASCULINO,11,43778333
2026,6,30,11,175,M,FEMENINO,2,5300000
2026,6,30,11,175,M,MASCULINO,2,15000000
2026,6,30,11,176,M,FEMENINO,17,53325790
2026,6,30,11,176,M,MASCULINO,26,82894405
2026,6,30,11,177,M,FEMENINO,123,353548833
2026,6,30,11,177,M,MASCULINO,156,440122521
2026,6,30,11,178,M,FEMENINO,55,159760000
2026,6,30,11,178,M,MASCULINO,62,184955000
2026,6,30,11,179,M,FEMENINO,128,463740586
2026,6,30,11,179,M,MASCULINO,159,582174485
2026,6,30,11,180,1,FEMENINO,55,106784130
2026,6,30,11,180,1,MASCULINO,39,78273779
2026,6,30,11,180,C,FEMENINO,2,6845040
2026,6,30,11,180,C,MASCULINO,2,5232600
2026,6,30,11,180,D,FEMENINO,18,38952711
2026,6,30,11,180,D,MASCULINO,7,15419163
2026,6,30,11,180,E,FEMENINO,15,28039554
2026,6,30,11,180,E,MASCULINO,7,12339258
2026,6,30,11,180,F,FEMENINO,2,3255689
2026,6,30,11,180,F,MASCULINO,1,1492409
2026,6,30,11,180,G,FEMENINO,12,21429697
2026,6,30,11,180,G,MASCULINO,13,26526080
2026,6,30,11,180,Q,FEMENINO,5,13500000
2026,6,30,11,180,S,FEMENINO,24,49234020
2026,6,30,11,180,S,MASCULINO,14,32231100
2026,6,30,11,180,X,FEMENINO,1,15000000
2026,6,30,11,181,M,FEMENINO,3,7899048
2026,6,30,11,181,M,MASCULINO,2,15700000
2026,6,30,11,182,M,FEMENINO,10,74950000
2026,6,30,11,182,M,MASCULINO,32,349246090
2026,6,30,11,183,C,MASCULINO,1,11095000
2026,6,30,11,183,M,FEMENINO,13,70431130
2026,6,30,11,183,M,MASCULINO,12,70255576
2026,6,30,11,184,M,FEMENINO,208,1193682216
2026,6,30,11,184,M,MASCULINO,229,1392440760
2026,6,30,11,185,M,FEMENINO,55,136260546
2026,6,30,11,185,M,MASCULINO,38,115844807
2026,6,30,11,186,M,FEMENINO,28,116459368
2026,6,30,11,186,M,MASCULINO,20,102359560
2026,6,30,11,187,M,FEMENINO,16,37230015
2026,6,30,11,187,M,MASCULINO,19,49789369
2026,6,30,11,188,M,MASCULINO,2,6300000
2026,6,30,12,191,M,FEMENINO,6,8930000
2026,6,30,12,191,M,MASCULINO,11,8550000
2026,6,30,12,192,M,FEMENINO,4,5922000
2026,6,30,12,192,M,MASCULINO,1,1710000
2026,6,30,12,193,M,FEMENINO,2,1350000
2026,6,30,12,193,M,MASCULINO,1,495000
2026,6,30,12,194,M,FEMENINO,3,2339250
2026,6,30,12,194,M,MASCULINO,2,2459800
2026,6,30,12,195,M,FEMENINO,3,5000000
2026,6,30,12,195,M,MASCULINO,1,2500000
2026,6,30,12,196,M,MASCULINO,3,5100000
2026,6,30,12,197,M,FEMENINO,2,4500000
2026,6,30,12,197,M,MASCULINO,3,6000000
2026,6,30,12,198,M,FEMENINO,3,3200000
2026,6,30,12,198,M,MASCULINO,5,4500000
2026,6,30,12,199,M,FEMENINO,4,2430000
2026,6,30,12,199,M,MASCULINO,3,3080000
2026,6,30,12,200,M,FEMENINO,2,6000000
2026,6,30,12,200,M,MASCULINO,1,0
2026,6,30,12,201,M,FEMENINO,1,1350000
2026,6,30,12,201,M,MASCULINO,1,1350000
2026,6,30,12,202,M,FEMENINO,5,5150000
2026,6,30,12,202,M,MASCULINO,8,12545000
2026,6,30,12,203,M,FEMENINO,5,10145634
2026,6,30,12,203,M,MASCULINO,4,16597800
2026,6,30,12,205,M,FEMENINO,1,1700000
2026,6,30,12,205,M,MASCULINO,3,2480000
2026,6,30,13,206,M,FEMENINO,62,288565924
2026,6,30,13,206,M,MASCULINO,80,450203645
2026,6,30,13,207,M,FEMENINO,4,8190000
2026,6,30,13,207,M,MASCULINO,10,24548500
2026,6,30,13,208,M,FEMENINO,12,28251549
2026,6,30,13,208,M,MASCULINO,20,65287042
2026,6,30,13,242,M,MASCULINO,1,4000000
2026,6,30,13,250,M,FEMENINO,2,4500000
2026,6,30,13,250,M,MASCULINO,1,5000000
2026,6,30,14,209,M,FEMENINO,5,18683333
2026,6,30,14,209,M,MASCULINO,9,44011000
2026,6,30,14,210,M,FEMENINO,1,1800000
2026,6,30,14,210,M,MASCULINO,4,10350000
2026,6,30,14,211,M,FEMENINO,4,8830833
2026,6,30,14,211,M,MASCULINO,4,4486860
2026,6,30,14,212,M,MASCULINO,2,7780000
2026,6,30,14,213,M,FEMENINO,4,6650000
2026,6,30,14,213,M,MASCULINO,6,20000000
2026,6,30,14,214,M,FEMENINO,1,1350000
2026,6,30,14,214,M,MASCULINO,2,7250000
2026,6,30,14,215,M,MASCULINO,3,13400000
2026,6,30,14,216,M,FEMENINO,6,16530300
2026,6,30,14,216,M,MASCULINO,7,33791300
2026,6,30,14,217,M,FEMENINO,9,37735235
2026,6,30,14,217,M,MASCULINO,3,27510000
2026,6,30,14,218,M,FEMENINO,7,27200000
2026,6,30,14,218,M,MASCULINO,5,42400000
2026,6,30,14,219,C,FEMENINO,1,2450000
2026,6,30,14,219,D,FEMENINO,6,15615000
2026,6,30,14,219,D,MASCULINO,2,8100000
2026,6,30,14,244,M,FEMENINO,1,2500000
2026,6,30,14,244,M,MASCULINO,4,9850000
2026,6,30,14,247,M,FEMENINO,1,2250000
2026,6,30,14,247,M,MASCULINO,2,6350000
2026,6,30,14,251,M,MASCULINO,5,15000000
2026,6,30,14,255,M,FEMENINO,1,2000000
2026,6,30,14,255,M,MASCULINO,4,19500000
2026,6,30,14,256,M,FEMENINO,1,2500000
2026,6,30,14,256,M,MASCULINO,2,7500000
2026,6,30,15,220,M,FEMENINO,17,50430000
2026,6,30,15,220,M,MASCULINO,12,56280000
2026,6,30,15,221,M,FEMENINO,3,8778028
2026,6,30,15,221,M,MASCULINO,2,20507400
2026,6,30,15,222,M,FEMENINO,54,165345461
2026,6,30,15,222,M,MASCULINO,42,128135119
2026,6,30,15,223,M,FEMENINO,1,2520000
2026,6,30,15,223,M,MASCULINO,2,4520000
2026,6,30,15,224,M,FEMENINO,24,64808701
2026,6,30,15,224,M,MASCULINO,10,19044000
2026,6,30,15,229,M,FEMENINO,1,4000000
2026,6,30,15,229,M,MASCULINO,6,25013063
2026,6,30,15,232,M,FEMENINO,3,7500000
2026,6,30,15,232,M,MASCULINO,3,17700000
2026,6,30,15,233,M,FEMENINO,4,11800000
2026,6,30,15,233,M,MASCULINO,7,13000000
2026,6,30,15,258,M,FEMENINO,2,6900000
2026,6,30,15,258,M,MASCULINO,4,21900000
2026,6,30,15,262,M,FEMENINO,5,13741667
2026,6,30,15,262,M,MASCULINO,1,1300000
2026,6,30,16,228,M,FEMENINO,16,106300000
2026,6,30,16,228,M,MASCULINO,33,261340000
2026,6,30,16,230,M,FEMENINO,1,13000000
2026,6,30,16,230,M,MASCULINO,4,46500000
2026,6,30,16,231,M,FEMENINO,1,5850000
2026,6,30,16,231,M,MASCULINO,4,68090480
2026,6,30,16,261,M,FEMENINO,1,2700000
2026,6,30,16,261,M,MASCULINO,3,31166667
2026,6,30,17,226,M,FEMENINO,2,3200000
2026,6,30,17,226,M,MASCULINO,13,46403250
2026,6,30,17,227,M,FEMENINO,7,11970000
2026,6,30,17,227,M,MASCULINO,9,23320000
2026,6,30,17,235,M,FEMENINO,2,8000000
2026,6,30,17,235,M,MASCULINO,4,17808960
2026,6,40,1,1,C,FEMENINO,46,244751135
2026,6,40,1,1,C,MASCULINO,294,1429294890
2026,6,40,2,1,B,FEMENINO,29,386797000
2026,6,40,2,1,B,MASCULINO,52,684643000
2026,6,40,2,1,C,FEMENINO,50,450666791
2026,6,40,2,1,C,MASCULINO,87,791194987
2026,6,40,2,1,D,FEMENINO,59,419925400
2026,6,40,2,1,D,MASCULINO,120,852373400
2026,6,40,2,1,E,FEMENINO,62,348251000
2026,6,40,2,1,E,MASCULINO,92,509203024
2026,6,40,2,1,F,FEMENINO,110,476011600
2026,6,40,2,1,F,MASCULINO,301,1282863828
2026,6,40,2,1,G,FEMENINO,49,171834000
2026,6,40,2,1,G,MASCULINO,465,1595347608
2026,6,40,2,1,H,FEMENINO,96,290607304
2026,6,40,2,1,H,MASCULINO,258,776708959
2026,6,40,3,1,0,FEMENINO,38,145557263
2026,6,40,3,1,0,MASCULINO,62,192085978
2026,8,11,1,1,P,FEMENINO,339,3045700000
2026,8,11,1,1,P,MASCULINO,421,3681200000
2026,8,11,2,1,E,FEMENINO,1,4600000
2026,8,11,2,1,P,FEMENINO,407,4470500000
2026,8,11,2,1,P,MASCULINO,538,5597500000
2026,8,11,2,1,S,MASCULINO,2,44000000
2026,8,11,3,1,A,FEMENINO,177,1997700000
2026,8,11,3,1,A,MASCULINO,208,2375600000
2026,8,11,3,1,B,FEMENINO,55,851000000
2026,8,11,3,1,B,MASCULINO,63,970900000
2026,8,11,3,1,C,FEMENINO,123,1060094165
2026,8,11,3,1,C,MASCULINO,139,1220426000
2026,8,11,3,1,D,FEMENINO,204,1304500000
2026,8,11,3,1,D,MASCULINO,237,1564700000
2026,8,11,3,1,E,FEMENINO,13,69500000
2026,8,11,3,1,E,MASCULINO,32,159500000
2026,8,11,3,1,F,FEMENINO,136,632800000
2026,8,11,3,1,F,MASCULINO,142,673924000
2026,8,11,3,1,G,FEMENINO,1,3300000
2026,8,11,3,1,G,MASCULINO,2,7299048
2026,8,12,1,1,A,FEMENINO,6,113700000
2026,8,12,1,1,A,MASCULINO,16,286500000
2026,8,12,1,1,B,FEMENINO,11,143000000
2026,8,12,1,1,B,MASCULINO,7,91000000
2026,8,12,1,1,C,FEMENINO,21,188100000
2026,8,12,1,1,C,MASCULINO,26,230500000
2026,8,12,1,1,D,FEMENINO,10,40099048
2026,8,12,1,1,D,MASCULINO,6,35000000
2026,8,12,1,1,E,FEMENINO,8,30100000
2026,8,12,1,1,E,MASCULINO,3,8798096
2026,8,12,1,1,F,FEMENINO,2,5798096
2026,8,12,1,1,F,MASCULINO,1,2899048
2026,8,12,1,1,G,FEMENINO,17,51791432
2026,8,12,1,1,G,MASCULINO,28,88586672
2026,8,12,1,2,C,FEMENINO,2,12500000
2026,8,12,1,2,C,MASCULINO,1,9800000
2026,8,12,1,2,D,FEMENINO,3,16300000
2026,8,12,1,2,D,MASCULINO,1,4900000
2026,8,12,1,2,E,FEMENINO,1,2899048
2026,8,12,1,2,E,MASCULINO,2,6499048
2026,8,12,1,2,G,FEMENINO,3,9099048
2026,8,12,1,2,G,MASCULINO,4,11597144
2026,8,12,1,11,A,FEMENINO,1,15000000
2026,8,12,1,11,A,MASCULINO,2,37000000
2026,8,12,1,11,B,FEMENINO,10,91500000
2026,8,12,1,11,B,MASCULINO,19,169400000
2026,8,12,1,11,C,FEMENINO,37,245400000
2026,8,12,1,11,C,MASCULINO,21,132800000
2026,8,12,1,11,D,FEMENINO,11,47600000
2026,8,12,1,11,D,MASCULINO,14,61400000
2026,8,12,1,11,E,FEMENINO,11,34398096
2026,8,12,1,11,E,MASCULINO,15,47897144
2026,8,12,1,11,F,FEMENINO,2,5798096
2026,8,12,1,11,F,MASCULINO,1,2899048
2026,8,12,1,11,G,FEMENINO,1,2900000
2026,8,12,1,11,G,MASCULINO,1,2900000
2026,8,12,1,11,K,FEMENINO,63,343000000
2026,8,12,1,11,K,MASCULINO,215,1343200000
2026,8,12,1,12,A,MASCULINO,1,22000000
2026,8,12,1,12,B,FEMENINO,2,18800000
2026,8,12,1,12,B,MASCULINO,8,75200000
2026,8,12,1,12,D,MASCULINO,1,3600000
2026,8,12,1,14,A,FEMENINO,1,9500000
2026,8,12,1,14,A,MASCULINO,3,41000000
2026,8,12,1,14,B,FEMENINO,18,192300000
2026,8,12,1,14,B,MASCULINO,16,171300000
2026,8,12,1,14,C,FEMENINO,13,83200000
2026,8,12,1,14,C,MASCULINO,16,110400000
2026,8,12,1,14,D,FEMENINO,10,47700000
2026,8,12,1,14,D,MASCULINO,6,26400000
2026,8,12,1,14,E,FEMENINO,5,14899048
2026,8,12,1,14,E,MASCULINO,6,18998096
2026,8,12,1,15,A,FEMENINO,18,157500000
2026,8,12,1,15,A,MASCULINO,26,229500000
2026,8,12,1,15,B,FEMENINO,5,46700000
2026,8,12,1,15,B,MASCULINO,6,58800000
2026,8,12,1,15,C,FEMENINO,6,39700000
2026,8,12,1,15,C,MASCULINO,1,7600000
2026,8,12,1,15,D,FEMENINO,14,64400000
2026,8,12,1,15,D,MASCULINO,13,56500000
2026,8,12,1,15,E,FEMENINO,1,2899048
2026,8,12,1,15,E,MASCULINO,3,11000000
2026,8,12,1,15,F,FEMENINO,3,10500000
2026,8,12,1,15,F,MASCULINO,1,3500000
2026,8,12,1,15,G,MASCULINO,1,3200000
2026,8,12,1,17,A,MASCULINO,1,22000000
2026,8,12,1,17,B,FEMENINO,3,21300000
2026,8,12,1,17,B,MASCULINO,10,71600000
2026,8,12,1,17,C,FEMENINO,8,41000000
2026,8,12,1,17,C,MASCULINO,8,40300000
2026,8,12,1,17,D,FEMENINO,9,32698096
2026,8,12,1,17,D,MASCULINO,6,19599048
2026,8,12,1,17,E,FEMENINO,5,15097144
2026,8,12,1,17,E,MASCULINO,12,37293336
2026,8,12,1,17,F,FEMENINO,8,23995240
2026,8,12,1,17,F,MASCULINO,11,33095240
2026,8,12,1,17,G,FEMENINO,6,17394288
2026,8,12,1,17,G,MASCULINO,48,139756208
2026,8,12,1,18,A,FEMENINO,1,13000000
2026,8,12,1,18,A,MASCULINO,2,18766667
2026,8,12,1,18,B,FEMENINO,9,91400000
2026,8,12,1,18,B,MASCULINO,10,105666667
2026,8,12,1,18,C,FEMENINO,42,276800000
2026,8,12,1,18,C,MASCULINO,17,105900000
2026,8,12,1,18,D,FEMENINO,16,63597144
2026,8,12,1,18,D,MASCULINO,3,10099048
2026,8,12,1,18,E,FEMENINO,5,18100000
2026,8,12,1,18,E,MASCULINO,2,7400000
2026,8,12,1,18,F,FEMENINO,12,36292384
2026,8,12,1,18,F,MASCULINO,30,87072392
2026,8,12,1,18,G,FEMENINO,1,4400000
2026,8,12,1,20,A,MASCULINO,1,22000000
2026,8,12,1,20,B,FEMENINO,14,161600000
2026,8,12,1,20,B,MASCULINO,11,127343337
2026,8,12,1,20,C,FEMENINO,15,128800000
2026,8,12,1,20,C,MASCULINO,17,154200000
2026,8,12,1,20,D,MASCULINO,1,4200000
2026,8,12,1,20,G,MASCULINO,3,8697144
2026,8,12,1,21,A,FEMENINO,2,27200000
2026,8,12,1,21,A,MASCULINO,1,10700000
2026,8,12,1,21,B,FEMENINO,9,86080000
2026,8,12,1,21,B,MASCULINO,13,117300000
2026,8,12,1,21,C,FEMENINO,26,151000000
2026,8,12,1,21,C,MASCULINO,19,110000000
2026,8,12,1,21,D,FEMENINO,15,63899048
2026,8,12,1,21,D,MASCULINO,10,42100000
2026,8,12,1,21,E,FEMENINO,12,40295240
2026,8,12,1,21,E,MASCULINO,11,36098096
2026,8,12,1,21,F,FEMENINO,23,67079056
2026,8,12,1,21,F,MASCULINO,10,28990480
2026,8,12,1,21,G,FEMENINO,6,17394288
2026,8,12,1,21,G,MASCULINO,2,5798096
2026,8,12,1,23,A,MASCULINO,1,22000000
2026,8,12,1,23,B,FEMENINO,3,33700000
2026,8,12,1,23,B,MASCULINO,9,99000000
2026,8,12,1,23,C,FEMENINO,14,98200000
2026,8,12,1,23,C,MASCULINO,23,170900000
2026,8,12,1,23,D,FEMENINO,4,18700000
2026,8,12,1,23,D,MASCULINO,14,70400000
2026,8,12,1,23,F,FEMENINO,5,17299048
2026,8,12,1,23,G,FEMENINO,6,18799048
2026,8,12,1,23,G,MASCULINO,15,47596192
2026,8,12,1,29,A,MASCULINO,1,22000000
2026,8,12,1,29,B,FEMENINO,3,26400000
2026,8,12,1,29,B,MASCULINO,7,61600000
2026,8,12,1,29,C,FEMENINO,4,20000000
2026,8,12,1,29,C,MASCULINO,4,20000000
2026,8,12,1,29,D,FEMENINO,5,20540000
2026,8,12,1,29,D,MASCULINO,6,23100000
2026,8,12,1,29,E,FEMENINO,3,10200000
2026,8,12,1,29,G,MASCULINO,3,8697144
2026,8,12,1,30,A,FEMENINO,1,22000000
2026,8,12,1,30,A,MASCULINO,2,10400000
2026,8,12,1,30,B,FEMENINO,3,33900000
2026,8,12,1,30,B,MASCULINO,5,56500000
2026,8,12,1,30,C,FEMENINO,15,92900000
2026,8,12,1,30,C,MASCULINO,22,154500000
2026,8,12,1,30,D,FEMENINO,18,74499048
2026,8,12,1,30,D,MASCULINO,10,42400000
2026,8,12,1,30,E,FEMENINO,25,77187624
2026,8,12,1,30,E,MASCULINO,23,75089528
2026,8,12,1,30,F,FEMENINO,12,39796192
2026,8,12,1,30,F,MASCULINO,16,53295240
2026,8,12,1,30,G,FEMENINO,14,43191432
2026,8,12,1,30,G,MASCULINO,33,99575248
2026,8,12,1,30,L,FEMENINO,2,5732760
2026,8,12,1,30,S,FEMENINO,123,528150032
2026,8,12,1,30,S,MASCULINO,44,186593336
2026,8,12,1,30,Z,FEMENINO,3,6681936
2026,8,12,1,36,A,FEMENINO,2,31400000
2026,8,12,1,36,A,MASCULINO,2,24400000
2026,8,12,1,36,B,FEMENINO,7,78000000
2026,8,12,1,36,B,MASCULINO,8,83000000
2026,8,12,1,36,C,FEMENINO,15,105900000
2026,8,12,1,36,C,MASCULINO,16,117400000
2026,8,12,1,36,D,FEMENINO,4,17400000
2026,8,12,1,36,D,MASCULINO,3,13800000
2026,8,12,1,36,E,FEMENINO,2,5798096
2026,8,12,1,36,E,MASCULINO,4,13624883
2026,8,12,1,38,B,FEMENINO,18,158400000
2026,8,12,1,38,B,MASCULINO,4,35700000
2026,8,12,1,38,C,FEMENINO,6,39600000
2026,8,12,1,38,C,MASCULINO,9,59400000
2026,8,12,1,38,D,FEMENINO,1,4500000
2026,8,12,1,38,D,MASCULINO,3,15800000
2026,8,12,1,38,G,FEMENINO,1,2899048
2026,8,12,1,38,G,MASCULINO,1,2899048
2026,8,12,1,40,A,FEMENINO,1,22000000
2026,8,12,1,40,B,FEMENINO,4,32100000
2026,8,12,1,40,B,MASCULINO,4,27900000
2026,8,12,1,40,C,FEMENINO,5,27700000
2026,8,12,1,40,C,MASCULINO,5,25300000
2026,8,12,1,40,D,MASCULINO,1,3800000
2026,8,12,1,40,E,MASCULINO,1,2899048
2026,8,12,1,40,F,FEMENINO,2,5798096
2026,8,12,1,40,F,MASCULINO,3,8697144
2026,8,12,1,40,G,MASCULINO,1,2899048
2026,8,12,1,50,A,MASCULINO,1,22000000
2026,8,12,1,50,B,FEMENINO,4,38000000
2026,8,12,1,50,B,MASCULINO,9,78200000
2026,8,12,1,50,C,FEMENINO,3,19300000
2026,8,12,1,50,C,MASCULINO,1,7300000
2026,8,12,1,50,D,MASCULINO,2,10000000
2026,8,12,1,51,A,FEMENINO,1,22000000
2026,8,12,1,51,B,FEMENINO,4,26500000
2026,8,12,1,51,B,MASCULINO,4,30500000
2026,8,12,1,51,C,FEMENINO,3,18000000
2026,8,12,1,51,D,FEMENINO,1,3900000
2026,8,12,1,51,E,FEMENINO,1,2899048
2026,8,12,1,51,E,MASCULINO,2,5798096
2026,8,12,1,51,G,FEMENINO,2,5798096
2026,8,12,1,51,G,MASCULINO,1,2899048
2026,8,12,1,54,A,FEMENINO,1,22000000
2026,8,12,1,54,A,MASCULINO,1,15000000
2026,8,12,1,54,B,FEMENINO,3,36600000
2026,8,12,1,54,B,MASCULINO,4,47000000
2026,8,12,1,54,C,FEMENINO,3,30500000
2026,8,12,1,54,C,MASCULINO,6,58600000
2026,8,12,1,56,B,FEMENINO,3,33700000
2026,8,12,1,56,B,MASCULINO,2,19400000
2026,8,12,1,56,C,FEMENINO,1,8000000
2026,8,12,1,56,C,MASCULINO,5,35800000
2026,8,12,1,56,D,FEMENINO,9,35999048
2026,8,12,1,56,D,MASCULINO,12,48699048
2026,8,12,1,56,E,FEMENINO,6,20100000
2026,8,12,1,56,E,MASCULINO,5,16599048
2026,8,12,1,56,F,MASCULINO,1,3000000
2026,8,12,1,56,G,FEMENINO,1,2899048
2026,8,12,1,56,G,MASCULINO,1,3300000
2026,8,12,1,57,A,MASCULINO,3,15900000
2026,8,12,1,57,B,FEMENINO,2,20000000
2026,8,12,1,57,B,MASCULINO,4,44600000
2026,8,12,1,57,C,FEMENINO,4,30400000
2026,8,12,1,57,C,MASCULINO,5,38000000
2026,8,12,1,58,A,FEMENINO,1,22000000
2026,8,12,1,58,D,FEMENINO,1,4400000
2026,8,12,2,1,A,MASCULINO,1,32000000
2026,8,12,2,1,B,FEMENINO,12,133600000
2026,8,12,2,1,B,MASCULINO,8,84400000
2026,8,12,2,1,C,FEMENINO,7,54500000
2026,8,12,2,1,C,MASCULINO,12,113200000
2026,8,12,2,1,D,FEMENINO,1,4800000
2026,8,12,2,1,D,MASCULINO,1,6000000
2026,8,12,2,1,E,FEMENINO,3,11400000
2026,8,12,2,1,E,MASCULINO,2,8000000
2026,8,12,2,1,F,MASCULINO,3,11300000
2026,8,12,2,1,G,FEMENINO,7,23199048
2026,8,12,2,1,G,MASCULINO,10,33299048
2026,8,12,3,1,A,MASCULINO,5,78000000
2026,8,12,3,1,B,FEMENINO,10,113600000
2026,8,12,3,1,B,MASCULINO,18,206300000
2026,8,12,3,1,C,FEMENINO,51,502300000
2026,8,12,3,1,C,MASCULINO,61,579100000
2026,8,12,3,1,D,FEMENINO,14,82099048
2026,8,12,3,1,D,MASCULINO,28,164799048
2026,8,12,3,1,E,FEMENINO,15,67798096
2026,8,12,3,1,E,MASCULINO,37,161396192
2026,8,12,3,1,F,FEMENINO,4,12800000
2026,8,12,3,1,F,MASCULINO,5,15298096
2026,8,12,3,1,G,FEMENINO,6,21299048
2026,8,12,3,1,G,MASCULINO,15,50698096
2026,8,12,3,2,D,FEMENINO,6,22900000
2026,8,12,3,2,E,FEMENINO,363,1107839152
2026,8,12,3,2,E,MASCULINO,188,569263864
2026,8,12,3,2,G,FEMENINO,424,1229698256
2026,8,12,3,2,G,MASCULINO,175,508836256
2026,8,12,3,2,L,FEMENINO,204,413918962
2026,8,12,3,2,L,MASCULINO,384,807324259
2026,8,12,3,2,P,FEMENINO,5834,32052457281
2026,8,12,3,2,P,MASCULINO,30259,184011000201
2026,8,12,3,2,S,FEMENINO,84,386004144
2026,8,12,3,2,S,MASCULINO,23,88723444
2026,8,12,3,2,Y,FEMENINO,1204,567488432
2026,8,12,3,2,Y,MASCULINO,4355,1982078300
2026,8,12,4,1,A,FEMENINO,1,15000000
2026,8,12,4,1,A,MASCULINO,3,52000000
2026,8,12,4,1,B,FEMENINO,197,2144700000
2026,8,12,4,1,B,MASCULINO,265,2813193333
2026,8,12,4,1,C,FEMENINO,1,6800000
2026,8,12,4,1,D,FEMENINO,10,44200000
2026,8,12,4,1,D,MASCULINO,8,35498096
2026,8,12,4,1,E,FEMENINO,2,5798096
2026,8,12,4,1,E,MASCULINO,7,22296192
2026,8,12,4,1,G,MASCULINO,2,5798096
2026,8,12,5,1,A,MASCULINO,6,77100000
2026,8,12,5,1,B,FEMENINO,21,167500000
2026,8,12,5,1,B,MASCULINO,19,152500000
2026,8,12,5,1,C,FEMENINO,3,20700000
2026,8,12,5,1,C,MASCULINO,6,42000000
2026,8,12,5,1,D,FEMENINO,108,410396192
2026,8,12,5,1,D,MASCULINO,90,337196192
2026,8,12,5,1,E,FEMENINO,186,612030504
2026,8,12,5,1,E,MASCULINO,334,1083990520
2026,8,12,5,1,F,FEMENINO,29,95700000
2026,8,12,5,1,F,MASCULINO,66,217200000
2026,8,12,5,1,G,FEMENINO,238,690175328
2026,8,12,5,1,G,MASCULINO,411,1192111584
2026,8,12,5,1,M,FEMENINO,1653,10943762176
2026,8,12,5,1,M,MASCULINO,15160,93945859532
2026,8,12,5,1,S,FEMENINO,85,348552660
2026,8,12,5,1,S,MASCULINO,12,50671548
2026,8,12,5,1,Y,FEMENINO,182,102046444
2026,8,12,5,1,Y,MASCULINO,3043,1288127340
2026,8,12,5,1,Z,FEMENINO,118,196592811
2026,8,12,5,1,Z,MASCULINO,341,379815049
2026,8,12,6,1,A,FEMENINO,2,30000000
2026,8,12,6,1,A,MASCULINO,2,37000000
2026,8,12,6,1,B,FEMENINO,19,247000000
2026,8,12,6,1,B,MASCULINO,18,234000000
2026,8,12,6,1,C,FEMENINO,424,3153600000
2026,8,12,6,1,C,MASCULINO,330,2593714000
2026,8,12,6,1,D,FEMENINO,54,271349048
2026,8,12,6,1,D,MASCULINO,87,440648096
2026,8,12,6,1,E,FEMENINO,48,201610600
2026,8,12,6,1,E,MASCULINO,137,634697655
2026,8,12,6,1,M,FEMENINO,5,70000000
2026,8,12,6,1,M,MASCULINO,1,14000000
2026,8,12,7,1,A,FEMENINO,2,19800000
2026,8,12,7,1,A,MASCULINO,4,52500000
2026,8,12,7,1,B,FEMENINO,47,527400000
2026,8,12,7,1,B,MASCULINO,49,535800000
2026,8,12,7,1,C,FEMENINO,54,391500000
2026,8,12,7,1,C,MASCULINO,46,312200000
2026,8,12,7,1,D,FEMENINO,442,1654911312
2026,8,12,7,1,D,MASCULINO,324,1331957160
2026,8,12,7,1,E,FEMENINO,181,598227648
2026,8,12,7,1,E,MASCULINO,184,602726696
2026,8,12,7,1,F,FEMENINO,4,12498096
2026,8,12,7,1,F,MASCULINO,4,12898096
2026,8,12,7,1,G,FEMENINO,1389,4027180528
2026,8,12,7,1,G,MASCULINO,745,2160395520
2026,8,12,7,1,L,FEMENINO,40030,287436692176
2026,8,12,7,1,L,MASCULINO,14713,102197119247
2026,8,12,7,1,S,FEMENINO,79,336000000
2026,8,12,7,1,S,MASCULINO,9,40000000
2026,8,12,7,1,Z,FEMENINO,23112,127026217547
2026,8,12,7,1,Z,MASCULINO,13285,75297056865
2026,8,12,8,1,1,FEMENINO,434,2806100000
2026,8,12,8,1,1,MASCULINO,413,2691700000
2026,8,12,8,1,2,FEMENINO,351,4650600000
2026,8,12,8,1,2,MASCULINO,327,4372900000
2026,8,12,8,1,3,FEMENINO,438,7629236000
2026,8,12,8,1,3,MASCULINO,466,8222268000
2026,8,12,8,1,A,FEMENINO,2,35000000
2026,8,12,8,1,A,MASCULINO,1,13000000
2026,8,12,8,1,B,FEMENINO,69,727228000
2026,8,12,8,1,B,MASCULINO,57,632760000
2026,8,12,8,1,C,FEMENINO,802,5743368000
2026,8,12,8,1,C,MASCULINO,640,4636624000
2026,8,12,8,1,D,FEMENINO,647,3625486000
2026,8,12,8,1,D,MASCULINO,757,4324402362
2026,8,12,8,1,E,FEMENINO,230,1002477433
2026,8,12,8,1,E,MASCULINO,272,1218130000
2026,8,12,8,1,F,FEMENINO,684,2710420000
2026,8,12,8,1,F,MASCULINO,743,2849432496
2026,8,12,8,1,G,FEMENINO,1136,3853413536
2026,8,12,8,1,G,MASCULINO,893,3059170152
2026,8,12,8,1,S,FEMENINO,13548,74641124560
2026,8,12,8,1,S,MASCULINO,3704,21399914880
2026,8,12,9,1,A,FEMENINO,389,1806243821
2026,8,12,9,1,A,MASCULINO,1062,4860002896
2026,8,12,9,1,B,FEMENINO,25,225600000
2026,8,12,9,1,B,MASCULINO,25,237600000
2026,8,12,9,1,C,FEMENINO,39,289900000
2026,8,12,9,1,C,MASCULINO,43,363100000
2026,8,12,9,1,D,FEMENINO,230,1051959240
2026,8,12,9,1,D,MASCULINO,199,931398096
2026,8,12,9,1,E,FEMENINO,74,296458288
2026,8,12,9,1,E,MASCULINO,83,321688576
2026,8,12,9,1,F,MASCULINO,1,2899048
2026,8,12,9,1,G,FEMENINO,13,48664000
2026,8,12,9,1,G,MASCULINO,17,63664000
2026,8,12,9,1,S,FEMENINO,119,613995840
2026,8,12,9,1,S,MASCULINO,56,297978664
2026,8,12,10,1,A,FEMENINO,1,15000000
2026,8,12,10,1,A,MASCULINO,5,72800000
2026,8,12,10,1,B,FEMENINO,14,138300000
2026,8,12,10,1,B,MASCULINO,22,234200000
2026,8,12,10,1,C,FEMENINO,86,654000000
2026,8,12,10,1,C,MASCULINO,82,620300000
2026,8,12,10,1,D,FEMENINO,347,1457881912
2026,8,12,10,1,D,MASCULINO,415,1740680960
2026,8,12,10,1,E,FEMENINO,64,202979056
2026,8,12,10,1,E,MASCULINO,99,304153352
2026,8,12,10,1,F,FEMENINO,106,343463824
2026,8,12,10,1,F,MASCULINO,180,587940024
2026,8,12,10,1,G,FEMENINO,37,105566680
2026,8,12,10,1,G,MASCULINO,95,280019080
2026,8,12,11,1,A,MASCULINO,5,82000000
2026,8,12,11,1,B,FEMENINO,43,440900000
2026,8,12,11,1,B,MASCULINO,40,398900000
2026,8,12,11,1,C,FEMENINO,26,197300000
2026,8,12,11,1,C,MASCULINO,20,159700000
2026,8,12,11,1,D,FEMENINO,39,188500000
2026,8,12,11,1,D,MASCULINO,46,207100000
2026,8,12,11,1,E,FEMENINO,10,44300000
2026,8,12,11,1,E,MASCULINO,15,60600000
2026,8,12,11,1,F,FEMENINO,12,39800000
2026,8,12,11,1,F,MASCULINO,21,72700000
2026,8,12,11,1,G,FEMENINO,6,18197144
2026,8,12,11,1,G,MASCULINO,11,33796192
2026,8,12,11,1,S,FEMENINO,1,2899048
2026,8,12,13,1,A,FEMENINO,1,22000000
2026,8,12,13,1,A,MASCULINO,3,45000000
2026,8,12,13,1,B,FEMENINO,17,221000000
2026,8,12,13,1,B,MASCULINO,13,169000000
2026,8,12,13,1,C,FEMENINO,127,1089700000
2026,8,12,13,1,C,MASCULINO,240,2056300000
2026,8,12,13,1,D,FEMENINO,202,875382864
2026,8,12,13,1,D,MASCULINO,290,1252579056
2026,8,12,13,1,E,FEMENINO,93,309071440
2026,8,12,13,1,E,MASCULINO,371,1198287664
2026,8,12,13,1,F,FEMENINO,103,326982864
2026,8,12,13,1,F,MASCULINO,324,1005709560
2026,8,12,13,1,G,FEMENINO,95,312253352
2026,8,12,13,1,G,MASCULINO,555,1794054384
2026,8,12,13,1,I,FEMENINO,95,314342043
2026,8,12,13,1,I,MASCULINO,400,1862949576
2026,8,12,14,1,A,FEMENINO,4,67000000
2026,8,12,14,1,B,FEMENINO,25,224000000
2026,8,12,14,1,B,MASCULINO,2,18900000
2026,8,12,14,1,C,FEMENINO,11,67200000
2026,8,12,14,1,C,MASCULINO,1,5000000
2026,8,12,14,1,D,FEMENINO,34,155500000
2026,8,12,14,1,D,MASCULINO,2,7400000
2026,8,12,14,1,E,MASCULINO,1,3900000
2026,8,12,14,1,F,FEMENINO,3,9299048
2026,8,12,14,1,G,FEMENINO,5,14495240
2026,8,12,14,1,G,MASCULINO,5,15297144
2026,8,12,16,1,A,FEMENINO,2,37000000
2026,8,12,16,1,A,MASCULINO,1,15000000
2026,8,12,16,1,B,FEMENINO,48,470600000
2026,8,12,16,1,B,MASCULINO,32,292500000
2026,8,12,16,1,C,FEMENINO,84,616400000
2026,8,12,16,1,C,MASCULINO,65,470700000
2026,8,12,16,1,D,FEMENINO,168,729292384
2026,8,12,16,1,D,MASCULINO,108,482030296
2026,8,12,16,1,E,FEMENINO,108,354761920
2026,8,12,16,1,E,MASCULINO,151,517548592
2026,8,12,16,1,F,FEMENINO,18,58898096
2026,8,12,16,1,F,MASCULINO,19,61394288
2026,8,12,16,1,G,FEMENINO,34,103086672
2026,8,12,16,1,G,MASCULINO,45,138177152
2026,8,12,16,1,Z,FEMENINO,2,15120000
2026,8,12,16,1,Z,MASCULINO,2,11700000
2026,8,12,17,1,A,MASCULINO,1,22000000
2026,8,12,17,1,B,FEMENINO,11,103500000
2026,8,12,17,1,B,MASCULINO,20,199900000
2026,8,12,17,1,C,FEMENINO,60,454400000
2026,8,12,17,1,C,MASCULINO,54,402700000
2026,8,12,17,1,D,FEMENINO,39,225998096
2026,8,12,17,1,D,MASCULINO,67,383697144
2026,8,12,17,1,E,FEMENINO,5,16998096
2026,8,12,17,1,E,MASCULINO,18,63392384
2026,8,12,17,1,F,FEMENINO,2,6000000
2026,8,12,17,1,F,MASCULINO,3,11900000
2026,8,12,17,1,G,FEMENINO,8,34747451
2026,8,12,17,1,G,MASCULINO,48,289192046
2026,8,12,18,1,A,FEMENINO,4,32100000
2026,8,12,18,1,A,MASCULINO,3,50000000
2026,8,12,18,1,B,FEMENINO,11,111800000
2026,8,12,18,1,B,MASCULINO,12,130200000
2026,8,12,18,1,C,FEMENINO,20,155800000
2026,8,12,18,1,C,MASCULINO,19,154200000
2026,8,12,18,1,D,FEMENINO,77,371400000
2026,8,12,18,1,D,MASCULINO,49,224900000
2026,8,12,18,1,E,FEMENINO,16,50997144
2026,8,12,18,1,E,MASCULINO,23,73698096
2026,8,12,18,1,F,FEMENINO,2,9100000
2026,8,12,18,1,F,MASCULINO,1,2899048
2026,8,12,18,1,G,FEMENINO,20,58581912
2026,8,12,18,1,G,MASCULINO,12,35389528
2026,8,12,19,1,A,MASCULINO,6,85300000
2026,8,12,19,1,B,FEMENINO,18,159600000
2026,8,12,19,1,B,MASCULINO,18,185400000
2026,8,12,19,1,C,FEMENINO,62,453200000
2026,8,12,19,1,C,MASCULINO,39,275200000
2026,8,12,19,1,D,FEMENINO,114,520094288
2026,8,12,19,1,D,MASCULINO,73,349975096
2026,8,12,19,1,E,FEMENINO,35,120585720
2026,8,12,19,1,E,MASCULINO,39,131383816
2026,8,12,19,1,F,FEMENINO,21,64485720
2026,8,12,19,1,F,MASCULINO,29,91782864
2026,8,12,19,1,G,FEMENINO,4,11596192
2026,8,12,19,1,G,MASCULINO,19,55081912
2026,8,12,20,1,A,FEMENINO,2,25000000
2026,8,12,20,1,A,MASCULINO,3,52000000
2026,8,12,20,1,B,FEMENINO,13,116500000
2026,8,12,20,1,B,MASCULINO,14,126493333
2026,8,12,20,1,C,FEMENINO,32,206000000
2026,8,12,20,1,C,MASCULINO,7,45400000
2026,8,12,20,1,D,FEMENINO,150,550781912
2026,8,12,20,1,D,MASCULINO,28,109999048
2026,8,12,20,1,E,FEMENINO,97,315182864
2026,8,12,20,1,E,MASCULINO,48,151690480
2026,8,12,20,1,F,MASCULINO,1,2899048
2026,8,12,20,1,G,FEMENINO,55,160050496
2026,8,12,20,1,G,MASCULINO,30,90378104
2026,8,12,21,1,A,FEMENINO,1,15000000
2026,8,12,21,1,A,MASCULINO,2,37000000
2026,8,12,21,1,B,FEMENINO,25,278800000
2026,8,12,21,1,B,MASCULINO,23,278600000
2026,8,12,21,1,C,FEMENINO,18,131300000
2026,8,12,21,1,C,MASCULINO,24,173400000
2026,8,12,21,1,D,FEMENINO,32,131700000
2026,8,12,21,1,D,MASCULINO,33,151700000
2026,8,12,21,1,E,FEMENINO,15,49491432
2026,8,12,21,1,E,MASCULINO,26,85087624
2026,8,12,21,1,F,FEMENINO,4,11596192
2026,8,12,21,1,F,MASCULINO,18,55591432
2026,8,13,1,1,A,FEMENINO,110,1248148956
2026,8,13,1,1,A,MASCULINO,80,867681812
2026,8,13,1,1,B,FEMENINO,157,1199936023
2026,8,13,1,1,B,MASCULINO,122,908013654
2026,8,13,1,1,C,FEMENINO,143,758021256
2026,8,13,1,1,C,MASCULINO,120,648465979
2026,8,13,1,1,D,FEMENINO,521,3216741622
2026,8,13,1,1,D,MASCULINO,458,2702153294
2026,8,13,1,1,E,FEMENINO,511,1758449671
2026,8,13,1,1,E,MASCULINO,404,1406408185
2026,8,13,1,1,F,FEMENINO,590,2479184036
2026,8,13,1,1,F,MASCULINO,431,1764850542
2026,8,13,1,1,G,FEMENINO,551,1626893253
2026,8,13,1,1,G,MASCULINO,507,1492622348
2026,8,13,1,1,J,FEMENINO,4592,29075795515
2026,8,13,1,1,J,MASCULINO,2852,19261112480
2026,8,13,1,1,R,FEMENINO,35,226836512
2026,8,13,1,1,R,MASCULINO,25,157622800
2026,8,13,2,1,A,FEMENINO,13,146300000
2026,8,13,2,1,A,MASCULINO,24,253500000
2026,8,13,2,1,B,FEMENINO,25,357600000
2026,8,13,2,1,B,MASCULINO,44,626600000
2026,8,13,2,1,C,FEMENINO,263,2259300000
2026,8,13,2,1,C,MASCULINO,292,2532400000
2026,8,13,2,1,D,FEMENINO,872,3700565723
2026,8,13,2,1,D,MASCULINO,949,4158576192
2026,8,13,2,1,E,FEMENINO,740,2427226736
2026,8,13,2,1,E,MASCULINO,764,2552378462
2026,8,13,2,1,F,FEMENINO,723,2103544958
2026,8,13,2,1,F,MASCULINO,690,2015984432
2026,8,13,2,1,G,MASCULINO,3,8798096
2026,8,13,2,1,J,FEMENINO,53,710109742
2026,8,13,2,1,J,MASCULINO,43,603852848
2026,8,13,2,1,S,FEMENINO,5,24200000
2026,8,13,2,1,S,MASCULINO,4,18100000
2026,8,13,3,1,C,FEMENINO,212,1391205568
2026,8,13,3,1,C,MASCULINO,151,982432189
2026,8,13,3,1,D,FEMENINO,163,822496064
2026,8,13,3,1,D,MASCULINO,187,945889421
2026,8,13,3,1,E,FEMENINO,136,520554536
2026,8,13,3,1,E,MASCULINO,120,467772627
2026,8,13,3,1,G,FEMENINO,392,1138032884
2026,8,13,3,1,G,MASCULINO,466,1429074991
2026,8,13,3,1,J,FEMENINO,2121,14901124751
2026,8,13,3,1,J,MASCULINO,1390,9929463187
2026,8,13,3,1,K,FEMENINO,104,1128976373
2026,8,13,3,1,K,MASCULINO,76,863821018
2026,8,13,3,1,S,FEMENINO,209,1465663500
2026,8,13,3,1,S,MASCULINO,98,742905750
2026,8,13,4,1,B,FEMENINO,6,87000000
2026,8,13,4,1,B,MASCULINO,12,177500000
2026,8,13,4,1,C,FEMENINO,36,313300000
2026,8,13,4,1,C,MASCULINO,20,173400000
2026,8,13,4,1,D,FEMENINO,25,125565500
2026,8,13,4,1,D,MASCULINO,28,139700000
2026,8,13,4,1,E,FEMENINO,1,4500000
2026,8,13,4,1,E,MASCULINO,8,26400000
2026,8,13,4,1,F,FEMENINO,2,6399048
2026,8,13,4,1,F,MASCULINO,1,3300000
2026,8,13,4,1,G,FEMENINO,8,31000000
2026,8,13,4,1,G,MASCULINO,7,29700000
2026,8,13,5,1,A,FEMENINO,1,13000000
2026,8,13,5,1,A,MASCULINO,2,26000000
2026,8,13,5,1,B,FEMENINO,9,145000000
2026,8,13,5,1,B,MASCULINO,13,205000000
2026,8,13,5,1,C,FEMENINO,62,590900000
2026,8,13,5,1,C,MASCULINO,51,463600000
2026,8,13,5,1,D,FEMENINO,38,207000000
2026,8,13,5,1,D,MASCULINO,38,219600000
2026,8,13,5,1,E,FEMENINO,8,32600000
2026,8,13,5,1,E,MASCULINO,4,16400000
2026,8,13,5,1,F,FEMENINO,3,14400000
2026,8,13,5,1,F,MASCULINO,6,18000000
2026,8,13,5,1,G,FEMENINO,1,3100000
2026,8,13,5,1,G,MASCULINO,2,5800000
2026,8,13,6,1,A,FEMENINO,6,84096000
2026,8,13,6,1,A,MASCULINO,5,70080000
2026,8,13,6,1,B,FEMENINO,8,113290060
2026,8,13,6,1,B,MASCULINO,13,176322630
2026,8,13,6,1,C,FEMENINO,61,411605698
2026,8,13,6,1,C,MASCULINO,30,244208960
2026,8,13,6,1,E,FEMENINO,52,202125955
2026,8,13,6,1,E,MASCULINO,50,195540250
2026,8,13,6,1,F,FEMENINO,5,25221340
2026,8,13,6,1,F,MASCULINO,6,31338880
2026,8,13,6,1,G,FEMENINO,115,338515328
2026,8,13,6,1,G,MASCULINO,151,452443804
2026,8,13,6,1,J,FEMENINO,1170,8169663266
2026,8,13,6,1,J,MASCULINO,575,3942419792
2026,8,13,7,1,A,FEMENINO,6,89000000
2026,8,13,7,1,A,MASCULINO,7,120500000
2026,8,13,7,1,B,MASCULINO,1,14016000
2026,8,13,7,1,C,FEMENINO,13,96500000
2026,8,13,7,1,C,MASCULINO,10,69800000
2026,8,13,7,1,D,FEMENINO,11,66500000
2026,8,13,7,1,D,MASCULINO,13,71500000
2026,8,13,7,1,E,FEMENINO,1,7000000
2026,8,13,7,1,F,FEMENINO,1,5446745
2026,8,13,7,1,F,MASCULINO,1,5446745
2026,8,13,7,1,J,FEMENINO,5,40701205
2026,8,13,7,1,J,MASCULINO,12,140310595
2026,8,14,1,1,A,MASCULINO,2,44000000
2026,8,14,1,1,B,FEMENINO,8,92100000
2026,8,14,1,1,B,MASCULINO,20,226000000
2026,8,14,1,1,C,FEMENINO,506,5939100000
2026,8,14,1,1,C,MASCULINO,397,4405400000
2026,8,14,1,1,F,FEMENINO,2,9600000
2026,8,14,1,1,F,MASCULINO,3,12499048
2026,8,15,1,1,A,FEMENINO,1,15000000
2026,8,15,1,1,A,MASCULINO,1,22000000
2026,8,15,1,1,B,FEMENINO,20,136200000
2026,8,15,1,1,B,MASCULINO,7,52300000
2026,8,15,1,1,C,FEMENINO,6,30000000
2026,8,15,1,1,C,MASCULINO,1,6000000
2026,8,15,1,1,D,FEMENINO,27,107400000
2026,8,15,1,1,D,MASCULINO,7,27099048
2026,8,15,1,1,E,FEMENINO,18,54992384
2026,8,15,1,1,E,MASCULINO,16,49792384
2026,8,15,1,1,G,FEMENINO,2,5798096
2026,8,15,1,1,G,MASCULINO,1,3500000
2026,8,15,2,1,C,MASCULINO,1,2899048
2026,8,15,2,1,D,FEMENINO,1,3819900
2026,8,15,2,1,D,MASCULINO,2,7639800
2026,8,15,2,1,G,FEMENINO,1,2899048
2026,8,15,2,1,J,FEMENINO,3,36362700
2026,8,15,2,1,J,MASCULINO,3,36362700
2026,8,15,2,1,K,FEMENINO,10,64888300
2026,8,15,2,1,K,MASCULINO,7,50064400
2026,8,21,1,1,A,FEMENINO,121,784535000
2026,8,21,1,1,A,MASCULINO,134,976775000
2026,8,21,1,1,B,FEMENINO,113,1406200000
2026,8,21,1,1,B,MASCULINO,102,1319425000
2026,8,21,1,1,C,FEMENINO,89,1403085000
2026,8,21,1,1,C,MASCULINO,85,1363925000
2026,8,21,1,1,D,FEMENINO,30,665275000
2026,8,21,1,1,D,MASCULINO,53,1152105000
2026,8,21,1,1,E,FEMENINO,6,142667000
2026,8,21,1,1,E,MASCULINO,14,313725000
2026,8,21,1,1,F,FEMENINO,1,25365000
2026,8,21,1,1,F,MASCULINO,2,50730000
2026,8,21,1,1,G,FEMENINO,1,26255000
2026,8,21,1,1,G,MASCULINO,2,52510000
2026,8,21,1,1,H,MASCULINO,1,26255000
2026,8,21,1,1,I,FEMENINO,2,60520000
2026,8,21,1,1,I,MASCULINO,3,90780000
2026,8,21,1,1,J,MASCULINO,1,32040000
2026,8,22,1,1,A,FEMENINO,1,28990480
2026,8,22,1,1,B,MASCULINO,1,4144000
2026,8,22,1,1,C,FEMENINO,9,58524872
2026,8,22,1,1,C,MASCULINO,8,42487952
2026,8,22,1,1,D,MASCULINO,1,2435200
2026,8,22,1,1,E,FEMENINO,8,19481600
2026,8,22,1,1,E,MASCULINO,6,13886438
2026,8,22,1,1,F,FEMENINO,4,9016038
2026,8,22,1,1,F,MASCULINO,6,14611200
2026,8,22,1,1,G,FEMENINO,2,4870400
2026,8,22,1,1,G,MASCULINO,3,7305600
2026,8,22,1,1,J,FEMENINO,3,9660000
2026,8,22,1,1,J,MASCULINO,1,2435200
2026,8,22,2,1,A,MASCULINO,1,28990480
2026,8,22,2,1,B,FEMENINO,2,6245772
2026,8,22,2,1,C,FEMENINO,6,21402516
2026,8,22,2,1,C,MASCULINO,6,32471834
2026,8,22,2,1,D,FEMENINO,1,2424184
2026,8,22,2,1,E,FEMENINO,5,12120920
2026,8,22,2,1,E,MASCULINO,6,14736120
2026,8,22,2,1,G,FEMENINO,2,4848368
2026,8,22,2,1,G,MASCULINO,8,19193472
2026,8,22,2,1,J,MASCULINO,2,7140000
2026,8,22,4,1,A,MASCULINO,1,28990480
2026,8,22,4,1,B,FEMENINO,1,3480960
2026,8,22,4,1,B,MASCULINO,1,5064780
2026,8,22,4,1,C,FEMENINO,11,50642444
2026,8,22,4,1,C,MASCULINO,12,53750696
2026,8,22,4,1,D,FEMENINO,5,12477904
2026,8,22,4,1,D,MASCULINO,1,2435200
2026,8,22,4,1,E,MASCULINO,4,9740800
2026,8,22,4,1,G,FEMENINO,14,34092800
2026,8,22,4,1,G,MASCULINO,17,41398400
2026,8,22,4,1,J,FEMENINO,2,6720000
2026,8,22,4,1,J,MASCULINO,2,5375200
2026,8,22,5,1,A,MASCULINO,1,27983090
2026,8,22,5,1,B,FEMENINO,2,8288000
2026,8,22,5,1,B,MASCULINO,7,51690000
2026,8,22,5,1,C,FEMENINO,5,29293700
2026,8,22,5,1,C,MASCULINO,21,100475500
2026,8,22,5,1,D,FEMENINO,5,13620667
2026,8,22,5,1,D,MASCULINO,7,19154549
2026,8,22,5,1,E,FEMENINO,5,13519801
2026,8,22,5,1,E,MASCULINO,6,16082238
2026,8,22,5,1,F,FEMENINO,3,8041119
2026,8,22,5,1,F,MASCULINO,6,16082238
2026,8,22,5,1,G,FEMENINO,1,2680373
2026,8,22,5,1,G,MASCULINO,7,18762611
2026,8,22,5,1,J,FEMENINO,3,13980373
2026,8,22,6,1,A,MASCULINO,1,28990480
2026,8,22,6,1,B,MASCULINO,1,3480960
2026,8,22,6,1,C,FEMENINO,6,31094552
2026,8,22,6,1,C,MASCULINO,13,79895020
2026,8,22,6,1,D,MASCULINO,1,2435200
2026,8,22,6,1,E,MASCULINO,3,7305600
2026,8,22,6,1,F,FEMENINO,1,2435200
2026,8,22,6,1,F,MASCULINO,1,2435200
2026,8,22,6,1,G,FEMENINO,4,9740800
2026,8,22,6,1,G,MASCULINO,5,12176000
2026,8,22,6,1,J,MASCULINO,4,12095200
2026,8,22,7,1,A,FEMENINO,2,10242400
2026,8,22,7,1,A,MASCULINO,2,33134480
2026,8,22,7,1,B,FEMENINO,2,16460000
2026,8,22,7,1,B,MASCULINO,4,28170960
2026,8,22,7,1,C,FEMENINO,14,72432040
2026,8,22,7,1,C,MASCULINO,21,99311828
2026,8,22,7,1,D,FEMENINO,9,22032472
2026,8,22,7,1,D,MASCULINO,16,38878580
2026,8,22,7,1,E,FEMENINO,5,12176000
2026,8,22,7,1,E,MASCULINO,12,29222400
2026,8,22,7,1,G,FEMENINO,5,12176000
2026,8,22,7,1,G,MASCULINO,8,19481600
2026,8,22,7,1,J,FEMENINO,1,2520000
2026,8,22,9,1,A,FEMENINO,1,28990480
2026,8,22,9,1,A,MASCULINO,1,3886680
2026,8,22,9,1,B,FEMENINO,1,3480960
2026,8,22,9,1,B,MASCULINO,1,2730420
2026,8,22,9,1,C,FEMENINO,8,42106100
2026,8,22,9,1,C,MASCULINO,11,56100800
2026,8,22,9,1,D,FEMENINO,4,8985094
2026,8,22,9,1,D,MASCULINO,9,21220660
2026,8,22,9,1,E,FEMENINO,1,2435200
2026,8,22,9,1,E,MASCULINO,5,12176000
2026,8,22,9,1,F,MASCULINO,4,9740800
2026,8,22,9,1,G,FEMENINO,3,7305600
2026,8,22,9,1,G,MASCULINO,15,36594712
2026,8,22,9,1,J,MASCULINO,4,12095200
2026,8,22,10,1,A,MASCULINO,1,28990480
2026,8,22,10,1,B,FEMENINO,2,8288000
2026,8,22,10,1,C,FEMENINO,13,66690400
2026,8,22,10,1,C,MASCULINO,15,89487300
2026,8,22,10,1,D,FEMENINO,1,2899048
2026,8,22,10,1,D,MASCULINO,1,2899048
2026,8,22,10,1,E,FEMENINO,5,14495240
2026,8,22,10,1,E,MASCULINO,13,37687624
2026,8,22,10,1,G,FEMENINO,13,37687624
2026,8,22,10,1,G,MASCULINO,9,26091432
2026,8,22,10,1,J,FEMENINO,1,3000000
2026,8,22,10,1,J,MASCULINO,3,11399048
2026,8,22,11,1,A,MASCULINO,1,28990480
2026,8,22,11,1,B,FEMENINO,2,7217100
2026,8,22,11,1,B,MASCULINO,1,4144000
2026,8,22,11,1,C,FEMENINO,24,120226648
2026,8,22,11,1,C,MASCULINO,12,47897000
2026,8,22,11,1,D,FEMENINO,13,37904676
2026,8,22,11,1,D,MASCULINO,17,49500868
2026,8,22,11,1,E,FEMENINO,3,8697144
2026,8,22,11,1,E,MASCULINO,2,5798096
2026,8,22,11,1,G,FEMENINO,7,20694288
2026,8,22,11,1,G,MASCULINO,4,11596192
2026,8,22,11,1,J,FEMENINO,2,6500000
2026,8,22,11,1,J,MASCULINO,1,5000000
2026,8,22,12,1,A,FEMENINO,4,13923840
2026,8,22,12,1,A,MASCULINO,7,48840240
2026,8,22,12,1,B,FEMENINO,4,25166400
2026,8,22,12,1,B,MASCULINO,6,34317360
2026,8,22,12,1,C,FEMENINO,6,24117700
2026,8,22,12,1,C,MASCULINO,9,41834604
2026,8,22,12,1,D,FEMENINO,3,7551388
2026,8,22,12,1,D,MASCULINO,3,7591668
2026,8,22,12,1,E,FEMENINO,8,19481600
2026,8,22,12,1,E,MASCULINO,9,21916800
2026,8,22,12,1,G,FEMENINO,3,7305600
2026,8,22,12,1,G,MASCULINO,4,9016038
2026,8,22,12,1,J,FEMENINO,1,4200000
2026,8,22,12,1,S,FEMENINO,1,3477935
2026,8,22,13,1,A,MASCULINO,1,28990480
2026,8,22,13,1,B,FEMENINO,1,3480960
2026,8,22,13,1,C,FEMENINO,4,16229136
2026,8,22,13,1,C,MASCULINO,7,51976400
2026,8,22,13,1,E,FEMENINO,1,2435200
2026,8,22,13,1,E,MASCULINO,1,2435200
2026,8,22,13,1,F,FEMENINO,2,4870400
2026,8,22,13,1,G,FEMENINO,9,21916800
2026,8,22,13,1,G,MASCULINO,7,17046400
2026,8,22,13,1,J,FEMENINO,2,4955200
2026,8,22,13,1,J,MASCULINO,2,7140000
2026,8,22,14,1,A,MASCULINO,1,27983090
2026,8,22,14,1,B,MASCULINO,1,4144000
2026,8,22,14,1,C,FEMENINO,5,32635100
2026,8,22,14,1,C,MASCULINO,6,32002700
2026,8,22,14,1,D,FEMENINO,1,2368200
2026,8,22,14,1,D,MASCULINO,1,3798900
2026,8,22,14,1,E,MASCULINO,2,5100614
2026,8,22,14,1,F,FEMENINO,1,2550307
2026,8,22,14,1,F,MASCULINO,7,17852149
2026,8,22,14,1,G,FEMENINO,1,2550307
2026,8,22,14,1,G,MASCULINO,5,12751535
2026,8,22,14,1,J,FEMENINO,1,3000000
2026,8,22,14,1,J,MASCULINO,2,6000000
2026,8,22,15,1,A,MASCULINO,1,28990480
2026,8,22,15,1,B,MASCULINO,1,3480960
2026,8,22,15,1,C,FEMENINO,2,8747844
2026,8,22,15,1,C,MASCULINO,9,44755704
2026,8,22,15,1,D,FEMENINO,2,4870400
2026,8,22,15,1,D,MASCULINO,3,7305600
2026,8,22,15,1,E,FEMENINO,1,2435200
2026,8,22,15,1,E,MASCULINO,7,17046400
2026,8,22,15,1,F,MASCULINO,1,2435200
2026,8,22,15,1,G,FEMENINO,1,2435200
2026,8,22,15,1,G,MASCULINO,4,9740800
2026,8,22,15,1,J,MASCULINO,4,12095200
2026,8,22,16,1,A,FEMENINO,1,4432000
2026,8,22,16,1,A,MASCULINO,1,28990480
2026,8,22,16,1,C,FEMENINO,10,52777848
2026,8,22,16,1,C,MASCULINO,12,76260900
2026,8,22,16,1,D,MASCULINO,5,14495240
2026,8,22,16,1,E,FEMENINO,9,26091432
2026,8,22,16,1,E,MASCULINO,13,37687624
2026,8,22,16,1,F,FEMENINO,4,11596192
2026,8,22,16,1,F,MASCULINO,4,12093544
2026,8,22,16,1,G,FEMENINO,4,11596192
2026,8,22,16,1,G,MASCULINO,8,23192384
2026,8,22,16,1,J,FEMENINO,2,8000000
2026,8,22,16,1,J,MASCULINO,2,6399048
2026,8,22,17,1,A,MASCULINO,1,28990480
2026,8,22,17,1,B,MASCULINO,2,6280848
2026,8,22,17,1,C,FEMENINO,3,18144504
2026,8,22,17,1,C,MASCULINO,10,58969680
2026,8,22,17,1,D,MASCULINO,1,2350580
2026,8,22,17,1,E,MASCULINO,8,18804640
2026,8,22,17,1,F,FEMENINO,1,2350580
2026,8,22,17,1,F,MASCULINO,2,4702580
2026,8,22,17,1,G,FEMENINO,4,9402320
2026,8,22,17,1,G,MASCULINO,6,14103480
2026,8,23,1,1,A,FEMENINO,3,42770000
2026,8,23,1,1,A,MASCULINO,1,20020000
2026,8,23,1,1,B,FEMENINO,5,51415000
2026,8,23,1,1,B,MASCULINO,10,102880852
2026,8,23,1,1,C,FEMENINO,26,157542300
2026,8,23,1,1,C,MASCULINO,7,39694000
2026,8,23,1,1,D,FEMENINO,48,214032000
2026,8,23,1,1,D,MASCULINO,29,118027000
2026,8,23,1,1,E,FEMENINO,8,29209268
2026,8,23,1,1,E,MASCULINO,32,99093299
2026,8,23,1,1,F,FEMENINO,4,10762359
2026,8,23,1,1,F,MASCULINO,2,5460000
2026,8,23,3,1,A,MASCULINO,1,10000000
2026,8,23,3,1,B,FEMENINO,42,309220000
2026,8,23,3,1,B,MASCULINO,60,428480000
2026,8,23,3,1,C,FEMENINO,73,411600000
2026,8,23,3,1,C,MASCULINO,145,814800000
2026,8,23,3,1,D,FEMENINO,7,26531148
2026,8,23,3,1,D,MASCULINO,20,85783548
2026,8,23,3,1,E,FEMENINO,3,10332000
2026,8,23,3,1,E,MASCULINO,14,47122579
2026,8,23,3,1,G,FEMENINO,3,8652000
2026,8,23,3,1,G,MASCULINO,19,56216000
2026,8,23,4,1,A,MASCULINO,2,34200000
2026,8,23,4,1,B,FEMENINO,5,65000000
2026,8,23,4,1,B,MASCULINO,3,36200000
2026,8,23,4,1,C,FEMENINO,11,83700000
2026,8,23,4,1,C,MASCULINO,3,23700000
2026,8,23,4,1,D,FEMENINO,19,94000000
2026,8,23,4,1,D,MASCULINO,6,30599048
2026,8,23,4,1,E,MASCULINO,1,4900000
2026,8,23,4,1,F,FEMENINO,4,13900000
2026,8,23,4,1,F,MASCULINO,4,15000000
2026,8,23,4,1,G,FEMENINO,3,11700000
2026,8,23,4,1,G,MASCULINO,5,17999048
2026,8,23,6,1,A,MASCULINO,1,18480000
2026,8,23,6,1,B,FEMENINO,7,65975000
2026,8,23,6,1,B,MASCULINO,7,64974000
2026,8,23,6,1,C,FEMENINO,8,57967000
2026,8,23,6,1,C,MASCULINO,10,74620000
2026,8,23,6,1,D,FEMENINO,4,22750000
2026,8,23,6,1,D,MASCULINO,14,69934040
2026,8,23,6,1,G,FEMENINO,1,3731000
2026,8,23,6,1,G,MASCULINO,2,9009000
2026,8,23,8,1,B,FEMENINO,5,33103110
2026,8,23,8,1,B,MASCULINO,1,6534108
2026,8,23,8,1,C,FEMENINO,2,11110576
2026,8,23,8,1,C,MASCULINO,2,14106288
2026,8,23,8,1,D,FEMENINO,1,3286080
2026,8,23,8,1,D,MASCULINO,1,3096300
2026,8,23,8,1,E,MASCULINO,1,3317748
2026,8,23,14,1,A,FEMENINO,1,5800000
2026,8,23,14,1,A,MASCULINO,3,35200000
2026,8,23,14,1,B,FEMENINO,10,130000000
2026,8,23,14,1,B,MASCULINO,5,59400000
2026,8,23,14,1,C,FEMENINO,50,409300000
2026,8,23,14,1,C,MASCULINO,31,240300000
2026,8,23,14,1,D,FEMENINO,4,18800000
2026,8,23,14,1,D,MASCULINO,7,33800000
2026,8,23,14,1,E,FEMENINO,6,23099048
2026,8,23,14,1,E,MASCULINO,8,33800000
2026,8,23,14,1,F,MASCULINO,3,11599048
2026,8,23,16,1,A,FEMENINO,4,36500000
2026,8,23,16,1,A,MASCULINO,1,22000000
2026,8,23,16,1,B,FEMENINO,24,256500000
2026,8,23,16,1,B,MASCULINO,14,151100000
2026,8,23,16,1,C,FEMENINO,106,744000000
2026,8,23,16,1,C,MASCULINO,96,664490000
2026,8,23,16,1,D,FEMENINO,184,815273334
2026,8,23,16,1,D,MASCULINO,186,824510000
2026,8,23,16,1,E,FEMENINO,82,242630504
2026,8,23,16,1,E,MASCULINO,284,831643909
2026,8,23,16,1,F,FEMENINO,38,111468584
2026,8,23,16,1,F,MASCULINO,72,208566369
2026,8,23,16,1,G,FEMENINO,23,66678104
2026,8,23,16,1,G,MASCULINO,61,176173165
2026,8,23,17,1,A,FEMENINO,1,22000000
2026,8,23,17,1,B,FEMENINO,10,73432000
2026,8,23,17,1,B,MASCULINO,4,29736000
2026,8,23,17,1,C,FEMENINO,4,25536000
2026,8,23,17,1,D,FEMENINO,12,43007200
2026,8,23,17,1,D,MASCULINO,5,19152000
2026,8,23,17,1,E,FEMENINO,12,35196000
2026,8,23,17,1,E,MASCULINO,7,22428000
2026,8,23,17,1,F,MASCULINO,2,4955200
2026,8,23,17,1,G,FEMENINO,5,12176000
2026,8,23,17,1,G,MASCULINO,5,12344800
2026,8,23,19,1,A,FEMENINO,1,10920000
2026,8,23,19,1,A,MASCULINO,4,55400000
2026,8,23,19,1,B,FEMENINO,5,54600000
2026,8,23,19,1,B,MASCULINO,4,45760000
2026,8,23,19,1,C,FEMENINO,67,538020000
2026,8,23,19,1,C,MASCULINO,39,317856000
2026,8,23,19,1,D,FEMENINO,15,58968000
2026,8,23,19,1,D,MASCULINO,22,95928000
2026,8,23,19,1,E,MASCULINO,3,8064000
2026,8,23,19,1,G,FEMENINO,1,2435200
2026,8,23,20,1,A,FEMENINO,1,22000000
2026,8,23,20,1,A,MASCULINO,4,31900000
2026,8,23,20,1,B,FEMENINO,15,159700000
2026,8,23,20,1,B,MASCULINO,9,104980000
2026,8,23,20,1,C,FEMENINO,19,149700000
2026,8,23,20,1,C,MASCULINO,25,178700000
2026,8,23,20,1,D,FEMENINO,28,119200000
2026,8,23,20,1,D,MASCULINO,41,180500000
2026,8,23,20,1,E,FEMENINO,26,81190480
2026,8,23,20,1,E,MASCULINO,86,258378104
2026,8,23,20,1,F,FEMENINO,12,34788576
2026,8,23,20,1,F,MASCULINO,30,86971440
2026,8,23,20,1,G,MASCULINO,6,17394288
2026,8,23,22,1,A,FEMENINO,1,4032000
2026,8,23,22,1,A,MASCULINO,3,38988800
2026,8,23,22,1,B,FEMENINO,15,120508300
2026,8,23,22,1,B,MASCULINO,26,218879200
2026,8,23,22,1,C,FEMENINO,34,222994400
2026,8,23,22,1,C,MASCULINO,32,195697200
2026,8,23,22,1,D,FEMENINO,60,222760500
2026,8,23,22,1,D,MASCULINO,67,239849800
2026,8,23,22,1,E,FEMENINO,11,31351500
2026,8,23,22,1,E,MASCULINO,36,91729882
2026,8,23,22,1,F,FEMENINO,12,29154508
2026,8,23,22,1,F,MASCULINO,11,30564268
2026,8,23,22,1,G,FEMENINO,8,21068414
2026,8,23,22,1,G,MASCULINO,50,118671428
2026,8,23,24,1,A,FEMENINO,2,26880000
2026,8,23,24,1,A,MASCULINO,2,21055080
2026,8,23,24,1,B,FEMENINO,6,53224000
2026,8,23,24,1,B,MASCULINO,15,136121343
2026,8,23,24,1,C,FEMENINO,15,90805000
2026,8,23,24,1,C,MASCULINO,13,83473000
2026,8,23,24,1,D,FEMENINO,93,317856800
2026,8,23,24,1,D,MASCULINO,52,178767200
2026,8,23,24,1,E,FEMENINO,43,121716000
2026,8,23,24,1,E,MASCULINO,37,102396000
2026,8,23,24,1,F,FEMENINO,2,5376000
2026,8,23,24,1,F,MASCULINO,7,18564100
2026,8,23,24,1,G,FEMENINO,197,528524801
2026,8,23,24,1,G,MASCULINO,216,576908800
2026,8,23,25,1,A,FEMENINO,1,22000000
2026,8,23,25,1,B,FEMENINO,19,175305667
2026,8,23,25,1,B,MASCULINO,5,51488000
2026,8,23,25,1,C,FEMENINO,21,139824319
2026,8,23,25,1,C,MASCULINO,24,159963618
2026,8,23,25,1,D,FEMENINO,8,32696500
2026,8,23,25,1,D,MASCULINO,11,36157088
2026,8,23,25,1,E,FEMENINO,5,12014901
2026,8,23,25,1,E,MASCULINO,14,29562165
2026,8,23,26,1,A,FEMENINO,1,22000000
2026,8,23,26,1,B,FEMENINO,2,27000000
2026,8,23,26,1,B,MASCULINO,4,33792000
2026,8,23,26,1,C,FEMENINO,8,39162673
2026,8,23,26,1,C,MASCULINO,3,15528000
2026,8,23,26,1,D,FEMENINO,2,5482000
2026,8,23,26,1,D,MASCULINO,2,6630000
2026,8,23,26,1,E,FEMENINO,2,5167234
2026,8,23,26,1,E,MASCULINO,3,6655400
2026,8,23,27,1,A,MASCULINO,2,26000000
2026,8,23,27,1,B,FEMENINO,3,28952000
2026,8,23,27,1,B,MASCULINO,1,10080000
2026,8,23,27,1,C,FEMENINO,5,36540000
2026,8,23,27,1,C,MASCULINO,8,62452000
2026,8,23,27,1,D,FEMENINO,1,5628000
2026,8,23,27,1,D,MASCULINO,1,3864000
2026,8,23,27,1,F,MASCULINO,3,7979200
2026,8,23,28,1,A,MASCULINO,1,22000000
2026,8,23,28,1,B,FEMENINO,6,51888000
2026,8,23,28,1,B,MASCULINO,7,64296000
2026,8,23,28,1,C,MASCULINO,1,6000000
2026,8,23,28,1,D,FEMENINO,6,24696000
2026,8,23,28,1,D,MASCULINO,2,7236000
2026,8,23,29,1,A,FEMENINO,1,4032000
2026,8,23,29,1,A,MASCULINO,1,4800000
2026,8,23,29,1,B,FEMENINO,1,7392000
2026,8,23,29,1,B,MASCULINO,2,18500000
2026,8,23,29,1,C,FEMENINO,4,24528000
2026,8,23,29,1,C,MASCULINO,4,23520000
2026,8,23,29,1,D,FEMENINO,2,9912000
2026,8,23,29,1,E,FEMENINO,2,5376000
2026,8,23,29,1,E,MASCULINO,3,8064000
2026,8,23,30,1,A,MASCULINO,3,39480000
2026,8,23,30,1,B,FEMENINO,8,74808000
2026,8,23,30,1,B,MASCULINO,3,31600000
2026,8,23,30,1,C,FEMENINO,8,47796000
2026,8,23,30,1,C,MASCULINO,5,31332000
2026,8,23,30,1,D,FEMENINO,6,24276000
2026,8,23,30,1,D,MASCULINO,3,11424000
2026,8,23,30,1,E,MASCULINO,3,7305600
2026,8,23,30,1,G,FEMENINO,1,2435200
2026,8,23,30,1,G,MASCULINO,1,2435200
2026,8,23,31,1,A,MASCULINO,1,22000000
2026,8,23,31,1,B,FEMENINO,2,13984000
2026,8,23,31,1,B,MASCULINO,7,74484670
2026,8,23,31,1,C,FEMENINO,4,19824000
2026,8,23,31,1,C,MASCULINO,1,4872000
2026,8,23,31,1,D,FEMENINO,8,24976000
2026,8,23,31,1,D,MASCULINO,5,15204000
2026,8,23,31,1,S,MASCULINO,1,1948900
2026,8,23,32,1,A,MASCULINO,2,37000000
2026,8,23,32,1,B,FEMENINO,11,93912000
2026,8,23,32,1,B,MASCULINO,10,88348000
2026,8,23,32,1,C,FEMENINO,3,13440000
2026,8,23,32,1,C,MASCULINO,1,7056000
2026,8,23,33,1,B,FEMENINO,2,21400000
2026,8,23,33,1,B,MASCULINO,4,49800000
2026,8,23,33,1,C,FEMENINO,1,8000000
2026,8,23,33,1,C,MASCULINO,2,14040000
2026,8,23,33,1,D,FEMENINO,1,4500000
2026,8,23,33,1,E,MASCULINO,2,7300000
2026,8,23,33,1,G,FEMENINO,1,2899048
2026,8,23,33,1,L,FEMENINO,14,79479006
2026,8,23,33,1,L,MASCULINO,5,22141817
2026,8,23,33,1,Z,FEMENINO,108,543751352
2026,8,23,33,1,Z,MASCULINO,71,392924408
2026,8,23,34,1,B,FEMENINO,3,32756000
2026,8,23,34,1,B,MASCULINO,2,23176000
2026,8,23,34,1,C,FEMENINO,1,4200000
2026,8,23,34,1,D,FEMENINO,1,5880000
2026,8,23,34,1,D,MASCULINO,2,7308000
2026,8,23,34,1,E,FEMENINO,4,12600000
2026,8,23,34,1,E,MASCULINO,2,5123200
2026,8,23,34,1,G,FEMENINO,6,14611200
2026,8,23,34,1,G,MASCULINO,6,14611200
2026,8,23,34,1,L,FEMENINO,41,173393058
2026,8,23,34,1,L,MASCULINO,17,67894215
2026,8,23,34,1,Z,FEMENINO,127,715913057
2026,8,23,34,1,Z,MASCULINO,62,292635070
2026,8,23,35,1,A,MASCULINO,1,22000000
2026,8,23,35,1,B,FEMENINO,1,8568000
2026,8,23,35,1,B,MASCULINO,5,46104000
2026,8,23,35,1,C,MASCULINO,1,5040000
2026,8,23,36,1,A,MASCULINO,1,22000000
2026,8,23,36,1,B,FEMENINO,6,53424000
2026,8,23,36,1,B,MASCULINO,6,57024000
2026,8,23,36,1,C,FEMENINO,15,88536000
2026,8,23,36,1,C,MASCULINO,10,58380000
2026,8,23,36,1,D,FEMENINO,41,130954400
2026,8,23,36,1,D,MASCULINO,16,72743200
2026,8,23,36,1,E,FEMENINO,12,34773600
2026,8,23,36,1,E,MASCULINO,18,50647200
2026,8,23,36,1,F,FEMENINO,5,13288178
2026,8,23,36,1,F,MASCULINO,6,14696000
2026,8,23,36,1,G,FEMENINO,4,10162400
2026,8,23,36,1,G,MASCULINO,1,2436000
2026,8,23,38,1,2,FEMENINO,1,10584000
2026,8,23,38,1,2,MASCULINO,2,22764000
2026,8,23,38,1,A,FEMENINO,1,12600000
2026,8,23,38,1,A,MASCULINO,1,18480000
2026,8,23,38,1,B,FEMENINO,24,197057157
2026,8,23,38,1,B,MASCULINO,5,45192000
2026,8,23,38,1,C,FEMENINO,5,30360960
2026,8,23,38,1,C,MASCULINO,3,16655520
2026,8,23,38,1,D,FEMENINO,13,56539209
2026,8,23,38,1,D,MASCULINO,7,29936574
2026,8,23,38,1,E,FEMENINO,3,11907840
2026,8,23,38,1,E,MASCULINO,5,17989521
2026,8,23,38,1,F,FEMENINO,10,29460160
2026,8,23,38,1,F,MASCULINO,15,42743128
2026,8,23,38,1,G,FEMENINO,5,16128000
2026,8,23,38,1,G,MASCULINO,1,3300000
2026,8,23,38,1,S,FEMENINO,38,144877216
2026,8,23,38,1,S,MASCULINO,7,28711200
2026,8,23,39,1,A,MASCULINO,1,22000000
2026,8,23,39,1,B,FEMENINO,9,80388000
2026,8,23,39,1,B,MASCULINO,17,150360000
2026,8,23,39,1,C,FEMENINO,53,362376000
2026,8,23,39,1,C,MASCULINO,43,296016000
2026,8,23,39,1,D,FEMENINO,32,116838400
2026,8,23,39,1,D,MASCULINO,38,164217600
2026,8,23,39,1,E,FEMENINO,19,50396800
2026,8,23,39,1,E,MASCULINO,23,62657600
2026,8,23,39,1,F,FEMENINO,8,20661600
2026,8,23,39,1,F,MASCULINO,8,20407200
2026,8,23,39,1,G,MASCULINO,3,7643200
2026,8,23,40,1,A,FEMENINO,141,1317001076
2026,8,23,40,1,A,MASCULINO,385,3668480919
2026,8,23,40,1,B,MASCULINO,1,13000000
2026,8,23,40,1,C,FEMENINO,29,233016000
2026,8,23,40,1,C,MASCULINO,87,770725540
2026,8,23,40,1,D,FEMENINO,354,2236163039
2026,8,23,40,1,D,MASCULINO,447,2974439743
2026,8,23,40,1,E,FEMENINO,44,222600000
2026,8,23,40,1,E,MASCULINO,145,758426842
2026,8,23,40,1,G,MASCULINO,2,37720000
2026,8,23,40,1,H,FEMENINO,1,2435200
2026,8,24,1,1,D,FEMENINO,826,2331753749
2026,8,24,1,1,D,MASCULINO,850,2402349734
2026,8,24,1,1,F,FEMENINO,125,477690572
2026,8,24,1,1,F,MASCULINO,211,804132676
2026,8,24,1,1,G,FEMENINO,408,2175347494
2026,8,24,1,1,G,MASCULINO,368,1956062429
2026,8,24,1,1,H,FEMENINO,183,1288138677
2026,8,24,1,1,H,MASCULINO,176,1215143892
2026,8,24,1,1,I,FEMENINO,233,2094466008
2026,8,24,1,1,I,MASCULINO,212,1920231835
2026,8,24,1,1,S,FEMENINO,6047,32422914739
2026,8,24,1,1,S,MASCULINO,2537,15424073511
2026,8,24,2,1,B,FEMENINO,2,14040000
2026,8,24,2,1,C,FEMENINO,1,6000000
2026,8,24,2,1,E,MASCULINO,3,11600000
2026,8,24,2,1,S,MASCULINO,2,10800000
2026,8,24,4,1,C,FEMENINO,48,204088019
2026,8,24,4,1,C,MASCULINO,59,239558212
2026,8,24,5,1,A,MASCULINO,1,6660000
2026,8,24,5,1,B,FEMENINO,5,34205201
2026,8,24,5,1,B,MASCULINO,5,40140000
2026,8,24,5,1,C,FEMENINO,17,91080000
2026,8,24,5,1,C,MASCULINO,6,33299588
2026,8,24,5,1,D,FEMENINO,13,54990000
2026,8,24,5,1,D,MASCULINO,13,55704551
2026,8,24,5,1,E,FEMENINO,2,5309144
2026,8,24,5,1,E,MASCULINO,7,20154864
2026,8,24,5,1,F,FEMENINO,12,32937532
2026,8,24,5,1,F,MASCULINO,13,36806854
2026,8,24,5,1,G,FEMENINO,17,44442489
2026,8,24,5,1,G,MASCULINO,17,44850936
2026,8,25,2,1,A,FEMENINO,476,2518074741
2026,8,25,2,1,A,MASCULINO,426,2285487108
2026,8,25,2,1,O,FEMENINO,135,553158710
2026,8,25,2,1,O,MASCULINO,1960,9245546930
2026,8,25,2,1,P,FEMENINO,204,2126476466
2026,8,25,2,1,P,MASCULINO,456,4885207503
2026,8,25,2,1,T,FEMENINO,67,395810004
2026,8,25,2,1,T,MASCULINO,531,3231964559
2026,8,25,4,1,1,FEMENINO,5,17118290
2026,8,25,4,1,1,MASCULINO,10,31701068
2026,8,25,4,1,E,FEMENINO,20,73882942
2026,8,25,4,1,E,MASCULINO,38,127846314
2026,8,25,4,1,G,FEMENINO,36,102709009
2026,8,25,4,1,G,MASCULINO,52,158081842
2026,8,25,4,1,H,FEMENINO,158,438350695
2026,8,25,4,1,H,MASCULINO,470,1283421782
2026,8,25,4,1,K,FEMENINO,46,171073929
2026,8,25,4,1,K,MASCULINO,84,314812841
2026,8,25,4,1,R,FEMENINO,28,192598000
2026,8,25,4,1,R,MASCULINO,62,428443268
2026,8,25,5,1,A,FEMENINO,8,49605100
2026,8,25,5,1,A,MASCULINO,8,59530891
2026,8,25,5,1,B,FEMENINO,37,344818301
2026,8,25,5,1,B,MASCULINO,51,470513753
2026,8,25,5,1,C,FEMENINO,86,536567541
2026,8,25,5,1,C,MASCULINO,119,754945464
2026,8,25,5,1,D,FEMENINO,154,595460381
2026,8,25,5,1,D,MASCULINO,213,844966615
2026,8,25,5,1,E,FEMENINO,247,810228650
2026,8,25,5,1,E,MASCULINO,517,1711887789
2026,8,25,6,1,1,FEMENINO,8,31660900
2026,8,25,6,1,1,MASCULINO,8,28841096
2026,8,25,6,1,2,FEMENINO,3,16338200
2026,8,25,6,1,2,MASCULINO,6,34615600
2026,8,25,6,1,E,FEMENINO,1,3200000
2026,8,25,6,1,F,FEMENINO,1,2899048
2026,8,25,6,1,F,MASCULINO,14,40586672
2026,8,25,6,1,G,FEMENINO,6,25974800
2026,8,25,6,1,G,MASCULINO,23,81306888
2026,8,25,6,1,H,FEMENINO,10,32053096
2026,8,25,6,1,H,MASCULINO,47,145759572
2026,8,25,6,1,I,FEMENINO,10,30252744
2026,8,25,6,1,I,MASCULINO,95,290649964
2026,8,25,6,1,J,FEMENINO,4,12724844
2026,8,25,6,1,J,MASCULINO,21,66716920
2026,8,25,6,1,K,FEMENINO,46,202315100
2026,8,25,6,1,K,MASCULINO,117,493547455
2026,8,25,6,1,R,FEMENINO,20,142018740
2026,8,25,6,1,R,MASCULINO,46,325750244
2026,8,25,7,1,2,FEMENINO,4,45532000
2026,8,25,7,1,2,MASCULINO,11,125213000
2026,8,25,7,1,G,FEMENINO,92,512918545
2026,8,25,7,1,G,MASCULINO,434,2050930288
2026,8,25,7,1,X,FEMENINO,7,36530000
2026,8,25,7,1,X,MASCULINO,41,153651594
2026,8,27,1,1,B,FEMENINO,657,5272676840
2026,8,27,1,1,B,MASCULINO,886,8138907717
2026,8,27,3,1,A,FEMENINO,1,8500000
2026,8,27,3,1,B,FEMENINO,16,129900000
2026,8,27,3,1,B,MASCULINO,41,351100000
2026,8,27,3,1,C,FEMENINO,26,174700000
2026,8,27,3,1,C,MASCULINO,30,206800000
2026,8,27,3,1,D,FEMENINO,71,341300000
2026,8,27,3,1,D,MASCULINO,163,772753333
2026,8,27,3,1,E,FEMENINO,2,5798096
2026,8,27,3,1,E,MASCULINO,3,9499048
2026,8,27,7,1,A,FEMENINO,54,557719000
2026,8,27,7,1,A,MASCULINO,44,532980000
2026,8,28,1,1,0,FEMENINO,1,863435
2026,8,28,1,1,4,FEMENINO,142,854971949
2026,8,28,1,1,4,MASCULINO,108,657030617
2026,8,28,1,1,A,FEMENINO,1,2899048
2026,8,28,1,1,B,MASCULINO,3,7769448
2026,8,28,1,1,C,FEMENINO,69,197135264
2026,8,28,1,1,C,MASCULINO,75,223829552
2026,8,28,1,1,D,FEMENINO,16,42958976
2026,8,28,1,1,D,MASCULINO,13,37687624
2026,8,28,1,1,E,FEMENINO,1,2899048
2026,8,28,1,1,E,MASCULINO,4,11596192
2026,8,28,1,1,F,FEMENINO,24,69577152
2026,8,28,1,1,F,MASCULINO,74,214529552
2026,8,28,1,1,G,FEMENINO,72,252414783
2026,8,28,1,1,G,MASCULINO,112,371274885
2026,8,28,1,1,H,FEMENINO,168,651671924
2026,8,28,1,1,H,MASCULINO,258,1006186239
2026,8,28,1,1,I,FEMENINO,3,9426600
2026,8,28,1,1,I,MASCULINO,3,9426600
2026,8,28,1,1,K,FEMENINO,836,3623567314
2026,8,28,1,1,K,MASCULINO,943,4018591766
2026,8,28,1,1,L,FEMENINO,2805,8770209370
2026,8,28,1,1,L,MASCULINO,2820,10251307270
2026,8,28,1,1,R,FEMENINO,461,2563722113
2026,8,28,1,1,R,MASCULINO,331,1844965107
2026,8,28,1,1,S,FEMENINO,1670,9590930000
2026,8,28,1,1,S,MASCULINO,542,2695945000
2026,8,28,1,1,U,FEMENINO,2234,12316615797
2026,8,28,1,1,U,MASCULINO,1865,11117145757
2026,8,28,1,1,Z,FEMENINO,148,397255379
2026,8,28,1,1,Z,MASCULINO,140,347866526
2026,8,28,2,1,C,FEMENINO,8,18892322
2026,8,28,2,1,C,MASCULINO,14,30035795
2026,8,28,2,1,D,FEMENINO,2,3711041
2026,8,28,2,1,D,MASCULINO,7,15122394
2026,8,28,2,1,E,FEMENINO,7,15075048
2026,8,28,2,1,E,MASCULINO,14,35020496
2026,8,28,2,1,F,MASCULINO,2,4760400
2026,8,28,2,1,G,FEMENINO,121,374302060
2026,8,28,2,1,G,MASCULINO,56,185133068
2026,8,28,2,1,K,FEMENINO,43,127040089
2026,8,28,2,1,K,MASCULINO,30,94734228
2026,8,28,2,1,L,FEMENINO,19,43365067
2026,8,28,2,1,L,MASCULINO,8,19735100
2026,8,28,2,1,R,FEMENINO,30,143141648
2026,8,28,2,1,R,MASCULINO,28,138019598
2026,8,28,2,1,S,FEMENINO,16,81221264
2026,8,28,2,1,S,MASCULINO,2,6985440
2026,8,28,2,1,U,FEMENINO,765,2662263411
2026,8,28,2,1,U,MASCULINO,640,2609475444
2026,8,28,2,1,Z,FEMENINO,2,2268000
2026,8,28,2,1,Z,MASCULINO,1,1134000
2026,8,28,3,1,1,MASCULINO,1,0
2026,8,28,3,1,D,FEMENINO,4,9740800
2026,8,28,3,1,D,MASCULINO,2,4870400
2026,8,28,3,1,E,FEMENINO,2,4785780
2026,8,28,3,1,E,MASCULINO,1,1641306
2026,8,28,3,1,G,FEMENINO,21,59550804
2026,8,28,3,1,G,MASCULINO,24,65440571
2026,8,28,3,1,K,FEMENINO,34,112906559
2026,8,28,3,1,K,MASCULINO,30,86798773
2026,8,28,3,1,R,FEMENINO,9,48636000
2026,8,28,3,1,R,MASCULINO,12,66528000
2026,8,28,3,1,U,FEMENINO,415,1374385416
2026,8,28,3,1,U,MASCULINO,281,985746147
2026,8,28,4,1,C,FEMENINO,6,17394288
2026,8,28,4,1,C,MASCULINO,4,11596192
2026,8,28,4,1,D,FEMENINO,1,3728600
2026,8,28,4,1,E,FEMENINO,10,28807884
2026,8,28,4,1,E,MASCULINO,14,39659776
2026,8,28,4,1,F,FEMENINO,4,11596192
2026,8,28,4,1,F,MASCULINO,2,6560648
2026,8,28,4,1,G,FEMENINO,20,72563044
2026,8,28,4,1,G,MASCULINO,10,36532900
2026,8,28,4,1,H,FEMENINO,28,80246448
2026,8,28,4,1,H,MASCULINO,21,59952312
2026,8,28,4,1,K,FEMENINO,82,306726482
2026,8,28,4,1,K,MASCULINO,49,181629428
2026,8,28,4,1,L,FEMENINO,504,1677404475
2026,8,28,4,1,L,MASCULINO,343,1319098665
2026,8,28,4,1,R,FEMENINO,10,61600000
2026,8,28,4,1,R,MASCULINO,3,18480000
2026,8,28,4,1,S,MASCULINO,1,274100
2026,8,28,4,1,U,FEMENINO,169,620517962
2026,8,28,4,1,U,MASCULINO,76,325086212
2026,8,28,6,1,0,FEMENINO,3,0
2026,8,28,6,1,0,MASCULINO,3,0
2026,8,28,6,1,D,FEMENINO,5,12176000
2026,8,28,6,1,D,MASCULINO,1,2435200
2026,8,28,6,1,E,FEMENINO,23,55922629
2026,8,28,6,1,E,MASCULINO,15,36528000
2026,8,28,6,1,F,FEMENINO,35,85232000
2026,8,28,6,1,F,MASCULINO,24,58444800
2026,8,28,6,1,G,FEMENINO,56,178152372
2026,8,28,6,1,G,MASCULINO,46,153046084
2026,8,28,6,1,H,FEMENINO,1,2454816
2026,8,28,6,1,K,FEMENINO,5,23938992
2026,8,28,6,1,K,MASCULINO,4,19094040
2026,8,28,6,1,L,FEMENINO,726,1063040271
2026,8,28,6,1,L,MASCULINO,519,858815378
2026,8,28,6,1,U,FEMENINO,180,484161137
2026,8,28,6,1,U,MASCULINO,133,393575177
2026,8,28,7,1,2,FEMENINO,3,10903788
2026,8,28,7,1,2,MASCULINO,3,10218768
2026,8,28,7,1,C,MASCULINO,1,621300
2026,8,28,7,1,D,FEMENINO,12,29222400
2026,8,28,7,1,D,MASCULINO,9,21916800
2026,8,28,7,1,E,FEMENINO,21,51139200
2026,8,28,7,1,E,MASCULINO,12,29222400
2026,8,28,7,1,F,FEMENINO,31,75322262
2026,8,28,7,1,F,MASCULINO,20,49204000
2026,8,28,7,1,G,FEMENINO,74,217841302
2026,8,28,7,1,G,MASCULINO,49,143430558
2026,8,28,7,1,H,FEMENINO,8,19481600
2026,8,28,7,1,H,MASCULINO,8,19567661
2026,8,28,7,1,I,FEMENINO,6,14282308
2026,8,28,7,1,I,MASCULINO,2,4870400
2026,8,28,7,1,K,FEMENINO,54,183689944
2026,8,28,7,1,K,MASCULINO,37,136784222
2026,8,28,7,1,L,FEMENINO,234,269618500
2026,8,28,7,1,L,MASCULINO,215,249395320
2026,8,28,7,1,S,MASCULINO,1,2806002
2026,8,28,7,1,U,FEMENINO,349,958606608
2026,8,28,7,1,U,MASCULINO,381,1173522177
2026,8,28,8,1,E,FEMENINO,6,14611200
2026,8,28,8,1,E,MASCULINO,8,19481600
2026,8,28,8,1,F,FEMENINO,4,9740800
2026,8,28,8,1,G,FEMENINO,24,76315176
2026,8,28,8,1,G,MASCULINO,17,55221096
2026,8,28,8,1,K,FEMENINO,4,13964664
2026,8,28,8,1,K,MASCULINO,2,9220680
2026,8,28,8,1,R,FEMENINO,13,62462400
2026,8,28,8,1,R,MASCULINO,14,70589400
2026,8,28,8,1,U,FEMENINO,14,79325576
2026,8,28,8,1,U,MASCULINO,10,64445932
2026,8,28,9,1,4,FEMENINO,4,20362608
2026,8,28,9,1,4,MASCULINO,4,20362608
2026,8,28,9,1,K,FEMENINO,1,6060300
2026,8,28,9,1,L,FEMENINO,1,5064930
2026,8,28,9,1,L,MASCULINO,3,18396000
2026,8,28,9,1,R,FEMENINO,10,68416000
2026,8,28,9,1,R,MASCULINO,8,49465852
2026,8,28,9,1,U,MASCULINO,6,40429295
2026,8,28,10,1,D,FEMENINO,15,36180114
2026,8,28,10,1,D,MASCULINO,6,14379276
2026,8,28,10,1,E,FEMENINO,13,31309714
2026,8,28,10,1,E,MASCULINO,10,24352000
2026,8,28,10,1,G,FEMENINO,17,45771348
2026,8,28,10,1,G,MASCULINO,5,13953072
2026,8,28,10,1,I,MASCULINO,1,988700
2026,8,28,10,1,K,FEMENINO,1,3462900
2026,8,28,10,1,L,FEMENINO,7,8790331
2026,8,28,10,1,L,MASCULINO,8,9585238
2026,8,28,10,1,U,FEMENINO,153,338439481
2026,8,28,10,1,U,MASCULINO,111,301607197
2026,8,30,1,2,M,FEMENINO,15,46001681
2026,8,30,1,2,M,MASCULINO,28,85350000
2026,8,30,1,3,M,MASCULINO,1,5000000
2026,8,30,1,4,M,FEMENINO,5,14070000
2026,8,30,1,4,M,MASCULINO,4,17750000
2026,8,30,1,5,M,FEMENINO,3,9810000
2026,8,30,1,5,M,MASCULINO,5,18200000
2026,8,30,1,6,M,FEMENINO,9,30010130
2026,8,30,1,6,M,MASCULINO,7,16744000
2026,8,30,1,237,M,MASCULINO,2,6350000
2026,8,30,1,238,M,MASCULINO,5,29300000
2026,8,30,1,241,M,FEMENINO,1,5000000
2026,8,30,1,241,M,MASCULINO,2,3500000
2026,8,30,1,248,M,FEMENINO,4,8775000
2026,8,30,1,248,M,MASCULINO,2,16654226
2026,8,30,1,249,A,MASCULINO,1,9800000
2026,8,30,1,249,M,FEMENINO,1,1700000
2026,8,30,1,257,M,FEMENINO,7,11100000
2026,8,30,1,257,M,MASCULINO,4,8580519
2026,8,30,1,263,M,MASCULINO,4,25500000
2026,8,30,1,524,M,FEMENINO,2,9300000
2026,8,30,1,524,M,MASCULINO,1,2500000
2026,8,30,2,10,M,FEMENINO,6,15361500
2026,8,30,2,10,M,MASCULINO,8,29485000
2026,8,30,2,13,C,MASCULINO,1,9630000
2026,8,30,2,13,E,FEMENINO,3,6435000
2026,8,30,2,13,E,MASCULINO,1,1800000
2026,8,30,2,14,M,FEMENINO,1,5000000
2026,8,30,2,14,M,MASCULINO,2,2700000
2026,8,30,2,15,M,FEMENINO,7,13590000
2026,8,30,2,15,M,MASCULINO,12,44515480
2026,8,30,2,16,M,MASCULINO,1,3600000
2026,8,30,2,17,M,FEMENINO,2,3200000
2026,8,30,2,17,M,MASCULINO,1,2671400
2026,8,30,2,18,M,FEMENINO,1,2520000
2026,8,30,2,18,M,MASCULINO,3,14990552
2026,8,30,2,19,M,FEMENINO,3,3850000
2026,8,30,2,19,M,MASCULINO,3,6100000
2026,8,30,2,22,M,FEMENINO,2,10000000
2026,8,30,2,22,M,MASCULINO,2,4500000
2026,8,30,2,23,M,FEMENINO,3,5834500
2026,8,30,2,23,M,MASCULINO,1,1462650
2026,8,30,2,24,M,MASCULINO,1,15415400
2026,8,30,2,25,M,MASCULINO,4,15114328
2026,8,30,2,26,M,FEMENINO,4,39000000
2026,8,30,2,26,M,MASCULINO,7,23695000
2026,8,30,2,239,M,FEMENINO,1,2250000
2026,8,30,2,239,M,MASCULINO,4,15288300
2026,8,30,2,260,M,FEMENINO,1,3800000
2026,8,30,2,260,M,MASCULINO,5,13400000
2026,8,30,3,27,M,FEMENINO,21,83575000
2026,8,30,3,27,M,MASCULINO,23,76882783
2026,8,30,3,28,M,FEMENINO,3,7742250
2026,8,30,3,28,M,MASCULINO,5,35696150
2026,8,30,3,31,M,FEMENINO,8,37000000
2026,8,30,3,31,M,MASCULINO,7,52466800
2026,8,30,3,32,0,FEMENINO,11,36810000
2026,8,30,3,32,0,MASCULINO,6,18000000
2026,8,30,3,33,M,FEMENINO,7,17205097
2026,8,30,3,33,M,MASCULINO,14,49485775
2026,8,30,3,34,M,FEMENINO,3,6858000
2026,8,30,3,34,M,MASCULINO,1,2070000
2026,8,30,3,35,M,FEMENINO,3,4500000
2026,8,30,3,35,M,MASCULINO,3,19208280
2026,8,30,3,37,M,MASCULINO,1,6716666
2026,8,30,3,38,M,MASCULINO,2,6160000
2026,8,30,3,39,M,FEMENINO,3,10275000
2026,8,30,3,39,M,MASCULINO,1,2565000
2026,8,30,3,40,C,FEMENINO,1,1550000
2026,8,30,3,40,M,FEMENINO,14,28150000
2026,8,30,3,40,M,MASCULINO,10,36230000
2026,8,30,3,42,M,FEMENINO,20,66468000
2026,8,30,3,42,M,MASCULINO,20,96414480
2026,8,30,3,43,M,MASCULINO,6,17118000
2026,8,30,3,45,M,FEMENINO,8,17405000
2026,8,30,3,45,M,MASCULINO,4,4590000
2026,8,30,4,47,M,FEMENINO,56,156081826
2026,8,30,4,47,M,MASCULINO,51,153040062
2026,8,30,4,48,M,FEMENINO,2,3430000
2026,8,30,4,48,M,MASCULINO,1,3600000
2026,8,30,4,49,M,FEMENINO,3,4800000
2026,8,30,4,49,M,MASCULINO,3,11500000
2026,8,30,4,50,M,MASCULINO,2,6200000
2026,8,30,4,51,M,MASCULINO,2,4500000
2026,8,30,4,53,M,FEMENINO,1,1400000
2026,8,30,4,53,M,MASCULINO,3,21500000
2026,8,30,4,54,M,FEMENINO,2,0
2026,8,30,4,54,M,MASCULINO,1,0
2026,8,30,4,55,M,FEMENINO,4,6530000
2026,8,30,4,55,M,MASCULINO,4,5830000
2026,8,30,4,56,M,FEMENINO,1,1530000
2026,8,30,4,56,M,MASCULINO,1,2300000
2026,8,30,4,57,M,FEMENINO,2,5000000
2026,8,30,4,57,M,MASCULINO,2,3800000
2026,8,30,4,58,M,MASCULINO,2,3000000
2026,8,30,4,59,M,FEMENINO,1,700000
2026,8,30,4,59,M,MASCULINO,1,600000
2026,8,30,4,60,M,FEMENINO,2,3200000
2026,8,30,4,61,M,FEMENINO,4,10700000
2026,8,30,4,62,M,FEMENINO,1,1022222
2026,8,30,4,62,M,MASCULINO,1,950000
2026,8,30,4,63,M,MASCULINO,2,8215177
2026,8,30,4,234,M,FEMENINO,5,11475000
2026,8,30,4,234,M,MASCULINO,2,14200000
2026,8,30,5,64,M,FEMENINO,34,109559520
2026,8,30,5,64,M,MASCULINO,72,243970616
2026,8,30,5,67,M,FEMENINO,2,5439000
2026,8,30,5,67,M,MASCULINO,1,900000
2026,8,30,5,68,M,FEMENINO,2,3530000
2026,8,30,5,68,M,MASCULINO,2,4800000
2026,8,30,5,69,M,FEMENINO,5,10909200
2026,8,30,5,69,M,MASCULINO,12,34177600
2026,8,30,5,70,M,FEMENINO,2,9000000
2026,8,30,5,70,M,MASCULINO,4,38860000
2026,8,30,5,71,M,FEMENINO,1,1190000
2026,8,30,5,71,M,MASCULINO,1,4050000
2026,8,30,5,72,A,MASCULINO,1,6405000
2026,8,30,5,72,D,MASCULINO,1,3500000
2026,8,30,5,72,F,MASCULINO,1,3000000
2026,8,30,5,73,0,FEMENINO,2,3195000
2026,8,30,5,73,0,MASCULINO,9,23040000
2026,8,30,5,74,M,FEMENINO,5,9405000
2026,8,30,5,74,M,MASCULINO,3,5850000
2026,8,30,5,76,M,MASCULINO,3,4800000
2026,8,30,5,77,M,FEMENINO,3,5940000
2026,8,30,5,77,M,MASCULINO,4,12605000
2026,8,30,5,79,M,FEMENINO,3,7600000
2026,8,30,5,79,M,MASCULINO,7,22900000
2026,8,30,5,81,M,FEMENINO,2,2860000
2026,8,30,5,82,M,MASCULINO,3,7790000
2026,8,30,5,83,M,FEMENINO,1,990000
2026,8,30,5,83,M,MASCULINO,2,9750000
2026,8,30,6,84,M,FEMENINO,8,15900000
2026,8,30,6,84,M,MASCULINO,13,41100000
2026,8,30,6,85,M,FEMENINO,4,7700000
2026,8,30,6,85,M,MASCULINO,7,25400000
2026,8,30,6,86,M,FEMENINO,3,0
2026,8,30,6,86,M,MASCULINO,4,0
2026,8,30,6,87,M,MASCULINO,2,5500000
2026,8,30,6,89,M,FEMENINO,3,7560000
2026,8,30,6,89,M,MASCULINO,2,5520000
2026,8,30,6,90,M,FEMENINO,4,6500000
2026,8,30,6,90,M,MASCULINO,7,22500000
2026,8,30,6,92,0,FEMENINO,3,12775000
2026,8,30,6,92,0,MASCULINO,3,6800000
2026,8,30,6,93,M,FEMENINO,8,12880000
2026,8,30,6,93,M,MASCULINO,13,27902000
2026,8,30,7,94,M,FEMENINO,64,161572471
2026,8,30,7,94,M,MASCULINO,134,363936780
2026,8,30,7,95,M,FEMENINO,4,9163882
2026,8,30,7,95,M,MASCULINO,8,44530493
2026,8,30,7,96,0,FEMENINO,5,29400000
2026,8,30,7,96,0,MASCULINO,13,81250000
2026,8,30,7,97,M,FEMENINO,5,10517850
2026,8,30,7,97,M,MASCULINO,11,31166738
2026,8,30,7,98,M,FEMENINO,6,15155000
2026,8,30,7,98,M,MASCULINO,5,34685000
2026,8,30,7,100,M,FEMENINO,8,21300000
2026,8,30,7,100,M,MASCULINO,2,2100000
2026,8,30,7,101,M,FEMENINO,5,13640000
2026,8,30,7,101,M,MASCULINO,11,41820000
2026,8,30,7,102,M,FEMENINO,1,4300000
2026,8,30,7,102,M,MASCULINO,7,26213000
2026,8,30,7,103,M,FEMENINO,5,10299500
2026,8,30,7,103,M,MASCULINO,5,11316000
2026,8,30,7,104,M,FEMENINO,11,39931932
2026,8,30,7,104,M,MASCULINO,11,41008136
2026,8,30,7,106,M,FEMENINO,1,1350000
2026,8,30,7,106,M,MASCULINO,4,8140000
2026,8,30,7,107,M,FEMENINO,8,32721000
2026,8,30,7,107,M,MASCULINO,7,18990224
2026,8,30,7,108,M,MASCULINO,1,2000000
2026,8,30,7,109,M,MASCULINO,2,9321000
2026,8,30,7,110,M,FEMENINO,9,34900000
2026,8,30,7,110,M,MASCULINO,9,44800000
2026,8,30,7,112,M,FEMENINO,2,2970000
2026,8,30,7,112,M,MASCULINO,5,20690000
2026,8,30,7,113,M,FEMENINO,1,2700000
2026,8,30,7,113,M,MASCULINO,8,31790000
2026,8,30,7,114,M,FEMENINO,1,5000000
2026,8,30,7,114,M,MASCULINO,8,47800000
2026,8,30,7,115,M,FEMENINO,8,34000000
2026,8,30,7,115,M,MASCULINO,2,10500000
2026,8,30,7,116,M,FEMENINO,5,7490000
2026,8,30,7,116,M,MASCULINO,2,14355455
2026,8,30,7,118,M,MASCULINO,6,19400000
2026,8,30,7,120,M,FEMENINO,4,8700000
2026,8,30,7,120,M,MASCULINO,2,14150000
2026,8,30,7,121,M,MASCULINO,2,8983333
2026,8,30,7,122,B,MASCULINO,1,5885000
2026,8,30,7,122,C,FEMENINO,1,3600000
2026,8,30,7,122,D,FEMENINO,1,3917700
2026,8,30,7,122,E,FEMENINO,2,6526800
2026,8,30,7,122,E,MASCULINO,4,11134100
2026,8,30,7,122,S,MASCULINO,1,9970455
2026,8,30,8,126,M,FEMENINO,20,85267000
2026,8,30,8,126,M,MASCULINO,22,89754667
2026,8,30,8,127,M,FEMENINO,9,18014667
2026,8,30,8,127,M,MASCULINO,6,11997000
2026,8,30,8,129,M,FEMENINO,3,5952000
2026,8,30,8,129,M,MASCULINO,4,4905000
2026,8,30,8,130,M,FEMENINO,5,3600000
2026,8,30,8,130,M,MASCULINO,5,6500000
2026,8,30,8,131,M,FEMENINO,3,7450000
2026,8,30,8,131,M,MASCULINO,3,16500000
2026,8,30,9,140,M,MASCULINO,4,14100000
2026,8,30,9,141,M,FEMENINO,3,2800000
2026,8,30,9,141,M,MASCULINO,4,2440000
2026,8,30,9,142,M,FEMENINO,5,22620000
2026,8,30,9,142,M,MASCULINO,1,1500000
2026,8,30,9,143,A,FEMENINO,1,10000000
2026,8,30,9,143,B,MASCULINO,1,2600000
2026,8,30,9,143,C,FEMENINO,2,5100000
2026,8,30,9,143,C,MASCULINO,3,7800000
2026,8,30,9,143,G,FEMENINO,3,7250307
2026,8,30,9,143,G,MASCULINO,6,12026666
2026,8,30,9,144,M,MASCULINO,2,4800000
2026,8,30,9,146,M,FEMENINO,1,3000000
2026,8,30,9,146,M,MASCULINO,5,8680000
2026,8,30,9,148,M,FEMENINO,6,24200000
2026,8,30,9,148,M,MASCULINO,10,52300000
2026,8,30,9,149,M,FEMENINO,2,12250000
2026,8,30,9,149,M,MASCULINO,5,12300000
2026,8,30,10,151,A,MASCULINO,1,15000000
2026,8,30,10,151,B,FEMENINO,36,204846500
2026,8,30,10,151,B,MASCULINO,43,239522001
2026,8,30,10,151,C,FEMENINO,86,369038667
2026,8,30,10,151,C,MASCULINO,89,368046001
2026,8,30,10,151,D,FEMENINO,9,40836332
2026,8,30,10,151,D,MASCULINO,10,44745664
2026,8,30,10,151,E,FEMENINO,1,2700000
2026,8,30,10,151,F,FEMENINO,3,8644000
2026,8,30,10,151,F,MASCULINO,2,4622500
2026,8,30,10,151,G,FEMENINO,3,9161500
2026,8,30,10,151,G,MASCULINO,10,37979000
2026,8,30,10,152,B,FEMENINO,1,2430000
2026,8,30,10,152,B,MASCULINO,3,12000000
2026,8,30,10,152,D,FEMENINO,10,26770000
2026,8,30,10,152,D,MASCULINO,13,38560000
2026,8,30,10,152,E,MASCULINO,2,5040000
2026,8,30,10,152,F,FEMENINO,10,25140000
2026,8,30,10,152,F,MASCULINO,10,24390000
2026,8,30,10,152,G,FEMENINO,9,20160000
2026,8,30,10,152,G,MASCULINO,21,70450000
2026,8,30,10,152,H,FEMENINO,2,4320000
2026,8,30,10,152,H,MASCULINO,1,2700000
2026,8,30,10,152,P,FEMENINO,1,1620000
2026,8,30,10,152,P,MASCULINO,1,1890000
2026,8,30,10,153,M,FEMENINO,2,6000000
2026,8,30,10,153,M,MASCULINO,2,18200000
2026,8,30,10,154,M,FEMENINO,2,5000000
2026,8,30,10,154,M,MASCULINO,3,10100000
2026,8,30,10,155,A,MASCULINO,2,24400000
2026,8,30,10,155,B,FEMENINO,8,31472500
2026,8,30,10,155,B,MASCULINO,8,30000000
2026,8,30,10,155,C,FEMENINO,10,31170360
2026,8,30,10,155,C,MASCULINO,15,47813549
2026,8,30,10,155,D,FEMENINO,10,31751820
2026,8,30,10,155,D,MASCULINO,4,12973326
2026,8,30,10,155,E,FEMENINO,4,9032490
2026,8,30,10,155,E,MASCULINO,5,9379840
2026,8,30,10,155,F,MASCULINO,1,1980000
2026,8,30,10,155,G,FEMENINO,22,50853745
2026,8,30,10,155,G,MASCULINO,17,39628068
2026,8,30,10,155,L,MASCULINO,1,1980000
2026,8,30,10,156,M,FEMENINO,7,42819200
2026,8,30,10,156,M,MASCULINO,5,17511000
2026,8,30,10,157,M,FEMENINO,6,30000000
2026,8,30,10,157,M,MASCULINO,7,17000000
2026,8,30,10,158,M,FEMENINO,4,12250000
2026,8,30,10,158,M,MASCULINO,2,4000000
2026,8,30,10,159,M,FEMENINO,6,18396237
2026,8,30,10,159,M,MASCULINO,9,40441767
2026,8,30,10,160,M,FEMENINO,6,15297062
2026,8,30,10,160,M,MASCULINO,6,26731598
2026,8,30,10,161,M,FEMENINO,4,10656667
2026,8,30,10,161,M,MASCULINO,9,28230000
2026,8,30,10,162,M,FEMENINO,39,104976172
2026,8,30,10,162,M,MASCULINO,42,142736356
2026,8,30,10,163,M,FEMENINO,3,9100000
2026,8,30,10,163,M,MASCULINO,3,21000000
2026,8,30,10,164,A,FEMENINO,1,17949392
2026,8,30,10,164,B,FEMENINO,15,72111844
2026,8,30,10,164,B,MASCULINO,12,67330734
2026,8,30,10,164,C,FEMENINO,11,40068880
2026,8,30,10,164,C,MASCULINO,25,97132212
2026,8,30,10,164,D,FEMENINO,4,14832282
2026,8,30,10,164,D,MASCULINO,1,4175286
2026,8,30,10,164,F,FEMENINO,4,11387427
2026,8,30,10,164,F,MASCULINO,2,5829992
2026,8,30,10,164,G,FEMENINO,14,42597079
2026,8,30,10,164,G,MASCULINO,44,133217580
2026,8,30,10,165,A,MASCULINO,1,23100000
2026,8,30,10,165,C,FEMENINO,4,22273500
2026,8,30,10,165,C,MASCULINO,2,16900000
2026,8,30,10,165,G,MASCULINO,1,5500000
2026,8,30,10,166,M,FEMENINO,7,21093300
2026,8,30,10,166,M,MASCULINO,5,8474000
2026,8,30,10,167,M,FEMENINO,4,7290000
2026,8,30,10,167,M,MASCULINO,5,30620000
2026,8,30,10,170,M,FEMENINO,7,24309000
2026,8,30,10,170,M,MASCULINO,5,16200000
2026,8,30,10,240,M,FEMENINO,5,14600000
2026,8,30,10,240,M,MASCULINO,4,19350000
2026,8,30,10,246,M,FEMENINO,1,2250000
2026,8,30,10,246,M,MASCULINO,6,17190000
2026,8,30,11,171,M,FEMENINO,27,52994864
2026,8,30,11,171,M,MASCULINO,25,52292723
2026,8,30,11,172,M,FEMENINO,59,161489255
2026,8,30,11,172,M,MASCULINO,89,293500584
2026,8,30,11,173,A,MASCULINO,1,17579991
2026,8,30,11,173,B,FEMENINO,6,27745861
2026,8,30,11,173,B,MASCULINO,9,40697775
2026,8,30,11,173,C,FEMENINO,10,36863150
2026,8,30,11,173,C,MASCULINO,17,65244572
2026,8,30,11,173,D,FEMENINO,26,83133980
2026,8,30,11,173,D,MASCULINO,46,152439157
2026,8,30,11,173,E,FEMENINO,69,161323462
2026,8,30,11,173,E,MASCULINO,64,165579733
2026,8,30,11,173,F,FEMENINO,12,26635020
2026,8,30,11,173,F,MASCULINO,12,30099065
2026,8,30,11,173,G,FEMENINO,53,121466171
2026,8,30,11,173,G,MASCULINO,50,115041529
2026,8,30,11,174,M,FEMENINO,17,43206166
2026,8,30,11,174,M,MASCULINO,10,26778333
2026,8,30,11,175,M,FEMENINO,2,5300000
2026,8,30,11,175,M,MASCULINO,2,15000000
2026,8,30,11,176,M,FEMENINO,18,57451132
2026,8,30,11,176,M,MASCULINO,27,81786072
2026,8,30,11,177,M,FEMENINO,123,348461039
2026,8,30,11,177,M,MASCULINO,157,441834497
2026,8,30,11,178,M,FEMENINO,56,162100000
2026,8,30,11,178,M,MASCULINO,63,187655000
2026,8,30,11,179,M,FEMENINO,128,464197186
2026,8,30,11,179,M,MASCULINO,159,582174485
2026,8,30,11,180,1,FEMENINO,54,105111537
2026,8,30,11,180,1,MASCULINO,39,78273779
2026,8,30,11,180,C,FEMENINO,2,6845040
2026,8,30,11,180,C,MASCULINO,2,5232600
2026,8,30,11,180,D,FEMENINO,19,40989517
2026,8,30,11,180,D,MASCULINO,7,15419163
2026,8,30,11,180,E,FEMENINO,15,28039554
2026,8,30,11,180,E,MASCULINO,7,12339258
2026,8,30,11,180,F,FEMENINO,2,3255689
2026,8,30,11,180,F,MASCULINO,1,1492409
2026,8,30,11,180,G,FEMENINO,12,20435581
2026,8,30,11,180,G,MASCULINO,14,27886529
2026,8,30,11,180,Q,FEMENINO,5,13500000
2026,8,30,11,180,S,FEMENINO,24,49234020
2026,8,30,11,180,S,MASCULINO,14,32231100
2026,8,30,11,180,X,FEMENINO,1,15000000
2026,8,30,11,181,M,FEMENINO,4,17899048
2026,8,30,11,181,M,MASCULINO,1,5700000
2026,8,30,11,182,M,FEMENINO,10,74950000
2026,8,30,11,182,M,MASCULINO,29,306292839
2026,8,30,11,183,C,MASCULINO,2,11095000
2026,8,30,11,183,M,FEMENINO,13,72931130
2026,8,30,11,183,M,MASCULINO,13,76483828
2026,8,30,11,184,M,FEMENINO,212,614176108
2026,8,30,11,184,M,MASCULINO,230,711018409
2026,8,30,11,185,M,FEMENINO,54,131580952
2026,8,30,11,185,M,MASCULINO,37,114640427
2026,8,30,11,186,M,FEMENINO,28,116459368
2026,8,30,11,186,M,MASCULINO,20,102359560
2026,8,30,11,188,M,FEMENINO,1,0
2026,8,30,11,188,M,MASCULINO,1,0
2026,8,30,12,191,M,FEMENINO,8,11930000
2026,8,30,12,191,M,MASCULINO,11,8550000
2026,8,30,12,192,M,FEMENINO,4,5922000
2026,8,30,12,192,M,MASCULINO,1,1710000
2026,8,30,12,195,M,FEMENINO,3,5000000
2026,8,30,12,195,M,MASCULINO,1,2500000
2026,8,30,12,196,M,FEMENINO,1,0
2026,8,30,12,196,M,MASCULINO,2,2900000
2026,8,30,12,197,M,FEMENINO,2,4500000
2026,8,30,12,197,M,MASCULINO,3,6000000
2026,8,30,12,200,M,FEMENINO,2,6000000
2026,8,30,12,200,M,MASCULINO,1,0
2026,8,30,12,202,M,FEMENINO,6,8650000
2026,8,30,12,202,M,MASCULINO,7,9045000
2026,8,30,12,203,M,FEMENINO,6,21602634
2026,8,30,12,203,M,MASCULINO,3,5140800
2026,8,30,12,205,M,FEMENINO,1,1700000
2026,8,30,12,205,M,MASCULINO,3,2480000
2026,8,30,13,206,M,FEMENINO,62,288565924
2026,8,30,13,206,M,MASCULINO,79,450203644
2026,8,30,13,207,M,FEMENINO,4,8190000
2026,8,30,13,207,M,MASCULINO,10,24548500
2026,8,30,13,208,M,FEMENINO,12,28251549
2026,8,30,13,208,M,MASCULINO,20,65287042
2026,8,30,13,242,M,MASCULINO,1,4000000
2026,8,30,14,209,M,FEMENINO,5,18683333
2026,8,30,14,209,M,MASCULINO,9,44011000
2026,8,30,14,210,M,FEMENINO,1,1800000
2026,8,30,14,210,M,MASCULINO,4,11650000
2026,8,30,14,211,M,FEMENINO,4,17830833
2026,8,30,14,211,M,MASCULINO,4,4486860
2026,8,30,14,212,M,MASCULINO,2,7780000
2026,8,30,14,213,M,FEMENINO,4,6650000
2026,8,30,14,213,M,MASCULINO,6,20000000
2026,8,30,14,214,M,FEMENINO,1,1350000
2026,8,30,14,214,M,MASCULINO,2,7250000
2026,8,30,14,215,M,MASCULINO,3,13400000
2026,8,30,14,216,M,FEMENINO,6,16530300
2026,8,30,14,216,M,MASCULINO,7,33791300
2026,8,30,14,217,M,FEMENINO,9,31608335
2026,8,30,14,217,M,MASCULINO,3,27510000
2026,8,30,14,218,M,FEMENINO,7,28200000
2026,8,30,14,218,M,MASCULINO,4,38400000
2026,8,30,14,219,C,FEMENINO,1,3900000
2026,8,30,14,219,C,MASCULINO,1,3150000
2026,8,30,14,219,D,FEMENINO,7,18406667
2026,8,30,14,219,D,MASCULINO,4,13608334
2026,8,30,14,244,M,FEMENINO,1,2500000
2026,8,30,14,244,M,MASCULINO,4,9850000
2026,8,30,14,247,M,FEMENINO,1,2250000
2026,8,30,14,247,M,MASCULINO,2,6350000
2026,8,30,14,251,M,MASCULINO,5,15000000
2026,8,30,14,255,M,FEMENINO,1,2000000
2026,8,30,14,255,M,MASCULINO,4,19500000
2026,8,30,14,256,M,FEMENINO,1,2500000
2026,8,30,14,256,M,MASCULINO,2,7500000
2026,8,30,15,220,M,FEMENINO,37,98239328
2026,8,30,15,220,M,MASCULINO,48,146093405
2026,8,30,15,221,M,FEMENINO,3,4389014
2026,8,30,15,221,M,MASCULINO,2,10253700
2026,8,30,15,222,M,FEMENINO,57,196606399
2026,8,30,15,222,M,MASCULINO,42,129875067
2026,8,30,15,223,M,FEMENINO,1,2520000
2026,8,30,15,223,M,MASCULINO,2,4520000
2026,8,30,15,224,M,FEMENINO,24,64808701
2026,8,30,15,224,M,MASCULINO,10,19044000
2026,8,30,15,229,M,FEMENINO,1,4000000
2026,8,30,15,229,M,MASCULINO,6,25013063
2026,8,30,15,232,M,FEMENINO,3,7500000
2026,8,30,15,232,M,MASCULINO,2,7756000
2026,8,30,15,258,M,FEMENINO,3,18900000
2026,8,30,15,258,M,MASCULINO,2,7000000
2026,8,30,15,262,M,FEMENINO,5,13741667
2026,8,30,15,262,M,MASCULINO,1,1300000
2026,8,30,16,230,M,FEMENINO,2,33000000
2026,8,30,16,230,M,MASCULINO,3,26500000
2026,8,30,16,231,M,FEMENINO,1,5850000
2026,8,30,16,231,M,MASCULINO,4,26099076
2026,8,30,16,261,M,FEMENINO,1,2650000
2026,8,30,16,261,M,MASCULINO,3,31166667
2026,8,30,17,226,M,FEMENINO,2,3200000
2026,8,30,17,226,M,MASCULINO,13,46403250
2026,8,30,17,227,M,FEMENINO,7,11970000
2026,8,30,17,227,M,MASCULINO,9,23320000
2026,8,30,17,235,M,FEMENINO,2,8000000
2026,8,30,17,235,M,MASCULINO,4,17808960
2026,8,40,1,1,C,FEMENINO,46,244918092
2026,8,40,1,1,C,MASCULINO,286,1389319104
2026,8,40,2,1,B,FEMENINO,29,387246768
2026,8,40,2,1,B,MASCULINO,52,696985304
2026,8,40,2,1,C,FEMENINO,50,455633439
2026,8,40,2,1,C,MASCULINO,87,797568436
2026,8,40,2,1,D,FEMENINO,59,420634600
2026,8,40,2,1,D,MASCULINO,123,868859944
2026,8,40,2,1,E,FEMENINO,64,359128616
2026,8,40,2,1,E,MASCULINO,100,548399000
2026,8,40,2,1,F,FEMENINO,114,487766789
2026,8,40,2,1,F,MASCULINO,320,1363617933
2026,8,40,2,1,G,FEMENINO,52,181518768
2026,8,40,2,1,G,MASCULINO,463,1601887262
2026,8,40,2,1,H,FEMENINO,97,293328832
2026,8,40,2,1,H,MASCULINO,242,730157408
2026,8,40,3,1,0,FEMENINO,38,147102442
2026,8,40,3,1,0,MASCULINO,62,196972254
