anho,mes,sector,componente,presupuestado,devengado
2015,1,Educación,Bonificaciones y asignaciones,21330184909.0,21274745633.0
2015,1,Educación,Dietas,64424900.0,64424900.0
2015,1,Educación,Gastos de representación,2989342200.0,2988462200.0
2015,1,Educación,Otros gastos del personal,1053608876.0,1053608876.0
2015,1,Educación,Personal contratado,1026324975.0,1025868961.0
2015,1,Educación,Remuneraciones temporales,13792493.0,12683194.0
2015,1,Educación,Sueldo básico,262437697359.0,261723700589.0
2015,1,Entes autónomos y autárquicos,Bonificaciones y asignaciones,1849275873.0,1771061880.0
2015,1,Entes autónomos y autárquicos,Gastos de representación,356537800.0,351888776.0
2015,1,Entes autónomos y autárquicos,Otros gastos del personal,447586425.0,433725930.0
2015,1,Entes autónomos y autárquicos,Personal contratado,386811685.0,379595322.0
2015,1,Entes autónomos y autárquicos,Sueldo básico,6332111296.0,5900333746.0
2015,1,Fuerzas públicas,Bonificaciones y asignaciones,54287818220.0,54287818220.0
2015,1,Fuerzas públicas,Gastos de representación,602338028.0,602338028.0
2015,1,Fuerzas públicas,Otros gastos del personal,29802564643.0,29802564643.0
2015,1,Fuerzas públicas,Personal contratado,881947733.0,881947733.0
2015,1,Fuerzas públicas,Remuneraciones temporales,410425921.0,410425921.0
2015,1,Fuerzas públicas,Servicio exterior,548698082.0,548746582.0
2015,1,Fuerzas públicas,Sueldo básico,150030114521.0,150020733932.0
2015,1,Gobiernos departamentales,Bonificaciones y asignaciones,41534342.0,40014342.0
2015,1,Gobiernos departamentales,Dietas,269960140.0,255340700.0
2015,1,Gobiernos departamentales,Gastos de representación,44622900.0,42722100.0
2015,1,Gobiernos departamentales,Otros gastos del personal,37196565.0,35004153.0
2015,1,Gobiernos departamentales,Personal contratado,781497310.0,776880310.0
2015,1,Gobiernos departamentales,Sueldo básico,942391842.0,873983863.0
2015,1,Municipalidades,Aguinaldo,15325000.0,14795909.0
2015,1,Municipalidades,Bonificaciones y asignaciones,64197965.0,66410046.0
2015,1,Municipalidades,Dietas,351430884.0,340613715.0
2015,1,Municipalidades,Gastos de representación,167988000.0,163488000.0
2015,1,Municipalidades,Otros gastos del personal,2398260.0,327442.0
2015,1,Municipalidades,Personal contratado,1005557663.0,963799340.0
2015,1,Municipalidades,Sueldo básico,594154550.0,522429720.0
2015,1,Otros organismos,Bonificaciones y asignaciones,1664160815.0,1392189296.0
2015,1,Otros organismos,Dietas,11444386.0,0.0
2015,1,Otros organismos,Gastos de representación,365737211.0,362555342.0
2015,1,Otros organismos,Otros gastos del personal,143938112.0,143938112.0
2015,1,Otros organismos,Personal contratado,360024390.0,347717687.0
2015,1,Otros organismos,Remuneraciones temporales,648976455.0,643526741.0
2015,1,Otros organismos,Sueldo básico,17704139433.0,17895460275.0
2015,1,Poder Judicial,Bonificaciones y asignaciones,18372359522.0,13815339693.0
2015,1,Poder Judicial,Dietas,59500000.0,59500000.0
2015,1,Poder Judicial,Gastos de representación,5173457998.0,5173457998.0
2015,1,Poder Judicial,Otros gastos del personal,4060962610.0,2480457908.0
2015,1,Poder Judicial,Personal contratado,14908238138.0,14819299279.0
2015,1,Poder Judicial,Remuneraciones temporales,3727221049.0,800517016.0
2015,1,Poder Judicial,Sueldo básico,84743590584.0,84575317343.0
2015,1,Poder Legislativo,Bonificaciones y asignaciones,662520550.0,662520550.0
2015,1,Poder Legislativo,Dietas,4233778120.0,4233778120.0
2015,1,Poder Legislativo,Gastos de representación,1216264592.0,1216264592.0
2015,1,Poder Legislativo,Personal contratado,3388252309.0,3388252309.0
2015,1,Poder Legislativo,Remuneraciones temporales,62365602.0,62365602.0
2015,1,Poder Legislativo,Sueldo básico,14178450000.0,14178450000.0
2015,1,SA del Estado,Bonificaciones y asignaciones,1956084358.0,1956084358.0
2015,1,SA del Estado,Gastos de representación,156220000.0,156220000.0
2015,1,SA del Estado,Personal contratado,1789687926.0,1789687926.0
2015,1,SA del Estado,Remuneraciones temporales,763567198.0,763567198.0
2015,1,SA del Estado,Sueldo básico,5124862523.0,5063924395.0
2015,1,Salud,Bonificaciones y asignaciones,12758322458.0,10382751710.0
2015,1,Salud,Gastos de representación,253012800.0,212608558.0
2015,1,Salud,Otros gastos del personal,61342318140.0,3749376677.0
2015,1,Salud,Personal contratado,87470925962.0,80241672597.0
2015,1,Salud,Remuneraciones temporales,853364805.0,759356816.0
2015,1,Salud,Sueldo básico,73410908780.0,73410908780.0
2015,1,Servicio civil del Ejecutivo,Bonificaciones y asignaciones,8521911831.0,8505673331.0
2015,1,Servicio civil del Ejecutivo,Gastos de representación,1056881169.0,1056881169.0
2015,1,Servicio civil del Ejecutivo,Otros gastos del personal,2947283727.0,2929910397.0
2015,1,Servicio civil del Ejecutivo,Personal contratado,23752267980.0,23655194008.0
2015,1,Servicio civil del Ejecutivo,Remuneraciones temporales,2293063471.0,2292690279.0
2015,1,Servicio civil del Ejecutivo,Servicio exterior,8873229700.0,8775763655.0
2015,1,Servicio civil del Ejecutivo,Sueldo básico,48705002052.0,48588150326.0
2015,2,Educación,Bonificaciones y asignaciones,6441230089.0,6441230089.0
2015,2,Educación,Dietas,53192800.0,53192800.0
2015,2,Educación,Gastos de representación,2965355800.0,2965355800.0
2015,2,Educación,Otros gastos del personal,1010008876.0,1010008876.0
2015,2,Educación,Personal contratado,1095509039.0,1094555556.0
2015,2,Educación,Remuneraciones temporales,19671734.0,19671734.0
2015,2,Educación,Sueldo básico,258469654340.0,258468421732.0
2015,2,Empresas públicas,Dietas,1526500.0,1526500.0
2015,2,Entes autónomos y autárquicos,Bonificaciones y asignaciones,1996073473.0,1917859480.0
2015,2,Entes autónomos y autárquicos,Dietas,4579500.0,4579500.0
2015,2,Entes autónomos y autárquicos,Gastos de representación,360895800.0,355509496.0
2015,2,Entes autónomos y autárquicos,Otros gastos del personal,449210480.0,435149985.0
2015,2,Entes autónomos y autárquicos,Personal contratado,389688080.0,382471717.0
2015,2,Entes autónomos y autárquicos,Sueldo básico,6364307629.0,5920949908.0
2015,2,Fuerzas públicas,Bonificaciones y asignaciones,52907784396.0,52907734396.0
2015,2,Fuerzas públicas,Gastos de representación,605403428.0,605403428.0
2015,2,Fuerzas públicas,Otros gastos del personal,49906283950.0,49884023950.0
2015,2,Fuerzas públicas,Personal contratado,882773149.0,882773149.0
2015,2,Fuerzas públicas,Remuneraciones temporales,364556214.0,364556214.0
2015,2,Fuerzas públicas,Servicio exterior,548969234.0,548969234.0
2015,2,Fuerzas públicas,Sueldo básico,150104941265.0,150095156716.0
2015,2,Gobiernos departamentales,Bonificaciones y asignaciones,43288188.0,41528188.0
2015,2,Gobiernos departamentales,Dietas,281914540.0,267295100.0
2015,2,Gobiernos departamentales,Gastos de representación,132177540.0,130276740.0
2015,2,Gobiernos departamentales,Otros gastos del personal,25593000.0,25593000.0
2015,2,Gobiernos departamentales,Personal contratado,734934650.0,730434650.0
2015,2,Gobiernos departamentales,Sueldo básico,948313967.0,875598416.0
2015,2,Municipalidades,Aguinaldo,15325000.0,14795909.0
2015,2,Municipalidades,Bonificaciones y asignaciones,61599960.0,60869270.0
2015,2,Municipalidades,Dietas,351430884.0,340613715.0
2015,2,Municipalidades,Gastos de representación,167988000.0,163488000.0
2015,2,Municipalidades,Otros gastos del personal,2398260.0,327442.0
2015,2,Municipalidades,Personal contratado,1011075163.0,968985022.0
2015,2,Municipalidades,Sueldo básico,595707150.0,523810185.0
2015,2,Otros organismos,Bonificaciones y asignaciones,2591291730.0,1371554058.0
2015,2,Otros organismos,Dietas,12588824.0,0.0
2015,2,Otros organismos,Gastos de representación,365811829.0,362311773.0
2015,2,Otros organismos,Otros gastos del personal,154613145.0,154613145.0
2015,2,Otros organismos,Personal contratado,492723829.0,361634878.0
2015,2,Otros organismos,Remuneraciones temporales,689105448.0,683055383.0
2015,2,Otros organismos,Sueldo básico,17805899311.0,17757161589.0
2015,2,Poder Judicial,Bonificaciones y asignaciones,19162753308.0,14853629761.0
2015,2,Poder Judicial,Dietas,59500000.0,59500000.0
2015,2,Poder Judicial,Gastos de representación,5420701165.0,5293480220.0
2015,2,Poder Judicial,Otros gastos del personal,3414132682.0,2538840067.0
2015,2,Poder Judicial,Personal contratado,16101004675.0,15856165807.0
2015,2,Poder Judicial,Remuneraciones temporales,1920050466.0,1531699360.0
2015,2,Poder Judicial,Sueldo básico,85719570525.0,84996649464.0
2015,2,Poder Legislativo,Bonificaciones y asignaciones,753612633.0,753612633.0
2015,2,Poder Legislativo,Dietas,4233778120.0,4233778120.0
2015,2,Poder Legislativo,Gastos de representación,1221322592.0,1221322592.0
2015,2,Poder Legislativo,Personal contratado,3455152176.0,3455152176.0
2015,2,Poder Legislativo,Remuneraciones temporales,121940442.0,121940442.0
2015,2,Poder Legislativo,Sueldo básico,14177450000.0,14177450000.0
2015,2,SA del Estado,Bonificaciones y asignaciones,1596896932.0,1596896932.0
2015,2,SA del Estado,Gastos de representación,154100000.0,154100000.0
2015,2,SA del Estado,Personal contratado,1829543562.0,1829543562.0
2015,2,SA del Estado,Remuneraciones temporales,753583495.0,753583495.0
2015,2,SA del Estado,Sueldo básico,5068352560.0,5068352560.0
2015,2,Salud,Bonificaciones y asignaciones,13806810125.0,9873363989.0
2015,2,Salud,Gastos de representación,257341600.0,218069406.0
2015,2,Salud,Otros gastos del personal,4930841488.0,4799452149.0
2015,2,Salud,Personal contratado,91923582305.0,84434481761.0
2015,2,Salud,Remuneraciones temporales,1435297694.0,1293601519.0
2015,2,Salud,Sueldo básico,73384107080.0,73384107080.0
2015,2,Servicio civil del Ejecutivo,Bonificaciones y asignaciones,12574304377.0,12557274067.0
2015,2,Servicio civil del Ejecutivo,Gastos de representación,1076476515.0,1076536515.0
2015,2,Servicio civil del Ejecutivo,Otros gastos del personal,3095083654.0,3091038154.0
2015,2,Servicio civil del Ejecutivo,Personal contratado,27885666734.0,27760547974.0
2015,2,Servicio civil del Ejecutivo,Remuneraciones temporales,3576046568.0,3576045968.0
2015,2,Servicio civil del Ejecutivo,Servicio exterior,9023269472.0,9017417359.0
2015,2,Servicio civil del Ejecutivo,Sueldo básico,48952891902.0,48743542273.0
2015,3,Educación,Bonificaciones y asignaciones,20725245442.0,20725245442.0
2015,3,Educación,Dietas,51361400.0,51361400.0
2015,3,Educación,Gastos de representación,2966105600.0,2966105600.0
2015,3,Educación,Otros gastos del personal,1009208876.0,1009208876.0
2015,3,Educación,Personal contratado,1113812425.0,1113314956.0
2015,3,Educación,Remuneraciones temporales,21292441.0,21292441.0
2015,3,Educación,Sueldo básico,257872710896.0,257872710896.0
2015,3,Entes autónomos y autárquicos,Bonificaciones y asignaciones,2006469186.0,1925639673.0
2015,3,Entes autónomos y autárquicos,Dietas,7446000.0,7446000.0
2015,3,Entes autónomos y autárquicos,Gastos de representación,360845800.0,355459496.0
2015,3,Entes autónomos y autárquicos,Otros gastos del personal,444873725.0,432725930.0
2015,3,Entes autónomos y autárquicos,Personal contratado,387864025.0,380647662.0
2015,3,Entes autónomos y autárquicos,Remuneraciones temporales,331459211.0,331459211.0
2015,3,Entes autónomos y autárquicos,Sueldo básico,6502792743.0,6036159014.0
2015,3,Fuerzas públicas,Bonificaciones y asignaciones,63309546592.0,63309546592.0
2015,3,Fuerzas públicas,Gastos de representación,609865928.0,609865928.0
2015,3,Fuerzas públicas,Otros gastos del personal,6731165748.0,6731165748.0
2015,3,Fuerzas públicas,Personal contratado,872947546.0,872947546.0
2015,3,Fuerzas públicas,Remuneraciones temporales,397298635.0,397298635.0
2015,3,Fuerzas públicas,Servicio exterior,579446636.0,579446636.0
2015,3,Fuerzas públicas,Sueldo básico,150213345442.0,150206877343.0
2015,3,Gobiernos departamentales,Bonificaciones y asignaciones,50742304.0,48982304.0
2015,3,Gobiernos departamentales,Dietas,430436980.0,415817540.0
2015,3,Gobiernos departamentales,Gastos de representación,68382900.0,66482100.0
2015,3,Gobiernos departamentales,Otros gastos del personal,41417055.0,41417055.0
2015,3,Gobiernos departamentales,Personal contratado,798602705.0,792695059.0
2015,3,Gobiernos departamentales,Remuneraciones temporales,1299600.0,1299600.0
2015,3,Gobiernos departamentales,Sueldo básico,1154213252.0,1110648142.0
2015,3,Municipalidades,Aguinaldo,19025000.0,18182273.0
2015,3,Municipalidades,Bonificaciones y asignaciones,106520359.0,105729669.0
2015,3,Municipalidades,Dietas,351430884.0,340613715.0
2015,3,Municipalidades,Gastos de representación,177672552.0,173172552.0
2015,3,Municipalidades,Otros gastos del personal,2398260.0,327442.0
2015,3,Municipalidades,Personal contratado,1048085985.0,1004899423.0
2015,3,Municipalidades,Sueldo básico,597107150.0,525492222.0
2015,3,Otros organismos,Bonificaciones y asignaciones,2677737647.0,1989674156.0
2015,3,Otros organismos,Dietas,12588824.0,0.0
2015,3,Otros organismos,Gastos de representación,370218865.0,366718809.0
2015,3,Otros organismos,Otros gastos del personal,170806872.0,170806872.0
2015,3,Otros organismos,Personal contratado,444620078.0,363244207.0
2015,3,Otros organismos,Remuneraciones temporales,1308470429.0,1298681506.0
2015,3,Otros organismos,Sueldo básico,17791691243.0,17750677386.0
2015,3,Poder Judicial,Bonificaciones y asignaciones,20848351351.0,19368251351.0
2015,3,Poder Judicial,Dietas,59500000.0,59500000.0
2015,3,Poder Judicial,Gastos de representación,5429030098.0,5412017598.0
2015,3,Poder Judicial,Otros gastos del personal,3608541204.0,3569928537.0
2015,3,Poder Judicial,Personal contratado,16779499005.0,16684196094.0
2015,3,Poder Judicial,Remuneraciones temporales,2021367482.0,2021367482.0
2015,3,Poder Judicial,Sueldo básico,85886846912.0,85202671632.0
2015,3,Poder Legislativo,Bonificaciones y asignaciones,1778470550.0,1778470550.0
2015,3,Poder Legislativo,Dietas,4233778120.0,4233778120.0
2015,3,Poder Legislativo,Gastos de representación,1229954892.0,1229954892.0
2015,3,Poder Legislativo,Personal contratado,3492639861.0,3492639861.0
2015,3,Poder Legislativo,Remuneraciones temporales,197567237.0,197829030.0
2015,3,Poder Legislativo,Sueldo básico,14186350000.0,14186350000.0
2015,3,SA del Estado,Bonificaciones y asignaciones,1572438744.0,1572438744.0
2015,3,SA del Estado,Gastos de representación,158853333.0,158853333.0
2015,3,SA del Estado,Personal contratado,2024136892.0,2024136892.0
2015,3,SA del Estado,Remuneraciones temporales,757373356.0,757373356.0
2015,3,SA del Estado,Sueldo básico,5174271729.0,5174271729.0
2015,3,Salud,Bonificaciones y asignaciones,13482110747.0,11234785103.0
2015,3,Salud,Gastos de representación,255392700.0,216559570.0
2015,3,Salud,Otros gastos del personal,3988454249.0,3949766938.0
2015,3,Salud,Personal contratado,89648263263.0,82331816238.0
2015,3,Salud,Remuneraciones temporales,1917578796.0,1744370603.0
2015,3,Salud,Sueldo básico,73279332380.0,73279332380.0
2015,3,Servicio civil del Ejecutivo,Bonificaciones y asignaciones,12985877002.0,12915936468.0
2015,3,Servicio civil del Ejecutivo,Gastos de representación,1115156440.0,1114647007.0
2015,3,Servicio civil del Ejecutivo,Otros gastos del personal,3405249939.0,3405249939.0
2015,3,Servicio civil del Ejecutivo,Personal contratado,28987705403.0,28819041113.0
2015,3,Servicio civil del Ejecutivo,Remuneraciones temporales,4308514920.0,4308444866.0
2015,3,Servicio civil del Ejecutivo,Servicio exterior,9240883116.0,8983939501.0
2015,3,Servicio civil del Ejecutivo,Sueldo básico,49101631724.0,48989413754.0
2015,4,Educación,Bonificaciones y asignaciones,6363998139.0,6363998139.0
2015,4,Educación,Dietas,45867200.0,45867200.0
2015,4,Educación,Gastos de representación,2982440560.0,2982440560.0
2015,4,Educación,Otros gastos del personal,1006408876.0,1006408876.0
2015,4,Educación,Personal contratado,1098287253.0,1097789784.0
2015,4,Educación,Remuneraciones temporales,17944204.0,17944204.0
2015,4,Educación,Sueldo básico,257875071218.0,257875071218.0
2015,4,Entes autónomos y autárquicos,Bonificaciones y asignaciones,2018543901.0,1936074275.0
2015,4,Entes autónomos y autárquicos,Dietas,27206200.0,27206200.0
2015,4,Entes autónomos y autárquicos,Gastos de representación,360495800.0,354609496.0
2015,4,Entes autónomos y autárquicos,Otros gastos del personal,447852725.0,435044290.0
2015,4,Entes autónomos y autárquicos,Personal contratado,387864025.0,380647662.0
2015,4,Entes autónomos y autárquicos,Remuneraciones temporales,332393085.0,332264247.0
2015,4,Entes autónomos y autárquicos,Sueldo básico,6552688840.0,6086425423.0
2015,4,Fuerzas públicas,Bonificaciones y asignaciones,54388839104.0,54388839104.0
2015,4,Fuerzas públicas,Gastos de representación,607816128.0,607816128.0
2015,4,Fuerzas públicas,Otros gastos del personal,6737488460.0,6736948460.0
2015,4,Fuerzas públicas,Personal contratado,964581268.0,964581268.0
2015,4,Fuerzas públicas,Remuneraciones temporales,392438953.0,392438953.0
2015,4,Fuerzas públicas,Servicio exterior,602664512.0,602664512.0
2015,4,Fuerzas públicas,Sueldo básico,150366830616.0,150323053296.0
2015,4,Gobiernos departamentales,Bonificaciones y asignaciones,49943073.0,48183073.0
2015,4,Gobiernos departamentales,Dietas,357514780.0,342895340.0
2015,4,Gobiernos departamentales,Gastos de representación,56027700.0,54126900.0
2015,4,Gobiernos departamentales,Otros gastos del personal,27505700.0,26350758.0
2015,4,Gobiernos departamentales,Personal contratado,717867270.0,711611611.0
2015,4,Gobiernos departamentales,Remuneraciones temporales,1299600.0,1299600.0
2015,4,Gobiernos departamentales,Sueldo básico,949093657.0,906642234.0
2015,4,Municipalidades,Aguinaldo,19025000.0,18182273.0
2015,4,Municipalidades,Bonificaciones y asignaciones,60474960.0,59749270.0
2015,4,Municipalidades,Dietas,351430884.0,340613715.0
2015,4,Municipalidades,Gastos de representación,177672552.0,173172552.0
2015,4,Municipalidades,Otros gastos del personal,2398260.0,327442.0
2015,4,Municipalidades,Personal contratado,1045230335.0,1003224313.0
2015,4,Municipalidades,Sueldo básico,600607150.0,528992222.0
2015,4,Otros organismos,Bonificaciones y asignaciones,2114815384.0,1766298330.0
2015,4,Otros organismos,Dietas,12588824.0,0.0
2015,4,Otros organismos,Gastos de representación,372383265.0,368883209.0
2015,4,Otros organismos,Otros gastos del personal,185886042.0,185886042.0
2015,4,Otros organismos,Personal contratado,400613159.0,364525336.0
2015,4,Otros organismos,Remuneraciones temporales,1480687173.0,1469683947.0
2015,4,Otros organismos,Sueldo básico,17793571353.0,17766003351.0
2015,4,Poder Judicial,Bonificaciones y asignaciones,17096249014.0,15616149014.0
2015,4,Poder Judicial,Dietas,59500000.0,59500000.0
2015,4,Poder Judicial,Gastos de representación,5589716198.0,5474749514.0
2015,4,Poder Judicial,Otros gastos del personal,3492267696.0,3490601029.0
2015,4,Poder Judicial,Personal contratado,17447127191.0,17364769063.0
2015,4,Poder Judicial,Remuneraciones temporales,1841568358.0,1841568358.0
2015,4,Poder Judicial,Sueldo básico,86818606641.0,86045548795.0
2015,4,Poder Legislativo,Bonificaciones y asignaciones,1511939997.0,1511939997.0
2015,4,Poder Legislativo,Dietas,4233778120.0,4233778120.0
2015,4,Poder Legislativo,Gastos de representación,1229954892.0,1229954892.0
2015,4,Poder Legislativo,Personal contratado,3499191751.0,3499191751.0
2015,4,Poder Legislativo,Remuneraciones temporales,288859034.0,288859034.0
2015,4,Poder Legislativo,Sueldo básico,14209350000.0,14209350000.0
2015,4,SA del Estado,Bonificaciones y asignaciones,1648457548.0,1648457548.0
2015,4,SA del Estado,Gastos de representación,159000000.0,159000000.0
2015,4,SA del Estado,Personal contratado,2024136892.0,2024136892.0
2015,4,SA del Estado,Remuneraciones temporales,833784658.0,833784658.0
2015,4,SA del Estado,Sueldo básico,5179181900.0,5179181900.0
2015,4,Salud,Bonificaciones y asignaciones,12644890645.0,10584211044.0
2015,4,Salud,Gastos de representación,259290500.0,219888292.0
2015,4,Salud,Otros gastos del personal,3977771624.0,3938583200.0
2015,4,Salud,Personal contratado,90665935003.0,83283061348.0
2015,4,Salud,Remuneraciones temporales,1825919427.0,1659336909.0
2015,4,Salud,Sueldo básico,73206263980.0,73206263980.0
2015,4,Servicio civil del Ejecutivo,Bonificaciones y asignaciones,10400371348.0,10395400116.0
2015,4,Servicio civil del Ejecutivo,Gastos de representación,1114986984.0,1114986984.0
2015,4,Servicio civil del Ejecutivo,Otros gastos del personal,4168294592.0,4168294592.0
2015,4,Servicio civil del Ejecutivo,Personal contratado,29463579074.0,29271770680.0
2015,4,Servicio civil del Ejecutivo,Remuneraciones temporales,4365022464.0,4365024493.0
2015,4,Servicio civil del Ejecutivo,Servicio exterior,8905386344.0,8762653939.0
2015,4,Servicio civil del Ejecutivo,Sueldo básico,49117551798.0,49061216208.0
2015,5,Educación,Aguinaldo,15946768.0,15946768.0
2015,5,Educación,Bonificaciones y asignaciones,29516340770.0,39961914511.0
2015,5,Educación,Dietas,285569620.0,284788611.0
2015,5,Educación,Gastos de representación,3312002761.0,3332526479.0
2015,5,Educación,Otros gastos del personal,2821865064.0,2444423849.0
2015,5,Educación,Personal contratado,9922229650.0,9758283393.0
2015,5,Educación,Remuneraciones temporales,423395511.0,384392724.0
2015,5,Educación,Sueldo básico,331290245356.0,333207338433.0
2015,5,Empresas públicas,Bonificaciones y asignaciones,26857970339.0,25433751334.0
2015,5,Empresas públicas,Dietas,17616900.0,17616900.0
2015,5,Empresas públicas,Gastos de representación,49589000.0,48966216.0
2015,5,Empresas públicas,Otros gastos del personal,364099363.0,355486427.0
2015,5,Empresas públicas,Personal contratado,4797233414.0,4527112521.0
2015,5,Empresas públicas,Remuneraciones temporales,5454006504.0,4952123992.0
2015,5,Empresas públicas,Sueldo básico,28296111235.0,25264827279.0
2015,5,Entes autónomos y autárquicos,Bonificaciones y asignaciones,7578255148.0,6811374968.0
2015,5,Entes autónomos y autárquicos,Dietas,216529300.0,212136900.0
2015,5,Entes autónomos y autárquicos,Gastos de representación,682416165.0,651200284.0
2015,5,Entes autónomos y autárquicos,Otros gastos del personal,1108291020.0,1012594462.0
2015,5,Entes autónomos y autárquicos,Personal contratado,4800266443.0,4069003513.0
2015,5,Entes autónomos y autárquicos,Remuneraciones temporales,2881055895.0,2597445040.0
2015,5,Entes autónomos y autárquicos,Sueldo básico,30227098942.0,27376250165.0
2015,5,Fuerzas públicas,Bonificaciones y asignaciones,53644001392.0,53644001392.0
2015,5,Fuerzas públicas,Gastos de representación,607816128.0,607816128.0
2015,5,Fuerzas públicas,Otros gastos del personal,7005608489.0,7005608489.0
2015,5,Fuerzas públicas,Personal contratado,955392157.0,955392157.0
2015,5,Fuerzas públicas,Remuneraciones temporales,382574306.0,382574306.0
2015,5,Fuerzas públicas,Servicio exterior,613804402.0,613804402.0
2015,5,Fuerzas públicas,Sueldo básico,150004640074.0,150004175874.0
2015,5,Gobiernos departamentales,Bonificaciones y asignaciones,213333683.0,181710967.0
2015,5,Gobiernos departamentales,Dietas,1028767020.0,890111840.0
2015,5,Gobiernos departamentales,Gastos de representación,141122900.0,114058980.0
2015,5,Gobiernos departamentales,Otros gastos del personal,107165100.0,101112942.0
2015,5,Gobiernos departamentales,Personal contratado,2309386244.0,2141913155.0
2015,5,Gobiernos departamentales,Remuneraciones temporales,16936233.0,14594371.0
2015,5,Gobiernos departamentales,Sueldo básico,3364570070.0,3340212989.0
2015,5,Municipalidades,Aguinaldo,79295000.0,18332273.0
2015,5,Municipalidades,Bonificaciones y asignaciones,269672008.0,174017318.0
2015,5,Municipalidades,Dietas,2396744105.0,976884838.0
2015,5,Municipalidades,Gastos de representación,1982259693.0,851862761.0
2015,5,Municipalidades,Otros gastos del personal,1820886.0,163721.0
2015,5,Municipalidades,Personal contratado,11515288824.0,3296102050.0
2015,5,Municipalidades,Remuneraciones temporales,44132548.0,20778087.0
2015,5,Municipalidades,Sueldo básico,3779915795.0,1784016928.0
2015,5,Otros organismos,Bonificaciones y asignaciones,6189961959.0,5830508000.0
2015,5,Otros organismos,Dietas,140426324.0,127335430.0
2015,5,Otros organismos,Gastos de representación,593379555.0,584987028.0
2015,5,Otros organismos,Otros gastos del personal,218897171.0,214338838.0
2015,5,Otros organismos,Personal contratado,1178509806.0,1142375644.0
2015,5,Otros organismos,Remuneraciones temporales,1412083011.0,1403461672.0
2015,5,Otros organismos,Sueldo básico,24429548911.0,24270059856.0
2015,5,Poder Judicial,Bonificaciones y asignaciones,17426183301.0,15946083301.0
2015,5,Poder Judicial,Dietas,59500000.0,59500000.0
2015,5,Poder Judicial,Gastos de representación,5636091198.0,5632949531.0
2015,5,Poder Judicial,Otros gastos del personal,3573123000.0,3522241889.0
2015,5,Poder Judicial,Personal contratado,17537372163.0,17450302922.0
2015,5,Poder Judicial,Remuneraciones temporales,1840891464.0,1840880464.0
2015,5,Poder Judicial,Sueldo básico,86977360018.0,86423529710.0
2015,5,Poder Legislativo,Bonificaciones y asignaciones,698490000.0,698490000.0
2015,5,Poder Legislativo,Dietas,4233778120.0,4233778120.0
2015,5,Poder Legislativo,Gastos de representación,1229954892.0,1229954892.0
2015,5,Poder Legislativo,Personal contratado,3538100265.0,3535100265.0
2015,5,Poder Legislativo,Remuneraciones temporales,274419135.0,274419135.0
2015,5,Poder Legislativo,Sueldo básico,14203350000.0,14203350000.0
2015,5,SA del Estado,Aguinaldo,655138.0,655138.0
2015,5,SA del Estado,Bonificaciones y asignaciones,1581480487.0,1581480487.0
2015,5,SA del Estado,Dietas,71657564.0,61866223.0
2015,5,SA del Estado,Gastos de representación,156200000.0,156200000.0
2015,5,SA del Estado,Personal contratado,2164570888.0,2164570888.0
2015,5,SA del Estado,Remuneraciones temporales,579303075.0,579303075.0
2015,5,SA del Estado,Sueldo básico,5755345697.0,5713529058.0
2015,5,Salud,Bonificaciones y asignaciones,17197217202.0,15462352288.0
2015,5,Salud,Gastos de representación,348188300.0,237180198.0
2015,5,Salud,Otros gastos del personal,4439829932.0,4400641508.0
2015,5,Salud,Personal contratado,101314201051.0,93822258253.0
2015,5,Salud,Remuneraciones temporales,3679966276.0,3517459897.0
2015,5,Salud,Sueldo básico,136517580225.0,136243584344.0
2015,5,Servicio civil del Ejecutivo,Bonificaciones y asignaciones,9400051152.0,9394831913.0
2015,5,Servicio civil del Ejecutivo,Gastos de representación,1121533012.0,1118032092.0
2015,5,Servicio civil del Ejecutivo,Otros gastos del personal,3487268318.0,3487268318.0
2015,5,Servicio civil del Ejecutivo,Personal contratado,27907391928.0,27675742789.0
2015,5,Servicio civil del Ejecutivo,Remuneraciones temporales,4358711234.0,4358704234.0
2015,5,Servicio civil del Ejecutivo,Servicio exterior,8905861320.0,8801872864.0
2015,5,Servicio civil del Ejecutivo,Sueldo básico,49254039442.0,49166373028.0
2015,6,Educación,Bonificaciones y asignaciones,20998751103.0,20976389480.0
2015,6,Educación,Dietas,117367865.0,115888465.0
2015,6,Educación,Gastos de representación,3073558300.0,3072638876.0
2015,6,Educación,Otros gastos del personal,3074325551.0,2947779171.0
2015,6,Educación,Personal contratado,1484476046.0,1477857827.0
2015,6,Educación,Remuneraciones temporales,70119030.0,69059707.0
2015,6,Educación,Sueldo básico,264195083657.0,264137786433.0
2015,6,Empresas públicas,Bonificaciones y asignaciones,2582960519.0,2533458220.0
2015,6,Empresas públicas,Dietas,17616900.0,17616900.0
2015,6,Empresas públicas,Gastos de representación,22331600.0,21708816.0
2015,6,Empresas públicas,Otros gastos del personal,163343400.0,161754554.0
2015,6,Empresas públicas,Personal contratado,529359670.0,507430997.0
2015,6,Empresas públicas,Remuneraciones temporales,361178663.0,325882102.0
2015,6,Empresas públicas,Sueldo básico,5937138605.0,5478697521.0
2015,6,Entes autónomos y autárquicos,Bonificaciones y asignaciones,6074569654.0,5588663614.0
2015,6,Entes autónomos y autárquicos,Dietas,143288000.0,143288000.0
2015,6,Entes autónomos y autárquicos,Gastos de representación,592198355.0,574286062.0
2015,6,Entes autónomos y autárquicos,Otros gastos del personal,956307377.0,921439255.0
2015,6,Entes autónomos y autárquicos,Personal contratado,4012222989.0,3429845876.0
2015,6,Entes autónomos y autárquicos,Remuneraciones temporales,2461341164.0,2270175938.0
2015,6,Entes autónomos y autárquicos,Sueldo básico,24900649082.0,22283170198.0
2015,6,Fuerzas públicas,Bonificaciones y asignaciones,54135429695.0,54135429695.0
2015,6,Fuerzas públicas,Gastos de representación,608392628.0,608392628.0
2015,6,Fuerzas públicas,Otros gastos del personal,6749308364.0,6749308364.0
2015,6,Fuerzas públicas,Personal contratado,944157919.0,944157919.0
2015,6,Fuerzas públicas,Remuneraciones temporales,391119980.0,391119980.0
2015,6,Fuerzas públicas,Servicio exterior,622833576.0,622833576.0
2015,6,Fuerzas públicas,Sueldo básico,149832083675.0,149832083675.0
2015,6,Gobiernos departamentales,Bonificaciones y asignaciones,169541577.0,143175235.0
2015,6,Gobiernos departamentales,Dietas,766103100.0,700410120.0
2015,6,Gobiernos departamentales,Gastos de representación,122237200.0,107880096.0
2015,6,Gobiernos departamentales,Otros gastos del personal,49105700.0,47950758.0
2015,6,Gobiernos departamentales,Personal contratado,1583341137.0,1516017083.0
2015,6,Gobiernos departamentales,Remuneraciones temporales,12300780.0,9869598.0
2015,6,Gobiernos departamentales,Sueldo básico,1984807522.0,1754951088.0
2015,6,Municipalidades,Aguinaldo,16525000.0,15750455.0
2015,6,Municipalidades,Bonificaciones y asignaciones,86978577.0,86247887.0
2015,6,Municipalidades,Dietas,375608637.0,364791468.0
2015,6,Municipalidades,Gastos de representación,177535500.0,173035500.0
2015,6,Municipalidades,Otros gastos del personal,2398260.0,327442.0
2015,6,Municipalidades,Personal contratado,1146717571.0,1103441873.0
2015,6,Municipalidades,Sueldo básico,644274845.0,569020706.0
2015,6,Otros organismos,Bonificaciones y asignaciones,2886993634.0,2496547970.0
2015,6,Otros organismos,Dietas,90988824.0,75120000.0
2015,6,Otros organismos,Gastos de representación,490220452.0,481440225.0
2015,6,Otros organismos,Otros gastos del personal,271728330.0,261371539.0
2015,6,Otros organismos,Personal contratado,745361322.0,694278667.0
2015,6,Otros organismos,Remuneraciones temporales,1279177785.0,1268587808.0
2015,6,Otros organismos,Sueldo básico,20021042051.0,19861751562.0
2015,6,Poder Judicial,Bonificaciones y asignaciones,17100438558.0,15620338558.0
2015,6,Poder Judicial,Dietas,59500000.0,59500000.0
2015,6,Poder Judicial,Gastos de representación,5642237998.0,5642129248.0
2015,6,Poder Judicial,Otros gastos del personal,3445493238.0,3445493238.0
2015,6,Poder Judicial,Personal contratado,17228936069.0,17136140893.0
2015,6,Poder Judicial,Remuneraciones temporales,2020950875.0,2020950875.0
2015,6,Poder Judicial,Sueldo básico,87358586083.0,87108122389.0
2015,6,Poder Legislativo,Bonificaciones y asignaciones,8555589792.0,8554689792.0
2015,6,Poder Legislativo,Dietas,4233778120.0,4233778120.0
2015,6,Poder Legislativo,Gastos de representación,1229954892.0,1229954892.0
2015,6,Poder Legislativo,Personal contratado,3570082210.0,3570082210.0
2015,6,Poder Legislativo,Remuneraciones temporales,269683571.0,269683571.0
2015,6,Poder Legislativo,Sueldo básico,14210711100.0,14210711100.0
2015,6,SA del Estado,Bonificaciones y asignaciones,6988206622.0,6988206622.0
2015,6,SA del Estado,Gastos de representación,156200000.0,156200000.0
2015,6,SA del Estado,Personal contratado,2242048888.0,2242048888.0
2015,6,SA del Estado,Remuneraciones temporales,904841623.0,904841623.0
2015,6,SA del Estado,Sueldo básico,5380890742.0,5380890742.0
2015,6,Salud,Bonificaciones y asignaciones,14639392205.0,12995455454.0
2015,6,Salud,Gastos de representación,265656907.0,225340015.0
2015,6,Salud,Otros gastos del personal,3991118295.0,3952514790.0
2015,6,Salud,Personal contratado,94434743193.0,85997296174.0
2015,6,Salud,Remuneraciones temporales,2022972141.0,2022972141.0
2015,6,Salud,Sueldo básico,72942354880.0,72942354880.0
2015,6,Servicio civil del Ejecutivo,Bonificaciones y asignaciones,10444026706.0,10442708292.0
2015,6,Servicio civil del Ejecutivo,Gastos de representación,1124627374.0,1123612374.0
2015,6,Servicio civil del Ejecutivo,Otros gastos del personal,3683635169.0,3683635169.0
2015,6,Servicio civil del Ejecutivo,Personal contratado,30705395770.0,28574508342.0
2015,6,Servicio civil del Ejecutivo,Remuneraciones temporales,4834345526.0,4834325526.0
2015,6,Servicio civil del Ejecutivo,Servicio exterior,8877179240.0,8840122450.0
2015,6,Servicio civil del Ejecutivo,Sueldo básico,49404358537.0,49333167376.0
2015,7,Educación,Bonificaciones y asignaciones,37339270767.0,36653466643.0
2015,7,Educación,Dietas,246422891.0,237954790.0
2015,7,Educación,Gastos de representación,3331897484.0,3286088207.0
2015,7,Educación,Otros gastos del personal,3080487349.0,3079927349.0
2015,7,Educación,Personal contratado,5934990257.0,5822556482.0
2015,7,Educación,Remuneraciones temporales,733063467.0,710346057.0
2015,7,Educación,Sueldo básico,313950336751.0,306568328446.0
2015,7,Empresas públicas,Bonificaciones y asignaciones,1680936607.0,1630032102.0
2015,7,Empresas públicas,Dietas,17616900.0,17616900.0
2015,7,Empresas públicas,Gastos de representación,82680700.0,82057916.0
2015,7,Empresas públicas,Otros gastos del personal,284022335.0,262810441.0
2015,7,Empresas públicas,Personal contratado,1877569257.0,1822942932.0
2015,7,Empresas públicas,Remuneraciones temporales,678507838.0,639160666.0
2015,7,Empresas públicas,Sueldo básico,14485345560.0,13235802143.0
2015,7,Entes autónomos y autárquicos,Bonificaciones y asignaciones,8695568580.0,7803728889.0
2015,7,Entes autónomos y autárquicos,Dietas,68535100.0,64142700.0
2015,7,Entes autónomos y autárquicos,Gastos de representación,696172922.0,651551210.0
2015,7,Entes autónomos y autárquicos,Otros gastos del personal,1123069194.0,1012203173.0
2015,7,Entes autónomos y autárquicos,Personal contratado,8159849707.0,4848941365.0
2015,7,Entes autónomos y autárquicos,Remuneraciones temporales,2650472251.0,2389397396.0
2015,7,Entes autónomos y autárquicos,Sueldo básico,29277768720.0,26075227816.0
2015,7,Fuerzas públicas,Bonificaciones y asignaciones,57773651186.0,57773651186.0
2015,7,Fuerzas públicas,Gastos de representación,604857879.0,604857879.0
2015,7,Fuerzas públicas,Otros gastos del personal,6828312598.0,6828312598.0
2015,7,Fuerzas públicas,Personal contratado,1098216943.0,950105119.0
2015,7,Fuerzas públicas,Remuneraciones temporales,391526311.0,391526311.0
2015,7,Fuerzas públicas,Servicio exterior,622859576.0,622859576.0
2015,7,Fuerzas públicas,Sueldo básico,149930688518.0,149916162380.0
2015,7,Gobiernos departamentales,Bonificaciones y asignaciones,199776676.0,173634862.0
2015,7,Gobiernos departamentales,Dietas,899259115.0,833566135.0
2015,7,Gobiernos departamentales,Gastos de representación,144080400.0,129573792.0
2015,7,Gobiernos departamentales,Otros gastos del personal,52293200.0,51138258.0
2015,7,Gobiernos departamentales,Personal contratado,1606717877.0,1550955345.0
2015,7,Gobiernos departamentales,Remuneraciones temporales,9843936.0,8476841.0
2015,7,Gobiernos departamentales,Sueldo básico,2338197947.0,2095158028.0
2015,7,Municipalidades,Aguinaldo,16525000.0,15750455.0
2015,7,Municipalidades,Bonificaciones y asignaciones,139688902.0,143697812.0
2015,7,Municipalidades,Dietas,703347485.0,524291912.0
2015,7,Municipalidades,Gastos de representación,649769500.0,290501500.0
2015,7,Municipalidades,Otros gastos del personal,8502960.0,6540628.0
2015,7,Municipalidades,Personal contratado,3224302711.0,1737486881.0
2015,7,Municipalidades,Remuneraciones temporales,9183658.0,8620581.0
2015,7,Municipalidades,Sueldo básico,1444970193.0,747253513.0
2015,7,Otros organismos,Bonificaciones y asignaciones,6597646383.0,3053928038.0
2015,7,Otros organismos,Dietas,201926324.0,293779590.0
2015,7,Otros organismos,Gastos de representación,584533135.0,491497458.0
2015,7,Otros organismos,Otros gastos del personal,288520009.0,276270792.0
2015,7,Otros organismos,Personal contratado,1296587179.0,1102509203.0
2015,7,Otros organismos,Remuneraciones temporales,1544963941.0,1356338570.0
2015,7,Otros organismos,Sueldo básico,24558011927.0,25050168945.0
2015,7,Poder Judicial,Bonificaciones y asignaciones,16043695370.0,16043695370.0
2015,7,Poder Judicial,Dietas,59500000.0,59500000.0
2015,7,Poder Judicial,Gastos de representación,5718021898.0,5710242315.0
2015,7,Poder Judicial,Otros gastos del personal,744480056.0,744480056.0
2015,7,Poder Judicial,Personal contratado,16086550217.0,16000456314.0
2015,7,Poder Judicial,Remuneraciones temporales,2066251125.0,2066251125.0
2015,7,Poder Judicial,Sueldo básico,87943175844.0,87756529737.0
2015,7,Poder Legislativo,Bonificaciones y asignaciones,761700000.0,761700000.0
2015,7,Poder Legislativo,Dietas,4233778120.0,4233778120.0
2015,7,Poder Legislativo,Gastos de representación,1227425892.0,1227425892.0
2015,7,Poder Legislativo,Personal contratado,3560986652.0,3560186652.0
2015,7,Poder Legislativo,Remuneraciones temporales,270074099.0,270074099.0
2015,7,Poder Legislativo,Sueldo básico,14194331300.0,14194331300.0
2015,7,SA del Estado,Bonificaciones y asignaciones,7226397129.0,7226397129.0
2015,7,SA del Estado,Dietas,132693284.0,122901943.0
2015,7,SA del Estado,Gastos de representación,165400000.0,165400000.0
2015,7,SA del Estado,Otros gastos del personal,9800000.0,9800000.0
2015,7,SA del Estado,Personal contratado,2398073919.0,2398073919.0
2015,7,SA del Estado,Remuneraciones temporales,690144525.0,689831191.0
2015,7,SA del Estado,Sueldo básico,22262415255.0,20408535324.0
2015,7,Salud,Bonificaciones y asignaciones,14251108770.0,14251108770.0
2015,7,Salud,Gastos de representación,261922600.0,261922600.0
2015,7,Salud,Otros gastos del personal,4981726729.0,4981726729.0
2015,7,Salud,Personal contratado,76073215793.0,74696077846.0
2015,7,Salud,Remuneraciones temporales,2193921349.0,2193921349.0
2015,7,Salud,Sueldo básico,90939281180.0,90939281180.0
2015,7,Servicio civil del Ejecutivo,Bonificaciones y asignaciones,13667782220.0,13667782220.0
2015,7,Servicio civil del Ejecutivo,Gastos de representación,1138274994.0,1137154241.0
2015,7,Servicio civil del Ejecutivo,Otros gastos del personal,3726583881.0,3726583881.0
2015,7,Servicio civil del Ejecutivo,Personal contratado,32566728248.0,29829562791.0
2015,7,Servicio civil del Ejecutivo,Remuneraciones temporales,5058505554.0,5058505554.0
2015,7,Servicio civil del Ejecutivo,Servicio exterior,8959774598.0,8923138152.0
2015,7,Servicio civil del Ejecutivo,Sueldo básico,49408045008.0,49127636754.0
2015,8,Educación,Bonificaciones y asignaciones,39071770043.0,38120641716.0
2015,8,Educación,Dietas,407999786.0,393796319.0
2015,8,Educación,Gastos de representación,3516457084.0,3435038775.0
2015,8,Educación,Otros gastos del personal,3385644075.0,3346984005.0
2015,8,Educación,Personal contratado,8322123343.0,8186130170.0
2015,8,Educación,Remuneraciones temporales,796606277.0,767472258.0
2015,8,Educación,Sueldo básico,329736008758.0,319205590346.0
2015,8,Empresas públicas,Bonificaciones y asignaciones,23919319776.0,22292970748.0
2015,8,Empresas públicas,Dietas,5872300.0,5872300.0
2015,8,Empresas públicas,Gastos de representación,91252900.0,90722276.0
2015,8,Empresas públicas,Otros gastos del personal,456568789.0,448882351.0
2015,8,Empresas públicas,Personal contratado,5252715748.0,4978713859.0
2015,8,Empresas públicas,Remuneraciones temporales,5433242212.0,4941226909.0
2015,8,Empresas públicas,Sueldo básico,33230006423.0,29541735005.0
2015,8,Entes autónomos y autárquicos,Bonificaciones y asignaciones,8005939819.0,7175765075.0
2015,8,Entes autónomos y autárquicos,Dietas,166008600.0,161616200.0
2015,8,Entes autónomos y autárquicos,Gastos de representación,718768684.0,670461223.0
2015,8,Entes autónomos y autárquicos,Otros gastos del personal,1213665238.0,1098363770.0
2015,8,Entes autónomos y autárquicos,Personal contratado,7799351781.0,5165379525.0
2015,8,Entes autónomos y autárquicos,Remuneraciones temporales,2712845216.0,2429737429.0
2015,8,Entes autónomos y autárquicos,Sueldo básico,30063537545.0,26970305441.0
2015,8,Fuerzas públicas,Bonificaciones y asignaciones,55123547665.0,55123547665.0
2015,8,Fuerzas públicas,Gastos de representación,605636779.0,605636779.0
2015,8,Fuerzas públicas,Otros gastos del personal,6812537061.0,6812537061.0
2015,8,Fuerzas públicas,Personal contratado,1088459108.0,931956352.0
2015,8,Fuerzas públicas,Remuneraciones temporales,392878672.0,392878672.0
2015,8,Fuerzas públicas,Servicio exterior,632566322.0,632566322.0
2015,8,Fuerzas públicas,Sueldo básico,149414508481.0,149399460027.0
2015,8,Gobiernos departamentales,Bonificaciones y asignaciones,189569832.0,160049732.0
2015,8,Gobiernos departamentales,Dietas,950332655.0,884639675.0
2015,8,Gobiernos departamentales,Gastos de representación,146931600.0,132424992.0
2015,8,Gobiernos departamentales,Otros gastos del personal,52293200.0,51138258.0
2015,8,Gobiernos departamentales,Personal contratado,1909265720.0,1853949385.0
2015,8,Gobiernos departamentales,Remuneraciones temporales,12918936.0,11059841.0
2015,8,Gobiernos departamentales,Sueldo básico,2712978347.0,2448695127.0
2015,8,Municipalidades,Aguinaldo,26993334.0,26218789.0
2015,8,Municipalidades,Bonificaciones y asignaciones,246520621.0,244504467.0
2015,8,Municipalidades,Dietas,1285786920.0,957299388.0
2015,8,Municipalidades,Gastos de representación,943710134.0,513653304.0
2015,8,Municipalidades,Otros gastos del personal,21378576.0,19416244.0
2015,8,Municipalidades,Personal contratado,5418275613.0,3436319058.0
2015,8,Municipalidades,Remuneraciones temporales,57737791.0,57537791.0
2015,8,Municipalidades,Sueldo básico,2887133879.0,1772691963.0
2015,8,Otros organismos,Bonificaciones y asignaciones,8637100753.0,3359491171.0
2015,8,Otros organismos,Dietas,192126324.0,80205969.0
2015,8,Otros organismos,Gastos de representación,656037955.0,518619285.0
2015,8,Otros organismos,Otros gastos del personal,318959902.0,307132135.0
2015,8,Otros organismos,Personal contratado,1724500332.0,1267164965.0
2015,8,Otros organismos,Remuneraciones temporales,1522993617.0,1329469568.0
2015,8,Otros organismos,Sueldo básico,24824458958.0,23532143066.0
2015,8,Poder Judicial,Bonificaciones y asignaciones,20030606686.0,20030606686.0
2015,8,Poder Judicial,Dietas,59500000.0,59500000.0
2015,8,Poder Judicial,Gastos de representación,5837021898.0,5766446902.0
2015,8,Poder Judicial,Otros gastos del personal,1543894081.0,1543894081.0
2015,8,Poder Judicial,Personal contratado,15452404381.0,15369834338.0
2015,8,Poder Judicial,Remuneraciones temporales,2041464735.0,2041464735.0
2015,8,Poder Judicial,Sueldo básico,88588764304.0,88290885841.0
2015,8,Poder Legislativo,Bonificaciones y asignaciones,739765000.0,739765000.0
2015,8,Poder Legislativo,Dietas,4233778120.0,4233778120.0
2015,8,Poder Legislativo,Gastos de representación,1227425892.0,1227425892.0
2015,8,Poder Legislativo,Personal contratado,3583024524.0,3583024524.0
2015,8,Poder Legislativo,Remuneraciones temporales,342352146.0,342352146.0
2015,8,Poder Legislativo,Sueldo básico,14210602110.0,14210602110.0
2015,8,SA del Estado,Aguinaldo,1310549.0,1310549.0
2015,8,SA del Estado,Bonificaciones y asignaciones,4973166918.0,4973166918.0
2015,8,SA del Estado,Dietas,128483924.0,128483924.0
2015,8,SA del Estado,Gastos de representación,171400000.0,171400000.0
2015,8,SA del Estado,Otros gastos del personal,9800000.0,9800000.0
2015,8,SA del Estado,Personal contratado,2465103857.0,2465103857.0
2015,8,SA del Estado,Remuneraciones temporales,702800987.0,702550987.0
2015,8,SA del Estado,Sueldo básico,22360563004.0,20447980208.0
2015,8,Salud,Bonificaciones y asignaciones,14794318981.0,14794318981.0
2015,8,Salud,Gastos de representación,259973700.0,259973700.0
2015,8,Salud,Otros gastos del personal,4969867673.0,4969867673.0
2015,8,Salud,Personal contratado,75639012475.0,74664649806.0
2015,8,Salud,Remuneraciones temporales,2233787009.0,2233787009.0
2015,8,Salud,Sueldo básico,90829679280.0,90829679280.0
2015,8,Servicio civil del Ejecutivo,Bonificaciones y asignaciones,10955718274.0,10955718274.0
2015,8,Servicio civil del Ejecutivo,Gastos de representación,1143535794.0,1132731740.0
2015,8,Servicio civil del Ejecutivo,Otros gastos del personal,3642942179.0,3642942179.0
2015,8,Servicio civil del Ejecutivo,Personal contratado,32972984074.0,29209324588.0
2015,8,Servicio civil del Ejecutivo,Remuneraciones temporales,5076918714.0,5076918714.0
2015,8,Servicio civil del Ejecutivo,Servicio exterior,9056118564.0,9036862286.0
2015,8,Servicio civil del Ejecutivo,Sueldo básico,49750456808.0,49423423470.0
2015,9,Educación,Bonificaciones y asignaciones,35254017388.0,34975172181.0
2015,9,Educación,Dietas,344566786.0,338631620.0
2015,9,Educación,Gastos de representación,3391205100.0,3341390716.0
2015,9,Educación,Otros gastos del personal,2588709475.0,2559311030.0
2015,9,Educación,Personal contratado,4167131849.0,4109656248.0
2015,9,Educación,Remuneraciones temporales,642975436.0,629475891.0
2015,9,Educación,Servicio exterior,200000.0,200000.0
2015,9,Educación,Sueldo básico,303046301737.0,297725314988.0
2015,9,Empresas públicas,Bonificaciones y asignaciones,20815996048.0,19299458964.0
2015,9,Empresas públicas,Dietas,14485006.0,14485006.0
2015,9,Empresas públicas,Gastos de representación,84551500.0,83928716.0
2015,9,Empresas públicas,Otros gastos del personal,325153464.0,316886230.0
2015,9,Empresas públicas,Personal contratado,5248603400.0,4956176009.0
2015,9,Empresas públicas,Remuneraciones temporales,5150423183.0,4686554712.0
2015,9,Empresas públicas,Sueldo básico,33105054009.0,29468711283.0
2015,9,Entes autónomos y autárquicos,Bonificaciones y asignaciones,7853853773.0,6989386892.0
2015,9,Entes autónomos y autárquicos,Dietas,192704050.0,181561450.0
2015,9,Entes autónomos y autárquicos,Gastos de representación,720010184.0,675604401.0
2015,9,Entes autónomos y autárquicos,Otros gastos del personal,1238817488.0,1122047769.0
2015,9,Entes autónomos y autárquicos,Personal contratado,7741754097.0,5371453223.0
2015,9,Entes autónomos y autárquicos,Remuneraciones temporales,2753693222.0,2476328795.0
2015,9,Entes autónomos y autárquicos,Sueldo básico,30391584028.0,27181937131.0
2015,9,Fuerzas públicas,Bonificaciones y asignaciones,55345663298.0,55345663298.0
2015,9,Fuerzas públicas,Gastos de representación,606415679.0,606415679.0
2015,9,Fuerzas públicas,Otros gastos del personal,6813370025.0,6813370025.0
2015,9,Fuerzas públicas,Personal contratado,1027760590.0,925113372.0
2015,9,Fuerzas públicas,Remuneraciones temporales,386981439.0,386981439.0
2015,9,Fuerzas públicas,Servicio exterior,648044906.0,648044906.0
2015,9,Fuerzas públicas,Sueldo básico,148147696462.0,148134016048.0
2015,9,Gobiernos departamentales,Bonificaciones y asignaciones,246227565.0,219597751.0
2015,9,Gobiernos departamentales,Dietas,950332655.0,884639675.0
2015,9,Gobiernos departamentales,Gastos de representación,154043000.0,139536392.0
2015,9,Gobiernos departamentales,Otros gastos del personal,52293200.0,51138258.0
2015,9,Gobiernos departamentales,Personal contratado,1899517357.0,1841771217.0
2015,9,Gobiernos departamentales,Remuneraciones temporales,24868520.0,23501425.0
2015,9,Gobiernos departamentales,Sueldo básico,2552288963.0,2310542716.0
2015,9,Municipalidades,Aguinaldo,14525000.0,13750455.0
2015,9,Municipalidades,Bonificaciones y asignaciones,229770581.0,228239891.0
2015,9,Municipalidades,Dietas,1271429013.0,939468640.0
2015,9,Municipalidades,Gastos de representación,931627425.0,496390595.0
2015,9,Municipalidades,Otros gastos del personal,21659537.0,21659537.0
2015,9,Municipalidades,Personal contratado,5455975929.0,3425504909.0
2015,9,Municipalidades,Remuneraciones temporales,35149936.0,34877209.0
2015,9,Municipalidades,Sueldo básico,2702794957.0,1493833685.0
2015,9,Otros organismos,Bonificaciones y asignaciones,6643330728.0,3484613263.0
2015,9,Otros organismos,Dietas,192126324.0,252642401.0
2015,9,Otros organismos,Gastos de representación,650629135.0,518672111.0
2015,9,Otros organismos,Otros gastos del personal,373209467.0,361487144.0
2015,9,Otros organismos,Personal contratado,1494389325.0,1298827310.0
2015,9,Otros organismos,Remuneraciones temporales,1578201084.0,1380950381.0
2015,9,Otros organismos,Sueldo básico,24722781324.0,23320099180.0
2015,9,Poder Judicial,Bonificaciones y asignaciones,14249777780.0,14249777780.0
2015,9,Poder Judicial,Dietas,59500000.0,59500000.0
2015,9,Poder Judicial,Gastos de representación,5892021898.0,5865467735.0
2015,9,Poder Judicial,Otros gastos del personal,1566456187.0,1566456187.0
2015,9,Poder Judicial,Personal contratado,15537690324.0,15492101278.0
2015,9,Poder Judicial,Remuneraciones temporales,2115356476.0,2115356476.0
2015,9,Poder Judicial,Sueldo básico,88957842847.0,88736094641.0
2015,9,Poder Legislativo,Bonificaciones y asignaciones,762785000.0,762785000.0
2015,9,Poder Legislativo,Dietas,4233778120.0,4233778120.0
2015,9,Poder Legislativo,Gastos de representación,1227425892.0,1227425892.0
2015,9,Poder Legislativo,Personal contratado,3621517847.0,3621517847.0
2015,9,Poder Legislativo,Remuneraciones temporales,303049909.0,303049909.0
2015,9,Poder Legislativo,Sueldo básico,14228258410.0,14228258410.0
2015,9,SA del Estado,Aguinaldo,412536454.0,412536454.0
2015,9,SA del Estado,Bonificaciones y asignaciones,5060786329.0,5060786329.0
2015,9,SA del Estado,Dietas,128483924.0,128483924.0
2015,9,SA del Estado,Gastos de representación,177850000.0,177850000.0
2015,9,SA del Estado,Otros gastos del personal,9800000.0,9800000.0
2015,9,SA del Estado,Personal contratado,2511815129.0,2511815129.0
2015,9,SA del Estado,Remuneraciones temporales,676805321.0,676805321.0
2015,9,SA del Estado,Sueldo básico,22274951753.0,20410242064.0
2015,9,Salud,Bonificaciones y asignaciones,17278716706.0,17278716706.0
2015,9,Salud,Gastos de representación,265820400.0,263656000.0
2015,9,Salud,Otros gastos del personal,4987049169.0,4987049169.0
2015,9,Salud,Personal contratado,77011345102.0,75610703972.0
2015,9,Salud,Remuneraciones temporales,2281878376.0,2281878376.0
2015,9,Salud,Sueldo básico,90729708135.0,90729708135.0
2015,9,Servicio civil del Ejecutivo,Bonificaciones y asignaciones,10265343682.0,10265343682.0
2015,9,Servicio civil del Ejecutivo,Gastos de representación,1140119694.0,1136040600.0
2015,9,Servicio civil del Ejecutivo,Otros gastos del personal,3658436974.0,3658436974.0
2015,9,Servicio civil del Ejecutivo,Personal contratado,33026431478.0,29684878311.0
2015,9,Servicio civil del Ejecutivo,Remuneraciones temporales,5071605481.0,5071605481.0
2015,9,Servicio civil del Ejecutivo,Servicio exterior,9016404056.0,8904529311.0
2015,9,Servicio civil del Ejecutivo,Sueldo básico,49608133933.0,49308811773.0
2015,10,Educación,Bonificaciones y asignaciones,38387266690.0,37639915579.0
2015,10,Educación,Dietas,341453086.0,330963458.0
2015,10,Educación,Gastos de representación,3392842884.0,3343342335.0
2015,10,Educación,Otros gastos del personal,3188768050.0,3171633850.0
2015,10,Educación,Personal contratado,7216876597.0,7101388920.0
2015,10,Educación,Remuneraciones temporales,744219839.0,720802217.0
2015,10,Educación,Sueldo básico,320828345466.0,312207773273.0
2015,10,Empresas públicas,Bonificaciones y asignaciones,21156229915.0,19636123722.0
2015,10,Empresas públicas,Dietas,11744600.0,11744600.0
2015,10,Empresas públicas,Gastos de representación,81802700.0,81179916.0
2015,10,Empresas públicas,Otros gastos del personal,323034307.0,314959489.0
2015,10,Empresas públicas,Personal contratado,5097454899.0,4821557289.0
2015,10,Empresas públicas,Remuneraciones temporales,4997205760.0,4534789903.0
2015,10,Empresas públicas,Sueldo básico,32324473951.0,28626274256.0
2015,10,Entes autónomos y autárquicos,Bonificaciones y asignaciones,7696481416.0,6813044807.0
2015,10,Entes autónomos y autárquicos,Dietas,158561350.0,154168950.0
2015,10,Entes autónomos y autárquicos,Gastos de representación,687433404.0,642347079.0
2015,10,Entes autónomos y autárquicos,Otros gastos del personal,1290885021.0,1170461707.0
2015,10,Entes autónomos y autárquicos,Personal contratado,7472496807.0,5254425240.0
2015,10,Entes autónomos y autárquicos,Remuneraciones temporales,2795439682.0,2512291189.0
2015,10,Entes autónomos y autárquicos,Sueldo básico,30073271161.0,26824045452.0
2015,10,Fuerzas públicas,Bonificaciones y asignaciones,63540945146.0,63540945146.0
2015,10,Fuerzas públicas,Gastos de representación,604565879.0,604565879.0
2015,10,Fuerzas públicas,Otros gastos del personal,6775493906.0,6775493906.0
2015,10,Fuerzas públicas,Personal contratado,1114198955.0,982495659.0
2015,10,Fuerzas públicas,Remuneraciones temporales,381708046.0,381708046.0
2015,10,Fuerzas públicas,Servicio exterior,616266904.0,616266904.0
2015,10,Fuerzas públicas,Sueldo básico,148116070705.0,148102207885.0
2015,10,Gobiernos departamentales,Bonificaciones y asignaciones,281684695.0,255621740.0
2015,10,Gobiernos departamentales,Dietas,949626568.0,891935895.0
2015,10,Gobiernos departamentales,Gastos de representación,153951024.0,140486792.0
2015,10,Gobiernos departamentales,Otros gastos del personal,52293200.0,51138258.0
2015,10,Gobiernos departamentales,Personal contratado,1954727703.0,1903205198.0
2015,10,Gobiernos departamentales,Remuneraciones temporales,24868520.0,23501425.0
2015,10,Gobiernos departamentales,Sueldo básico,2548162236.0,2309536053.0
2015,10,Municipalidades,Aguinaldo,14525000.0,13750455.0
2015,10,Municipalidades,Bonificaciones y asignaciones,231424533.0,230193843.0
2015,10,Municipalidades,Dietas,1503733289.0,1173089429.0
2015,10,Municipalidades,Gastos de representación,1033614206.0,582008546.0
2015,10,Municipalidades,Otros gastos del personal,22778073.0,22778073.0
2015,10,Municipalidades,Personal contratado,6058644678.0,4120992852.0
2015,10,Municipalidades,Remuneraciones temporales,40189804.0,40429357.0
2015,10,Municipalidades,Sueldo básico,3080434258.0,1585988277.0
2015,10,Otros organismos,Bonificaciones y asignaciones,8416556596.0,3097725127.0
2015,10,Otros organismos,Dietas,192126324.0,75905163.0
2015,10,Otros organismos,Gastos de representación,615222635.0,516385958.0
2015,10,Otros organismos,Otros gastos del personal,389327019.0,377399252.0
2015,10,Otros organismos,Personal contratado,1795621777.0,1547436413.0
2015,10,Otros organismos,Remuneraciones temporales,1739110890.0,1546932015.0
2015,10,Otros organismos,Sueldo básico,24667753977.0,26808348170.0
2015,10,Poder Judicial,Bonificaciones y asignaciones,13719044915.0,13719044915.0
2015,10,Poder Judicial,Dietas,59500000.0,59500000.0
2015,10,Poder Judicial,Gastos de representación,5994314611.0,5973687995.0
2015,10,Poder Judicial,Otros gastos del personal,1458996464.0,1458996464.0
2015,10,Poder Judicial,Personal contratado,15810485771.0,15765695207.0
2015,10,Poder Judicial,Remuneraciones temporales,2127848225.0,2127848225.0
2015,10,Poder Judicial,Sueldo básico,89481798327.0,89291915156.0
2015,10,Poder Legislativo,Bonificaciones y asignaciones,767185000.0,767185000.0
2015,10,Poder Legislativo,Dietas,4233778120.0,4233778120.0
2015,10,Poder Legislativo,Gastos de representación,1227425892.0,1227425892.0
2015,10,Poder Legislativo,Personal contratado,3576489085.0,3573489085.0
2015,10,Poder Legislativo,Remuneraciones temporales,333133586.0,333133586.0
2015,10,Poder Legislativo,Sueldo básico,14244982310.0,14244982310.0
2015,10,SA del Estado,Aguinaldo,195960274.0,195960274.0
2015,10,SA del Estado,Bonificaciones y asignaciones,5330320953.0,5330320953.0
2015,10,SA del Estado,Dietas,156001114.0,156001114.0
2015,10,SA del Estado,Gastos de representación,177400000.0,177400000.0
2015,10,SA del Estado,Otros gastos del personal,9800000.0,9800000.0
2015,10,SA del Estado,Personal contratado,2511815129.0,2511815129.0
2015,10,SA del Estado,Remuneraciones temporales,739953299.0,740029299.0
2015,10,SA del Estado,Sueldo básico,22211843475.0,20353915018.0
2015,10,Salud,Bonificaciones y asignaciones,17976483430.0,17976483430.0
2015,10,Salud,Gastos de representación,267553800.0,263656000.0
2015,10,Salud,Otros gastos del personal,6098041742.0,6098041742.0
2015,10,Salud,Personal contratado,80958761701.0,80190913917.0
2015,10,Salud,Remuneraciones temporales,2385358028.0,2385358028.0
2015,10,Salud,Sueldo básico,90682135235.0,90682135235.0
2015,10,Servicio civil del Ejecutivo,Bonificaciones y asignaciones,13143683953.0,13143683953.0
2015,10,Servicio civil del Ejecutivo,Gastos de representación,1135995794.0,1132826610.0
2015,10,Servicio civil del Ejecutivo,Otros gastos del personal,3634041668.0,3634041668.0
2015,10,Servicio civil del Ejecutivo,Personal contratado,35917203846.0,31455305988.0
2015,10,Servicio civil del Ejecutivo,Remuneraciones temporales,5201356657.0,5201356657.0
2015,10,Servicio civil del Ejecutivo,Servicio exterior,8972349164.0,8933599435.0
2015,10,Servicio civil del Ejecutivo,Sueldo básico,50266267233.0,49914039037.0
2015,11,Educación,Bonificaciones y asignaciones,39925139104.0,39113379203.0
2015,11,Educación,Dietas,343254836.0,332375770.0
2015,11,Educación,Gastos de representación,3428301884.0,3377550327.0
2015,11,Educación,Otros gastos del personal,3181881303.0,3164588913.0
2015,11,Educación,Personal contratado,8681937632.0,8558540817.0
2015,11,Educación,Remuneraciones temporales,794700285.0,770980215.0
2015,11,Educación,Sueldo básico,322837190813.0,313934054278.0
2015,11,Empresas públicas,Bonificaciones y asignaciones,21407012395.0,19876015731.0
2015,11,Empresas públicas,Dietas,11744600.0,11744600.0
2015,11,Empresas públicas,Gastos de representación,83802700.0,83179916.0
2015,11,Empresas públicas,Otros gastos del personal,333756805.0,324214793.0
2015,11,Empresas públicas,Personal contratado,5842158022.0,5541405531.0
2015,11,Empresas públicas,Remuneraciones temporales,5363845385.0,4869093187.0
2015,11,Empresas públicas,Sueldo básico,32693836143.0,29056785127.0
2015,11,Entes autónomos y autárquicos,Bonificaciones y asignaciones,8299566434.0,7348258724.0
2015,11,Entes autónomos y autárquicos,Dietas,157798100.0,153405700.0
2015,11,Entes autónomos y autárquicos,Gastos de representación,694998604.0,649338755.0
2015,11,Entes autónomos y autárquicos,Otros gastos del personal,1300652536.0,1178450143.0
2015,11,Entes autónomos y autárquicos,Personal contratado,7736740052.0,5641663016.0
2015,11,Entes autónomos y autárquicos,Remuneraciones temporales,2945307901.0,2611833730.0
2015,11,Entes autónomos y autárquicos,Sueldo básico,30068094146.0,26883795558.0
2015,11,Fuerzas públicas,Bonificaciones y asignaciones,60306900375.0,60306900375.0
2015,11,Fuerzas públicas,Gastos de representación,597226428.0,596178088.0
2015,11,Fuerzas públicas,Otros gastos del personal,6856581052.0,6856581052.0
2015,11,Fuerzas públicas,Personal contratado,1113826790.0,987162269.0
2015,11,Fuerzas públicas,Remuneraciones temporales,389793893.0,389793893.0
2015,11,Fuerzas públicas,Servicio exterior,609700232.0,609700232.0
2015,11,Fuerzas públicas,Sueldo básico,147802027893.0,147787435451.0
2015,11,Gobiernos departamentales,Bonificaciones y asignaciones,430281237.0,333634307.0
2015,11,Gobiernos departamentales,Dietas,950332655.0,880991565.0
2015,11,Gobiernos departamentales,Gastos de representación,154043000.0,136209992.0
2015,11,Gobiernos departamentales,Otros gastos del personal,55187500.0,44787500.0
2015,11,Gobiernos departamentales,Personal contratado,1830667705.0,1775928200.0
2015,11,Gobiernos departamentales,Remuneraciones temporales,29476661.0,25391876.0
2015,11,Gobiernos departamentales,Sueldo básico,2551762236.0,2378988226.0
2015,11,Municipalidades,Aguinaldo,14525000.0,13750455.0
2015,11,Municipalidades,Bonificaciones y asignaciones,216922876.0,207628486.0
2015,11,Municipalidades,Dietas,1353954666.0,1026193809.0
2015,11,Municipalidades,Gastos de representación,975317486.0,541377456.0
2015,11,Municipalidades,Otros gastos del personal,25418073.0,26570348.0
2015,11,Municipalidades,Personal contratado,5172531745.0,3207983514.0
2015,11,Municipalidades,Remuneraciones temporales,23419553.0,23139553.0
2015,11,Municipalidades,Sueldo básico,2925660750.0,1719316955.0
2015,11,Otros organismos,Bonificaciones y asignaciones,7527239266.0,3761508531.0
2015,11,Otros organismos,Dietas,198420736.0,287927193.0
2015,11,Otros organismos,Gastos de representación,621841935.0,522274979.0
2015,11,Otros organismos,Otros gastos del personal,410602739.0,398454972.0
2015,11,Otros organismos,Personal contratado,1635445078.0,1368570840.0
2015,11,Otros organismos,Remuneraciones temporales,1717981483.0,1533423608.0
2015,11,Otros organismos,Sueldo básico,24713683726.0,23196961024.0
2015,11,Poder Judicial,Bonificaciones y asignaciones,14579624414.0,14579624414.0
2015,11,Poder Judicial,Dietas,59500000.0,59500000.0
2015,11,Poder Judicial,Gastos de representación,6000931711.0,5996127545.0
2015,11,Poder Judicial,Otros gastos del personal,1449697560.0,1449697560.0
2015,11,Poder Judicial,Personal contratado,15146129657.0,15120140355.0
2015,11,Poder Judicial,Remuneraciones temporales,2255540087.0,2255540087.0
2015,11,Poder Judicial,Sueldo básico,89937355561.0,89751997408.0
2015,11,Poder Legislativo,Bonificaciones y asignaciones,6952967255.0,6952967255.0
2015,11,Poder Legislativo,Dietas,4233778120.0,4233778120.0
2015,11,Poder Legislativo,Gastos de representación,1227425892.0,1227425892.0
2015,11,Poder Legislativo,Personal contratado,4511459079.0,4505810969.0
2015,11,Poder Legislativo,Remuneraciones temporales,308331111.0,308331111.0
2015,11,Poder Legislativo,Sueldo básico,14248685110.0,14248685110.0
2015,11,SA del Estado,Aguinaldo,77968394.0,77968394.0
2015,11,SA del Estado,Bonificaciones y asignaciones,5092967022.0,5092967022.0
2015,11,SA del Estado,Dietas,161457244.0,161457244.0
2015,11,SA del Estado,Gastos de representación,179440000.0,179440000.0
2015,11,SA del Estado,Otros gastos del personal,9800000.0,9800000.0
2015,11,SA del Estado,Personal contratado,2563382037.0,2562882037.0
2015,11,SA del Estado,Remuneraciones temporales,667307093.0,667432093.0
2015,11,SA del Estado,Sueldo básico,22262491468.0,20281442161.0
2015,11,Salud,Bonificaciones y asignaciones,37805011708.0,37805011708.0
2015,11,Salud,Gastos de representación,265604900.0,263656000.0
2015,11,Salud,Otros gastos del personal,4587922093.0,4587922093.0
2015,11,Salud,Personal contratado,92857808443.0,91829534651.0
2015,11,Salud,Remuneraciones temporales,2367588688.0,2367588688.0
2015,11,Salud,Sueldo básico,90600287535.0,90600287535.0
2015,11,Servicio civil del Ejecutivo,Bonificaciones y asignaciones,17800796075.0,17800796075.0
2015,11,Servicio civil del Ejecutivo,Gastos de representación,1140950994.0,1137770286.0
2015,11,Servicio civil del Ejecutivo,Otros gastos del personal,3791031618.0,3791031618.0
2015,11,Servicio civil del Ejecutivo,Personal contratado,35809869378.0,31325114880.0
2015,11,Servicio civil del Ejecutivo,Remuneraciones temporales,5338787484.0,5338787484.0
2015,11,Servicio civil del Ejecutivo,Servicio exterior,9019123904.0,9005823647.0
2015,11,Servicio civil del Ejecutivo,Sueldo básico,50750357413.0,50444817286.0
2015,12,Educación,Aguinaldo,294167387636.0,291302989400.0
2015,12,Educación,Bonificaciones y asignaciones,45130680541.0,44240614239.0
2015,12,Educación,Dietas,346183386.0,335032262.0
2015,12,Educación,Gastos de representación,3445825706.0,3388685903.0
2015,12,Educación,Otros gastos del personal,6655664559.0,6638622169.0
2015,12,Educación,Personal contratado,13485168647.0,12379626038.0
2015,12,Educación,Remuneraciones temporales,1297694502.0,1274626072.0
2015,12,Educación,Sueldo básico,329219562937.0,319134145926.0
2015,12,Empresas públicas,Aguinaldo,19673825276.0,19644823598.0
2015,12,Empresas públicas,Bonificaciones y asignaciones,41344016955.0,39769906198.0
2015,12,Empresas públicas,Dietas,11744600.0,11744600.0
2015,12,Empresas públicas,Gastos de representación,55455800.0,54833016.0
2015,12,Empresas públicas,Otros gastos del personal,431584053.0,423149885.0
2015,12,Empresas públicas,Personal contratado,10708719110.0,8122761950.0
2015,12,Empresas públicas,Remuneraciones temporales,9846522729.0,9371830470.0
2015,12,Empresas públicas,Sueldo básico,27268507356.0,24113578291.0
2015,12,Entes autónomos y autárquicos,Aguinaldo,10069287239.0,8845531669.0
2015,12,Entes autónomos y autárquicos,Bonificaciones y asignaciones,32464293698.0,28240400710.0
2015,12,Entes autónomos y autárquicos,Dietas,213114076.0,204329276.0
2015,12,Entes autónomos y autárquicos,Gastos de representación,798132592.0,754305953.0
2015,12,Entes autónomos y autárquicos,Otros gastos del personal,2594670254.0,2372882395.0
2015,12,Entes autónomos y autárquicos,Personal contratado,10672598136.0,8434292811.0
2015,12,Entes autónomos y autárquicos,Remuneraciones temporales,3638749681.0,3275077903.0
2015,12,Entes autónomos y autárquicos,Sueldo básico,30985346245.0,27768404698.0
2015,12,Fuerzas públicas,Aguinaldo,148295207057.0,148295207057.0
2015,12,Fuerzas públicas,Bonificaciones y asignaciones,66253612697.0,66253612697.0
2015,12,Fuerzas públicas,Gastos de representación,597336828.0,597336828.0
2015,12,Fuerzas públicas,Otros gastos del personal,8385854588.0,8385854588.0
2015,12,Fuerzas públicas,Personal contratado,1996335073.0,1869907553.0
2015,12,Fuerzas públicas,Remuneraciones temporales,774867894.0,774867894.0
2015,12,Fuerzas públicas,Servicio exterior,1214123674.0,1214123674.0
2015,12,Fuerzas públicas,Sueldo básico,149099783072.0,149085190630.0
2015,12,Gobiernos departamentales,Aguinaldo,647484311.0,647041603.0
2015,12,Gobiernos departamentales,Bonificaciones y asignaciones,510184911.0,412637981.0
2015,12,Gobiernos departamentales,Dietas,937929081.0,872236101.0
2015,12,Gobiernos departamentales,Gastos de representación,152427320.0,135069512.0
2015,12,Gobiernos departamentales,Otros gastos del personal,55187500.0,44787500.0
2015,12,Gobiernos departamentales,Personal contratado,1882424489.0,1829640068.0
2015,12,Gobiernos departamentales,Remuneraciones temporales,29476661.0,25391876.0
2015,12,Gobiernos departamentales,Sueldo básico,2694421938.0,2519174106.0
2015,12,Municipalidades,Aguinaldo,581374640.0,569968404.0
2015,12,Municipalidades,Bonificaciones y asignaciones,221951540.0,213768400.0
2015,12,Municipalidades,Dietas,1098077799.0,951218691.0
2015,12,Municipalidades,Gastos de representación,1016841796.0,554834123.0
2015,12,Municipalidades,Otros gastos del personal,26625447.0,26517360.0
2015,12,Municipalidades,Personal contratado,5146297926.0,3232165352.0
2015,12,Municipalidades,Remuneraciones temporales,42263606.0,40883606.0
2015,12,Municipalidades,Sueldo básico,2533316686.0,1408788598.0
2015,12,Otros organismos,Aguinaldo,7158656037.0,7158656037.0
2015,12,Otros organismos,Bonificaciones y asignaciones,18069857840.0,7231259699.0
2015,12,Otros organismos,Dietas,198420736.0,109780397.0
2015,12,Otros organismos,Gastos de representación,559102935.0,455849629.0
2015,12,Otros organismos,Otros gastos del personal,557829694.0,542477071.0
2015,12,Otros organismos,Personal contratado,3164509339.0,1932202061.0
2015,12,Otros organismos,Remuneraciones temporales,3324685402.0,3028394504.0
2015,12,Otros organismos,Sueldo básico,24613249882.0,25101711775.0
2015,12,Poder Judicial,Aguinaldo,92042087661.0,92042087661.0
2015,12,Poder Judicial,Bonificaciones y asignaciones,44541190871.0,44541190871.0
2015,12,Poder Judicial,Dietas,59500000.0,59500000.0
2015,12,Poder Judicial,Gastos de representación,6005156711.0,6003217081.0
2015,12,Poder Judicial,Otros gastos del personal,1936514807.0,1936514807.0
2015,12,Poder Judicial,Personal contratado,29913972319.0,29895327747.0
2015,12,Poder Judicial,Remuneraciones temporales,3539087765.0,3539087765.0
2015,12,Poder Judicial,Sueldo básico,90060959692.0,89920779456.0
2015,12,Poder Legislativo,Aguinaldo,19618721698.0,19618721698.0
2015,12,Poder Legislativo,Bonificaciones y asignaciones,2682171653.0,2682171653.0
2015,12,Poder Legislativo,Dietas,4233778120.0,4233778120.0
2015,12,Poder Legislativo,Gastos de representación,1227425892.0,1227425892.0
2015,12,Poder Legislativo,Personal contratado,7206328273.0,7202378271.0
2015,12,Poder Legislativo,Remuneraciones temporales,527022180.0,527022180.0
2015,12,Poder Legislativo,Sueldo básico,14248685110.0,14248685110.0
2015,12,SA del Estado,Aguinaldo,485257473.0,484869949.0
2015,12,SA del Estado,Bonificaciones y asignaciones,5287946021.0,5287946021.0
2015,12,SA del Estado,Dietas,161457244.0,161457244.0
2015,12,SA del Estado,Gastos de representación,179400000.0,179400000.0
2015,12,SA del Estado,Otros gastos del personal,9800000.0,9800000.0
2015,12,SA del Estado,Personal contratado,2552183608.0,2551683608.0
2015,12,SA del Estado,Remuneraciones temporales,663334430.0,663459430.0
2015,12,SA del Estado,Sueldo básico,21919195992.0,20104670014.0
2015,12,Salud,Aguinaldo,81898306053.0,81898306053.0
2015,12,Salud,Bonificaciones y asignaciones,29999349663.0,29999349663.0
2015,12,Salud,Gastos de representación,264921700.0,264921700.0
2015,12,Salud,Otros gastos del personal,5183329350.0,5183329350.0
2015,12,Salud,Personal contratado,168887372135.0,167804440129.0
2015,12,Salud,Remuneraciones temporales,4136792239.0,4136792239.0
2015,12,Salud,Sueldo básico,90535819035.0,90535819035.0
2015,12,Servicio civil del Ejecutivo,Aguinaldo,50141727016.0,50141727016.0
2015,12,Servicio civil del Ejecutivo,Bonificaciones y asignaciones,28895101882.0,28895101882.0
2015,12,Servicio civil del Ejecutivo,Gastos de representación,1134774945.0,1134774945.0
2015,12,Servicio civil del Ejecutivo,Otros gastos del personal,10414161784.0,10414161784.0
2015,12,Servicio civil del Ejecutivo,Personal contratado,58804955339.0,54451739787.0
2015,12,Servicio civil del Ejecutivo,Remuneraciones temporales,9403739331.0,9403739331.0
2015,12,Servicio civil del Ejecutivo,Servicio exterior,18447288139.0,18419230493.0
2015,12,Servicio civil del Ejecutivo,Sueldo básico,51478844278.0,51450036673.0
2016,1,Educación,Aguinaldo,130798346.0,90017103.0
2016,1,Educación,Bonificaciones y asignaciones,41897149708.0,41023162323.0
2016,1,Educación,Dietas,366288596.0,348243176.0
2016,1,Educación,Gastos de representación,3534556184.0,3464789211.0
2016,1,Educación,Otros gastos del personal,3239758593.0,3225582987.0
2016,1,Educación,Personal contratado,6276528237.0,6085732838.0
2016,1,Educación,Remuneraciones temporales,157825673.0,151136571.0
2016,1,Educación,Sueldo básico,334310104020.0,323389349520.0
2016,1,Empresas públicas,Aguinaldo,53261960.0,53261960.0
2016,1,Empresas públicas,Bonificaciones y asignaciones,25265813892.0,23769357717.0
2016,1,Empresas públicas,Dietas,11744600.0,11744600.0
2016,1,Empresas públicas,Gastos de representación,102092000.0,101469216.0
2016,1,Empresas públicas,Otros gastos del personal,324824638.0,315476200.0
2016,1,Empresas públicas,Personal contratado,6138451126.0,5796583837.0
2016,1,Empresas públicas,Remuneraciones temporales,5812367140.0,5232809656.0
2016,1,Empresas públicas,Sueldo básico,35453067184.0,31633623456.0
2016,1,Entes autónomos y autárquicos,Bonificaciones y asignaciones,4317316546.0,3349936976.0
2016,1,Entes autónomos y autárquicos,Dietas,211022000.0,201429600.0
2016,1,Entes autónomos y autárquicos,Gastos de representación,474702785.0,413814538.0
2016,1,Entes autónomos y autárquicos,Otros gastos del personal,1475033037.0,1356287641.0
2016,1,Entes autónomos y autárquicos,Personal contratado,5068348932.0,4845361669.0
2016,1,Entes autónomos y autárquicos,Remuneraciones temporales,1698279498.0,1511693666.0
2016,1,Entes autónomos y autárquicos,Sueldo básico,35951918868.0,31492599849.0
2016,1,Fuerzas públicas,Bonificaciones y asignaciones,56036641445.0,56036641445.0
2016,1,Fuerzas públicas,Gastos de representación,599180428.0,598596328.0
2016,1,Fuerzas públicas,Otros gastos del personal,30897785157.0,30897785157.0
2016,1,Fuerzas públicas,Personal contratado,996081226.0,896763400.0
2016,1,Fuerzas públicas,Remuneraciones temporales,292349809.0,292349809.0
2016,1,Fuerzas públicas,Servicio exterior,635732108.0,635732108.0
2016,1,Fuerzas públicas,Sueldo básico,154582746382.0,154562030779.0
2016,1,Gobiernos departamentales,Bonificaciones y asignaciones,353173638.0,304275738.0
2016,1,Gobiernos departamentales,Dietas,1220252795.0,1158207925.0
2016,1,Gobiernos departamentales,Gastos de representación,208059900.0,191316588.0
2016,1,Gobiernos departamentales,Otros gastos del personal,111081855.0,100977807.0
2016,1,Gobiernos departamentales,Personal contratado,2493853395.0,2503304817.0
2016,1,Gobiernos departamentales,Remuneraciones temporales,35974771.0,29127608.0
2016,1,Gobiernos departamentales,Sueldo básico,3578909889.0,3212373832.0
2016,1,Municipalidades,Aguinaldo,35080190.0,10355645.0
2016,1,Municipalidades,Bonificaciones y asignaciones,502655896.0,478393468.0
2016,1,Municipalidades,Dietas,4076880701.0,2800712345.0
2016,1,Municipalidades,Gastos de representación,2938287794.0,1995603165.0
2016,1,Municipalidades,Otros gastos del personal,83456964.0,83241744.0
2016,1,Municipalidades,Personal contratado,13382160726.0,9439761193.0
2016,1,Municipalidades,Remuneraciones temporales,35763586.0,35554956.0
2016,1,Municipalidades,Sueldo básico,8532813027.0,5854003040.0
2016,1,Otros organismos,Bonificaciones y asignaciones,2643857516.0,2486599685.0
2016,1,Otros organismos,Dietas,343429900.0,312251209.0
2016,1,Otros organismos,Gastos de representación,619620994.0,710600529.0
2016,1,Otros organismos,Otros gastos del personal,435078317.0,427848238.0
2016,1,Otros organismos,Personal contratado,1495373204.0,1404958382.0
2016,1,Otros organismos,Remuneraciones temporales,758171257.0,757240544.0
2016,1,Otros organismos,Sueldo básico,29185884970.0,26004499497.0
2016,1,Poder Judicial,Bonificaciones y asignaciones,15073871558.0,15073871558.0
2016,1,Poder Judicial,Dietas,148034200.0,148034200.0
2016,1,Poder Judicial,Gastos de representación,6104584198.0,6102288365.0
2016,1,Poder Judicial,Otros gastos del personal,1505732906.0,1505732906.0
2016,1,Poder Judicial,Personal contratado,13707041999.0,13587596643.0
2016,1,Poder Judicial,Remuneraciones temporales,397178229.0,397178229.0
2016,1,Poder Judicial,Sueldo básico,98508128261.0,98297919012.0
2016,1,Poder Legislativo,Bonificaciones y asignaciones,577260000.0,577260000.0
2016,1,Poder Legislativo,Dietas,4233778120.0,4233778120.0
2016,1,Poder Legislativo,Gastos de representación,1219371066.0,1219371066.0
2016,1,Poder Legislativo,Personal contratado,3497200455.0,3496600455.0
2016,1,Poder Legislativo,Remuneraciones temporales,17602566.0,17602566.0
2016,1,Poder Legislativo,Sueldo básico,14508838500.0,14508838500.0
2016,1,SA del Estado,Bonificaciones y asignaciones,12763725779.0,12763725779.0
2016,1,SA del Estado,Dietas,191071984.0,191071984.0
2016,1,SA del Estado,Gastos de representación,176040000.0,176040000.0
2016,1,SA del Estado,Otros gastos del personal,9800000.0,9800000.0
2016,1,SA del Estado,Personal contratado,2525733009.0,2524085042.0
2016,1,SA del Estado,Remuneraciones temporales,759975898.0,759975898.0
2016,1,SA del Estado,Sueldo básico,21919307919.0,20081978815.0
2016,1,Salud,Bonificaciones y asignaciones,76089567968.0,70409593886.0
2016,1,Salud,Dietas,85000000.0,83470000.0
2016,1,Salud,Gastos de representación,335721700.0,329619700.0
2016,1,Salud,Otros gastos del personal,9622217894.0,9558873915.0
2016,1,Salud,Personal contratado,92031273280.0,90300047156.0
2016,1,Salud,Remuneraciones temporales,2427398442.0,2407051901.0
2016,1,Salud,Sueldo básico,156253222474.0,149995450538.0
2016,1,Servicio civil del Ejecutivo,Bonificaciones y asignaciones,9712162673.0,9712162673.0
2016,1,Servicio civil del Ejecutivo,Gastos de representación,1136049226.0,1123785372.0
2016,1,Servicio civil del Ejecutivo,Otros gastos del personal,2505101673.0,2505101673.0
2016,1,Servicio civil del Ejecutivo,Personal contratado,26455915889.0,25192054685.0
2016,1,Servicio civil del Ejecutivo,Remuneraciones temporales,2149910636.0,2149910636.0
2016,1,Servicio civil del Ejecutivo,Servicio exterior,10241727023.0,10188780054.0
2016,1,Servicio civil del Ejecutivo,Sueldo básico,55838899822.0,55747452341.0
2016,2,Educación,Aguinaldo,4725500.0,4725500.0
2016,2,Educación,Bonificaciones y asignaciones,42127383170.0,41148899810.0
2016,2,Educación,Dietas,381872462.0,370697047.0
2016,2,Educación,Gastos de representación,3496015584.0,3434258546.0
2016,2,Educación,Otros gastos del personal,3281161083.0,3264948890.0
2016,2,Educación,Personal contratado,6488791205.0,6288005290.0
2016,2,Educación,Remuneraciones temporales,565092041.0,545327070.0
2016,2,Educación,Sueldo básico,333386613087.0,321992799980.0
2016,2,Empresas públicas,Aguinaldo,50884200.0,50884200.0
2016,2,Empresas públicas,Bonificaciones y asignaciones,28703747246.0,27259893418.0
2016,2,Empresas públicas,Dietas,11744600.0,11744600.0
2016,2,Empresas públicas,Gastos de representación,100031900.0,99409116.0
2016,2,Empresas públicas,Otros gastos del personal,316857938.0,309211870.0
2016,2,Empresas públicas,Personal contratado,5958308622.0,5681377411.0
2016,2,Empresas públicas,Remuneraciones temporales,5032560413.0,4554732135.0
2016,2,Empresas públicas,Sueldo básico,35034842659.0,31426008267.0
2016,2,Entes autónomos y autárquicos,Bonificaciones y asignaciones,5679399364.0,4830314057.0
2016,2,Entes autónomos y autárquicos,Dietas,212940200.0,204387800.0
2016,2,Entes autónomos y autárquicos,Gastos de representación,507465445.0,449490270.0
2016,2,Entes autónomos y autárquicos,Otros gastos del personal,1586839866.0,1460240533.0
2016,2,Entes autónomos y autárquicos,Personal contratado,5482380740.0,5090057035.0
2016,2,Entes autónomos y autárquicos,Remuneraciones temporales,2297632600.0,2149319248.0
2016,2,Entes autónomos y autárquicos,Sueldo básico,36498161878.0,31829165324.0
2016,2,Fuerzas públicas,Bonificaciones y asignaciones,53144924358.0,53144924358.0
2016,2,Fuerzas públicas,Gastos de representación,602088828.0,602088828.0
2016,2,Fuerzas públicas,Otros gastos del personal,50289099804.0,50289099804.0
2016,2,Fuerzas públicas,Personal contratado,1006534586.0,907975909.0
2016,2,Fuerzas públicas,Remuneraciones temporales,351230806.0,351230806.0
2016,2,Fuerzas públicas,Servicio exterior,635732108.0,635732108.0
2016,2,Fuerzas públicas,Sueldo básico,154604587143.0,154594919653.0
2016,2,Gobiernos departamentales,Aguinaldo,1015189.0,1015189.0
2016,2,Gobiernos departamentales,Bonificaciones y asignaciones,363224366.0,329740931.0
2016,2,Gobiernos departamentales,Dietas,1220252795.0,1158234925.0
2016,2,Gobiernos departamentales,Gastos de representación,208059900.0,194167788.0
2016,2,Gobiernos departamentales,Otros gastos del personal,112081855.0,111177807.0
2016,2,Gobiernos departamentales,Personal contratado,2578013728.0,2517512964.0
2016,2,Gobiernos departamentales,Remuneraciones temporales,36336159.0,34203284.0
2016,2,Gobiernos departamentales,Sueldo básico,3588242961.0,3210617538.0
2016,2,Municipalidades,Aguinaldo,81646538.0,56244720.0
2016,2,Municipalidades,Bonificaciones y asignaciones,561650719.0,535602829.0
2016,2,Municipalidades,Dietas,4117527037.0,2998321158.0
2016,2,Municipalidades,Gastos de representación,2967734892.0,2088274500.0
2016,2,Municipalidades,Otros gastos del personal,96806555.0,96591235.0
2016,2,Municipalidades,Personal contratado,14885800057.0,11604013441.0
2016,2,Municipalidades,Remuneraciones temporales,49189735.0,46330944.0
2016,2,Municipalidades,Sueldo básico,8088312426.0,6072897288.0
2016,2,Otros organismos,Bonificaciones y asignaciones,8928013063.0,8764457167.0
2016,2,Otros organismos,Dietas,310135488.0,253044997.0
2016,2,Otros organismos,Gastos de representación,627446294.0,607762118.0
2016,2,Otros organismos,Otros gastos del personal,440356259.0,432215665.0
2016,2,Otros organismos,Personal contratado,1753701427.0,1540758516.0
2016,2,Otros organismos,Remuneraciones temporales,966072194.0,957993891.0
2016,2,Otros organismos,Sueldo básico,29267273578.0,24964704346.0
2016,2,Poder Judicial,Bonificaciones y asignaciones,17775987646.0,17775987646.0
2016,2,Poder Judicial,Dietas,148034200.0,148034200.0
2016,2,Poder Judicial,Gastos de representación,6277214198.0,6195500319.0
2016,2,Poder Judicial,Otros gastos del personal,1554395227.0,1554395227.0
2016,2,Poder Judicial,Personal contratado,13503670743.0,13461339094.0
2016,2,Poder Judicial,Remuneraciones temporales,943289119.0,943289119.0
2016,2,Poder Judicial,Sueldo básico,99370028789.0,98891934621.0
2016,2,Poder Legislativo,Bonificaciones y asignaciones,769760000.0,769760000.0
2016,2,Poder Legislativo,Dietas,4233778120.0,4233778120.0
2016,2,Poder Legislativo,Gastos de representación,1224614228.0,1224614228.0
2016,2,Poder Legislativo,Personal contratado,3481972168.0,3481972168.0
2016,2,Poder Legislativo,Remuneraciones temporales,42291672.0,42291672.0
2016,2,Poder Legislativo,Sueldo básico,14540638500.0,14536298500.0
2016,2,SA del Estado,Bonificaciones y asignaciones,6705203128.0,6705203128.0
2016,2,SA del Estado,Dietas,202192264.0,202192264.0
2016,2,SA del Estado,Gastos de representación,178300000.0,178300000.0
2016,2,SA del Estado,Otros gastos del personal,9800000.0,9800000.0
2016,2,SA del Estado,Personal contratado,2513769976.0,2513769976.0
2016,2,SA del Estado,Remuneraciones temporales,676230460.0,676230460.0
2016,2,SA del Estado,Sueldo básico,21641762761.0,19901556381.0
2016,2,Salud,Bonificaciones y asignaciones,36006674446.0,35553459254.0
2016,2,Salud,Dietas,85000000.0,77350000.0
2016,2,Salud,Gastos de representación,336177200.0,329783600.0
2016,2,Salud,Otros gastos del personal,8165590959.0,8113261246.0
2016,2,Salud,Personal contratado,93411235905.0,92067947415.0
2016,2,Salud,Remuneraciones temporales,3913723537.0,3870881470.0
2016,2,Salud,Sueldo básico,155936303598.0,149907674244.0
2016,2,Servicio civil del Ejecutivo,Bonificaciones y asignaciones,15146117754.0,15146117754.0
2016,2,Servicio civil del Ejecutivo,Gastos de representación,1161179794.0,1149394530.0
2016,2,Servicio civil del Ejecutivo,Otros gastos del personal,2691363483.0,2691363483.0
2016,2,Servicio civil del Ejecutivo,Personal contratado,28985556216.0,26844097179.0
2016,2,Servicio civil del Ejecutivo,Remuneraciones temporales,3690422131.0,3690422131.0
2016,2,Servicio civil del Ejecutivo,Servicio exterior,10256854873.0,10256854873.0
2016,2,Servicio civil del Ejecutivo,Sueldo básico,56089897567.0,56026694625.0
2016,3,Educación,Aguinaldo,5670600.0,4763304.0
2016,3,Educación,Bonificaciones y asignaciones,43098116118.0,42127393238.0
2016,3,Educación,Dietas,450753855.0,430136756.0
2016,3,Educación,Gastos de representación,3540434391.0,3478126886.0
2016,3,Educación,Otros gastos del personal,3143812528.0,3127800335.0
2016,3,Educación,Personal contratado,6962030607.0,6849247459.0
2016,3,Educación,Remuneraciones temporales,691623123.0,666188395.0
2016,3,Educación,Sueldo básico,332336697269.0,321562377235.0
2016,3,Empresas públicas,Aguinaldo,44121843.0,44121843.0
2016,3,Empresas públicas,Bonificaciones y asignaciones,29996225892.0,28472591667.0
2016,3,Empresas públicas,Dietas,11744600.0,11744600.0
2016,3,Empresas públicas,Gastos de representación,102386300.0,101763516.0
2016,3,Empresas públicas,Otros gastos del personal,314306832.0,308164751.0
2016,3,Empresas públicas,Personal contratado,6466294878.0,6135831241.0
2016,3,Empresas públicas,Remuneraciones temporales,6174933081.0,5572492640.0
2016,3,Empresas públicas,Sueldo básico,34966201744.0,31357098420.0
2016,3,Entes autónomos y autárquicos,Bonificaciones y asignaciones,5548375952.0,4662683986.0
2016,3,Entes autónomos y autárquicos,Dietas,214858400.0,206306000.0
2016,3,Entes autónomos y autárquicos,Gastos de representación,484487175.0,427417175.0
2016,3,Entes autónomos y autárquicos,Otros gastos del personal,1702938181.0,1555255550.0
2016,3,Entes autónomos y autárquicos,Personal contratado,5659141477.0,5281575782.0
2016,3,Entes autónomos y autárquicos,Remuneraciones temporales,2904395831.0,2712780654.0
2016,3,Entes autónomos y autárquicos,Sueldo básico,36247166952.0,30449392114.0
2016,3,Fuerzas públicas,Bonificaciones y asignaciones,52995618096.0,52995618096.0
2016,3,Fuerzas públicas,Gastos de representación,601216728.0,601216728.0
2016,3,Fuerzas públicas,Otros gastos del personal,7365044952.0,7365044952.0
2016,3,Fuerzas públicas,Personal contratado,936670179.0,936670179.0
2016,3,Fuerzas públicas,Remuneraciones temporales,360072869.0,360072869.0
2016,3,Fuerzas públicas,Servicio exterior,635732108.0,635732108.0
2016,3,Fuerzas públicas,Sueldo básico,154480296677.0,154470629187.0
2016,3,Gobiernos departamentales,Bonificaciones y asignaciones,383134992.0,348319785.0
2016,3,Gobiernos departamentales,Dietas,1212956575.0,1151382882.0
2016,3,Gobiernos departamentales,Gastos de representación,207109500.0,193589284.0
2016,3,Gobiernos departamentales,Otros gastos del personal,119726127.0,118391071.0
2016,3,Gobiernos departamentales,Personal contratado,2498714055.0,2439718743.0
2016,3,Gobiernos departamentales,Remuneraciones temporales,36222468.0,34711776.0
2016,3,Gobiernos departamentales,Sueldo básico,3588481421.0,3212990969.0
2016,3,Municipalidades,Aguinaldo,53899315.0,37953179.0
2016,3,Municipalidades,Bonificaciones y asignaciones,692283451.0,660470505.0
2016,3,Municipalidades,Dietas,4471440154.0,3386946262.0
2016,3,Municipalidades,Gastos de representación,3257976643.0,2448892733.0
2016,3,Municipalidades,Otros gastos del personal,142235544.0,142020224.0
2016,3,Municipalidades,Personal contratado,17339720744.0,14011746906.0
2016,3,Municipalidades,Remuneraciones temporales,104328336.0,101469545.0
2016,3,Municipalidades,Sueldo básico,10348802576.0,7814703766.0
2016,3,Otros organismos,Bonificaciones y asignaciones,14876023783.0,13767173716.0
2016,3,Otros organismos,Dietas,310135488.0,259250244.0
2016,3,Otros organismos,Gastos de representación,620769876.0,595765748.0
2016,3,Otros organismos,Otros gastos del personal,443963872.0,411325825.0
2016,3,Otros organismos,Personal contratado,2239494779.0,2030380571.0
2016,3,Otros organismos,Remuneraciones temporales,1543978359.0,1533121399.0
2016,3,Otros organismos,Sueldo básico,29364614994.0,27846950403.0
2016,3,Poder Judicial,Bonificaciones y asignaciones,16684449569.0,16684449569.0
2016,3,Poder Judicial,Dietas,148034200.0,148034200.0
2016,3,Poder Judicial,Gastos de representación,6255930798.0,6237096864.0
2016,3,Poder Judicial,Otros gastos del personal,1471880434.0,1471880434.0
2016,3,Poder Judicial,Personal contratado,13246191448.0,13213035778.0
2016,3,Poder Judicial,Remuneraciones temporales,1343345291.0,1343345291.0
2016,3,Poder Judicial,Sueldo básico,99367964031.0,99133885733.0
2016,3,Poder Legislativo,Bonificaciones y asignaciones,2561766740.0,2561766740.0
2016,3,Poder Legislativo,Dietas,4233778120.0,4233778120.0
2016,3,Poder Legislativo,Gastos de representación,1224614228.0,1224614228.0
2016,3,Poder Legislativo,Personal contratado,3435787133.0,3434537133.0
2016,3,Poder Legislativo,Remuneraciones temporales,141732823.0,141732823.0
2016,3,Poder Legislativo,Sueldo básico,14534638500.0,14531538500.0
2016,3,SA del Estado,Aguinaldo,464620.0,464620.0
2016,3,SA del Estado,Bonificaciones y asignaciones,5297926596.0,5297926596.0
2016,3,SA del Estado,Dietas,211652009.0,211652009.0
2016,3,SA del Estado,Gastos de representación,177700000.0,177700000.0
2016,3,SA del Estado,Otros gastos del personal,9800000.0,9800000.0
2016,3,SA del Estado,Personal contratado,1991239196.0,1991239196.0
2016,3,SA del Estado,Remuneraciones temporales,726492430.0,726492430.0
2016,3,SA del Estado,Sueldo básico,21498549976.0,19766156296.0
2016,3,Salud,Bonificaciones y asignaciones,26535561346.0,26074232014.0
2016,3,Salud,Dietas,85000000.0,83470000.0
2016,3,Salud,Gastos de representación,333988300.0,326522070.0
2016,3,Salud,Otros gastos del personal,8172456654.0,8119368862.0
2016,3,Salud,Personal contratado,97738073188.0,96193373905.0
2016,3,Salud,Remuneraciones temporales,4242575776.0,4187337289.0
2016,3,Salud,Sueldo básico,155484863697.0,149226752585.0
2016,3,Servicio civil del Ejecutivo,Bonificaciones y asignaciones,14355251077.0,14355251077.0
2016,3,Servicio civil del Ejecutivo,Gastos de representación,1154966394.0,1147047735.0
2016,3,Servicio civil del Ejecutivo,Otros gastos del personal,2554229297.0,2554229297.0
2016,3,Servicio civil del Ejecutivo,Personal contratado,31897155795.0,28492546086.0
2016,3,Servicio civil del Ejecutivo,Remuneraciones temporales,4235034761.0,4235034761.0
2016,3,Servicio civil del Ejecutivo,Servicio exterior,10239991472.0,10239991472.0
2016,3,Servicio civil del Ejecutivo,Sueldo básico,56459517982.0,56374253269.0
2016,4,Educación,Bonificaciones y asignaciones,45147021709.0,44078062335.0
2016,4,Educación,Dietas,462206428.0,438215462.0
2016,4,Educación,Gastos de representación,3551914360.0,3481131702.0
2016,4,Educación,Otros gastos del personal,3211450304.0,3196268637.0
2016,4,Educación,Personal contratado,7306663453.0,7187174239.0
2016,4,Educación,Remuneraciones temporales,750348988.0,718975824.0
2016,4,Educación,Sueldo básico,332743665837.0,321717397947.0
2016,4,Empresas públicas,Bonificaciones y asignaciones,28847171669.0,27364674424.0
2016,4,Empresas públicas,Dietas,11744600.0,11744600.0
2016,4,Empresas públicas,Gastos de representación,79620800.0,78998016.0
2016,4,Empresas públicas,Otros gastos del personal,200932260.0,196272792.0
2016,4,Empresas públicas,Personal contratado,5793803975.0,5507698386.0
2016,4,Empresas públicas,Remuneraciones temporales,5635213153.0,5130963573.0
2016,4,Empresas públicas,Sueldo básico,32325029177.0,28836590321.0
2016,4,Entes autónomos y autárquicos,Bonificaciones y asignaciones,6764158539.0,5899105214.0
2016,4,Entes autónomos y autárquicos,Dietas,208752400.0,200200000.0
2016,4,Entes autónomos y autárquicos,Gastos de representación,493011345.0,436575629.0
2016,4,Entes autónomos y autárquicos,Otros gastos del personal,1645533701.0,1509707572.0
2016,4,Entes autónomos y autárquicos,Personal contratado,5664977765.0,5263694276.0
2016,4,Entes autónomos y autárquicos,Remuneraciones temporales,2978750141.0,2783047577.0
2016,4,Entes autónomos y autárquicos,Sueldo básico,36309112143.0,30531827708.0
2016,4,Fuerzas públicas,Bonificaciones y asignaciones,60601338057.0,60601338057.0
2016,4,Fuerzas públicas,Gastos de representación,605693028.0,605693028.0
2016,4,Fuerzas públicas,Otros gastos del personal,7441326209.0,7441326209.0
2016,4,Fuerzas públicas,Personal contratado,945080321.0,945080321.0
2016,4,Fuerzas públicas,Remuneraciones temporales,386532422.0,386532422.0
2016,4,Fuerzas públicas,Servicio exterior,635732108.0,635732108.0
2016,4,Fuerzas públicas,Sueldo básico,154720068579.0,154700835706.0
2016,4,Gobiernos departamentales,Bonificaciones y asignaciones,383237369.0,348602407.0
2016,4,Gobiernos departamentales,Dietas,1220252795.0,1153206937.0
2016,4,Gobiernos departamentales,Gastos de representación,208293500.0,194023108.0
2016,4,Gobiernos departamentales,Otros gastos del personal,118884255.0,117549199.0
2016,4,Gobiernos departamentales,Personal contratado,2581358220.0,2524611723.0
2016,4,Gobiernos departamentales,Remuneraciones temporales,42370517.0,39876137.0
2016,4,Gobiernos departamentales,Sueldo básico,3613554766.0,3221534553.0
2016,4,Municipalidades,Aguinaldo,20985000.0,20985000.0
2016,4,Municipalidades,Bonificaciones y asignaciones,748230393.0,693313785.0
2016,4,Municipalidades,Dietas,4870972030.0,3443275511.0
2016,4,Municipalidades,Gastos de representación,3392218794.0,2439788987.0
2016,4,Municipalidades,Otros gastos del personal,98797532.0,98684988.0
2016,4,Municipalidades,Personal contratado,18376017206.0,14558225823.0
2016,4,Municipalidades,Remuneraciones temporales,89286640.0,86427849.0
2016,4,Municipalidades,Sueldo básico,9567387205.0,7116648687.0
2016,4,Otros organismos,Bonificaciones y asignaciones,6098962425.0,5718182200.0
2016,4,Otros organismos,Dietas,304114746.0,240720443.0
2016,4,Otros organismos,Gastos de representación,619030234.0,597024030.0
2016,4,Otros organismos,Otros gastos del personal,592494958.0,561633602.0
2016,4,Otros organismos,Personal contratado,1713588649.0,1504992672.0
2016,4,Otros organismos,Remuneraciones temporales,1558020390.0,1546695113.0
2016,4,Otros organismos,Sueldo básico,29370419303.0,26253534160.0
2016,4,Poder Judicial,Bonificaciones y asignaciones,15439344473.0,15439344473.0
2016,4,Poder Judicial,Dietas,148034200.0,148034200.0
2016,4,Poder Judicial,Gastos de representación,6253287998.0,6244483832.0
2016,4,Poder Judicial,Otros gastos del personal,1511517518.0,1511517518.0
2016,4,Poder Judicial,Personal contratado,12038324441.0,11986025523.0
2016,4,Poder Judicial,Remuneraciones temporales,1302664920.0,1302664920.0
2016,4,Poder Judicial,Sueldo básico,99357516621.0,99123377855.0
2016,4,Poder Legislativo,Bonificaciones y asignaciones,881146740.0,881146740.0
2016,4,Poder Legislativo,Dietas,4233778120.0,4233778120.0
2016,4,Poder Legislativo,Gastos de representación,1201584428.0,1201584428.0
2016,4,Poder Legislativo,Otros gastos del personal,2233333.0,2233333.0
2016,4,Poder Legislativo,Personal contratado,3533091158.0,3530791158.0
2016,4,Poder Legislativo,Remuneraciones temporales,196919558.0,196919558.0
2016,4,Poder Legislativo,Sueldo básico,14284338500.0,14277105167.0
2016,4,SA del Estado,Aguinaldo,675411.0,675411.0
2016,4,SA del Estado,Bonificaciones y asignaciones,5208250575.0,5208250575.0
2016,4,SA del Estado,Dietas,232499656.0,228538181.0
2016,4,SA del Estado,Gastos de representación,177766667.0,177766667.0
2016,4,SA del Estado,Otros gastos del personal,9800000.0,9800000.0
2016,4,SA del Estado,Personal contratado,1826432369.0,1826432369.0
2016,4,SA del Estado,Remuneraciones temporales,663949878.0,663949878.0
2016,4,SA del Estado,Sueldo básico,21391300363.0,19674174646.0
2016,4,Salud,Bonificaciones y asignaciones,20807641731.0,20365319173.0
2016,4,Salud,Dietas,85000000.0,77350000.0
2016,4,Salud,Gastos de representación,332039400.0,325667400.0
2016,4,Salud,Otros gastos del personal,8218483005.0,8159796306.0
2016,4,Salud,Personal contratado,97045957874.0,95540470586.0
2016,4,Salud,Remuneraciones temporales,5024919023.0,4968105014.0
2016,4,Salud,Sueldo básico,155218492686.0,149321611159.0
2016,4,Servicio civil del Ejecutivo,Bonificaciones y asignaciones,10748457697.0,10748457697.0
2016,4,Servicio civil del Ejecutivo,Gastos de representación,1156033694.0,1154301620.0
2016,4,Servicio civil del Ejecutivo,Otros gastos del personal,2510081845.0,2510081845.0
2016,4,Servicio civil del Ejecutivo,Personal contratado,33290762488.0,29845911966.0
2016,4,Servicio civil del Ejecutivo,Remuneraciones temporales,4328889254.0,4328889254.0
2016,4,Servicio civil del Ejecutivo,Servicio exterior,10253837510.0,10253837510.0
2016,4,Servicio civil del Ejecutivo,Sueldo básico,56515729037.0,56483539037.0
2016,5,Educación,Bonificaciones y asignaciones,42832760167.0,41853290697.0
2016,5,Educación,Dietas,461009285.0,442639186.0
2016,5,Educación,Gastos de representación,3550796084.0,3478408734.0
2016,5,Educación,Otros gastos del personal,2907725361.0,2906394494.0
2016,5,Educación,Personal contratado,7266485016.0,7141552153.0
2016,5,Educación,Remuneraciones temporales,711077477.0,682281534.0
2016,5,Educación,Sueldo básico,333082652843.0,321978701591.0
2016,5,Empresas públicas,Aguinaldo,41874400.0,41874400.0
2016,5,Empresas públicas,Bonificaciones y asignaciones,27775269893.0,26263634201.0
2016,5,Empresas públicas,Dietas,11744600.0,11744600.0
2016,5,Empresas públicas,Gastos de representación,110228300.0,109605516.0
2016,5,Empresas públicas,Otros gastos del personal,343490702.0,333453928.0
2016,5,Empresas públicas,Personal contratado,6280922077.0,5971039872.0
2016,5,Empresas públicas,Remuneraciones temporales,5329593081.0,4830659563.0
2016,5,Empresas públicas,Sueldo básico,34760112820.0,31128404202.0
2016,5,Entes autónomos y autárquicos,Bonificaciones y asignaciones,7476716459.0,6499866976.0
2016,5,Entes autónomos y autárquicos,Dietas,222490900.0,213938500.0
2016,5,Entes autónomos y autárquicos,Gastos de representación,503961645.0,438071119.0
2016,5,Entes autónomos y autárquicos,Otros gastos del personal,1890182889.0,1683193694.0
2016,5,Entes autónomos y autárquicos,Personal contratado,5645258568.0,5148370878.0
2016,5,Entes autónomos y autárquicos,Remuneraciones temporales,2799216282.0,2595193590.0
2016,5,Entes autónomos y autárquicos,Sueldo básico,36291807643.0,30506438604.0
2016,5,Fuerzas públicas,Bonificaciones y asignaciones,52723268469.0,52723268469.0
2016,5,Fuerzas públicas,Gastos de representación,603951828.0,603951828.0
2016,5,Fuerzas públicas,Otros gastos del personal,7415976282.0,7415976282.0
2016,5,Fuerzas públicas,Personal contratado,1006030849.0,979889869.0
2016,5,Fuerzas públicas,Remuneraciones temporales,372699302.0,372699302.0
2016,5,Fuerzas públicas,Servicio exterior,635732108.0,635732108.0
2016,5,Fuerzas públicas,Sueldo básico,154422321298.0,154413383430.0
2016,5,Gobiernos departamentales,Bonificaciones y asignaciones,376376827.0,343251042.0
2016,5,Gobiernos departamentales,Dietas,1220252795.0,1165531145.0
2016,5,Gobiernos departamentales,Gastos de representación,213995900.0,201016812.0
2016,5,Gobiernos departamentales,Otros gastos del personal,132660200.0,131232993.0
2016,5,Gobiernos departamentales,Personal contratado,2624948665.0,2556959083.0
2016,5,Gobiernos departamentales,Remuneraciones temporales,43347692.0,37718520.0
2016,5,Gobiernos departamentales,Sueldo básico,3610052516.0,3215836772.0
2016,5,Municipalidades,Aguinaldo,9985000.0,9985000.0
2016,5,Municipalidades,Bonificaciones y asignaciones,872030001.0,780669275.0
2016,5,Municipalidades,Dietas,4812453278.0,3749078993.0
2016,5,Municipalidades,Gastos de representación,3239648668.0,2778727549.0
2016,5,Municipalidades,Otros gastos del personal,186028976.0,186011316.0
2016,5,Municipalidades,Personal contratado,18799297560.0,15458022361.0
2016,5,Municipalidades,Remuneraciones temporales,87488101.0,84629310.0
2016,5,Municipalidades,Sueldo básico,10480058716.0,8017696143.0
2016,5,Otros organismos,Bonificaciones y asignaciones,10240040672.0,9954553181.0
2016,5,Otros organismos,Dietas,304114746.0,257770169.0
2016,5,Otros organismos,Gastos de representación,620711594.0,601120868.0
2016,5,Otros organismos,Otros gastos del personal,456446113.0,424909729.0
2016,5,Otros organismos,Personal contratado,1310816709.0,1175387695.0
2016,5,Otros organismos,Remuneraciones temporales,1525484495.0,1513234785.0
2016,5,Otros organismos,Sueldo básico,29889717664.0,26331620874.0
2016,5,Poder Judicial,Bonificaciones y asignaciones,14894457886.0,14894457886.0
2016,5,Poder Judicial,Dietas,148034200.0,126322517.0
2016,5,Poder Judicial,Gastos de representación,6274367798.0,6256026867.0
2016,5,Poder Judicial,Otros gastos del personal,1567305378.0,1567305378.0
2016,5,Poder Judicial,Personal contratado,12086075404.0,12014580185.0
2016,5,Poder Judicial,Remuneraciones temporales,1424300970.0,1424300970.0
2016,5,Poder Judicial,Sueldo básico,99600877546.0,99340970311.0
2016,5,Poder Legislativo,Bonificaciones y asignaciones,914937398.0,914937398.0
2016,5,Poder Legislativo,Dietas,4233778120.0,4233778120.0
2016,5,Poder Legislativo,Gastos de representación,1204113428.0,1204113428.0
2016,5,Poder Legislativo,Otros gastos del personal,2900000.0,2900000.0
2016,5,Poder Legislativo,Personal contratado,3577607189.0,3574907189.0
2016,5,Poder Legislativo,Remuneraciones temporales,230379787.0,230379787.0
2016,5,Poder Legislativo,Sueldo básico,14295338500.0,14295338500.0
2016,5,SA del Estado,Bonificaciones y asignaciones,5350513197.0,5350513197.0
2016,5,SA del Estado,Dietas,238112136.0,238112136.0
2016,5,SA del Estado,Gastos de representación,177766667.0,177766667.0
2016,5,SA del Estado,Otros gastos del personal,9800000.0,9800000.0
2016,5,SA del Estado,Personal contratado,1826432369.0,1826432369.0
2016,5,SA del Estado,Remuneraciones temporales,746931589.0,744931589.0
2016,5,SA del Estado,Sueldo básico,21368039055.0,19633616765.0
2016,5,Salud,Bonificaciones y asignaciones,15835229999.0,15393405775.0
2016,5,Salud,Dietas,85000000.0,83470000.0
2016,5,Salud,Gastos de representación,332188300.0,324358533.0
2016,5,Salud,Otros gastos del personal,8160132150.0,8105479670.0
2016,5,Salud,Personal contratado,94980371796.0,93472237075.0
2016,5,Salud,Remuneraciones temporales,4907687763.0,4850446103.0
2016,5,Salud,Sueldo básico,154826919239.0,148635581580.0
2016,5,Servicio civil del Ejecutivo,Bonificaciones y asignaciones,10311988398.0,10311988398.0
2016,5,Servicio civil del Ejecutivo,Gastos de representación,1148769994.0,1145040434.0
2016,5,Servicio civil del Ejecutivo,Otros gastos del personal,2167234389.0,2167234389.0
2016,5,Servicio civil del Ejecutivo,Personal contratado,32938274879.0,29232143944.0
2016,5,Servicio civil del Ejecutivo,Remuneraciones temporales,4618988982.0,4618988982.0
2016,5,Servicio civil del Ejecutivo,Servicio exterior,10277248337.0,10277248337.0
2016,5,Servicio civil del Ejecutivo,Sueldo básico,56574821772.0,56472429224.0
2016,6,Educación,Bonificaciones y asignaciones,43758608627.0,42769226833.0
2016,6,Educación,Dietas,456802528.0,439518656.0
2016,6,Educación,Gastos de representación,3562442384.0,3488722080.0
2016,6,Educación,Otros gastos del personal,3540275091.0,3535971831.0
2016,6,Educación,Personal contratado,7761255977.0,7626087535.0
2016,6,Educación,Remuneraciones temporales,811902689.0,782822237.0
2016,6,Educación,Sueldo básico,333781489431.0,322688207525.0
2016,6,Empresas públicas,Aguinaldo,41874400.0,41874400.0
2016,6,Empresas públicas,Bonificaciones y asignaciones,30195421696.0,28726643062.0
2016,6,Empresas públicas,Dietas,11744600.0,11744600.0
2016,6,Empresas públicas,Gastos de representación,108911633.0,108288849.0
2016,6,Empresas públicas,Otros gastos del personal,345436801.0,335532686.0
2016,6,Empresas públicas,Personal contratado,6375305041.0,6058871206.0
2016,6,Empresas públicas,Remuneraciones temporales,5634354515.0,5114279823.0
2016,6,Empresas públicas,Sueldo básico,34651079706.0,31015638406.0
2016,6,Entes autónomos y autárquicos,Bonificaciones y asignaciones,7266295136.0,6322773996.0
2016,6,Entes autónomos y autárquicos,Dietas,210466000.0,206306000.0
2016,6,Entes autónomos y autárquicos,Gastos de representación,502242002.0,435363051.0
2016,6,Entes autónomos y autárquicos,Otros gastos del personal,1984523277.0,1816193125.0
2016,6,Entes autónomos y autárquicos,Personal contratado,6903286183.0,5565422941.0
2016,6,Entes autónomos y autárquicos,Remuneraciones temporales,2536210456.0,2336791011.0
2016,6,Entes autónomos y autárquicos,Sueldo básico,36290532143.0,30466750731.0
2016,6,Fuerzas públicas,Bonificaciones y asignaciones,52329558702.0,52329558702.0
2016,6,Fuerzas públicas,Gastos de representación,602423528.0,602423528.0
2016,6,Fuerzas públicas,Otros gastos del personal,7419642372.0,7419642372.0
2016,6,Fuerzas públicas,Personal contratado,1009783714.0,976670569.0
2016,6,Fuerzas públicas,Remuneraciones temporales,369038515.0,369038515.0
2016,6,Fuerzas públicas,Servicio exterior,635732108.0,635732108.0
2016,6,Fuerzas públicas,Sueldo básico,154620657613.0,154606637339.0
2016,6,Gobiernos departamentales,Aguinaldo,3074056.0,3074056.0
2016,6,Gobiernos departamentales,Bonificaciones y asignaciones,413130217.0,378576583.0
2016,6,Gobiernos departamentales,Dietas,1220252795.0,1165531145.0
2016,6,Gobiernos departamentales,Gastos de representación,213045500.0,200066412.0
2016,6,Gobiernos departamentales,Otros gastos del personal,132860200.0,131432993.0
2016,6,Gobiernos departamentales,Personal contratado,2672904912.0,2604746240.0
2016,6,Gobiernos departamentales,Remuneraciones temporales,48367122.0,42638048.0
2016,6,Gobiernos departamentales,Sueldo básico,3599456961.0,3216905884.0
2016,6,Municipalidades,Aguinaldo,24637736.0,24637736.0
2016,6,Municipalidades,Bonificaciones y asignaciones,895596320.0,822869224.0
2016,6,Municipalidades,Dietas,4340531058.0,3564755822.0
2016,6,Municipalidades,Gastos de representación,3179197268.0,2730514621.0
2016,6,Municipalidades,Otros gastos del personal,189733175.0,187933515.0
2016,6,Municipalidades,Personal contratado,17619211936.0,15366065857.0
2016,6,Municipalidades,Remuneraciones temporales,106002322.0,103013531.0
2016,6,Municipalidades,Sueldo básico,10277745128.0,7998791246.0
2016,6,Otros organismos,Bonificaciones y asignaciones,8085039019.0,7686903186.0
2016,6,Otros organismos,Dietas,310135488.0,262938390.0
2016,6,Otros organismos,Gastos de representación,620212727.0,601579224.0
2016,6,Otros organismos,Otros gastos del personal,839770033.0,800083948.0
2016,6,Otros organismos,Personal contratado,1225546781.0,1057570215.0
2016,6,Otros organismos,Remuneraciones temporales,1885287029.0,1883472710.0
2016,6,Otros organismos,Sueldo básico,29945698741.0,28365348206.0
2016,6,Poder Judicial,Bonificaciones y asignaciones,14127800698.0,14127800698.0
2016,6,Poder Judicial,Dietas,118427360.0,118427360.0
2016,6,Poder Judicial,Gastos de representación,6293929398.0,6267089652.0
2016,6,Poder Judicial,Otros gastos del personal,1581771294.0,1581771294.0
2016,6,Poder Judicial,Personal contratado,12134552571.0,12043498984.0
2016,6,Poder Judicial,Remuneraciones temporales,1244463957.0,1244463957.0
2016,6,Poder Judicial,Sueldo básico,99783662804.0,99340093996.0
2016,6,Poder Legislativo,Bonificaciones y asignaciones,13881301556.0,13881301556.0
2016,6,Poder Legislativo,Dietas,4233778120.0,4233778120.0
2016,6,Poder Legislativo,Gastos de representación,1222085228.0,1222085228.0
2016,6,Poder Legislativo,Otros gastos del personal,16573334.0,16573334.0
2016,6,Poder Legislativo,Personal contratado,4087517663.0,4087517663.0
2016,6,Poder Legislativo,Remuneraciones temporales,270003089.0,270003089.0
2016,6,Poder Legislativo,Sueldo básico,14362338500.0,14355671833.0
2016,6,SA del Estado,Bonificaciones y asignaciones,5324707832.0,5324707832.0
2016,6,SA del Estado,Dietas,259932136.0,259932136.0
2016,6,SA del Estado,Gastos de representación,169400000.0,169400000.0
2016,6,SA del Estado,Otros gastos del personal,9800000.0,9800000.0
2016,6,SA del Estado,Personal contratado,2050956722.0,2050956722.0
2016,6,SA del Estado,Remuneraciones temporales,718567395.0,718567395.0
2016,6,SA del Estado,Sueldo básico,21109983114.0,19381932164.0
2016,6,Salud,Bonificaciones y asignaciones,18039632107.0,17592248412.0
2016,6,Salud,Dietas,85000000.0,83470000.0
2016,6,Salud,Gastos de representación,330388300.0,324610300.0
2016,6,Salud,Otros gastos del personal,8167366101.0,8112908055.0
2016,6,Salud,Personal contratado,96026379313.0,94497790892.0
2016,6,Salud,Remuneraciones temporales,5063649575.0,5002576452.0
2016,6,Salud,Sueldo básico,154577674468.0,148338379465.0
2016,6,Servicio civil del Ejecutivo,Bonificaciones y asignaciones,16541597690.0,16541597690.0
2016,6,Servicio civil del Ejecutivo,Gastos de representación,1151179894.0,1148314915.0
2016,6,Servicio civil del Ejecutivo,Otros gastos del personal,2204615840.0,2204615840.0
2016,6,Servicio civil del Ejecutivo,Personal contratado,34398958490.0,30510837222.0
2016,6,Servicio civil del Ejecutivo,Remuneraciones temporales,4881170309.0,4881170309.0
2016,6,Servicio civil del Ejecutivo,Servicio exterior,10302391093.0,10302391093.0
2016,6,Servicio civil del Ejecutivo,Sueldo básico,56485352017.0,56428052020.0
2016,7,Educación,Bonificaciones y asignaciones,43014942648.0,42004870615.0
2016,7,Educación,Dietas,471396525.0,448988720.0
2016,7,Educación,Gastos de representación,3589465984.0,3516272954.0
2016,7,Educación,Otros gastos del personal,3184401132.0,3183408508.0
2016,7,Educación,Personal contratado,7998064229.0,7849191213.0
2016,7,Educación,Remuneraciones temporales,792793530.0,761722145.0
2016,7,Educación,Sueldo básico,334136281257.0,323021801032.0
2016,7,Empresas públicas,Aguinaldo,41874400.0,41874400.0
2016,7,Empresas públicas,Bonificaciones y asignaciones,27701251320.0,26238727404.0
2016,7,Empresas públicas,Dietas,11744600.0,11744600.0
2016,7,Empresas públicas,Gastos de representación,108250802.0,106530517.0
2016,7,Empresas públicas,Otros gastos del personal,346627546.0,336640700.0
2016,7,Empresas públicas,Personal contratado,6473630107.0,6134883919.0
2016,7,Empresas públicas,Remuneraciones temporales,5144106323.0,4675397321.0
2016,7,Empresas públicas,Sueldo básico,34827855330.0,31165427377.0
2016,7,Entes autónomos y autárquicos,Bonificaciones y asignaciones,6586832383.0,5525533612.0
2016,7,Entes autónomos y autárquicos,Dietas,236428700.0,227876300.0
2016,7,Entes autónomos y autárquicos,Gastos de representación,509847385.0,444201387.0
2016,7,Entes autónomos y autárquicos,Otros gastos del personal,1792334788.0,1624014890.0
2016,7,Entes autónomos y autárquicos,Personal contratado,6404013121.0,5978908456.0
2016,7,Entes autónomos y autárquicos,Remuneraciones temporales,3233690062.0,3020906844.0
2016,7,Entes autónomos y autárquicos,Sueldo básico,36213814480.0,30475055977.0
2016,7,Fuerzas públicas,Bonificaciones y asignaciones,53677392095.0,53677392095.0
2016,7,Fuerzas públicas,Gastos de representación,602423528.0,602423528.0
2016,7,Fuerzas públicas,Otros gastos del personal,8298695678.0,8298695678.0
2016,7,Fuerzas públicas,Personal contratado,988596909.0,958397424.0
2016,7,Fuerzas públicas,Remuneraciones temporales,365597958.0,365597958.0
2016,7,Fuerzas públicas,Servicio exterior,635732108.0,635732108.0
2016,7,Fuerzas públicas,Sueldo básico,154524075541.0,154428124809.0
2016,7,Gobiernos departamentales,Aguinaldo,2199169.0,2199169.0
2016,7,Gobiernos departamentales,Bonificaciones y asignaciones,361386473.0,326839302.0
2016,7,Gobiernos departamentales,Dietas,1220252795.0,1165531145.0
2016,7,Gobiernos departamentales,Gastos de representación,212811900.0,199870188.0
2016,7,Gobiernos departamentales,Otros gastos del personal,133027580.0,131600373.0
2016,7,Gobiernos departamentales,Personal contratado,2619340488.0,2562176078.0
2016,7,Gobiernos departamentales,Remuneraciones temporales,48200787.0,42590517.0
2016,7,Gobiernos departamentales,Sueldo básico,3591646761.0,3215052620.0
2016,7,Municipalidades,Aguinaldo,19645000.0,17725000.0
2016,7,Municipalidades,Bonificaciones y asignaciones,918903816.0,858532932.0
2016,7,Municipalidades,Dietas,4592448927.0,3544862866.0
2016,7,Municipalidades,Gastos de representación,3447869031.0,2812413224.0
2016,7,Municipalidades,Otros gastos del personal,181651788.0,181634128.0
2016,7,Municipalidades,Personal contratado,16879022564.0,15277888882.0
2016,7,Municipalidades,Remuneraciones temporales,128205272.0,125346481.0
2016,7,Municipalidades,Sueldo básico,9935163520.0,7871589202.0
2016,7,Otros organismos,Bonificaciones y asignaciones,5102129722.0,4731456720.0
2016,7,Otros organismos,Dietas,310135488.0,281395695.0
2016,7,Otros organismos,Gastos de representación,615725194.0,606756598.0
2016,7,Otros organismos,Otros gastos del personal,624237715.0,592459898.0
2016,7,Otros organismos,Personal contratado,1536151935.0,1406359421.0
2016,7,Otros organismos,Remuneraciones temporales,1667862437.0,1664529093.0
2016,7,Otros organismos,Sueldo básico,29927239967.0,28588447557.0
2016,7,Poder Judicial,Bonificaciones y asignaciones,12459125462.0,12459125462.0
2016,7,Poder Judicial,Dietas,118427360.0,118427360.0
2016,7,Poder Judicial,Gastos de representación,6332945798.0,6316066633.0
2016,7,Poder Judicial,Otros gastos del personal,1546043283.0,1546043283.0
2016,7,Poder Judicial,Personal contratado,12145677829.0,12045863883.0
2016,7,Poder Judicial,Remuneraciones temporales,1258347549.0,1258347549.0
2016,7,Poder Judicial,Sueldo básico,100148224216.0,99764759985.0
2016,7,Poder Legislativo,Bonificaciones y asignaciones,961488170.0,961488170.0
2016,7,Poder Legislativo,Dietas,4233778120.0,4233778120.0
2016,7,Poder Legislativo,Gastos de representación,1224614228.0,1224614228.0
2016,7,Poder Legislativo,Otros gastos del personal,3272728.0,3272728.0
2016,7,Poder Legislativo,Personal contratado,3687013219.0,3684513219.0
2016,7,Poder Legislativo,Remuneraciones temporales,279890861.0,279890861.0
2016,7,Poder Legislativo,Sueldo básico,14405938500.0,14401068500.0
2016,7,SA del Estado,Aguinaldo,5843219.0,5843219.0
2016,7,SA del Estado,Bonificaciones y asignaciones,9283144948.0,9283144948.0
2016,7,SA del Estado,Dietas,259932136.0,259932136.0
2016,7,SA del Estado,Gastos de representación,177640000.0,177640000.0
2016,7,SA del Estado,Otros gastos del personal,9800000.0,9800000.0
2016,7,SA del Estado,Personal contratado,2065708019.0,2058276965.0
2016,7,SA del Estado,Remuneraciones temporales,577302395.0,577302395.0
2016,7,SA del Estado,Sueldo básico,21051462238.0,19356347059.0
2016,7,Salud,Bonificaciones y asignaciones,16371949518.0,15929962169.0
2016,7,Salud,Dietas,85000000.0,77350000.0
2016,7,Salud,Gastos de representación,330388300.0,324340300.0
2016,7,Salud,Otros gastos del personal,7846095364.0,7819890961.0
2016,7,Salud,Personal contratado,95153974126.0,93901050450.0
2016,7,Salud,Remuneraciones temporales,4853367199.0,4797532524.0
2016,7,Salud,Sueldo básico,154253208577.0,148780536212.0
2016,7,Servicio civil del Ejecutivo,Bonificaciones y asignaciones,15009546026.0,15009546026.0
2016,7,Servicio civil del Ejecutivo,Gastos de representación,1151537645.0,1149151705.0
2016,7,Servicio civil del Ejecutivo,Otros gastos del personal,2323238251.0,2323238251.0
2016,7,Servicio civil del Ejecutivo,Personal contratado,34161144948.0,30363857308.0
2016,7,Servicio civil del Ejecutivo,Remuneraciones temporales,4518518653.0,4518518653.0
2016,7,Servicio civil del Ejecutivo,Servicio exterior,10257290054.0,10257290054.0
2016,7,Servicio civil del Ejecutivo,Sueldo básico,56463670562.0,56391416032.0
2016,8,Educación,Bonificaciones y asignaciones,42844044496.0,41864742643.0
2016,8,Educación,Dietas,475573948.0,453410580.0
2016,8,Educación,Gastos de representación,3559604184.0,3491761106.0
2016,8,Educación,Otros gastos del personal,3087443427.0,3086037939.0
2016,8,Educación,Personal contratado,7716928024.0,7562122028.0
2016,8,Educación,Remuneraciones temporales,842243467.0,811769549.0
2016,8,Educación,Sueldo básico,334010487850.0,322909359599.0
2016,8,Empresas públicas,Aguinaldo,41874400.0,41874400.0
2016,8,Empresas públicas,Bonificaciones y asignaciones,25270739526.0,23703227138.0
2016,8,Empresas públicas,Dietas,11744600.0,11744600.0
2016,8,Empresas públicas,Gastos de representación,111044967.0,110343552.0
2016,8,Empresas públicas,Otros gastos del personal,352617201.0,342599681.0
2016,8,Empresas públicas,Personal contratado,6538317557.0,6203619500.0
2016,8,Empresas públicas,Remuneraciones temporales,5518295925.0,5007334817.0
2016,8,Empresas públicas,Sueldo básico,34569122049.0,30950914628.0
2016,8,Entes autónomos y autárquicos,Bonificaciones y asignaciones,5923128984.0,4985566913.0
2016,8,Entes autónomos y autárquicos,Dietas,212940200.0,208780200.0
2016,8,Entes autónomos y autárquicos,Gastos de representación,499352262.0,436021982.0
2016,8,Entes autónomos y autárquicos,Otros gastos del personal,1868746104.0,1694581812.0
2016,8,Entes autónomos y autárquicos,Personal contratado,6179303635.0,5756026500.0
2016,8,Entes autónomos y autárquicos,Remuneraciones temporales,2999209293.0,2793745317.0
2016,8,Entes autónomos y autárquicos,Sueldo básico,36122285980.0,30388869113.0
2016,8,Fuerzas públicas,Bonificaciones y asignaciones,55688141661.0,55688141661.0
2016,8,Fuerzas públicas,Gastos de representación,602423528.0,598812008.0
2016,8,Fuerzas públicas,Otros gastos del personal,7959938802.0,7959938802.0
2016,8,Fuerzas públicas,Personal contratado,1145957144.0,1097065593.0
2016,8,Fuerzas públicas,Remuneraciones temporales,377923897.0,377923897.0
2016,8,Fuerzas públicas,Servicio exterior,613749308.0,613749308.0
2016,8,Fuerzas públicas,Sueldo básico,154424239533.0,154386979053.0
2016,8,Gobiernos departamentales,Bonificaciones y asignaciones,362616225.0,328925055.0
2016,8,Gobiernos departamentales,Dietas,1220252795.0,1165531145.0
2016,8,Gobiernos departamentales,Gastos de representación,212811900.0,199870188.0
2016,8,Gobiernos departamentales,Otros gastos del personal,132276800.0,130849593.0
2016,8,Gobiernos departamentales,Personal contratado,2591374268.0,2534748341.0
2016,8,Gobiernos departamentales,Remuneraciones temporales,49322985.0,43711457.0
2016,8,Gobiernos departamentales,Sueldo básico,3586752061.0,3208901039.0
2016,8,Municipalidades,Aguinaldo,26442368.0,24522368.0
2016,8,Municipalidades,Bonificaciones y asignaciones,859328206.0,817789693.0
2016,8,Municipalidades,Dietas,4579582866.0,3677470266.0
2016,8,Municipalidades,Gastos de representación,3352270967.0,2764328551.0
2016,8,Municipalidades,Otros gastos del personal,150741665.0,150724005.0
2016,8,Municipalidades,Personal contratado,18486208319.0,16594085202.0
2016,8,Municipalidades,Remuneraciones temporales,81722285.0,78623494.0
2016,8,Municipalidades,Sueldo básico,9084958991.0,7218839636.0
2016,8,Otros organismos,Bonificaciones y asignaciones,6071089378.0,5790842610.0
2016,8,Otros organismos,Dietas,310135488.0,283029676.0
2016,8,Otros organismos,Gastos de representación,602386761.0,584419424.0
2016,8,Otros organismos,Otros gastos del personal,618601581.0,586399055.0
2016,8,Otros organismos,Personal contratado,1296869473.0,1206144595.0
2016,8,Otros organismos,Remuneraciones temporales,1667448574.0,1652288441.0
2016,8,Otros organismos,Sueldo básico,29940427322.0,28572180985.0
2016,8,Poder Judicial,Bonificaciones y asignaciones,9207855202.0,9207855202.0
2016,8,Poder Judicial,Dietas,118427360.0,118427360.0
2016,8,Poder Judicial,Gastos de representación,6390445798.0,6345148621.0
2016,8,Poder Judicial,Otros gastos del personal,1480083592.0,1480083592.0
2016,8,Poder Judicial,Personal contratado,11781663580.0,11686990619.0
2016,8,Poder Judicial,Remuneraciones temporales,1221774337.0,1221774337.0
2016,8,Poder Judicial,Sueldo básico,100321105681.0,99862527340.0
2016,8,Poder Legislativo,Bonificaciones y asignaciones,1136447075.0,1136447075.0
2016,8,Poder Legislativo,Dietas,4233778120.0,4233778120.0
2016,8,Poder Legislativo,Gastos de representación,1225659528.0,1225659528.0
2016,8,Poder Legislativo,Otros gastos del personal,2269072.0,2269072.0
2016,8,Poder Legislativo,Personal contratado,3756677818.0,3747727818.0
2016,8,Poder Legislativo,Remuneraciones temporales,276283078.0,276283078.0
2016,8,Poder Legislativo,Sueldo básico,14444338500.0,14440188500.0
2016,8,SA del Estado,Aguinaldo,1407417528.0,1407417528.0
2016,8,SA del Estado,Bonificaciones y asignaciones,5246274904.0,5246274904.0
2016,8,SA del Estado,Dietas,259932136.0,259932136.0
2016,8,SA del Estado,Gastos de representación,174600000.0,174600000.0
2016,8,SA del Estado,Otros gastos del personal,9800000.0,9800000.0
2016,8,SA del Estado,Personal contratado,2065908019.0,2064549011.0
2016,8,SA del Estado,Remuneraciones temporales,639792535.0,639792535.0
2016,8,SA del Estado,Sueldo básico,20940569454.0,19233289174.0
2016,8,Salud,Bonificaciones y asignaciones,16203364298.0,15758076897.0
2016,8,Salud,Dietas,85000000.0,83470000.0
2016,8,Salud,Gastos de representación,332219400.0,326101200.0
2016,8,Salud,Otros gastos del personal,8629140854.0,8530369582.0
2016,8,Salud,Personal contratado,94639450089.0,93194404103.0
2016,8,Salud,Remuneraciones temporales,4908664958.0,4854297649.0
2016,8,Salud,Sueldo básico,153966726074.0,147830396074.0
2016,8,Servicio civil del Ejecutivo,Bonificaciones y asignaciones,12300474850.0,12300474850.0
2016,8,Servicio civil del Ejecutivo,Gastos de representación,1157819745.0,1156531252.0
2016,8,Servicio civil del Ejecutivo,Otros gastos del personal,2424310718.0,2424310718.0
2016,8,Servicio civil del Ejecutivo,Personal contratado,34193692699.0,30340434680.0
2016,8,Servicio civil del Ejecutivo,Remuneraciones temporales,4855489931.0,4855489931.0
2016,8,Servicio civil del Ejecutivo,Servicio exterior,10290082935.0,10290082935.0
2016,8,Servicio civil del Ejecutivo,Sueldo básico,56297992307.0,56248439202.0
2016,9,Educación,Bonificaciones y asignaciones,43155442403.0,42203977337.0
2016,9,Educación,Dietas,450646291.0,432409016.0
2016,9,Educación,Gastos de representación,3524142984.0,3459556057.0
2016,9,Educación,Otros gastos del personal,3314889561.0,3311284802.0
2016,9,Educación,Personal contratado,8510344774.0,8351363827.0
2016,9,Educación,Remuneraciones temporales,865325182.0,831824984.0
2016,9,Educación,Sueldo básico,334511023539.0,323497738664.0
2016,9,Empresas públicas,Aguinaldo,41874400.0,41874400.0
2016,9,Empresas públicas,Bonificaciones y asignaciones,22503038335.0,21056963591.0
2016,9,Empresas públicas,Dietas,17616900.0,17616900.0
2016,9,Empresas públicas,Gastos de representación,118940120.0,118515185.0
2016,9,Empresas públicas,Otros gastos del personal,362185597.0,351618988.0
2016,9,Empresas públicas,Personal contratado,6543814004.0,6211932327.0
2016,9,Empresas públicas,Remuneraciones temporales,5384653846.0,4870164863.0
2016,9,Empresas públicas,Sueldo básico,34433599036.0,30840686945.0
2016,9,Entes autónomos y autárquicos,Bonificaciones y asignaciones,6983898296.0,5942407138.0
2016,9,Entes autónomos y autárquicos,Dietas,198184900.0,191774833.0
2016,9,Entes autónomos y autárquicos,Gastos de representación,496623885.0,431896479.0
2016,9,Entes autónomos y autárquicos,Otros gastos del personal,2031260342.0,1832709155.0
2016,9,Entes autónomos y autárquicos,Personal contratado,6126225353.0,5699646316.0
2016,9,Entes autónomos y autárquicos,Remuneraciones temporales,3083837433.0,2865189979.0
2016,9,Entes autónomos y autárquicos,Sueldo básico,36047737257.0,30285615582.0
2016,9,Fuerzas públicas,Bonificaciones y asignaciones,52776006515.0,52776006515.0
2016,9,Fuerzas públicas,Gastos de representación,596721128.0,596721128.0
2016,9,Fuerzas públicas,Otros gastos del personal,7520401906.0,7520401906.0
2016,9,Fuerzas públicas,Personal contratado,1017956706.0,1017956706.0
2016,9,Fuerzas públicas,Remuneraciones temporales,364488607.0,364488607.0
2016,9,Fuerzas públicas,Servicio exterior,613749308.0,613749308.0
2016,9,Fuerzas públicas,Sueldo básico,152900460334.0,152861587757.0
2016,9,Gobiernos departamentales,Bonificaciones y asignaciones,367743285.0,334191785.0
2016,9,Gobiernos departamentales,Dietas,1220252795.0,1165531145.0
2016,9,Gobiernos departamentales,Gastos de representación,212811900.0,199870188.0
2016,9,Gobiernos departamentales,Otros gastos del personal,130076800.0,128969593.0
2016,9,Gobiernos departamentales,Personal contratado,2712570316.0,2655636207.0
2016,9,Gobiernos departamentales,Remuneraciones temporales,47696081.0,42147249.0
2016,9,Gobiernos departamentales,Sueldo básico,3592353206.0,3213606001.0
2016,9,Municipalidades,Aguinaldo,22775000.0,20855000.0
2016,9,Municipalidades,Bonificaciones y asignaciones,920221312.0,873549382.0
2016,9,Municipalidades,Dietas,4723073249.0,3743843832.0
2016,9,Municipalidades,Gastos de representación,3599563705.0,2923676793.0
2016,9,Municipalidades,Otros gastos del personal,193001922.0,192984262.0
2016,9,Municipalidades,Personal contratado,18188739191.0,15938405974.0
2016,9,Municipalidades,Remuneraciones temporales,200507910.0,197409119.0
2016,9,Municipalidades,Sueldo básico,9899606029.0,7907858183.0
2016,9,Otros organismos,Bonificaciones y asignaciones,4084084869.0,3791056923.0
2016,9,Otros organismos,Dietas,283135488.0,258999676.0
2016,9,Otros organismos,Gastos de representación,601473309.0,585453490.0
2016,9,Otros organismos,Otros gastos del personal,524263657.0,501629618.0
2016,9,Otros organismos,Personal contratado,1291407462.0,1207927383.0
2016,9,Otros organismos,Remuneraciones temporales,1873698890.0,1842030908.0
2016,9,Otros organismos,Sueldo básico,29902795152.0,28555100569.0
2016,9,Poder Judicial,Bonificaciones y asignaciones,8603035474.0,8603035474.0
2016,9,Poder Judicial,Dietas,118427360.0,118427360.0
2016,9,Poder Judicial,Gastos de representación,6415824424.0,6391771094.0
2016,9,Poder Judicial,Otros gastos del personal,1469897703.0,1469897703.0
2016,9,Poder Judicial,Personal contratado,11720340429.0,11629168614.0
2016,9,Poder Judicial,Remuneraciones temporales,1303020261.0,1303020261.0
2016,9,Poder Judicial,Sueldo básico,100525388418.0,100096182644.0
2016,9,Poder Legislativo,Bonificaciones y asignaciones,1018978170.0,1018978170.0
2016,9,Poder Legislativo,Dietas,4233778120.0,4233778120.0
2016,9,Poder Legislativo,Gastos de representación,1225659528.0,1225659528.0
2016,9,Poder Legislativo,Otros gastos del personal,12863505.0,12863505.0
2016,9,Poder Legislativo,Personal contratado,3886959293.0,3874059293.0
2016,9,Poder Legislativo,Remuneraciones temporales,354538293.0,354538293.0
2016,9,Poder Legislativo,Sueldo básico,14441204200.0,14441204200.0
2016,9,SA del Estado,Aguinaldo,454601182.0,454601182.0
2016,9,SA del Estado,Bonificaciones y asignaciones,5230043318.0,5230043318.0
2016,9,SA del Estado,Dietas,259932136.0,259932136.0
2016,9,SA del Estado,Gastos de representación,177466669.0,177466669.0
2016,9,SA del Estado,Otros gastos del personal,9800000.0,9800000.0
2016,9,SA del Estado,Personal contratado,2071335837.0,2070229559.0
2016,9,SA del Estado,Remuneraciones temporales,642639559.0,642475167.0
2016,9,SA del Estado,Sueldo básico,21062007960.0,19347056389.0
2016,9,Salud,Bonificaciones y asignaciones,16302106581.0,16150739288.0
2016,9,Salud,Dietas,85000000.0,84490000.0
2016,9,Salud,Gastos de representación,332610500.0,330500900.0
2016,9,Salud,Otros gastos del personal,8279773362.0,8258564651.0
2016,9,Salud,Personal contratado,96713967002.0,95997617974.0
2016,9,Salud,Remuneraciones temporales,4961929443.0,4944140954.0
2016,9,Salud,Sueldo básico,153613661611.0,151085604340.0
2016,9,Servicio civil del Ejecutivo,Bonificaciones y asignaciones,11284935428.0,11284935428.0
2016,9,Servicio civil del Ejecutivo,Gastos de representación,1167353945.0,1159859830.0
2016,9,Servicio civil del Ejecutivo,Otros gastos del personal,2401298941.0,2401298941.0
2016,9,Servicio civil del Ejecutivo,Personal contratado,34482805010.0,31321837923.0
2016,9,Servicio civil del Ejecutivo,Remuneraciones temporales,4882705016.0,4882705016.0
2016,9,Servicio civil del Ejecutivo,Servicio exterior,10321161382.0,10321161382.0
2016,9,Servicio civil del Ejecutivo,Sueldo básico,56195384107.0,56060906020.0
2016,10,Educación,Bonificaciones y asignaciones,40932069128.0,40306854275.0
2016,10,Educación,Dietas,431731661.0,419587506.0
2016,10,Educación,Gastos de representación,3533478168.0,3460697998.0
2016,10,Educación,Otros gastos del personal,4225363075.0,4223957587.0
2016,10,Educación,Personal contratado,8068355129.0,7918309137.0
2016,10,Educación,Remuneraciones temporales,917588811.0,883862615.0
2016,10,Educación,Sueldo básico,332444147212.0,321533243336.0
2016,10,Empresas públicas,Aguinaldo,41874400.0,41874400.0
2016,10,Empresas públicas,Bonificaciones y asignaciones,21515288056.0,20082073640.0
2016,10,Empresas públicas,Dietas,14093520.0,14093520.0
2016,10,Empresas públicas,Gastos de representación,116940120.0,116072817.0
2016,10,Empresas públicas,Otros gastos del personal,351548511.0,340464746.0
2016,10,Empresas públicas,Personal contratado,6335019015.0,5997346282.0
2016,10,Empresas públicas,Remuneraciones temporales,5037423202.0,4554129706.0
2016,10,Empresas públicas,Sueldo básico,33483857434.0,29830575265.0
2016,10,Entes autónomos y autárquicos,Bonificaciones y asignaciones,5686406333.0,4731336174.0
2016,10,Entes autónomos y autárquicos,Dietas,204495500.0,198310440.0
2016,10,Entes autónomos y autárquicos,Gastos de representación,499453518.0,435533314.0
2016,10,Entes autónomos y autárquicos,Otros gastos del personal,2432573823.0,2252398466.0
2016,10,Entes autónomos y autárquicos,Personal contratado,6125218707.0,5700339412.0
2016,10,Entes autónomos y autárquicos,Remuneraciones temporales,3034739044.0,2824637158.0
2016,10,Entes autónomos y autárquicos,Sueldo básico,36045592137.0,30284658512.0
2016,10,Fuerzas públicas,Bonificaciones y asignaciones,57098809389.0,57098809389.0
2016,10,Fuerzas públicas,Gastos de representación,600281628.0,600281628.0
2016,10,Fuerzas públicas,Otros gastos del personal,7508642768.0,7508642768.0
2016,10,Fuerzas públicas,Personal contratado,1066823057.0,1053298572.0
2016,10,Fuerzas públicas,Remuneraciones temporales,365732704.0,365732704.0
2016,10,Fuerzas públicas,Servicio exterior,613749308.0,613749308.0
2016,10,Fuerzas públicas,Sueldo básico,152748416643.0,152724174266.0
2016,10,Gobiernos departamentales,Bonificaciones y asignaciones,368259668.0,334708168.0
2016,10,Gobiernos departamentales,Dietas,1220252795.0,1165531145.0
2016,10,Gobiernos departamentales,Gastos de representación,212811900.0,199870188.0
2016,10,Gobiernos departamentales,Otros gastos del personal,130076800.0,128969593.0
2016,10,Gobiernos departamentales,Personal contratado,2749978524.0,2673340679.0
2016,10,Gobiernos departamentales,Remuneraciones temporales,45409023.0,40226120.0
2016,10,Gobiernos departamentales,Sueldo básico,3579440296.0,3201768780.0
2016,10,Municipalidades,Aguinaldo,20475000.0,18555000.0
2016,10,Municipalidades,Bonificaciones y asignaciones,927834089.0,896846123.0
2016,10,Municipalidades,Dietas,4676314009.0,3713758959.0
2016,10,Municipalidades,Gastos de representación,3562536947.0,2933550760.0
2016,10,Municipalidades,Otros gastos del personal,181393866.0,180652506.0
2016,10,Municipalidades,Personal contratado,18413874291.0,16060852342.0
2016,10,Municipalidades,Remuneraciones temporales,149387132.0,145043341.0
2016,10,Municipalidades,Sueldo básico,9979994311.0,7970147929.0
2016,10,Otros organismos,Bonificaciones y asignaciones,6081864321.0,5786983448.0
2016,10,Otros organismos,Dietas,270635488.0,246499676.0
2016,10,Otros organismos,Gastos de representación,598412709.0,583471990.0
2016,10,Otros organismos,Otros gastos del personal,726650487.0,685972648.0
2016,10,Otros organismos,Personal contratado,1397833291.0,1292018066.0
2016,10,Otros organismos,Remuneraciones temporales,1403786248.0,1388577826.0
2016,10,Otros organismos,Sueldo básico,29866015619.0,28513596658.0
2016,10,Poder Judicial,Bonificaciones y asignaciones,9045031288.0,9045031288.0
2016,10,Poder Judicial,Dietas,118427360.0,118427360.0
2016,10,Poder Judicial,Gastos de representación,6411199424.0,6400916091.0
2016,10,Poder Judicial,Otros gastos del personal,1373682959.0,1373682959.0
2016,10,Poder Judicial,Personal contratado,11849130372.0,11759013043.0
2016,10,Poder Judicial,Remuneraciones temporales,1337731393.0,1337731393.0
2016,10,Poder Judicial,Sueldo básico,100938862632.0,100566680371.0
2016,10,Poder Legislativo,Bonificaciones y asignaciones,984998170.0,984998170.0
2016,10,Poder Legislativo,Dietas,4233778120.0,4233778120.0
2016,10,Poder Legislativo,Gastos de representación,1225250815.0,1225250815.0
2016,10,Poder Legislativo,Personal contratado,3894297623.0,3894297623.0
2016,10,Poder Legislativo,Remuneraciones temporales,355884473.0,355884473.0
2016,10,Poder Legislativo,Sueldo básico,14463124500.0,14463124500.0
2016,10,SA del Estado,Aguinaldo,241311156.0,241311156.0
2016,10,SA del Estado,Bonificaciones y asignaciones,5152343099.0,5152343099.0
2016,10,SA del Estado,Dietas,259932136.0,259932136.0
2016,10,SA del Estado,Gastos de representación,177000000.0,177000000.0
2016,10,SA del Estado,Otros gastos del personal,9800000.0,9800000.0
2016,10,SA del Estado,Personal contratado,2059441796.0,2057104015.0
2016,10,SA del Estado,Remuneraciones temporales,505306208.0,505306208.0
2016,10,SA del Estado,Sueldo básico,21006341976.0,19292910555.0
2016,10,Salud,Bonificaciones y asignaciones,17336381574.0,16811842238.0
2016,10,Salud,Dietas,85000000.0,83470000.0
2016,10,Salud,Gastos de representación,333839400.0,327575400.0
2016,10,Salud,Otros gastos del personal,8257371139.0,8192385270.0
2016,10,Salud,Personal contratado,96545296811.0,95080314551.0
2016,10,Salud,Remuneraciones temporales,4752047153.0,4536362159.0
2016,10,Salud,Sueldo básico,153146777130.0,147379832671.0
2016,10,Servicio civil del Ejecutivo,Bonificaciones y asignaciones,10710533340.0,10710533340.0
2016,10,Servicio civil del Ejecutivo,Gastos de representación,1165935945.0,1161643564.0
2016,10,Servicio civil del Ejecutivo,Otros gastos del personal,2483574198.0,2483574198.0
2016,10,Servicio civil del Ejecutivo,Personal contratado,35031361158.0,31339694925.0
2016,10,Servicio civil del Ejecutivo,Remuneraciones temporales,4918893220.0,4918893220.0
2016,10,Servicio civil del Ejecutivo,Servicio exterior,10238373320.0,10238373320.0
2016,10,Servicio civil del Ejecutivo,Sueldo básico,56097464352.0,56031696844.0
2016,11,Educación,Bonificaciones y asignaciones,40604987242.0,40020006997.0
2016,11,Educación,Dietas,421815591.0,410893084.0
2016,11,Educación,Gastos de representación,3550833484.0,3486414342.0
2016,11,Educación,Otros gastos del personal,2677294951.0,2675631889.0
2016,11,Educación,Personal contratado,10998866917.0,10838370217.0
2016,11,Educación,Remuneraciones temporales,982822099.0,948927833.0
2016,11,Educación,Sueldo básico,330486578278.0,319562112692.0
2016,11,Empresas públicas,Aguinaldo,41874400.0,41874400.0
2016,11,Empresas públicas,Bonificaciones y asignaciones,23056848872.0,21603980908.0
2016,11,Empresas públicas,Dietas,11744600.0,11744600.0
2016,11,Empresas públicas,Gastos de representación,125373453.0,124395558.0
2016,11,Empresas públicas,Otros gastos del personal,346398265.0,335791765.0
2016,11,Empresas públicas,Personal contratado,6258512253.0,5945886889.0
2016,11,Empresas públicas,Remuneraciones temporales,5682569188.0,5139818804.0
2016,11,Empresas públicas,Sueldo básico,34672079103.0,30980881468.0
2016,11,Entes autónomos y autárquicos,Bonificaciones y asignaciones,7724207523.0,6766196990.0
2016,11,Entes autónomos y autárquicos,Dietas,204495500.0,200335500.0
2016,11,Entes autónomos y autárquicos,Gastos de representación,504152806.0,436223918.0
2016,11,Entes autónomos y autárquicos,Otros gastos del personal,2077375483.0,1895419552.0
2016,11,Entes autónomos y autárquicos,Personal contratado,6123243702.0,5701252367.0
2016,11,Entes autónomos y autárquicos,Remuneraciones temporales,3135528803.0,2926894090.0
2016,11,Entes autónomos y autárquicos,Sueldo básico,36081421505.0,30311128952.0
2016,11,Fuerzas públicas,Bonificaciones y asignaciones,53728587005.0,53728587005.0
2016,11,Fuerzas públicas,Gastos de representación,573678128.0,573678128.0
2016,11,Fuerzas públicas,Otros gastos del personal,7495434019.0,7495434019.0
2016,11,Fuerzas públicas,Personal contratado,1065874672.0,1035822352.0
2016,11,Fuerzas públicas,Remuneraciones temporales,413129910.0,413129910.0
2016,11,Fuerzas públicas,Servicio exterior,613749308.0,613749308.0
2016,11,Fuerzas públicas,Sueldo básico,152558556843.0,152538672954.0
2016,11,Gobiernos departamentales,Bonificaciones y asignaciones,362324485.0,328629518.0
2016,11,Gobiernos departamentales,Dietas,1220252795.0,1165531145.0
2016,11,Gobiernos departamentales,Gastos de representación,212811900.0,199870188.0
2016,11,Gobiernos departamentales,Otros gastos del personal,130060200.0,128952993.0
2016,11,Gobiernos departamentales,Personal contratado,2834346394.0,2758734913.0
2016,11,Gobiernos departamentales,Remuneraciones temporales,47550308.0,41986733.0
2016,11,Gobiernos departamentales,Sueldo básico,3575610241.0,3198230574.0
2016,11,Municipalidades,Aguinaldo,15697000.0,13777000.0
2016,11,Municipalidades,Bonificaciones y asignaciones,787379998.0,755581869.0
2016,11,Municipalidades,Dietas,4454951932.0,3768716672.0
2016,11,Municipalidades,Gastos de representación,3309891919.0,2878241739.0
2016,11,Municipalidades,Otros gastos del personal,167342991.0,165945215.0
2016,11,Municipalidades,Personal contratado,17600078170.0,15293547592.0
2016,11,Municipalidades,Remuneraciones temporales,120089773.0,117230982.0
2016,11,Municipalidades,Sueldo básico,9705776871.0,7722933377.0
2016,11,Otros organismos,Bonificaciones y asignaciones,4128367264.0,3797875749.0
2016,11,Otros organismos,Dietas,270635488.0,246499676.0
2016,11,Otros organismos,Gastos de representación,612789509.0,585626430.0
2016,11,Otros organismos,Otros gastos del personal,634177830.0,602579891.0
2016,11,Otros organismos,Personal contratado,1413662921.0,1308002664.0
2016,11,Otros organismos,Remuneraciones temporales,1676767142.0,1659943704.0
2016,11,Otros organismos,Sueldo básico,29720373885.0,28365828378.0
2016,11,Poder Judicial,Bonificaciones y asignaciones,8904426866.0,8904426866.0
2016,11,Poder Judicial,Dietas,118427360.0,118427360.0
2016,11,Poder Judicial,Gastos de representación,6403949424.0,6398270257.0
2016,11,Poder Judicial,Otros gastos del personal,1443776299.0,1443776299.0
2016,11,Poder Judicial,Personal contratado,12929361349.0,12243588462.0
2016,11,Poder Judicial,Remuneraciones temporales,1498782372.0,1498782372.0
2016,11,Poder Judicial,Sueldo básico,101120630692.0,100741738024.0
2016,11,Poder Legislativo,Bonificaciones y asignaciones,1003406870.0,1003406870.0
2016,11,Poder Legislativo,Dietas,4233778120.0,4233778120.0
2016,11,Poder Legislativo,Gastos de representación,1218780915.0,1218780915.0
2016,11,Poder Legislativo,Personal contratado,3963771763.0,3963771763.0
2016,11,Poder Legislativo,Remuneraciones temporales,368849303.0,368849303.0
2016,11,Poder Legislativo,Sueldo básico,14519324500.0,14515657833.0
2016,11,SA del Estado,Aguinaldo,93493794.0,93493794.0
2016,11,SA del Estado,Bonificaciones y asignaciones,5236526654.0,5236526654.0
2016,11,SA del Estado,Dietas,259932136.0,259932136.0
2016,11,SA del Estado,Gastos de representación,177750000.0,177750000.0
2016,11,SA del Estado,Otros gastos del personal,9600000.0,9600000.0
2016,11,SA del Estado,Personal contratado,2071080994.0,2068943873.0
2016,11,SA del Estado,Remuneraciones temporales,614802689.0,614802689.0
2016,11,SA del Estado,Sueldo básico,20968333512.0,19247595550.0
2016,11,Salud,Bonificaciones y asignaciones,16958521088.0,16332452010.0
2016,11,Salud,Dietas,85000000.0,83470000.0
2016,11,Salud,Gastos de representación,333839400.0,327575400.0
2016,11,Salud,Otros gastos del personal,8299287696.0,8231889933.0
2016,11,Salud,Personal contratado,96772599286.0,95475075969.0
2016,11,Salud,Remuneraciones temporales,4917930528.0,4669530152.0
2016,11,Salud,Sueldo básico,152619935473.0,146922061092.0
2016,11,Servicio civil del Ejecutivo,Bonificaciones y asignaciones,11420981929.0,11420981929.0
2016,11,Servicio civil del Ejecutivo,Gastos de representación,1161058045.0,1155477937.0
2016,11,Servicio civil del Ejecutivo,Otros gastos del personal,2726524177.0,2726524177.0
2016,11,Servicio civil del Ejecutivo,Personal contratado,35145139747.0,31693909586.0
2016,11,Servicio civil del Ejecutivo,Remuneraciones temporales,5701821354.0,5701821354.0
2016,11,Servicio civil del Ejecutivo,Servicio exterior,10263436837.0,10263436837.0
2016,11,Servicio civil del Ejecutivo,Sueldo básico,56112787862.0,56044637052.0
2016,12,Educación,Aguinaldo,300274651027.0,298289850886.0
2016,12,Educación,Bonificaciones y asignaciones,81393877123.0,79583358958.0
2016,12,Educación,Dietas,428143141.0,417528932.0
2016,12,Educación,Gastos de representación,3583970062.0,3519855136.0
2016,12,Educación,Otros gastos del personal,6670285425.0,6668455710.0
2016,12,Educación,Personal contratado,14916108504.0,14760447978.0
2016,12,Educación,Remuneraciones temporales,1753870908.0,1706814096.0
2016,12,Educación,Sueldo básico,334687407900.0,323746518032.0
2016,12,Empresas públicas,Aguinaldo,25181809731.0,25181809731.0
2016,12,Empresas públicas,Bonificaciones y asignaciones,40077631313.0,38494937992.0
2016,12,Empresas públicas,Dietas,11744600.0,11744600.0
2016,12,Empresas públicas,Gastos de representación,127853267.0,126875372.0
2016,12,Empresas públicas,Otros gastos del personal,349916323.0,340243670.0
2016,12,Empresas públicas,Personal contratado,9394968237.0,9098302472.0
2016,12,Empresas públicas,Remuneraciones temporales,10155147929.0,9617828659.0
2016,12,Empresas públicas,Sueldo básico,36222995728.0,32162542495.0
2016,12,Entes autónomos y autárquicos,Aguinaldo,14722993560.0,14155753702.0
2016,12,Entes autónomos y autárquicos,Bonificaciones y asignaciones,14584633405.0,13840873371.0
2016,12,Entes autónomos y autárquicos,Dietas,224495500.0,220335500.0
2016,12,Entes autónomos y autárquicos,Gastos de representación,610918023.0,547887669.0
2016,12,Entes autónomos y autárquicos,Otros gastos del personal,2938796420.0,2798693845.0
2016,12,Entes autónomos y autárquicos,Personal contratado,9648103576.0,9297533285.0
2016,12,Entes autónomos y autárquicos,Remuneraciones temporales,5973213142.0,5671691864.0
2016,12,Entes autónomos y autárquicos,Sueldo básico,36198006377.0,31346405419.0
2016,12,Fuerzas públicas,Aguinaldo,152837144717.0,152837144717.0
2016,12,Fuerzas públicas,Bonificaciones y asignaciones,67413387919.0,67413387919.0
2016,12,Fuerzas públicas,Gastos de representación,588534028.0,588534028.0
2016,12,Fuerzas públicas,Otros gastos del personal,10560906948.0,10560906948.0
2016,12,Fuerzas públicas,Personal contratado,1966380958.0,1966380958.0
2016,12,Fuerzas públicas,Remuneraciones temporales,771053671.0,771053671.0
2016,12,Fuerzas públicas,Servicio exterior,1185887316.0,1185887316.0
2016,12,Fuerzas públicas,Sueldo básico,154160880071.0,154143296182.0
2016,12,Gobiernos departamentales,Aguinaldo,1665027303.0,1649304304.0
2016,12,Gobiernos departamentales,Bonificaciones y asignaciones,660736209.0,624641242.0
2016,12,Gobiernos departamentales,Dietas,1220252795.0,1165531145.0
2016,12,Gobiernos departamentales,Gastos de representación,212811900.0,199870188.0
2016,12,Gobiernos departamentales,Otros gastos del personal,146151000.0,145043793.0
2016,12,Gobiernos departamentales,Personal contratado,2885657239.0,2814018943.0
2016,12,Gobiernos departamentales,Remuneraciones temporales,56884751.0,51403573.0
2016,12,Gobiernos departamentales,Sueldo básico,3576101951.0,3198643610.0
2016,12,Municipalidades,Aguinaldo,4699964396.0,4521199299.0
2016,12,Municipalidades,Bonificaciones y asignaciones,1339827229.0,1315527432.0
2016,12,Municipalidades,Dietas,4633570127.0,4007215664.0
2016,12,Municipalidades,Gastos de representación,3324998988.0,2972536557.0
2016,12,Municipalidades,Otros gastos del personal,140706814.0,139761986.0
2016,12,Municipalidades,Personal contratado,20900153784.0,19069175057.0
2016,12,Municipalidades,Remuneraciones temporales,177510388.0,174651597.0
2016,12,Municipalidades,Sueldo básico,9905023286.0,8061268001.0
2016,12,Otros organismos,Aguinaldo,18773770045.0,18686755648.0
2016,12,Otros organismos,Bonificaciones y asignaciones,14497287304.0,14087095618.0
2016,12,Otros organismos,Dietas,270635488.0,246499676.0
2016,12,Otros organismos,Gastos de representación,567104476.0,550059272.0
2016,12,Otros organismos,Otros gastos del personal,1311221324.0,1263783412.0
2016,12,Otros organismos,Personal contratado,2962988945.0,2768785351.0
2016,12,Otros organismos,Remuneraciones temporales,2804235474.0,2787174672.0
2016,12,Otros organismos,Sueldo básico,29445890643.0,28109408856.0
2016,12,Poder Judicial,Aguinaldo,105367089245.0,105367089245.0
2016,12,Poder Judicial,Bonificaciones y asignaciones,27269650157.0,27269650157.0
2016,12,Poder Judicial,Dietas,118427360.0,118427360.0
2016,12,Poder Judicial,Gastos de representación,6397949424.0,6394566090.0
2016,12,Poder Judicial,Otros gastos del personal,2259541324.0,2259541324.0
2016,12,Poder Judicial,Personal contratado,21731338194.0,21650114203.0
2016,12,Poder Judicial,Remuneraciones temporales,2538572192.0,2538572192.0
2016,12,Poder Judicial,Sueldo básico,101268475088.0,100974786538.0
2016,12,Poder Legislativo,Aguinaldo,19801549968.0,19801549968.0
2016,12,Poder Legislativo,Bonificaciones y asignaciones,3760708315.0,3760708315.0
2016,12,Poder Legislativo,Dietas,4233778120.0,4233778120.0
2016,12,Poder Legislativo,Gastos de representación,1217255102.0,1217255102.0
2016,12,Poder Legislativo,Otros gastos del personal,666667.0,666667.0
2016,12,Poder Legislativo,Personal contratado,7427201342.0,7423901342.0
2016,12,Poder Legislativo,Remuneraciones temporales,583820648.0,583820648.0
2016,12,Poder Legislativo,Sueldo básico,14500424500.0,14495007833.0
2016,12,SA del Estado,Aguinaldo,16625649669.0,16625649669.0
2016,12,SA del Estado,Bonificaciones y asignaciones,5475674651.0,5475674651.0
2016,12,SA del Estado,Dietas,276909888.0,276909888.0
2016,12,SA del Estado,Gastos de representación,181386667.0,181386667.0
2016,12,SA del Estado,Otros gastos del personal,9200000.0,9200000.0
2016,12,SA del Estado,Personal contratado,2092520281.0,2077952333.0
2016,12,SA del Estado,Remuneraciones temporales,563540919.0,563540919.0
2016,12,SA del Estado,Sueldo básico,20822001490.0,19137350021.0
2016,12,Salud,Aguinaldo,92792512020.0,92792512020.0
2016,12,Salud,Bonificaciones y asignaciones,27691422381.0,27234537776.0
2016,12,Salud,Dietas,85000000.0,77350000.0
2016,12,Salud,Gastos de representación,331890500.0,325356500.0
2016,12,Salud,Otros gastos del personal,8683498585.0,8654289290.0
2016,12,Salud,Personal contratado,177275789512.0,176356544449.0
2016,12,Salud,Remuneraciones temporales,8363890304.0,8316581532.0
2016,12,Salud,Sueldo básico,157578478383.0,151343786674.0
2016,12,Servicio civil del Ejecutivo,Aguinaldo,56569515977.0,56569515977.0
2016,12,Servicio civil del Ejecutivo,Bonificaciones y asignaciones,22006012734.0,22006012734.0
2016,12,Servicio civil del Ejecutivo,Gastos de representación,1145244145.0,1143577279.0
2016,12,Servicio civil del Ejecutivo,Otros gastos del personal,4577623330.0,4577623330.0
2016,12,Servicio civil del Ejecutivo,Personal contratado,58724174689.0,55009489999.0
2016,12,Servicio civil del Ejecutivo,Remuneraciones temporales,9997579502.0,9997579502.0
2016,12,Servicio civil del Ejecutivo,Servicio exterior,20271470043.0,20271470043.0
2016,12,Servicio civil del Ejecutivo,Sueldo básico,56038052962.0,56023460692.0
2017,1,Educación,Aguinaldo,1860306280.0,1586554425.0
2017,1,Educación,Bonificaciones y asignaciones,44166142131.0,43218247730.0
2017,1,Educación,Dietas,382251811.0,362636842.0
2017,1,Educación,Gastos de representación,3607952884.0,3538120484.0
2017,1,Educación,Otros gastos del personal,3318363814.0,3314728766.0
2017,1,Educación,Personal contratado,6314586868.0,6195684365.0
2017,1,Educación,Remuneraciones temporales,233316724.0,229535927.0
2017,1,Educación,Sueldo básico,333519984061.0,322431628795.0
2017,1,Empresas públicas,Aguinaldo,30852600.0,30852600.0
2017,1,Empresas públicas,Bonificaciones y asignaciones,25521288101.0,24067326859.0
2017,1,Empresas públicas,Dietas,11744600.0,11744600.0
2017,1,Empresas públicas,Gastos de representación,116489200.0,115511305.0
2017,1,Empresas públicas,Otros gastos del personal,343032472.0,332577447.0
2017,1,Empresas públicas,Personal contratado,5301185871.0,5019035343.0
2017,1,Empresas públicas,Remuneraciones temporales,5632373072.0,5096325267.0
2017,1,Empresas públicas,Sueldo básico,35225723536.0,31124510528.0
2017,1,Entes autónomos y autárquicos,Aguinaldo,0.0,0.0
2017,1,Entes autónomos y autárquicos,Bonificaciones y asignaciones,5583309236.0,5105553305.0
2017,1,Entes autónomos y autárquicos,Dietas,305916000.0,207283600.0
2017,1,Entes autónomos y autárquicos,Gastos de representación,501713385.0,437546083.0
2017,1,Entes autónomos y autárquicos,Otros gastos del personal,1255631450.0,1182493088.0
2017,1,Entes autónomos y autárquicos,Personal contratado,4997396213.0,4718699944.0
2017,1,Entes autónomos y autárquicos,Remuneraciones temporales,1535630839.0,1404869359.0
2017,1,Entes autónomos y autárquicos,Sueldo básico,36175998460.0,31300415838.0
2017,1,Fuerzas públicas,Bonificaciones y asignaciones,56381810824.0,56381810824.0
2017,1,Fuerzas públicas,Gastos de representación,597144928.0,595820401.0
2017,1,Fuerzas públicas,Otros gastos del personal,31720180598.0,31720180598.0
2017,1,Fuerzas públicas,Personal contratado,1063490759.0,1059640759.0
2017,1,Fuerzas públicas,Remuneraciones temporales,316114112.0,316114112.0
2017,1,Fuerzas públicas,Servicio exterior,539934206.0,539934206.0
2017,1,Fuerzas públicas,Sueldo básico,152165355837.0,152138266945.0
2017,1,Gobiernos departamentales,Bonificaciones y asignaciones,383333293.0,350799716.0
2017,1,Gobiernos departamentales,Dietas,1220252795.0,1165531145.0
2017,1,Gobiernos departamentales,Gastos de representación,212811900.0,199870188.0
2017,1,Gobiernos departamentales,Otros gastos del personal,124959055.0,124039999.0
2017,1,Gobiernos departamentales,Personal contratado,2740145401.0,2665721656.0
2017,1,Gobiernos departamentales,Remuneraciones temporales,43185772.0,38191639.0
2017,1,Gobiernos departamentales,Sueldo básico,3569080096.0,3191694027.0
2017,1,Municipalidades,Aguinaldo,39576943.0,37684537.0
2017,1,Municipalidades,Bonificaciones y asignaciones,1216655764.0,1190595427.0
2017,1,Municipalidades,Dietas,5001697120.0,4371978346.0
2017,1,Municipalidades,Gastos de representación,3647459092.0,3295428882.0
2017,1,Municipalidades,Otros gastos del personal,219283700.0,219009389.0
2017,1,Municipalidades,Personal contratado,18938122749.0,17468040592.0
2017,1,Municipalidades,Remuneraciones temporales,174074003.0,173455592.0
2017,1,Municipalidades,Sueldo básico,10929841336.0,9214986780.0
2017,1,Otros organismos,Bonificaciones y asignaciones,17019586118.0,16700480943.0
2017,1,Otros organismos,Dietas,283135488.0,258999676.0
2017,1,Otros organismos,Gastos de representación,560944709.0,546021877.0
2017,1,Otros organismos,Otros gastos del personal,1952519401.0,1921728894.0
2017,1,Otros organismos,Personal contratado,1583474542.0,1450284559.0
2017,1,Otros organismos,Remuneraciones temporales,705062258.0,685007700.0
2017,1,Otros organismos,Sueldo básico,29420431453.0,28021578950.0
2017,1,Poder Judicial,Bonificaciones y asignaciones,18206144300.0,18206144300.0
2017,1,Poder Judicial,Dietas,118427360.0,118427360.0
2017,1,Poder Judicial,Gastos de representación,6399141224.0,6399141224.0
2017,1,Poder Judicial,Otros gastos del personal,1566058093.0,1566058093.0
2017,1,Poder Judicial,Personal contratado,13833421548.0,13731625724.0
2017,1,Poder Judicial,Remuneraciones temporales,560621887.0,560621887.0
2017,1,Poder Judicial,Sueldo básico,101355394013.0,100931380688.0
2017,1,Poder Legislativo,Bonificaciones y asignaciones,1015289520.0,1015289520.0
2017,1,Poder Legislativo,Dietas,4233778120.0,4233778120.0
2017,1,Poder Legislativo,Gastos de representación,1217941815.0,1216845915.0
2017,1,Poder Legislativo,Personal contratado,3918934544.0,3916734544.0
2017,1,Poder Legislativo,Remuneraciones temporales,29055487.0,29055487.0
2017,1,Poder Legislativo,Sueldo básico,14468574500.0,14468574500.0
2017,1,SA del Estado,Bonificaciones y asignaciones,12941893293.0,12941893293.0
2017,1,SA del Estado,Dietas,264406735.0,264406735.0
2017,1,SA del Estado,Gastos de representación,177400000.0,177400000.0
2017,1,SA del Estado,Otros gastos del personal,9200000.0,9200000.0
2017,1,SA del Estado,Personal contratado,2075863197.0,2073150620.0
2017,1,SA del Estado,Remuneraciones temporales,702067108.0,702067108.0
2017,1,SA del Estado,Sueldo básico,20775792925.0,19068453652.0
2017,1,Salud,Bonificaciones y asignaciones,18335229323.0,17888251884.0
2017,1,Salud,Dietas,85000000.0,77350000.0
2017,1,Salud,Gastos de representación,329941600.0,323407600.0
2017,1,Salud,Otros gastos del personal,8128492385.0,8097695213.0
2017,1,Salud,Personal contratado,98039133440.0,96993113830.0
2017,1,Salud,Remuneraciones temporales,2222398225.0,2213018375.0
2017,1,Salud,Sueldo básico,157737787208.0,151359030233.0
2017,1,Servicio civil del Ejecutivo,Bonificaciones y asignaciones,11399157517.0,11399157517.0
2017,1,Servicio civil del Ejecutivo,Gastos de representación,1143808510.0,1139922917.0
2017,1,Servicio civil del Ejecutivo,Otros gastos del personal,2924004439.0,2924004439.0
2017,1,Servicio civil del Ejecutivo,Personal contratado,29250588844.0,28108952413.0
2017,1,Servicio civil del Ejecutivo,Remuneraciones temporales,2998958495.0,2998958495.0
2017,1,Servicio civil del Ejecutivo,Servicio exterior,10163111955.0,10163111955.0
2017,1,Servicio civil del Ejecutivo,Sueldo básico,55700848532.0,55621747179.0
2017,2,Educación,Aguinaldo,1860306280.0,1586554425.0
2017,2,Educación,Bonificaciones y asignaciones,44407363716.0,43417175499.0
2017,2,Educación,Dietas,358224779.0,334526078.0
2017,2,Educación,Gastos de representación,3609764784.0,3535752108.0
2017,2,Educación,Otros gastos del personal,5015659445.0,5014832404.0
2017,2,Educación,Personal contratado,6546198169.0,6428978304.0
2017,2,Educación,Remuneraciones temporales,703963590.0,677943299.0
2017,2,Educación,Sueldo básico,332571553157.0,321339997088.0
2017,2,Empresas públicas,Aguinaldo,30852600.0,30852600.0
2017,2,Empresas públicas,Bonificaciones y asignaciones,23286422955.0,21866253693.0
2017,2,Empresas públicas,Dietas,11744600.0,11744600.0
2017,2,Empresas públicas,Gastos de representación,118621400.0,117643505.0
2017,2,Empresas públicas,Otros gastos del personal,369133842.0,356631245.0
2017,2,Empresas públicas,Personal contratado,5514084665.0,5219014944.0
2017,2,Empresas públicas,Remuneraciones temporales,5536945463.0,5011561607.0
2017,2,Empresas públicas,Sueldo básico,35147357516.0,31063928705.0
2017,2,Entes autónomos y autárquicos,Aguinaldo,0.0,0.0
2017,2,Entes autónomos y autárquicos,Bonificaciones y asignaciones,6379729464.0,5405855166.0
2017,2,Entes autónomos y autárquicos,Dietas,310495500.0,304255500.0
2017,2,Entes autónomos y autárquicos,Gastos de representación,518102585.0,446348641.0
2017,2,Entes autónomos y autárquicos,Otros gastos del personal,2452148713.0,2289370521.0
2017,2,Entes autónomos y autárquicos,Personal contratado,6696105036.0,6278124055.0
2017,2,Entes autónomos y autárquicos,Remuneraciones temporales,2312811842.0,2158431616.0
2017,2,Entes autónomos y autárquicos,Sueldo básico,36192163117.0,30398235852.0
2017,2,Fuerzas públicas,Bonificaciones y asignaciones,56381199827.0,56381199827.0
2017,2,Fuerzas públicas,Gastos de representación,599309428.0,599309428.0
2017,2,Fuerzas públicas,Otros gastos del personal,53781457067.0,53781457067.0
2017,2,Fuerzas públicas,Personal contratado,1053589892.0,1053589892.0
2017,2,Fuerzas públicas,Remuneraciones temporales,335063783.0,335063783.0
2017,2,Fuerzas públicas,Servicio exterior,530418794.0,530418794.0
2017,2,Fuerzas públicas,Sueldo básico,152071634308.0,152055444968.0
2017,2,Gobiernos departamentales,Bonificaciones y asignaciones,402561502.0,368461548.0
2017,2,Gobiernos departamentales,Dietas,1220252795.0,1165531145.0
2017,2,Gobiernos departamentales,Gastos de representación,213011900.0,200070188.0
2017,2,Gobiernos departamentales,Otros gastos del personal,129784505.0,128753449.0
2017,2,Gobiernos departamentales,Personal contratado,2724512563.0,2652439802.0
2017,2,Gobiernos departamentales,Remuneraciones temporales,41730804.0,36530200.0
2017,2,Gobiernos departamentales,Sueldo básico,3577810424.0,3202142376.0
2017,2,Municipalidades,Aguinaldo,33837000.0,32147000.0
2017,2,Municipalidades,Bonificaciones y asignaciones,1323117608.0,1298589832.0
2017,2,Municipalidades,Dietas,5293759941.0,4653753690.0
2017,2,Municipalidades,Gastos de representación,3679128168.0,3313926153.0
2017,2,Municipalidades,Otros gastos del personal,104346913.0,104272602.0
2017,2,Municipalidades,Personal contratado,20510651610.0,19079758037.0
2017,2,Municipalidades,Remuneraciones temporales,240971939.0,236092098.0
2017,2,Municipalidades,Sueldo básico,10720888239.0,8833381308.0
2017,2,Otros organismos,Bonificaciones y asignaciones,16141369955.0,15420771404.0
2017,2,Otros organismos,Dietas,283135488.0,254524491.0
2017,2,Otros organismos,Gastos de representación,607789109.0,585368114.0
2017,2,Otros organismos,Otros gastos del personal,1902898618.0,1876100366.0
2017,2,Otros organismos,Personal contratado,1729168754.0,1599239064.0
2017,2,Otros organismos,Remuneraciones temporales,474401110.0,450768520.0
2017,2,Otros organismos,Sueldo básico,29720677013.0,28350756700.0
2017,2,Poder Judicial,Bonificaciones y asignaciones,17209235937.0,17209235937.0
2017,2,Poder Judicial,Dietas,118427360.0,118427360.0
2017,2,Poder Judicial,Gastos de representación,6391891224.0,6384272391.0
2017,2,Poder Judicial,Otros gastos del personal,1520353092.0,1520353092.0
2017,2,Poder Judicial,Personal contratado,14157570485.0,14109679656.0
2017,2,Poder Judicial,Remuneraciones temporales,1246607888.0,1246607888.0
2017,2,Poder Judicial,Sueldo básico,101564872635.0,101130547167.0
2017,2,Poder Legislativo,Bonificaciones y asignaciones,2360257938.0,2360257938.0
2017,2,Poder Legislativo,Dietas,4233778120.0,4233778120.0
2017,2,Poder Legislativo,Gastos de representación,1225528815.0,1225528815.0
2017,2,Poder Legislativo,Personal contratado,4015404773.0,4010964773.0
2017,2,Poder Legislativo,Remuneraciones temporales,40733292.0,40733292.0
2017,2,Poder Legislativo,Sueldo básico,14496998555.0,14496998555.0
2017,2,SA del Estado,Bonificaciones y asignaciones,6865340008.0,6865340008.0
2017,2,SA del Estado,Dietas,264406735.0,264406735.0
2017,2,SA del Estado,Gastos de representación,176200000.0,176200000.0
2017,2,SA del Estado,Otros gastos del personal,9200000.0,9200000.0
2017,2,SA del Estado,Personal contratado,2070970591.0,2069081082.0
2017,2,SA del Estado,Remuneraciones temporales,513108424.0,513108424.0
2017,2,SA del Estado,Sueldo básico,20766741752.0,19093771662.0
2017,2,Salud,Bonificaciones y asignaciones,83871734848.0,77779287023.0
2017,2,Salud,Dietas,85000000.0,77350000.0
2017,2,Salud,Gastos de representación,329941600.0,323322110.0
2017,2,Salud,Otros gastos del personal,7671544869.0,7669503530.0
2017,2,Salud,Personal contratado,92715415822.0,91555577643.0
2017,2,Salud,Remuneraciones temporales,3621207735.0,3585902751.0
2017,2,Salud,Sueldo básico,157315604143.0,150966136587.0
2017,2,Servicio civil del Ejecutivo,Bonificaciones y asignaciones,16731209497.0,16731209497.0
2017,2,Servicio civil del Ejecutivo,Gastos de representación,1162029894.0,1158667039.0
2017,2,Servicio civil del Ejecutivo,Otros gastos del personal,2345038592.0,2345038592.0
2017,2,Servicio civil del Ejecutivo,Personal contratado,35326546170.0,31043539404.0
2017,2,Servicio civil del Ejecutivo,Remuneraciones temporales,4007392378.0,4007392378.0
2017,2,Servicio civil del Ejecutivo,Servicio exterior,10077950908.0,10077950908.0
2017,2,Servicio civil del Ejecutivo,Sueldo básico,56001308704.0,55947641801.0
2017,3,Educación,Aguinaldo,1864563980.0,1588683275.0
2017,3,Educación,Bonificaciones y asignaciones,44832978975.0,43817571582.0
2017,3,Educación,Dietas,374114320.0,363293402.0
2017,3,Educación,Gastos de representación,3603343884.0,3525571844.0
2017,3,Educación,Otros gastos del personal,3402719135.0,3397400670.0
2017,3,Educación,Personal contratado,7813571423.0,7649642088.0
2017,3,Educación,Remuneraciones temporales,1058428093.0,1022193546.0
2017,3,Educación,Sueldo básico,335830453081.0,323820318981.0
2017,3,Empresas públicas,Aguinaldo,30852600.0,30852600.0
2017,3,Empresas públicas,Bonificaciones y asignaciones,24725823536.0,23278070688.0
2017,3,Empresas públicas,Dietas,11744600.0,11744600.0
2017,3,Empresas públicas,Gastos de representación,161001121.0,160023226.0
2017,3,Empresas públicas,Otros gastos del personal,333574130.0,323685966.0
2017,3,Empresas públicas,Personal contratado,5597334914.0,5341708658.0
2017,3,Empresas públicas,Remuneraciones temporales,5472935244.0,4955020732.0
2017,3,Empresas públicas,Sueldo básico,34390623775.0,30658630053.0
2017,3,Entes autónomos y autárquicos,Aguinaldo,0.0,0.0
2017,3,Entes autónomos y autárquicos,Bonificaciones y asignaciones,7872814243.0,7327882490.0
2017,3,Entes autónomos y autárquicos,Dietas,305916000.0,299676000.0
2017,3,Entes autónomos y autárquicos,Gastos de representación,527784210.0,472188590.0
2017,3,Entes autónomos y autárquicos,Otros gastos del personal,1959349437.0,1884614500.0
2017,3,Entes autónomos y autárquicos,Personal contratado,6177847415.0,6040890464.0
2017,3,Entes autónomos y autárquicos,Remuneraciones temporales,2657255321.0,2464884658.0
2017,3,Entes autónomos y autárquicos,Sueldo básico,36456797316.0,32380810893.0
2017,3,Fuerzas públicas,Bonificaciones y asignaciones,59686353052.0,59686353052.0
2017,3,Fuerzas públicas,Gastos de representación,601248228.0,600897768.0
2017,3,Fuerzas públicas,Otros gastos del personal,8187963023.0,8187963023.0
2017,3,Fuerzas públicas,Personal contratado,1116958654.0,1083430733.0
2017,3,Fuerzas públicas,Remuneraciones temporales,398834672.0,398834672.0
2017,3,Fuerzas públicas,Servicio exterior,532133992.0,532133992.0
2017,3,Fuerzas públicas,Sueldo básico,151869919157.0,151857057881.0
2017,3,Gobiernos departamentales,Bonificaciones y asignaciones,399791987.0,365755249.0
2017,3,Gobiernos departamentales,Dietas,1147330595.0,1092608945.0
2017,3,Gobiernos departamentales,Gastos de representación,220381955.0,207360243.0
2017,3,Gobiernos departamentales,Otros gastos del personal,112940450.0,111909394.0
2017,3,Gobiernos departamentales,Personal contratado,2746035270.0,2674443383.0
2017,3,Gobiernos departamentales,Remuneraciones temporales,41620121.0,36437226.0
2017,3,Gobiernos departamentales,Sueldo básico,3570714441.0,3196665773.0
2017,3,Municipalidades,Aguinaldo,31324500.0,29509500.0
2017,3,Municipalidades,Bonificaciones y asignaciones,1632378120.0,1593568733.0
2017,3,Municipalidades,Dietas,5462675236.0,4976494950.0
2017,3,Municipalidades,Gastos de representación,3848519567.0,3620698207.0
2017,3,Municipalidades,Otros gastos del personal,145678144.0,145578432.0
2017,3,Municipalidades,Personal contratado,24989669194.0,23628508784.0
2017,3,Municipalidades,Remuneraciones temporales,247984157.0,245333996.0
2017,3,Municipalidades,Sueldo básico,12818984254.0,10763755016.0
2017,3,Otros organismos,Aguinaldo,5240236.0,5240236.0
2017,3,Otros organismos,Bonificaciones y asignaciones,7414488271.0,6586959602.0
2017,3,Otros organismos,Dietas,283135488.0,227246600.0
2017,3,Otros organismos,Gastos de representación,612289165.0,571514790.0
2017,3,Otros organismos,Otros gastos del personal,1888182025.0,1861007819.0
2017,3,Otros organismos,Personal contratado,1611200453.0,1499742871.0
2017,3,Otros organismos,Remuneraciones temporales,667079289.0,642773459.0
2017,3,Otros organismos,Sueldo básico,29672404613.0,28409325060.0
2017,3,Poder Judicial,Bonificaciones y asignaciones,20274533745.0,20274533745.0
2017,3,Poder Judicial,Dietas,118427360.0,117440465.0
2017,3,Poder Judicial,Gastos de representación,6392666224.0,6390743257.0
2017,3,Poder Judicial,Otros gastos del personal,1485623380.0,1485623380.0
2017,3,Poder Judicial,Personal contratado,14084363463.0,13957323237.0
2017,3,Poder Judicial,Remuneraciones temporales,1410571251.0,1410571251.0
2017,3,Poder Judicial,Sueldo básico,101552702624.0,101132583850.0
2017,3,Poder Legislativo,Bonificaciones y asignaciones,3092519000.0,3092519000.0
2017,3,Poder Legislativo,Dietas,4233778120.0,4233778120.0
2017,3,Poder Legislativo,Gastos de representación,1225528815.0,1225528815.0
2017,3,Poder Legislativo,Personal contratado,4038413760.0,4034788760.0
2017,3,Poder Legislativo,Remuneraciones temporales,154019064.0,154019064.0
2017,3,Poder Legislativo,Sueldo básico,14467398555.0,14467398555.0
2017,3,SA del Estado,Bonificaciones y asignaciones,5444963974.0,5444963974.0
2017,3,SA del Estado,Dietas,246867735.0,246867735.0
2017,3,SA del Estado,Gastos de representación,166626666.0,166626666.0
2017,3,SA del Estado,Otros gastos del personal,9046667.0,9046667.0
2017,3,SA del Estado,Personal contratado,2070969591.0,2068690314.0
2017,3,SA del Estado,Remuneraciones temporales,672103610.0,672103610.0
2017,3,SA del Estado,Sueldo básico,20692969943.0,18934965901.0
2017,3,Salud,Bonificaciones y asignaciones,19813558981.0,19337845889.0
2017,3,Salud,Dietas,85000000.0,78880000.0
2017,3,Salud,Gastos de representación,333630500.0,327425900.0
2017,3,Salud,Otros gastos del personal,7560941771.0,7559268984.0
2017,3,Salud,Personal contratado,96119273035.0,94486692025.0
2017,3,Salud,Remuneraciones temporales,4489175968.0,4448712382.0
2017,3,Salud,Sueldo básico,157262172200.0,151175353972.0
2017,3,Servicio civil del Ejecutivo,Bonificaciones y asignaciones,16187840991.0,16187840991.0
2017,3,Servicio civil del Ejecutivo,Gastos de representación,1176787694.0,1166851523.0
2017,3,Servicio civil del Ejecutivo,Otros gastos del personal,2280264247.0,2280264247.0
2017,3,Servicio civil del Ejecutivo,Personal contratado,36528294432.0,32899377518.0
2017,3,Servicio civil del Ejecutivo,Remuneraciones temporales,5254382803.0,5254382803.0
2017,3,Servicio civil del Ejecutivo,Servicio exterior,10122583402.0,10122583402.0
2017,3,Servicio civil del Ejecutivo,Sueldo básico,56033611504.0,55884381710.0
2017,4,Educación,Aguinaldo,1820638979.0,1546509948.0
2017,4,Educación,Bonificaciones y asignaciones,46360512491.0,45236755148.0
2017,4,Educación,Dietas,389434420.0,380323417.0
2017,4,Educación,Gastos de representación,3596182884.0,3520085804.0
2017,4,Educación,Otros gastos del personal,3233138507.0,3228156906.0
2017,4,Educación,Personal contratado,8175583361.0,8020644087.0
2017,4,Educación,Remuneraciones temporales,861648986.0,826245118.0
2017,4,Educación,Sueldo básico,356567464714.0,339329576523.0
2017,4,Empresas públicas,Aguinaldo,21604000.0,21604000.0
2017,4,Empresas públicas,Bonificaciones y asignaciones,34810890956.0,33356432983.0
2017,4,Empresas públicas,Dietas,11744600.0,11744600.0
2017,4,Empresas públicas,Gastos de representación,119834441.0,118856546.0
2017,4,Empresas públicas,Otros gastos del personal,367353688.0,355725624.0
2017,4,Empresas públicas,Personal contratado,5614954147.0,5339498677.0
2017,4,Empresas públicas,Remuneraciones temporales,5988096182.0,5402796242.0
2017,4,Empresas públicas,Sueldo básico,34892590400.0,31150479316.0
2017,4,Entes autónomos y autárquicos,Aguinaldo,0.0,0.0
2017,4,Entes autónomos y autárquicos,Bonificaciones y asignaciones,6388605270.0,5855527900.0
2017,4,Entes autónomos y autárquicos,Dietas,310416000.0,304176000.0
2017,4,Entes autónomos y autárquicos,Gastos de representación,531855975.0,482350033.0
2017,4,Entes autónomos y autárquicos,Otros gastos del personal,1994604993.0,1917824157.0
2017,4,Entes autónomos y autárquicos,Personal contratado,6297620254.0,6147566055.0
2017,4,Entes autónomos y autárquicos,Remuneraciones temporales,3036579353.0,2819952409.0
2017,4,Entes autónomos y autárquicos,Sueldo básico,36200182050.0,32140310563.0
2017,4,Fuerzas públicas,Bonificaciones y asignaciones,62398316396.0,62398316396.0
2017,4,Fuerzas públicas,Gastos de representación,603783128.0,603783128.0
2017,4,Fuerzas públicas,Otros gastos del personal,8091682706.0,8091682706.0
2017,4,Fuerzas públicas,Personal contratado,1123722117.0,1087964505.0
2017,4,Fuerzas públicas,Remuneraciones temporales,401345377.0,401345377.0
2017,4,Fuerzas públicas,Servicio exterior,532713238.0,532713238.0
2017,4,Fuerzas públicas,Sueldo básico,151700192529.0,151687331253.0
2017,4,Gobiernos departamentales,Bonificaciones y asignaciones,398689182.0,364627999.0
2017,4,Gobiernos departamentales,Dietas,1147330595.0,1092608945.0
2017,4,Gobiernos departamentales,Gastos de representación,220381955.0,207360243.0
2017,4,Gobiernos departamentales,Otros gastos del personal,112940450.0,111909394.0
2017,4,Gobiernos departamentales,Personal contratado,2743132473.0,2669276950.0
2017,4,Gobiernos departamentales,Remuneraciones temporales,40693830.0,35510935.0
2017,4,Gobiernos departamentales,Sueldo básico,3570127141.0,3193778649.0
2017,4,Municipalidades,Aguinaldo,29462915.0,27897915.0
2017,4,Municipalidades,Bonificaciones y asignaciones,1705523079.0,1665484017.0
2017,4,Municipalidades,Dietas,5503200810.0,4801989867.0
2017,4,Municipalidades,Gastos de representación,3864403116.0,3515456491.0
2017,4,Municipalidades,Otros gastos del personal,182762742.0,182745082.0
2017,4,Municipalidades,Personal contratado,25384072735.0,23706569876.0
2017,4,Municipalidades,Remuneraciones temporales,169388536.0,165840357.0
2017,4,Municipalidades,Sueldo básico,13104145454.0,10667491571.0
2017,4,Otros organismos,Bonificaciones y asignaciones,9822301116.0,8751995421.0
2017,4,Otros organismos,Dietas,283135488.0,232110732.0
2017,4,Otros organismos,Gastos de representación,616452181.0,578794984.0
2017,4,Otros organismos,Otros gastos del personal,1929121243.0,1897952037.0
2017,4,Otros organismos,Personal contratado,1933224256.0,1713026212.0
2017,4,Otros organismos,Remuneraciones temporales,776971555.0,747870114.0
2017,4,Otros organismos,Sueldo básico,29593275713.0,28332822994.0
2017,4,Poder Judicial,Bonificaciones y asignaciones,16887353015.0,16887353015.0
2017,4,Poder Judicial,Dietas,118427360.0,118427360.0
2017,4,Poder Judicial,Gastos de representación,6390541224.0,6387178724.0
2017,4,Poder Judicial,Otros gastos del personal,1465936876.0,1465936876.0
2017,4,Poder Judicial,Personal contratado,13875963472.0,13817076525.0
2017,4,Poder Judicial,Remuneraciones temporales,1391053582.0,1391053582.0
2017,4,Poder Judicial,Sueldo básico,101483216590.0,101184652487.0
2017,4,Poder Legislativo,Bonificaciones y asignaciones,2155854140.0,2155854140.0
2017,4,Poder Legislativo,Dietas,4233778120.0,4233778120.0
2017,4,Poder Legislativo,Gastos de representación,1225528815.0,1225528815.0
2017,4,Poder Legislativo,Personal contratado,4107072278.0,4106672278.0
2017,4,Poder Legislativo,Remuneraciones temporales,256240375.0,256240375.0
2017,4,Poder Legislativo,Sueldo básico,14487848555.0,14487848555.0
2017,4,SA del Estado,Bonificaciones y asignaciones,5692225743.0,5640196883.0
2017,4,SA del Estado,Dietas,248151002.0,248151002.0
2017,4,SA del Estado,Gastos de representación,168200000.0,168200000.0
2017,4,SA del Estado,Otros gastos del personal,9000000.0,9000000.0
2017,4,SA del Estado,Personal contratado,106202230.0,103289878.0
2017,4,SA del Estado,Remuneraciones temporales,667886873.0,624279926.0
2017,4,SA del Estado,Sueldo básico,25150844211.0,23208375754.0
2017,4,Salud,Bonificaciones y asignaciones,17854202540.0,17400953124.0
2017,4,Salud,Dietas,85000000.0,78880000.0
2017,4,Salud,Gastos de representación,333690500.0,329496500.0
2017,4,Salud,Otros gastos del personal,7587798467.0,7587021041.0
2017,4,Salud,Personal contratado,97319988727.0,96338512329.0
2017,4,Salud,Remuneraciones temporales,4295885104.0,4156469084.0
2017,4,Salud,Sueldo básico,156838133711.0,152552797868.0
2017,4,Servicio civil del Ejecutivo,Bonificaciones y asignaciones,11721603905.0,11721603905.0
2017,4,Servicio civil del Ejecutivo,Gastos de representación,1163976224.0,1163238444.0
2017,4,Servicio civil del Ejecutivo,Otros gastos del personal,2314414639.0,2314414639.0
2017,4,Servicio civil del Ejecutivo,Personal contratado,36793192509.0,31949141463.0
2017,4,Servicio civil del Ejecutivo,Remuneraciones temporales,4690909299.0,4690909299.0
2017,4,Servicio civil del Ejecutivo,Servicio exterior,10044132732.0,10044132732.0
2017,4,Servicio civil del Ejecutivo,Sueldo básico,55958686104.0,55891054793.0
2017,5,Educación,Aguinaldo,1807772413.0,1535772232.0
2017,5,Educación,Bonificaciones y asignaciones,44900082678.0,43881065768.0
2017,5,Educación,Dietas,461550630.0,454072772.0
2017,5,Educación,Gastos de representación,3605762684.0,3530842448.0
2017,5,Educación,Otros gastos del personal,2870418879.0,2869198057.0
2017,5,Educación,Personal contratado,8129754118.0,7906166095.0
2017,5,Educación,Remuneraciones temporales,1032316997.0,990131194.0
2017,5,Educación,Sueldo básico,356724692032.0,344659116320.0
2017,5,Empresas públicas,Aguinaldo,13785000.0,13785000.0
2017,5,Empresas públicas,Bonificaciones y asignaciones,30365716034.0,28891939317.0
2017,5,Empresas públicas,Dietas,11744600.0,11744600.0
2017,5,Empresas públicas,Gastos de representación,101784785.0,100806890.0
2017,5,Empresas públicas,Otros gastos del personal,358087378.0,346228329.0
2017,5,Empresas públicas,Personal contratado,5523958456.0,5253083141.0
2017,5,Empresas públicas,Remuneraciones temporales,6114013975.0,5571985461.0
2017,5,Empresas públicas,Sueldo básico,34790208805.0,31082192087.0
2017,5,Entes autónomos y autárquicos,Aguinaldo,0.0,0.0
2017,5,Entes autónomos y autárquicos,Bonificaciones y asignaciones,7185492795.0,6630103166.0
2017,5,Entes autónomos y autárquicos,Dietas,316522000.0,310282000.0
2017,5,Entes autónomos y autárquicos,Gastos de representación,530000613.0,483397585.0
2017,5,Entes autónomos y autárquicos,Otros gastos del personal,2152621241.0,2053918270.0
2017,5,Entes autónomos y autárquicos,Personal contratado,6333971269.0,6176677745.0
2017,5,Entes autónomos y autárquicos,Remuneraciones temporales,3058620318.0,2839797629.0
2017,5,Entes autónomos y autárquicos,Sueldo básico,36252108756.0,32175375610.0
2017,5,Fuerzas públicas,Bonificaciones y asignaciones,56623777334.0,56623777334.0
2017,5,Fuerzas públicas,Gastos de representación,604854028.0,604854028.0
2017,5,Fuerzas públicas,Otros gastos del personal,8095867062.0,8095867062.0
2017,5,Fuerzas públicas,Personal contratado,1145889682.0,1112532070.0
2017,5,Fuerzas públicas,Remuneraciones temporales,395294554.0,395294554.0
2017,5,Fuerzas públicas,Servicio exterior,536285255.0,536285255.0
2017,5,Fuerzas públicas,Sueldo básico,151245078125.0,151232216849.0
2017,5,Gobiernos departamentales,Bonificaciones y asignaciones,400489182.0,366427999.0
2017,5,Gobiernos departamentales,Dietas,1147330595.0,1092608945.0
2017,5,Gobiernos departamentales,Gastos de representación,220381955.0,207360243.0
2017,5,Gobiernos departamentales,Otros gastos del personal,113540200.0,112509144.0
2017,5,Gobiernos departamentales,Personal contratado,2775733854.0,2704141530.0
2017,5,Gobiernos departamentales,Remuneraciones temporales,40693830.0,35510935.0
2017,5,Gobiernos departamentales,Sueldo básico,3573061441.0,3196851217.0
2017,5,Municipalidades,Aguinaldo,35747501.0,34182501.0
2017,5,Municipalidades,Bonificaciones y asignaciones,1821365260.0,1744765864.0
2017,5,Municipalidades,Dietas,5540684287.0,4992324404.0
2017,5,Municipalidades,Gastos de representación,4049053516.0,3808591755.0
2017,5,Municipalidades,Otros gastos del personal,159723830.0,159706170.0
2017,5,Municipalidades,Personal contratado,26035013526.0,24527474976.0
2017,5,Municipalidades,Remuneraciones temporales,195210327.0,189222148.0
2017,5,Municipalidades,Sueldo básico,13296585204.0,10757836535.0
2017,5,Otros organismos,Bonificaciones y asignaciones,6073204875.0,5313403269.0
2017,5,Otros organismos,Dietas,283135488.0,255529074.0
2017,5,Otros organismos,Gastos de representación,608464779.0,578956675.0
2017,5,Otros organismos,Otros gastos del personal,1971821047.0,1941068647.0
2017,5,Otros organismos,Personal contratado,1651740153.0,1526703066.0
2017,5,Otros organismos,Remuneraciones temporales,891881266.0,864772417.0
2017,5,Otros organismos,Sueldo básico,29495578835.0,28243405823.0
2017,5,Poder Judicial,Bonificaciones y asignaciones,16661432660.0,16661432660.0
2017,5,Poder Judicial,Dietas,118427360.0,118427360.0
2017,5,Poder Judicial,Gastos de representación,6391832824.0,6381724491.0
2017,5,Poder Judicial,Otros gastos del personal,1470427423.0,1470427423.0
2017,5,Poder Judicial,Personal contratado,12848795666.0,12801500567.0
2017,5,Poder Judicial,Remuneraciones temporales,1417893776.0,1417893776.0
2017,5,Poder Judicial,Sueldo básico,101519723982.0,101199525342.0
2017,5,Poder Legislativo,Bonificaciones y asignaciones,1938900600.0,1938900600.0
2017,5,Poder Legislativo,Dietas,4233778120.0,4233778120.0
2017,5,Poder Legislativo,Gastos de representación,1225528815.0,1225528815.0
2017,5,Poder Legislativo,Personal contratado,4124652713.0,4118952713.0
2017,5,Poder Legislativo,Remuneraciones temporales,252189298.0,252189298.0
2017,5,Poder Legislativo,Sueldo básico,14511300755.0,14511300755.0
2017,5,SA del Estado,Aguinaldo,1637881.0,1637881.0
2017,5,SA del Estado,Bonificaciones y asignaciones,5733044420.0,5638859941.0
2017,5,SA del Estado,Dietas,247796335.0,247796335.0
2017,5,SA del Estado,Gastos de representación,167720000.0,167720000.0
2017,5,SA del Estado,Otros gastos del personal,9000000.0,9000000.0
2017,5,SA del Estado,Personal contratado,101603219.0,49343609.0
2017,5,SA del Estado,Remuneraciones temporales,742373365.0,707938366.0
2017,5,SA del Estado,Sueldo básico,23047313446.0,21317253807.0
2017,5,Salud,Bonificaciones y asignaciones,16826575179.0,16345121778.0
2017,5,Salud,Dietas,85000000.0,83470000.0
2017,5,Salud,Gastos de representación,331741600.0,325315600.0
2017,5,Salud,Otros gastos del personal,7662895248.0,7660426872.0
2017,5,Salud,Personal contratado,96034586047.0,94726800975.0
2017,5,Salud,Remuneraciones temporales,4578773416.0,4536702734.0
2017,5,Salud,Sueldo básico,156446301008.0,150174290677.0
2017,5,Servicio civil del Ejecutivo,Bonificaciones y asignaciones,11604003879.0,11604003879.0
2017,5,Servicio civil del Ejecutivo,Gastos de representación,1174618594.0,1169408054.0
2017,5,Servicio civil del Ejecutivo,Otros gastos del personal,2338890313.0,2338890313.0
2017,5,Servicio civil del Ejecutivo,Personal contratado,36933721254.0,32655107989.0
2017,5,Servicio civil del Ejecutivo,Remuneraciones temporales,5199538836.0,5199538836.0
2017,5,Servicio civil del Ejecutivo,Servicio exterior,10233546429.0,10233546429.0
2017,5,Servicio civil del Ejecutivo,Sueldo básico,55988285404.0,55926325814.0
2017,6,Educación,Aguinaldo,1807772413.0,1535772232.0
2017,6,Educación,Bonificaciones y asignaciones,47195151441.0,46156450145.0
2017,6,Educación,Dietas,443597816.0,433811409.0
2017,6,Educación,Gastos de representación,3599306684.0,3523824624.0
2017,6,Educación,Otros gastos del personal,10028355251.0,3110900267.0
2017,6,Educación,Personal contratado,8270372379.0,7967773156.0
2017,6,Educación,Remuneraciones temporales,1091428003.0,1045389487.0
2017,6,Educación,Sueldo básico,358515727311.0,346318114424.0
2017,6,Empresas públicas,Aguinaldo,7819000.0,7819000.0
2017,6,Empresas públicas,Bonificaciones y asignaciones,32647231972.0,31188977513.0
2017,6,Empresas públicas,Dietas,11744600.0,11744600.0
2017,6,Empresas públicas,Gastos de representación,114817851.0,113839956.0
2017,6,Empresas públicas,Otros gastos del personal,394265493.0,379398475.0
2017,6,Empresas públicas,Personal contratado,5672849420.0,5388104955.0
2017,6,Empresas públicas,Remuneraciones temporales,5934689762.0,5334623724.0
2017,6,Empresas públicas,Sueldo básico,34321085178.0,30535461242.0
2017,6,Entes autónomos y autárquicos,Aguinaldo,0.0,0.0
2017,6,Entes autónomos y autárquicos,Bonificaciones y asignaciones,6051777780.0,5494476164.0
2017,6,Entes autónomos y autárquicos,Dietas,331360700.0,325120700.0
2017,6,Entes autónomos y autárquicos,Gastos de representación,522005775.0,476053677.0
2017,6,Entes autónomos y autárquicos,Otros gastos del personal,2022073189.0,1940034367.0
2017,6,Entes autónomos y autárquicos,Personal contratado,6501792808.0,6345109946.0
2017,6,Entes autónomos y autárquicos,Remuneraciones temporales,3118524415.0,2899805950.0
2017,6,Entes autónomos y autárquicos,Sueldo básico,36352349520.0,32104390018.0
2017,6,Fuerzas públicas,Bonificaciones y asignaciones,60499408313.0,60499408313.0
2017,6,Fuerzas públicas,Gastos de representación,600434528.0,600434528.0
2017,6,Fuerzas públicas,Otros gastos del personal,10732218743.0,10732218743.0
2017,6,Fuerzas públicas,Personal contratado,1112031823.0,1078074211.0
2017,6,Fuerzas públicas,Remuneraciones temporales,370363288.0,370363288.0
2017,6,Fuerzas públicas,Servicio exterior,537154124.0,537154124.0
2017,6,Fuerzas públicas,Sueldo básico,257196906845.0,257186581287.0
2017,6,Gobiernos departamentales,Bonificaciones y asignaciones,442375967.0,408314784.0
2017,6,Gobiernos departamentales,Dietas,1264070115.0,1207524410.0
2017,6,Gobiernos departamentales,Gastos de representación,239189555.0,225930243.0
2017,6,Gobiernos departamentales,Otros gastos del personal,112940700.0,111909644.0
2017,6,Gobiernos departamentales,Personal contratado,2813875414.0,2742663090.0
2017,6,Gobiernos departamentales,Remuneraciones temporales,40681377.0,35498482.0
2017,6,Gobiernos departamentales,Sueldo básico,3756101822.0,3397009746.0
2017,6,Municipalidades,Aguinaldo,679883512.0,676992123.0
2017,6,Municipalidades,Bonificaciones y asignaciones,1700838343.0,1668707930.0
2017,6,Municipalidades,Dietas,5728990192.0,5053167094.0
2017,6,Municipalidades,Gastos de representación,4146026026.0,3821528507.0
2017,6,Municipalidades,Otros gastos del personal,213686626.0,213668966.0
2017,6,Municipalidades,Personal contratado,25626533337.0,24059746287.0
2017,6,Municipalidades,Remuneraciones temporales,143526935.0,133838756.0
2017,6,Municipalidades,Sueldo básico,14246102596.0,11768216542.0
2017,6,Otros organismos,Bonificaciones y asignaciones,9314527985.0,8533524282.0
2017,6,Otros organismos,Dietas,252908821.0,228629440.0
2017,6,Otros organismos,Gastos de representación,606714977.0,579861347.0
2017,6,Otros organismos,Otros gastos del personal,1941277005.0,1912793263.0
2017,6,Otros organismos,Personal contratado,1959750278.0,1791923593.0
2017,6,Otros organismos,Remuneraciones temporales,1021961258.0,998260134.0
2017,6,Otros organismos,Sueldo básico,29470349436.0,28190622311.0
2017,6,Poder Judicial,Bonificaciones y asignaciones,15498868502.0,15498868502.0
2017,6,Poder Judicial,Dietas,118427360.0,118427360.0
2017,6,Poder Judicial,Gastos de representación,6390166224.0,6387507891.0
2017,6,Poder Judicial,Otros gastos del personal,1444725448.0,1444725448.0
2017,6,Poder Judicial,Personal contratado,13002048265.0,12894630665.0
2017,6,Poder Judicial,Remuneraciones temporales,1539911709.0,1539911709.0
2017,6,Poder Judicial,Sueldo básico,102624336863.0,102328957372.0
2017,6,Poder Legislativo,Bonificaciones y asignaciones,1980441570.0,1980441570.0
2017,6,Poder Legislativo,Dietas,4204171280.0,4204171280.0
2017,6,Poder Legislativo,Gastos de representación,1221600915.0,1221600915.0
2017,6,Poder Legislativo,Personal contratado,4175973805.0,4175973805.0
2017,6,Poder Legislativo,Remuneraciones temporales,118396763.0,118396763.0
2017,6,Poder Legislativo,Sueldo básico,14533110455.0,14533110455.0
2017,6,SA del Estado,Bonificaciones y asignaciones,6169347200.0,6060898332.0
2017,6,SA del Estado,Dietas,247796335.0,247796335.0
2017,6,SA del Estado,Gastos de representación,163720000.0,163720000.0
2017,6,SA del Estado,Otros gastos del personal,9000000.0,9000000.0
2017,6,SA del Estado,Personal contratado,99268584.0,96921978.0
2017,6,SA del Estado,Remuneraciones temporales,1028147371.0,963608262.0
2017,6,SA del Estado,Sueldo básico,22882719929.0,21148542136.0
2017,6,Salud,Bonificaciones y asignaciones,16761515299.0,16226272140.0
2017,6,Salud,Dietas,85000000.0,78880000.0
2017,6,Salud,Gastos de representación,333690500.0,328461500.0
2017,6,Salud,Otros gastos del personal,7579745192.0,7578972289.0
2017,6,Salud,Personal contratado,96825920819.0,95832186695.0
2017,6,Salud,Remuneraciones temporales,4777296949.0,4585354161.0
2017,6,Salud,Sueldo básico,156105485827.0,151323254423.0
2017,6,Servicio civil del Ejecutivo,Bonificaciones y asignaciones,11760999272.0,11760999272.0
2017,6,Servicio civil del Ejecutivo,Gastos de representación,1169010894.0,1163058497.0
2017,6,Servicio civil del Ejecutivo,Otros gastos del personal,2311683484.0,2311683484.0
2017,6,Servicio civil del Ejecutivo,Personal contratado,37825678212.0,32836465360.0
2017,6,Servicio civil del Ejecutivo,Remuneraciones temporales,5374479893.0,5374479893.0
2017,6,Servicio civil del Ejecutivo,Servicio exterior,10051543503.0,10051543503.0
2017,6,Servicio civil del Ejecutivo,Sueldo básico,56329465657.0,56262861657.0
2017,7,Educación,Aguinaldo,1812030113.0,1537901082.0
2017,7,Educación,Bonificaciones y asignaciones,46883605744.0,45852576730.0
2017,7,Educación,Dietas,439383291.0,426706158.0
2017,7,Educación,Gastos de representación,3578131584.0,3502649524.0
2017,7,Educación,Otros gastos del personal,3418822126.0,3397257631.0
2017,7,Educación,Personal contratado,9226585808.0,8961934477.0
2017,7,Educación,Remuneraciones temporales,919610483.0,879562265.0
2017,7,Educación,Sueldo básico,362709653648.0,350484125573.0
2017,7,Empresas públicas,Aguinaldo,7819000.0,7819000.0
2017,7,Empresas públicas,Bonificaciones y asignaciones,31573504048.0,30105388878.0
2017,7,Empresas públicas,Dietas,11744600.0,11744600.0
2017,7,Empresas públicas,Gastos de representación,114817851.0,113839956.0
2017,7,Empresas públicas,Otros gastos del personal,355647514.0,344215884.0
2017,7,Empresas públicas,Personal contratado,5990623100.0,5722615879.0
2017,7,Empresas públicas,Remuneraciones temporales,5463507063.0,4934245652.0
2017,7,Empresas públicas,Sueldo básico,33740185771.0,29985548472.0
2017,7,Entes autónomos y autárquicos,Aguinaldo,0.0,0.0
2017,7,Entes autónomos y autárquicos,Bonificaciones y asignaciones,6637028131.0,6057508269.0
2017,7,Entes autónomos y autárquicos,Dietas,331360700.0,325120700.0
2017,7,Entes autónomos y autárquicos,Gastos de representación,1222125690.0,1172703720.0
2017,7,Entes autónomos y autárquicos,Otros gastos del personal,2191484014.0,2101289774.0
2017,7,Entes autónomos y autárquicos,Personal contratado,6279472751.0,6117103506.0
2017,7,Entes autónomos y autárquicos,Remuneraciones temporales,3127712924.0,2893014228.0
2017,7,Entes autónomos y autárquicos,Sueldo básico,36208232463.0,31987987762.0
2017,7,Fuerzas públicas,Bonificaciones y asignaciones,59325193462.0,59325193462.0
2017,7,Fuerzas públicas,Gastos de representación,599130028.0,599130028.0
2017,7,Fuerzas públicas,Otros gastos del personal,8137850249.0,8137850249.0
2017,7,Fuerzas públicas,Personal contratado,1100929849.0,1068022237.0
2017,7,Fuerzas públicas,Remuneraciones temporales,362780082.0,362780082.0
2017,7,Fuerzas públicas,Servicio exterior,499637509.0,499637509.0
2017,7,Fuerzas públicas,Sueldo básico,168880337615.0,168863080693.0
2017,7,Gobiernos departamentales,Bonificaciones y asignaciones,412402659.0,372402216.0
2017,7,Gobiernos departamentales,Dietas,1242321907.0,1178339530.0
2017,7,Gobiernos departamentales,Gastos de representación,234637955.0,220428243.0
2017,7,Gobiernos departamentales,Otros gastos del personal,128740700.0,127209644.0
2017,7,Gobiernos departamentales,Personal contratado,3020419650.0,2941115817.0
2017,7,Gobiernos departamentales,Remuneraciones temporales,41788058.0,37741520.0
2017,7,Gobiernos departamentales,Sueldo básico,3852177311.0,3445828880.0
2017,7,Municipalidades,Aguinaldo,66224133.0,63547598.0
2017,7,Municipalidades,Bonificaciones y asignaciones,1631218390.0,1579637484.0
2017,7,Municipalidades,Dietas,5697387185.0,5020595589.0
2017,7,Municipalidades,Gastos de representación,4141333526.0,3805359031.0
2017,7,Municipalidades,Otros gastos del personal,212749136.0,212649424.0
2017,7,Municipalidades,Personal contratado,26229306208.0,24813557417.0
2017,7,Municipalidades,Remuneraciones temporales,231555087.0,222455246.0
2017,7,Municipalidades,Sueldo básico,14245701037.0,11406027312.0
2017,7,Otros organismos,Aguinaldo,2120917.0,2120917.0
2017,7,Otros organismos,Bonificaciones y asignaciones,6361938490.0,5566119601.0
2017,7,Otros organismos,Dietas,256135488.0,231503287.0
2017,7,Otros organismos,Gastos de representación,609211041.0,582227775.0
2017,7,Otros organismos,Otros gastos del personal,1945704030.0,1917229220.0
2017,7,Otros organismos,Personal contratado,1787683033.0,1658443492.0
2017,7,Otros organismos,Remuneraciones temporales,799403102.0,775649725.0
2017,7,Otros organismos,Sueldo básico,29354607966.0,28074766905.0
2017,7,Poder Judicial,Bonificaciones y asignaciones,16500848872.0,16500848872.0
2017,7,Poder Judicial,Dietas,118427360.0,118427360.0
2017,7,Poder Judicial,Gastos de representación,6409416224.0,6388857890.0
2017,7,Poder Judicial,Otros gastos del personal,1429332246.0,1429332246.0
2017,7,Poder Judicial,Personal contratado,12454805496.0,12330022274.0
2017,7,Poder Judicial,Remuneraciones temporales,1504931573.0,1504931573.0
2017,7,Poder Judicial,Sueldo básico,101832995877.0,101562127930.0
2017,7,Poder Legislativo,Bonificaciones y asignaciones,1866174417.0,1866174417.0
2017,7,Poder Legislativo,Dietas,4233778120.0,4233778120.0
2017,7,Poder Legislativo,Gastos de representación,1218350528.0,1214934598.0
2017,7,Poder Legislativo,Otros gastos del personal,1702090.0,1702090.0
2017,7,Poder Legislativo,Personal contratado,4175922802.0,4175922802.0
2017,7,Poder Legislativo,Remuneraciones temporales,204669774.0,204669774.0
2017,7,Poder Legislativo,Sueldo básico,14535220507.0,14535220507.0
2017,7,SA del Estado,Bonificaciones y asignaciones,5821900212.0,5685521609.0
2017,7,SA del Estado,Dietas,247796335.0,247796335.0
2017,7,SA del Estado,Gastos de representación,164800000.0,164800000.0
2017,7,SA del Estado,Otros gastos del personal,9000000.0,9000000.0
2017,7,SA del Estado,Personal contratado,86479241.0,86479241.0
2017,7,SA del Estado,Remuneraciones temporales,974301578.0,918461805.0
2017,7,SA del Estado,Sueldo básico,22915249241.0,21181149326.0
2017,7,Salud,Bonificaciones y asignaciones,16763578601.0,16280527410.0
2017,7,Salud,Dietas,85000000.0,77350000.0
2017,7,Salud,Gastos de representación,333690500.0,326994500.0
2017,7,Salud,Otros gastos del personal,7580411150.0,7577288187.0
2017,7,Salud,Personal contratado,95971728371.0,94720159956.0
2017,7,Salud,Remuneraciones temporales,4805073169.0,4761982935.0
2017,7,Salud,Sueldo básico,155907923718.0,149747813359.0
2017,7,Servicio civil del Ejecutivo,Bonificaciones y asignaciones,11728124412.0,11728124412.0
2017,7,Servicio civil del Ejecutivo,Gastos de representación,1171841394.0,1167461354.0
2017,7,Servicio civil del Ejecutivo,Otros gastos del personal,2309413777.0,2309413777.0
2017,7,Servicio civil del Ejecutivo,Personal contratado,37188467609.0,32481713613.0
2017,7,Servicio civil del Ejecutivo,Remuneraciones temporales,5324175998.0,5324175998.0
2017,7,Servicio civil del Ejecutivo,Servicio exterior,10133343880.0,10133343880.0
2017,7,Servicio civil del Ejecutivo,Sueldo básico,56082950578.0,56024638841.0
2017,8,Educación,Bonificaciones y asignaciones,46950434819.0,45894553386.0
2017,8,Educación,Dietas,455997001.0,439041755.0
2017,8,Educación,Gastos de representación,3597877984.0,3525618804.0
2017,8,Educación,Otros gastos del personal,3467880375.0,3455505353.0
2017,8,Educación,Personal contratado,8594438739.0,8311511661.0
2017,8,Educación,Remuneraciones temporales,1088574782.0,1048478015.0
2017,8,Educación,Sueldo básico,365137533540.0,353145426403.0
2017,8,Empresas públicas,Aguinaldo,7819000.0,7819000.0
2017,8,Empresas públicas,Bonificaciones y asignaciones,25593153977.0,24139293810.0
2017,8,Empresas públicas,Dietas,11744600.0,11744600.0
2017,8,Empresas públicas,Gastos de representación,116217851.0,115239956.0
2017,8,Empresas públicas,Otros gastos del personal,351761154.0,340390747.0
2017,8,Empresas públicas,Personal contratado,6055719871.0,5773439107.0
2017,8,Empresas públicas,Remuneraciones temporales,5570603055.0,5019033114.0
2017,8,Empresas públicas,Sueldo básico,33663816943.0,29909306693.0
2017,8,Entes autónomos y autárquicos,Aguinaldo,0.0,0.0
2017,8,Entes autónomos y autárquicos,Bonificaciones y asignaciones,6537635340.0,5954679258.0
2017,8,Entes autónomos y autárquicos,Dietas,329834200.0,323594200.0
2017,8,Entes autónomos y autárquicos,Gastos de representación,529829685.0,477408287.0
2017,8,Entes autónomos y autárquicos,Otros gastos del personal,2020574809.0,1926770921.0
2017,8,Entes autónomos y autárquicos,Personal contratado,6414933080.0,6167655227.0
2017,8,Entes autónomos y autárquicos,Remuneraciones temporales,3175826829.0,2940360393.0
2017,8,Entes autónomos y autárquicos,Sueldo básico,36226718873.0,32007988064.0
2017,8,Fuerzas públicas,Bonificaciones y asignaciones,59330382693.0,59330382693.0
2017,8,Fuerzas públicas,Gastos de representación,596993579.0,596993579.0
2017,8,Fuerzas públicas,Otros gastos del personal,10192567395.0,10192567395.0
2017,8,Fuerzas públicas,Personal contratado,1105147628.0,1073740016.0
2017,8,Fuerzas públicas,Remuneraciones temporales,391402449.0,391402449.0
2017,8,Fuerzas públicas,Servicio exterior,597211059.0,597211059.0
2017,8,Fuerzas públicas,Sueldo básico,168684719075.0,168668511937.0
2017,8,Gobiernos departamentales,Bonificaciones y asignaciones,394907839.0,362130326.0
2017,8,Gobiernos departamentales,Dietas,1147471047.0,1094433000.0
2017,8,Gobiernos departamentales,Gastos de representación,220080455.0,207344583.0
2017,8,Gobiernos departamentales,Otros gastos del personal,115194502.0,113698838.0
2017,8,Gobiernos departamentales,Personal contratado,2797754301.0,2717550304.0
2017,8,Gobiernos departamentales,Remuneraciones temporales,39911365.0,35864827.0
2017,8,Gobiernos departamentales,Sueldo básico,3577329810.0,3207508994.0
2017,8,Municipalidades,Aguinaldo,31260333.0,29345333.0
2017,8,Municipalidades,Bonificaciones y asignaciones,1669717092.0,1635869696.0
2017,8,Municipalidades,Dietas,5663155601.0,4899928535.0
2017,8,Municipalidades,Gastos de representación,4112092526.0,3705182524.0
2017,8,Municipalidades,Otros gastos del personal,230162750.0,230145090.0
2017,8,Municipalidades,Personal contratado,25974807224.0,24534243535.0
2017,8,Municipalidades,Remuneraciones temporales,233953400.0,224765290.0
2017,8,Municipalidades,Sueldo básico,13447771012.0,10856036009.0
2017,8,Otros organismos,Aguinaldo,12826026.0,12826026.0
2017,8,Otros organismos,Bonificaciones y asignaciones,9582013641.0,8800347126.0
2017,8,Otros organismos,Dietas,256135488.0,231505410.0
2017,8,Otros organismos,Gastos de representación,615106746.0,588669884.0
2017,8,Otros organismos,Otros gastos del personal,1955306843.0,1925832496.0
2017,8,Otros organismos,Personal contratado,2114874925.0,1977971350.0
2017,8,Otros organismos,Remuneraciones temporales,586646634.0,563747294.0
2017,8,Otros organismos,Sueldo básico,29249035095.0,27975770083.0
2017,8,Poder Judicial,Bonificaciones y asignaciones,12363615364.0,12363615364.0
2017,8,Poder Judicial,Dietas,118427360.0,118427360.0
2017,8,Poder Judicial,Gastos de representación,6527229220.0,6464483387.0
2017,8,Poder Judicial,Otros gastos del personal,1473299481.0,1473299481.0
2017,8,Poder Judicial,Personal contratado,12102011682.0,11954214659.0
2017,8,Poder Judicial,Remuneraciones temporales,1489264122.0,1489264122.0
2017,8,Poder Judicial,Sueldo básico,102483226994.0,102015423393.0
2017,8,Poder Legislativo,Bonificaciones y asignaciones,1972267557.0,1972267557.0
2017,8,Poder Legislativo,Dietas,4233778120.0,4233778120.0
2017,8,Poder Legislativo,Gastos de representación,1219123928.0,1216159130.0
2017,8,Poder Legislativo,Personal contratado,4310042807.0,4307542807.0
2017,8,Poder Legislativo,Remuneraciones temporales,219768034.0,219768034.0
2017,8,Poder Legislativo,Sueldo básico,14581498607.0,14581498607.0
2017,8,SA del Estado,Aguinaldo,1856261155.0,1856261155.0
2017,8,SA del Estado,Bonificaciones y asignaciones,5732542347.0,5716650773.0
2017,8,SA del Estado,Dietas,365803535.0,269503735.0
2017,8,SA del Estado,Gastos de representación,164040000.0,164040000.0
2017,8,SA del Estado,Otros gastos del personal,9000000.0,9000000.0
2017,8,SA del Estado,Personal contratado,87571009.0,87323105.0
2017,8,SA del Estado,Remuneraciones temporales,892311806.0,866965644.0
2017,8,SA del Estado,Sueldo básico,22823858399.0,21107997286.0
2017,8,Salud,Bonificaciones y asignaciones,17043404220.0,16547981924.0
2017,8,Salud,Dietas,85000000.0,77350000.0
2017,8,Salud,Gastos de representación,333690500.0,326994500.0
2017,8,Salud,Otros gastos del personal,7583572850.0,7581553378.0
2017,8,Salud,Personal contratado,97189656388.0,95879185067.0
2017,8,Salud,Remuneraciones temporales,4888132334.0,4838751853.0
2017,8,Salud,Sueldo básico,155655625227.0,149594418655.0
2017,8,Servicio civil del Ejecutivo,Bonificaciones y asignaciones,11771670274.0,11771670274.0
2017,8,Servicio civil del Ejecutivo,Gastos de representación,1173143594.0,1169458151.0
2017,8,Servicio civil del Ejecutivo,Otros gastos del personal,2413501732.0,2413501732.0
2017,8,Servicio civil del Ejecutivo,Personal contratado,37766378233.0,32692268544.0
2017,8,Servicio civil del Ejecutivo,Remuneraciones temporales,5656387246.0,5656387246.0
2017,8,Servicio civil del Ejecutivo,Servicio exterior,10254054511.0,10254054511.0
2017,8,Servicio civil del Ejecutivo,Sueldo básico,56058132064.0,55986084335.0
2017,9,Educación,Bonificaciones y asignaciones,46593050737.0,45562110601.0
2017,9,Educación,Dietas,446102141.0,428897545.0
2017,9,Educación,Gastos de representación,3595210084.0,3521103240.0
2017,9,Educación,Otros gastos del personal,3203519739.0,3197925781.0
2017,9,Educación,Personal contratado,8321499169.0,8214170672.0
2017,9,Educación,Remuneraciones temporales,1003994344.0,969212182.0
2017,9,Educación,Sueldo básico,363344955511.0,351380576245.0
2017,9,Empresas públicas,Aguinaldo,7819000.0,7819000.0
2017,9,Empresas públicas,Bonificaciones y asignaciones,24253242726.0,22712269505.0
2017,9,Empresas públicas,Dietas,11744600.0,11744600.0
2017,9,Empresas públicas,Gastos de representación,112817851.0,111839956.0
2017,9,Empresas públicas,Otros gastos del personal,4536994535.0,4525649602.0
2017,9,Empresas públicas,Personal contratado,6193280928.0,5917281654.0
2017,9,Empresas públicas,Remuneraciones temporales,5701313338.0,5137421863.0
2017,9,Empresas públicas,Sueldo básico,33568626266.0,29570694718.0
2017,9,Entes autónomos y autárquicos,Aguinaldo,0.0,0.0
2017,9,Entes autónomos y autárquicos,Bonificaciones y asignaciones,7527272917.0,6938571483.0
2017,9,Entes autónomos y autárquicos,Dietas,329834200.0,323594200.0
2017,9,Entes autónomos y autárquicos,Gastos de representación,485827885.0,436221355.0
2017,9,Entes autónomos y autárquicos,Otros gastos del personal,2013053811.0,1920238024.0
2017,9,Entes autónomos y autárquicos,Personal contratado,6434174536.0,6261423177.0
2017,9,Entes autónomos y autárquicos,Remuneraciones temporales,3359489372.0,3116476685.0
2017,9,Entes autónomos y autárquicos,Sueldo básico,36264120749.0,32034732508.0
2017,9,Fuerzas públicas,Bonificaciones y asignaciones,59417780113.0,59417780113.0
2017,9,Fuerzas públicas,Gastos de representación,601962728.0,600663461.0
2017,9,Fuerzas públicas,Otros gastos del personal,7730859854.0,7730859854.0
2017,9,Fuerzas públicas,Personal contratado,1105444483.0,1069836226.0
2017,9,Fuerzas públicas,Remuneraciones temporales,437469365.0,437469365.0
2017,9,Fuerzas públicas,Servicio exterior,606436881.0,606436881.0
2017,9,Fuerzas públicas,Sueldo básico,171280726595.0,171266166380.0
2017,9,Gobiernos departamentales,Bonificaciones y asignaciones,408193566.0,360983289.0
2017,9,Gobiernos departamentales,Dietas,1154767267.0,1094433000.0
2017,9,Gobiernos departamentales,Gastos de representación,221030855.0,207344583.0
2017,9,Gobiernos departamentales,Otros gastos del personal,117300802.0,115269463.0
2017,9,Gobiernos departamentales,Personal contratado,2797251942.0,2717071108.0
2017,9,Gobiernos departamentales,Remuneraciones temporales,41788058.0,36868360.0
2017,9,Gobiernos departamentales,Sueldo básico,3572736612.0,3201369807.0
2017,9,Municipalidades,Aguinaldo,31402500.0,29487500.0
2017,9,Municipalidades,Bonificaciones y asignaciones,1594922081.0,1568489071.0
2017,9,Municipalidades,Dietas,5682454670.0,5042815898.0
2017,9,Municipalidades,Gastos de representación,4144433995.0,3799435408.0
2017,9,Municipalidades,Otros gastos del personal,168438724.0,167682596.0
2017,9,Municipalidades,Personal contratado,26024261531.0,24398934023.0
2017,9,Municipalidades,Remuneraciones temporales,184600750.0,175246744.0
2017,9,Municipalidades,Sueldo básico,13432244159.0,10829989014.0
2017,9,Otros organismos,Aguinaldo,2456300.0,2456300.0
2017,9,Otros organismos,Bonificaciones y asignaciones,6199563324.0,5440202454.0
2017,9,Otros organismos,Dietas,256135488.0,231507545.0
2017,9,Otros organismos,Gastos de representación,613410160.0,585515431.0
2017,9,Otros organismos,Otros gastos del personal,1942813732.0,1913911111.0
2017,9,Otros organismos,Personal contratado,1829955855.0,1695246303.0
2017,9,Otros organismos,Remuneraciones temporales,529716765.0,502289647.0
2017,9,Otros organismos,Sueldo básico,29174741909.0,27897129899.0
2017,9,Poder Judicial,Bonificaciones y asignaciones,9465323189.0,9465323189.0
2017,9,Poder Judicial,Dietas,118427360.0,118427360.0
2017,9,Poder Judicial,Gastos de representación,6531205420.0,6519642920.0
2017,9,Poder Judicial,Otros gastos del personal,1446691585.0,1446691585.0
2017,9,Poder Judicial,Personal contratado,12490174828.0,12351375493.0
2017,9,Poder Judicial,Remuneraciones temporales,1595851395.0,1595851395.0
2017,9,Poder Judicial,Sueldo básico,102839168736.0,102538430718.0
2017,9,Poder Legislativo,Bonificaciones y asignaciones,2020416160.0,2020416160.0
2017,9,Poder Legislativo,Dietas,4233778120.0,4233778120.0
2017,9,Poder Legislativo,Gastos de representación,1215906328.0,1215906328.0
2017,9,Poder Legislativo,Personal contratado,4192501061.0,4186201061.0
2017,9,Poder Legislativo,Remuneraciones temporales,250725723.0,250725723.0
2017,9,Poder Legislativo,Sueldo básico,14539098607.0,14539098607.0
2017,9,SA del Estado,Aguinaldo,344325816.0,344325816.0
2017,9,SA del Estado,Bonificaciones y asignaciones,5885443273.0,5808729100.0
2017,9,SA del Estado,Dietas,233880388.0,233880388.0
2017,9,SA del Estado,Gastos de representación,156933333.0,156933333.0
2017,9,SA del Estado,Otros gastos del personal,9000000.0,9000000.0
2017,9,SA del Estado,Personal contratado,89322702.0,89084501.0
2017,9,SA del Estado,Remuneraciones temporales,959797515.0,924721424.0
2017,9,SA del Estado,Sueldo básico,22764053885.0,21046176486.0
2017,9,Salud,Bonificaciones y asignaciones,17034127288.0,16426940615.0
2017,9,Salud,Dietas,85000000.0,77350000.0
2017,9,Salud,Gastos de representación,332310500.0,325644755.0
2017,9,Salud,Otros gastos del personal,7658345747.0,7652154543.0
2017,9,Salud,Personal contratado,97417704956.0,95982117749.0
2017,9,Salud,Remuneraciones temporales,4942390773.0,4696392811.0
2017,9,Salud,Sueldo básico,155259752644.0,149045936346.0
2017,9,Servicio civil del Ejecutivo,Bonificaciones y asignaciones,11908714255.0,11908714255.0
2017,9,Servicio civil del Ejecutivo,Gastos de representación,1170968594.0,1164882426.0
2017,9,Servicio civil del Ejecutivo,Otros gastos del personal,2526114029.0,2526114029.0
2017,9,Servicio civil del Ejecutivo,Personal contratado,37337138748.0,32301624741.0
2017,9,Servicio civil del Ejecutivo,Remuneraciones temporales,5410688946.0,5410688946.0
2017,9,Servicio civil del Ejecutivo,Servicio exterior,10333642755.0,10333642755.0
2017,9,Servicio civil del Ejecutivo,Sueldo básico,56389869964.0,56341183525.0
2017,10,Educación,Bonificaciones y asignaciones,46545839308.0,45507710445.0
2017,10,Educación,Dietas,472113236.0,457514090.0
2017,10,Educación,Gastos de representación,3607327984.0,3532218628.0
2017,10,Educación,Otros gastos del personal,4826385379.0,4811933198.0
2017,10,Educación,Personal contratado,8935427694.0,8612680789.0
2017,10,Educación,Remuneraciones temporales,1084608860.0,1041768954.0
2017,10,Educación,Sueldo básico,365328688609.0,353076177928.0
2017,10,Empresas públicas,Aguinaldo,7819000.0,7819000.0
2017,10,Empresas públicas,Bonificaciones y asignaciones,23779079135.0,22264749799.0
2017,10,Empresas públicas,Dietas,11744600.0,11744600.0
2017,10,Empresas públicas,Gastos de representación,113495200.0,112517305.0
2017,10,Empresas públicas,Otros gastos del personal,409787276.0,399634728.0
2017,10,Empresas públicas,Personal contratado,6046138247.0,5753073933.0
2017,10,Empresas públicas,Remuneraciones temporales,5735904112.0,5188524937.0
2017,10,Empresas públicas,Sueldo básico,34282824807.0,30575095212.0
2017,10,Entes autónomos y autárquicos,Aguinaldo,0.0,0.0
2017,10,Entes autónomos y autárquicos,Bonificaciones y asignaciones,6448075033.0,5840525167.0
2017,10,Entes autónomos y autárquicos,Dietas,326909113.0,320669113.0
2017,10,Entes autónomos y autárquicos,Gastos de representación,498979398.0,447248388.0
2017,10,Entes autónomos y autárquicos,Otros gastos del personal,2049045603.0,1951993632.0
2017,10,Entes autónomos y autárquicos,Personal contratado,6587511960.0,6354869738.0
2017,10,Entes autónomos y autárquicos,Remuneraciones temporales,3377648491.0,3078040037.0
2017,10,Entes autónomos y autárquicos,Sueldo básico,36545390347.0,32282558129.0
2017,10,Fuerzas públicas,Bonificaciones y asignaciones,61408312795.0,61408312795.0
2017,10,Fuerzas públicas,Gastos de representación,593110928.0,593110928.0
2017,10,Fuerzas públicas,Otros gastos del personal,7905534602.0,7905534602.0
2017,10,Fuerzas públicas,Personal contratado,1106992298.0,1067288550.0
2017,10,Fuerzas públicas,Remuneraciones temporales,502662133.0,502662133.0
2017,10,Fuerzas públicas,Servicio exterior,577252941.0,577252941.0
2017,10,Fuerzas públicas,Sueldo básico,169128789957.0,169117692860.0
2017,10,Gobiernos departamentales,Bonificaciones y asignaciones,394315776.0,347105499.0
2017,10,Gobiernos departamentales,Dietas,1067212627.0,1007018812.0
2017,10,Gobiernos departamentales,Gastos de representación,206774855.0,193088583.0
2017,10,Gobiernos departamentales,Otros gastos del personal,106701052.0,104669713.0
2017,10,Gobiernos departamentales,Personal contratado,2715221745.0,2645040911.0
2017,10,Gobiernos departamentales,Remuneraciones temporales,37184330.0,32264633.0
2017,10,Gobiernos departamentales,Sueldo básico,3367530794.0,3001272493.0
2017,10,Municipalidades,Aguinaldo,34315114.0,31547883.0
2017,10,Municipalidades,Bonificaciones y asignaciones,1773994623.0,1743558323.0
2017,10,Municipalidades,Dietas,5484821907.0,5011002184.0
2017,10,Municipalidades,Gastos de representación,4000387616.0,3758360270.0
2017,10,Municipalidades,Otros gastos del personal,143391673.0,142717597.0
2017,10,Municipalidades,Personal contratado,26548433850.0,24976204762.0
2017,10,Municipalidades,Remuneraciones temporales,191963546.0,182937144.0
2017,10,Municipalidades,Sueldo básico,13338063439.0,10696427170.0
2017,10,Otros organismos,Bonificaciones y asignaciones,9242504638.0,8473068666.0
2017,10,Otros organismos,Dietas,256135488.0,231509692.0
2017,10,Otros organismos,Gastos de representación,632635980.0,605320385.0
2017,10,Otros organismos,Otros gastos del personal,391023428.0,362033208.0
2017,10,Otros organismos,Personal contratado,2092797461.0,1923862159.0
2017,10,Otros organismos,Remuneraciones temporales,461593618.0,453824911.0
2017,10,Otros organismos,Sueldo básico,30710056632.0,29452249799.0
2017,10,Poder Judicial,Bonificaciones y asignaciones,8781949926.0,8781949926.0
2017,10,Poder Judicial,Dietas,118427360.0,118427360.0
2017,10,Poder Judicial,Gastos de representación,6557833620.0,6544516954.0
2017,10,Poder Judicial,Otros gastos del personal,1556018751.0,1556018751.0
2017,10,Poder Judicial,Personal contratado,12882108727.0,12774353001.0
2017,10,Poder Judicial,Remuneraciones temporales,2031677035.0,2031677035.0
2017,10,Poder Judicial,Sueldo básico,103022364382.0,102570300889.0
2017,10,Poder Legislativo,Bonificaciones y asignaciones,2092820408.0,2092820408.0
2017,10,Poder Legislativo,Dietas,4233778120.0,4233778120.0
2017,10,Poder Legislativo,Gastos de representación,1219834228.0,1219834228.0
2017,10,Poder Legislativo,Personal contratado,4491006566.0,4491006566.0
2017,10,Poder Legislativo,Remuneraciones temporales,243621128.0,243621128.0
2017,10,Poder Legislativo,Sueldo básico,14555898607.0,14555898607.0
2017,10,SA del Estado,Aguinaldo,129399906.0,123399906.0
2017,10,SA del Estado,Bonificaciones y asignaciones,5814186246.0,5747914647.0
2017,10,SA del Estado,Dietas,247467356.0,247467356.0
2017,10,SA del Estado,Gastos de representación,164001668.0,164001668.0
2017,10,SA del Estado,Otros gastos del personal,9000000.0,9000000.0
2017,10,SA del Estado,Personal contratado,89546978.0,89210264.0
2017,10,SA del Estado,Remuneraciones temporales,1078838492.0,991592257.0
2017,10,SA del Estado,Sueldo básico,22708403576.0,20998312419.0
2017,10,Salud,Bonificaciones y asignaciones,16800789958.0,16302752501.0
2017,10,Salud,Dietas,85000000.0,83470000.0
2017,10,Salud,Gastos de representación,331890500.0,325626500.0
2017,10,Salud,Otros gastos del personal,7439052763.0,7436718422.0
2017,10,Salud,Personal contratado,82285476556.0,80849709520.0
2017,10,Salud,Remuneraciones temporales,5003491910.0,4960136946.0
2017,10,Salud,Sueldo básico,173567885601.0,167427321934.0
2017,10,Servicio civil del Ejecutivo,Bonificaciones y asignaciones,12078227761.0,12078227761.0
2017,10,Servicio civil del Ejecutivo,Gastos de representación,1160608424.0,1158789457.0
2017,10,Servicio civil del Ejecutivo,Otros gastos del personal,2396390016.0,2396390016.0
2017,10,Servicio civil del Ejecutivo,Personal contratado,36478744706.0,31268988773.0
2017,10,Servicio civil del Ejecutivo,Remuneraciones temporales,5806493640.0,5806493640.0
2017,10,Servicio civil del Ejecutivo,Servicio exterior,10338013600.0,10338013600.0
2017,10,Servicio civil del Ejecutivo,Sueldo básico,57721663078.0,57541495350.0
2017,11,Educación,Bonificaciones y asignaciones,46773897940.0,45669860037.0
2017,11,Educación,Dietas,446130471.0,429421582.0
2017,11,Educación,Gastos de representación,3606565584.0,3532137334.0
2017,11,Educación,Otros gastos del personal,3070577767.0,3068325586.0
2017,11,Educación,Personal contratado,8676329775.0,8567839782.0
2017,11,Educación,Remuneraciones temporales,1166568304.0,1112028063.0
2017,11,Educación,Sueldo básico,363706968471.0,351577320886.0
2017,11,Empresas públicas,Aguinaldo,7819000.0,7819000.0
2017,11,Empresas públicas,Bonificaciones y asignaciones,24886574931.0,23371436886.0
2017,11,Empresas públicas,Dietas,11744600.0,11744600.0
2017,11,Empresas públicas,Gastos de representación,106395200.0,105417305.0
2017,11,Empresas públicas,Otros gastos del personal,508661692.0,498099964.0
2017,11,Empresas públicas,Personal contratado,6191536179.0,5869077772.0
2017,11,Empresas públicas,Remuneraciones temporales,6833732858.0,6170663907.0
2017,11,Empresas públicas,Sueldo básico,34163326574.0,30425247374.0
2017,11,Entes autónomos y autárquicos,Aguinaldo,1468782809.0,0.0
2017,11,Entes autónomos y autárquicos,Bonificaciones y asignaciones,8109864990.0,7492411075.0
2017,11,Entes autónomos y autárquicos,Dietas,365503400.0,359263400.0
2017,11,Entes autónomos y autárquicos,Gastos de representación,567058385.0,516117980.0
2017,11,Entes autónomos y autárquicos,Otros gastos del personal,2469994244.0,2364154440.0
2017,11,Entes autónomos y autárquicos,Personal contratado,6928384941.0,6764749467.0
2017,11,Entes autónomos y autárquicos,Remuneraciones temporales,3482353167.0,3219203438.0
2017,11,Entes autónomos y autárquicos,Sueldo básico,38386058969.0,34118765133.0
2017,11,Fuerzas públicas,Bonificaciones y asignaciones,59964740138.0,59964740138.0
2017,11,Fuerzas públicas,Gastos de representación,592004628.0,592004628.0
2017,11,Fuerzas públicas,Otros gastos del personal,8016337421.0,8016337421.0
2017,11,Fuerzas públicas,Personal contratado,1090756897.0,1057849285.0
2017,11,Fuerzas públicas,Remuneraciones temporales,512084098.0,512084098.0
2017,11,Fuerzas públicas,Servicio exterior,524755050.0,524755050.0
2017,11,Fuerzas públicas,Sueldo básico,168988228431.0,168974532947.0
2017,11,Gobiernos departamentales,Bonificaciones y asignaciones,383423747.0,338360670.0
2017,11,Gobiernos departamentales,Dietas,972361767.0,917640117.0
2017,11,Gobiernos departamentales,Gastos de representación,193469255.0,179545383.0
2017,11,Gobiernos departamentales,Otros gastos del personal,91501052.0,89669713.0
2017,11,Gobiernos departamentales,Personal contratado,2405582742.0,2338058729.0
2017,11,Gobiernos departamentales,Remuneraciones temporales,37184330.0,32264633.0
2017,11,Gobiernos departamentales,Sueldo básico,3125124319.0,2797610957.0
2017,11,Municipalidades,Aguinaldo,28787000.0,26957000.0
2017,11,Municipalidades,Bonificaciones y asignaciones,1615962663.0,1567226705.0
2017,11,Municipalidades,Dietas,5562649550.0,5047928745.0
2017,11,Municipalidades,Gastos de representación,4032712834.0,3757073030.0
2017,11,Municipalidades,Otros gastos del personal,122348680.0,121592552.0
2017,11,Municipalidades,Personal contratado,26163292386.0,24808087713.0
2017,11,Municipalidades,Remuneraciones temporales,96707971.0,87819307.0
2017,11,Municipalidades,Sueldo básico,13344250451.0,10746557057.0
2017,11,Otros organismos,Bonificaciones y asignaciones,6043355939.0,5258250450.0
2017,11,Otros organismos,Dietas,256135488.0,231511851.0
2017,11,Otros organismos,Gastos de representación,632982980.0,606565385.0
2017,11,Otros organismos,Otros gastos del personal,426652546.0,399388294.0
2017,11,Otros organismos,Personal contratado,1835095598.0,1698172754.0
2017,11,Otros organismos,Remuneraciones temporales,666462865.0,627142125.0
2017,11,Otros organismos,Sueldo básico,30660790379.0,29406997159.0
2017,11,Poder Judicial,Bonificaciones y asignaciones,8905789273.0,8905789273.0
2017,11,Poder Judicial,Dietas,118427360.0,118427360.0
2017,11,Poder Judicial,Gastos de representación,6603708620.0,6591517620.0
2017,11,Poder Judicial,Otros gastos del personal,1528990558.0,1528990558.0
2017,11,Poder Judicial,Personal contratado,13530551148.0,13476378321.0
2017,11,Poder Judicial,Remuneraciones temporales,2647940115.0,2647940115.0
2017,11,Poder Judicial,Sueldo básico,103535386653.0,103113990702.0
2017,11,Poder Legislativo,Bonificaciones y asignaciones,2132969907.0,2132969907.0
2017,11,Poder Legislativo,Dietas,4233778120.0,4233778120.0
2017,11,Poder Legislativo,Gastos de representación,1225744328.0,1222096208.0
2017,11,Poder Legislativo,Personal contratado,4493413876.0,4493413876.0
2017,11,Poder Legislativo,Remuneraciones temporales,258839342.0,258839342.0
2017,11,Poder Legislativo,Sueldo básico,14547898607.0,14547898607.0
2017,11,SA del Estado,Aguinaldo,57526676.0,57526676.0
2017,11,SA del Estado,Bonificaciones y asignaciones,6017790818.0,5807469094.0
2017,11,SA del Estado,Dietas,252936487.0,252936487.0
2017,11,SA del Estado,Gastos de representación,169973333.0,169973333.0
2017,11,SA del Estado,Otros gastos del personal,8800000.0,8800000.0
2017,11,SA del Estado,Personal contratado,92168220.0,85832157.0
2017,11,SA del Estado,Remuneraciones temporales,1294107209.0,987734980.0
2017,11,SA del Estado,Sueldo básico,22685895812.0,20979534643.0
2017,11,Salud,Bonificaciones y asignaciones,50661856818.0,49806474060.0
2017,11,Salud,Dietas,85000000.0,77350000.0
2017,11,Salud,Gastos de representación,333390500.0,326721500.0
2017,11,Salud,Otros gastos del personal,7437614753.0,7433804517.0
2017,11,Salud,Personal contratado,87504775489.0,86225832369.0
2017,11,Salud,Remuneraciones temporales,5064026477.0,5019282893.0
2017,11,Salud,Sueldo básico,173268299478.0,167100251723.0
2017,11,Servicio civil del Ejecutivo,Bonificaciones y asignaciones,13351913103.0,13351913103.0
2017,11,Servicio civil del Ejecutivo,Gastos de representación,1164294624.0,1163107512.0
2017,11,Servicio civil del Ejecutivo,Otros gastos del personal,2723648538.0,2723648538.0
2017,11,Servicio civil del Ejecutivo,Personal contratado,35342646238.0,31101730306.0
2017,11,Servicio civil del Ejecutivo,Remuneraciones temporales,6647490396.0,6647490396.0
2017,11,Servicio civil del Ejecutivo,Servicio exterior,10289174813.0,10289174813.0
2017,11,Servicio civil del Ejecutivo,Sueldo básico,59732141015.0,59618522370.0
2017,12,Educación,Aguinaldo,344455865942.0,342670500590.0
2017,12,Educación,Bonificaciones y asignaciones,85471999720.0,83211326687.0
2017,12,Educación,Dietas,454514382.0,445214780.0
2017,12,Educación,Gastos de representación,3659889350.0,3598252345.0
2017,12,Educación,Otros gastos del personal,3989005020.0,3935847831.0
2017,12,Educación,Personal contratado,17716853732.0,16905491318.0
2017,12,Educación,Remuneraciones temporales,2006150707.0,1739508842.0
2017,12,Educación,Sueldo básico,363564154245.0,352334155467.0
2017,12,Empresas públicas,Aguinaldo,25349194424.0,25348170907.0
2017,12,Empresas públicas,Bonificaciones y asignaciones,47297060769.0,45780677871.0
2017,12,Empresas públicas,Dietas,11744600.0,11744600.0
2017,12,Empresas públicas,Gastos de representación,115143700.0,114165805.0
2017,12,Empresas públicas,Otros gastos del personal,1455642218.0,1424598979.0
2017,12,Empresas públicas,Personal contratado,10260076457.0,9974970129.0
2017,12,Empresas públicas,Remuneraciones temporales,10408535732.0,9878918081.0
2017,12,Empresas públicas,Sueldo básico,33513278919.0,29777082357.0
2017,12,Entes autónomos y autárquicos,Aguinaldo,25069756938.0,24728318107.0
2017,12,Entes autónomos y autárquicos,Bonificaciones y asignaciones,25668603476.0,24999142721.0
2017,12,Entes autónomos y autárquicos,Dietas,325002200.0,318762200.0
2017,12,Entes autónomos y autárquicos,Gastos de representación,601295663.0,549595434.0
2017,12,Entes autónomos y autárquicos,Otros gastos del personal,3601833828.0,3497149745.0
2017,12,Entes autónomos y autárquicos,Personal contratado,12641233079.0,12411865307.0
2017,12,Entes autónomos y autárquicos,Remuneraciones temporales,8265783358.0,7973733370.0
2017,12,Entes autónomos y autárquicos,Sueldo básico,36388008160.0,32118032637.0
2017,12,Fuerzas públicas,Aguinaldo,168466333750.0,168466333750.0
2017,12,Fuerzas públicas,Bonificaciones y asignaciones,65734031216.0,65734031216.0
2017,12,Fuerzas públicas,Gastos de representación,593075628.0,593075628.0
2017,12,Fuerzas públicas,Otros gastos del personal,12790742477.0,12790742477.0
2017,12,Fuerzas públicas,Personal contratado,2095768425.0,2074251153.0
2017,12,Fuerzas públicas,Remuneraciones temporales,943338692.0,943338692.0
2017,12,Fuerzas públicas,Servicio exterior,1069255188.0,1069255188.0
2017,12,Fuerzas públicas,Sueldo básico,170863978447.0,170854188813.0
2017,12,Gobiernos departamentales,Aguinaldo,2024912876.0,2013491969.0
2017,12,Gobiernos departamentales,Bonificaciones y asignaciones,557859257.0,492234093.0
2017,12,Gobiernos departamentales,Dietas,921288227.0,866566577.0
2017,12,Gobiernos departamentales,Gastos de representación,176853855.0,163880383.0
2017,12,Gobiernos departamentales,Otros gastos del personal,79856350.0,78102830.0
2017,12,Gobiernos departamentales,Personal contratado,1859795263.0,1794271250.0
2017,12,Gobiernos departamentales,Remuneraciones temporales,30850746.0,26804209.0
2017,12,Gobiernos departamentales,Sueldo básico,2918187603.0,2595057171.0
2017,12,Municipalidades,Aguinaldo,8735667073.0,8485448491.0
2017,12,Municipalidades,Bonificaciones y asignaciones,2088203958.0,2030988458.0
2017,12,Municipalidades,Dietas,5649935065.0,5165470010.0
2017,12,Municipalidades,Gastos de representación,4118013583.0,3847751389.0
2017,12,Municipalidades,Otros gastos del personal,115225946.0,114858286.0
2017,12,Municipalidades,Personal contratado,30050965141.0,28605976221.0
2017,12,Municipalidades,Remuneraciones temporales,205755253.0,197105092.0
2017,12,Municipalidades,Sueldo básico,13407306284.0,10821111977.0
2017,12,Otros organismos,Aguinaldo,34884801683.0,34876737562.0
2017,12,Otros organismos,Bonificaciones y asignaciones,22638912186.0,21851478905.0
2017,12,Otros organismos,Dietas,256135488.0,231739021.0
2017,12,Otros organismos,Gastos de representación,636092780.0,609708184.0
2017,12,Otros organismos,Otros gastos del personal,1820933879.0,1780763855.0
2017,12,Otros organismos,Personal contratado,3956969904.0,3668881530.0
2017,12,Otros organismos,Remuneraciones temporales,1050859160.0,1022607954.0
2017,12,Otros organismos,Sueldo básico,30635909012.0,29380614247.0
2017,12,Poder Judicial,Aguinaldo,107915756584.0,107915756584.0
2017,12,Poder Judicial,Bonificaciones y asignaciones,17431717659.0,17431717659.0
2017,12,Poder Judicial,Dietas,118427360.0,118427360.0
2017,12,Poder Judicial,Gastos de representación,6597333620.0,6594466953.0
2017,12,Poder Judicial,Otros gastos del personal,2226652233.0,2226652233.0
2017,12,Poder Judicial,Personal contratado,25955946580.0,25927443583.0
2017,12,Poder Judicial,Remuneraciones temporales,4363662819.0,4363662819.0
2017,12,Poder Judicial,Sueldo básico,103554689684.0,103146345650.0
2017,12,Poder Legislativo,Aguinaldo,19913032571.0,19913032571.0
2017,12,Poder Legislativo,Bonificaciones y asignaciones,8112604818.0,8112604818.0
2017,12,Poder Legislativo,Dietas,4233778120.0,4233778120.0
2017,12,Poder Legislativo,Gastos de representación,1221816428.0,1221816428.0
2017,12,Poder Legislativo,Otros gastos del personal,141840.0,141840.0
2017,12,Poder Legislativo,Personal contratado,9106105314.0,9106105314.0
2017,12,Poder Legislativo,Remuneraciones temporales,510971584.0,510971584.0
2017,12,Poder Legislativo,Sueldo básico,14545998607.0,14545998607.0
2017,12,SA del Estado,Aguinaldo,508571394.0,506231245.0
2017,12,SA del Estado,Bonificaciones y asignaciones,6357002332.0,6038332704.0
2017,12,SA del Estado,Dietas,267852386.0,267852386.0
2017,12,SA del Estado,Gastos de representación,172586667.0,172586667.0
2017,12,SA del Estado,Otros gastos del personal,8800000.0,8800000.0
2017,12,SA del Estado,Personal contratado,104009578.0,101340607.0
2017,12,SA del Estado,Remuneraciones temporales,1150185565.0,1090228095.0
2017,12,SA del Estado,Sueldo básico,38924541290.0,37211391867.0
2017,12,Salud,Aguinaldo,96049195436.0,96048419517.0
2017,12,Salud,Bonificaciones y asignaciones,31991086160.0,31404925745.0
2017,12,Salud,Dietas,85000000.0,83470000.0
2017,12,Salud,Gastos de representación,333690500.0,327264500.0
2017,12,Salud,Otros gastos del personal,8145649607.0,8142960792.0
2017,12,Salud,Personal contratado,181602380496.0,180212592664.0
2017,12,Salud,Remuneraciones temporales,8723867111.0,8642829305.0
2017,12,Salud,Sueldo básico,172999322245.0,166872993009.0
2017,12,Servicio civil del Ejecutivo,Aguinaldo,57355148548.0,57355148548.0
2017,12,Servicio civil del Ejecutivo,Bonificaciones y asignaciones,48320997611.0,48320997611.0
2017,12,Servicio civil del Ejecutivo,Gastos de representación,1170016924.0,1169692107.0
2017,12,Servicio civil del Ejecutivo,Otros gastos del personal,7364561681.0,7364561681.0
2017,12,Servicio civil del Ejecutivo,Personal contratado,68054533461.0,62201309761.0
2017,12,Servicio civil del Ejecutivo,Remuneraciones temporales,10861764031.0,10861764031.0
2017,12,Servicio civil del Ejecutivo,Servicio exterior,20331160944.0,20331160944.0
2017,12,Servicio civil del Ejecutivo,Sueldo básico,59628663278.0,59556323277.0
2018,1,Educación,Aguinaldo,2808700.0,948437.0
2018,1,Educación,Bonificaciones y asignaciones,46464160494.0,45476617502.0
2018,1,Educación,Dietas,425265911.0,385984807.0
2018,1,Educación,Gastos de representación,3620442797.0,3535566999.0
2018,1,Educación,Otros gastos del personal,4582416527.0,4432310741.0
2018,1,Educación,Personal contratado,6556753153.0,6096975959.0
2018,1,Educación,Remuneraciones temporales,273068119.0,266375311.0
2018,1,Educación,Sueldo básico,410441193078.0,398137428634.0
2018,1,Empresas públicas,Aguinaldo,8757280.0,8757280.0
2018,1,Empresas públicas,Bonificaciones y asignaciones,23506004435.0,22379248724.0
2018,1,Empresas públicas,Dietas,17600000.0,17600000.0
2018,1,Empresas públicas,Gastos de representación,130034720.0,129056825.0
2018,1,Empresas públicas,Otros gastos del personal,458224597.0,458224597.0
2018,1,Empresas públicas,Personal contratado,6095260781.0,5839617495.0
2018,1,Empresas públicas,Remuneraciones temporales,6720377956.0,6097790340.0
2018,1,Empresas públicas,Sueldo básico,41203511961.0,34331931959.0
2018,1,Entes autónomos y autárquicos,Aguinaldo,0.0,0.0
2018,1,Entes autónomos y autárquicos,Bonificaciones y asignaciones,5056783682.0,4725890228.0
2018,1,Entes autónomos y autárquicos,Dietas,458833400.0,433526732.0
2018,1,Entes autónomos y autárquicos,Gastos de representación,571083085.0,515798286.0
2018,1,Entes autónomos y autárquicos,Otros gastos del personal,889589669.0,736461519.0
2018,1,Entes autónomos y autárquicos,Personal contratado,5073050378.0,4950961569.0
2018,1,Entes autónomos y autárquicos,Remuneraciones temporales,1947804778.0,1821185900.0
2018,1,Entes autónomos y autárquicos,Sueldo básico,40873488313.0,35890942710.0
2018,1,Fuerzas públicas,Bonificaciones y asignaciones,60922274867.0,60922274867.0
2018,1,Fuerzas públicas,Gastos de representación,598705328.0,598705328.0
2018,1,Fuerzas públicas,Otros gastos del personal,8665820404.0,8665820404.0
2018,1,Fuerzas públicas,Personal contratado,1039858423.0,1031358423.0
2018,1,Fuerzas públicas,Remuneraciones temporales,364142575.0,364142575.0
2018,1,Fuerzas públicas,Servicio exterior,576966160.0,576966160.0
2018,1,Fuerzas públicas,Sueldo básico,181554868618.0,181529009725.0
2018,1,Gobiernos departamentales,Bonificaciones y asignaciones,415126412.0,375019646.0
2018,1,Gobiernos departamentales,Dietas,1207576011.0,1154178416.0
2018,1,Gobiernos departamentales,Gastos de representación,225968463.0,213499639.0
2018,1,Gobiernos departamentales,Otros gastos del personal,153908984.0,151828688.0
2018,1,Gobiernos departamentales,Personal contratado,2822233505.0,2757869073.0
2018,1,Gobiernos departamentales,Remuneraciones temporales,43984081.0,39081545.0
2018,1,Gobiernos departamentales,Sueldo básico,3582190794.0,3181079951.0
2018,1,Municipalidades,Aguinaldo,80666240.0,56966240.0
2018,1,Municipalidades,Bonificaciones y asignaciones,1872754389.0,1811601347.0
2018,1,Municipalidades,Dietas,5969404451.0,5491325566.0
2018,1,Municipalidades,Gastos de representación,4360812508.0,4080746125.0
2018,1,Municipalidades,Otros gastos del personal,144550772.0,144183112.0
2018,1,Municipalidades,Personal contratado,25636793022.0,24395276169.0
2018,1,Municipalidades,Remuneraciones temporales,349549412.0,340899251.0
2018,1,Municipalidades,Sueldo básico,13849231074.0,11396335055.0
2018,1,Otros organismos,Aguinaldo,8474188.0,8474188.0
2018,1,Otros organismos,Bonificaciones y asignaciones,5576390317.0,4795507277.0
2018,1,Otros organismos,Dietas,154135488.0,145159676.0
2018,1,Otros organismos,Gastos de representación,653757212.0,624291196.0
2018,1,Otros organismos,Otros gastos del personal,177801050.0,174025300.0
2018,1,Otros organismos,Personal contratado,1694219588.0,1536622873.0
2018,1,Otros organismos,Remuneraciones temporales,292221319.0,271152115.0
2018,1,Otros organismos,Sueldo básico,32870724820.0,31489968002.0
2018,1,Poder Judicial,Bonificaciones y asignaciones,6464061550.0,6464061550.0
2018,1,Poder Judicial,Dietas,118427360.0,118427360.0
2018,1,Poder Judicial,Gastos de representación,6592432620.0,6569166316.0
2018,1,Poder Judicial,Otros gastos del personal,2107786494.0,2107786494.0
2018,1,Poder Judicial,Personal contratado,10600112763.0,10110701863.0
2018,1,Poder Judicial,Remuneraciones temporales,554409748.0,554409748.0
2018,1,Poder Judicial,Sueldo básico,116790472689.0,116144691991.0
2018,1,Poder Legislativo,Bonificaciones y asignaciones,1986991515.0,1986991515.0
2018,1,Poder Legislativo,Dietas,4204171280.0,4204171280.0
2018,1,Poder Legislativo,Gastos de representación,1431844219.0,1431844219.0
2018,1,Poder Legislativo,Personal contratado,3099744709.0,3099744709.0
2018,1,Poder Legislativo,Remuneraciones temporales,7436735.0,7436735.0
2018,1,Poder Legislativo,Sueldo básico,16867703600.0,16867703600.0
2018,1,SA del Estado,Aguinaldo,2638820.0,11340.0
2018,1,SA del Estado,Bonificaciones y asignaciones,13289784796.0,13248677903.0
2018,1,SA del Estado,Dietas,235137019.0,235137019.0
2018,1,SA del Estado,Gastos de representación,165253334.0,165253334.0
2018,1,SA del Estado,Otros gastos del personal,8800000.0,8800000.0
2018,1,SA del Estado,Personal contratado,113179430.0,111020594.0
2018,1,SA del Estado,Remuneraciones temporales,978478436.0,951028171.0
2018,1,SA del Estado,Sueldo básico,22805368303.0,21145034034.0
2018,1,Salud,Bonificaciones y asignaciones,16287365254.0,15748288652.0
2018,1,Salud,Dietas,85000000.0,85000000.0
2018,1,Salud,Gastos de representación,327561700.0,320427220.0
2018,1,Salud,Otros gastos del personal,10421026635.0,10420202669.0
2018,1,Salud,Personal contratado,79626306230.0,78308557063.0
2018,1,Salud,Remuneraciones temporales,2426062539.0,2413361178.0
2018,1,Salud,Sueldo básico,178696252658.0,172471615269.0
2018,1,Servicio civil del Ejecutivo,Bonificaciones y asignaciones,12747656968.0,12747656968.0
2018,1,Servicio civil del Ejecutivo,Gastos de representación,1205140078.0,1195353960.0
2018,1,Servicio civil del Ejecutivo,Otros gastos del personal,2968154317.0,2968154317.0
2018,1,Servicio civil del Ejecutivo,Personal contratado,27159536234.0,26243656039.0
2018,1,Servicio civil del Ejecutivo,Remuneraciones temporales,2915675307.0,2915675307.0
2018,1,Servicio civil del Ejecutivo,Servicio exterior,11140519502.0,11140519502.0
2018,1,Servicio civil del Ejecutivo,Sueldo básico,60632554672.0,60448185827.0
2018,2,Educación,Aguinaldo,2808700.0,948437.0
2018,2,Educación,Bonificaciones y asignaciones,47921588395.0,46878459901.0
2018,2,Educación,Dietas,526356929.0,500214302.0
2018,2,Educación,Gastos de representación,3629431997.0,3545891274.0
2018,2,Educación,Otros gastos del personal,4162400494.0,4156676446.0
2018,2,Educación,Personal contratado,7200309898.0,6837404491.0
2018,2,Educación,Remuneraciones temporales,750583386.0,726410591.0
2018,2,Educación,Sueldo básico,409616984769.0,397488590470.0
2018,2,Empresas públicas,Aguinaldo,8757000.0,8757000.0
2018,2,Empresas públicas,Bonificaciones y asignaciones,28991399158.0,28077192039.0
2018,2,Empresas públicas,Dietas,17600000.0,17600000.0
2018,2,Empresas públicas,Gastos de representación,128034400.0,125528205.0
2018,2,Empresas públicas,Otros gastos del personal,446936445.0,441481091.0
2018,2,Empresas públicas,Personal contratado,6418930665.0,6144059959.0
2018,2,Empresas públicas,Remuneraciones temporales,7576847302.0,6883235122.0
2018,2,Empresas públicas,Sueldo básico,41080375012.0,36492423955.0
2018,2,Entes autónomos y autárquicos,Aguinaldo,0.0,0.0
2018,2,Entes autónomos y autárquicos,Bonificaciones y asignaciones,7263221611.0,6642990446.0
2018,2,Entes autónomos y autárquicos,Dietas,328833400.0,322593400.0
2018,2,Entes autónomos y autárquicos,Gastos de representación,526313854.0,472356953.0
2018,2,Entes autónomos y autárquicos,Otros gastos del personal,830903418.0,801730287.0
2018,2,Entes autónomos y autárquicos,Personal contratado,6227542502.0,6080361904.0
2018,2,Entes autónomos y autárquicos,Remuneraciones temporales,4614823456.0,2476233590.0
2018,2,Entes autónomos y autárquicos,Sueldo básico,38144827880.0,33566137419.0
2018,2,Fuerzas públicas,Bonificaciones y asignaciones,61114283625.0,61114283625.0
2018,2,Fuerzas públicas,Gastos de representación,600060928.0,600060928.0
2018,2,Fuerzas públicas,Otros gastos del personal,86497452279.0,86497452279.0
2018,2,Fuerzas públicas,Personal contratado,1037681454.0,1037681454.0
2018,2,Fuerzas públicas,Remuneraciones temporales,322950902.0,322950902.0
2018,2,Fuerzas públicas,Servicio exterior,741577480.0,741577480.0
2018,2,Fuerzas públicas,Sueldo básico,181987606571.0,181976783927.0
2018,2,Gobiernos departamentales,Bonificaciones y asignaciones,472992372.0,430329567.0
2018,2,Gobiernos departamentales,Dietas,1186028763.0,1145399553.0
2018,2,Gobiernos departamentales,Gastos de representación,221157600.0,208644185.0
2018,2,Gobiernos departamentales,Otros gastos del personal,167990184.0,165539304.0
2018,2,Gobiernos departamentales,Personal contratado,2824401017.0,2760261960.0
2018,2,Gobiernos departamentales,Remuneraciones temporales,44199765.0,39821010.0
2018,2,Gobiernos departamentales,Sueldo básico,3632579669.0,3279275473.0
2018,2,Municipalidades,Aguinaldo,90264167.0,45039167.0
2018,2,Municipalidades,Bonificaciones y asignaciones,1683119883.0,1634406880.0
2018,2,Municipalidades,Dietas,6188030962.0,5502229496.0
2018,2,Municipalidades,Gastos de representación,4596046532.0,4092623665.0
2018,2,Municipalidades,Otros gastos del personal,123031024.0,122913364.0
2018,2,Municipalidades,Personal contratado,26047976653.0,24180469958.0
2018,2,Municipalidades,Remuneraciones temporales,184533914.0,175735773.0
2018,2,Municipalidades,Sueldo básico,13808211180.0,11131208724.0
2018,2,Otros organismos,Bonificaciones y asignaciones,17825758003.0,17005765777.0
2018,2,Otros organismos,Dietas,154135488.0,141379676.0
2018,2,Otros organismos,Gastos de representación,676667380.0,644609568.0
2018,2,Otros organismos,Otros gastos del personal,140219820.0,135889955.0
2018,2,Otros organismos,Personal contratado,2818525304.0,2602077533.0
2018,2,Otros organismos,Remuneraciones temporales,235036156.0,226952106.0
2018,2,Otros organismos,Sueldo básico,32986529185.0,31631271821.0
2018,2,Poder Judicial,Bonificaciones y asignaciones,10141402893.0,10141402893.0
2018,2,Poder Judicial,Dietas,148034200.0,148034200.0
2018,2,Poder Judicial,Gastos de representación,6585478500.0,6561355466.0
2018,2,Poder Judicial,Otros gastos del personal,2183028599.0,2183028599.0
2018,2,Poder Judicial,Personal contratado,10620820366.0,10591453536.0
2018,2,Poder Judicial,Remuneraciones temporales,1397633848.0,1397633848.0
2018,2,Poder Judicial,Sueldo básico,116832198399.0,116218168981.0
2018,2,Poder Legislativo,Bonificaciones y asignaciones,2158911688.0,2158911688.0
2018,2,Poder Legislativo,Dietas,4233778120.0,4233778120.0
2018,2,Poder Legislativo,Gastos de representación,1448065932.0,1446295632.0
2018,2,Poder Legislativo,Personal contratado,3544905992.0,3544905992.0
2018,2,Poder Legislativo,Remuneraciones temporales,11206640.0,11206640.0
2018,2,Poder Legislativo,Sueldo básico,17067903600.0,17058173597.0
2018,2,SA del Estado,Bonificaciones y asignaciones,7384104829.0,7299907485.0
2018,2,SA del Estado,Dietas,226234158.0,226234158.0
2018,2,SA del Estado,Gastos de representación,166360000.0,166360000.0
2018,2,SA del Estado,Otros gastos del personal,8800000.0,8800000.0
2018,2,SA del Estado,Personal contratado,106419487.0,104507284.0
2018,2,SA del Estado,Remuneraciones temporales,1005003305.0,959820347.0
2018,2,SA del Estado,Sueldo básico,22891440058.0,21202205948.0
2018,2,Salud,Bonificaciones y asignaciones,22330492535.0,21758804970.0
2018,2,Salud,Dietas,85000000.0,85000000.0
2018,2,Salud,Gastos de representación,329941600.0,323947600.0
2018,2,Salud,Otros gastos del personal,7110936180.0,7105266936.0
2018,2,Salud,Personal contratado,83433055395.0,82334915307.0
2018,2,Salud,Remuneraciones temporales,3889479097.0,3848748849.0
2018,2,Salud,Sueldo básico,178010607761.0,171554247062.0
2018,2,Servicio civil del Ejecutivo,Bonificaciones y asignaciones,19662379466.0,19662379466.0
2018,2,Servicio civil del Ejecutivo,Gastos de representación,1233529448.0,1229678755.0
2018,2,Servicio civil del Ejecutivo,Otros gastos del personal,2747482046.0,2747482046.0
2018,2,Servicio civil del Ejecutivo,Personal contratado,34181173696.0,29878014860.0
2018,2,Servicio civil del Ejecutivo,Remuneraciones temporales,4281025824.0,4281025824.0
2018,2,Servicio civil del Ejecutivo,Servicio exterior,11134080367.0,11134080367.0
2018,2,Servicio civil del Ejecutivo,Sueldo básico,61493466063.0,61381153506.0
2018,3,Educación,Aguinaldo,1483713.0,933284.0
2018,3,Educación,Bonificaciones y asignaciones,48129802767.0,46996062601.0
2018,3,Educación,Dietas,531400491.0,514348665.0
2018,3,Educación,Gastos de representación,3598848497.0,3515735803.0
2018,3,Educación,Otros gastos del personal,4119782518.0,4116105291.0
2018,3,Educación,Personal contratado,8185287282.0,8061395700.0
2018,3,Educación,Remuneraciones temporales,1017549946.0,978456376.0
2018,3,Educación,Sueldo básico,409050713386.0,396781897475.0
2018,3,Empresas públicas,Aguinaldo,8757000.0,8757000.0
2018,3,Empresas públicas,Bonificaciones y asignaciones,25881781719.0,24967620781.0
2018,3,Empresas públicas,Dietas,17600000.0,17600000.0
2018,3,Empresas públicas,Gastos de representación,118810100.0,117832205.0
2018,3,Empresas públicas,Otros gastos del personal,435664328.0,427162156.0
2018,3,Empresas públicas,Personal contratado,6234419836.0,5928955337.0
2018,3,Empresas públicas,Remuneraciones temporales,7669006177.0,6934232761.0
2018,3,Empresas públicas,Sueldo básico,42172319292.0,37459037882.0
2018,3,Entes autónomos y autárquicos,Aguinaldo,0.0,0.0
2018,3,Entes autónomos y autárquicos,Bonificaciones y asignaciones,9017971761.0,7291181227.0
2018,3,Entes autónomos y autárquicos,Dietas,328833400.0,322593400.0
2018,3,Entes autónomos y autárquicos,Gastos de representación,541928522.0,483393470.0
2018,3,Entes autónomos y autárquicos,Otros gastos del personal,2254457911.0,2181457657.0
2018,3,Entes autónomos y autárquicos,Personal contratado,6821743274.0,6656428756.0
2018,3,Entes autónomos y autárquicos,Remuneraciones temporales,3135390310.0,2900493177.0
2018,3,Entes autónomos y autárquicos,Sueldo básico,39791092785.0,35143426412.0
2018,3,Fuerzas públicas,Bonificaciones y asignaciones,60071643739.0,60071643739.0
2018,3,Fuerzas públicas,Gastos de representación,599776428.0,599776428.0
2018,3,Fuerzas públicas,Otros gastos del personal,8639177557.0,8639177557.0
2018,3,Fuerzas públicas,Personal contratado,998567565.0,998567565.0
2018,3,Fuerzas públicas,Remuneraciones temporales,412971992.0,412971992.0
2018,3,Fuerzas públicas,Servicio exterior,733725170.0,733725170.0
2018,3,Fuerzas públicas,Sueldo básico,181920648835.0,181910710678.0
2018,3,Gobiernos departamentales,Bonificaciones y asignaciones,468717576.0,430030799.0
2018,3,Gobiernos departamentales,Dietas,1202368642.0,1157759676.0
2018,3,Gobiernos departamentales,Gastos de representación,225747200.0,212361521.0
2018,3,Gobiernos departamentales,Otros gastos del personal,156690184.0,154239304.0
2018,3,Gobiernos departamentales,Personal contratado,2952881136.0,2889514806.0
2018,3,Gobiernos departamentales,Remuneraciones temporales,45331637.0,40771782.0
2018,3,Gobiernos departamentales,Sueldo básico,3626069943.0,3232793681.0
2018,3,Municipalidades,Aguinaldo,58054167.0,35054167.0
2018,3,Municipalidades,Bonificaciones y asignaciones,1885237300.0,1838398661.0
2018,3,Municipalidades,Dietas,6199805567.0,5658909017.0
2018,3,Municipalidades,Gastos de representación,4521613802.0,4180304036.0
2018,3,Municipalidades,Otros gastos del personal,151155180.0,151055180.0
2018,3,Municipalidades,Personal contratado,26714947009.0,25327335166.0
2018,3,Municipalidades,Remuneraciones temporales,198690706.0,192690706.0
2018,3,Municipalidades,Sueldo básico,13817245997.0,11389668579.0
2018,3,Otros organismos,Bonificaciones y asignaciones,22267794682.0,21334230144.0
2018,3,Otros organismos,Dietas,154135488.0,140614255.0
2018,3,Otros organismos,Gastos de representación,678500713.0,641641431.0
2018,3,Otros organismos,Otros gastos del personal,155001121.0,150916811.0
2018,3,Otros organismos,Personal contratado,2370851361.0,2126817819.0
2018,3,Otros organismos,Remuneraciones temporales,1107228812.0,1063146297.0
2018,3,Otros organismos,Sueldo básico,32998093063.0,31602995327.0
2018,3,Poder Judicial,Bonificaciones y asignaciones,10410210867.0,10410210867.0
2018,3,Poder Judicial,Dietas,148034200.0,148034200.0
2018,3,Poder Judicial,Gastos de representación,6591130720.0,6566527173.0
2018,3,Poder Judicial,Otros gastos del personal,2161187014.0,2161187014.0
2018,3,Poder Judicial,Personal contratado,11816574817.0,11792476792.0
2018,3,Poder Judicial,Remuneraciones temporales,1603407286.0,1603407286.0
2018,3,Poder Judicial,Sueldo básico,117130800244.0,116771358597.0
2018,3,Poder Legislativo,Bonificaciones y asignaciones,4254162975.0,4254162975.0
2018,3,Poder Legislativo,Dietas,4204171280.0,4204171280.0
2018,3,Poder Legislativo,Gastos de representación,1449111232.0,1449111232.0
2018,3,Poder Legislativo,Personal contratado,3615057672.0,3613641005.0
2018,3,Poder Legislativo,Remuneraciones temporales,126806856.0,126806856.0
2018,3,Poder Legislativo,Sueldo básico,17122602800.0,17118442800.0
2018,3,SA del Estado,Aguinaldo,4251341.0,4251341.0
2018,3,SA del Estado,Bonificaciones y asignaciones,6542895437.0,6244774513.0
2018,3,SA del Estado,Dietas,220256811.0,217941663.0
2018,3,SA del Estado,Gastos de representación,163200000.0,163200000.0
2018,3,SA del Estado,Otros gastos del personal,8800000.0,8800000.0
2018,3,SA del Estado,Personal contratado,98919487.0,95422619.0
2018,3,SA del Estado,Remuneraciones temporales,1157090687.0,1018705063.0
2018,3,SA del Estado,Sueldo básico,22801433306.0,21113376401.0
2018,3,Salud,Bonificaciones y asignaciones,20041271283.0,19450542208.0
2018,3,Salud,Dietas,85000000.0,85000000.0
2018,3,Salud,Gastos de representación,329941600.0,323947600.0
2018,3,Salud,Otros gastos del personal,7049063988.0,7047387066.0
2018,3,Salud,Personal contratado,86592659269.0,85058790680.0
2018,3,Salud,Remuneraciones temporales,4269161079.0,4227287630.0
2018,3,Salud,Sueldo básico,177798290755.0,171388602393.0
2018,3,Servicio civil del Ejecutivo,Bonificaciones y asignaciones,17828133219.0,17828133219.0
2018,3,Servicio civil del Ejecutivo,Gastos de representación,1253087618.0,1247565631.0
2018,3,Servicio civil del Ejecutivo,Otros gastos del personal,2581363367.0,2581363367.0
2018,3,Servicio civil del Ejecutivo,Personal contratado,36216740869.0,31465767684.0
2018,3,Servicio civil del Ejecutivo,Remuneraciones temporales,5160997458.0,5160997458.0
2018,3,Servicio civil del Ejecutivo,Servicio exterior,11157593235.0,11157593235.0
2018,3,Servicio civil del Ejecutivo,Sueldo básico,61737060448.0,61616818732.0
2018,4,Educación,Aguinaldo,1483713.0,933284.0
2018,4,Educación,Bonificaciones y asignaciones,49013218136.0,47792188817.0
2018,4,Educación,Dietas,560170536.0,541225109.0
2018,4,Educación,Gastos de representación,3608553897.0,3524585723.0
2018,4,Educación,Otros gastos del personal,3695577884.0,3678574957.0
2018,4,Educación,Personal contratado,8149889568.0,7768626353.0
2018,4,Educación,Remuneraciones temporales,1116122567.0,1073436491.0
2018,4,Educación,Sueldo básico,410478684686.0,397947493331.0
2018,4,Empresas públicas,Aguinaldo,8757000.0,8757000.0
2018,4,Empresas públicas,Bonificaciones y asignaciones,27350671844.0,26381501043.0
2018,4,Empresas públicas,Dietas,17600000.0,17600000.0
2018,4,Empresas públicas,Gastos de representación,119367200.0,118389305.0
2018,4,Empresas públicas,Otros gastos del personal,434059228.0,425494556.0
2018,4,Empresas públicas,Personal contratado,6510900108.0,6198049421.0
2018,4,Empresas públicas,Remuneraciones temporales,8247217588.0,7432873092.0
2018,4,Empresas públicas,Sueldo básico,42075107156.0,37400320877.0
2018,4,Entes autónomos y autárquicos,Aguinaldo,0.0,0.0
2018,4,Entes autónomos y autárquicos,Bonificaciones y asignaciones,6475702392.0,5926231574.0
2018,4,Entes autónomos y autárquicos,Dietas,328833400.0,322593400.0
2018,4,Entes autónomos y autárquicos,Gastos de representación,532129276.0,476368802.0
2018,4,Entes autónomos y autárquicos,Otros gastos del personal,1990376904.0,1887010244.0
2018,4,Entes autónomos y autárquicos,Personal contratado,6626113739.0,6470321634.0
2018,4,Entes autónomos y autárquicos,Remuneraciones temporales,3290014711.0,3030985983.0
2018,4,Entes autónomos y autárquicos,Sueldo básico,39638897128.0,35028096454.0
2018,4,Fuerzas públicas,Bonificaciones y asignaciones,66093314495.0,66093314495.0
2018,4,Fuerzas públicas,Gastos de representación,597819928.0,597819928.0
2018,4,Fuerzas públicas,Otros gastos del personal,8967445245.0,8967445245.0
2018,4,Fuerzas públicas,Personal contratado,1035456675.0,1035456675.0
2018,4,Fuerzas públicas,Remuneraciones temporales,339006623.0,339006623.0
2018,4,Fuerzas públicas,Servicio exterior,738782590.0,738782590.0
2018,4,Fuerzas públicas,Sueldo básico,181845196408.0,181831584232.0
2018,4,Gobiernos departamentales,Bonificaciones y asignaciones,453658361.0,414053996.0
2018,4,Gobiernos departamentales,Dietas,1317284107.0,1261562457.0
2018,4,Gobiernos departamentales,Gastos de representación,240716000.0,224123866.0
2018,4,Gobiernos departamentales,Otros gastos del personal,154290184.0,152271304.0
2018,4,Gobiernos departamentales,Personal contratado,3015622942.0,2952487513.0
2018,4,Gobiernos departamentales,Remuneraciones temporales,44289560.0,39729705.0
2018,4,Gobiernos departamentales,Sueldo básico,3911530842.0,3475288452.0
2018,4,Municipalidades,Aguinaldo,55033199.0,32033199.0
2018,4,Municipalidades,Bonificaciones y asignaciones,1863530921.0,1810089845.0
2018,4,Municipalidades,Dietas,6088024431.0,5527287415.0
2018,4,Municipalidades,Gastos de representación,4499388670.0,4158405491.0
2018,4,Municipalidades,Otros gastos del personal,129313737.0,129213737.0
2018,4,Municipalidades,Personal contratado,27401570992.0,25961105655.0
2018,4,Municipalidades,Remuneraciones temporales,230486144.0,224282347.0
2018,4,Municipalidades,Sueldo básico,13885018010.0,11424933268.0
2018,4,Otros organismos,Bonificaciones y asignaciones,9066132901.0,7990468097.0
2018,4,Otros organismos,Dietas,154135488.0,140617043.0
2018,4,Otros organismos,Gastos de representación,663583080.0,610116539.0
2018,4,Otros organismos,Otros gastos del personal,150639583.0,146600373.0
2018,4,Otros organismos,Personal contratado,1996881753.0,1833624084.0
2018,4,Otros organismos,Remuneraciones temporales,1605887715.0,1549185320.0
2018,4,Otros organismos,Sueldo básico,33038788399.0,30324204914.0
2018,4,Poder Judicial,Bonificaciones y asignaciones,5700067995.0,5700067995.0
2018,4,Poder Judicial,Dietas,148034200.0,148034200.0
2018,4,Poder Judicial,Gastos de representación,6601530720.0,6567782221.0
2018,4,Poder Judicial,Otros gastos del personal,2151434263.0,2151434263.0
2018,4,Poder Judicial,Personal contratado,10545285050.0,10487086375.0
2018,4,Poder Judicial,Remuneraciones temporales,1737572862.0,1737572862.0
2018,4,Poder Judicial,Sueldo básico,117634021913.0,117269533913.0
2018,4,Poder Legislativo,Bonificaciones y asignaciones,2303204975.0,2303204975.0
2018,4,Poder Legislativo,Dietas,4204171280.0,4204171280.0
2018,4,Poder Legislativo,Gastos de representación,1449111232.0,1449111232.0
2018,4,Poder Legislativo,Otros gastos del personal,24180100.0,24180100.0
2018,4,Poder Legislativo,Personal contratado,3632029616.0,3632029616.0
2018,4,Poder Legislativo,Remuneraciones temporales,189534750.0,189534750.0
2018,4,Poder Legislativo,Sueldo básico,17176102800.0,17176102800.0
2018,4,SA del Estado,Aguinaldo,1102885.0,1102885.0
2018,4,SA del Estado,Bonificaciones y asignaciones,6449453958.0,6416553331.0
2018,4,SA del Estado,Dietas,220256811.0,220256811.0
2018,4,SA del Estado,Gastos de representación,160640000.0,160640000.0
2018,4,SA del Estado,Otros gastos del personal,8600000.0,8600000.0
2018,4,SA del Estado,Personal contratado,98919487.0,96568261.0
2018,4,SA del Estado,Remuneraciones temporales,1070258460.0,1059573546.0
2018,4,SA del Estado,Sueldo básico,22845178359.0,21086984866.0
2018,4,Salud,Bonificaciones y asignaciones,18576019674.0,17984941936.0
2018,4,Salud,Dietas,85000000.0,85000000.0
2018,4,Salud,Gastos de representación,326727000.0,320733000.0
2018,4,Salud,Otros gastos del personal,7050001072.0,7048092801.0
2018,4,Salud,Personal contratado,87502423966.0,86103457767.0
2018,4,Salud,Remuneraciones temporales,4740450632.0,4694934808.0
2018,4,Salud,Sueldo básico,177226720972.0,170860805087.0
2018,4,Servicio civil del Ejecutivo,Bonificaciones y asignaciones,14976377574.0,14976377574.0
2018,4,Servicio civil del Ejecutivo,Gastos de representación,1263327018.0,1260975068.0
2018,4,Servicio civil del Ejecutivo,Otros gastos del personal,1758844021.0,1758844021.0
2018,4,Servicio civil del Ejecutivo,Personal contratado,37076084017.0,31727883351.0
2018,4,Servicio civil del Ejecutivo,Remuneraciones temporales,5649545598.0,5649545598.0
2018,4,Servicio civil del Ejecutivo,Servicio exterior,11141328167.0,11141328167.0
2018,4,Servicio civil del Ejecutivo,Sueldo básico,61803461571.0,61665973542.0
2018,5,Educación,Aguinaldo,1483713.0,933284.0
2018,5,Educación,Bonificaciones y asignaciones,46879208697.0,45801359242.0
2018,5,Educación,Dietas,548940894.0,532438674.0
2018,5,Educación,Gastos de representación,3603027897.0,3521806765.0
2018,5,Educación,Otros gastos del personal,4036771653.0,4031182527.0
2018,5,Educación,Personal contratado,8478197045.0,8126162226.0
2018,5,Educación,Remuneraciones temporales,1102209235.0,1057542271.0
2018,5,Educación,Sueldo básico,411537898200.0,399054288741.0
2018,5,Empresas públicas,Aguinaldo,8757000.0,8757000.0
2018,5,Empresas públicas,Bonificaciones y asignaciones,24047387873.0,23112243696.0
2018,5,Empresas públicas,Dietas,17600000.0,17600000.0
2018,5,Empresas públicas,Gastos de representación,120767203.0,119789308.0
2018,5,Empresas públicas,Otros gastos del personal,434659228.0,426074556.0
2018,5,Empresas públicas,Personal contratado,6827616516.0,6368905474.0
2018,5,Empresas públicas,Remuneraciones temporales,7725823550.0,6967242015.0
2018,5,Empresas públicas,Sueldo básico,41905577076.0,37213579543.0
2018,5,Entes autónomos y autárquicos,Aguinaldo,0.0,0.0
2018,5,Entes autónomos y autárquicos,Bonificaciones y asignaciones,7325616419.0,6776218359.0
2018,5,Entes autónomos y autárquicos,Dietas,328833400.0,322593400.0
2018,5,Entes autónomos y autárquicos,Gastos de representación,530708878.0,478441606.0
2018,5,Entes autónomos y autárquicos,Otros gastos del personal,1631042641.0,1548047395.0
2018,5,Entes autónomos y autárquicos,Personal contratado,6576843910.0,6414132352.0
2018,5,Entes autónomos y autárquicos,Remuneraciones temporales,3154149579.0,2921819659.0
2018,5,Entes autónomos y autárquicos,Sueldo básico,39579864487.0,34967027697.0
2018,5,Fuerzas públicas,Bonificaciones y asignaciones,59630918392.0,59630918392.0
2018,5,Fuerzas públicas,Gastos de representación,599206528.0,598427728.0
2018,5,Fuerzas públicas,Otros gastos del personal,8983960006.0,8983960006.0
2018,5,Fuerzas públicas,Personal contratado,1162198240.0,1143241181.0
2018,5,Fuerzas públicas,Remuneraciones temporales,371377405.0,371377405.0
2018,5,Fuerzas públicas,Servicio exterior,745969450.0,745969450.0
2018,5,Fuerzas públicas,Sueldo básico,181692465759.0,181666810945.0
2018,5,Gobiernos departamentales,Bonificaciones y asignaciones,463999711.0,424199946.0
2018,5,Gobiernos departamentales,Dietas,1207840807.0,1152619157.0
2018,5,Gobiernos departamentales,Gastos de representación,225509600.0,210741521.0
2018,5,Gobiernos departamentales,Otros gastos del personal,157894419.0,155432543.0
2018,5,Gobiernos departamentales,Personal contratado,2901171068.0,2838198367.0
2018,5,Gobiernos departamentales,Remuneraciones temporales,43291178.0,38891063.0
2018,5,Gobiernos departamentales,Sueldo básico,3630776421.0,3246739874.0
2018,5,Municipalidades,Aguinaldo,46350000.0,23250000.0
2018,5,Municipalidades,Bonificaciones y asignaciones,1907353181.0,1854043958.0
2018,5,Municipalidades,Dietas,6174943921.0,5604096960.0
2018,5,Municipalidades,Gastos de representación,4534681701.0,4186937920.0
2018,5,Municipalidades,Otros gastos del personal,133428707.0,133312314.0
2018,5,Municipalidades,Personal contratado,27888060159.0,26188930515.0
2018,5,Municipalidades,Remuneraciones temporales,275993423.0,269875099.0
2018,5,Municipalidades,Sueldo básico,13893309450.0,11441752607.0
2018,5,Otros organismos,Bonificaciones y asignaciones,12566556834.0,11596790798.0
2018,5,Otros organismos,Dietas,194314788.0,177521215.0
2018,5,Otros organismos,Gastos de representación,687642880.0,639543466.0
2018,5,Otros organismos,Otros gastos del personal,176182803.0,172143593.0
2018,5,Otros organismos,Personal contratado,2363292313.0,2209308619.0
2018,5,Otros organismos,Remuneraciones temporales,1393970950.0,1347800230.0
2018,5,Otros organismos,Sueldo básico,33452567819.0,30690915647.0
2018,5,Poder Judicial,Bonificaciones y asignaciones,5712782248.0,5712782248.0
2018,5,Poder Judicial,Dietas,148034200.0,148034200.0
2018,5,Poder Judicial,Gastos de representación,6575583620.0,6544200286.0
2018,5,Poder Judicial,Otros gastos del personal,2258639522.0,2258639522.0
2018,5,Poder Judicial,Personal contratado,10518088368.0,10423710119.0
2018,5,Poder Judicial,Remuneraciones temporales,1738000993.0,1738000993.0
2018,5,Poder Judicial,Sueldo básico,117621384505.0,117200217492.0
2018,5,Poder Legislativo,Bonificaciones y asignaciones,2209514975.0,2209514975.0
2018,5,Poder Legislativo,Dietas,4233778120.0,4233778120.0
2018,5,Poder Legislativo,Gastos de representación,1449111232.0,1449111232.0
2018,5,Poder Legislativo,Personal contratado,3687320923.0,3687320923.0
2018,5,Poder Legislativo,Remuneraciones temporales,181311720.0,181311720.0
2018,5,Poder Legislativo,Sueldo básico,17175802800.0,17175802800.0
2018,5,SA del Estado,Bonificaciones y asignaciones,6300640925.0,6274805020.0
2018,5,SA del Estado,Dietas,286282344.0,251583191.0
2018,5,SA del Estado,Gastos de representación,157440000.0,157440000.0
2018,5,SA del Estado,Otros gastos del personal,8600000.0,8600000.0
2018,5,SA del Estado,Personal contratado,99319487.0,96881278.0
2018,5,SA del Estado,Remuneraciones temporales,1070027071.0,1033068462.0
2018,5,SA del Estado,Sueldo básico,23021677667.0,21185359718.0
2018,5,Salud,Bonificaciones y asignaciones,17306769942.0,16723421580.0
2018,5,Salud,Dietas,85000000.0,85000000.0
2018,5,Salud,Gastos de representación,326763800.0,320705000.0
2018,5,Salud,Otros gastos del personal,7033457205.0,7031547755.0
2018,5,Salud,Personal contratado,89427859212.0,88032847478.0
2018,5,Salud,Remuneraciones temporales,4895325197.0,4849351565.0
2018,5,Salud,Sueldo básico,176777553777.0,170331481375.0
2018,5,Servicio civil del Ejecutivo,Bonificaciones y asignaciones,14635923159.0,14635923159.0
2018,5,Servicio civil del Ejecutivo,Gastos de representación,1269850918.0,1265961522.0
2018,5,Servicio civil del Ejecutivo,Otros gastos del personal,3008593343.0,3008593343.0
2018,5,Servicio civil del Ejecutivo,Personal contratado,36582366567.0,31719018497.0
2018,5,Servicio civil del Ejecutivo,Remuneraciones temporales,5614789010.0,5614789010.0
2018,5,Servicio civil del Ejecutivo,Servicio exterior,11574737707.0,11574737707.0
2018,5,Servicio civil del Ejecutivo,Sueldo básico,61757684940.0,61657534105.0
2018,6,Educación,Aguinaldo,1483713.0,933284.0
2018,6,Educación,Bonificaciones y asignaciones,47784938671.0,46706182009.0
2018,6,Educación,Dietas,545671371.0,531330538.0
2018,6,Educación,Gastos de representación,3603223697.0,3522470766.0
2018,6,Educación,Otros gastos del personal,7305659234.0,7296549993.0
2018,6,Educación,Personal contratado,8573346007.0,8048156550.0
2018,6,Educación,Remuneraciones temporales,1160954607.0,1114019900.0
2018,6,Educación,Sueldo básico,412998649904.0,400654164501.0
2018,6,Empresas públicas,Bonificaciones y asignaciones,28639338989.0,27707684980.0
2018,6,Empresas públicas,Dietas,17600000.0,17600000.0
2018,6,Empresas públicas,Gastos de representación,117810100.0,116832205.0
2018,6,Empresas públicas,Otros gastos del personal,445963060.0,437378388.0
2018,6,Empresas públicas,Personal contratado,6374198011.0,6058118212.0
2018,6,Empresas públicas,Remuneraciones temporales,8601697036.0,7750137661.0
2018,6,Empresas públicas,Sueldo básico,42037163822.0,37390089178.0
2018,6,Entes autónomos y autárquicos,Aguinaldo,0.0,0.0
2018,6,Entes autónomos y autárquicos,Bonificaciones y asignaciones,6009416682.0,5463146450.0
2018,6,Entes autónomos y autárquicos,Dietas,328833400.0,322593400.0
2018,6,Entes autónomos y autárquicos,Gastos de representación,538426855.0,480804791.0
2018,6,Entes autónomos y autárquicos,Otros gastos del personal,1747386394.0,1668824301.0
2018,6,Entes autónomos y autárquicos,Personal contratado,6636705192.0,6459048274.0
2018,6,Entes autónomos y autárquicos,Remuneraciones temporales,3283544275.0,3046931335.0
2018,6,Entes autónomos y autárquicos,Sueldo básico,39617724263.0,34822456125.0
2018,6,Fuerzas públicas,Bonificaciones y asignaciones,59640787092.0,59640787092.0
2018,6,Fuerzas públicas,Gastos de representación,600569528.0,600569528.0
2018,6,Fuerzas públicas,Otros gastos del personal,9035235490.0,9035235490.0
2018,6,Fuerzas públicas,Personal contratado,1169484270.0,1133419227.0
2018,6,Fuerzas públicas,Remuneraciones temporales,397016099.0,397016099.0
2018,6,Fuerzas públicas,Servicio exterior,751692320.0,751692320.0
2018,6,Fuerzas públicas,Sueldo básico,181916738306.0,181902500149.0
2018,6,Gobiernos departamentales,Bonificaciones y asignaciones,485477432.0,445917044.0
2018,6,Gobiernos departamentales,Dietas,1208061585.0,1152839935.0
2018,6,Gobiernos departamentales,Gastos de representación,220863260.0,206095181.0
2018,6,Gobiernos departamentales,Otros gastos del personal,162803627.0,160341751.0
2018,6,Gobiernos departamentales,Personal contratado,2809460443.0,2747801378.0
2018,6,Gobiernos departamentales,Remuneraciones temporales,43291178.0,38891063.0
2018,6,Gobiernos departamentales,Sueldo básico,3643679735.0,3252306803.0
2018,6,Municipalidades,Aguinaldo,703931966.0,680631966.0
2018,6,Municipalidades,Bonificaciones y asignaciones,2027930002.0,1971019931.0
2018,6,Municipalidades,Dietas,6059282502.0,5512772992.0
2018,6,Municipalidades,Gastos de representación,4527891647.0,4181483365.0
2018,6,Municipalidades,Otros gastos del personal,130184387.0,130067994.0
2018,6,Municipalidades,Personal contratado,28493730262.0,26827705619.0
2018,6,Municipalidades,Remuneraciones temporales,194217629.0,187943201.0
2018,6,Municipalidades,Sueldo básico,13814955352.0,11351637781.0
2018,6,Otros organismos,Bonificaciones y asignaciones,7142514913.0,6109245540.0
2018,6,Otros organismos,Dietas,149114788.0,136104035.0
2018,6,Otros organismos,Gastos de representación,670468247.0,624917688.0
2018,6,Otros organismos,Otros gastos del personal,142393917.0,138404207.0
2018,6,Otros organismos,Personal contratado,1992354051.0,1820036994.0
2018,6,Otros organismos,Remuneraciones temporales,1586700685.0,1541535615.0
2018,6,Otros organismos,Sueldo básico,32914795971.0,30258850773.0
2018,6,Poder Judicial,Bonificaciones y asignaciones,5881740716.0,5881740716.0
2018,6,Poder Judicial,Dietas,148034200.0,148034200.0
2018,6,Poder Judicial,Gastos de representación,6573333620.0,6547375287.0
2018,6,Poder Judicial,Otros gastos del personal,2287460417.0,2287460417.0
2018,6,Poder Judicial,Personal contratado,10626579297.0,10402173186.0
2018,6,Poder Judicial,Remuneraciones temporales,1302918091.0,1302918091.0
2018,6,Poder Judicial,Sueldo básico,117780925365.0,117325971759.0
2018,6,Poder Legislativo,Bonificaciones y asignaciones,2251460001.0,2251460001.0
2018,6,Poder Legislativo,Dietas,4233778120.0,4233778120.0
2018,6,Poder Legislativo,Gastos de representación,1449111232.0,1449111232.0
2018,6,Poder Legislativo,Personal contratado,3205378675.0,3205378675.0
2018,6,Poder Legislativo,Remuneraciones temporales,196375453.0,196375453.0
2018,6,Poder Legislativo,Sueldo básico,17628008273.0,17628008273.0
2018,6,SA del Estado,Aguinaldo,2789873.0,2789873.0
2018,6,SA del Estado,Bonificaciones y asignaciones,6422093137.0,6377344459.0
2018,6,SA del Estado,Dietas,249153949.0,247500937.0
2018,6,SA del Estado,Gastos de representación,158146666.0,158146666.0
2018,6,SA del Estado,Otros gastos del personal,8600000.0,8600000.0
2018,6,SA del Estado,Personal contratado,115128615.0,108675887.0
2018,6,SA del Estado,Remuneraciones temporales,1063993217.0,1051693550.0
2018,6,SA del Estado,Sueldo básico,22953679176.0,21262112445.0
2018,6,Salud,Bonificaciones y asignaciones,17688647844.0,17049714865.0
2018,6,Salud,Dietas,85000000.0,80410000.0
2018,6,Salud,Gastos de representación,325858100.0,319766900.0
2018,6,Salud,Otros gastos del personal,7016400704.0,7014714491.0
2018,6,Salud,Personal contratado,91455027423.0,89962667892.0
2018,6,Salud,Remuneraciones temporales,5003764488.0,4957556863.0
2018,6,Salud,Sueldo básico,176586591263.0,170208157317.0
2018,6,Servicio civil del Ejecutivo,Bonificaciones y asignaciones,13448012035.0,13448012035.0
2018,6,Servicio civil del Ejecutivo,Gastos de representación,1272270718.0,1266423016.0
2018,6,Servicio civil del Ejecutivo,Otros gastos del personal,1810392659.0,1810392659.0
2018,6,Servicio civil del Ejecutivo,Personal contratado,37612477170.0,32188392560.0
2018,6,Servicio civil del Ejecutivo,Remuneraciones temporales,5771578244.0,5771578244.0
2018,6,Servicio civil del Ejecutivo,Servicio exterior,11556288932.0,11556288932.0
2018,6,Servicio civil del Ejecutivo,Sueldo básico,61759786287.0,61693073977.0
2018,7,Educación,Aguinaldo,1483713.0,933284.0
2018,7,Educación,Bonificaciones y asignaciones,46731548321.0,45648528952.0
2018,7,Educación,Dietas,542518906.0,531729121.0
2018,7,Educación,Gastos de representación,3632335797.0,3550253877.0
2018,7,Educación,Otros gastos del personal,5358851327.0,5351134396.0
2018,7,Educación,Personal contratado,8789406155.0,8434826346.0
2018,7,Educación,Remuneraciones temporales,1196094471.0,1140613306.0
2018,7,Educación,Sueldo básico,414609076485.0,402217742254.0
2018,7,Empresas públicas,Bonificaciones y asignaciones,24764711071.0,23826347178.0
2018,7,Empresas públicas,Dietas,17600000.0,17600000.0
2018,7,Empresas públicas,Gastos de representación,119338400.0,118360505.0
2018,7,Empresas públicas,Otros gastos del personal,3747691158.0,3739106486.0
2018,7,Empresas públicas,Personal contratado,6531972910.0,6209334528.0
2018,7,Empresas públicas,Remuneraciones temporales,8131676298.0,7330963969.0
2018,7,Empresas públicas,Sueldo básico,41839281139.0,37173923493.0
2018,7,Entes autónomos y autárquicos,Aguinaldo,0.0,0.0
2018,7,Entes autónomos y autárquicos,Bonificaciones y asignaciones,6713565774.0,6167356820.0
2018,7,Entes autónomos y autárquicos,Dietas,328833400.0,322593400.0
2018,7,Entes autónomos y autárquicos,Gastos de representación,527597485.0,475604696.0
2018,7,Entes autónomos y autárquicos,Otros gastos del personal,1579959800.0,1500293442.0
2018,7,Entes autónomos y autárquicos,Personal contratado,6219080402.0,6010157704.0
2018,7,Entes autónomos y autárquicos,Remuneraciones temporales,3343683391.0,3094571806.0
2018,7,Entes autónomos y autárquicos,Sueldo básico,39743991310.0,35011245202.0
2018,7,Fuerzas públicas,Bonificaciones y asignaciones,60105008842.0,60105008842.0
2018,7,Fuerzas públicas,Gastos de representación,600871028.0,600871028.0
2018,7,Fuerzas públicas,Otros gastos del personal,10086933245.0,10086933245.0
2018,7,Fuerzas públicas,Personal contratado,1176245272.0,1140811582.0
2018,7,Fuerzas públicas,Remuneraciones temporales,403909901.0,403909901.0
2018,7,Fuerzas públicas,Servicio exterior,759145360.0,759145360.0
2018,7,Fuerzas públicas,Sueldo básico,181465167908.0,181453195998.0
2018,7,Gobiernos departamentales,Bonificaciones y asignaciones,476060275.0,435203605.0
2018,7,Gobiernos departamentales,Dietas,1208085095.0,1152863445.0
2018,7,Gobiernos departamentales,Gastos de representación,220866324.0,206098245.0
2018,7,Gobiernos departamentales,Otros gastos del personal,156763027.0,153075648.0
2018,7,Gobiernos departamentales,Personal contratado,2588097280.0,2526438215.0
2018,7,Gobiernos departamentales,Remuneraciones temporales,39954235.0,35558394.0
2018,7,Gobiernos departamentales,Sueldo básico,3633102112.0,3244539679.0
2018,7,Municipalidades,Aguinaldo,64971154.0,41921154.0
2018,7,Municipalidades,Bonificaciones y asignaciones,1938935951.0,1882903361.0
2018,7,Municipalidades,Dietas,6248410705.0,5704040082.0
2018,7,Municipalidades,Gastos de representación,4713707951.0,4357607424.0
2018,7,Municipalidades,Otros gastos del personal,165733030.0,165501637.0
2018,7,Municipalidades,Personal contratado,29460072686.0,27884955675.0
2018,7,Municipalidades,Remuneraciones temporales,251483162.0,245482542.0
2018,7,Municipalidades,Sueldo básico,14585983058.0,11896052503.0
2018,7,Otros organismos,Bonificaciones y asignaciones,11066657158.0,9916923273.0
2018,7,Otros organismos,Dietas,149114788.0,134385839.0
2018,7,Otros organismos,Gastos de representación,681045380.0,635611977.0
2018,7,Otros organismos,Otros gastos del personal,155434715.0,151451055.0
2018,7,Otros organismos,Personal contratado,2241777360.0,2017099975.0
2018,7,Otros organismos,Remuneraciones temporales,1739344394.0,1696481237.0
2018,7,Otros organismos,Sueldo básico,33341797537.0,30603134613.0
2018,7,Poder Judicial,Bonificaciones y asignaciones,5981827936.0,5981827936.0
2018,7,Poder Judicial,Dietas,148034200.0,148034200.0
2018,7,Poder Judicial,Gastos de representación,6547833620.0,6514354454.0
2018,7,Poder Judicial,Otros gastos del personal,2191645381.0,2191645381.0
2018,7,Poder Judicial,Personal contratado,10367193939.0,10143752431.0
2018,7,Poder Judicial,Remuneraciones temporales,1175615372.0,1175615372.0
2018,7,Poder Judicial,Sueldo básico,117880567445.0,117406453596.0
2018,7,Poder Legislativo,Bonificaciones y asignaciones,2243821256.0,2243821256.0
2018,7,Poder Legislativo,Dietas,4204171280.0,4204171280.0
2018,7,Poder Legislativo,Gastos de representación,1434720132.0,1434720132.0
2018,7,Poder Legislativo,Personal contratado,2454036717.0,2439470050.0
2018,7,Poder Legislativo,Remuneraciones temporales,194201581.0,194201581.0
2018,7,Poder Legislativo,Sueldo básico,17655608273.0,17655608273.0
2018,7,SA del Estado,Bonificaciones y asignaciones,6659820366.0,6531344142.0
2018,7,SA del Estado,Dietas,253187030.0,251534018.0
2018,7,SA del Estado,Gastos de representación,164026667.0,164026667.0
2018,7,SA del Estado,Otros gastos del personal,8600000.0,8600000.0
2018,7,SA del Estado,Personal contratado,113913467.0,110452085.0
2018,7,SA del Estado,Remuneraciones temporales,1214840484.0,1154921165.0
2018,7,SA del Estado,Sueldo básico,22759599343.0,21090365269.0
2018,7,Salud,Bonificaciones y asignaciones,18388056212.0,17754558919.0
2018,7,Salud,Dietas,85000000.0,85000000.0
2018,7,Salud,Gastos de representación,326043800.0,320049800.0
2018,7,Salud,Otros gastos del personal,7009915304.0,7008007174.0
2018,7,Salud,Personal contratado,93095334889.0,90758969965.0
2018,7,Salud,Remuneraciones temporales,5140033186.0,5093548515.0
2018,7,Salud,Sueldo básico,184243126641.0,177894367683.0
2018,7,Servicio civil del Ejecutivo,Bonificaciones y asignaciones,14938530774.0,14938530774.0
2018,7,Servicio civil del Ejecutivo,Gastos de representación,1268104118.0,1259966191.0
2018,7,Servicio civil del Ejecutivo,Otros gastos del personal,2210826501.0,2210826501.0
2018,7,Servicio civil del Ejecutivo,Personal contratado,38260754036.0,33360687116.0
2018,7,Servicio civil del Ejecutivo,Remuneraciones temporales,5923904704.0,5923904704.0
2018,7,Servicio civil del Ejecutivo,Servicio exterior,11817544060.0,11817544060.0
2018,7,Servicio civil del Ejecutivo,Sueldo básico,61783233303.0,61598746175.0
2018,8,Educación,Aguinaldo,1483713.0,933284.0
2018,8,Educación,Bonificaciones y asignaciones,46529117836.0,45445951252.0
2018,8,Educación,Dietas,553500006.0,543388731.0
2018,8,Educación,Gastos de representación,3586051097.0,3489683870.0
2018,8,Educación,Otros gastos del personal,3616892629.0,3614028163.0
2018,8,Educación,Personal contratado,9183652990.0,8741481376.0
2018,8,Educación,Remuneraciones temporales,1068747788.0,1031875461.0
2018,8,Educación,Sueldo básico,415109445327.0,402657979418.0
2018,8,Empresas públicas,Bonificaciones y asignaciones,15835688264.0,14865482862.0
2018,8,Empresas públicas,Dietas,17600000.0,17600000.0
2018,8,Empresas públicas,Gastos de representación,110126853.0,107695838.0
2018,8,Empresas públicas,Otros gastos del personal,437555704.0,429066657.0
2018,8,Empresas públicas,Personal contratado,3909192488.0,3720303831.0
2018,8,Empresas públicas,Remuneraciones temporales,8153197183.0,7343482212.0
2018,8,Empresas públicas,Sueldo básico,43474597149.0,38022130711.0
2018,8,Entes autónomos y autárquicos,Aguinaldo,0.0,0.0
2018,8,Entes autónomos y autárquicos,Bonificaciones y asignaciones,6190943854.0,5641031251.0
2018,8,Entes autónomos y autárquicos,Dietas,328833400.0,322593400.0
2018,8,Entes autónomos y autárquicos,Gastos de representación,517792827.0,442195175.0
2018,8,Entes autónomos y autárquicos,Otros gastos del personal,1625823268.0,1555846406.0
2018,8,Entes autónomos y autárquicos,Personal contratado,6319199547.0,6116934826.0
2018,8,Entes autónomos y autárquicos,Remuneraciones temporales,3224016010.0,2982643236.0
2018,8,Entes autónomos y autárquicos,Sueldo básico,39730855770.0,34791119526.0
2018,8,Fuerzas públicas,Bonificaciones y asignaciones,60496476048.0,60496476048.0
2018,8,Fuerzas públicas,Gastos de representación,599708728.0,594310578.0
2018,8,Fuerzas públicas,Otros gastos del personal,9065408205.0,9065408205.0
2018,8,Fuerzas públicas,Personal contratado,1205502467.0,1162945408.0
2018,8,Fuerzas públicas,Remuneraciones temporales,422382903.0,422382903.0
2018,8,Fuerzas públicas,Servicio exterior,763936600.0,763936600.0
2018,8,Fuerzas públicas,Sueldo básico,181069212229.0,181027140321.0
2018,8,Gobiernos departamentales,Bonificaciones y asignaciones,409326961.0,350918233.0
2018,8,Gobiernos departamentales,Dietas,1199096403.0,897846211.0
2018,8,Gobiernos departamentales,Gastos de representación,239124700.0,180990873.0
2018,8,Gobiernos departamentales,Otros gastos del personal,168739373.0,157247794.0
2018,8,Gobiernos departamentales,Personal contratado,2154449204.0,2083109816.0
2018,8,Gobiernos departamentales,Remuneraciones temporales,27573852.0,23656314.0
2018,8,Gobiernos departamentales,Sueldo básico,3342170479.0,2826691554.0
2018,8,Municipalidades,Aguinaldo,44350000.0,21400000.0
2018,8,Municipalidades,Bonificaciones y asignaciones,1822221283.0,1772516016.0
2018,8,Municipalidades,Dietas,6162146169.0,5758103531.0
2018,8,Municipalidades,Gastos de representación,4766039513.0,4482786201.0
2018,8,Municipalidades,Otros gastos del personal,133216962.0,132985569.0
2018,8,Municipalidades,Personal contratado,28264154330.0,26562353993.0
2018,8,Municipalidades,Remuneraciones temporales,209511424.0,203511424.0
2018,8,Municipalidades,Sueldo básico,13830537375.0,11334203552.0
2018,8,Otros organismos,Bonificaciones y asignaciones,8159540704.0,7132452856.0
2018,8,Otros organismos,Dietas,164176888.0,149371576.0
2018,8,Otros organismos,Gastos de representación,673444565.0,628336357.0
2018,8,Otros organismos,Otros gastos del personal,149559627.0,145712927.0
2018,8,Otros organismos,Personal contratado,1784650482.0,1621672433.0
2018,8,Otros organismos,Remuneraciones temporales,1607380908.0,1565717722.0
2018,8,Otros organismos,Sueldo básico,33301999536.0,30619938918.0
2018,8,Poder Judicial,Bonificaciones y asignaciones,5667908313.0,5667908313.0
2018,8,Poder Judicial,Dietas,148034200.0,148034200.0
2018,8,Poder Judicial,Gastos de representación,6524817220.0,6496204720.0
2018,8,Poder Judicial,Otros gastos del personal,2201764090.0,2201764090.0
2018,8,Poder Judicial,Personal contratado,10285627174.0,10171302846.0
2018,8,Poder Judicial,Remuneraciones temporales,1160634811.0,1160634811.0
2018,8,Poder Judicial,Sueldo básico,117909132286.0,117284932337.0
2018,8,Poder Legislativo,Bonificaciones y asignaciones,2217170178.0,2217170178.0
2018,8,Poder Legislativo,Dietas,4233778120.0,4213053332.0
2018,8,Poder Legislativo,Gastos de representación,1450510132.0,1437191242.0
2018,8,Poder Legislativo,Otros gastos del personal,27856838.0,27856838.0
2018,8,Poder Legislativo,Personal contratado,3384748092.0,3384164759.0
2018,8,Poder Legislativo,Remuneraciones temporales,215141149.0,215141149.0
2018,8,Poder Legislativo,Sueldo básico,17659908273.0,17658308263.0
2018,8,SA del Estado,Aguinaldo,1462609258.0,1462609258.0
2018,8,SA del Estado,Bonificaciones y asignaciones,6351510145.0,6249748136.0
2018,8,SA del Estado,Dietas,232874030.0,231221018.0
2018,8,SA del Estado,Gastos de representación,22800000.0,22800000.0
2018,8,SA del Estado,Otros gastos del personal,8200000.0,8200000.0
2018,8,SA del Estado,Personal contratado,135091029.0,130777562.0
2018,8,SA del Estado,Remuneraciones temporales,1222974892.0,1125388490.0
2018,8,SA del Estado,Sueldo básico,23051969780.0,21380420702.0
2018,8,Salud,Bonificaciones y asignaciones,17531872293.0,16937796089.0
2018,8,Salud,Dietas,85000000.0,85000000.0
2018,8,Salud,Gastos de representación,321577133.0,314654573.0
2018,8,Salud,Otros gastos del personal,6993990728.0,6991725970.0
2018,8,Salud,Personal contratado,93674706869.0,92303974637.0
2018,8,Salud,Remuneraciones temporales,5066506496.0,5025363135.0
2018,8,Salud,Sueldo básico,183690234581.0,177849299486.0
2018,8,Servicio civil del Ejecutivo,Bonificaciones y asignaciones,13159966963.0,13159966963.0
2018,8,Servicio civil del Ejecutivo,Gastos de representación,1231972132.0,1139155313.0
2018,8,Servicio civil del Ejecutivo,Otros gastos del personal,1990857652.0,1990857652.0
2018,8,Servicio civil del Ejecutivo,Personal contratado,37059183538.0,31780888992.0
2018,8,Servicio civil del Ejecutivo,Remuneraciones temporales,6141014755.0,6141014755.0
2018,8,Servicio civil del Ejecutivo,Servicio exterior,11592920705.0,11592920705.0
2018,8,Servicio civil del Ejecutivo,Sueldo básico,61355730580.0,60868684170.0
2018,9,Educación,Aguinaldo,1483713.0,933284.0
2018,9,Educación,Bonificaciones y asignaciones,46871410470.0,45788739085.0
2018,9,Educación,Dietas,566609094.0,555015087.0
2018,9,Educación,Gastos de representación,3584359197.0,3501407940.0
2018,9,Educación,Otros gastos del personal,4256702679.0,4249531926.0
2018,9,Educación,Personal contratado,8720537318.0,8348241031.0
2018,9,Educación,Remuneraciones temporales,1056416538.0,1018867219.0
2018,9,Educación,Sueldo básico,421410270349.0,406617271240.0
2018,9,Empresas públicas,Bonificaciones y asignaciones,26241747449.0,25261378637.0
2018,9,Empresas públicas,Dietas,26400000.0,24992000.0
2018,9,Empresas públicas,Gastos de representación,118183739.0,114348834.0
2018,9,Empresas públicas,Otros gastos del personal,273050541.0,269798530.0
2018,9,Empresas públicas,Personal contratado,5001046806.0,4798697540.0
2018,9,Empresas públicas,Remuneraciones temporales,8388684046.0,7546838201.0
2018,9,Empresas públicas,Sueldo básico,43543985015.0,38663989854.0
2018,9,Entes autónomos y autárquicos,Aguinaldo,12000000.0,12000000.0
2018,9,Entes autónomos y autárquicos,Bonificaciones y asignaciones,6591352481.0,6037678247.0
2018,9,Entes autónomos y autárquicos,Dietas,341833400.0,323321400.0
2018,9,Entes autónomos y autárquicos,Gastos de representación,526002244.0,446785450.0
2018,9,Entes autónomos y autárquicos,Otros gastos del personal,1534193748.0,1444715812.0
2018,9,Entes autónomos y autárquicos,Personal contratado,6027412544.0,5818696634.0
2018,9,Entes autónomos y autárquicos,Remuneraciones temporales,3232892836.0,2998233893.0
2018,9,Entes autónomos y autárquicos,Sueldo básico,39742677509.0,34877804073.0
2018,9,Fuerzas públicas,Bonificaciones y asignaciones,60574965242.0,60574965242.0
2018,9,Fuerzas públicas,Gastos de representación,593512128.0,593512128.0
2018,9,Fuerzas públicas,Otros gastos del personal,9088858695.0,9088858695.0
2018,9,Fuerzas públicas,Personal contratado,1202851724.0,1157564665.0
2018,9,Fuerzas públicas,Remuneraciones temporales,453752841.0,453752841.0
2018,9,Fuerzas públicas,Servicio exterior,776713240.0,776713240.0
2018,9,Fuerzas públicas,Sueldo básico,179850181208.0,179840135967.0
2018,9,Gobiernos departamentales,Bonificaciones y asignaciones,532508000.0,484264639.0
2018,9,Gobiernos departamentales,Dietas,1505062443.0,1406563473.0
2018,9,Gobiernos departamentales,Gastos de representación,262547900.0,238401788.0
2018,9,Gobiernos departamentales,Otros gastos del personal,182904250.0,182364250.0
2018,9,Gobiernos departamentales,Personal contratado,2334464837.0,2275098035.0
2018,9,Gobiernos departamentales,Remuneraciones temporales,25428543.0,24541160.0
2018,9,Gobiernos departamentales,Sueldo básico,3388490139.0,2997031568.0
2018,9,Municipalidades,Aguinaldo,46350000.0,23400000.0
2018,9,Municipalidades,Bonificaciones y asignaciones,1820967243.0,1769519803.0
2018,9,Municipalidades,Dietas,6200106314.0,5800817909.0
2018,9,Municipalidades,Gastos de representación,4663784112.0,4325604552.0
2018,9,Municipalidades,Otros gastos del personal,134854095.0,134622702.0
2018,9,Municipalidades,Personal contratado,28229856881.0,26539365523.0
2018,9,Municipalidades,Remuneraciones temporales,176395567.0,170323662.0
2018,9,Municipalidades,Sueldo básico,13930536632.0,11367834961.0
2018,9,Otros organismos,Bonificaciones y asignaciones,9445478717.0,8516593153.0
2018,9,Otros organismos,Dietas,149303821.0,131799306.0
2018,9,Otros organismos,Gastos de representación,671136344.0,623840418.0
2018,9,Otros organismos,Otros gastos del personal,132734560.0,128927447.0
2018,9,Otros organismos,Personal contratado,2103816827.0,1934813829.0
2018,9,Otros organismos,Remuneraciones temporales,1471057057.0,1428046104.0
2018,9,Otros organismos,Sueldo básico,33476386404.0,30701790570.0
2018,9,Poder Judicial,Bonificaciones y asignaciones,5511133398.0,5511133398.0
2018,9,Poder Judicial,Dietas,148034200.0,148034200.0
2018,9,Poder Judicial,Gastos de representación,6515958620.0,6465562760.0
2018,9,Poder Judicial,Otros gastos del personal,2289080637.0,2289080637.0
2018,9,Poder Judicial,Personal contratado,10356797726.0,10181293657.0
2018,9,Poder Judicial,Remuneraciones temporales,1152664156.0,1152664156.0
2018,9,Poder Judicial,Sueldo básico,117878263322.0,117158996194.0
2018,9,Poder Legislativo,Bonificaciones y asignaciones,2173048451.0,2173048451.0
2018,9,Poder Legislativo,Dietas,4174564440.0,4174564440.0
2018,9,Poder Legislativo,Gastos de representación,1455568132.0,1452701932.0
2018,9,Poder Legislativo,Personal contratado,3433664236.0,3416770903.0
2018,9,Poder Legislativo,Remuneraciones temporales,224227411.0,224227411.0
2018,9,Poder Legislativo,Sueldo básico,17596184273.0,17596184273.0
2018,9,SA del Estado,Aguinaldo,432917688.0,432917688.0
2018,9,SA del Estado,Bonificaciones y asignaciones,6423327366.0,6304511106.0
2018,9,SA del Estado,Dietas,142165084.0,128501964.0
2018,9,SA del Estado,Gastos de representación,22200000.0,22200000.0
2018,9,SA del Estado,Otros gastos del personal,7800000.0,7800000.0
2018,9,SA del Estado,Personal contratado,184774887.0,178034482.0
2018,9,SA del Estado,Remuneraciones temporales,1159194417.0,1105528124.0
2018,9,SA del Estado,Sueldo básico,23043179020.0,21386243325.0
2018,9,Salud,Bonificaciones y asignaciones,19037178143.0,18402627102.0
2018,9,Salud,Dietas,81600000.0,81600000.0
2018,9,Salud,Gastos de representación,337681566.0,330821166.0
2018,9,Salud,Otros gastos del personal,7712234281.0,7710752501.0
2018,9,Salud,Personal contratado,81311444917.0,79888059353.0
2018,9,Salud,Remuneraciones temporales,5015879905.0,4970603952.0
2018,9,Salud,Sueldo básico,197616618481.0,191317257150.0
2018,9,Servicio civil del Ejecutivo,Bonificaciones y asignaciones,12954542729.0,12954542729.0
2018,9,Servicio civil del Ejecutivo,Gastos de representación,1205237038.0,1162182103.0
2018,9,Servicio civil del Ejecutivo,Otros gastos del personal,2038908382.0,2038908382.0
2018,9,Servicio civil del Ejecutivo,Personal contratado,36410727193.0,31138391830.0
2018,9,Servicio civil del Ejecutivo,Remuneraciones temporales,5574503712.0,5574503712.0
2018,9,Servicio civil del Ejecutivo,Servicio exterior,12113253131.0,12113253131.0
2018,9,Servicio civil del Ejecutivo,Sueldo básico,61274532119.0,61161470220.0
2018,10,Educación,Aguinaldo,1483713.0,933284.0
2018,10,Educación,Bonificaciones y asignaciones,46649635425.0,45533739986.0
2018,10,Educación,Dietas,543774206.0,535835794.0
2018,10,Educación,Gastos de representación,3625521197.0,3521359877.0
2018,10,Educación,Otros gastos del personal,4075003226.0,4045831714.0
2018,10,Educación,Personal contratado,9729071558.0,9401908152.0
2018,10,Educación,Remuneraciones temporales,1254340202.0,1200398534.0
2018,10,Educación,Sueldo básico,414889985624.0,402106888894.0
2018,10,Empresas públicas,Bonificaciones y asignaciones,15716441633.0,14685160866.0
2018,10,Empresas públicas,Dietas,26400000.0,26400000.0
2018,10,Empresas públicas,Gastos de representación,124781508.0,123845931.0
2018,10,Empresas públicas,Otros gastos del personal,341581575.0,336681212.0
2018,10,Empresas públicas,Personal contratado,4581298973.0,4396836482.0
2018,10,Empresas públicas,Remuneraciones temporales,8401970269.0,7584018033.0
2018,10,Empresas públicas,Sueldo básico,43894387518.0,39007001528.0
2018,10,Entes autónomos y autárquicos,Aguinaldo,4000000.0,4000000.0
2018,10,Entes autónomos y autárquicos,Bonificaciones y asignaciones,5922908355.0,5401606584.0
2018,10,Entes autónomos y autárquicos,Dietas,342133400.0,335893400.0
2018,10,Entes autónomos y autárquicos,Gastos de representación,510654582.0,457930027.0
2018,10,Entes autónomos y autárquicos,Otros gastos del personal,1527359629.0,1442849162.0
2018,10,Entes autónomos y autárquicos,Personal contratado,6058872442.0,5876521399.0
2018,10,Entes autónomos y autárquicos,Remuneraciones temporales,3398734057.0,3163687022.0
2018,10,Entes autónomos y autárquicos,Sueldo básico,39947175316.0,35174421706.0
2018,10,Fuerzas públicas,Bonificaciones y asignaciones,60997266183.0,60997266183.0
2018,10,Fuerzas públicas,Gastos de representación,597142228.0,597142228.0
2018,10,Fuerzas públicas,Otros gastos del personal,9868588586.0,9868588586.0
2018,10,Fuerzas públicas,Personal contratado,1219960009.0,1185826319.0
2018,10,Fuerzas públicas,Remuneraciones temporales,443728407.0,443728407.0
2018,10,Fuerzas públicas,Servicio exterior,784831730.0,784831730.0
2018,10,Fuerzas públicas,Sueldo básico,179706125516.0,179696080275.0
2018,10,Gobiernos departamentales,Bonificaciones y asignaciones,531150813.0,483769735.0
2018,10,Gobiernos departamentales,Dietas,1497766223.0,1439396463.0
2018,10,Gobiernos departamentales,Gastos de representación,282789500.0,263460924.0
2018,10,Gobiernos departamentales,Otros gastos del personal,166115450.0,165425450.0
2018,10,Gobiernos departamentales,Personal contratado,2624851628.0,2577977673.0
2018,10,Gobiernos departamentales,Remuneraciones temporales,25228495.0,24373120.0
2018,10,Gobiernos departamentales,Sueldo básico,3734230648.0,3328113423.0
2018,10,Municipalidades,Aguinaldo,51090376.0,28140376.0
2018,10,Municipalidades,Bonificaciones y asignaciones,2132166392.0,2089674423.0
2018,10,Municipalidades,Dietas,6159152006.0,5751471877.0
2018,10,Municipalidades,Gastos de representación,4650206561.0,4350988448.0
2018,10,Municipalidades,Otros gastos del personal,150517193.0,150085800.0
2018,10,Municipalidades,Personal contratado,28584052653.0,26839978665.0
2018,10,Municipalidades,Remuneraciones temporales,176981942.0,170875116.0
2018,10,Municipalidades,Sueldo básico,13859589840.0,11282566584.0
2018,10,Otros organismos,Aguinaldo,2041667.0,2041667.0
2018,10,Otros organismos,Bonificaciones y asignaciones,8202995805.0,7155958983.0
2018,10,Otros organismos,Dietas,116635488.0,98602376.0
2018,10,Otros organismos,Gastos de representación,662910722.0,610127878.0
2018,10,Otros organismos,Otros gastos del personal,191798117.0,182192874.0
2018,10,Otros organismos,Personal contratado,2060934264.0,1894358014.0
2018,10,Otros organismos,Remuneraciones temporales,1552068082.0,1505783139.0
2018,10,Otros organismos,Sueldo básico,33548426760.0,30828005832.0
2018,10,Poder Judicial,Bonificaciones y asignaciones,5577989603.0,5577989603.0
2018,10,Poder Judicial,Dietas,148034200.0,148034200.0
2018,10,Poder Judicial,Gastos de representación,6487000220.0,6423296053.0
2018,10,Poder Judicial,Otros gastos del personal,2218240499.0,2218240499.0
2018,10,Poder Judicial,Personal contratado,9956146083.0,9832462882.0
2018,10,Poder Judicial,Remuneraciones temporales,1167323497.0,1167323497.0
2018,10,Poder Judicial,Sueldo básico,118041344758.0,117298287194.0
2018,10,Poder Legislativo,Bonificaciones y asignaciones,2237134523.0,2237134523.0
2018,10,Poder Legislativo,Dietas,4233778120.0,4233778120.0
2018,10,Poder Legislativo,Gastos de representación,1456967032.0,1456967032.0
2018,10,Poder Legislativo,Otros gastos del personal,62515000.0,62515000.0
2018,10,Poder Legislativo,Personal contratado,3445687912.0,3435687912.0
2018,10,Poder Legislativo,Remuneraciones temporales,241884499.0,241884499.0
2018,10,Poder Legislativo,Sueldo básico,17523434273.0,17517240728.0
2018,10,SA del Estado,Aguinaldo,158189474.0,158189474.0
2018,10,SA del Estado,Bonificaciones y asignaciones,6213078718.0,6213078718.0
2018,10,SA del Estado,Dietas,167652554.0,161098226.0
2018,10,SA del Estado,Gastos de representación,22544664.0,22544664.0
2018,10,SA del Estado,Otros gastos del personal,7800000.0,7800000.0
2018,10,SA del Estado,Personal contratado,232002152.0,223126392.0
2018,10,SA del Estado,Remuneraciones temporales,1087388863.0,1087388863.0
2018,10,SA del Estado,Sueldo básico,23090444223.0,21469935955.0
2018,10,Salud,Bonificaciones y asignaciones,20033650157.0,19377959097.0
2018,10,Salud,Dietas,85000000.0,85000000.0
2018,10,Salud,Gastos de representación,350492800.0,344052400.0
2018,10,Salud,Otros gastos del personal,7650422803.0,7649459496.0
2018,10,Salud,Personal contratado,81271510850.0,79935349306.0
2018,10,Salud,Remuneraciones temporales,5295009342.0,5113526902.0
2018,10,Salud,Sueldo básico,198054967526.0,191791068764.0
2018,10,Servicio civil del Ejecutivo,Bonificaciones y asignaciones,14288357262.0,14288357262.0
2018,10,Servicio civil del Ejecutivo,Gastos de representación,1244627554.0,1228919840.0
2018,10,Servicio civil del Ejecutivo,Otros gastos del personal,1992974617.0,1992974617.0
2018,10,Servicio civil del Ejecutivo,Personal contratado,36386551472.0,31222499422.0
2018,10,Servicio civil del Ejecutivo,Remuneraciones temporales,6200054897.0,6200054897.0
2018,10,Servicio civil del Ejecutivo,Servicio exterior,12134520650.0,12134520650.0
2018,10,Servicio civil del Ejecutivo,Sueldo básico,61303399873.0,61256663761.0
2018,11,Educación,Aguinaldo,1483713.0,933284.0
2018,11,Educación,Bonificaciones y asignaciones,46929388632.0,45803349034.0
2018,11,Educación,Dietas,537350456.0,523966715.0
2018,11,Educación,Gastos de representación,3584082297.0,3502878413.0
2018,11,Educación,Otros gastos del personal,4215210849.0,4205089274.0
2018,11,Educación,Personal contratado,9827769789.0,9590597115.0
2018,11,Educación,Remuneraciones temporales,1168089376.0,1124840389.0
2018,11,Educación,Sueldo básico,415479443982.0,402540466331.0
2018,11,Empresas públicas,Bonificaciones y asignaciones,27556076145.0,26440671328.0
2018,11,Empresas públicas,Dietas,26400000.0,26400000.0
2018,11,Empresas públicas,Gastos de representación,125712333.0,124980529.0
2018,11,Empresas públicas,Otros gastos del personal,315211609.0,310201846.0
2018,11,Empresas públicas,Personal contratado,4831175348.0,4650892896.0
2018,11,Empresas públicas,Remuneraciones temporales,7746960408.0,6992498357.0
2018,11,Empresas públicas,Sueldo básico,43782026541.0,38931579741.0
2018,11,Entes autónomos y autárquicos,Aguinaldo,0.0,0.0
2018,11,Entes autónomos y autárquicos,Bonificaciones y asignaciones,5742948967.0,5221991439.0
2018,11,Entes autónomos y autárquicos,Dietas,316733400.0,310493400.0
2018,11,Entes autónomos y autárquicos,Gastos de representación,483831915.0,437351967.0
2018,11,Entes autónomos y autárquicos,Otros gastos del personal,1588010226.0,1512167080.0
2018,11,Entes autónomos y autárquicos,Personal contratado,6381690974.0,6183106033.0
2018,11,Entes autónomos y autárquicos,Remuneraciones temporales,3888535445.0,3631236403.0
2018,11,Entes autónomos y autárquicos,Sueldo básico,39535923443.0,34747476132.0
2018,11,Fuerzas públicas,Bonificaciones y asignaciones,60806732852.0,60806732852.0
2018,11,Fuerzas públicas,Gastos de representación,586225728.0,586225728.0
2018,11,Fuerzas públicas,Otros gastos del personal,9480194003.0,9480194003.0
2018,11,Fuerzas públicas,Personal contratado,1208498314.0,1175914624.0
2018,11,Fuerzas públicas,Remuneraciones temporales,459766299.0,459766299.0
2018,11,Fuerzas públicas,Servicio exterior,786961170.0,786961170.0
2018,11,Fuerzas públicas,Sueldo básico,179717657477.0,179707612236.0
2018,11,Gobiernos departamentales,Bonificaciones y asignaciones,515434997.0,473068634.0
2018,11,Gobiernos departamentales,Dietas,1760430143.0,1702060383.0
2018,11,Gobiernos departamentales,Gastos de representación,319855100.0,300526524.0
2018,11,Gobiernos departamentales,Otros gastos del personal,216175450.0,215425450.0
2018,11,Gobiernos departamentales,Personal contratado,3048302593.0,3001746820.0
2018,11,Gobiernos departamentales,Remuneraciones temporales,22812214.0,22026635.0
2018,11,Gobiernos departamentales,Sueldo básico,3950706134.0,3540857727.0
2018,11,Municipalidades,Aguinaldo,58750561.0,36400561.0
2018,11,Municipalidades,Bonificaciones y asignaciones,1893867263.0,1851459917.0
2018,11,Municipalidades,Dietas,6155901583.0,5728153392.0
2018,11,Municipalidades,Gastos de representación,4694615362.0,4376062819.0
2018,11,Municipalidades,Otros gastos del personal,153492288.0,153192288.0
2018,11,Municipalidades,Personal contratado,28256666211.0,26533646520.0
2018,11,Municipalidades,Remuneraciones temporales,187161818.0,180158511.0
2018,11,Municipalidades,Sueldo básico,13813061113.0,11224253867.0
2018,11,Otros organismos,Bonificaciones y asignaciones,6915281380.0,5939615459.0
2018,11,Otros organismos,Dietas,154135488.0,123807639.0
2018,11,Otros organismos,Gastos de representación,672682195.0,626425905.0
2018,11,Otros organismos,Otros gastos del personal,203320198.0,191823317.0
2018,11,Otros organismos,Personal contratado,1857262676.0,1701828055.0
2018,11,Otros organismos,Remuneraciones temporales,1778431294.0,1734571772.0
2018,11,Otros organismos,Sueldo básico,33592219793.0,30828888118.0
2018,11,Poder Judicial,Bonificaciones y asignaciones,5634346031.0,5634346031.0
2018,11,Poder Judicial,Dietas,148034200.0,148034200.0
2018,11,Poder Judicial,Gastos de representación,6432149920.0,6402679085.0
2018,11,Poder Judicial,Otros gastos del personal,1676231449.0,1676231449.0
2018,11,Poder Judicial,Personal contratado,9821949141.0,9686684383.0
2018,11,Poder Judicial,Remuneraciones temporales,1331977571.0,1331977571.0
2018,11,Poder Judicial,Sueldo básico,118034533239.0,117509085317.0
2018,11,Poder Legislativo,Bonificaciones y asignaciones,2264360413.0,2264360413.0
2018,11,Poder Legislativo,Dietas,4233778120.0,4233778120.0
2018,11,Poder Legislativo,Gastos de representación,1454438032.0,1454438032.0
2018,11,Poder Legislativo,Otros gastos del personal,63175000.0,63175000.0
2018,11,Poder Legislativo,Personal contratado,3426810194.0,3419310194.0
2018,11,Poder Legislativo,Remuneraciones temporales,252890189.0,252890189.0
2018,11,Poder Legislativo,Sueldo básico,17557834273.0,17556234273.0
2018,11,SA del Estado,Aguinaldo,70563484.0,70563484.0
2018,11,SA del Estado,Bonificaciones y asignaciones,6335229655.0,6335229655.0
2018,11,SA del Estado,Dietas,243216914.0,236662586.0
2018,11,SA del Estado,Gastos de representación,20400000.0,20400000.0
2018,11,SA del Estado,Otros gastos del personal,7800000.0,7800000.0
2018,11,SA del Estado,Personal contratado,275005158.0,269659465.0
2018,11,SA del Estado,Remuneraciones temporales,1169602875.0,1169602875.0
2018,11,SA del Estado,Sueldo básico,23085006189.0,21474120900.0
2018,11,Salud,Bonificaciones y asignaciones,23023642860.0,22380309227.0
2018,11,Salud,Dietas,85000000.0,85000000.0
2018,11,Salud,Gastos de representación,347068400.0,340471400.0
2018,11,Salud,Otros gastos del personal,7708648027.0,7707908885.0
2018,11,Salud,Personal contratado,82357203810.0,81098523127.0
2018,11,Salud,Remuneraciones temporales,5377309081.0,5331717602.0
2018,11,Salud,Sueldo básico,197844681707.0,191574378139.0
2018,11,Servicio civil del Ejecutivo,Bonificaciones y asignaciones,14030054524.0,14030054524.0
2018,11,Servicio civil del Ejecutivo,Gastos de representación,1277147088.0,1273358912.0
2018,11,Servicio civil del Ejecutivo,Otros gastos del personal,2436501297.0,2436501297.0
2018,11,Servicio civil del Ejecutivo,Personal contratado,34803349813.0,30811520103.0
2018,11,Servicio civil del Ejecutivo,Remuneraciones temporales,6373002847.0,6373002847.0
2018,11,Servicio civil del Ejecutivo,Servicio exterior,12098309257.0,12098309257.0
2018,11,Servicio civil del Ejecutivo,Sueldo básico,61219288558.0,61168965224.0
2018,12,Educación,Aguinaldo,400834173835.0,397645285323.0
2018,12,Educación,Bonificaciones y asignaciones,81849694020.0,80396093646.0
2018,12,Educación,Dietas,546699143.0,537279824.0
2018,12,Educación,Gastos de representación,3604687763.0,3512697029.0
2018,12,Educación,Otros gastos del personal,5011476158.0,4989589978.0
2018,12,Educación,Personal contratado,17141233246.0,16970957713.0
2018,12,Educación,Remuneraciones temporales,1676007607.0,1639404398.0
2018,12,Educación,Sueldo básico,415810576036.0,404220627313.0
2018,12,Empresas públicas,Aguinaldo,31067016213.0,31066964373.0
2018,12,Empresas públicas,Bonificaciones y asignaciones,35740281612.0,34640807556.0
2018,12,Empresas públicas,Dietas,26400000.0,26400000.0
2018,12,Empresas públicas,Gastos de representación,119678900.0,118947096.0
2018,12,Empresas públicas,Otros gastos del personal,620650082.0,615600719.0
2018,12,Empresas públicas,Personal contratado,7469569603.0,7292234087.0
2018,12,Empresas públicas,Remuneraciones temporales,14907625394.0,14125150609.0
2018,12,Empresas públicas,Sueldo básico,43474813028.0,38739032451.0
2018,12,Entes autónomos y autárquicos,Aguinaldo,27128919912.0,26989785041.0
2018,12,Entes autónomos y autárquicos,Bonificaciones y asignaciones,17265858319.0,16675385110.0
2018,12,Entes autónomos y autárquicos,Dietas,320925050.0,314685050.0
2018,12,Entes autónomos y autárquicos,Gastos de representación,575699329.0,528367407.0
2018,12,Entes autónomos y autárquicos,Otros gastos del personal,2324512004.0,2240437982.0
2018,12,Entes autónomos y autárquicos,Personal contratado,11153248781.0,10925913131.0
2018,12,Entes autónomos y autárquicos,Remuneraciones temporales,6233143129.0,5938174858.0
2018,12,Entes autónomos y autárquicos,Sueldo básico,39637678970.0,34863924477.0
2018,12,Fuerzas públicas,Aguinaldo,179933494757.0,179933494757.0
2018,12,Fuerzas públicas,Bonificaciones y asignaciones,67398200584.0,67398200584.0
2018,12,Fuerzas públicas,Gastos de representación,587870980.0,587361540.0
2018,12,Fuerzas públicas,Otros gastos del personal,12968627523.0,12968627523.0
2018,12,Fuerzas públicas,Personal contratado,2188477752.0,2188477752.0
2018,12,Fuerzas públicas,Remuneraciones temporales,865117976.0,865117976.0
2018,12,Fuerzas públicas,Servicio exterior,1534296541.0,1534296541.0
2018,12,Fuerzas públicas,Sueldo básico,181927673971.0,181920118514.0
2018,12,Gobiernos departamentales,Aguinaldo,1946093699.0,1794701955.0
2018,12,Gobiernos departamentales,Bonificaciones y asignaciones,591227413.0,530126535.0
2018,12,Gobiernos departamentales,Dietas,1561211160.0,1506489510.0
2018,12,Gobiernos departamentales,Gastos de representación,457823620.0,443391764.0
2018,12,Gobiernos departamentales,Otros gastos del personal,158398250.0,157822250.0
2018,12,Gobiernos departamentales,Personal contratado,3093337401.0,2986338570.0
2018,12,Gobiernos departamentales,Remuneraciones temporales,21739701.0,21125724.0
2018,12,Gobiernos departamentales,Sueldo básico,3578092370.0,3211403446.0
2018,12,Municipalidades,Aguinaldo,10181940329.0,10101459218.0
2018,12,Municipalidades,Bonificaciones y asignaciones,2262955711.0,2220794513.0
2018,12,Municipalidades,Dietas,6718720607.0,6298146562.0
2018,12,Municipalidades,Gastos de representación,5218961338.0,4916424803.0
2018,12,Municipalidades,Otros gastos del personal,131804298.0,131604298.0
2018,12,Municipalidades,Personal contratado,34810610329.0,33080644672.0
2018,12,Municipalidades,Remuneraciones temporales,289231217.0,282676048.0
2018,12,Municipalidades,Sueldo básico,14151377514.0,11563021332.0
2018,12,Otros organismos,Aguinaldo,38479499096.0,38447684182.0
2018,12,Otros organismos,Bonificaciones y asignaciones,28365603157.0,27220398148.0
2018,12,Otros organismos,Dietas,154135488.0,136343893.0
2018,12,Otros organismos,Gastos de representación,691341495.0,647035518.0
2018,12,Otros organismos,Otros gastos del personal,2731964778.0,2716711500.0
2018,12,Otros organismos,Personal contratado,4868172525.0,4689587157.0
2018,12,Otros organismos,Remuneraciones temporales,2522165355.0,2457667284.0
2018,12,Otros organismos,Sueldo básico,33150932220.0,30554723601.0
2018,12,Poder Judicial,Aguinaldo,122739261538.0,122739261538.0
2018,12,Poder Judicial,Bonificaciones y asignaciones,19981439450.0,19981439450.0
2018,12,Poder Judicial,Dietas,148034200.0,148034200.0
2018,12,Poder Judicial,Gastos de representación,6406305020.0,6383425853.0
2018,12,Poder Judicial,Otros gastos del personal,1975169705.0,1975169705.0
2018,12,Poder Judicial,Personal contratado,19500411237.0,19397976532.0
2018,12,Poder Judicial,Remuneraciones temporales,2142568731.0,2142568731.0
2018,12,Poder Judicial,Sueldo básico,117876215816.0,117267184936.0
2018,12,Poder Legislativo,Aguinaldo,22944433993.0,22944433993.0
2018,12,Poder Legislativo,Bonificaciones y asignaciones,6744522816.0,6744522816.0
2018,12,Poder Legislativo,Dietas,4233778120.0,4233778120.0
2018,12,Poder Legislativo,Gastos de representación,1454438032.0,1454438032.0
2018,12,Poder Legislativo,Otros gastos del personal,84430906.0,84430906.0
2018,12,Poder Legislativo,Personal contratado,6052098592.0,6047098592.0
2018,12,Poder Legislativo,Remuneraciones temporales,441109792.0,441109792.0
2018,12,Poder Legislativo,Sueldo básico,17569734273.0,17569734273.0
2018,12,SA del Estado,Aguinaldo,483435370.0,483435370.0
2018,12,SA del Estado,Bonificaciones y asignaciones,10655843191.0,10655843191.0
2018,12,SA del Estado,Dietas,231552268.0,224997940.0
2018,12,SA del Estado,Gastos de representación,18000000.0,18000000.0
2018,12,SA del Estado,Otros gastos del personal,7800000.0,7800000.0
2018,12,SA del Estado,Personal contratado,363353592.0,357956042.0
2018,12,SA del Estado,Remuneraciones temporales,1186263447.0,1186263447.0
2018,12,SA del Estado,Sueldo básico,38696515278.0,37082100972.0
2018,12,Salud,Aguinaldo,117172951108.0,117172951108.0
2018,12,Salud,Bonificaciones y asignaciones,40268241412.0,39621811811.0
2018,12,Salud,Dietas,85900000.0,85900000.0
2018,12,Salud,Gastos de representación,342264000.0,335904600.0
2018,12,Salud,Otros gastos del personal,8402733189.0,8400267788.0
2018,12,Salud,Personal contratado,164628911777.0,163270781131.0
2018,12,Salud,Remuneraciones temporales,8295687112.0,8224711329.0
2018,12,Salud,Sueldo básico,200284140206.0,194065434336.0
2018,12,Servicio civil del Ejecutivo,Aguinaldo,61087638670.0,61087638670.0
2018,12,Servicio civil del Ejecutivo,Bonificaciones y asignaciones,35564691911.0,35564691911.0
2018,12,Servicio civil del Ejecutivo,Gastos de representación,1262736888.0,1259918204.0
2018,12,Servicio civil del Ejecutivo,Otros gastos del personal,4746040527.0,4746040527.0
2018,12,Servicio civil del Ejecutivo,Personal contratado,62534382119.0,58511922918.0
2018,12,Servicio civil del Ejecutivo,Remuneraciones temporales,10928178148.0,10928178148.0
2018,12,Servicio civil del Ejecutivo,Servicio exterior,23798694764.0,23798694764.0
2018,12,Servicio civil del Ejecutivo,Sueldo básico,61274765189.0,61242108520.0
2019,1,Educación,Aguinaldo,6134315.0,5583886.0
2019,1,Educación,Bonificaciones y asignaciones,46195175156.0,45116214030.0
2019,1,Educación,Dietas,288619046.0,263076123.0
2019,1,Educación,Gastos de representación,3699684205.0,3614016845.0
2019,1,Educación,Otros gastos del personal,4005242144.0,4001678738.0
2019,1,Educación,Personal contratado,5788436887.0,5218449450.0
2019,1,Educación,Remuneraciones temporales,324587854.0,318894213.0
2019,1,Educación,Sueldo básico,417282514278.0,403549540400.0
2019,1,Empresas públicas,Bonificaciones y asignaciones,20051608166.0,18942148883.0
2019,1,Empresas públicas,Dietas,26400000.0,26400000.0
2019,1,Empresas públicas,Gastos de representación,116364700.0,115632896.0
2019,1,Empresas públicas,Otros gastos del personal,375001957.0,369350633.0
2019,1,Empresas públicas,Personal contratado,4486005486.0,4302976497.0
2019,1,Empresas públicas,Remuneraciones temporales,7923092588.0,7139687651.0
2019,1,Empresas públicas,Sueldo básico,43764386501.0,38951725769.0
2019,1,Entes autónomos y autárquicos,Aguinaldo,300000.0,300000.0
2019,1,Entes autónomos y autárquicos,Bonificaciones y asignaciones,4278618328.0,3940148095.0
2019,1,Entes autónomos y autárquicos,Dietas,377119100.0,353486700.0
2019,1,Entes autónomos y autárquicos,Gastos de representación,522483873.0,464091186.0
2019,1,Entes autónomos y autárquicos,Otros gastos del personal,1062776492.0,1035528223.0
2019,1,Entes autónomos y autárquicos,Personal contratado,3641340519.0,3542264560.0
2019,1,Entes autónomos y autárquicos,Remuneraciones temporales,1676521911.0,1549978755.0
2019,1,Entes autónomos y autárquicos,Sueldo básico,40052454056.0,34756308134.0
2019,1,Fuerzas públicas,Bonificaciones y asignaciones,63928257946.0,63928257946.0
2019,1,Fuerzas públicas,Gastos de representación,602472380.0,602472380.0
2019,1,Fuerzas públicas,Otros gastos del personal,9349701314.0,9349701314.0
2019,1,Fuerzas públicas,Personal contratado,1122765562.0,1115615562.0
2019,1,Fuerzas públicas,Remuneraciones temporales,28825492.0,28825492.0
2019,1,Fuerzas públicas,Servicio exterior,765134410.0,765134410.0
2019,1,Fuerzas públicas,Sueldo básico,192436578365.0,192420536083.0
2019,1,Gobiernos departamentales,Bonificaciones y asignaciones,481701395.0,444279015.0
2019,1,Gobiernos departamentales,Dietas,2020120010.0,1911382942.0
2019,1,Gobiernos departamentales,Gastos de representación,288306100.0,272741748.0
2019,1,Gobiernos departamentales,Otros gastos del personal,159944815.0,159314183.0
2019,1,Gobiernos departamentales,Personal contratado,3196536254.0,3149308372.0
2019,1,Gobiernos departamentales,Remuneraciones temporales,45587930.0,40238725.0
2019,1,Gobiernos departamentales,Sueldo básico,3986192805.0,3614516746.0
2019,1,Municipalidades,Aguinaldo,110989833.0,99179833.0
2019,1,Municipalidades,Bonificaciones y asignaciones,1705500041.0,1648805229.0
2019,1,Municipalidades,Dietas,6506041288.0,6215445088.0
2019,1,Municipalidades,Gastos de representación,5095322612.0,4861811432.0
2019,1,Municipalidades,Otros gastos del personal,147332975.0,147132975.0
2019,1,Municipalidades,Personal contratado,26957048542.0,25625187355.0
2019,1,Municipalidades,Remuneraciones temporales,115290719.0,109290719.0
2019,1,Municipalidades,Sueldo básico,14296306619.0,12131020353.0
2019,1,Otros organismos,Aguinaldo,13121641.0,13121641.0
2019,1,Otros organismos,Bonificaciones y asignaciones,6452664472.0,5486391028.0
2019,1,Otros organismos,Dietas,154135488.0,134527871.0
2019,1,Otros organismos,Gastos de representación,679151473.0,632484390.0
2019,1,Otros organismos,Otros gastos del personal,161482673.0,154813299.0
2019,1,Otros organismos,Personal contratado,1608088814.0,1454135928.0
2019,1,Otros organismos,Remuneraciones temporales,436153964.0,415639144.0
2019,1,Otros organismos,Sueldo básico,35358568228.0,32386444405.0
2019,1,Poder Judicial,Bonificaciones y asignaciones,9437377829.0,9437377829.0
2019,1,Poder Judicial,Dietas,148034200.0,148034200.0
2019,1,Poder Judicial,Gastos de representación,6530078620.0,6505921903.0
2019,1,Poder Judicial,Otros gastos del personal,1658426178.0,1658426178.0
2019,1,Poder Judicial,Personal contratado,8936620902.0,8879225597.0
2019,1,Poder Judicial,Remuneraciones temporales,145880680.0,145880680.0
2019,1,Poder Judicial,Sueldo básico,119925696237.0,119183486479.0
2019,1,Poder Legislativo,Bonificaciones y asignaciones,2279353496.0,2279353496.0
2019,1,Poder Legislativo,Dietas,4233778120.0,4233778120.0
2019,1,Poder Legislativo,Gastos de representación,1463853232.0,1463853232.0
2019,1,Poder Legislativo,Personal contratado,3442046916.0,3424513583.0
2019,1,Poder Legislativo,Remuneraciones temporales,32578611.0,32578611.0
2019,1,Poder Legislativo,Sueldo básico,17903560074.0,17903560074.0
2019,1,SA del Estado,Aguinaldo,7374336.0,7374336.0
2019,1,SA del Estado,Bonificaciones y asignaciones,13544563136.0,13544563136.0
2019,1,SA del Estado,Dietas,303875868.0,297507090.0
2019,1,SA del Estado,Gastos de representación,15600000.0,15600000.0
2019,1,SA del Estado,Otros gastos del personal,29650046.0,29650046.0
2019,1,SA del Estado,Personal contratado,331164514.0,326072127.0
2019,1,SA del Estado,Remuneraciones temporales,1134818286.0,1134818286.0
2019,1,SA del Estado,Sueldo básico,23232047374.0,21638888004.0
2019,1,Salud,Bonificaciones y asignaciones,18940406563.0,18316122133.0
2019,1,Salud,Dietas,68000000.0,68000000.0
2019,1,Salud,Gastos de representación,332995100.0,326398100.0
2019,1,Salud,Otros gastos del personal,9007928184.0,9005761897.0
2019,1,Salud,Personal contratado,81067858291.0,79717639945.0
2019,1,Salud,Remuneraciones temporales,2474411251.0,2466493399.0
2019,1,Salud,Sueldo básico,199197506445.0,192831802700.0
2019,1,Servicio civil del Ejecutivo,Bonificaciones y asignaciones,15997114622.0,15997114622.0
2019,1,Servicio civil del Ejecutivo,Gastos de representación,1408559113.0,1407032746.0
2019,1,Servicio civil del Ejecutivo,Otros gastos del personal,2462106576.0,2462106576.0
2019,1,Servicio civil del Ejecutivo,Personal contratado,25442430520.0,24779516591.0
2019,1,Servicio civil del Ejecutivo,Remuneraciones temporales,3850527517.0,3850527517.0
2019,1,Servicio civil del Ejecutivo,Servicio exterior,11633702664.0,11633702664.0
2019,1,Servicio civil del Ejecutivo,Sueldo básico,65322279512.0,65272657454.0
2019,2,Educación,Aguinaldo,7496868.0,6673928.0
2019,2,Educación,Bonificaciones y asignaciones,47372994033.0,46125632130.0
2019,2,Educación,Dietas,410403956.0,399636087.0
2019,2,Educación,Gastos de representación,3755004305.0,3665378628.0
2019,2,Educación,Otros gastos del personal,4004882339.0,4000738696.0
2019,2,Educación,Personal contratado,5880627119.0,5561232132.0
2019,2,Educación,Remuneraciones temporales,1013779130.0,973350657.0
2019,2,Educación,Sueldo básico,415726032786.0,402386691560.0
2019,2,Empresas públicas,Bonificaciones y asignaciones,39044558726.0,37959295891.0
2019,2,Empresas públicas,Dietas,26400000.0,26400000.0
2019,2,Empresas públicas,Gastos de representación,119950599.0,119218795.0
2019,2,Empresas públicas,Otros gastos del personal,536057294.0,527537424.0
2019,2,Empresas públicas,Personal contratado,4732896926.0,4548887407.0
2019,2,Empresas públicas,Remuneraciones temporales,8276437000.0,7471382553.0
2019,2,Empresas públicas,Sueldo básico,43823176264.0,38890926633.0
2019,2,Entes autónomos y autárquicos,Aguinaldo,300000.0,300000.0
2019,2,Entes autónomos y autárquicos,Bonificaciones y asignaciones,7047755159.0,6555846600.0
2019,2,Entes autónomos y autárquicos,Dietas,281061500.0,272336733.0
2019,2,Entes autónomos y autárquicos,Gastos de representación,471725020.0,429439631.0
2019,2,Entes autónomos y autárquicos,Otros gastos del personal,1323145158.0,1255406856.0
2019,2,Entes autónomos y autárquicos,Personal contratado,4480027419.0,4372089458.0
2019,2,Entes autónomos y autárquicos,Remuneraciones temporales,2875781733.0,2667665428.0
2019,2,Entes autónomos y autárquicos,Sueldo básico,38200132187.0,33676786351.0
2019,2,Fuerzas públicas,Bonificaciones y asignaciones,64279186880.0,64279186880.0
2019,2,Fuerzas públicas,Gastos de representación,587906380.0,587906380.0
2019,2,Fuerzas públicas,Otros gastos del personal,91116391162.0,91116391162.0
2019,2,Fuerzas públicas,Personal contratado,1119998946.0,1119998946.0
2019,2,Fuerzas públicas,Remuneraciones temporales,26497900.0,26497900.0
2019,2,Fuerzas públicas,Servicio exterior,765134410.0,765134410.0
2019,2,Fuerzas públicas,Sueldo básico,192698471049.0,192682919492.0
2019,2,Gobiernos departamentales,Bonificaciones y asignaciones,480383480.0,441292077.0
2019,2,Gobiernos departamentales,Dietas,1687842358.0,1601227316.0
2019,2,Gobiernos departamentales,Gastos de representación,248114500.0,234860436.0
2019,2,Gobiernos departamentales,Otros gastos del personal,167724939.0,165903887.0
2019,2,Gobiernos departamentales,Personal contratado,2699978456.0,2652504440.0
2019,2,Gobiernos departamentales,Remuneraciones temporales,41420947.0,35629512.0
2019,2,Gobiernos departamentales,Sueldo básico,3545926470.0,3162201776.0
2019,2,Municipalidades,Aguinaldo,54915158.0,54575158.0
2019,2,Municipalidades,Bonificaciones y asignaciones,1889773208.0,1834462236.0
2019,2,Municipalidades,Dietas,6496204003.0,6138756266.0
2019,2,Municipalidades,Gastos de representación,5006186149.0,4741107736.0
2019,2,Municipalidades,Otros gastos del personal,130144774.0,129944774.0
2019,2,Municipalidades,Personal contratado,28722507109.0,27112081297.0
2019,2,Municipalidades,Remuneraciones temporales,164554685.0,158553953.0
2019,2,Municipalidades,Sueldo básico,14372396800.0,12138962614.0
2019,2,Otros organismos,Bonificaciones y asignaciones,26888343420.0,25810016003.0
2019,2,Otros organismos,Dietas,154135488.0,136934094.0
2019,2,Otros organismos,Gastos de representación,683974162.0,637683443.0
2019,2,Otros organismos,Otros gastos del personal,185883571.0,177546865.0
2019,2,Otros organismos,Personal contratado,2948392330.0,2778753054.0
2019,2,Otros organismos,Remuneraciones temporales,956990616.0,924559844.0
2019,2,Otros organismos,Sueldo básico,35486396735.0,32538350505.0
2019,2,Poder Judicial,Bonificaciones y asignaciones,11036027855.0,11036027855.0
2019,2,Poder Judicial,Dietas,148034200.0,148034200.0
2019,2,Poder Judicial,Gastos de representación,6547421520.0,6525821520.0
2019,2,Poder Judicial,Otros gastos del personal,1627727740.0,1627727740.0
2019,2,Poder Judicial,Personal contratado,9836287388.0,9792708960.0
2019,2,Poder Judicial,Remuneraciones temporales,366382428.0,366382428.0
2019,2,Poder Judicial,Sueldo básico,120357328524.0,119654837086.0
2019,2,Poder Legislativo,Bonificaciones y asignaciones,2879528526.0,2879528526.0
2019,2,Poder Legislativo,Dietas,4233778120.0,4233778120.0
2019,2,Poder Legislativo,Gastos de representación,1463853232.0,1463853232.0
2019,2,Poder Legislativo,Personal contratado,3668049493.0,3666999493.0
2019,2,Poder Legislativo,Remuneraciones temporales,44622810.0,44622810.0
2019,2,Poder Legislativo,Sueldo básico,18047460074.0,18047460074.0
2019,2,SA del Estado,Aguinaldo,2961818.0,2961818.0
2019,2,SA del Estado,Bonificaciones y asignaciones,8271247751.0,8271247751.0
2019,2,SA del Estado,Dietas,303875868.0,297507090.0
2019,2,SA del Estado,Gastos de representación,6000000.0,6000000.0
2019,2,SA del Estado,Otros gastos del personal,60809679.0,60809679.0
2019,2,SA del Estado,Personal contratado,359329448.0,347476836.0
2019,2,SA del Estado,Remuneraciones temporales,1050921378.0,1050921378.0
2019,2,SA del Estado,Sueldo básico,23271289567.0,21664235581.0
2019,2,Salud,Bonificaciones y asignaciones,29779319428.0,28899175027.0
2019,2,Salud,Dietas,68000000.0,68000000.0
2019,2,Salud,Gastos de representación,346770600.0,339849600.0
2019,2,Salud,Otros gastos del personal,7640834802.0,7639520706.0
2019,2,Salud,Personal contratado,84646296182.0,83497356093.0
2019,2,Salud,Remuneraciones temporales,4201902911.0,4157676029.0
2019,2,Salud,Sueldo básico,201885888108.0,194747218295.0
2019,2,Servicio civil del Ejecutivo,Bonificaciones y asignaciones,23084247664.0,23084247664.0
2019,2,Servicio civil del Ejecutivo,Gastos de representación,1474098513.0,1457659225.0
2019,2,Servicio civil del Ejecutivo,Otros gastos del personal,2610128362.0,2610128362.0
2019,2,Servicio civil del Ejecutivo,Personal contratado,30586654661.0,29346360363.0
2019,2,Servicio civil del Ejecutivo,Remuneraciones temporales,5075519514.0,5075519514.0
2019,2,Servicio civil del Ejecutivo,Servicio exterior,11944142876.0,11944142876.0
2019,2,Servicio civil del Ejecutivo,Sueldo básico,69263330554.0,68833776036.0
2019,3,Educación,Aguinaldo,6134315.0,5583886.0
2019,3,Educación,Bonificaciones y asignaciones,48062994677.0,46849988979.0
2019,3,Educación,Dietas,499479493.0,482400477.0
2019,3,Educación,Gastos de representación,3682009005.0,3597183049.0
2019,3,Educación,Otros gastos del personal,4285566951.0,4261263309.0
2019,3,Educación,Personal contratado,6292243524.0,5793804041.0
2019,3,Educación,Remuneraciones temporales,1139134312.0,1102737006.0
2019,3,Educación,Sueldo básico,410432112351.0,396804181493.0
2019,3,Empresas públicas,Bonificaciones y asignaciones,19064036078.0,17805981767.0
2019,3,Empresas públicas,Dietas,26400000.0,26400000.0
2019,3,Empresas públicas,Gastos de representación,119950600.0,119218796.0
2019,3,Empresas públicas,Otros gastos del personal,569623705.0,561098258.0
2019,3,Empresas públicas,Personal contratado,4803857976.0,4636528596.0
2019,3,Empresas públicas,Remuneraciones temporales,8305907563.0,7515028601.0
2019,3,Empresas públicas,Sueldo básico,43803802891.0,39096661502.0
2019,3,Entes autónomos y autárquicos,Aguinaldo,15928300.0,15928300.0
2019,3,Entes autónomos y autárquicos,Bonificaciones y asignaciones,11818072381.0,11082387333.0
2019,3,Entes autónomos y autárquicos,Dietas,276219100.0,272059100.0
2019,3,Entes autónomos y autárquicos,Gastos de representación,592746347.0,523556581.0
2019,3,Entes autónomos y autárquicos,Otros gastos del personal,1433028971.0,1369535015.0
2019,3,Entes autónomos y autárquicos,Personal contratado,4677566823.0,4541770627.0
2019,3,Entes autónomos y autárquicos,Remuneraciones temporales,3253836949.0,3015577115.0
2019,3,Entes autónomos y autárquicos,Sueldo básico,40785086455.0,35480421309.0
2019,3,Fuerzas públicas,Bonificaciones y asignaciones,63151787864.0,63151787864.0
2019,3,Fuerzas públicas,Gastos de representación,589167980.0,589167980.0
2019,3,Fuerzas públicas,Otros gastos del personal,10144997075.0,10144997075.0
2019,3,Fuerzas públicas,Personal contratado,1243708193.0,1203831333.0
2019,3,Fuerzas públicas,Remuneraciones temporales,40104988.0,40104988.0
2019,3,Fuerzas públicas,Servicio exterior,765134410.0,765134410.0
2019,3,Fuerzas públicas,Sueldo básico,192362650428.0,192308676686.0
2019,3,Gobiernos departamentales,Bonificaciones y asignaciones,592342387.0,539921855.0
2019,3,Gobiernos departamentales,Dietas,1816740165.0,1747025619.0
2019,3,Gobiernos departamentales,Gastos de representación,265306420.0,253953156.0
2019,3,Gobiernos departamentales,Otros gastos del personal,164284939.0,162253887.0
2019,3,Gobiernos departamentales,Personal contratado,2878715762.0,2830837077.0
2019,3,Gobiernos departamentales,Remuneraciones temporales,41756457.0,35788735.0
2019,3,Gobiernos departamentales,Sueldo básico,3686084547.0,3303664472.0
2019,3,Municipalidades,Aguinaldo,51514269.0,51174269.0
2019,3,Municipalidades,Bonificaciones y asignaciones,1857689122.0,1807524833.0
2019,3,Municipalidades,Dietas,6538980974.0,6332151111.0
2019,3,Municipalidades,Gastos de representación,4994894042.0,4794846741.0
2019,3,Municipalidades,Otros gastos del personal,134460487.0,134145487.0
2019,3,Municipalidades,Personal contratado,30058375367.0,29046271806.0
2019,3,Municipalidades,Remuneraciones temporales,237945356.0,231877292.0
2019,3,Municipalidades,Sueldo básico,14445247345.0,12269003771.0
2019,3,Otros organismos,Bonificaciones y asignaciones,14709773985.0,13453171231.0
2019,3,Otros organismos,Dietas,154135488.0,132041738.0
2019,3,Otros organismos,Gastos de representación,690304626.0,645586687.0
2019,3,Otros organismos,Otros gastos del personal,165702000.0,158648800.0
2019,3,Otros organismos,Personal contratado,2322065272.0,2136602303.0
2019,3,Otros organismos,Remuneraciones temporales,1724329246.0,1673680611.0
2019,3,Otros organismos,Sueldo básico,35510921394.0,32531015528.0
2019,3,Poder Judicial,Bonificaciones y asignaciones,10716928523.0,10716928523.0
2019,3,Poder Judicial,Dietas,148034200.0,148034200.0
2019,3,Poder Judicial,Gastos de representación,6528610920.0,6498394330.0
2019,3,Poder Judicial,Otros gastos del personal,1852321179.0,1852321179.0
2019,3,Poder Judicial,Personal contratado,10309344620.0,10288083921.0
2019,3,Poder Judicial,Remuneraciones temporales,463044249.0,463044249.0
2019,3,Poder Judicial,Sueldo básico,120752407971.0,120217500127.0
2019,3,Poder Legislativo,Bonificaciones y asignaciones,3976646002.0,3976646002.0
2019,3,Poder Legislativo,Dietas,4233778120.0,4233778120.0
2019,3,Poder Legislativo,Gastos de representación,1466382232.0,1463768932.0
2019,3,Poder Legislativo,Otros gastos del personal,421500.0,421500.0
2019,3,Poder Legislativo,Personal contratado,3621593610.0,3621593610.0
2019,3,Poder Legislativo,Remuneraciones temporales,114285638.0,114285638.0
2019,3,Poder Legislativo,Sueldo básico,18017360074.0,18017360074.0
2019,3,SA del Estado,Bonificaciones y asignaciones,6302884539.0,6302884539.0
2019,3,SA del Estado,Dietas,303875868.0,297507090.0
2019,3,SA del Estado,Gastos de representación,6000000.0,6000000.0
2019,3,SA del Estado,Otros gastos del personal,42443149.0,42443149.0
2019,3,SA del Estado,Personal contratado,466746048.0,459745203.0
2019,3,SA del Estado,Remuneraciones temporales,1105439134.0,1105439134.0
2019,3,SA del Estado,Sueldo básico,23519144709.0,21908252808.0
2019,3,Salud,Bonificaciones y asignaciones,27081367848.0,26079325594.0
2019,3,Salud,Dietas,68000000.0,68000000.0
2019,3,Salud,Gastos de representación,344310600.0,337611000.0
2019,3,Salud,Otros gastos del personal,7566097837.0,7565146489.0
2019,3,Salud,Personal contratado,88390290929.0,86921734871.0
2019,3,Salud,Remuneraciones temporales,4250772002.0,4210300292.0
2019,3,Salud,Sueldo básico,201335699769.0,194226623748.0
2019,3,Servicio civil del Ejecutivo,Bonificaciones y asignaciones,22890539431.0,22890539431.0
2019,3,Servicio civil del Ejecutivo,Gastos de representación,1497218343.0,1493842969.0
2019,3,Servicio civil del Ejecutivo,Otros gastos del personal,2579078973.0,2579078973.0
2019,3,Servicio civil del Ejecutivo,Personal contratado,30535938843.0,29052932855.0
2019,3,Servicio civil del Ejecutivo,Remuneraciones temporales,5867131062.0,5867131062.0
2019,3,Servicio civil del Ejecutivo,Servicio exterior,11977474785.0,11977474785.0
2019,3,Servicio civil del Ejecutivo,Sueldo básico,69273580114.0,68949597904.0
2019,4,Educación,Aguinaldo,3442403.0,2891974.0
2019,4,Educación,Bonificaciones y asignaciones,48985113384.0,47693400300.0
2019,4,Educación,Dietas,561240868.0,549486316.0
2019,4,Educación,Gastos de representación,3653887405.0,3570988761.0
2019,4,Educación,Otros gastos del personal,4288357245.0,4285826170.0
2019,4,Educación,Personal contratado,7263408312.0,6904307340.0
2019,4,Educación,Remuneraciones temporales,1281006680.0,1229768434.0
2019,4,Educación,Sueldo básico,463252304607.0,449737454980.0
2019,4,Empresas públicas,Bonificaciones y asignaciones,39259041318.0,38126305493.0
2019,4,Empresas públicas,Dietas,26400000.0,26400000.0
2019,4,Empresas públicas,Gastos de representación,117617266.0,116885462.0
2019,4,Empresas públicas,Otros gastos del personal,658581571.0,651108425.0
2019,4,Empresas públicas,Personal contratado,4736216586.0,4522689347.0
2019,4,Empresas públicas,Remuneraciones temporales,8810643304.0,7972763400.0
2019,4,Empresas públicas,Sueldo básico,43644943811.0,38888641231.0
2019,4,Entes autónomos y autárquicos,Aguinaldo,1828300.0,1828300.0
2019,4,Entes autónomos y autárquicos,Bonificaciones y asignaciones,7476590492.0,6877573254.0
2019,4,Entes autónomos y autárquicos,Dietas,276219100.0,272059100.0
2019,4,Entes autónomos y autárquicos,Gastos de representación,558175211.0,495827442.0
2019,4,Entes autónomos y autárquicos,Otros gastos del personal,1142980270.0,1055875046.0
2019,4,Entes autónomos y autárquicos,Personal contratado,4646731878.0,4509846010.0
2019,4,Entes autónomos y autárquicos,Remuneraciones temporales,3220013471.0,2981344482.0
2019,4,Entes autónomos y autárquicos,Sueldo básico,41096600382.0,35443271085.0
2019,4,Fuerzas públicas,Bonificaciones y asignaciones,71255866845.0,71255866845.0
2019,4,Fuerzas públicas,Gastos de representación,589662380.0,589662380.0
2019,4,Fuerzas públicas,Otros gastos del personal,9350455892.0,9350455892.0
2019,4,Fuerzas públicas,Personal contratado,1231969645.0,1204118157.0
2019,4,Fuerzas públicas,Remuneraciones temporales,37417373.0,37417373.0
2019,4,Fuerzas públicas,Servicio exterior,765134410.0,765134410.0
2019,4,Fuerzas públicas,Sueldo básico,192263018685.0,192241472757.0
2019,4,Gobiernos departamentales,Bonificaciones y asignaciones,561334708.0,517343039.0
2019,4,Gobiernos departamentales,Dietas,1853795158.0,1784080612.0
2019,4,Gobiernos departamentales,Gastos de representación,268822900.0,257469636.0
2019,4,Gobiernos departamentales,Otros gastos del personal,163999939.0,161683887.0
2019,4,Gobiernos departamentales,Personal contratado,2825462781.0,2775884415.0
2019,4,Gobiernos departamentales,Remuneraciones temporales,42943269.0,36975547.0
2019,4,Gobiernos departamentales,Sueldo básico,3663744167.0,3276698600.0
2019,4,Municipalidades,Aguinaldo,59889184.0,59549184.0
2019,4,Municipalidades,Bonificaciones y asignaciones,1898090815.0,1853011164.0
2019,4,Municipalidades,Dietas,6428938618.0,6218888085.0
2019,4,Municipalidades,Gastos de representación,4919496035.0,4697581428.0
2019,4,Municipalidades,Otros gastos del personal,157209448.0,157009448.0
2019,4,Municipalidades,Personal contratado,30986452727.0,29979738773.0
2019,4,Municipalidades,Remuneraciones temporales,218948313.0,212889278.0
2019,4,Municipalidades,Sueldo básico,14299430379.0,12137605331.0
2019,4,Otros organismos,Bonificaciones y asignaciones,14121705731.0,13014916395.0
2019,4,Otros organismos,Dietas,154135488.0,134818129.0
2019,4,Otros organismos,Gastos de representación,690368894.0,644892139.0
2019,4,Otros organismos,Otros gastos del personal,152707832.0,145666182.0
2019,4,Otros organismos,Personal contratado,2468671708.0,2292812696.0
2019,4,Otros organismos,Remuneraciones temporales,1626001262.0,1574379473.0
2019,4,Otros organismos,Sueldo básico,35528021175.0,32606412865.0
2019,4,Poder Judicial,Bonificaciones y asignaciones,8695905715.0,8695905715.0
2019,4,Poder Judicial,Dietas,148034200.0,148034200.0
2019,4,Poder Judicial,Gastos de representación,6524985920.0,6489596622.0
2019,4,Poder Judicial,Otros gastos del personal,1661987326.0,1661987326.0
2019,4,Poder Judicial,Personal contratado,10842164034.0,10693539016.0
2019,4,Poder Judicial,Remuneraciones temporales,417572230.0,417572230.0
2019,4,Poder Judicial,Sueldo básico,120822623481.0,120266240664.0
2019,4,Poder Legislativo,Bonificaciones y asignaciones,2318162891.0,2318162891.0
2019,4,Poder Legislativo,Dietas,4233778120.0,4233778120.0
2019,4,Poder Legislativo,Gastos de representación,1463853232.0,1463853232.0
2019,4,Poder Legislativo,Personal contratado,3569708597.0,3552630906.0
2019,4,Poder Legislativo,Remuneraciones temporales,220378936.0,220378936.0
2019,4,Poder Legislativo,Sueldo básico,18023560074.0,18021810074.0
2019,4,SA del Estado,Aguinaldo,1200659.0,1200659.0
2019,4,SA del Estado,Bonificaciones y asignaciones,6433044445.0,6433044445.0
2019,4,SA del Estado,Dietas,303875868.0,297507090.0
2019,4,SA del Estado,Gastos de representación,6000000.0,6000000.0
2019,4,SA del Estado,Otros gastos del personal,35096802.0,35096802.0
2019,4,SA del Estado,Personal contratado,471697810.0,464775453.0
2019,4,SA del Estado,Remuneraciones temporales,1241165115.0,1241150115.0
2019,4,SA del Estado,Sueldo básico,23629025076.0,22038635866.0
2019,4,Salud,Bonificaciones y asignaciones,25657014703.0,24678233387.0
2019,4,Salud,Dietas,68000000.0,68000000.0
2019,4,Salud,Gastos de representación,344848400.0,338451200.0
2019,4,Salud,Otros gastos del personal,7565518116.0,7560279439.0
2019,4,Salud,Personal contratado,84922191203.0,83599372016.0
2019,4,Salud,Remuneraciones temporales,5027209939.0,4981987311.0
2019,4,Salud,Sueldo básico,200848671318.0,193809815357.0
2019,4,Servicio civil del Ejecutivo,Bonificaciones y asignaciones,15639445092.0,15639445092.0
2019,4,Servicio civil del Ejecutivo,Gastos de representación,1513015213.0,1507694059.0
2019,4,Servicio civil del Ejecutivo,Otros gastos del personal,2437539529.0,2437539529.0
2019,4,Servicio civil del Ejecutivo,Personal contratado,35229720362.0,30007416387.0
2019,4,Servicio civil del Ejecutivo,Remuneraciones temporales,5718507783.0,5718507783.0
2019,4,Servicio civil del Ejecutivo,Servicio exterior,12075175905.0,12075175905.0
2019,4,Servicio civil del Ejecutivo,Sueldo básico,69365082340.0,69027650133.0
2019,5,Educación,Aguinaldo,7757247.0,6743700.0
2019,5,Educación,Bonificaciones y asignaciones,47141716581.0,45969552634.0
2019,5,Educación,Dietas,563902433.0,547632959.0
2019,5,Educación,Gastos de representación,3698866841.0,3615769812.0
2019,5,Educación,Otros gastos del personal,5218970559.0,5215410277.0
2019,5,Educación,Personal contratado,6973219527.0,6626217123.0
2019,5,Educación,Remuneraciones temporales,1263274680.0,1217131616.0
2019,5,Educación,Sueldo básico,466820365464.0,453206715077.0
2019,5,Empresas públicas,Bonificaciones y asignaciones,17234792363.0,16107933709.0
2019,5,Empresas públicas,Dietas,31258400.0,31258400.0
2019,5,Empresas públicas,Gastos de representación,119009000.0,118277196.0
2019,5,Empresas públicas,Otros gastos del personal,676119996.0,667858798.0
2019,5,Empresas públicas,Personal contratado,5001344949.0,4734480155.0
2019,5,Empresas públicas,Remuneraciones temporales,8527147545.0,7717650874.0
2019,5,Empresas públicas,Sueldo básico,43547943683.0,38861990274.0
2019,5,Entes autónomos y autárquicos,Aguinaldo,1828300.0,1828300.0
2019,5,Entes autónomos y autárquicos,Bonificaciones y asignaciones,7254839308.0,6672584160.0
2019,5,Entes autónomos y autárquicos,Dietas,274300900.0,269042800.0
2019,5,Entes autónomos y autárquicos,Gastos de representación,552059630.0,492623686.0
2019,5,Entes autónomos y autárquicos,Otros gastos del personal,2028022765.0,1926265156.0
2019,5,Entes autónomos y autárquicos,Personal contratado,5447725464.0,5253600803.0
2019,5,Entes autónomos y autárquicos,Remuneraciones temporales,3146242824.0,2921668764.0
2019,5,Entes autónomos y autárquicos,Sueldo básico,41143694884.0,35535442631.0
2019,5,Fuerzas públicas,Bonificaciones y asignaciones,63137752045.0,63137752045.0
2019,5,Fuerzas públicas,Gastos de representación,589459980.0,589459980.0
2019,5,Fuerzas públicas,Otros gastos del personal,9506216861.0,9506216861.0
2019,5,Fuerzas públicas,Personal contratado,1233838395.0,1190236163.0
2019,5,Fuerzas públicas,Remuneraciones temporales,36156536.0,36156536.0
2019,5,Fuerzas públicas,Servicio exterior,765134410.0,765134410.0
2019,5,Fuerzas públicas,Sueldo básico,192048178729.0,191974065206.0
2019,5,Gobiernos departamentales,Bonificaciones y asignaciones,541649545.0,501957049.0
2019,5,Gobiernos departamentales,Dietas,1793527266.0,1696638915.0
2019,5,Gobiernos departamentales,Gastos de representación,256431700.0,244747862.0
2019,5,Gobiernos departamentales,Otros gastos del personal,148329939.0,147128287.0
2019,5,Gobiernos departamentales,Personal contratado,2595243508.0,2548285520.0
2019,5,Gobiernos departamentales,Remuneraciones temporales,46331966.0,40269271.0
2019,5,Gobiernos departamentales,Sueldo básico,3555308209.0,3200298592.0
2019,5,Municipalidades,Aguinaldo,55282782.0,54942782.0
2019,5,Municipalidades,Bonificaciones y asignaciones,1960403411.0,1904091089.0
2019,5,Municipalidades,Dietas,6446409298.0,6211377825.0
2019,5,Municipalidades,Gastos de representación,4913094586.0,4664063571.0
2019,5,Municipalidades,Otros gastos del personal,128159270.0,127759270.0
2019,5,Municipalidades,Personal contratado,30384376541.0,29208769440.0
2019,5,Municipalidades,Remuneraciones temporales,281529617.0,275529162.0
2019,5,Municipalidades,Sueldo básico,14318649821.0,12148749078.0
2019,5,Otros organismos,Bonificaciones y asignaciones,8665802295.0,7681239339.0
2019,5,Otros organismos,Dietas,154135488.0,141106322.0
2019,5,Otros organismos,Gastos de representación,691050249.0,642122150.0
2019,5,Otros organismos,Otros gastos del personal,206469999.0,190677299.0
2019,5,Otros organismos,Personal contratado,2079873000.0,1889834946.0
2019,5,Otros organismos,Remuneraciones temporales,1592934932.0,1523677144.0
2019,5,Otros organismos,Sueldo básico,35489445958.0,32494552441.0
2019,5,Poder Judicial,Bonificaciones y asignaciones,8383205477.0,8383205477.0
2019,5,Poder Judicial,Dietas,148034200.0,148034200.0
2019,5,Poder Judicial,Gastos de representación,6489270820.0,6461166653.0
2019,5,Poder Judicial,Otros gastos del personal,1653386521.0,1653386521.0
2019,5,Poder Judicial,Personal contratado,9890657684.0,9749636811.0
2019,5,Poder Judicial,Remuneraciones temporales,412463811.0,412463811.0
2019,5,Poder Judicial,Sueldo básico,120812590518.0,120295473653.0
2019,5,Poder Legislativo,Bonificaciones y asignaciones,2855297246.0,2855297246.0
2019,5,Poder Legislativo,Dietas,4204171280.0,4204171280.0
2019,5,Poder Legislativo,Gastos de representación,1468272232.0,1468272232.0
2019,5,Poder Legislativo,Otros gastos del personal,17479915.0,17479915.0
2019,5,Poder Legislativo,Personal contratado,3664803267.0,3640886599.0
2019,5,Poder Legislativo,Remuneraciones temporales,258090536.0,258090536.0
2019,5,Poder Legislativo,Sueldo básico,18027660074.0,18027660074.0
2019,5,SA del Estado,Aguinaldo,22417496.0,22417496.0
2019,5,SA del Estado,Bonificaciones y asignaciones,6805336661.0,6805336661.0
2019,5,SA del Estado,Dietas,303875868.0,297507090.0
2019,5,SA del Estado,Gastos de representación,6000000.0,6000000.0
2019,5,SA del Estado,Otros gastos del personal,58217764.0,58217764.0
2019,5,SA del Estado,Personal contratado,574779144.0,563026467.0
2019,5,SA del Estado,Remuneraciones temporales,1254595475.0,1254595475.0
2019,5,SA del Estado,Sueldo básico,23663682421.0,22071375551.0
2019,5,Salud,Bonificaciones y asignaciones,23680197481.0,22703118952.0
2019,5,Salud,Dietas,68000000.0,63410000.0
2019,5,Salud,Gastos de representación,347244000.0,340436400.0
2019,5,Salud,Otros gastos del personal,7374412049.0,7373600897.0
2019,5,Salud,Personal contratado,88694814362.0,87090179089.0
2019,5,Salud,Remuneraciones temporales,4274630503.0,4229494350.0
2019,5,Salud,Sueldo básico,200549838307.0,193660064924.0
2019,5,Servicio civil del Ejecutivo,Bonificaciones y asignaciones,16119110949.0,16119110949.0
2019,5,Servicio civil del Ejecutivo,Gastos de representación,1511322413.0,1506013479.0
2019,5,Servicio civil del Ejecutivo,Otros gastos del personal,2374075160.0,2374075160.0
2019,5,Servicio civil del Ejecutivo,Personal contratado,37482210154.0,32132732904.0
2019,5,Servicio civil del Ejecutivo,Remuneraciones temporales,5727009894.0,5727009894.0
2019,5,Servicio civil del Ejecutivo,Servicio exterior,12158224577.0,12158224577.0
2019,5,Servicio civil del Ejecutivo,Sueldo básico,69370932092.0,69070216069.0
2019,6,Educación,Aguinaldo,7314074.0,6300527.0
2019,6,Educación,Bonificaciones y asignaciones,47527763242.0,46295695183.0
2019,6,Educación,Dietas,543486756.0,528868580.0
2019,6,Educación,Gastos de representación,3715684341.0,3630159552.0
2019,6,Educación,Otros gastos del personal,4914174509.0,4894541466.0
2019,6,Educación,Personal contratado,8943386825.0,8695165167.0
2019,6,Educación,Remuneraciones temporales,1295475394.0,1198404289.0
2019,6,Educación,Sueldo básico,468010013980.0,454437141631.0
2019,6,Empresas públicas,Bonificaciones y asignaciones,37493529608.0,36516050805.0
2019,6,Empresas públicas,Dietas,23925067.0,23925067.0
2019,6,Empresas públicas,Gastos de representación,121009000.0,120277196.0
2019,6,Empresas públicas,Otros gastos del personal,704204208.0,682853312.0
2019,6,Empresas públicas,Personal contratado,5103554490.0,4364828235.0
2019,6,Empresas públicas,Remuneraciones temporales,11256837674.0,10040341084.0
2019,6,Empresas públicas,Sueldo básico,43276746285.0,37618735760.0
2019,6,Entes autónomos y autárquicos,Aguinaldo,1828300.0,1828300.0
2019,6,Entes autónomos y autárquicos,Bonificaciones y asignaciones,8316634469.0,7741457513.0
2019,6,Entes autónomos y autárquicos,Dietas,277353900.0,272095800.0
2019,6,Entes autónomos y autárquicos,Gastos de representación,525076453.0,466807682.0
2019,6,Entes autónomos y autárquicos,Otros gastos del personal,1638178587.0,1550308019.0
2019,6,Entes autónomos y autárquicos,Personal contratado,5363919675.0,5206102191.0
2019,6,Entes autónomos y autárquicos,Remuneraciones temporales,3256023671.0,3018687204.0
2019,6,Entes autónomos y autárquicos,Sueldo básico,40932997243.0,35349104563.0
2019,6,Fuerzas públicas,Bonificaciones y asignaciones,62479285604.0,62479285604.0
2019,6,Fuerzas públicas,Gastos de representación,589259980.0,589259980.0
2019,6,Fuerzas públicas,Otros gastos del personal,9853077502.0,9853077502.0
2019,6,Fuerzas públicas,Personal contratado,1189549646.0,1154422786.0
2019,6,Fuerzas públicas,Remuneraciones temporales,39401231.0,39401231.0
2019,6,Fuerzas públicas,Servicio exterior,765134410.0,765134410.0
2019,6,Fuerzas públicas,Sueldo básico,191934319397.0,191911362280.0
2019,6,Gobiernos departamentales,Bonificaciones y asignaciones,589349930.0,545227799.0
2019,6,Gobiernos departamentales,Dietas,1878029746.0,1784080612.0
2019,6,Gobiernos departamentales,Gastos de representación,268822900.0,257469636.0
2019,6,Gobiernos departamentales,Otros gastos del personal,168029939.0,166103887.0
2019,6,Gobiernos departamentales,Personal contratado,2796217925.0,2749617629.0
2019,6,Gobiernos departamentales,Remuneraciones temporales,47321992.0,41259297.0
2019,6,Gobiernos departamentales,Sueldo básico,3726332711.0,3338707582.0
2019,6,Municipalidades,Aguinaldo,715491946.0,715151946.0
2019,6,Municipalidades,Bonificaciones y asignaciones,1915237246.0,1864045565.0
2019,6,Municipalidades,Dietas,6351369640.0,6109986425.0
2019,6,Municipalidades,Gastos de representación,4879600479.0,4637275561.0
2019,6,Municipalidades,Otros gastos del personal,122502336.0,122102336.0
2019,6,Municipalidades,Personal contratado,30679544828.0,29639633351.0
2019,6,Municipalidades,Remuneraciones temporales,282369096.0,276145818.0
2019,6,Municipalidades,Sueldo básico,14584043269.0,12339260437.0
2019,6,Otros organismos,Bonificaciones y asignaciones,11987635167.0,10856068459.0
2019,6,Otros organismos,Dietas,154135488.0,141392490.0
2019,6,Otros organismos,Gastos de representación,659034513.0,612088233.0
2019,6,Otros organismos,Otros gastos del personal,124536666.0,117114966.0
2019,6,Otros organismos,Personal contratado,2533288885.0,2344475688.0
2019,6,Otros organismos,Remuneraciones temporales,1780159676.0,1709994333.0
2019,6,Otros organismos,Sueldo básico,35463141953.0,32533671161.0
2019,6,Poder Judicial,Bonificaciones y asignaciones,8443521103.0,8443521103.0
2019,6,Poder Judicial,Dietas,118427360.0,118427360.0
2019,6,Poder Judicial,Gastos de representación,6495792120.0,6457926673.0
2019,6,Poder Judicial,Otros gastos del personal,1618174825.0,1618174825.0
2019,6,Poder Judicial,Personal contratado,9757271287.0,9613923939.0
2019,6,Poder Judicial,Remuneraciones temporales,377226408.0,377226408.0
2019,6,Poder Judicial,Sueldo básico,120771961408.0,120186130399.0
2019,6,Poder Legislativo,Bonificaciones y asignaciones,2884807648.0,2884807648.0
2019,6,Poder Legislativo,Dietas,4233778120.0,4233778120.0
2019,6,Poder Legislativo,Gastos de representación,1468285732.0,1468285732.0
2019,6,Poder Legislativo,Otros gastos del personal,93709762.0,93709762.0
2019,6,Poder Legislativo,Personal contratado,3648811187.0,3643811187.0
2019,6,Poder Legislativo,Remuneraciones temporales,273100911.0,273100911.0
2019,6,Poder Legislativo,Sueldo básico,18159890074.0,18159890074.0
2019,6,SA del Estado,Aguinaldo,2788333.0,2788333.0
2019,6,SA del Estado,Bonificaciones y asignaciones,10687731857.0,10687731857.0
2019,6,SA del Estado,Dietas,307125948.0,300757170.0
2019,6,SA del Estado,Gastos de representación,6000000.0,6000000.0
2019,6,SA del Estado,Otros gastos del personal,288244164.0,288244164.0
2019,6,SA del Estado,Personal contratado,657206478.0,647344766.0
2019,6,SA del Estado,Remuneraciones temporales,1425991792.0,1425949792.0
2019,6,SA del Estado,Sueldo básico,23470172048.0,21881747026.0
2019,6,Salud,Bonificaciones y asignaciones,23629532644.0,22649666610.0
2019,6,Salud,Dietas,68000000.0,63410000.0
2019,6,Salud,Gastos de representación,352912900.0,346103500.0
2019,6,Salud,Otros gastos del personal,7391349906.0,7388625628.0
2019,6,Salud,Personal contratado,89541293268.0,87497189668.0
2019,6,Salud,Remuneraciones temporales,5349591171.0,5304781277.0
2019,6,Salud,Sueldo básico,200197751266.0,193126980976.0
2019,6,Servicio civil del Ejecutivo,Bonificaciones y asignaciones,17962423420.0,17962423420.0
2019,6,Servicio civil del Ejecutivo,Gastos de representación,1521438313.0,1513232632.0
2019,6,Servicio civil del Ejecutivo,Otros gastos del personal,2379296412.0,2379296412.0
2019,6,Servicio civil del Ejecutivo,Personal contratado,38994590816.0,33560624900.0
2019,6,Servicio civil del Ejecutivo,Remuneraciones temporales,5965717307.0,5965717307.0
2019,6,Servicio civil del Ejecutivo,Servicio exterior,12259682760.0,12259682760.0
2019,6,Servicio civil del Ejecutivo,Sueldo básico,69252115500.0,68908295777.0
2019,7,Educación,Aguinaldo,5798557.0,4785010.0
2019,7,Educación,Bonificaciones y asignaciones,47589525502.0,46379798385.0
2019,7,Educación,Dietas,530750150.0,514485379.0
2019,7,Educación,Gastos de representación,3716813408.0,3630752877.0
2019,7,Educación,Otros gastos del personal,3852474135.0,3839397506.0
2019,7,Educación,Personal contratado,7689284757.0,7353728565.0
2019,7,Educación,Remuneraciones temporales,1336739421.0,1283335057.0
2019,7,Educación,Sueldo básico,469137128577.0,455393049384.0
2019,7,Empresas públicas,Bonificaciones y asignaciones,16413541679.0,15272496010.0
2019,7,Empresas públicas,Dietas,31258400.0,31258400.0
2019,7,Empresas públicas,Gastos de representación,120537300.0,119805496.0
2019,7,Empresas públicas,Otros gastos del personal,671309917.0,663259510.0
2019,7,Empresas públicas,Personal contratado,5836911593.0,5534300033.0
2019,7,Empresas públicas,Remuneraciones temporales,11127236337.0,10035103576.0
2019,7,Empresas públicas,Sueldo básico,43173761707.0,38395175377.0
2019,7,Entes autónomos y autárquicos,Aguinaldo,1828300.0,1828300.0
2019,7,Entes autónomos y autárquicos,Bonificaciones y asignaciones,6610388179.0,6028477017.0
2019,7,Entes autónomos y autárquicos,Dietas,277353900.0,272095800.0
2019,7,Entes autónomos y autárquicos,Gastos de representación,524747510.0,469056523.0
2019,7,Entes autónomos y autárquicos,Otros gastos del personal,1590085016.0,1493469979.0
2019,7,Entes autónomos y autárquicos,Personal contratado,4892799539.0,4721185919.0
2019,7,Entes autónomos y autárquicos,Remuneraciones temporales,3360899546.0,3120234267.0
2019,7,Entes autónomos y autárquicos,Sueldo básico,40839884071.0,35245900153.0
2019,7,Fuerzas públicas,Bonificaciones y asignaciones,63059525579.0,63059525579.0
2019,7,Fuerzas públicas,Gastos de representación,590038880.0,590038880.0
2019,7,Fuerzas públicas,Otros gastos del personal,9407699475.0,9407699475.0
2019,7,Fuerzas públicas,Personal contratado,1186669169.0,1150692309.0
2019,7,Fuerzas públicas,Remuneraciones temporales,35338637.0,35338637.0
2019,7,Fuerzas públicas,Servicio exterior,765134410.0,765134410.0
2019,7,Fuerzas públicas,Sueldo básico,191222993189.0,191200036072.0
2019,7,Gobiernos departamentales,Bonificaciones y asignaciones,570526760.0,525011029.0
2019,7,Gobiernos departamentales,Dietas,2055484954.0,1961535820.0
2019,7,Gobiernos departamentales,Gastos de representación,294478600.0,282822024.0
2019,7,Gobiernos departamentales,Otros gastos del personal,185819939.0,183503887.0
2019,7,Gobiernos departamentales,Personal contratado,2877524778.0,2830257180.0
2019,7,Gobiernos departamentales,Remuneraciones temporales,31048860.0,24986165.0
2019,7,Gobiernos departamentales,Sueldo básico,3963522181.0,3548099604.0
2019,7,Municipalidades,Aguinaldo,122708426.0,121611651.0
2019,7,Municipalidades,Bonificaciones y asignaciones,1959014510.0,1900002812.0
2019,7,Municipalidades,Dietas,6488051056.0,6269571760.0
2019,7,Municipalidades,Gastos de representación,4992170568.0,4715985474.0
2019,7,Municipalidades,Otros gastos del personal,121475749.0,121075749.0
2019,7,Municipalidades,Personal contratado,30877196491.0,29701537023.0
2019,7,Municipalidades,Remuneraciones temporales,193740768.0,187652754.0
2019,7,Municipalidades,Sueldo básico,14423500537.0,12156532314.0
2019,7,Otros organismos,Bonificaciones y asignaciones,8237572570.0,7260207678.0
2019,7,Otros organismos,Dietas,177353888.0,164183184.0
2019,7,Otros organismos,Gastos de representación,690428880.0,644443399.0
2019,7,Otros organismos,Otros gastos del personal,120370000.0,109448300.0
2019,7,Otros organismos,Personal contratado,2037358589.0,1842551624.0
2019,7,Otros organismos,Remuneraciones temporales,1745248671.0,1673180254.0
2019,7,Otros organismos,Sueldo básico,35616552285.0,32611657707.0
2019,7,Poder Judicial,Bonificaciones y asignaciones,8482575900.0,8482575900.0
2019,7,Poder Judicial,Dietas,118427360.0,103623945.0
2019,7,Poder Judicial,Gastos de representación,6520694320.0,6490138545.0
2019,7,Poder Judicial,Otros gastos del personal,1603527292.0,1603527292.0
2019,7,Poder Judicial,Personal contratado,9296506005.0,9155746850.0
2019,7,Poder Judicial,Remuneraciones temporales,403838937.0,403838937.0
2019,7,Poder Judicial,Sueldo básico,122236508973.0,121674035477.0
2019,7,Poder Legislativo,Bonificaciones y asignaciones,2714588963.0,2714588963.0
2019,7,Poder Legislativo,Dietas,4204171280.0,4204171280.0
2019,7,Poder Legislativo,Gastos de representación,1456529019.0,1455578619.0
2019,7,Poder Legislativo,Otros gastos del personal,9832452.0,9832452.0
2019,7,Poder Legislativo,Personal contratado,3365237617.0,3355737618.0
2019,7,Poder Legislativo,Remuneraciones temporales,162994379.0,162994379.0
2019,7,Poder Legislativo,Sueldo básico,18093890074.0,18092956741.0
2019,7,SA del Estado,Aguinaldo,54439745.0,54439745.0
2019,7,SA del Estado,Bonificaciones y asignaciones,6668678498.0,6668678498.0
2019,7,SA del Estado,Dietas,323695230.0,317090223.0
2019,7,SA del Estado,Gastos de representación,6000000.0,6000000.0
2019,7,SA del Estado,Otros gastos del personal,42408200.0,42408200.0
2019,7,SA del Estado,Personal contratado,686633405.0,673761156.0
2019,7,SA del Estado,Remuneraciones temporales,1170562916.0,1170562916.0
2019,7,SA del Estado,Sueldo básico,23448111197.0,21856679761.0
2019,7,Salud,Bonificaciones y asignaciones,23445716908.0,22458286310.0
2019,7,Salud,Dietas,68000000.0,61880000.0
2019,7,Salud,Gastos de representación,354201800.0,345809387.0
2019,7,Salud,Otros gastos del personal,7360885850.0,7360311124.0
2019,7,Salud,Personal contratado,91866925184.0,89799382992.0
2019,7,Salud,Remuneraciones temporales,5271024128.0,5225616015.0
2019,7,Salud,Sueldo básico,200171883140.0,193377410979.0
2019,7,Servicio civil del Ejecutivo,Bonificaciones y asignaciones,16449099121.0,16449099121.0
2019,7,Servicio civil del Ejecutivo,Gastos de representación,1515520883.0,1504550353.0
2019,7,Servicio civil del Ejecutivo,Otros gastos del personal,3009042704.0,3009042704.0
2019,7,Servicio civil del Ejecutivo,Personal contratado,39722784175.0,34312482950.0
2019,7,Servicio civil del Ejecutivo,Remuneraciones temporales,6443652533.0,6443652533.0
2019,7,Servicio civil del Ejecutivo,Servicio exterior,11953152728.0,11953152728.0
2019,7,Servicio civil del Ejecutivo,Sueldo básico,69139515500.0,68837437481.0
2019,8,Educación,Aguinaldo,5798557.0,4785010.0
2019,8,Educación,Bonificaciones y asignaciones,48018879747.0,46850331451.0
2019,8,Educación,Dietas,527400200.0,514199121.0
2019,8,Educación,Gastos de representación,3716858208.0,3631434288.0
2019,8,Educación,Otros gastos del personal,4328933089.0,4325029638.0
2019,8,Educación,Personal contratado,7940525847.0,7699146413.0
2019,8,Educación,Remuneraciones temporales,1291995575.0,1246804956.0
2019,8,Educación,Sueldo básico,471834023929.0,458012165044.0
2019,8,Empresas públicas,Bonificaciones y asignaciones,36218751856.0,35233597445.0
2019,8,Empresas públicas,Dietas,31258400.0,31258400.0
2019,8,Empresas públicas,Gastos de representación,117980200.0,117248396.0
2019,8,Empresas públicas,Otros gastos del personal,688546722.0,679087083.0
2019,8,Empresas públicas,Personal contratado,5770056721.0,5515511737.0
2019,8,Empresas públicas,Remuneraciones temporales,9460209200.0,8532290503.0
2019,8,Empresas públicas,Sueldo básico,43023684927.0,38287249963.0
2019,8,Entes autónomos y autárquicos,Aguinaldo,1828300.0,1828300.0
2019,8,Entes autónomos y autárquicos,Bonificaciones y asignaciones,8055723103.0,7475932644.0
2019,8,Entes autónomos y autárquicos,Dietas,345795600.0,340537500.0
2019,8,Entes autónomos y autárquicos,Gastos de representación,539555330.0,483989802.0
2019,8,Entes autónomos y autárquicos,Otros gastos del personal,1759567592.0,1653137576.0
2019,8,Entes autónomos y autárquicos,Personal contratado,4923370515.0,4756008347.0
2019,8,Entes autónomos y autárquicos,Remuneraciones temporales,3348706761.0,3118498614.0
2019,8,Entes autónomos y autárquicos,Sueldo básico,40904364965.0,35260255927.0
2019,8,Fuerzas públicas,Bonificaciones y asignaciones,63352124137.0,63352124137.0
2019,8,Fuerzas públicas,Gastos de representación,593473028.0,593473028.0
2019,8,Fuerzas públicas,Otros gastos del personal,10000505458.0,10000505458.0
2019,8,Fuerzas públicas,Personal contratado,1182857474.0,1151730614.0
2019,8,Fuerzas públicas,Remuneraciones temporales,47195112.0,47195112.0
2019,8,Fuerzas públicas,Servicio exterior,765134410.0,765134410.0
2019,8,Fuerzas públicas,Sueldo básico,191378606912.0,191355985128.0
2019,8,Gobiernos departamentales,Bonificaciones y asignaciones,579990781.0,532640806.0
2019,8,Gobiernos departamentales,Dietas,1878029746.0,1784080612.0
2019,8,Gobiernos departamentales,Gastos de representación,270692020.0,259338756.0
2019,8,Gobiernos departamentales,Otros gastos del personal,168369939.0,166053887.0
2019,8,Gobiernos departamentales,Personal contratado,2794002216.0,2744378208.0
2019,8,Gobiernos departamentales,Remuneraciones temporales,36971702.0,30909007.0
2019,8,Gobiernos departamentales,Sueldo básico,3720168411.0,3338397501.0
2019,8,Municipalidades,Aguinaldo,45487192.0,45487192.0
2019,8,Municipalidades,Bonificaciones y asignaciones,2001268834.0,1949455467.0
2019,8,Municipalidades,Dietas,6538977678.0,6259572393.0
2019,8,Municipalidades,Gastos de representación,5021781136.0,4693646788.0
2019,8,Municipalidades,Otros gastos del personal,126986788.0,126786788.0
2019,8,Municipalidades,Personal contratado,30870207024.0,29867720794.0
2019,8,Municipalidades,Remuneraciones temporales,201799941.0,195662457.0
2019,8,Municipalidades,Sueldo básico,14266755272.0,12080679571.0
2019,8,Otros organismos,Bonificaciones y asignaciones,9933908809.0,8979188705.0
2019,8,Otros organismos,Dietas,177353888.0,164337455.0
2019,8,Otros organismos,Gastos de representación,690701580.0,644467544.0
2019,8,Otros organismos,Otros gastos del personal,120009000.0,109127010.0
2019,8,Otros organismos,Personal contratado,2611783148.0,2422968129.0
2019,8,Otros organismos,Remuneraciones temporales,1717805183.0,1646309953.0
2019,8,Otros organismos,Sueldo básico,35626575978.0,32609726264.0
2019,8,Poder Judicial,Bonificaciones y asignaciones,8345476485.0,8345476485.0
2019,8,Poder Judicial,Dietas,148034200.0,148034200.0
2019,8,Poder Judicial,Gastos de representación,6591849320.0,6538756820.0
2019,8,Poder Judicial,Otros gastos del personal,1643061160.0,1643061160.0
2019,8,Poder Judicial,Personal contratado,9479303847.0,9318782593.0
2019,8,Poder Judicial,Remuneraciones temporales,421699066.0,421699066.0
2019,8,Poder Judicial,Sueldo básico,122720901427.0,122072990029.0
2019,8,Poder Legislativo,Bonificaciones y asignaciones,2861048551.0,2861048551.0
2019,8,Poder Legislativo,Dietas,4204171280.0,4204171280.0
2019,8,Poder Legislativo,Gastos de representación,1470814732.0,1470814732.0
2019,8,Poder Legislativo,Personal contratado,3500417517.0,3496567517.0
2019,8,Poder Legislativo,Remuneraciones temporales,150039604.0,150039604.0
2019,8,Poder Legislativo,Sueldo básico,18081849074.0,18079582407.0
2019,8,SA del Estado,Aguinaldo,1610636614.0,1610636614.0
2019,8,SA del Estado,Bonificaciones y asignaciones,6476439877.0,6476439877.0
2019,8,SA del Estado,Dietas,319686798.0,313081791.0
2019,8,SA del Estado,Gastos de representación,6000000.0,6000000.0
2019,8,SA del Estado,Otros gastos del personal,65426638.0,65426638.0
2019,8,SA del Estado,Personal contratado,749415320.0,740848663.0
2019,8,SA del Estado,Remuneraciones temporales,1216686965.0,1216686965.0
2019,8,SA del Estado,Sueldo básico,23514656357.0,21938203915.0
2019,8,Salud,Bonificaciones y asignaciones,23479004358.0,22495754089.0
2019,8,Salud,Dietas,34000000.0,34000000.0
2019,8,Salud,Gastos de representación,343201800.0,343201800.0
2019,8,Salud,Otros gastos del personal,7420446112.0,7419251398.0
2019,8,Salud,Personal contratado,93764620273.0,91677449620.0
2019,8,Salud,Remuneraciones temporales,5461541123.0,5414164606.0
2019,8,Salud,Sueldo básico,199985206393.0,192989825579.0
2019,8,Servicio civil del Ejecutivo,Bonificaciones y asignaciones,14859930959.0,14859930959.0
2019,8,Servicio civil del Ejecutivo,Gastos de representación,1519759643.0,1506432027.0
2019,8,Servicio civil del Ejecutivo,Otros gastos del personal,2358464198.0,2358464198.0
2019,8,Servicio civil del Ejecutivo,Personal contratado,39910210665.0,34046440325.0
2019,8,Servicio civil del Ejecutivo,Remuneraciones temporales,6479921727.0,6479921727.0
2019,8,Servicio civil del Ejecutivo,Servicio exterior,12277455572.0,12277455572.0
2019,8,Servicio civil del Ejecutivo,Sueldo básico,69173990376.0,68813193353.0
2019,9,Educación,Aguinaldo,5798557.0,4785010.0
2019,9,Educación,Bonificaciones y asignaciones,47052777199.0,45870745613.0
2019,9,Educación,Dietas,525383550.0,510884072.0
2019,9,Educación,Gastos de representación,3701316599.0,3617959464.0
2019,9,Educación,Otros gastos del personal,4186033722.0,4180328887.0
2019,9,Educación,Personal contratado,6857579923.0,6648323739.0
2019,9,Educación,Remuneraciones temporales,1331866488.0,1279811302.0
2019,9,Educación,Sueldo básico,471694528304.0,457620393898.0
2019,9,Empresas públicas,Bonificaciones y asignaciones,16182430330.0,15119135354.0
2019,9,Empresas públicas,Dietas,31258400.0,31258400.0
2019,9,Empresas públicas,Gastos de representación,113851900.0,113120096.0
2019,9,Empresas públicas,Otros gastos del personal,536124671.0,527457032.0
2019,9,Empresas públicas,Personal contratado,5857498731.0,5581864283.0
2019,9,Empresas públicas,Remuneraciones temporales,10558381158.0,9527138174.0
2019,9,Empresas públicas,Sueldo básico,42882116821.0,38186090566.0
2019,9,Entes autónomos y autárquicos,Aguinaldo,1828300.0,1828300.0
2019,9,Entes autónomos y autárquicos,Bonificaciones y asignaciones,5913244757.0,5332047172.0
2019,9,Entes autónomos y autárquicos,Dietas,344269100.0,339011000.0
2019,9,Entes autónomos y autárquicos,Gastos de representación,541878882.0,486086784.0
2019,9,Entes autónomos y autárquicos,Otros gastos del personal,2141191239.0,1977123328.0
2019,9,Entes autónomos y autárquicos,Personal contratado,4517242021.0,4352477503.0
2019,9,Entes autónomos y autárquicos,Remuneraciones temporales,3436999945.0,3201010431.0
2019,9,Entes autónomos y autárquicos,Sueldo básico,41032095239.0,35300750426.0
2019,9,Fuerzas públicas,Bonificaciones y asignaciones,63671222615.0,63671222615.0
2019,9,Fuerzas públicas,Gastos de representación,594801328.0,594801328.0
2019,9,Fuerzas públicas,Otros gastos del personal,9394396032.0,9394396032.0
2019,9,Fuerzas públicas,Personal contratado,1174802279.0,1144563105.0
2019,9,Fuerzas públicas,Remuneraciones temporales,37910452.0,37910452.0
2019,9,Fuerzas públicas,Servicio exterior,765134410.0,765134410.0
2019,9,Fuerzas públicas,Sueldo básico,191179423512.0,191146538254.0
2019,9,Gobiernos departamentales,Bonificaciones y asignaciones,652006323.0,600649749.0
2019,9,Gobiernos departamentales,Dietas,2123086938.0,2016443496.0
2019,9,Gobiernos departamentales,Gastos de representación,303787300.0,292434036.0
2019,9,Gobiernos departamentales,Otros gastos del personal,177389823.0,175153887.0
2019,9,Gobiernos departamentales,Personal contratado,2960125688.0,2912241036.0
2019,9,Gobiernos departamentales,Remuneraciones temporales,36971702.0,30909007.0
2019,9,Gobiernos departamentales,Sueldo básico,4007698516.0,3602491237.0
2019,9,Municipalidades,Aguinaldo,22034102.0,22034102.0
2019,9,Municipalidades,Bonificaciones y asignaciones,1900789988.0,1860243387.0
2019,9,Municipalidades,Dietas,6385077105.0,6060967666.0
2019,9,Municipalidades,Gastos de representación,5009620796.0,4664996637.0
2019,9,Municipalidades,Otros gastos del personal,118922874.0,118722874.0
2019,9,Municipalidades,Personal contratado,30904004553.0,29705359224.0
2019,9,Municipalidades,Remuneraciones temporales,212613820.0,206176336.0
2019,9,Municipalidades,Sueldo básico,14211183442.0,12022233121.0
2019,9,Otros organismos,Bonificaciones y asignaciones,8815792304.0,7853993324.0
2019,9,Otros organismos,Dietas,177353888.0,164341753.0
2019,9,Otros organismos,Gastos de representación,681648925.0,635784349.0
2019,9,Otros organismos,Otros gastos del personal,120175334.0,109316334.0
2019,9,Otros organismos,Personal contratado,2131896168.0,1952789579.0
2019,9,Otros organismos,Remuneraciones temporales,1639931784.0,1570023477.0
2019,9,Otros organismos,Sueldo básico,35600453267.0,32587751413.0
2019,9,Poder Judicial,Bonificaciones y asignaciones,8341345298.0,8341345298.0
2019,9,Poder Judicial,Dietas,148034200.0,148034200.0
2019,9,Poder Judicial,Gastos de representación,6666724320.0,6601699317.0
2019,9,Poder Judicial,Otros gastos del personal,1634527571.0,1634527571.0
2019,9,Poder Judicial,Personal contratado,9605849766.0,9431670808.0
2019,9,Poder Judicial,Remuneraciones temporales,633083768.0,633083768.0
2019,9,Poder Judicial,Sueldo básico,123116620411.0,122266852370.0
2019,9,Poder Legislativo,Bonificaciones y asignaciones,2873745404.0,2873745404.0
2019,9,Poder Legislativo,Dietas,4233778120.0,4222922280.0
2019,9,Poder Legislativo,Gastos de representación,1480157332.0,1476279532.0
2019,9,Poder Legislativo,Otros gastos del personal,19664904.0,19664904.0
2019,9,Poder Legislativo,Personal contratado,3498917815.0,3497084482.0
2019,9,Poder Legislativo,Remuneraciones temporales,255169814.0,255169814.0
2019,9,Poder Legislativo,Sueldo básico,18081249074.0,18079049074.0
2019,9,SA del Estado,Aguinaldo,231670295.0,231670295.0
2019,9,SA del Estado,Bonificaciones y asignaciones,6576344825.0,6576344825.0
2019,9,SA del Estado,Dietas,299304641.0,299304641.0
2019,9,SA del Estado,Gastos de representación,6000000.0,6000000.0
2019,9,SA del Estado,Otros gastos del personal,29183659.0,29183659.0
2019,9,SA del Estado,Personal contratado,825872737.0,817552917.0
2019,9,SA del Estado,Remuneraciones temporales,1221547108.0,1221547108.0
2019,9,SA del Estado,Sueldo básico,23766881566.0,22180097731.0
2019,9,Salud,Bonificaciones y asignaciones,25138368560.0,24430417195.0
2019,9,Salud,Dietas,85000000.0,79900000.0
2019,9,Salud,Gastos de representación,344455133.0,333901454.0
2019,9,Salud,Otros gastos del personal,7413019373.0,7408782811.0
2019,9,Salud,Personal contratado,94992119607.0,93915951099.0
2019,9,Salud,Remuneraciones temporales,5514761150.0,5485191057.0
2019,9,Salud,Sueldo básico,199842121024.0,194939411343.0
2019,9,Servicio civil del Ejecutivo,Bonificaciones y asignaciones,16634790685.0,16634790685.0
2019,9,Servicio civil del Ejecutivo,Gastos de representación,1517778583.0,1504282865.0
2019,9,Servicio civil del Ejecutivo,Otros gastos del personal,2281963022.0,2281963022.0
2019,9,Servicio civil del Ejecutivo,Personal contratado,39880969522.0,33800925054.0
2019,9,Servicio civil del Ejecutivo,Remuneraciones temporales,6414617477.0,6414617477.0
2019,9,Servicio civil del Ejecutivo,Servicio exterior,12781008736.0,12781008736.0
2019,9,Servicio civil del Ejecutivo,Sueldo básico,69307881940.0,68933168021.0
2019,10,Educación,Aguinaldo,5798557.0,4785010.0
2019,10,Educación,Bonificaciones y asignaciones,47248408489.0,46044867723.0
2019,10,Educación,Dietas,553392170.0,533900100.0
2019,10,Educación,Gastos de representación,3712472699.0,3629115564.0
2019,10,Educación,Otros gastos del personal,4275505519.0,4266774249.0
2019,10,Educación,Personal contratado,8078186842.0,7844211857.0
2019,10,Educación,Remuneraciones temporales,1501569946.0,1448812181.0
2019,10,Educación,Sueldo básico,475720880305.0,460461876640.0
2019,10,Empresas públicas,Bonificaciones y asignaciones,25996876227.0,24938715619.0
2019,10,Empresas públicas,Dietas,31258400.0,31258400.0
2019,10,Empresas públicas,Gastos de representación,114451900.0,113720096.0
2019,10,Empresas públicas,Otros gastos del personal,537892180.0,527336234.0
2019,10,Empresas públicas,Personal contratado,5717816754.0,5460411462.0
2019,10,Empresas públicas,Remuneraciones temporales,9977004781.0,9011356690.0
2019,10,Empresas públicas,Sueldo básico,42745636020.0,38021986243.0
2019,10,Entes autónomos y autárquicos,Aguinaldo,1828300.0,1828300.0
2019,10,Entes autónomos y autárquicos,Bonificaciones y asignaciones,5839516631.0,5161946976.0
2019,10,Entes autónomos y autárquicos,Dietas,343359600.0,329434833.0
2019,10,Entes autónomos y autárquicos,Gastos de representación,548109533.0,487365218.0
2019,10,Entes autónomos y autárquicos,Otros gastos del personal,2003796399.0,1886035042.0
2019,10,Entes autónomos y autárquicos,Personal contratado,4886343535.0,4720190399.0
2019,10,Entes autónomos y autárquicos,Remuneraciones temporales,3429148991.0,3195059309.0
2019,10,Entes autónomos y autárquicos,Sueldo básico,41198513721.0,35623998180.0
2019,10,Fuerzas públicas,Bonificaciones y asignaciones,64011071902.0,64011071902.0
2019,10,Fuerzas públicas,Gastos de representación,576538928.0,576538928.0
2019,10,Fuerzas públicas,Otros gastos del personal,10490241303.0,10490241303.0
2019,10,Fuerzas públicas,Personal contratado,1175898553.0,1143259379.0
2019,10,Fuerzas públicas,Remuneraciones temporales,44518604.0,44518604.0
2019,10,Fuerzas públicas,Servicio exterior,765134410.0,765134410.0
2019,10,Fuerzas públicas,Sueldo básico,190924576329.0,190891612065.0
2019,10,Gobiernos departamentales,Bonificaciones y asignaciones,611522348.0,561117814.0
2019,10,Gobiernos departamentales,Dietas,1886498930.0,1779855488.0
2019,10,Gobiernos departamentales,Gastos de representación,269773300.0,258420036.0
2019,10,Gobiernos departamentales,Otros gastos del personal,178501699.0,177301263.0
2019,10,Gobiernos departamentales,Personal contratado,2669237554.0,2608545921.0
2019,10,Gobiernos departamentales,Remuneraciones temporales,36893623.0,30830928.0
2019,10,Gobiernos departamentales,Sueldo básico,3743984003.0,3359833233.0
2019,10,Municipalidades,Aguinaldo,25563968.0,25563968.0
2019,10,Municipalidades,Bonificaciones y asignaciones,1904723509.0,1861748477.0
2019,10,Municipalidades,Dietas,6335284899.0,6042476292.0
2019,10,Municipalidades,Gastos de representación,4910703637.0,4542872915.0
2019,10,Municipalidades,Otros gastos del personal,126291783.0,126291783.0
2019,10,Municipalidades,Personal contratado,30622636799.0,29499631602.0
2019,10,Municipalidades,Remuneraciones temporales,213560907.0,213492165.0
2019,10,Municipalidades,Sueldo básico,13788581857.0,11632813829.0
2019,10,Otros organismos,Bonificaciones y asignaciones,10275344687.0,9309060996.0
2019,10,Otros organismos,Dietas,202353888.0,188846079.0
2019,10,Otros organismos,Gastos de representación,682203758.0,634100100.0
2019,10,Otros organismos,Otros gastos del personal,130125300.0,121466493.0
2019,10,Otros organismos,Personal contratado,2542658911.0,2361318093.0
2019,10,Otros organismos,Remuneraciones temporales,2083460323.0,2014103317.0
2019,10,Otros organismos,Sueldo básico,35634611376.0,32636992443.0
2019,10,Poder Judicial,Bonificaciones y asignaciones,8432808539.0,8432808539.0
2019,10,Poder Judicial,Dietas,148034200.0,148034200.0
2019,10,Poder Judicial,Gastos de representación,6735849320.0,6659782319.0
2019,10,Poder Judicial,Otros gastos del personal,1686911616.0,1686911616.0
2019,10,Poder Judicial,Personal contratado,9308269524.0,9139504077.0
2019,10,Poder Judicial,Remuneraciones temporales,745722946.0,745722946.0
2019,10,Poder Judicial,Sueldo básico,123054576077.0,122417053837.0
2019,10,Poder Legislativo,Bonificaciones y asignaciones,2863211187.0,2863211187.0
2019,10,Poder Legislativo,Dietas,4233778120.0,4233778120.0
2019,10,Poder Legislativo,Gastos de representación,1477628332.0,1477628332.0
2019,10,Poder Legislativo,Personal contratado,3559113953.0,3559113953.0
2019,10,Poder Legislativo,Remuneraciones temporales,203992484.0,203992484.0
2019,10,Poder Legislativo,Sueldo básico,18065105274.0,18057908607.0
2019,10,SA del Estado,Aguinaldo,168425468.0,168425468.0
2019,10,SA del Estado,Bonificaciones y asignaciones,6819152520.0,6819152520.0
2019,10,SA del Estado,Dietas,319686798.0,319686798.0
2019,10,SA del Estado,Gastos de representación,6000000.0,6000000.0
2019,10,SA del Estado,Otros gastos del personal,42006802.0,42006802.0
2019,10,SA del Estado,Personal contratado,825043964.0,816550485.0
2019,10,SA del Estado,Remuneraciones temporales,1211567161.0,1211567161.0
2019,10,SA del Estado,Sueldo básico,24483697364.0,22903011608.0
2019,10,Salud,Bonificaciones y asignaciones,24655086301.0,23941448313.0
2019,10,Salud,Dietas,85000000.0,79900000.0
2019,10,Salud,Gastos de representación,349097300.0,343085307.0
2019,10,Salud,Otros gastos del personal,7352272838.0,7351399067.0
2019,10,Salud,Personal contratado,95607683219.0,94485229532.0
2019,10,Salud,Remuneraciones temporales,5621128701.0,5586048955.0
2019,10,Salud,Sueldo básico,200407646564.0,195468730433.0
2019,10,Servicio civil del Ejecutivo,Bonificaciones y asignaciones,15054175004.0,15054175004.0
2019,10,Servicio civil del Ejecutivo,Gastos de representación,1520792953.0,1504812150.0
2019,10,Servicio civil del Ejecutivo,Otros gastos del personal,2296631997.0,2296631997.0
2019,10,Servicio civil del Ejecutivo,Personal contratado,39681664911.0,34761810179.0
2019,10,Servicio civil del Ejecutivo,Remuneraciones temporales,6757078198.0,6757078198.0
2019,10,Servicio civil del Ejecutivo,Servicio exterior,12964474602.0,12964474602.0
2019,10,Servicio civil del Ejecutivo,Sueldo básico,69245304254.0,68847639760.0
2019,11,Educación,Aguinaldo,5798557.0,4785010.0
2019,11,Educación,Bonificaciones y asignaciones,48068337723.0,46740312334.0
2019,11,Educación,Dietas,519817232.0,499491854.0
2019,11,Educación,Gastos de representación,3713591999.0,3631336864.0
2019,11,Educación,Otros gastos del personal,4571021223.0,4561356556.0
2019,11,Educación,Personal contratado,7893836217.0,7712094541.0
2019,11,Educación,Remuneraciones temporales,1565250118.0,1511529938.0
2019,11,Educación,Sueldo básico,498215455849.0,479691146198.0
2019,11,Empresas públicas,Bonificaciones y asignaciones,18305999928.0,17163233996.0
2019,11,Empresas públicas,Dietas,31258400.0,31258400.0
2019,11,Empresas públicas,Gastos de representación,106423100.0,105691296.0
2019,11,Empresas públicas,Otros gastos del personal,595823415.0,584356535.0
2019,11,Empresas públicas,Personal contratado,5930623860.0,5655125799.0
2019,11,Empresas públicas,Remuneraciones temporales,10352248446.0,9378136210.0
2019,11,Empresas públicas,Sueldo básico,42404796733.0,37693061224.0
2019,11,Entes autónomos y autárquicos,Aguinaldo,1828300.0,1828300.0
2019,11,Entes autónomos y autárquicos,Bonificaciones y asignaciones,5852505517.0,5257064990.0
2019,11,Entes autónomos y autárquicos,Dietas,231014500.0,225756400.0
2019,11,Entes autónomos y autárquicos,Gastos de representación,514972890.0,457300946.0
2019,11,Entes autónomos y autárquicos,Otros gastos del personal,1776658669.0,1678092099.0
2019,11,Entes autónomos y autárquicos,Personal contratado,4798679931.0,4631765747.0
2019,11,Entes autónomos y autárquicos,Remuneraciones temporales,3627771476.0,3380493267.0
2019,11,Entes autónomos y autárquicos,Sueldo básico,40702473481.0,35109555138.0
2019,11,Fuerzas públicas,Bonificaciones y asignaciones,64313095332.0,64313095332.0
2019,11,Fuerzas públicas,Gastos de representación,577740928.0,576767428.0
2019,11,Fuerzas públicas,Otros gastos del personal,9428618692.0,9428618692.0
2019,11,Fuerzas públicas,Personal contratado,1213590020.0,1186348584.0
2019,11,Fuerzas públicas,Remuneraciones temporales,45450242.0,45450242.0
2019,11,Fuerzas públicas,Servicio exterior,765134410.0,765134410.0
2019,11,Fuerzas públicas,Sueldo básico,190651775243.0,190624890311.0
2019,11,Gobiernos departamentales,Bonificaciones y asignaciones,580659339.0,534173413.0
2019,11,Gobiernos departamentales,Dietas,1890724054.0,1784080612.0
2019,11,Gobiernos departamentales,Gastos de representación,269773300.0,258420036.0
2019,11,Gobiernos departamentales,Otros gastos del personal,183301699.0,182001263.0
2019,11,Gobiernos departamentales,Personal contratado,2658938678.0,2598791724.0
2019,11,Gobiernos departamentales,Remuneraciones temporales,38581842.0,32519147.0
2019,11,Gobiernos departamentales,Sueldo básico,3752199541.0,3365447739.0
2019,11,Municipalidades,Aguinaldo,80948015.0,80948015.0
2019,11,Municipalidades,Bonificaciones y asignaciones,1863653015.0,1826575665.0
2019,11,Municipalidades,Dietas,6112453350.0,5869083595.0
2019,11,Municipalidades,Gastos de representación,4756145210.0,4363203744.0
2019,11,Municipalidades,Otros gastos del personal,111216876.0,111216876.0
2019,11,Municipalidades,Personal contratado,29763906943.0,28787577597.0
2019,11,Municipalidades,Remuneraciones temporales,195073163.0,195004421.0
2019,11,Municipalidades,Sueldo básico,13632515468.0,11571102434.0
2019,11,Otros organismos,Bonificaciones y asignaciones,8542893656.0,7589719471.0
2019,11,Otros organismos,Dietas,189853888.0,176829641.0
2019,11,Otros organismos,Gastos de representación,788135614.0,737704613.0
2019,11,Otros organismos,Otros gastos del personal,129077973.0,121333973.0
2019,11,Otros organismos,Personal contratado,1998829368.0,1820375731.0
2019,11,Otros organismos,Remuneraciones temporales,2106824321.0,2056330659.0
2019,11,Otros organismos,Sueldo básico,35899979610.0,32871843224.0
2019,11,Poder Judicial,Bonificaciones y asignaciones,8576681411.0,8576681411.0
2019,11,Poder Judicial,Dietas,148034200.0,148034200.0
2019,11,Poder Judicial,Gastos de representación,6763849320.0,6704465079.0
2019,11,Poder Judicial,Otros gastos del personal,1664448572.0,1664448572.0
2019,11,Poder Judicial,Personal contratado,9227793590.0,9140480893.0
2019,11,Poder Judicial,Remuneraciones temporales,858614703.0,858614703.0
2019,11,Poder Judicial,Sueldo básico,123425894830.0,122579873165.0
2019,11,Poder Legislativo,Bonificaciones y asignaciones,2897068186.0,2897068186.0
2019,11,Poder Legislativo,Dietas,4233778120.0,4233778120.0
2019,11,Poder Legislativo,Gastos de representación,1480157332.0,1480157332.0
2019,11,Poder Legislativo,Personal contratado,3583391244.0,3583391244.0
2019,11,Poder Legislativo,Remuneraciones temporales,248453249.0,248453249.0
2019,11,Poder Legislativo,Sueldo básico,18054805274.0,18051891941.0
2019,11,SA del Estado,Aguinaldo,80638935.0,80638935.0
2019,11,SA del Estado,Bonificaciones y asignaciones,6600704268.0,6600704268.0
2019,11,SA del Estado,Dietas,321539598.0,321539598.0
2019,11,SA del Estado,Gastos de representación,6000000.0,6000000.0
2019,11,SA del Estado,Otros gastos del personal,78308111.0,78308111.0
2019,11,SA del Estado,Personal contratado,843795964.0,835821996.0
2019,11,SA del Estado,Remuneraciones temporales,1084141247.0,1084141247.0
2019,11,SA del Estado,Sueldo básico,24018948050.0,22452135825.0
2019,11,Salud,Bonificaciones y asignaciones,25531974112.0,24862196680.0
2019,11,Salud,Dietas,85000000.0,79900000.0
2019,11,Salud,Gastos de representación,346608400.0,342036450.0
2019,11,Salud,Otros gastos del personal,7356149824.0,7355365129.0
2019,11,Salud,Personal contratado,96814808436.0,95975063953.0
2019,11,Salud,Remuneraciones temporales,5791888722.0,5758614510.0
2019,11,Salud,Sueldo básico,200320243938.0,195407070172.0
2019,11,Servicio civil del Ejecutivo,Bonificaciones y asignaciones,15507437238.0,15507437238.0
2019,11,Servicio civil del Ejecutivo,Gastos de representación,1523273253.0,1513791438.0
2019,11,Servicio civil del Ejecutivo,Otros gastos del personal,2282198019.0,2282198019.0
2019,11,Servicio civil del Ejecutivo,Personal contratado,40109945064.0,34525379276.0
2019,11,Servicio civil del Ejecutivo,Remuneraciones temporales,6910434719.0,6910434719.0
2019,11,Servicio civil del Ejecutivo,Servicio exterior,13143213074.0,13143213074.0
2019,11,Servicio civil del Ejecutivo,Sueldo básico,69197916816.0,68861307772.0
2019,12,Educación,Aguinaldo,443841179914.0,437174114974.0
2019,12,Educación,Bonificaciones y asignaciones,84560932658.0,83188856866.0
2019,12,Educación,Dietas,563509708.0,544166979.0
2019,12,Educación,Gastos de representación,3763583325.0,3689192663.0
2019,12,Educación,Otros gastos del personal,4824175370.0,4817796864.0
2019,12,Educación,Personal contratado,14407844303.0,14235279890.0
2019,12,Educación,Remuneraciones temporales,2338008406.0,2275877783.0
2019,12,Educación,Sueldo básico,480302467896.0,466118985769.0
2019,12,Empresas públicas,Aguinaldo,30773532914.0,30773532914.0
2019,12,Empresas públicas,Bonificaciones y asignaciones,41082427585.0,40019762465.0
2019,12,Empresas públicas,Dietas,31258400.0,31258400.0
2019,12,Empresas públicas,Gastos de representación,103008400.0,102276596.0
2019,12,Empresas públicas,Otros gastos del personal,1223529279.0,1212540205.0
2019,12,Empresas públicas,Personal contratado,8134001731.0,7862755779.0
2019,12,Empresas públicas,Remuneraciones temporales,18428648788.0,17450008900.0
2019,12,Empresas públicas,Sueldo básico,42639248078.0,37181203168.0
2019,12,Entes autónomos y autárquicos,Aguinaldo,25229567218.0,25214474990.0
2019,12,Entes autónomos y autárquicos,Bonificaciones y asignaciones,13962442967.0,13289582301.0
2019,12,Entes autónomos y autárquicos,Dietas,359436700.0,352769384.0
2019,12,Entes autónomos y autárquicos,Gastos de representación,587979947.0,528461641.0
2019,12,Entes autónomos y autárquicos,Otros gastos del personal,2593915265.0,2424747413.0
2019,12,Entes autónomos y autárquicos,Personal contratado,9238934575.0,9057384074.0
2019,12,Entes autónomos y autárquicos,Remuneraciones temporales,6529343209.0,6133456122.0
2019,12,Entes autónomos y autárquicos,Sueldo básico,40974771414.0,35406813029.0
2019,12,Fuerzas públicas,Aguinaldo,190311951345.0,190311951345.0
2019,12,Fuerzas públicas,Bonificaciones y asignaciones,79193960219.0,79193960219.0
2019,12,Fuerzas públicas,Gastos de representación,576235928.0,576235928.0
2019,12,Fuerzas públicas,Otros gastos del personal,13465930338.0,13465930338.0
2019,12,Fuerzas públicas,Personal contratado,2241556575.0,2241556575.0
2019,12,Fuerzas públicas,Remuneraciones temporales,79515533.0,79515533.0
2019,12,Fuerzas públicas,Servicio exterior,1530268820.0,1530268820.0
2019,12,Fuerzas públicas,Sueldo básico,192982478298.0,192955804622.0
2019,12,Gobiernos departamentales,Aguinaldo,3134193365.0,3108946752.0
2019,12,Gobiernos departamentales,Bonificaciones y asignaciones,607499995.0,551314729.0
2019,12,Gobiernos departamentales,Dietas,1556939258.0,1460858626.0
2019,12,Gobiernos departamentales,Gastos de representación,227251600.0,217231056.0
2019,12,Gobiernos departamentales,Otros gastos del personal,246836245.0,245731313.0
2019,12,Gobiernos departamentales,Personal contratado,3214038033.0,3153966897.0
2019,12,Gobiernos departamentales,Remuneraciones temporales,44909747.0,38005197.0
2019,12,Gobiernos departamentales,Sueldo básico,3266547827.0,2937363706.0
2019,12,Municipalidades,Aguinaldo,9276034022.0,9214124071.0
2019,12,Municipalidades,Bonificaciones y asignaciones,2126701575.0,2074066160.0
2019,12,Municipalidades,Dietas,6594925929.0,6275720433.0
2019,12,Municipalidades,Gastos de representación,5028037561.0,4595472644.0
2019,12,Municipalidades,Otros gastos del personal,138077446.0,138077446.0
2019,12,Municipalidades,Personal contratado,36863397791.0,35052488958.0
2019,12,Municipalidades,Remuneraciones temporales,222179405.0,222110663.0
2019,12,Municipalidades,Sueldo básico,13178330307.0,11433803916.0
2019,12,Otros organismos,Aguinaldo,40923871651.0,40921083431.0
2019,12,Otros organismos,Bonificaciones y asignaciones,14471929688.0,13446347129.0
2019,12,Otros organismos,Dietas,189853888.0,176171690.0
2019,12,Otros organismos,Gastos de representación,776785493.0,729853071.0
2019,12,Otros organismos,Otros gastos del personal,137756279.0,129830778.0
2019,12,Otros organismos,Personal contratado,3392468054.0,3216676101.0
2019,12,Otros organismos,Remuneraciones temporales,4138513356.0,4021422950.0
2019,12,Otros organismos,Sueldo básico,35321205647.0,32364935058.0
2019,12,Poder Judicial,Aguinaldo,126514984893.0,126514984893.0
2019,12,Poder Judicial,Bonificaciones y asignaciones,20074103127.0,20074103127.0
2019,12,Poder Judicial,Dietas,148034200.0,148034200.0
2019,12,Poder Judicial,Gastos de representación,6721224320.0,6704411820.0
2019,12,Poder Judicial,Otros gastos del personal,2120438029.0,2120438029.0
2019,12,Poder Judicial,Personal contratado,18021190884.0,17871581759.0
2019,12,Poder Judicial,Remuneraciones temporales,1337602723.0,1337602723.0
2019,12,Poder Judicial,Sueldo básico,123122136409.0,122820906000.0
2019,12,Poder Legislativo,Aguinaldo,23465918942.0,23465918942.0
2019,12,Poder Legislativo,Bonificaciones y asignaciones,5575376274.0,5575376274.0
2019,12,Poder Legislativo,Dietas,4204171280.0,4204171280.0
2019,12,Poder Legislativo,Gastos de representación,1469840732.0,1469840732.0
2019,12,Poder Legislativo,Otros gastos del personal,4860593.0,4860593.0
2019,12,Poder Legislativo,Personal contratado,6369063555.0,6369063555.0
2019,12,Poder Legislativo,Remuneraciones temporales,421531751.0,421531751.0
2019,12,Poder Legislativo,Sueldo básico,18026705274.0,18026705274.0
2019,12,SA del Estado,Aguinaldo,15733491341.0,15733491341.0
2019,12,SA del Estado,Bonificaciones y asignaciones,6610348994.0,6610348994.0
2019,12,SA del Estado,Dietas,343299298.0,342742654.0
2019,12,SA del Estado,Gastos de representación,6000000.0,6000000.0
2019,12,SA del Estado,Otros gastos del personal,77256048.0,77256048.0
2019,12,SA del Estado,Personal contratado,865647964.0,858932986.0
2019,12,SA del Estado,Remuneraciones temporales,1063641553.0,1063641553.0
2019,12,SA del Estado,Sueldo básico,23978312477.0,22422977691.0
2019,12,Salud,Aguinaldo,130309246342.0,130309246342.0
2019,12,Salud,Bonificaciones y asignaciones,51301514625.0,50616949955.0
2019,12,Salud,Dietas,85000000.0,79900000.0
2019,12,Salud,Gastos de representación,328752900.0,324178700.0
2019,12,Salud,Otros gastos del personal,7686229722.0,7683176912.0
2019,12,Salud,Personal contratado,182522439907.0,181722343021.0
2019,12,Salud,Remuneraciones temporales,10776155885.0,10591269942.0
2019,12,Salud,Sueldo básico,201855484826.0,197049565315.0
2019,12,Servicio civil del Ejecutivo,Aguinaldo,69377345086.0,69377345086.0
2019,12,Servicio civil del Ejecutivo,Bonificaciones y asignaciones,43948956213.0,43948956213.0
2019,12,Servicio civil del Ejecutivo,Gastos de representación,1511155053.0,1509595933.0
2019,12,Servicio civil del Ejecutivo,Otros gastos del personal,5147488662.0,5147488662.0
2019,12,Servicio civil del Ejecutivo,Personal contratado,71372032126.0,65258559148.0
2019,12,Servicio civil del Ejecutivo,Remuneraciones temporales,12148623833.0,12148623833.0
2019,12,Servicio civil del Ejecutivo,Servicio exterior,25290039906.0,25290039906.0
2019,12,Servicio civil del Ejecutivo,Sueldo básico,69233816530.0,68912934606.0
2020,1,Educación,Aguinaldo,11680431.0,10666884.0
2020,1,Educación,Bonificaciones y asignaciones,46083148211.0,44967238737.0
2020,1,Educación,Dietas,472520558.0,442664052.0
2020,1,Educación,Gastos de representación,3716830396.0,3629765011.0
2020,1,Educación,Otros gastos del personal,4183445264.0,4180345264.0
2020,1,Educación,Personal contratado,4918553152.0,4668989609.0
2020,1,Educación,Remuneraciones temporales,264028667.0,259569297.0
2020,1,Educación,Sueldo básico,476960473697.0,461574731951.0
2020,1,Empresas públicas,Aguinaldo,2530700.0,2302937.0
2020,1,Empresas públicas,Bonificaciones y asignaciones,21992412887.0,20860721169.0
2020,1,Empresas públicas,Dietas,31258400.0,31258400.0
2020,1,Empresas públicas,Gastos de representación,117650900.0,116919096.0
2020,1,Empresas públicas,Otros gastos del personal,1449502452.0,1437762358.0
2020,1,Empresas públicas,Personal contratado,5034280377.0,4784894831.0
2020,1,Empresas públicas,Remuneraciones temporales,9652213276.0,8692394892.0
2020,1,Empresas públicas,Sueldo básico,42944250975.0,38031587933.0
2020,1,Entes autónomos y autárquicos,Aguinaldo,1828300.0,1828300.0
2020,1,Entes autónomos y autárquicos,Bonificaciones y asignaciones,4885352652.0,4377832828.0
2020,1,Entes autónomos y autárquicos,Dietas,326842100.0,321044688.0
2020,1,Entes autónomos y autárquicos,Gastos de representación,507075833.0,452795324.0
2020,1,Entes autónomos y autárquicos,Otros gastos del personal,1152743649.0,1115010209.0
2020,1,Entes autónomos y autárquicos,Personal contratado,2913570251.0,2802971650.0
2020,1,Entes autónomos y autárquicos,Remuneraciones temporales,1810678596.0,1690203280.0
2020,1,Entes autónomos y autárquicos,Sueldo básico,41719595561.0,35969325646.0
2020,1,Fuerzas públicas,Bonificaciones y asignaciones,66382879195.0,66382879195.0
2020,1,Fuerzas públicas,Gastos de representación,584908228.0,584908228.0
2020,1,Fuerzas públicas,Otros gastos del personal,11581522108.0,11581522108.0
2020,1,Fuerzas públicas,Personal contratado,1076680087.0,1069530087.0
2020,1,Fuerzas públicas,Remuneraciones temporales,35709287.0,35709287.0
2020,1,Fuerzas públicas,Servicio exterior,814572952.0,814572952.0
2020,1,Fuerzas públicas,Sueldo básico,205446425382.0,205423944173.0
2020,1,Gobiernos departamentales,Aguinaldo,0.0,0.0
2020,1,Gobiernos departamentales,Bonificaciones y asignaciones,502920687.0,456766663.0
2020,1,Gobiernos departamentales,Dietas,1774583798.0,1690062382.0
2020,1,Gobiernos departamentales,Gastos de representación,247813000.0,236507976.0
2020,1,Gobiernos departamentales,Otros gastos del personal,169356565.0,168152333.0
2020,1,Gobiernos departamentales,Personal contratado,2303705756.0,2270168007.0
2020,1,Gobiernos departamentales,Remuneraciones temporales,24096829.0,18225107.0
2020,1,Gobiernos departamentales,Sueldo básico,3685187434.0,3275962187.0
2020,1,Municipalidades,Aguinaldo,165116402.0,164966402.0
2020,1,Municipalidades,Bonificaciones y asignaciones,1966853615.0,1915986915.0
2020,1,Municipalidades,Dietas,6593548626.0,6354379582.0
2020,1,Municipalidades,Gastos de representación,4910711537.0,4702240010.0
2020,1,Municipalidades,Otros gastos del personal,125266395.0,78829722.0
2020,1,Municipalidades,Personal contratado,29638244812.0,28532101101.0
2020,1,Municipalidades,Remuneraciones temporales,200149396.0,199799114.0
2020,1,Municipalidades,Sueldo básico,14970341252.0,12676057067.0
2020,1,Otros organismos,Aguinaldo,9698859.0,9410859.0
2020,1,Otros organismos,Bonificaciones y asignaciones,16950170338.0,15798448037.0
2020,1,Otros organismos,Dietas,166635488.0,152797700.0
2020,1,Otros organismos,Gastos de representación,781449252.0,734164118.0
2020,1,Otros organismos,Otros gastos del personal,120750000.0,112863000.0
2020,1,Otros organismos,Personal contratado,2747493620.0,2569551999.0
2020,1,Otros organismos,Remuneraciones temporales,498681333.0,461086910.0
2020,1,Otros organismos,Sueldo básico,35534285503.0,32586936617.0
2020,1,Poder Judicial,Bonificaciones y asignaciones,10446967242.0,10446967242.0
2020,1,Poder Judicial,Dietas,148034200.0,148034200.0
2020,1,Poder Judicial,Gastos de representación,6740740920.0,6716972324.0
2020,1,Poder Judicial,Otros gastos del personal,1690159990.0,1690159990.0
2020,1,Poder Judicial,Personal contratado,11583021437.0,11552528128.0
2020,1,Poder Judicial,Remuneraciones temporales,199370695.0,199370695.0
2020,1,Poder Judicial,Sueldo básico,123345154550.0,122590296148.0
2020,1,Poder Legislativo,Bonificaciones y asignaciones,2796428904.0,2796428904.0
2020,1,Poder Legislativo,Dietas,4204171280.0,4204171280.0
2020,1,Poder Legislativo,Gastos de representación,1473415032.0,1473415032.0
2020,1,Poder Legislativo,Personal contratado,3336452000.0,3336452000.0
2020,1,Poder Legislativo,Remuneraciones temporales,7954282.0,7954282.0
2020,1,Poder Legislativo,Sueldo básico,18094909628.0,18085977828.0
2020,1,SA del Estado,Aguinaldo,2799648.0,2799648.0
2020,1,SA del Estado,Bonificaciones y asignaciones,13317347806.0,13317347806.0
2020,1,SA del Estado,Dietas,343299298.0,338115298.0
2020,1,SA del Estado,Gastos de representación,6000000.0,6000000.0
2020,1,SA del Estado,Otros gastos del personal,95125423.0,95125423.0
2020,1,SA del Estado,Personal contratado,611373461.0,605098465.0
2020,1,SA del Estado,Remuneraciones temporales,1025309217.0,1025309217.0
2020,1,SA del Estado,Sueldo básico,23955910799.0,22398034323.0
2020,1,Salud,Bonificaciones y asignaciones,23716265736.0,23046929905.0
2020,1,Salud,Dietas,85000000.0,79900000.0
2020,1,Salud,Gastos de representación,353215100.0,348619100.0
2020,1,Salud,Otros gastos del personal,9974253138.0,9967012467.0
2020,1,Salud,Personal contratado,103259578983.0,100468976931.0
2020,1,Salud,Remuneraciones temporales,2626296789.0,2612638483.0
2020,1,Salud,Sueldo básico,201525290163.0,196708928554.0
2020,1,Servicio civil del Ejecutivo,Bonificaciones y asignaciones,17501783321.0,17501783321.0
2020,1,Servicio civil del Ejecutivo,Gastos de representación,1513904783.0,1505081638.0
2020,1,Servicio civil del Ejecutivo,Otros gastos del personal,2264462977.0,2264462977.0
2020,1,Servicio civil del Ejecutivo,Personal contratado,30152003375.0,27673495582.0
2020,1,Servicio civil del Ejecutivo,Remuneraciones temporales,2880587613.0,2880587613.0
2020,1,Servicio civil del Ejecutivo,Servicio exterior,13354326840.0,13354326840.0
2020,1,Servicio civil del Ejecutivo,Sueldo básico,70784953625.0,70237324244.0
2020,2,Educación,Aguinaldo,13557567.0,12544020.0
2020,2,Educación,Bonificaciones y asignaciones,47343117932.0,46123180691.0
2020,2,Educación,Dietas,566437553.0,542929572.0
2020,2,Educación,Gastos de representación,3616489496.0,3528385999.0
2020,2,Educación,Otros gastos del personal,3854808361.0,3852417452.0
2020,2,Educación,Personal contratado,5305630940.0,4896736902.0
2020,2,Educación,Remuneraciones temporales,698454837.0,667748279.0
2020,2,Educación,Sueldo básico,477954538587.0,462506170188.0
2020,2,Empresas públicas,Bonificaciones y asignaciones,26714129892.0,25555251475.0
2020,2,Empresas públicas,Dietas,26400000.0,26400000.0
2020,2,Empresas públicas,Gastos de representación,124335500.0,123603537.0
2020,2,Empresas públicas,Otros gastos del personal,1428410982.0,1390153554.0
2020,2,Empresas públicas,Personal contratado,5657452452.0,4952636515.0
2020,2,Empresas públicas,Remuneraciones temporales,9441745791.0,8295157686.0
2020,2,Empresas públicas,Sueldo básico,43107299302.0,37213186697.0
2020,2,Entes autónomos y autárquicos,Aguinaldo,1828300.0,1828300.0
2020,2,Entes autónomos y autárquicos,Bonificaciones y asignaciones,8343999083.0,7792067831.0
2020,2,Entes autónomos y autárquicos,Dietas,366187700.0,364782688.0
2020,2,Entes autónomos y autárquicos,Gastos de representación,558749226.0,503999340.0
2020,2,Entes autónomos y autárquicos,Otros gastos del personal,1321913001.0,1265163592.0
2020,2,Entes autónomos y autárquicos,Personal contratado,3422117077.0,3265229999.0
2020,2,Entes autónomos y autárquicos,Remuneraciones temporales,2571084425.0,2374415640.0
2020,2,Entes autónomos y autárquicos,Sueldo básico,41509140174.0,35934876788.0
2020,2,Fuerzas públicas,Bonificaciones y asignaciones,66074434714.0,66074434714.0
2020,2,Fuerzas públicas,Gastos de representación,595060128.0,595060128.0
2020,2,Fuerzas públicas,Otros gastos del personal,32167712179.0,32167712179.0
2020,2,Fuerzas públicas,Personal contratado,1076268590.0,1076268590.0
2020,2,Fuerzas públicas,Remuneraciones temporales,42235094.0,42235094.0
2020,2,Fuerzas públicas,Servicio exterior,818746780.0,818746780.0
2020,2,Fuerzas públicas,Sueldo básico,205873234839.0,205849437926.0
2020,2,Gobiernos departamentales,Aguinaldo,0.0,0.0
2020,2,Gobiernos departamentales,Bonificaciones y asignaciones,609322836.0,562316622.0
2020,2,Gobiernos departamentales,Dietas,1933511828.0,1857440660.0
2020,2,Gobiernos departamentales,Gastos de representación,268822900.0,257469636.0
2020,2,Gobiernos departamentales,Otros gastos del personal,165933565.0,164653013.0
2020,2,Gobiernos departamentales,Personal contratado,2456584220.0,2426132336.0
2020,2,Gobiernos departamentales,Remuneraciones temporales,34992688.0,28619496.0
2020,2,Gobiernos departamentales,Sueldo básico,3823546157.0,3431110198.0
2020,2,Municipalidades,Aguinaldo,46344830.0,45094830.0
2020,2,Municipalidades,Bonificaciones y asignaciones,2026047105.0,1981130755.0
2020,2,Municipalidades,Dietas,6574150960.0,6361336463.0
2020,2,Municipalidades,Gastos de representación,4930021500.0,4767842595.0
2020,2,Municipalidades,Otros gastos del personal,121485067.0,75685067.0
2020,2,Municipalidades,Personal contratado,31124859443.0,30163937750.0
2020,2,Municipalidades,Remuneraciones temporales,269949305.0,267370971.0
2020,2,Municipalidades,Sueldo básico,15100033361.0,12843984418.0
2020,2,Otros organismos,Aguinaldo,2860000.0,2602600.0
2020,2,Otros organismos,Bonificaciones y asignaciones,17482912234.0,16085087573.0
2020,2,Otros organismos,Dietas,166635488.0,150938297.0
2020,2,Otros organismos,Gastos de representación,799096548.0,740848366.0
2020,2,Otros organismos,Otros gastos del personal,123750000.0,115863000.0
2020,2,Otros organismos,Personal contratado,2750404471.0,2524726520.0
2020,2,Otros organismos,Remuneraciones temporales,754192238.0,733312381.0
2020,2,Otros organismos,Sueldo básico,35551476579.0,32599237835.0
2020,2,Poder Judicial,Bonificaciones y asignaciones,11821512231.0,11821512231.0
2020,2,Poder Judicial,Dietas,148034200.0,148034200.0
2020,2,Poder Judicial,Gastos de representación,6864824320.0,6784872657.0
2020,2,Poder Judicial,Otros gastos del personal,1680654589.0,1680654589.0
2020,2,Poder Judicial,Personal contratado,11681641304.0,11634994422.0
2020,2,Poder Judicial,Remuneraciones temporales,330089071.0,330089071.0
2020,2,Poder Judicial,Sueldo básico,124059617011.0,123125179463.0
2020,2,Poder Legislativo,Bonificaciones y asignaciones,2851953014.0,2851953014.0
2020,2,Poder Legislativo,Dietas,4233778120.0,4233778120.0
2020,2,Poder Legislativo,Gastos de representación,1485215332.0,1484288032.0
2020,2,Poder Legislativo,Personal contratado,3475658667.0,3473966359.0
2020,2,Poder Legislativo,Remuneraciones temporales,9797046.0,9797046.0
2020,2,Poder Legislativo,Sueldo básico,18148909628.0,18148465828.0
2020,2,SA del Estado,Aguinaldo,12113427.0,12113427.0
2020,2,SA del Estado,Bonificaciones y asignaciones,7607898257.0,7607898257.0
2020,2,SA del Estado,Dietas,338115298.0,338115298.0
2020,2,SA del Estado,Gastos de representación,6000000.0,6000000.0
2020,2,SA del Estado,Otros gastos del personal,118547335.0,118547335.0
2020,2,SA del Estado,Personal contratado,883379217.0,877046135.0
2020,2,SA del Estado,Remuneraciones temporales,1074150010.0,1074150010.0
2020,2,SA del Estado,Sueldo básico,23964646044.0,22412801338.0
2020,2,Salud,Bonificaciones y asignaciones,23679925511.0,21919588068.0
2020,2,Salud,Dietas,85000000.0,79900000.0
2020,2,Salud,Gastos de representación,360290700.0,355737900.0
2020,2,Salud,Otros gastos del personal,7790693063.0,7789982127.0
2020,2,Salud,Personal contratado,104766029545.0,103542783235.0
2020,2,Salud,Remuneraciones temporales,3968306018.0,2553901087.0
2020,2,Salud,Sueldo básico,201121066602.0,196059401861.0
2020,2,Servicio civil del Ejecutivo,Bonificaciones y asignaciones,24462458949.0,24462458949.0
2020,2,Servicio civil del Ejecutivo,Gastos de representación,1526124383.0,1520414370.0
2020,2,Servicio civil del Ejecutivo,Otros gastos del personal,2225566917.0,2225566917.0
2020,2,Servicio civil del Ejecutivo,Personal contratado,38700189819.0,31865474204.0
2020,2,Servicio civil del Ejecutivo,Remuneraciones temporales,4776814372.0,4776814372.0
2020,2,Servicio civil del Ejecutivo,Servicio exterior,13352716146.0,13352716146.0
2020,2,Servicio civil del Ejecutivo,Sueldo básico,71057311839.0,70501248906.0
2020,3,Educación,Aguinaldo,11680431.0,10666884.0
2020,3,Educación,Bonificaciones y asignaciones,50219808283.0,49012536732.0
2020,3,Educación,Dietas,497512740.0,481748492.0
2020,3,Educación,Gastos de representación,3631746296.0,3549458079.0
2020,3,Educación,Otros gastos del personal,3801872327.0,3763263236.0
2020,3,Educación,Personal contratado,5475221927.0,5068524663.0
2020,3,Educación,Remuneraciones temporales,516727464.0,487080209.0
2020,3,Educación,Sueldo básico,478678584581.0,463320846952.0
2020,3,Empresas públicas,Bonificaciones y asignaciones,36872114794.0,35895939517.0
2020,3,Empresas públicas,Dietas,26400000.0,26400000.0
2020,3,Empresas públicas,Gastos de representación,111916800.0,111184837.0
2020,3,Empresas públicas,Otros gastos del personal,1407086593.0,1362564001.0
2020,3,Empresas públicas,Personal contratado,5526859618.0,4818447394.0
2020,3,Empresas públicas,Remuneraciones temporales,8999194845.0,7898122370.0
2020,3,Empresas públicas,Sueldo básico,43449604285.0,37521282770.0
2020,3,Entes autónomos y autárquicos,Aguinaldo,1828300.0,1828300.0
2020,3,Entes autónomos y autárquicos,Bonificaciones y asignaciones,8895540660.0,8338211935.0
2020,3,Entes autónomos y autárquicos,Dietas,343359600.0,341954588.0
2020,3,Entes autónomos y autárquicos,Gastos de representación,572535133.0,515731525.0
2020,3,Entes autónomos y autárquicos,Otros gastos del personal,1594078365.0,1515646336.0
2020,3,Entes autónomos y autárquicos,Personal contratado,4226068552.0,4036216458.0
2020,3,Entes autónomos y autárquicos,Remuneraciones temporales,3333181075.0,3105573500.0
2020,3,Entes autónomos y autárquicos,Sueldo básico,41659289859.0,36059293908.0
2020,3,Fuerzas públicas,Bonificaciones y asignaciones,65715671333.0,65715671333.0
2020,3,Fuerzas públicas,Gastos de representación,597496428.0,597496428.0
2020,3,Fuerzas públicas,Otros gastos del personal,76417984624.0,76417984624.0
2020,3,Fuerzas públicas,Personal contratado,1191899597.0,1142047365.0
2020,3,Fuerzas públicas,Remuneraciones temporales,36466621.0,36466621.0
2020,3,Fuerzas públicas,Servicio exterior,818746780.0,818746780.0
2020,3,Fuerzas públicas,Sueldo básico,206551665495.0,206525718582.0
2020,3,Gobiernos departamentales,Aguinaldo,0.0,0.0
2020,3,Gobiernos departamentales,Bonificaciones y asignaciones,618346029.0,576087583.0
2020,3,Gobiernos departamentales,Dietas,1944429534.0,1876396594.0
2020,3,Gobiernos departamentales,Gastos de representación,268822900.0,258564756.0
2020,3,Gobiernos departamentales,Otros gastos del personal,176133565.0,174853013.0
2020,3,Gobiernos departamentales,Personal contratado,2675871305.0,2650833096.0
2020,3,Gobiernos departamentales,Remuneraciones temporales,29650765.0,23433070.0
2020,3,Gobiernos departamentales,Sueldo básico,3842349850.0,3512434822.0
2020,3,Municipalidades,Aguinaldo,42144830.0,41994830.0
2020,3,Municipalidades,Bonificaciones y asignaciones,1618362571.0,1559300886.0
2020,3,Municipalidades,Dietas,6573639771.0,6127388155.0
2020,3,Municipalidades,Gastos de representación,4775903165.0,4472119461.0
2020,3,Municipalidades,Otros gastos del personal,151511938.0,142111938.0
2020,3,Municipalidades,Personal contratado,30378964685.0,29201323593.0
2020,3,Municipalidades,Remuneraciones temporales,198493023.0,198392741.0
2020,3,Municipalidades,Sueldo básico,14777126439.0,12664646619.0
2020,3,Otros organismos,Aguinaldo,3200000.0,2093000.0
2020,3,Otros organismos,Bonificaciones y asignaciones,12838072109.0,11879859123.0
2020,3,Otros organismos,Dietas,166635488.0,152806601.0
2020,3,Otros organismos,Gastos de representación,789273180.0,740204750.0
2020,3,Otros organismos,Otros gastos del personal,122968866.0,115246866.0
2020,3,Otros organismos,Personal contratado,2332792683.0,2152094735.0
2020,3,Otros organismos,Remuneraciones temporales,1909789079.0,1839904068.0
2020,3,Otros organismos,Sueldo básico,35504384583.0,32550817870.0
2020,3,Poder Judicial,Bonificaciones y asignaciones,9276621543.0,9276621543.0
2020,3,Poder Judicial,Dietas,148034200.0,148034200.0
2020,3,Poder Judicial,Gastos de representación,6805415920.0,6781403419.0
2020,3,Poder Judicial,Otros gastos del personal,1648963869.0,1648963869.0
2020,3,Poder Judicial,Personal contratado,11429516629.0,11353322775.0
2020,3,Poder Judicial,Remuneraciones temporales,379150681.0,379150681.0
2020,3,Poder Judicial,Sueldo básico,123753273825.0,121852666143.0
2020,3,Poder Legislativo,Bonificaciones y asignaciones,3827147792.0,3827147792.0
2020,3,Poder Legislativo,Dietas,4204171280.0,4204171280.0
2020,3,Poder Legislativo,Gastos de representación,1482047332.0,1479602632.0
2020,3,Poder Legislativo,Personal contratado,3519837000.0,3519837000.0
2020,3,Poder Legislativo,Remuneraciones temporales,95572878.0,95572878.0
2020,3,Poder Legislativo,Sueldo básico,18117909628.0,18117465828.0
2020,3,SA del Estado,Aguinaldo,8942042.0,8942042.0
2020,3,SA del Estado,Bonificaciones y asignaciones,6269814376.0,6269814376.0
2020,3,SA del Estado,Dietas,338115298.0,338115298.0
2020,3,SA del Estado,Gastos de representación,6000000.0,6000000.0
2020,3,SA del Estado,Otros gastos del personal,91819158.0,91819158.0
2020,3,SA del Estado,Personal contratado,929084773.0,925008801.0
2020,3,SA del Estado,Remuneraciones temporales,1285170740.0,1285170740.0
2020,3,SA del Estado,Sueldo básico,24024611485.0,22450837840.0
2020,3,Salud,Bonificaciones y asignaciones,24371435547.0,23673678118.0
2020,3,Salud,Dietas,85000000.0,79900000.0
2020,3,Salud,Gastos de representación,362750700.0,358050300.0
2020,3,Salud,Otros gastos del personal,18522744025.0,18521940675.0
2020,3,Salud,Personal contratado,115212159739.0,112613724602.0
2020,3,Salud,Remuneraciones temporales,4655593423.0,4625454769.0
2020,3,Salud,Sueldo básico,201171509023.0,196196960828.0
2020,3,Servicio civil del Ejecutivo,Bonificaciones y asignaciones,21690617207.0,21690617207.0
2020,3,Servicio civil del Ejecutivo,Gastos de representación,1539184383.0,1530087029.0
2020,3,Servicio civil del Ejecutivo,Otros gastos del personal,2147399761.0,2147399761.0
2020,3,Servicio civil del Ejecutivo,Personal contratado,42266045656.0,35653959794.0
2020,3,Servicio civil del Ejecutivo,Remuneraciones temporales,3026169096.0,3026169096.0
2020,3,Servicio civil del Ejecutivo,Servicio exterior,13443381601.0,13443381601.0
2020,3,Servicio civil del Ejecutivo,Sueldo básico,70955842561.0,70459913552.0
2020,4,Educación,Aguinaldo,11680431.0,10666884.0
2020,4,Educación,Bonificaciones y asignaciones,46629464382.0,45434585691.0
2020,4,Educación,Dietas,569159195.0,559275715.0
2020,4,Educación,Gastos de representación,3628460096.0,3543174695.0
2020,4,Educación,Otros gastos del personal,4257468413.0,4256468413.0
2020,4,Educación,Personal contratado,5714523675.0,5325636833.0
2020,4,Educación,Remuneraciones temporales,25184419.0,22220385.0
2020,4,Educación,Sueldo básico,478879370859.0,463006687336.0
2020,4,Empresas públicas,Bonificaciones y asignaciones,12005273841.0,11016625114.0
2020,4,Empresas públicas,Dietas,26400000.0,26400000.0
2020,4,Empresas públicas,Gastos de representación,114971677.0,114469853.0
2020,4,Empresas públicas,Otros gastos del personal,1451087327.0,1366965037.0
2020,4,Empresas públicas,Personal contratado,5280543040.0,4578619687.0
2020,4,Empresas públicas,Remuneraciones temporales,7295890239.0,6278158420.0
2020,4,Empresas públicas,Sueldo básico,43142564221.0,37106102978.0
2020,4,Entes autónomos y autárquicos,Aguinaldo,1828300.0,1828300.0
2020,4,Entes autónomos y autárquicos,Bonificaciones y asignaciones,5810590362.0,5223539790.0
2020,4,Entes autónomos y autárquicos,Dietas,343359600.0,319154588.0
2020,4,Entes autónomos y autárquicos,Gastos de representación,588840133.0,531147210.0
2020,4,Entes autónomos y autárquicos,Otros gastos del personal,1619156834.0,1515322865.0
2020,4,Entes autónomos y autárquicos,Personal contratado,4266905956.0,4073661329.0
2020,4,Entes autónomos y autárquicos,Remuneraciones temporales,2907114488.0,2685732960.0
2020,4,Entes autónomos y autárquicos,Sueldo básico,41669210362.0,35993469088.0
2020,4,Fuerzas públicas,Bonificaciones y asignaciones,78423823433.0,78423823433.0
2020,4,Fuerzas públicas,Gastos de representación,598649428.0,598649428.0
2020,4,Fuerzas públicas,Otros gastos del personal,10436770617.0,10436770617.0
2020,4,Fuerzas públicas,Personal contratado,1169937432.0,1136248258.0
2020,4,Fuerzas públicas,Remuneraciones temporales,43286976.0,43286976.0
2020,4,Fuerzas públicas,Servicio exterior,818746780.0,818746780.0
2020,4,Fuerzas públicas,Sueldo básico,206432405438.0,206409047093.0
2020,4,Gobiernos departamentales,Aguinaldo,0.0,0.0
2020,4,Gobiernos departamentales,Bonificaciones y asignaciones,506996069.0,465180423.0
2020,4,Gobiernos departamentales,Dietas,1944429534.0,1876396594.0
2020,4,Gobiernos departamentales,Gastos de representación,268822900.0,257614356.0
2020,4,Gobiernos departamentales,Otros gastos del personal,176733565.0,175453013.0
2020,4,Gobiernos departamentales,Personal contratado,2963677976.0,2938973866.0
2020,4,Gobiernos departamentales,Remuneraciones temporales,24621923.0,18405358.0
2020,4,Gobiernos departamentales,Sueldo básico,3846735528.0,3509275715.0
2020,4,Municipalidades,Aguinaldo,35194830.0,33044830.0
2020,4,Municipalidades,Bonificaciones y asignaciones,1450053322.0,1405071505.0
2020,4,Municipalidades,Dietas,6594919080.0,6292716513.0
2020,4,Municipalidades,Gastos de representación,4789182520.0,4406805781.0
2020,4,Municipalidades,Otros gastos del personal,136389149.0,128886418.0
2020,4,Municipalidades,Personal contratado,28227313501.0,26856087490.0
2020,4,Municipalidades,Remuneraciones temporales,87749627.0,85494012.0
2020,4,Municipalidades,Sueldo básico,14515419676.0,12534956239.0
2020,4,Otros organismos,Aguinaldo,3200000.0,2912000.0
2020,4,Otros organismos,Bonificaciones y asignaciones,6424047260.0,5565914558.0
2020,4,Otros organismos,Dietas,166635488.0,152701657.0
2020,4,Otros organismos,Gastos de representación,796079380.0,741703365.0
2020,4,Otros organismos,Otros gastos del personal,134137040.0,126477740.0
2020,4,Otros organismos,Personal contratado,2040673248.0,1861937893.0
2020,4,Otros organismos,Remuneraciones temporales,936339275.0,810002090.0
2020,4,Otros organismos,Sueldo básico,35496947178.0,32569621753.0
2020,4,Poder Judicial,Bonificaciones y asignaciones,7260027555.0,7260027555.0
2020,4,Poder Judicial,Dietas,148034200.0,148034200.0
2020,4,Poder Judicial,Gastos de representación,6795415920.0,6765116756.0
2020,4,Poder Judicial,Otros gastos del personal,1629955728.0,1629955728.0
2020,4,Poder Judicial,Personal contratado,10371929598.0,10318659581.0
2020,4,Poder Judicial,Remuneraciones temporales,50835016.0,50835016.0
2020,4,Poder Judicial,Sueldo básico,123718545465.0,122090251708.0
2020,4,Poder Legislativo,Bonificaciones y asignaciones,2847309692.0,2847309692.0
2020,4,Poder Legislativo,Dietas,4204171280.0,4204171280.0
2020,4,Poder Legislativo,Gastos de representación,1482686332.0,1480574332.0
2020,4,Poder Legislativo,Otros gastos del personal,2000000.0,2000000.0
2020,4,Poder Legislativo,Personal contratado,3581272000.0,3581272000.0
2020,4,Poder Legislativo,Sueldo básico,18147809628.0,18147365828.0
2020,4,SA del Estado,Aguinaldo,8239624.0,8239624.0
2020,4,SA del Estado,Bonificaciones y asignaciones,5584871959.0,5584871959.0
2020,4,SA del Estado,Dietas,338115298.0,338115298.0
2020,4,SA del Estado,Gastos de representación,6000000.0,6000000.0
2020,4,SA del Estado,Otros gastos del personal,112357344.0,112357344.0
2020,4,SA del Estado,Personal contratado,957909773.0,954401395.0
2020,4,SA del Estado,Remuneraciones temporales,1043628129.0,1043628129.0
2020,4,SA del Estado,Sueldo básico,23274841346.0,21730252477.0
2020,4,Salud,Bonificaciones y asignaciones,23402343263.0,22536431266.0
2020,4,Salud,Dietas,85000000.0,79900000.0
2020,4,Salud,Gastos de representación,364819600.0,359787183.0
2020,4,Salud,Otros gastos del personal,7454536354.0,7454030706.0
2020,4,Salud,Personal contratado,126794792795.0,119504492951.0
2020,4,Salud,Remuneraciones temporales,4103352376.0,4057095167.0
2020,4,Salud,Sueldo básico,201074375415.0,196138918251.0
2020,4,Servicio civil del Ejecutivo,Bonificaciones y asignaciones,18021731785.0,18021731785.0
2020,4,Servicio civil del Ejecutivo,Gastos de representación,1546138783.0,1545684040.0
2020,4,Servicio civil del Ejecutivo,Otros gastos del personal,2144930256.0,2144930256.0
2020,4,Servicio civil del Ejecutivo,Personal contratado,41635882824.0,32691208233.0
2020,4,Servicio civil del Ejecutivo,Remuneraciones temporales,252393753.0,252393753.0
2020,4,Servicio civil del Ejecutivo,Servicio exterior,13232257498.0,13232257498.0
2020,4,Servicio civil del Ejecutivo,Sueldo básico,70961885292.0,70501238611.0
2020,5,Educación,Aguinaldo,11680431.0,10666884.0
2020,5,Educación,Bonificaciones y asignaciones,46332746327.0,45185932022.0
2020,5,Educación,Dietas,583420495.0,574286197.0
2020,5,Educación,Gastos de representación,3626777196.0,3543740371.0
2020,5,Educación,Otros gastos del personal,4319952937.0,4319115289.0
2020,5,Educación,Personal contratado,5382668879.0,4841120747.0
2020,5,Educación,Remuneraciones temporales,14614058.0,12975988.0
2020,5,Educación,Sueldo básico,480718286380.0,465058214756.0
2020,5,Empresas públicas,Bonificaciones y asignaciones,11928762395.0,10987424993.0
2020,5,Empresas públicas,Dietas,23400000.0,23400000.0
2020,5,Empresas públicas,Gastos de representación,120048209.0,119316246.0
2020,5,Empresas públicas,Otros gastos del personal,1404636232.0,1318071336.0
2020,5,Empresas públicas,Personal contratado,5577211291.0,4868720904.0
2020,5,Empresas públicas,Remuneraciones temporales,6677699554.0,5791606287.0
2020,5,Empresas públicas,Sueldo básico,42834138619.0,37355551577.0
2020,5,Entes autónomos y autárquicos,Aguinaldo,1828300.0,1828300.0
2020,5,Entes autónomos y autárquicos,Bonificaciones y asignaciones,5873776464.0,5313507127.0
2020,5,Entes autónomos y autárquicos,Dietas,329091200.0,304641948.0
2020,5,Entes autónomos y autárquicos,Gastos de representación,594036035.0,538079783.0
2020,5,Entes autónomos y autárquicos,Otros gastos del personal,1724529414.0,1628913570.0
2020,5,Entes autónomos y autárquicos,Personal contratado,3841799545.0,3678200636.0
2020,5,Entes autónomos y autárquicos,Remuneraciones temporales,2181999554.0,2011765937.0
2020,5,Entes autónomos y autárquicos,Sueldo básico,41319249499.0,35680191564.0
2020,5,Fuerzas públicas,Bonificaciones y asignaciones,66898947427.0,66898947427.0
2020,5,Fuerzas públicas,Gastos de representación,599922728.0,599922728.0
2020,5,Fuerzas públicas,Otros gastos del personal,10269609511.0,10269609511.0
2020,5,Fuerzas públicas,Personal contratado,1178303972.0,1163990170.0
2020,5,Fuerzas públicas,Remuneraciones temporales,41219730.0,41219730.0
2020,5,Fuerzas públicas,Servicio exterior,818746780.0,818746780.0
2020,5,Fuerzas públicas,Sueldo básico,206386910846.0,206363333217.0
2020,5,Gobiernos departamentales,Aguinaldo,0.0,0.0
2020,5,Gobiernos departamentales,Bonificaciones y asignaciones,732211509.0,689969327.0
2020,5,Gobiernos departamentales,Dietas,1944429534.0,1876396594.0
2020,5,Gobiernos departamentales,Gastos de representación,268822900.0,257614356.0
2020,5,Gobiernos departamentales,Otros gastos del personal,177333565.0,176053013.0
2020,5,Gobiernos departamentales,Personal contratado,2923300004.0,2898595894.0
2020,5,Gobiernos departamentales,Remuneraciones temporales,25485510.0,19267689.0
2020,5,Gobiernos departamentales,Sueldo básico,3856121206.0,3515447876.0
2020,5,Municipalidades,Aguinaldo,35685552.0,33535552.0
2020,5,Municipalidades,Bonificaciones y asignaciones,1572259081.0,1536911297.0
2020,5,Municipalidades,Dietas,6550350805.0,6162924297.0
2020,5,Municipalidades,Gastos de representación,4864051408.0,4445084055.0
2020,5,Municipalidades,Otros gastos del personal,140951846.0,88071349.0
2020,5,Municipalidades,Personal contratado,28720748270.0,27017953543.0
2020,5,Municipalidades,Remuneraciones temporales,77680745.0,75342584.0
2020,5,Municipalidades,Sueldo básico,14820256643.0,12249988330.0
2020,5,Otros organismos,Bonificaciones y asignaciones,6638067665.0,5838796933.0
2020,5,Otros organismos,Dietas,166635488.0,152815617.0
2020,5,Otros organismos,Gastos de representación,793305180.0,745083811.0
2020,5,Otros organismos,Otros gastos del personal,134906700.0,119816320.0
2020,5,Otros organismos,Personal contratado,1961030996.0,1807742607.0
2020,5,Otros organismos,Remuneraciones temporales,499400704.0,415439502.0
2020,5,Otros organismos,Sueldo básico,35483770316.0,32578249523.0
2020,5,Poder Judicial,Bonificaciones y asignaciones,7210303043.0,7210303043.0
2020,5,Poder Judicial,Dietas,148034200.0,148034200.0
2020,5,Poder Judicial,Gastos de representación,6834999320.0,6801761821.0
2020,5,Poder Judicial,Otros gastos del personal,1714552676.0,1714552676.0
2020,5,Poder Judicial,Personal contratado,10285048842.0,10206708844.0
2020,5,Poder Judicial,Remuneraciones temporales,109227024.0,109227024.0
2020,5,Poder Judicial,Sueldo básico,123827561713.0,123509180027.0
2020,5,Poder Legislativo,Bonificaciones y asignaciones,2845426780.0,2845426780.0
2020,5,Poder Legislativo,Dietas,4233778120.0,4233778120.0
2020,5,Poder Legislativo,Gastos de representación,1480157332.0,1480157332.0
2020,5,Poder Legislativo,Personal contratado,3573322000.0,3573322000.0
2020,5,Poder Legislativo,Sueldo básico,18142909628.0,18142465828.0
2020,5,SA del Estado,Aguinaldo,39108881.0,39108881.0
2020,5,SA del Estado,Bonificaciones y asignaciones,5725037156.0,5725037156.0
2020,5,SA del Estado,Dietas,338115298.0,338115298.0
2020,5,SA del Estado,Gastos de representación,6000000.0,6000000.0
2020,5,SA del Estado,Otros gastos del personal,524388470.0,524388470.0
2020,5,SA del Estado,Personal contratado,949446612.0,944989258.0
2020,5,SA del Estado,Remuneraciones temporales,699028679.0,699028679.0
2020,5,SA del Estado,Sueldo básico,24095954581.0,22549349323.0
2020,5,Salud,Bonificaciones y asignaciones,23891811948.0,23181817335.0
2020,5,Salud,Dietas,85000000.0,79900000.0
2020,5,Salud,Gastos de representación,369397066.0,361308846.0
2020,5,Salud,Otros gastos del personal,7477608629.0,7477149432.0
2020,5,Salud,Personal contratado,124231343718.0,121732766879.0
2020,5,Salud,Remuneraciones temporales,4295710590.0,4269167615.0
2020,5,Salud,Sueldo básico,200967081761.0,196136933451.0
2020,5,Servicio civil del Ejecutivo,Bonificaciones y asignaciones,15667011771.0,15667011771.0
2020,5,Servicio civil del Ejecutivo,Gastos de representación,1551096653.0,1543957989.0
2020,5,Servicio civil del Ejecutivo,Otros gastos del personal,2143680760.0,2143680760.0
2020,5,Servicio civil del Ejecutivo,Personal contratado,40135247622.0,32447515246.0
2020,5,Servicio civil del Ejecutivo,Remuneraciones temporales,193013804.0,193013804.0
2020,5,Servicio civil del Ejecutivo,Servicio exterior,13454577828.0,13454577828.0
2020,5,Servicio civil del Ejecutivo,Sueldo básico,70928585292.0,70463458611.0
2020,6,Educación,Aguinaldo,11680431.0,10666884.0
2020,6,Educación,Bonificaciones y asignaciones,46136036543.0,44988219071.0
2020,6,Educación,Dietas,577259700.0,567220771.0
2020,6,Educación,Gastos de representación,3636781096.0,3560144836.0
2020,6,Educación,Otros gastos del personal,4385908101.0,4385070453.0
2020,6,Educación,Personal contratado,5575182469.0,4997538298.0
2020,6,Educación,Remuneraciones temporales,7369107.0,6491020.0
2020,6,Educación,Sueldo básico,481042625903.0,466237183486.0
2020,6,Empresas públicas,Bonificaciones y asignaciones,14298423091.0,13239296355.0
2020,6,Empresas públicas,Dietas,26400000.0,26400000.0
2020,6,Empresas públicas,Gastos de representación,118264180.0,117481274.0
2020,6,Empresas públicas,Otros gastos del personal,1420313450.0,1327819715.0
2020,6,Empresas públicas,Personal contratado,5692506798.0,4939131783.0
2020,6,Empresas públicas,Remuneraciones temporales,7816537654.0,6725088784.0
2020,6,Empresas públicas,Sueldo básico,42807263404.0,37267691391.0
2020,6,Entes autónomos y autárquicos,Aguinaldo,1828300.0,1828300.0
2020,6,Entes autónomos y autárquicos,Bonificaciones y asignaciones,5710971864.0,5180926836.0
2020,6,Entes autónomos y autárquicos,Dietas,367564700.0,343359688.0
2020,6,Entes autónomos y autárquicos,Gastos de representación,614474197.0,553870616.0
2020,6,Entes autónomos y autárquicos,Otros gastos del personal,1649106762.0,1565675954.0
2020,6,Entes autónomos y autárquicos,Personal contratado,4594511008.0,4203052825.0
2020,6,Entes autónomos y autárquicos,Remuneraciones temporales,2178582757.0,2008361794.0
2020,6,Entes autónomos y autárquicos,Sueldo básico,41521730965.0,35731924211.0
2020,6,Fuerzas públicas,Bonificaciones y asignaciones,65713879587.0,65713879587.0
2020,6,Fuerzas públicas,Gastos de representación,598567328.0,598567328.0
2020,6,Fuerzas públicas,Otros gastos del personal,10338700389.0,10338700389.0
2020,6,Fuerzas públicas,Personal contratado,1185626470.0,1161524982.0
2020,6,Fuerzas públicas,Remuneraciones temporales,38013030.0,38013030.0
2020,6,Fuerzas públicas,Servicio exterior,818746780.0,818746780.0
2020,6,Fuerzas públicas,Sueldo básico,206153905060.0,206130108147.0
2020,6,Gobiernos departamentales,Aguinaldo,0.0,0.0
2020,6,Gobiernos departamentales,Bonificaciones y asignaciones,657287659.0,615045477.0
2020,6,Gobiernos departamentales,Dietas,1948282842.0,1880249902.0
2020,6,Gobiernos departamentales,Gastos de representación,266722900.0,255514356.0
2020,6,Gobiernos departamentales,Otros gastos del personal,177933565.0,176653013.0
2020,6,Gobiernos departamentales,Personal contratado,2673694577.0,2650260748.0
2020,6,Gobiernos departamentales,Remuneraciones temporales,25590645.0,19394151.0
2020,6,Gobiernos departamentales,Sueldo básico,3858606679.0,3543220168.0
2020,6,Municipalidades,Aguinaldo,89049068.0,72999068.0
2020,6,Municipalidades,Bonificaciones y asignaciones,1607820568.0,1572040118.0
2020,6,Municipalidades,Dietas,6680029625.0,6348149881.0
2020,6,Municipalidades,Gastos de representación,4879855486.0,4509002425.0
2020,6,Municipalidades,Otros gastos del personal,165819499.0,109543004.0
2020,6,Municipalidades,Personal contratado,28995916768.0,27354845202.0
2020,6,Municipalidades,Remuneraciones temporales,166411648.0,164278315.0
2020,6,Municipalidades,Sueldo básico,14894878314.0,12016355941.0
2020,6,Otros organismos,Bonificaciones y asignaciones,6479550412.0,5647127080.0
2020,6,Otros organismos,Dietas,166635488.0,151320167.0
2020,6,Otros organismos,Gastos de representación,791289180.0,744210211.0
2020,6,Otros organismos,Otros gastos del personal,129246666.0,120920033.0
2020,6,Otros organismos,Personal contratado,1985693011.0,1831340482.0
2020,6,Otros organismos,Remuneraciones temporales,489921702.0,437877527.0
2020,6,Otros organismos,Sueldo básico,35555802368.0,32625812810.0
2020,6,Poder Judicial,Bonificaciones y asignaciones,7174753550.0,7174753550.0
2020,6,Poder Judicial,Dietas,148034200.0,148034200.0
2020,6,Poder Judicial,Gastos de representación,6841890920.0,6819732586.0
2020,6,Poder Judicial,Otros gastos del personal,1688249080.0,1688249080.0
2020,6,Poder Judicial,Personal contratado,10610276277.0,10229097281.0
2020,6,Poder Judicial,Remuneraciones temporales,81450000.0,81450000.0
2020,6,Poder Judicial,Sueldo básico,123749698107.0,123561538584.0
2020,6,Poder Legislativo,Bonificaciones y asignaciones,2846902588.0,2846902588.0
2020,6,Poder Legislativo,Dietas,4233778120.0,4233778120.0
2020,6,Poder Legislativo,Gastos de representación,1480157332.0,1478555632.0
2020,6,Poder Legislativo,Personal contratado,3548622000.0,3548622000.0
2020,6,Poder Legislativo,Sueldo básico,18152409628.0,18149865828.0
2020,6,SA del Estado,Aguinaldo,22053713.0,22053713.0
2020,6,SA del Estado,Bonificaciones y asignaciones,5700051204.0,5700051204.0
2020,6,SA del Estado,Dietas,338115298.0,338115298.0
2020,6,SA del Estado,Gastos de representación,6000000.0,6000000.0
2020,6,SA del Estado,Otros gastos del personal,145161887.0,145161887.0
2020,6,SA del Estado,Personal contratado,955125129.0,950156253.0
2020,6,SA del Estado,Remuneraciones temporales,946866350.0,946866350.0
2020,6,SA del Estado,Sueldo básico,23423434301.0,21901002502.0
2020,6,Salud,Bonificaciones y asignaciones,24714208392.0,23985415399.0
2020,6,Salud,Dietas,85000000.0,79900000.0
2020,6,Salud,Gastos de representación,371500400.0,366100100.0
2020,6,Salud,Otros gastos del personal,7484112395.0,7483280699.0
2020,6,Salud,Personal contratado,128182394689.0,124250091932.0
2020,6,Salud,Remuneraciones temporales,5241717971.0,5100076915.0
2020,6,Salud,Sueldo básico,200732030722.0,195927218709.0
2020,6,Servicio civil del Ejecutivo,Bonificaciones y asignaciones,19399081364.0,19399081364.0
2020,6,Servicio civil del Ejecutivo,Gastos de representación,1547586483.0,1546383630.0
2020,6,Servicio civil del Ejecutivo,Otros gastos del personal,2179259717.0,2179259717.0
2020,6,Servicio civil del Ejecutivo,Personal contratado,41213310178.0,33034720660.0
2020,6,Servicio civil del Ejecutivo,Remuneraciones temporales,469751066.0,469751066.0
2020,6,Servicio civil del Ejecutivo,Servicio exterior,13667135441.0,13667135441.0
2020,6,Servicio civil del Ejecutivo,Sueldo básico,70892627507.0,70404323930.0
2020,7,Educación,Aguinaldo,11680431.0,10666884.0
2020,7,Educación,Bonificaciones y asignaciones,46357913181.0,45213755217.0
2020,7,Educación,Dietas,583693150.0,576726821.0
2020,7,Educación,Gastos de representación,3638031615.0,3562275355.0
2020,7,Educación,Otros gastos del personal,4309628629.0,4306590981.0
2020,7,Educación,Personal contratado,6113281060.0,5178714166.0
2020,7,Educación,Remuneraciones temporales,25494626.0,23312764.0
2020,7,Educación,Sueldo básico,542860741504.0,467535315425.0
2020,7,Empresas públicas,Bonificaciones y asignaciones,18367400390.0,16891518598.0
2020,7,Empresas públicas,Dietas,26400000.0,26400000.0
2020,7,Empresas públicas,Gastos de representación,116264199.0,115481293.0
2020,7,Empresas públicas,Otros gastos del personal,1498910627.0,1433740122.0
2020,7,Empresas públicas,Personal contratado,6636799154.0,5886097084.0
2020,7,Empresas públicas,Remuneraciones temporales,8008549877.0,6948915225.0
2020,7,Empresas públicas,Sueldo básico,42101145730.0,36690383340.0
2020,7,Entes autónomos y autárquicos,Aguinaldo,1828300.0,1828300.0
2020,7,Entes autónomos y autárquicos,Bonificaciones y asignaciones,5927822613.0,5356031526.0
2020,7,Entes autónomos y autárquicos,Dietas,347564700.0,346159688.0
2020,7,Entes autónomos y autárquicos,Gastos de representación,591816620.0,529558460.0
2020,7,Entes autónomos y autárquicos,Otros gastos del personal,1760205203.0,1668961676.0
2020,7,Entes autónomos y autárquicos,Personal contratado,4206275593.0,3955768293.0
2020,7,Entes autónomos y autárquicos,Remuneraciones temporales,2312123445.0,2131294146.0
2020,7,Entes autónomos y autárquicos,Sueldo básico,41669860611.0,36081583676.0
2020,7,Fuerzas públicas,Bonificaciones y asignaciones,66218924299.0,66218924299.0
2020,7,Fuerzas públicas,Gastos de representación,599346228.0,599346228.0
2020,7,Fuerzas públicas,Otros gastos del personal,10771306770.0,10771306770.0
2020,7,Fuerzas públicas,Personal contratado,1230626842.0,1198649982.0
2020,7,Fuerzas públicas,Remuneraciones temporales,28902300.0,28902300.0
2020,7,Fuerzas públicas,Servicio exterior,818746780.0,818746780.0
2020,7,Fuerzas públicas,Sueldo básico,205711621524.0,205687824611.0
2020,7,Gobiernos departamentales,Bonificaciones y asignaciones,644604917.0,602174506.0
2020,7,Gobiernos departamentales,Dietas,1948282842.0,1880249902.0
2020,7,Gobiernos departamentales,Gastos de representación,267181500.0,255972956.0
2020,7,Gobiernos departamentales,Otros gastos del personal,176143079.0,172612527.0
2020,7,Gobiernos departamentales,Personal contratado,2602978136.0,2517314434.0
2020,7,Gobiernos departamentales,Remuneraciones temporales,25423065.0,19205298.0
2020,7,Gobiernos departamentales,Sueldo básico,3863061151.0,3558230707.0
2020,7,Municipalidades,Aguinaldo,240581942.0,121081942.0
2020,7,Municipalidades,Bonificaciones y asignaciones,1728325501.0,1688595695.0
2020,7,Municipalidades,Dietas,6589374226.0,6362745852.0
2020,7,Municipalidades,Gastos de representación,4867101661.0,4573943924.0
2020,7,Municipalidades,Otros gastos del personal,156600692.0,106953803.0
2020,7,Municipalidades,Personal contratado,28957306368.0,27474751191.0
2020,7,Municipalidades,Remuneraciones temporales,81006314.0,80872981.0
2020,7,Municipalidades,Sueldo básico,15087467568.0,12285441351.0
2020,7,Otros organismos,Bonificaciones y asignaciones,7261736287.0,6440051960.0
2020,7,Otros organismos,Dietas,211835488.0,193748339.0
2020,7,Otros organismos,Gastos de representación,818622780.0,769251431.0
2020,7,Otros organismos,Otros gastos del personal,181038896.0,173412596.0
2020,7,Otros organismos,Personal contratado,2091374449.0,1920469565.0
2020,7,Otros organismos,Remuneraciones temporales,516583993.0,461662563.0
2020,7,Otros organismos,Sueldo básico,36148707683.0,33198030719.0
2020,7,Poder Judicial,Bonificaciones y asignaciones,7192532224.0,7192532224.0
2020,7,Poder Judicial,Dietas,148034200.0,148034200.0
2020,7,Poder Judicial,Gastos de representación,6861381420.0,6837893918.0
2020,7,Poder Judicial,Otros gastos del personal,1741316072.0,1741316072.0
2020,7,Poder Judicial,Personal contratado,10396840391.0,10032240159.0
2020,7,Poder Judicial,Remuneraciones temporales,89624677.0,89624677.0
2020,7,Poder Judicial,Sueldo básico,123784964511.0,123591190692.0
2020,7,Poder Legislativo,Bonificaciones y asignaciones,2879753606.0,2879753606.0
2020,7,Poder Legislativo,Dietas,4233778120.0,4233778120.0
2020,7,Poder Legislativo,Gastos de representación,1482686332.0,1480722382.0
2020,7,Poder Legislativo,Otros gastos del personal,2094880.0,2094880.0
2020,7,Poder Legislativo,Personal contratado,3556322000.0,3556322000.0
2020,7,Poder Legislativo,Sueldo básico,18144889628.0,18139125828.0
2020,7,SA del Estado,Aguinaldo,16469500.0,16469500.0
2020,7,SA del Estado,Bonificaciones y asignaciones,6013284653.0,6013284653.0
2020,7,SA del Estado,Dietas,338115298.0,338115298.0
2020,7,SA del Estado,Gastos de representación,6000000.0,6000000.0
2020,7,SA del Estado,Otros gastos del personal,215739279.0,215739279.0
2020,7,SA del Estado,Personal contratado,1059008324.0,1052981866.0
2020,7,SA del Estado,Remuneraciones temporales,1137634284.0,1137634284.0
2020,7,SA del Estado,Sueldo básico,23304437258.0,21785045465.0
2020,7,Salud,Bonificaciones y asignaciones,122441989457.0,121752559717.0
2020,7,Salud,Dietas,85000000.0,79900000.0
2020,7,Salud,Gastos de representación,376687100.0,368135700.0
2020,7,Salud,Otros gastos del personal,7509923292.0,7507963989.0
2020,7,Salud,Personal contratado,208379250656.0,201422572166.0
2020,7,Salud,Remuneraciones temporales,5651940566.0,5618093142.0
2020,7,Salud,Sueldo básico,200378226821.0,195528017095.0
2020,7,Servicio civil del Ejecutivo,Bonificaciones y asignaciones,15912268573.0,15912268573.0
2020,7,Servicio civil del Ejecutivo,Gastos de representación,1551730883.0,1548995267.0
2020,7,Servicio civil del Ejecutivo,Otros gastos del personal,2222660748.0,2222660748.0
2020,7,Servicio civil del Ejecutivo,Personal contratado,40928575870.0,33219937573.0
2020,7,Servicio civil del Ejecutivo,Remuneraciones temporales,726765310.0,726765310.0
2020,7,Servicio civil del Ejecutivo,Servicio exterior,13803068329.0,13803068329.0
2020,7,Servicio civil del Ejecutivo,Sueldo básico,70929649865.0,70429485858.0
2020,8,Educación,Aguinaldo,11680431.0,10666884.0
2020,8,Educación,Bonificaciones y asignaciones,46380304610.0,45234938351.0
2020,8,Educación,Dietas,582070000.0,574465471.0
2020,8,Educación,Gastos de representación,3655294396.0,3580154564.0
2020,8,Educación,Otros gastos del personal,4278601761.0,4277789761.0
2020,8,Educación,Personal contratado,5875879510.0,5736848416.0
2020,8,Educación,Remuneraciones temporales,5577461.0,4875846.0
2020,8,Educación,Sueldo básico,543064694301.0,467758558138.0
2020,8,Empresas públicas,Bonificaciones y asignaciones,17944936666.0,16361937373.0
2020,8,Empresas públicas,Dietas,22586667.0,22586667.0
2020,8,Empresas públicas,Gastos de representación,115648733.0,114760098.0
2020,8,Empresas públicas,Otros gastos del personal,1796835202.0,1706918974.0
2020,8,Empresas públicas,Personal contratado,6043338028.0,5339940650.0
2020,8,Empresas públicas,Remuneraciones temporales,8194171672.0,7135910874.0
2020,8,Empresas públicas,Sueldo básico,42442200013.0,37068108045.0
2020,8,Entes autónomos y autárquicos,Aguinaldo,1828300.0,1828300.0
2020,8,Entes autónomos y autárquicos,Bonificaciones y asignaciones,6177530754.0,5579743919.0
2020,8,Entes autónomos y autárquicos,Dietas,336861700.0,336554788.0
2020,8,Entes autónomos y autárquicos,Gastos de representación,586596050.0,524691165.0
2020,8,Entes autónomos y autárquicos,Otros gastos del personal,1713618680.0,1628061381.0
2020,8,Entes autónomos y autárquicos,Personal contratado,4275458002.0,4025901801.0
2020,8,Entes autónomos y autárquicos,Remuneraciones temporales,2568288247.0,2382620562.0
2020,8,Entes autónomos y autárquicos,Sueldo básico,41788060440.0,36148020611.0
2020,8,Fuerzas públicas,Bonificaciones y asignaciones,65686151320.0,65686151320.0
2020,8,Fuerzas públicas,Gastos de representación,598769728.0,598769728.0
2020,8,Fuerzas públicas,Otros gastos del personal,10723910498.0,10723910498.0
2020,8,Fuerzas públicas,Personal contratado,1250783470.0,1227481982.0
2020,8,Fuerzas públicas,Remuneraciones temporales,33693750.0,33693750.0
2020,8,Fuerzas públicas,Servicio exterior,818746780.0,818746780.0
2020,8,Fuerzas públicas,Sueldo básico,205503362838.0,205475003133.0
2020,8,Gobiernos departamentales,Bonificaciones y asignaciones,532050895.0,489543611.0
2020,8,Gobiernos departamentales,Dietas,1943145098.0,1879768238.0
2020,8,Gobiernos departamentales,Gastos de representación,267181500.0,255972956.0
2020,8,Gobiernos departamentales,Otros gastos del personal,177642139.0,173947071.0
2020,8,Gobiernos departamentales,Personal contratado,2561184759.0,2487732574.0
2020,8,Gobiernos departamentales,Remuneraciones temporales,25122134.0,18735538.0
2020,8,Gobiernos departamentales,Sueldo básico,3857618887.0,3550258916.0
2020,8,Municipalidades,Aguinaldo,57751894.0,57751894.0
2020,8,Municipalidades,Bonificaciones y asignaciones,1604270040.0,1567799718.0
2020,8,Municipalidades,Dietas,6555869638.0,6277577605.0
2020,8,Municipalidades,Gastos de representación,4805048509.0,4466343158.0
2020,8,Municipalidades,Otros gastos del personal,194863588.0,145216699.0
2020,8,Municipalidades,Personal contratado,29338335477.0,27923795100.0
2020,8,Municipalidades,Remuneraciones temporales,74896460.0,72572939.0
2020,8,Municipalidades,Sueldo básico,14811871258.0,12101992363.0
2020,8,Otros organismos,Bonificaciones y asignaciones,7640263410.0,6724634389.0
2020,8,Otros organismos,Dietas,166635488.0,151378653.0
2020,8,Otros organismos,Gastos de representación,795080780.0,744482864.0
2020,8,Otros organismos,Otros gastos del personal,117226560.0,110287760.0
2020,8,Otros organismos,Personal contratado,2085329162.0,1898293018.0
2020,8,Otros organismos,Remuneraciones temporales,534260835.0,463625759.0
2020,8,Otros organismos,Sueldo básico,35527029337.0,32543879129.0
2020,8,Poder Judicial,Bonificaciones y asignaciones,7823153417.0,7823153417.0
2020,8,Poder Judicial,Dietas,148034200.0,148034200.0
2020,8,Poder Judicial,Gastos de representación,6869974320.0,6860715987.0
2020,8,Poder Judicial,Otros gastos del personal,1690542898.0,1690542898.0
2020,8,Poder Judicial,Personal contratado,10259311224.0,9896337891.0
2020,8,Poder Judicial,Remuneraciones temporales,88852564.0,88852564.0
2020,8,Poder Judicial,Sueldo básico,123773353674.0,123589043963.0
2020,8,Poder Legislativo,Bonificaciones y asignaciones,2897155780.0,2897155780.0
2020,8,Poder Legislativo,Dietas,4233778120.0,4233778120.0
2020,8,Poder Legislativo,Gastos de representación,1482686332.0,1480578832.0
2020,8,Poder Legislativo,Otros gastos del personal,2191800.0,2191800.0
2020,8,Poder Legislativo,Personal contratado,3576902000.0,3575462000.0
2020,8,Poder Legislativo,Sueldo básico,18170789628.0,18170345828.0
2020,8,SA del Estado,Aguinaldo,884937674.0,884937674.0
2020,8,SA del Estado,Bonificaciones y asignaciones,5955601047.0,5955601047.0
2020,8,SA del Estado,Dietas,338115298.0,338115298.0
2020,8,SA del Estado,Gastos de representación,6000000.0,6000000.0
2020,8,SA del Estado,Otros gastos del personal,181252335.0,181252335.0
2020,8,SA del Estado,Personal contratado,1066037324.0,1061332634.0
2020,8,SA del Estado,Remuneraciones temporales,1244470228.0,1244470228.0
2020,8,SA del Estado,Sueldo básico,23738585483.0,22228195985.0
2020,8,Salud,Bonificaciones y asignaciones,25988263916.0,25300249688.0
2020,8,Salud,Dietas,85000000.0,79900000.0
2020,8,Salud,Gastos de representación,375278200.0,369617750.0
2020,8,Salud,Otros gastos del personal,7460202982.0,7459415646.0
2020,8,Salud,Personal contratado,133816867991.0,130223972648.0
2020,8,Salud,Remuneraciones temporales,4943947111.0,4912058298.0
2020,8,Salud,Sueldo básico,200273232667.0,195423458714.0
2020,8,Servicio civil del Ejecutivo,Bonificaciones y asignaciones,18612592361.0,18612592361.0
2020,8,Servicio civil del Ejecutivo,Gastos de representación,1554463583.0,1551670256.0
2020,8,Servicio civil del Ejecutivo,Otros gastos del personal,2230958607.0,2230958607.0
2020,8,Servicio civil del Ejecutivo,Personal contratado,42412428401.0,34202205431.0
2020,8,Servicio civil del Ejecutivo,Remuneraciones temporales,1277259129.0,1277259129.0
2020,8,Servicio civil del Ejecutivo,Servicio exterior,14147329525.0,14147329525.0
2020,8,Servicio civil del Ejecutivo,Sueldo básico,70851064187.0,70369299679.0
2020,9,Educación,Aguinaldo,11680431.0,10666884.0
2020,9,Educación,Bonificaciones y asignaciones,56694461524.0,53936674000.0
2020,9,Educación,Dietas,635698965.0,627676786.0
2020,9,Educación,Gastos de representación,3623856996.0,3546543516.0
2020,9,Educación,Otros gastos del personal,4327946718.0,4326859422.0
2020,9,Educación,Personal contratado,7551437439.0,7366956100.0
2020,9,Educación,Remuneraciones temporales,6197851.0,5546086.0
2020,9,Educación,Sueldo básico,545220588975.0,470095637186.0
2020,9,Empresas públicas,Bonificaciones y asignaciones,17965072613.0,16376322584.0
2020,9,Empresas públicas,Dietas,17600000.0,17600000.0
2020,9,Empresas públicas,Gastos de representación,115263609.0,114531646.0
2020,9,Empresas públicas,Otros gastos del personal,1548331633.0,1500798849.0
2020,9,Empresas públicas,Personal contratado,6597265195.0,5551050437.0
2020,9,Empresas públicas,Remuneraciones temporales,9614075341.0,8417875748.0
2020,9,Empresas públicas,Sueldo básico,42697239374.0,37294062033.0
2020,9,Entes autónomos y autárquicos,Aguinaldo,1828300.0,1828300.0
2020,9,Entes autónomos y autárquicos,Bonificaciones y asignaciones,6314659354.0,5707818154.0
2020,9,Entes autónomos y autárquicos,Dietas,334564700.0,334257788.0
2020,9,Entes autónomos y autárquicos,Gastos de representación,597064303.0,531583495.0
2020,9,Entes autónomos y autárquicos,Otros gastos del personal,1628873134.0,1546814641.0
2020,9,Entes autónomos y autárquicos,Personal contratado,4217600570.0,3971151182.0
2020,9,Entes autónomos y autárquicos,Remuneraciones temporales,2258723044.0,2097278595.0
2020,9,Entes autónomos y autárquicos,Sueldo básico,41765267665.0,36215857418.0
2020,9,Fuerzas públicas,Bonificaciones y asignaciones,66882978607.0,66882978607.0
2020,9,Fuerzas públicas,Gastos de representación,599346228.0,599346228.0
2020,9,Fuerzas públicas,Otros gastos del personal,10318259137.0,10318259137.0
2020,9,Fuerzas públicas,Personal contratado,1261752824.0,1236113650.0
2020,9,Fuerzas públicas,Remuneraciones temporales,32547535.0,32547535.0
2020,9,Fuerzas públicas,Servicio exterior,818746780.0,818746780.0
2020,9,Fuerzas públicas,Sueldo básico,204635829522.0,204611532641.0
2020,9,Gobiernos departamentales,Bonificaciones y asignaciones,790336755.0,743310689.0
2020,9,Gobiernos departamentales,Dietas,1943145098.0,1870996881.0
2020,9,Gobiernos departamentales,Gastos de representación,267181500.0,255972956.0
2020,9,Gobiernos departamentales,Otros gastos del personal,182041777.0,178511225.0
2020,9,Gobiernos departamentales,Personal contratado,2780760121.0,2723507936.0
2020,9,Gobiernos departamentales,Remuneraciones temporales,25122134.0,18735538.0
2020,9,Gobiernos departamentales,Sueldo básico,3864070948.0,3500353528.0
2020,9,Municipalidades,Aguinaldo,60209830.0,60209830.0
2020,9,Municipalidades,Bonificaciones y asignaciones,1626422993.0,1593288793.0
2020,9,Municipalidades,Dietas,6740371687.0,6456191383.0
2020,9,Municipalidades,Gastos de representación,4852159733.0,4483845312.0
2020,9,Municipalidades,Otros gastos del personal,145595418.0,95948529.0
2020,9,Municipalidades,Personal contratado,29275436803.0,27058890673.0
2020,9,Municipalidades,Remuneraciones temporales,100947844.0,98947844.0
2020,9,Municipalidades,Sueldo básico,14662469951.0,12036493116.0
2020,9,Otros organismos,Bonificaciones y asignaciones,7662567092.0,6745866376.0
2020,9,Otros organismos,Dietas,166635488.0,153328339.0
2020,9,Otros organismos,Gastos de representación,805175080.0,745511241.0
2020,9,Otros organismos,Otros gastos del personal,128880000.0,121253700.0
2020,9,Otros organismos,Personal contratado,2133977334.0,1943512346.0
2020,9,Otros organismos,Remuneraciones temporales,526432387.0,466720846.0
2020,9,Otros organismos,Sueldo básico,35245548900.0,32312831059.0
2020,9,Poder Judicial,Bonificaciones y asignaciones,8267536465.0,8267536465.0
2020,9,Poder Judicial,Dietas,148034200.0,148034200.0
2020,9,Poder Judicial,Gastos de representación,6841099320.0,6834932653.0
2020,9,Poder Judicial,Otros gastos del personal,1796327248.0,1796327248.0
2020,9,Poder Judicial,Personal contratado,10014571987.0,9743360580.0
2020,9,Poder Judicial,Remuneraciones temporales,87522902.0,87522902.0
2020,9,Poder Judicial,Sueldo básico,123727474354.0,123599971978.0
2020,9,Poder Legislativo,Bonificaciones y asignaciones,2923601630.0,2923601630.0
2020,9,Poder Legislativo,Dietas,4204171280.0,4204171280.0
2020,9,Poder Legislativo,Gastos de representación,1482686332.0,1482686332.0
2020,9,Poder Legislativo,Personal contratado,3587462000.0,3587462000.0
2020,9,Poder Legislativo,Sueldo básico,18195489628.0,18195045828.0
2020,9,SA del Estado,Aguinaldo,438223882.0,438223882.0
2020,9,SA del Estado,Bonificaciones y asignaciones,5931799750.0,5931799750.0
2020,9,SA del Estado,Dietas,338115298.0,338115298.0
2020,9,SA del Estado,Gastos de representación,6000000.0,6000000.0
2020,9,SA del Estado,Otros gastos del personal,134465184.0,134465184.0
2020,9,SA del Estado,Personal contratado,1070048392.0,1066769243.0
2020,9,SA del Estado,Remuneraciones temporales,1243768520.0,1243768520.0
2020,9,SA del Estado,Sueldo básico,23168605572.0,21663048453.0
2020,9,Salud,Bonificaciones y asignaciones,27083974437.0,26397367138.0
2020,9,Salud,Dietas,85000000.0,79900000.0
2020,9,Salud,Gastos de representación,377167100.0,369886166.0
2020,9,Salud,Otros gastos del personal,7475102681.0,7471352923.0
2020,9,Salud,Personal contratado,136311532625.0,133520910518.0
2020,9,Salud,Remuneraciones temporales,5075858118.0,5044810330.0
2020,9,Salud,Sueldo básico,199883670253.0,195041040272.0
2020,9,Servicio civil del Ejecutivo,Bonificaciones y asignaciones,16079040147.0,16079040147.0
2020,9,Servicio civil del Ejecutivo,Gastos de representación,1558627883.0,1556230299.0
2020,9,Servicio civil del Ejecutivo,Otros gastos del personal,2213612172.0,2213612172.0
2020,9,Servicio civil del Ejecutivo,Personal contratado,41777059276.0,34286092333.0
2020,9,Servicio civil del Ejecutivo,Remuneraciones temporales,981014067.0,981014067.0
2020,9,Servicio civil del Ejecutivo,Servicio exterior,14405636716.0,14405636716.0
2020,9,Servicio civil del Ejecutivo,Sueldo básico,70710364187.0,70240953014.0
2020,10,Educación,Aguinaldo,11680431.0,10666884.0
2020,10,Educación,Bonificaciones y asignaciones,48016698250.0,46856982561.0
2020,10,Educación,Dietas,545995030.0,537859504.0
2020,10,Educación,Gastos de representación,3628631796.0,3551563372.0
2020,10,Educación,Otros gastos del personal,4121494546.0,4121256898.0
2020,10,Educación,Personal contratado,6413341897.0,6233996046.0
2020,10,Educación,Remuneraciones temporales,6366884.0,5688074.0
2020,10,Educación,Sueldo básico,538875153413.0,463525870303.0
2020,10,Empresas públicas,Bonificaciones y asignaciones,28084450098.0,25331613925.0
2020,10,Empresas públicas,Dietas,17600000.0,17600000.0
2020,10,Empresas públicas,Gastos de representación,117950900.0,117218937.0
2020,10,Empresas públicas,Otros gastos del personal,1546898997.0,1495315936.0
2020,10,Empresas públicas,Personal contratado,6892508337.0,6108597603.0
2020,10,Empresas públicas,Remuneraciones temporales,10024943892.0,8785610090.0
2020,10,Empresas públicas,Sueldo básico,42639428231.0,37271158588.0
2020,10,Entes autónomos y autárquicos,Aguinaldo,1828300.0,1828300.0
2020,10,Entes autónomos y autárquicos,Bonificaciones y asignaciones,6144763427.0,5563316302.0
2020,10,Entes autónomos y autárquicos,Dietas,334564700.0,334257788.0
2020,10,Entes autónomos y autárquicos,Gastos de representación,592924303.0,526504783.0
2020,10,Entes autónomos y autárquicos,Otros gastos del personal,1684200124.0,1597317765.0
2020,10,Entes autónomos y autárquicos,Personal contratado,4247562929.0,4029494744.0
2020,10,Entes autónomos y autárquicos,Remuneraciones temporales,2473466320.0,2304479058.0
2020,10,Entes autónomos y autárquicos,Sueldo básico,41695745083.0,36167514063.0
2020,10,Fuerzas públicas,Bonificaciones y asignaciones,66740686798.0,66740686798.0
2020,10,Fuerzas públicas,Gastos de representación,590163728.0,588533541.0
2020,10,Fuerzas públicas,Otros gastos del personal,10328680408.0,10328680408.0
2020,10,Fuerzas públicas,Personal contratado,1261643182.0,1235671048.0
2020,10,Fuerzas públicas,Remuneraciones temporales,33268400.0,33268400.0
2020,10,Fuerzas públicas,Servicio exterior,818746780.0,818746780.0
2020,10,Fuerzas públicas,Sueldo básico,204569322888.0,204544243921.0
2020,10,Gobiernos departamentales,Bonificaciones y asignaciones,694263236.0,642114392.0
2020,10,Gobiernos departamentales,Dietas,1943145098.0,1870996881.0
2020,10,Gobiernos departamentales,Gastos de representación,267181500.0,256010332.0
2020,10,Gobiernos departamentales,Otros gastos del personal,187138757.0,185858205.0
2020,10,Gobiernos departamentales,Personal contratado,2708809182.0,2651562826.0
2020,10,Gobiernos departamentales,Remuneraciones temporales,24459409.0,17269851.0
2020,10,Gobiernos departamentales,Sueldo básico,3864110470.0,3500677560.0
2020,10,Municipalidades,Aguinaldo,61584830.0,61584830.0
2020,10,Municipalidades,Bonificaciones y asignaciones,1682848321.0,1650571287.0
2020,10,Municipalidades,Dietas,6736369564.0,6469059754.0
2020,10,Municipalidades,Gastos de representación,4841945835.0,4451553922.0
2020,10,Municipalidades,Otros gastos del personal,142650950.0,96004061.0
2020,10,Municipalidades,Personal contratado,29319446213.0,27081331403.0
2020,10,Municipalidades,Remuneraciones temporales,90607584.0,88607584.0
2020,10,Municipalidades,Sueldo básico,14687597459.0,12058758889.0
2020,10,Otros organismos,Bonificaciones y asignaciones,7672166585.0,6759294724.0
2020,10,Otros organismos,Dietas,166635488.0,151328339.0
2020,10,Otros organismos,Gastos de representación,800640180.0,751835710.0
2020,10,Otros organismos,Otros gastos del personal,124830000.0,117203700.0
2020,10,Otros organismos,Personal contratado,2119921871.0,1932597069.0
2020,10,Otros organismos,Remuneraciones temporales,541265010.0,480567323.0
2020,10,Otros organismos,Sueldo básico,35057945398.0,32134513545.0
2020,10,Poder Judicial,Bonificaciones y asignaciones,8350436513.0,8350436513.0
2020,10,Poder Judicial,Dietas,148034200.0,148034200.0
2020,10,Poder Judicial,Gastos de representación,6837849320.0,6830024320.0
2020,10,Poder Judicial,Otros gastos del personal,1688061592.0,1688061592.0
2020,10,Poder Judicial,Personal contratado,9767174995.0,9492244246.0
2020,10,Poder Judicial,Remuneraciones temporales,94004554.0,94004554.0
2020,10,Poder Judicial,Sueldo básico,123524328137.0,123377916007.0
2020,10,Poder Legislativo,Bonificaciones y asignaciones,2937396630.0,2937396630.0
2020,10,Poder Legislativo,Dietas,4233778120.0,4213053332.0
2020,10,Poder Legislativo,Gastos de representación,1482686332.0,1480468732.0
2020,10,Poder Legislativo,Otros gastos del personal,10924947.0,10924947.0
2020,10,Poder Legislativo,Personal contratado,3580662000.0,3580662000.0
2020,10,Poder Legislativo,Sueldo básico,18184689628.0,18184245828.0
2020,10,SA del Estado,Aguinaldo,206899272.0,206899272.0
2020,10,SA del Estado,Bonificaciones y asignaciones,5913887338.0,5913887338.0
2020,10,SA del Estado,Dietas,338115298.0,338115298.0
2020,10,SA del Estado,Gastos de representación,6000000.0,6000000.0
2020,10,SA del Estado,Otros gastos del personal,160118312.0,160118312.0
2020,10,SA del Estado,Personal contratado,1081891231.0,1078745274.0
2020,10,SA del Estado,Remuneraciones temporales,1237971036.0,1237971036.0
2020,10,SA del Estado,Sueldo básico,22642959662.0,21147566686.0
2020,10,Salud,Bonificaciones y asignaciones,96356547136.0,95659858136.0
2020,10,Salud,Dietas,85000000.0,79900000.0
2020,10,Salud,Gastos de representación,378252800.0,372354707.0
2020,10,Salud,Otros gastos del personal,7440814995.0,7439788099.0
2020,10,Salud,Personal contratado,193749569464.0,190735128378.0
2020,10,Salud,Remuneraciones temporales,5066025638.0,5033944277.0
2020,10,Salud,Sueldo básico,199842380373.0,195026362340.0
2020,10,Servicio civil del Ejecutivo,Bonificaciones y asignaciones,18577912739.0,18577912739.0
2020,10,Servicio civil del Ejecutivo,Gastos de representación,1559037883.0,1544952992.0
2020,10,Servicio civil del Ejecutivo,Otros gastos del personal,2265979825.0,2265979825.0
2020,10,Servicio civil del Ejecutivo,Personal contratado,42906332749.0,34958678999.0
2020,10,Servicio civil del Ejecutivo,Remuneraciones temporales,1306041618.0,1306041618.0
2020,10,Servicio civil del Ejecutivo,Servicio exterior,14513673036.0,14513673036.0
2020,10,Servicio civil del Ejecutivo,Sueldo básico,70710671348.0,70166523504.0
2020,11,Educación,Aguinaldo,11680431.0,10666884.0
2020,11,Educación,Bonificaciones y asignaciones,52206563061.0,50568830121.0
2020,11,Educación,Dietas,562435700.0,553518924.0
2020,11,Educación,Gastos de representación,3669836796.0,3592768372.0
2020,11,Educación,Otros gastos del personal,4228726668.0,4228514668.0
2020,11,Educación,Personal contratado,7047943345.0,6882164103.0
2020,11,Educación,Remuneraciones temporales,29588317.0,25194078.0
2020,11,Educación,Sueldo básico,543789407903.0,468478598856.0
2020,11,Empresas públicas,Bonificaciones y asignaciones,21413330149.0,19201986132.0
2020,11,Empresas públicas,Dietas,17600000.0,17600000.0
2020,11,Empresas públicas,Gastos de representación,124393900.0,123661937.0
2020,11,Empresas públicas,Otros gastos del personal,1565876469.0,1511142408.0
2020,11,Empresas públicas,Personal contratado,6984115225.0,6028643050.0
2020,11,Empresas públicas,Remuneraciones temporales,11374620302.0,9743543270.0
2020,11,Empresas públicas,Sueldo básico,42571446389.0,36691398247.0
2020,11,Entes autónomos y autárquicos,Aguinaldo,1828300.0,1828300.0
2020,11,Entes autónomos y autárquicos,Bonificaciones y asignaciones,6150962081.0,5565945987.0
2020,11,Entes autónomos y autárquicos,Dietas,334564700.0,334257788.0
2020,11,Entes autónomos y autárquicos,Gastos de representación,604668503.0,541053223.0
2020,11,Entes autónomos y autárquicos,Otros gastos del personal,1673854095.0,1585101007.0
2020,11,Entes autónomos y autárquicos,Personal contratado,4321875457.0,4109925994.0
2020,11,Entes autónomos y autárquicos,Remuneraciones temporales,2534044407.0,2356024944.0
2020,11,Entes autónomos y autárquicos,Sueldo básico,41615753926.0,36089555926.0
2020,11,Fuerzas públicas,Bonificaciones y asignaciones,69143546379.0,69143546379.0
2020,11,Fuerzas públicas,Gastos de representación,589478528.0,589478528.0
2020,11,Fuerzas públicas,Otros gastos del personal,10327829278.0,10327829278.0
2020,11,Fuerzas públicas,Personal contratado,1282009496.0,1260016392.0
2020,11,Fuerzas públicas,Remuneraciones temporales,34728600.0,34728600.0
2020,11,Fuerzas públicas,Servicio exterior,818746780.0,818746780.0
2020,11,Fuerzas públicas,Sueldo básico,204209885748.0,204190492055.0
2020,11,Gobiernos departamentales,Bonificaciones y asignaciones,680369634.0,630987910.0
2020,11,Gobiernos departamentales,Dietas,1946356188.0,1882979328.0
2020,11,Gobiernos departamentales,Gastos de representación,266781500.0,256560732.0
2020,11,Gobiernos departamentales,Otros gastos del personal,187438757.0,186158205.0
2020,11,Gobiernos departamentales,Personal contratado,2700416343.0,2643169987.0
2020,11,Gobiernos departamentales,Remuneraciones temporales,24056610.0,16931500.0
2020,11,Gobiernos departamentales,Sueldo básico,3859876508.0,3496042305.0
2020,11,Municipalidades,Aguinaldo,99993900.0,99031400.0
2020,11,Municipalidades,Bonificaciones y asignaciones,1682089457.0,1649432757.0
2020,11,Municipalidades,Dietas,6714456188.0,6411709701.0
2020,11,Municipalidades,Gastos de representación,4920084585.0,4549005266.0
2020,11,Municipalidades,Otros gastos del personal,162787721.0,116140832.0
2020,11,Municipalidades,Personal contratado,29122134942.0,26885119778.0
2020,11,Municipalidades,Remuneraciones temporales,139023633.0,136523633.0
2020,11,Municipalidades,Sueldo básico,14798741035.0,12052096584.0
2020,11,Otros organismos,Bonificaciones y asignaciones,7424174626.0,6515947889.0
2020,11,Otros organismos,Dietas,166635488.0,151328339.0
2020,11,Otros organismos,Gastos de representación,800990180.0,753114263.0
2020,11,Otros organismos,Otros gastos del personal,128280000.0,120653700.0
2020,11,Otros organismos,Personal contratado,2128961956.0,1934555798.0
2020,11,Otros organismos,Remuneraciones temporales,1112642773.0,1053845431.0
2020,11,Otros organismos,Sueldo básico,35011544646.0,32084214670.0
2020,11,Poder Judicial,Bonificaciones y asignaciones,10225469618.0,10225469618.0
2020,11,Poder Judicial,Dietas,148034200.0,148034200.0
2020,11,Poder Judicial,Gastos de representación,6813907220.0,6812094720.0
2020,11,Poder Judicial,Otros gastos del personal,1654926088.0,1654926088.0
2020,11,Poder Judicial,Personal contratado,9679078325.0,9292793568.0
2020,11,Poder Judicial,Remuneraciones temporales,101419802.0,101419802.0
2020,11,Poder Judicial,Sueldo básico,123466885070.0,123294824950.0
2020,11,Poder Legislativo,Bonificaciones y asignaciones,2960348664.0,2960348664.0
2020,11,Poder Legislativo,Dietas,4233778120.0,4218974700.0
2020,11,Poder Legislativo,Gastos de representación,1482686332.0,1481102332.0
2020,11,Poder Legislativo,Otros gastos del personal,37144819.0,37144819.0
2020,11,Poder Legislativo,Personal contratado,3612556994.0,3612556994.0
2020,11,Poder Legislativo,Sueldo básico,18165489628.0,18165045828.0
2020,11,SA del Estado,Aguinaldo,88684093.0,88684093.0
2020,11,SA del Estado,Bonificaciones y asignaciones,6014324562.0,6014324562.0
2020,11,SA del Estado,Dietas,356388956.0,356388956.0
2020,11,SA del Estado,Gastos de representación,6000000.0,6000000.0
2020,11,SA del Estado,Otros gastos del personal,173099172.0,173099172.0
2020,11,SA del Estado,Personal contratado,1103963062.0,1101181025.0
2020,11,SA del Estado,Remuneraciones temporales,1360933270.0,1360933270.0
2020,11,SA del Estado,Sueldo básico,23255911121.0,21765018023.0
2020,11,Salud,Bonificaciones y asignaciones,51420417113.0,49217645770.0
2020,11,Salud,Dietas,85000000.0,79900000.0
2020,11,Salud,Gastos de representación,376543900.0,371569313.0
2020,11,Salud,Otros gastos del personal,7521473169.0,7519554185.0
2020,11,Salud,Personal contratado,157917728205.0,154923791350.0
2020,11,Salud,Remuneraciones temporales,5378955915.0,5346618902.0
2020,11,Salud,Sueldo básico,199708101991.0,194927256189.0
2020,11,Servicio civil del Ejecutivo,Bonificaciones y asignaciones,16716141119.0,16716141119.0
2020,11,Servicio civil del Ejecutivo,Gastos de representación,1530330628.0,1524252561.0
2020,11,Servicio civil del Ejecutivo,Otros gastos del personal,2235585115.0,2235585115.0
2020,11,Servicio civil del Ejecutivo,Personal contratado,42364549204.0,35154145456.0
2020,11,Servicio civil del Ejecutivo,Remuneraciones temporales,2080100580.0,2080100580.0
2020,11,Servicio civil del Ejecutivo,Servicio exterior,14502108978.0,14502108978.0
2020,11,Servicio civil del Ejecutivo,Sueldo básico,70557578509.0,70018638443.0
2020,12,Educación,Aguinaldo,462866023159.0,462270310104.0
2020,12,Educación,Bonificaciones y asignaciones,91462413525.0,89391437665.0
2020,12,Educación,Dietas,603234664.0,594543193.0
2020,12,Educación,Gastos de representación,3697374744.0,3625893686.0
2020,12,Educación,Otros gastos del personal,4834414568.0,4834314568.0
2020,12,Educación,Personal contratado,12876255077.0,12708771894.0
2020,12,Educación,Remuneraciones temporales,255282479.0,255229852.0
2020,12,Educación,Sueldo básico,540296385665.0,465554006478.0
2020,12,Empresas públicas,Aguinaldo,27852391683.0,27852391683.0
2020,12,Empresas públicas,Bonificaciones y asignaciones,34397362470.0,31919824956.0
2020,12,Empresas públicas,Dietas,17600000.0,17600000.0
2020,12,Empresas públicas,Gastos de representación,124393900.0,123661937.0
2020,12,Empresas públicas,Otros gastos del personal,1653281922.0,1601752876.0
2020,12,Empresas públicas,Personal contratado,8903343892.0,7953583065.0
2020,12,Empresas públicas,Remuneraciones temporales,19052417153.0,17525627398.0
2020,12,Empresas públicas,Sueldo básico,42413546788.0,36524402068.0
2020,12,Entes autónomos y autárquicos,Aguinaldo,38562331693.0,37198181116.0
2020,12,Entes autónomos y autárquicos,Bonificaciones y asignaciones,9749360696.0,8840978295.0
2020,12,Entes autónomos y autárquicos,Dietas,335373400.0,335066488.0
2020,12,Entes autónomos y autárquicos,Gastos de representación,630983136.0,548469130.0
2020,12,Entes autónomos y autárquicos,Otros gastos del personal,3160859703.0,3007239794.0
2020,12,Entes autónomos y autárquicos,Personal contratado,7705247223.0,7475535303.0
2020,12,Entes autónomos y autárquicos,Remuneraciones temporales,5206420741.0,4968904027.0
2020,12,Entes autónomos y autárquicos,Sueldo básico,42076475484.0,36510781322.0
2020,12,Fuerzas públicas,Aguinaldo,204365062705.0,204365062705.0
2020,12,Fuerzas públicas,Bonificaciones y asignaciones,77212549549.0,77212549549.0
2020,12,Fuerzas públicas,Gastos de representación,584655528.0,584655528.0
2020,12,Fuerzas públicas,Otros gastos del personal,12620424888.0,12620424888.0
2020,12,Fuerzas públicas,Personal contratado,2369411826.0,2369411826.0
2020,12,Fuerzas públicas,Remuneraciones temporales,70710417.0,70710417.0
2020,12,Fuerzas públicas,Servicio exterior,1637145739.0,1637145739.0
2020,12,Fuerzas públicas,Sueldo básico,205656914848.0,205637521155.0
2020,12,Gobiernos departamentales,Aguinaldo,3215135654.0,3215135654.0
2020,12,Gobiernos departamentales,Bonificaciones y asignaciones,797709502.0,741925625.0
2020,12,Gobiernos departamentales,Dietas,1762157691.0,1698780831.0
2020,12,Gobiernos departamentales,Gastos de representación,243067400.0,232846632.0
2020,12,Gobiernos departamentales,Otros gastos del personal,165259319.0,164078767.0
2020,12,Gobiernos departamentales,Personal contratado,3521340592.0,3499965592.0
2020,12,Gobiernos departamentales,Remuneraciones temporales,25214124.0,17817726.0
2020,12,Gobiernos departamentales,Sueldo básico,3449980084.0,3106662864.0
2020,12,Municipalidades,Aguinaldo,9741096538.0,9526415641.0
2020,12,Municipalidades,Bonificaciones y asignaciones,2139214328.0,2106317878.0
2020,12,Municipalidades,Dietas,7746508049.0,7458925131.0
2020,12,Municipalidades,Gastos de representación,4949408163.0,4744983610.0
2020,12,Municipalidades,Otros gastos del personal,196830405.0,190830405.0
2020,12,Municipalidades,Personal contratado,39146595367.0,37289772969.0
2020,12,Municipalidades,Remuneraciones temporales,249415917.0,248555397.0
2020,12,Municipalidades,Sueldo básico,15188985014.0,13574212024.0
2020,12,Otros organismos,Aguinaldo,38415216814.0,38415216814.0
2020,12,Otros organismos,Bonificaciones y asignaciones,9866022620.0,9522423237.0
2020,12,Otros organismos,Dietas,154046664.0,141328339.0
2020,12,Otros organismos,Gastos de representación,803763402.0,774978549.0
2020,12,Otros organismos,Otros gastos del personal,247080413.0,242570413.0
2020,12,Otros organismos,Personal contratado,4034393564.0,4025190303.0
2020,12,Otros organismos,Remuneraciones temporales,1937129844.0,1926095054.0
2020,12,Otros organismos,Sueldo básico,33464299112.0,31881740174.0
2020,12,Poder Judicial,Aguinaldo,129318974085.0,129318974085.0
2020,12,Poder Judicial,Bonificaciones y asignaciones,16862223499.0,16862223499.0
2020,12,Poder Judicial,Dietas,88820520.0,88820520.0
2020,12,Poder Judicial,Gastos de representación,6809347220.0,6807413887.0
2020,12,Poder Judicial,Otros gastos del personal,2021927113.0,2021927113.0
2020,12,Poder Judicial,Personal contratado,18122986965.0,17842266965.0
2020,12,Poder Judicial,Remuneraciones temporales,250781549.0,250781549.0
2020,12,Poder Judicial,Sueldo básico,123461187990.0,123235888770.0
2020,12,Poder Legislativo,Aguinaldo,23774130956.0,23774130956.0
2020,12,Poder Legislativo,Bonificaciones y asignaciones,5830506003.0,5830506003.0
2020,12,Poder Legislativo,Dietas,4233778120.0,4224896068.0
2020,12,Poder Legislativo,Gastos de representación,1485215332.0,1484264932.0
2020,12,Poder Legislativo,Otros gastos del personal,16471518.0,16471518.0
2020,12,Poder Legislativo,Personal contratado,7125543680.0,7125543680.0
2020,12,Poder Legislativo,Remuneraciones temporales,9402675.0,9402675.0
2020,12,Poder Legislativo,Sueldo básico,18161389628.0,18160945828.0
2020,12,SA del Estado,Aguinaldo,15376930164.0,15376930164.0
2020,12,SA del Estado,Bonificaciones y asignaciones,6148007624.0,6148007624.0
2020,12,SA del Estado,Dietas,359200288.0,359200288.0
2020,12,SA del Estado,Gastos de representación,6000000.0,6000000.0
2020,12,SA del Estado,Otros gastos del personal,251171761.0,251171761.0
2020,12,SA del Estado,Personal contratado,1139722900.0,1138569461.0
2020,12,SA del Estado,Remuneraciones temporales,1265532998.0,1265532998.0
2020,12,SA del Estado,Sueldo básico,23130174743.0,21651365733.0
2020,12,Salud,Aguinaldo,129128370941.0,129128113430.0
2020,12,Salud,Bonificaciones y asignaciones,73175207042.0,71103129419.0
2020,12,Salud,Dietas,85000000.0,79900000.0
2020,12,Salud,Gastos de representación,376543900.0,371857900.0
2020,12,Salud,Otros gastos del personal,7538755223.0,7538431223.0
2020,12,Salud,Personal contratado,271560541985.0,268951318025.0
2020,12,Salud,Remuneraciones temporales,10726041593.0,10646598603.0
2020,12,Salud,Sueldo básico,199717639730.0,194905932463.0
2020,12,Servicio civil del Ejecutivo,Aguinaldo,71223717793.0,71223717793.0
2020,12,Servicio civil del Ejecutivo,Bonificaciones y asignaciones,34652157605.0,34652157605.0
2020,12,Servicio civil del Ejecutivo,Gastos de representación,1518902028.0,1512181962.0
2020,12,Servicio civil del Ejecutivo,Otros gastos del personal,4708192202.0,4708192202.0
2020,12,Servicio civil del Ejecutivo,Personal contratado,71042553005.0,62752916126.0
2020,12,Servicio civil del Ejecutivo,Remuneraciones temporales,4253037461.0,4253037461.0
2020,12,Servicio civil del Ejecutivo,Servicio exterior,28595833561.0,28595833561.0
2020,12,Servicio civil del Ejecutivo,Sueldo básico,70504278509.0,70016041772.0
2021,1,Educación,Aguinaldo,33241292.0,32227745.0
2021,1,Educación,Bonificaciones y asignaciones,45644782678.0,44545537558.0
2021,1,Educación,Dietas,534129050.0,523927773.0
2021,1,Educación,Gastos de representación,3643804296.0,3566894648.0
2021,1,Educación,Otros gastos del personal,3777890765.0,3776590765.0
2021,1,Educación,Personal contratado,5244508291.0,5109352974.0
2021,1,Educación,Remuneraciones temporales,151950453.0,151950443.0
2021,1,Educación,Sueldo básico,464633775374.0,449762626744.0
2021,1,Empresas públicas,Bonificaciones y asignaciones,18435772760.0,16520709718.0
2021,1,Empresas públicas,Dietas,23466667.0,23466667.0
2021,1,Empresas públicas,Gastos de representación,118717000.0,117985037.0
2021,1,Empresas públicas,Otros gastos del personal,1667523341.0,1615030988.0
2021,1,Empresas públicas,Personal contratado,5966113173.0,4811848407.0
2021,1,Empresas públicas,Remuneraciones temporales,11666156548.0,9995201664.0
2021,1,Empresas públicas,Sueldo básico,46042438615.0,36486517501.0
2021,1,Entes autónomos y autárquicos,Aguinaldo,23666541.0,14300000.0
2021,1,Entes autónomos y autárquicos,Bonificaciones y asignaciones,5478042572.0,5022625429.0
2021,1,Entes autónomos y autárquicos,Dietas,321891900.0,314792588.0
2021,1,Entes autónomos y autárquicos,Gastos de representación,587865467.0,526214858.0
2021,1,Entes autónomos y autárquicos,Otros gastos del personal,1303836534.0,1274354125.0
2021,1,Entes autónomos y autárquicos,Personal contratado,3411063705.0,3272832651.0
2021,1,Entes autónomos y autárquicos,Remuneraciones temporales,1776227284.0,1631072738.0
2021,1,Entes autónomos y autárquicos,Sueldo básico,41535193777.0,35995392534.0
2021,1,Fuerzas públicas,Bonificaciones y asignaciones,65856085556.0,65856085556.0
2021,1,Fuerzas públicas,Gastos de representación,632680128.0,632680128.0
2021,1,Fuerzas públicas,Otros gastos del personal,9809720304.0,9809720304.0
2021,1,Fuerzas públicas,Personal contratado,1146837622.0,1145737622.0
2021,1,Fuerzas públicas,Remuneraciones temporales,30160400.0,30160400.0
2021,1,Fuerzas públicas,Servicio exterior,909832680.0,909832680.0
2021,1,Fuerzas públicas,Sueldo básico,210522490299.0,210504816723.0
2021,1,Gobiernos departamentales,Bonificaciones y asignaciones,633371813.0,589302365.0
2021,1,Gobiernos departamentales,Dietas,1946356188.0,1882979328.0
2021,1,Gobiernos departamentales,Gastos de representación,266031500.0,255810732.0
2021,1,Gobiernos departamentales,Otros gastos del personal,183036412.0,181855860.0
2021,1,Gobiernos departamentales,Personal contratado,2411371479.0,2407813717.0
2021,1,Gobiernos departamentales,Remuneraciones temporales,23721364.0,16427815.0
2021,1,Gobiernos departamentales,Sueldo básico,3827939678.0,3485117066.0
2021,1,Municipalidades,Aguinaldo,133374830.0,133064830.0
2021,1,Municipalidades,Bonificaciones y asignaciones,1862140815.0,1828093442.0
2021,1,Municipalidades,Dietas,6925503675.0,6640104140.0
2021,1,Municipalidades,Gastos de representación,4960550160.0,4747046970.0
2021,1,Municipalidades,Otros gastos del personal,110935816.0,109535816.0
2021,1,Municipalidades,Personal contratado,30062671210.0,29188621188.0
2021,1,Municipalidades,Remuneraciones temporales,121541036.0,121041036.0
2021,1,Municipalidades,Sueldo básico,15341346174.0,13208092181.0
2021,1,Otros organismos,Bonificaciones y asignaciones,7263254167.0,6349104318.0
2021,1,Otros organismos,Dietas,168007406.0,154176452.0
2021,1,Otros organismos,Gastos de representación,788364546.0,741268278.0
2021,1,Otros organismos,Otros gastos del personal,103148620.0,98033620.0
2021,1,Otros organismos,Personal contratado,2237513328.0,2039682278.0
2021,1,Otros organismos,Remuneraciones temporales,272453144.0,243845768.0
2021,1,Otros organismos,Sueldo básico,35243152675.0,32294451189.0
2021,1,Poder Judicial,Bonificaciones y asignaciones,8481266829.0,8481266829.0
2021,1,Poder Judicial,Dietas,88820520.0,88820520.0
2021,1,Poder Judicial,Gastos de representación,6784535020.0,6780789187.0
2021,1,Poder Judicial,Otros gastos del personal,1591064351.0,1591064351.0
2021,1,Poder Judicial,Personal contratado,5985683497.0,5952730402.0
2021,1,Poder Judicial,Remuneraciones temporales,90413951.0,90413951.0
2021,1,Poder Judicial,Sueldo básico,123895970188.0,123518858788.0
2021,1,Poder Legislativo,Bonificaciones y asignaciones,2728250180.0,2728250180.0
2021,1,Poder Legislativo,Dietas,4233778120.0,4233778120.0
2021,1,Poder Legislativo,Gastos de representación,1501434632.0,1501434632.0
2021,1,Poder Legislativo,Personal contratado,3519842000.0,3516842000.0
2021,1,Poder Legislativo,Sueldo básico,19146269939.0,19146269939.0
2021,1,SA del Estado,Aguinaldo,2078891.0,2078891.0
2021,1,SA del Estado,Bonificaciones y asignaciones,6459357955.0,6459357955.0
2021,1,SA del Estado,Dietas,359200288.0,359200288.0
2021,1,SA del Estado,Gastos de representación,6000000.0,6000000.0
2021,1,SA del Estado,Otros gastos del personal,191672065.0,191672065.0
2021,1,SA del Estado,Personal contratado,1069879333.0,1065117823.0
2021,1,SA del Estado,Remuneraciones temporales,1045633722.0,1045493722.0
2021,1,SA del Estado,Sueldo básico,23009334145.0,21545108040.0
2021,1,Salud,Bonificaciones y asignaciones,23464241637.0,22804618462.0
2021,1,Salud,Dietas,85000000.0,79900000.0
2021,1,Salud,Gastos de representación,369734934.0,365236534.0
2021,1,Salud,Otros gastos del personal,12473873486.0,12441416464.0
2021,1,Salud,Personal contratado,145161301927.0,142882279924.0
2021,1,Salud,Remuneraciones temporales,3324465427.0,3324465427.0
2021,1,Salud,Sueldo básico,200687361507.0,195808052421.0
2021,1,Servicio civil del Ejecutivo,Bonificaciones y asignaciones,15623039267.0,15623039267.0
2021,1,Servicio civil del Ejecutivo,Gastos de representación,1521084239.0,1504124299.0
2021,1,Servicio civil del Ejecutivo,Otros gastos del personal,2200380953.0,2200380953.0
2021,1,Servicio civil del Ejecutivo,Personal contratado,31495163843.0,28700355767.0
2021,1,Servicio civil del Ejecutivo,Remuneraciones temporales,971451817.0,971451817.0
2021,1,Servicio civil del Ejecutivo,Servicio exterior,14342821987.0,14342821987.0
2021,1,Servicio civil del Ejecutivo,Sueldo básico,70125874210.0,69748301306.0
2021,2,Educación,Aguinaldo,30443692.0,29430145.0
2021,2,Educación,Bonificaciones y asignaciones,47061503016.0,45819493903.0
2021,2,Educación,Dietas,540619050.0,532836040.0
2021,2,Educación,Gastos de representación,3596972283.0,3520532669.0
2021,2,Educación,Otros gastos del personal,4680072360.0,4669946918.0
2021,2,Educación,Personal contratado,5025907274.0,4898065204.0
2021,2,Educación,Remuneraciones temporales,186635138.0,186074324.0
2021,2,Educación,Sueldo básico,477397275850.0,462670849943.0
2021,2,Empresas públicas,Bonificaciones y asignaciones,22412289254.0,20408805350.0
2021,2,Empresas públicas,Dietas,26400000.0,26400000.0
2021,2,Empresas públicas,Gastos de representación,122293000.0,122062861.0
2021,2,Empresas públicas,Otros gastos del personal,1632848407.0,1580309295.0
2021,2,Empresas públicas,Personal contratado,5873994059.0,4988823011.0
2021,2,Empresas públicas,Remuneraciones temporales,11508848016.0,9888695449.0
2021,2,Empresas públicas,Sueldo básico,45996868006.0,39621083349.0
2021,2,Entes autónomos y autárquicos,Aguinaldo,14300000.0,14300000.0
2021,2,Entes autónomos y autárquicos,Bonificaciones y asignaciones,7651601053.0,6966718223.0
2021,2,Entes autónomos y autárquicos,Dietas,339564700.0,323865388.0
2021,2,Entes autónomos y autárquicos,Gastos de representación,618493830.0,552113294.0
2021,2,Entes autónomos y autárquicos,Otros gastos del personal,1586383346.0,1524190566.0
2021,2,Entes autónomos y autárquicos,Personal contratado,5062676480.0,4875584452.0
2021,2,Entes autónomos y autárquicos,Remuneraciones temporales,2146552220.0,1974325581.0
2021,2,Entes autónomos y autárquicos,Sueldo básico,42111079483.0,36481359455.0
2021,2,Fuerzas públicas,Bonificaciones y asignaciones,65186348505.0,65186348505.0
2021,2,Fuerzas públicas,Gastos de representación,634179228.0,634179228.0
2021,2,Fuerzas públicas,Otros gastos del personal,98217111074.0,98217111074.0
2021,2,Fuerzas públicas,Personal contratado,1143557002.0,1143557002.0
2021,2,Fuerzas públicas,Remuneraciones temporales,23742500.0,23742500.0
2021,2,Fuerzas públicas,Servicio exterior,909832680.0,909832680.0
2021,2,Fuerzas públicas,Sueldo básico,210770671365.0,210755848481.0
2021,2,Gobiernos departamentales,Bonificaciones y asignaciones,650495193.0,606425745.0
2021,2,Gobiernos departamentales,Dietas,1946356188.0,1882979328.0
2021,2,Gobiernos departamentales,Gastos de representación,266031500.0,255810732.0
2021,2,Gobiernos departamentales,Otros gastos del personal,175736412.0,174555860.0
2021,2,Gobiernos departamentales,Personal contratado,2529165807.0,2520449045.0
2021,2,Gobiernos departamentales,Remuneraciones temporales,25458031.0,18036420.0
2021,2,Gobiernos departamentales,Sueldo básico,3812098704.0,3468253438.0
2021,2,Municipalidades,Aguinaldo,95535279.0,95305279.0
2021,2,Municipalidades,Bonificaciones y asignaciones,1950663679.0,1914152556.0
2021,2,Municipalidades,Dietas,6864101530.0,6584512356.0
2021,2,Municipalidades,Gastos de representación,4953549868.0,4701497992.0
2021,2,Municipalidades,Otros gastos del personal,188746482.0,188746482.0
2021,2,Municipalidades,Personal contratado,30937498364.0,30017337436.0
2021,2,Municipalidades,Remuneraciones temporales,191606552.0,188106552.0
2021,2,Municipalidades,Sueldo básico,15462696841.0,13254587923.0
2021,2,Otros organismos,Bonificaciones y asignaciones,17604020110.0,16720676383.0
2021,2,Otros organismos,Dietas,168007406.0,154176452.0
2021,2,Otros organismos,Gastos de representación,798657880.0,751605075.0
2021,2,Otros organismos,Otros gastos del personal,102159820.0,97153588.0
2021,2,Otros organismos,Personal contratado,3267618944.0,3061558617.0
2021,2,Otros organismos,Remuneraciones temporales,575674484.0,503536189.0
2021,2,Otros organismos,Sueldo básico,35248114159.0,32291337652.0
2021,2,Poder Judicial,Bonificaciones y asignaciones,9734787687.0,9734787687.0
2021,2,Poder Judicial,Dietas,148034200.0,148034200.0
2021,2,Poder Judicial,Gastos de representación,6798385920.0,6765516718.0
2021,2,Poder Judicial,Otros gastos del personal,1621792183.0,1621792183.0
2021,2,Poder Judicial,Personal contratado,10096073120.0,10059384908.0
2021,2,Poder Judicial,Remuneraciones temporales,107560354.0,107560354.0
2021,2,Poder Judicial,Sueldo básico,124034453342.0,123802137819.0
2021,2,Poder Legislativo,Bonificaciones y asignaciones,2849009530.0,2849009530.0
2021,2,Poder Legislativo,Dietas,4233778120.0,4233778120.0
2021,2,Poder Legislativo,Gastos de representación,1509021632.0,1509021632.0
2021,2,Poder Legislativo,Personal contratado,3523822000.0,3520822000.0
2021,2,Poder Legislativo,Sueldo básico,19234569939.0,19234569939.0
2021,2,SA del Estado,Bonificaciones y asignaciones,5836656211.0,5836656211.0
2021,2,SA del Estado,Dietas,359200288.0,359200288.0
2021,2,SA del Estado,Gastos de representación,6000000.0,6000000.0
2021,2,SA del Estado,Otros gastos del personal,186596476.0,186596476.0
2021,2,SA del Estado,Personal contratado,1245136962.0,1241242346.0
2021,2,SA del Estado,Remuneraciones temporales,1171696303.0,1171696303.0
2021,2,SA del Estado,Sueldo básico,22922240414.0,21469361253.0
2021,2,Salud,Bonificaciones y asignaciones,25849272363.0,25059033769.0
2021,2,Salud,Dietas,85000000.0,79900000.0
2021,2,Salud,Gastos de representación,375110500.0,369685032.0
2021,2,Salud,Otros gastos del personal,7636933367.0,7625993171.0
2021,2,Salud,Personal contratado,149760656067.0,147441421532.0
2021,2,Salud,Remuneraciones temporales,3993008057.0,3958215085.0
2021,2,Salud,Sueldo básico,200342926445.0,195473222299.0
2021,2,Servicio civil del Ejecutivo,Bonificaciones y asignaciones,21021509040.0,21021509040.0
2021,2,Servicio civil del Ejecutivo,Gastos de representación,1536373869.0,1514510025.0
2021,2,Servicio civil del Ejecutivo,Otros gastos del personal,2308819844.0,2308819844.0
2021,2,Servicio civil del Ejecutivo,Personal contratado,34694104775.0,30604560622.0
2021,2,Servicio civil del Ejecutivo,Remuneraciones temporales,2153060833.0,2153060833.0
2021,2,Servicio civil del Ejecutivo,Servicio exterior,13651766752.0,13640521773.0
2021,2,Servicio civil del Ejecutivo,Sueldo básico,70073531351.0,69711356066.0
2021,3,Educación,Aguinaldo,31770753.0,30060597.0
2021,3,Educación,Bonificaciones y asignaciones,50101137998.0,48884094192.0
2021,3,Educación,Dietas,571707645.0,558546376.0
2021,3,Educación,Gastos de representación,3621239183.0,3535512996.0
2021,3,Educación,Otros gastos del personal,3876015770.0,3873764205.0
2021,3,Educación,Personal contratado,6716280671.0,6435168025.0
2021,3,Educación,Remuneraciones temporales,153249817.0,152209126.0
2021,3,Educación,Sueldo básico,479112006698.0,463594262865.0
2021,3,Empresas públicas,Bonificaciones y asignaciones,23487162277.0,21536225980.0
2021,3,Empresas públicas,Dietas,26400000.0,26400000.0
2021,3,Empresas públicas,Gastos de representación,117293000.0,116561037.0
2021,3,Empresas públicas,Otros gastos del personal,1659291213.0,1585027484.0
2021,3,Empresas públicas,Personal contratado,6624570643.0,5658201186.0
2021,3,Empresas públicas,Remuneraciones temporales,11772972430.0,10168924563.0
2021,3,Empresas públicas,Sueldo básico,45938435574.0,39581822388.0
2021,3,Entes autónomos y autárquicos,Aguinaldo,7300000.0,7300000.0
2021,3,Entes autónomos y autárquicos,Bonificaciones y asignaciones,12007059745.0,11356082013.0
2021,3,Entes autónomos y autárquicos,Dietas,334564700.0,334257788.0
2021,3,Entes autónomos y autárquicos,Gastos de representación,630617730.0,567318195.0
2021,3,Entes autónomos y autárquicos,Otros gastos del personal,1868543531.0,1776775718.0
2021,3,Entes autónomos y autárquicos,Personal contratado,5954851209.0,5713235183.0
2021,3,Entes autónomos y autárquicos,Remuneraciones temporales,2922242221.0,2737538702.0
2021,3,Entes autónomos y autárquicos,Sueldo básico,42039310716.0,36425261315.0
2021,3,Fuerzas públicas,Bonificaciones y asignaciones,65023162260.0,65023162260.0
2021,3,Fuerzas públicas,Gastos de representación,636521028.0,636521028.0
2021,3,Fuerzas públicas,Otros gastos del personal,9791848357.0,9791848357.0
2021,3,Fuerzas públicas,Personal contratado,1164339792.0,1111074502.0
2021,3,Fuerzas públicas,Remuneraciones temporales,23909500.0,23909500.0
2021,3,Fuerzas públicas,Servicio exterior,909832680.0,909832680.0
2021,3,Fuerzas públicas,Sueldo básico,210984893377.0,210965400207.0
2021,3,Gobiernos departamentales,Bonificaciones y asignaciones,675148302.0,627866974.0
2021,3,Gobiernos departamentales,Dietas,1960265289.0,1892342196.0
2021,3,Gobiernos departamentales,Gastos de representación,266981900.0,255810732.0
2021,3,Gobiernos departamentales,Otros gastos del personal,175156296.0,173955860.0
2021,3,Gobiernos departamentales,Personal contratado,2808372107.0,2807632184.0
2021,3,Gobiernos departamentales,Remuneraciones temporales,25458031.0,18036420.0
2021,3,Gobiernos departamentales,Sueldo básico,3823167929.0,3481878631.0
2021,3,Municipalidades,Aguinaldo,132697368.0,132587368.0
2021,3,Municipalidades,Bonificaciones y asignaciones,2003558624.0,1964375084.0
2021,3,Municipalidades,Dietas,7059217548.0,6800262811.0
2021,3,Municipalidades,Gastos de representación,5093212482.0,4879337745.0
2021,3,Municipalidades,Otros gastos del personal,208528854.0,208528854.0
2021,3,Municipalidades,Personal contratado,32796249333.0,31946268945.0
2021,3,Municipalidades,Remuneraciones temporales,238488392.0,238488392.0
2021,3,Municipalidades,Sueldo básico,15458599329.0,13231531857.0
2021,3,Otros organismos,Bonificaciones y asignaciones,9127242409.0,8262437750.0
2021,3,Otros organismos,Dietas,156857406.0,144717535.0
2021,3,Otros organismos,Gastos de representación,811301012.0,762726901.0
2021,3,Otros organismos,Otros gastos del personal,96959820.0,92525588.0
2021,3,Otros organismos,Personal contratado,2353122908.0,2145659456.0
2021,3,Otros organismos,Remuneraciones temporales,1331261646.0,1261004348.0
2021,3,Otros organismos,Sueldo básico,35281394159.0,32338040131.0
2021,3,Poder Judicial,Bonificaciones y asignaciones,11377140503.0,11377140503.0
2021,3,Poder Judicial,Dietas,148034200.0,148034200.0
2021,3,Poder Judicial,Gastos de representación,6824385920.0,6776960921.0
2021,3,Poder Judicial,Otros gastos del personal,1627841189.0,1627841189.0
2021,3,Poder Judicial,Personal contratado,10087097272.0,10003222289.0
2021,3,Poder Judicial,Remuneraciones temporales,117880682.0,117880682.0
2021,3,Poder Judicial,Sueldo básico,124057846301.0,123708668101.0
2021,3,Poder Legislativo,Bonificaciones y asignaciones,3784157669.0,3784157669.0
2021,3,Poder Legislativo,Dietas,4233778120.0,4233778120.0
2021,3,Poder Legislativo,Gastos de representación,1516608632.0,1516608632.0
2021,3,Poder Legislativo,Personal contratado,3448422000.0,3444738667.0
2021,3,Poder Legislativo,Sueldo básico,19311569939.0,19308769939.0
2021,3,SA del Estado,Aguinaldo,12484007.0,12484007.0
2021,3,SA del Estado,Bonificaciones y asignaciones,7197914369.0,7197914369.0
2021,3,SA del Estado,Dietas,359200288.0,359200288.0
2021,3,SA del Estado,Gastos de representación,6000000.0,6000000.0
2021,3,SA del Estado,Otros gastos del personal,365290033.0,365290033.0
2021,3,SA del Estado,Personal contratado,1309934996.0,1307672510.0
2021,3,SA del Estado,Remuneraciones temporales,1127615406.0,1127615406.0
2021,3,SA del Estado,Sueldo básico,22525077149.0,21065550750.0
2021,3,Salud,Bonificaciones y asignaciones,99243536311.0,94320749755.0
2021,3,Salud,Dietas,84716667.0,79633667.0
2021,3,Salud,Gastos de representación,359697167.0,350741883.0
2021,3,Salud,Otros gastos del personal,7417819383.0,7417027529.0
2021,3,Salud,Personal contratado,155375107810.0,150670293930.0
2021,3,Salud,Remuneraciones temporales,4835589465.0,4807742670.0
2021,3,Salud,Sueldo básico,200195987060.0,195338110662.0
2021,3,Servicio civil del Ejecutivo,Bonificaciones y asignaciones,21791695287.0,21791695287.0
2021,3,Servicio civil del Ejecutivo,Gastos de representación,1535580039.0,1519960547.0
2021,3,Servicio civil del Ejecutivo,Otros gastos del personal,2335302238.0,2335302238.0
2021,3,Servicio civil del Ejecutivo,Personal contratado,36960579903.0,31908527722.0
2021,3,Servicio civil del Ejecutivo,Remuneraciones temporales,2307242752.0,2307242752.0
2021,3,Servicio civil del Ejecutivo,Servicio exterior,13550967758.0,13550967758.0
2021,3,Servicio civil del Ejecutivo,Sueldo básico,70161623315.0,69752983764.0
2021,4,Educación,Aguinaldo,23924612.0,22271874.0
2021,4,Educación,Bonificaciones y asignaciones,48016313889.0,46829315680.0
2021,4,Educación,Dietas,579384150.0,570113841.0
2021,4,Educación,Gastos de representación,3651454963.0,3566718003.0
2021,4,Educación,Otros gastos del personal,3920312827.0,3919013399.0
2021,4,Educación,Personal contratado,6873276214.0,6616045361.0
2021,4,Educación,Remuneraciones temporales,141813805.0,139963297.0
2021,4,Educación,Sueldo básico,481387664938.0,466647536604.0
2021,4,Empresas públicas,Bonificaciones y asignaciones,19753084161.0,17880682288.0
2021,4,Empresas públicas,Dietas,26400000.0,26400000.0
2021,4,Empresas públicas,Gastos de representación,120236000.0,119504037.0
2021,4,Empresas públicas,Otros gastos del personal,1675858448.0,1623155656.0
2021,4,Empresas públicas,Personal contratado,6525975913.0,5699316279.0
2021,4,Empresas públicas,Remuneraciones temporales,10754144675.0,9226236392.0
2021,4,Empresas públicas,Sueldo básico,45523693187.0,39145714924.0
2021,4,Entes autónomos y autárquicos,Aguinaldo,1000000.0,1000000.0
2021,4,Entes autónomos y autárquicos,Bonificaciones y asignaciones,6669713642.0,6022998058.0
2021,4,Entes autónomos y autárquicos,Dietas,334564700.0,334257788.0
2021,4,Entes autónomos y autárquicos,Gastos de representación,621907090.0,558852083.0
2021,4,Entes autónomos y autárquicos,Otros gastos del personal,1910339263.0,1801166312.0
2021,4,Entes autónomos y autárquicos,Personal contratado,5425032568.0,5206903566.0
2021,4,Entes autónomos y autárquicos,Remuneraciones temporales,2328096093.0,2128063032.0
2021,4,Entes autónomos y autárquicos,Sueldo básico,42024250347.0,36375761912.0
2021,4,Fuerzas públicas,Bonificaciones y asignaciones,69967338353.0,69967338353.0
2021,4,Fuerzas públicas,Gastos de representación,635547428.0,635547428.0
2021,4,Fuerzas públicas,Otros gastos del personal,10565403084.0,10565403084.0
2021,4,Fuerzas públicas,Personal contratado,1144662778.0,1103622860.0
2021,4,Fuerzas públicas,Remuneraciones temporales,26155310.0,26155310.0
2021,4,Fuerzas públicas,Servicio exterior,909832680.0,909832680.0
2021,4,Fuerzas públicas,Sueldo básico,210926934520.0,210898955941.0
2021,4,Gobiernos departamentales,Bonificaciones y asignaciones,694604061.0,637210493.0
2021,4,Gobiernos departamentales,Dietas,1960265289.0,1889210479.0
2021,4,Gobiernos departamentales,Gastos de representación,266981900.0,255810732.0
2021,4,Gobiernos departamentales,Otros gastos del personal,177556296.0,176055860.0
2021,4,Gobiernos departamentales,Personal contratado,2747829771.0,2741946219.0
2021,4,Gobiernos departamentales,Remuneraciones temporales,24931750.0,17594344.0
2021,4,Gobiernos departamentales,Sueldo básico,3850834799.0,3502535083.0
2021,4,Municipalidades,Aguinaldo,74838096.0,74728096.0
2021,4,Municipalidades,Bonificaciones y asignaciones,2041570078.0,2001820020.0
2021,4,Municipalidades,Dietas,6974885425.0,6717433894.0
2021,4,Municipalidades,Gastos de representación,4998238035.0,4792637181.0
2021,4,Municipalidades,Otros gastos del personal,181312415.0,181312415.0
2021,4,Municipalidades,Personal contratado,33176100627.0,32301490312.0
2021,4,Municipalidades,Remuneraciones temporales,191326546.0,190999546.0
2021,4,Municipalidades,Sueldo básico,15573934355.0,13353416976.0
2021,4,Otros organismos,Bonificaciones y asignaciones,8656997787.0,7796326030.0
2021,4,Otros organismos,Dietas,156857406.0,143717535.0
2021,4,Otros organismos,Gastos de representación,814201013.0,763018483.0
2021,4,Otros organismos,Otros gastos del personal,122740982.0,105052352.0
2021,4,Otros organismos,Personal contratado,3141998737.0,2834038041.0
2021,4,Otros organismos,Remuneraciones temporales,1233966984.0,1125104273.0
2021,4,Otros organismos,Sueldo básico,35398807056.0,32445905256.0
2021,4,Poder Judicial,Bonificaciones y asignaciones,8689481988.0,8689481988.0
2021,4,Poder Judicial,Dietas,148034200.0,148034200.0
2021,4,Poder Judicial,Gastos de representación,6827135920.0,6800981753.0
2021,4,Poder Judicial,Otros gastos del personal,1635700158.0,1635700158.0
2021,4,Poder Judicial,Personal contratado,10431972695.0,10401618176.0
2021,4,Poder Judicial,Remuneraciones temporales,219457853.0,219457853.0
2021,4,Poder Judicial,Sueldo básico,124214118760.0,123939855946.0
2021,4,Poder Legislativo,Bonificaciones y asignaciones,2803027686.0,2803027686.0
2021,4,Poder Legislativo,Dietas,4233778120.0,4233778120.0
2021,4,Poder Legislativo,Gastos de representación,1519137632.0,1519137632.0
2021,4,Poder Legislativo,Otros gastos del personal,600000.0,600000.0
2021,4,Poder Legislativo,Personal contratado,3522422000.0,3522422000.0
2021,4,Poder Legislativo,Sueldo básico,19330169939.0,19330169939.0
2021,4,SA del Estado,Aguinaldo,6476958.0,6476958.0
2021,4,SA del Estado,Bonificaciones y asignaciones,6836090814.0,6836090814.0
2021,4,SA del Estado,Dietas,359200288.0,359200288.0
2021,4,SA del Estado,Gastos de representación,6000000.0,6000000.0
2021,4,SA del Estado,Otros gastos del personal,196759577.0,196759577.0
2021,4,SA del Estado,Personal contratado,1286506606.0,1283237951.0
2021,4,SA del Estado,Remuneraciones temporales,1378286758.0,1378286758.0
2021,4,SA del Estado,Sueldo básico,22902112876.0,21446343561.0
2021,4,Salud,Bonificaciones y asignaciones,26458289159.0,25845063360.0
2021,4,Salud,Dietas,85000000.0,79900000.0
2021,4,Salud,Gastos de representación,378110500.0,371886163.0
2021,4,Salud,Otros gastos del personal,7409721014.0,7409161128.0
2021,4,Salud,Personal contratado,158617001342.0,155530905352.0
2021,4,Salud,Remuneraciones temporales,5049440208.0,5024275958.0
2021,4,Salud,Sueldo básico,199661766976.0,195586049357.0
2021,4,Servicio civil del Ejecutivo,Bonificaciones y asignaciones,23016679261.0,23016679261.0
2021,4,Servicio civil del Ejecutivo,Gastos de representación,1555062949.0,1537465684.0
2021,4,Servicio civil del Ejecutivo,Otros gastos del personal,2331250434.0,2331250434.0
2021,4,Servicio civil del Ejecutivo,Personal contratado,39639745278.0,34479500626.0
2021,4,Servicio civil del Ejecutivo,Remuneraciones temporales,2489134052.0,2489134052.0
2021,4,Servicio civil del Ejecutivo,Servicio exterior,13057265086.0,13057265086.0
2021,4,Servicio civil del Ejecutivo,Sueldo básico,70250623061.0,69888974775.0
2021,5,Educación,Aguinaldo,21016368.0,19411958.0
2021,5,Educación,Bonificaciones y asignaciones,46515351115.0,45338802124.0
2021,5,Educación,Dietas,568462730.0,557656121.0
2021,5,Educación,Gastos de representación,3635248083.0,3552889793.0
2021,5,Educación,Otros gastos del personal,3913299983.0,3911793532.0
2021,5,Educación,Personal contratado,6002526460.0,5782197075.0
2021,5,Educación,Remuneraciones temporales,208229990.0,206396374.0
2021,5,Educación,Sueldo básico,481001311011.0,466296178013.0
2021,5,Empresas públicas,Bonificaciones y asignaciones,19386694905.0,17500113175.0
2021,5,Empresas públicas,Dietas,26400000.0,26400000.0
2021,5,Empresas públicas,Gastos de representación,118236000.0,117504037.0
2021,5,Empresas públicas,Otros gastos del personal,1693882943.0,1644705642.0
2021,5,Empresas públicas,Personal contratado,6865994415.0,5829311018.0
2021,5,Empresas públicas,Remuneraciones temporales,10176706705.0,8699247812.0
2021,5,Empresas públicas,Sueldo básico,45854172604.0,39530295200.0
2021,5,Entes autónomos y autárquicos,Aguinaldo,1000000.0,1000000.0
2021,5,Entes autónomos y autárquicos,Bonificaciones y asignaciones,6710036743.0,6039794288.0
2021,5,Entes autónomos y autárquicos,Dietas,334564700.0,321257792.0
2021,5,Entes autónomos y autárquicos,Gastos de representación,617210040.0,556273450.0
2021,5,Entes autónomos y autárquicos,Otros gastos del personal,2028656197.0,1906143355.0
2021,5,Entes autónomos y autárquicos,Personal contratado,5510829373.0,5275708171.0
2021,5,Entes autónomos y autárquicos,Remuneraciones temporales,2876484116.0,2666484025.0
2021,5,Entes autónomos y autárquicos,Sueldo básico,41871321606.0,36245768018.0
2021,5,Fuerzas públicas,Bonificaciones y asignaciones,67572801916.0,67572801916.0
2021,5,Fuerzas públicas,Gastos de representación,636910328.0,636910328.0
2021,5,Fuerzas públicas,Otros gastos del personal,10958202322.0,10958202322.0
2021,5,Fuerzas públicas,Personal contratado,1172249550.0,1117524260.0
2021,5,Fuerzas públicas,Remuneraciones temporales,24823900.0,24823900.0
2021,5,Fuerzas públicas,Servicio exterior,909832680.0,909832680.0
2021,5,Fuerzas públicas,Sueldo básico,215109827171.0,215080922615.0
2021,5,Gobiernos departamentales,Bonificaciones y asignaciones,688845717.0,635864389.0
2021,5,Gobiernos departamentales,Dietas,1960265289.0,1892342196.0
2021,5,Gobiernos departamentales,Gastos de representación,266981900.0,255810732.0
2021,5,Gobiernos departamentales,Otros gastos del personal,178756296.0,177555860.0
2021,5,Gobiernos departamentales,Personal contratado,2739745087.0,2738105164.0
2021,5,Gobiernos departamentales,Remuneraciones temporales,25362094.0,17955833.0
2021,5,Gobiernos departamentales,Sueldo básico,3815988243.0,3476995268.0
2021,5,Municipalidades,Aguinaldo,166473296.0,166363296.0
2021,5,Municipalidades,Bonificaciones y asignaciones,1998228444.0,1962121237.0
2021,5,Municipalidades,Dietas,6897980679.0,6593404794.0
2021,5,Municipalidades,Gastos de representación,5009487487.0,4747487130.0
2021,5,Municipalidades,Otros gastos del personal,154546599.0,154546599.0
2021,5,Municipalidades,Personal contratado,33437006587.0,32334678975.0
2021,5,Municipalidades,Remuneraciones temporales,210692514.0,208692514.0
2021,5,Municipalidades,Servicio exterior,10180000.0,10180000.0
2021,5,Municipalidades,Sueldo básico,15536611984.0,13351366032.0
2021,5,Otros organismos,Bonificaciones y asignaciones,7683803208.0,6820769046.0
2021,5,Otros organismos,Dietas,168007406.0,154641035.0
2021,5,Otros organismos,Gastos de representación,819318095.0,770501535.0
2021,5,Otros organismos,Otros gastos del personal,154600695.0,131809224.0
2021,5,Otros organismos,Personal contratado,2547276707.0,2302420557.0
2021,5,Otros organismos,Remuneraciones temporales,1547534655.0,1449781324.0
2021,5,Otros organismos,Sueldo básico,35190120875.0,32261527746.0
2021,5,Poder Judicial,Bonificaciones y asignaciones,8644090278.0,8644090278.0
2021,5,Poder Judicial,Dietas,148034200.0,148034200.0
2021,5,Poder Judicial,Gastos de representación,6810510920.0,6805978271.0
2021,5,Poder Judicial,Otros gastos del personal,1638330677.0,1638330677.0
2021,5,Poder Judicial,Personal contratado,12015966789.0,11887668396.0
2021,5,Poder Judicial,Remuneraciones temporales,3307486739.0,3307486739.0
2021,5,Poder Judicial,Sueldo básico,124337457137.0,124117661431.0
2021,5,Poder Legislativo,Bonificaciones y asignaciones,2991021912.0,2991021912.0
2021,5,Poder Legislativo,Dietas,4174564440.0,4174564440.0
2021,5,Poder Legislativo,Gastos de representación,1524195632.0,1522294832.0
2021,5,Poder Legislativo,Otros gastos del personal,38419872.0,38419872.0
2021,5,Poder Legislativo,Personal contratado,3610222000.0,3610222000.0
2021,5,Poder Legislativo,Sueldo básico,18777879939.0,18775153272.0
2021,5,SA del Estado,Aguinaldo,5251983.0,5251983.0
2021,5,SA del Estado,Bonificaciones y asignaciones,7359630399.0,7359630399.0
2021,5,SA del Estado,Dietas,359200288.0,359200288.0
2021,5,SA del Estado,Gastos de representación,6000000.0,6000000.0
2021,5,SA del Estado,Otros gastos del personal,247470320.0,247470320.0
2021,5,SA del Estado,Personal contratado,1318037606.0,1315019336.0
2021,5,SA del Estado,Remuneraciones temporales,1172148589.0,1172148589.0
2021,5,SA del Estado,Sueldo básico,22768837959.0,21321364005.0
2021,5,Salud,Bonificaciones y asignaciones,26648269689.0,25971487293.0
2021,5,Salud,Dietas,85000000.0,82960000.0
2021,5,Salud,Gastos de representación,373761600.0,365628616.0
2021,5,Salud,Otros gastos del personal,8066727240.0,8066511240.0
2021,5,Salud,Personal contratado,166384115436.0,162486252556.0
2021,5,Salud,Remuneraciones temporales,5104061972.0,5080535056.0
2021,5,Salud,Sueldo básico,199179498636.0,194295358960.0
2021,5,Servicio civil del Ejecutivo,Bonificaciones y asignaciones,18153009603.0,18153009603.0
2021,5,Servicio civil del Ejecutivo,Gastos de representación,1549254549.0,1543911046.0
2021,5,Servicio civil del Ejecutivo,Otros gastos del personal,2269742442.0,2269742442.0
2021,5,Servicio civil del Ejecutivo,Personal contratado,38060789321.0,33548512682.0
2021,5,Servicio civil del Ejecutivo,Remuneraciones temporales,2871301722.0,2871301722.0
2021,5,Servicio civil del Ejecutivo,Servicio exterior,13221878396.0,13221878396.0
2021,5,Servicio civil del Ejecutivo,Sueldo básico,70063598258.0,69755142532.0
2021,6,Educación,Aguinaldo,21016368.0,19411958.0
2021,6,Educación,Bonificaciones y asignaciones,46524015312.0,45345032464.0
2021,6,Educación,Dietas,571809715.0,563609906.0
2021,6,Educación,Gastos de representación,3637694483.0,3558105000.0
2021,6,Educación,Otros gastos del personal,3982486982.0,3981729382.0
2021,6,Educación,Personal contratado,7120379676.0,6985626629.0
2021,6,Educación,Remuneraciones temporales,271089473.0,269613197.0
2021,6,Educación,Sueldo básico,481396865505.0,466663361439.0
2021,6,Empresas públicas,Bonificaciones y asignaciones,20287873711.0,18418330743.0
2021,6,Empresas públicas,Dietas,26400000.0,26400000.0
2021,6,Empresas públicas,Gastos de representación,118707700.0,117975737.0
2021,6,Empresas públicas,Otros gastos del personal,1812125544.0,1693215199.0
2021,6,Empresas públicas,Personal contratado,6891843882.0,5893955228.0
2021,6,Empresas públicas,Remuneraciones temporales,11591550692.0,10087050067.0
2021,6,Empresas públicas,Sueldo básico,45075510570.0,38755509086.0
2021,6,Entes autónomos y autárquicos,Aguinaldo,1000000.0,1000000.0
2021,6,Entes autónomos y autárquicos,Bonificaciones y asignaciones,6971697763.0,6329372547.0
2021,6,Entes autónomos y autárquicos,Dietas,336093000.0,335541560.0
2021,6,Entes autónomos y autárquicos,Gastos de representación,629545830.0,567324575.0
2021,6,Entes autónomos y autárquicos,Otros gastos del personal,1892105409.0,1785223904.0
2021,6,Entes autónomos y autárquicos,Personal contratado,6053628900.0,5810195736.0
2021,6,Entes autónomos y autárquicos,Remuneraciones temporales,3017065675.0,2815942895.0
2021,6,Entes autónomos y autárquicos,Sueldo básico,41595435803.0,36001305481.0
2021,6,Fuerzas públicas,Bonificaciones y asignaciones,71244220776.0,71244220776.0
2021,6,Fuerzas públicas,Gastos de representación,637981228.0,637981228.0
2021,6,Fuerzas públicas,Otros gastos del personal,10734221868.0,10734221868.0
2021,6,Fuerzas públicas,Personal contratado,1188324773.0,1142547169.0
2021,6,Fuerzas públicas,Remuneraciones temporales,23424400.0,23424400.0
2021,6,Fuerzas públicas,Servicio exterior,909832680.0,909832680.0
2021,6,Fuerzas públicas,Sueldo básico,214562466853.0,214532781649.0
2021,6,Gobiernos departamentales,Bonificaciones y asignaciones,691028843.0,638127130.0
2021,6,Gobiernos departamentales,Dietas,1960265289.0,1892342196.0
2021,6,Gobiernos departamentales,Gastos de representación,266981900.0,255810732.0
2021,6,Gobiernos departamentales,Otros gastos del personal,187639129.0,185113440.0
2021,6,Gobiernos departamentales,Personal contratado,2758677960.0,2757038037.0
2021,6,Gobiernos departamentales,Remuneraciones temporales,25159413.0,17785581.0
2021,6,Gobiernos departamentales,Sueldo básico,3819016882.0,3478260876.0
2021,6,Municipalidades,Aguinaldo,195740595.0,162302995.0
2021,6,Municipalidades,Bonificaciones y asignaciones,2154958048.0,1989199036.0
2021,6,Municipalidades,Dietas,7093305864.0,6722625709.0
2021,6,Municipalidades,Gastos de representación,5009475307.0,4745386732.0
2021,6,Municipalidades,Otros gastos del personal,132591508.0,130791508.0
2021,6,Municipalidades,Personal contratado,33643698185.0,32290906875.0
2021,6,Municipalidades,Remuneraciones temporales,336683428.0,333212254.0
2021,6,Municipalidades,Servicio exterior,10180000.0,10180000.0
2021,6,Municipalidades,Sueldo básico,15644603124.0,13307104640.0
2021,6,Otros organismos,Bonificaciones y asignaciones,7739474736.0,6888243808.0
2021,6,Otros organismos,Dietas,161462859.0,145096488.0
2021,6,Otros organismos,Gastos de representación,816042227.0,767364253.0
2021,6,Otros organismos,Otros gastos del personal,145320968.0,119855591.0
2021,6,Otros organismos,Personal contratado,2556311712.0,2315536153.0
2021,6,Otros organismos,Remuneraciones temporales,1601287029.0,1495782912.0
2021,6,Otros organismos,Sueldo básico,34900304209.0,31990052301.0
2021,6,Poder Judicial,Bonificaciones y asignaciones,8952807520.0,8952807520.0
2021,6,Poder Judicial,Dietas,148034200.0,148034200.0
2021,6,Poder Judicial,Gastos de representación,6847385920.0,6807773421.0
2021,6,Poder Judicial,Otros gastos del personal,1618561743.0,1618561743.0
2021,6,Poder Judicial,Personal contratado,10033342356.0,9994641423.0
2021,6,Poder Judicial,Remuneraciones temporales,701507745.0,701507745.0
2021,6,Poder Judicial,Sueldo básico,124589783820.0,124264447633.0
2021,6,Poder Legislativo,Bonificaciones y asignaciones,3053066912.0,3053066912.0
2021,6,Poder Legislativo,Dietas,4233778120.0,4233778120.0
2021,6,Poder Legislativo,Gastos de representación,1524195632.0,1524195632.0
2021,6,Poder Legislativo,Personal contratado,3631172000.0,3631172000.0
2021,6,Poder Legislativo,Sueldo básico,18749679939.0,18744929939.0
2021,6,SA del Estado,Aguinaldo,1073271.0,1073271.0
2021,6,SA del Estado,Bonificaciones y asignaciones,5928208681.0,5928208681.0
2021,6,SA del Estado,Dietas,359200288.0,359200288.0
2021,6,SA del Estado,Gastos de representación,6000000.0,6000000.0
2021,6,SA del Estado,Otros gastos del personal,291676215.0,291676215.0
2021,6,SA del Estado,Personal contratado,1307534025.0,1304147207.0
2021,6,SA del Estado,Remuneraciones temporales,1444175155.0,1444175155.0
2021,6,SA del Estado,Sueldo básico,22641808789.0,21202396605.0
2021,6,Salud,Bonificaciones y asignaciones,26452925650.0,25777722883.0
2021,6,Salud,Dietas,85000000.0,82960000.0
2021,6,Salud,Gastos de representación,377619400.0,372801946.0
2021,6,Salud,Otros gastos del personal,7375556865.0,7375173550.0
2021,6,Salud,Personal contratado,171381831890.0,167786473704.0
2021,6,Salud,Remuneraciones temporales,5530182793.0,5506707236.0
2021,6,Salud,Sueldo básico,198080628381.0,193201162399.0
2021,6,Servicio civil del Ejecutivo,Bonificaciones y asignaciones,18742399309.0,18742399309.0
2021,6,Servicio civil del Ejecutivo,Gastos de representación,1558584049.0,1549239228.0
2021,6,Servicio civil del Ejecutivo,Otros gastos del personal,2321829703.0,2321829703.0
2021,6,Servicio civil del Ejecutivo,Personal contratado,39027861385.0,34469055945.0
2021,6,Servicio civil del Ejecutivo,Remuneraciones temporales,3180580461.0,3180580461.0
2021,6,Servicio civil del Ejecutivo,Servicio exterior,13132934558.0,13132934558.0
2021,6,Servicio civil del Ejecutivo,Sueldo básico,70279265519.0,69945666465.0
2021,7,Educación,Aguinaldo,21016368.0,19411958.0
2021,7,Educación,Bonificaciones y asignaciones,47654412307.0,46482703251.0
2021,7,Educación,Dietas,565340515.0,556497722.0
2021,7,Educación,Gastos de representación,3632607206.0,3552750234.0
2021,7,Educación,Otros gastos del personal,7723774447.0,7723016847.0
2021,7,Educación,Personal contratado,7796805135.0,7639612329.0
2021,7,Educación,Remuneraciones temporales,349375980.0,334973525.0
2021,7,Educación,Sueldo básico,481084709221.0,466260237596.0
2021,7,Empresas públicas,Bonificaciones y asignaciones,19262716006.0,17404195380.0
2021,7,Empresas públicas,Dietas,26400000.0,26400000.0
2021,7,Empresas públicas,Gastos de representación,118707700.0,117975737.0
2021,7,Empresas públicas,Otros gastos del personal,1915419599.0,1801938579.0
2021,7,Empresas públicas,Personal contratado,7051691908.0,6068924295.0
2021,7,Empresas públicas,Remuneraciones temporales,9264104678.0,7923916566.0
2021,7,Empresas públicas,Sueldo básico,44993559294.0,38639025454.0
2021,7,Entes autónomos y autárquicos,Aguinaldo,1000000.0,1000000.0
2021,7,Entes autónomos y autárquicos,Bonificaciones y asignaciones,6547336456.0,5898128506.0
2021,7,Entes autónomos y autárquicos,Dietas,334564700.0,334257788.0
2021,7,Entes autónomos y autárquicos,Gastos de representación,638817127.0,576293460.0
2021,7,Entes autónomos y autárquicos,Otros gastos del personal,2150562388.0,2013519553.0
2021,7,Entes autónomos y autárquicos,Personal contratado,5725189576.0,5497301454.0
2021,7,Entes autónomos y autárquicos,Remuneraciones temporales,3334307880.0,3126924587.0
2021,7,Entes autónomos y autárquicos,Sueldo básico,41444557510.0,35850170477.0
2021,7,Fuerzas públicas,Bonificaciones y asignaciones,72267880028.0,72267880028.0
2021,7,Fuerzas públicas,Gastos de representación,637981228.0,637981228.0
2021,7,Fuerzas públicas,Otros gastos del personal,10611829130.0,10611829130.0
2021,7,Fuerzas públicas,Personal contratado,1200905844.0,1181241298.0
2021,7,Fuerzas públicas,Remuneraciones temporales,31435200.0,31435200.0
2021,7,Fuerzas públicas,Servicio exterior,909832680.0,909832680.0
2021,7,Fuerzas públicas,Sueldo básico,214241001123.0,214213692959.0
2021,7,Gobiernos departamentales,Bonificaciones y asignaciones,710066277.0,654788018.0
2021,7,Gobiernos departamentales,Dietas,1973570889.0,1905410196.0
2021,7,Gobiernos departamentales,Gastos de representación,253676300.0,242742732.0
2021,7,Gobiernos departamentales,Otros gastos del personal,189541977.0,187016288.0
2021,7,Gobiernos departamentales,Personal contratado,2755961327.0,2750615542.0
2021,7,Gobiernos departamentales,Remuneraciones temporales,25394230.0,18088862.0
2021,7,Gobiernos departamentales,Sueldo básico,3815625782.0,3477874508.0
2021,7,Municipalidades,Aguinaldo,375970751.0,353971951.0
2021,7,Municipalidades,Bonificaciones y asignaciones,2230896451.0,2186372834.0
2021,7,Municipalidades,Dietas,7029509507.0,6716573317.0
2021,7,Municipalidades,Gastos de representación,4945985697.0,4710268981.0
2021,7,Municipalidades,Otros gastos del personal,177830468.0,177830468.0
2021,7,Municipalidades,Personal contratado,33997688115.0,32561609949.0
2021,7,Municipalidades,Remuneraciones temporales,266296672.0,262763254.0
2021,7,Municipalidades,Servicio exterior,9160000.0,9160000.0
2021,7,Municipalidades,Sueldo básico,15266077244.0,13107632343.0
2021,7,Otros organismos,Bonificaciones y asignaciones,7892867104.0,7014111163.0
2021,7,Otros organismos,Dietas,161462859.0,148096488.0
2021,7,Otros organismos,Gastos de representación,805165095.0,756768120.0
2021,7,Otros organismos,Otros gastos del personal,108982639.0,87566578.0
2021,7,Otros organismos,Personal contratado,2712360693.0,2482070592.0
2021,7,Otros organismos,Remuneraciones temporales,1808341962.0,1701412338.0
2021,7,Otros organismos,Sueldo básico,34837140952.0,31928697703.0
2021,7,Poder Judicial,Bonificaciones y asignaciones,8656699933.0,8656699933.0
2021,7,Poder Judicial,Dietas,148034200.0,148034200.0
2021,7,Poder Judicial,Gastos de representación,6892635920.0,6867606754.0
2021,7,Poder Judicial,Otros gastos del personal,1618380574.0,1618380574.0
2021,7,Poder Judicial,Personal contratado,10988117276.0,10798597792.0
2021,7,Poder Judicial,Remuneraciones temporales,139074335.0,139074335.0
2021,7,Poder Judicial,Sueldo básico,124626711378.0,124387163269.0
2021,7,Poder Legislativo,Bonificaciones y asignaciones,3072548763.0,3072548763.0
2021,7,Poder Legislativo,Dietas,4233778120.0,4233778120.0
2021,7,Poder Legislativo,Gastos de representación,1526724632.0,1526724632.0
2021,7,Poder Legislativo,Personal contratado,3656225333.0,3652818666.0
2021,7,Poder Legislativo,Sueldo básico,18733179939.0,18733179939.0
2021,7,SA del Estado,Bonificaciones y asignaciones,5853082805.0,5853082805.0
2021,7,SA del Estado,Dietas,372214679.0,372214679.0
2021,7,SA del Estado,Gastos de representación,6000000.0,6000000.0
2021,7,SA del Estado,Otros gastos del personal,283875985.0,283875985.0
2021,7,SA del Estado,Personal contratado,1343839875.0,1341082020.0
2021,7,SA del Estado,Remuneraciones temporales,1281905507.0,1281905507.0
2021,7,SA del Estado,Sueldo básico,22774238968.0,21338598498.0
2021,7,Salud,Bonificaciones y asignaciones,32801855993.0,32123852943.0
2021,7,Salud,Dietas,85000000.0,82960000.0
2021,7,Salud,Gastos de representación,380628300.0,375617320.0
2021,7,Salud,Otros gastos del personal,7343316526.0,7343100526.0
2021,7,Salud,Personal contratado,173027474887.0,169700322635.0
2021,7,Salud,Remuneraciones temporales,5863774886.0,5837549314.0
2021,7,Salud,Sueldo básico,197382459944.0,192558588469.0
2021,7,Servicio civil del Ejecutivo,Bonificaciones y asignaciones,16694416611.0,16694416611.0
2021,7,Servicio civil del Ejecutivo,Gastos de representación,1561199849.0,1553052945.0
2021,7,Servicio civil del Ejecutivo,Otros gastos del personal,2225242760.0,2225242760.0
2021,7,Servicio civil del Ejecutivo,Personal contratado,37768174352.0,32873172133.0
2021,7,Servicio civil del Ejecutivo,Remuneraciones temporales,3523245294.0,3523245294.0
2021,7,Servicio civil del Ejecutivo,Servicio exterior,13196623988.0,13196623988.0
2021,7,Servicio civil del Ejecutivo,Sueldo básico,70110729480.0,69800455474.0
2021,8,Educación,Aguinaldo,21016368.0,19411958.0
2021,8,Educación,Bonificaciones y asignaciones,47437490669.0,46252138233.0
2021,8,Educación,Dietas,576263265.0,565915306.0
2021,8,Educación,Gastos de representación,3649552806.0,3565565837.0
2021,8,Educación,Otros gastos del personal,3974978540.0,3950220940.0
2021,8,Educación,Personal contratado,7002152716.0,6857296162.0
2021,8,Educación,Remuneraciones temporales,425637135.0,407766123.0
2021,8,Educación,Sueldo básico,482230161797.0,467304709517.0
2021,8,Empresas públicas,Bonificaciones y asignaciones,19456920052.0,17588631399.0
2021,8,Empresas públicas,Dietas,26400000.0,26400000.0
2021,8,Empresas públicas,Gastos de representación,121650700.0,121148876.0
2021,8,Empresas públicas,Otros gastos del personal,2050388762.0,1941000586.0
2021,8,Empresas públicas,Personal contratado,7490958364.0,6372175201.0
2021,8,Empresas públicas,Remuneraciones temporales,9990367288.0,8396673367.0
2021,8,Empresas públicas,Sueldo básico,44627794655.0,38435864381.0
2021,8,Entes autónomos y autárquicos,Aguinaldo,300000.0,300000.0
2021,8,Entes autónomos y autárquicos,Bonificaciones y asignaciones,6554160478.0,5904621971.0
2021,8,Entes autónomos y autárquicos,Dietas,334564700.0,334257788.0
2021,8,Entes autónomos y autárquicos,Gastos de representación,630728550.0,570220548.0
2021,8,Entes autónomos y autárquicos,Otros gastos del personal,2066977074.0,1942814005.0
2021,8,Entes autónomos y autárquicos,Personal contratado,5643649679.0,5403520956.0
2021,8,Entes autónomos y autárquicos,Remuneraciones temporales,2971743988.0,2703507754.0
2021,8,Entes autónomos y autárquicos,Sueldo básico,41393437998.0,35832806137.0
2021,8,Fuerzas públicas,Bonificaciones y asignaciones,71540465623.0,71540465623.0
2021,8,Fuerzas públicas,Gastos de representación,636032328.0,636032328.0
2021,8,Fuerzas públicas,Otros gastos del personal,10612547569.0,10612547569.0
2021,8,Fuerzas públicas,Personal contratado,1192622824.0,1170845964.0
2021,8,Fuerzas públicas,Remuneraciones temporales,27554500.0,27554500.0
2021,8,Fuerzas públicas,Servicio exterior,909832680.0,909832680.0
2021,8,Fuerzas públicas,Sueldo básico,213831501263.0,213799860050.0
2021,8,Gobiernos departamentales,Bonificaciones y asignaciones,704901332.0,652505965.0
2021,8,Gobiernos departamentales,Dietas,1964799532.0,1905410196.0
2021,8,Gobiernos departamentales,Gastos de representación,252725900.0,242742732.0
2021,8,Gobiernos departamentales,Otros gastos del personal,195221061.0,192549183.0
2021,8,Gobiernos departamentales,Personal contratado,2758886751.0,2753659148.0
2021,8,Gobiernos departamentales,Remuneraciones temporales,26278385.0,18867690.0
2021,8,Gobiernos departamentales,Sueldo básico,3814311605.0,3473463375.0
2021,8,Municipalidades,Aguinaldo,154341033.0,153506033.0
2021,8,Municipalidades,Bonificaciones y asignaciones,2221167185.0,2123132207.0
2021,8,Municipalidades,Dietas,7019739826.0,6743013704.0
2021,8,Municipalidades,Gastos de representación,5009758461.0,4800600787.0
2021,8,Municipalidades,Otros gastos del personal,125479508.0,125479508.0
2021,8,Municipalidades,Personal contratado,34608764255.0,33086157227.0
2021,8,Municipalidades,Remuneraciones temporales,242623021.0,234611426.0
2021,8,Municipalidades,Servicio exterior,10180000.0,10180000.0
2021,8,Municipalidades,Sueldo básico,15468303019.0,13270255528.0
2021,8,Otros organismos,Bonificaciones y asignaciones,7903901000.0,7025341898.0
2021,8,Otros organismos,Dietas,161462859.0,148096488.0
2021,8,Otros organismos,Gastos de representación,814437695.0,765936220.0
2021,8,Otros organismos,Otros gastos del personal,106949029.0,94788783.0
2021,8,Otros organismos,Personal contratado,2569827663.0,2343062593.0
2021,8,Otros organismos,Remuneraciones temporales,1848318569.0,1739239417.0
2021,8,Otros organismos,Sueldo básico,34899650188.0,31975528244.0
2021,8,Poder Judicial,Bonificaciones y asignaciones,8800317666.0,8800317666.0
2021,8,Poder Judicial,Dietas,148034200.0,148034200.0
2021,8,Poder Judicial,Gastos de representación,6903010920.0,6869367910.0
2021,8,Poder Judicial,Otros gastos del personal,1629636689.0,1629636689.0
2021,8,Poder Judicial,Personal contratado,10486259302.0,10398479808.0
2021,8,Poder Judicial,Remuneraciones temporales,104150359.0,104150359.0
2021,8,Poder Judicial,Sueldo básico,124788919376.0,124527810996.0
2021,8,Poder Legislativo,Bonificaciones y asignaciones,3079643763.0,3079643763.0
2021,8,Poder Legislativo,Dietas,4233778120.0,4233778120.0
2021,8,Poder Legislativo,Gastos de representación,1526724632.0,1526724632.0
2021,8,Poder Legislativo,Personal contratado,3696398667.0,3696398667.0
2021,8,Poder Legislativo,Sueldo básico,18692679939.0,18687079939.0
2021,8,SA del Estado,Aguinaldo,15899912.0,15899912.0
2021,8,SA del Estado,Bonificaciones y asignaciones,5840833993.0,5840833993.0
2021,8,SA del Estado,Dietas,372214679.0,372214679.0
2021,8,SA del Estado,Gastos de representación,6000000.0,6000000.0
2021,8,SA del Estado,Otros gastos del personal,304241041.0,304241041.0
2021,8,SA del Estado,Personal contratado,1378733090.0,1375082979.0
2021,8,SA del Estado,Remuneraciones temporales,1384143214.0,1384143214.0
2021,8,SA del Estado,Sueldo básico,22166822367.0,20746178883.0
2021,8,Salud,Bonificaciones y asignaciones,24369452827.0,23695184413.0
2021,8,Salud,Dietas,85000000.0,82960000.0
2021,8,Salud,Gastos de representación,380292800.0,374119680.0
2021,8,Salud,Otros gastos del personal,7380905591.0,7380526627.0
2021,8,Salud,Personal contratado,174524074892.0,171388269490.0
2021,8,Salud,Remuneraciones temporales,5994042629.0,5969207662.0
2021,8,Salud,Sueldo básico,196377524027.0,191397149355.0
2021,8,Servicio civil del Ejecutivo,Bonificaciones y asignaciones,19101306944.0,19101306944.0
2021,8,Servicio civil del Ejecutivo,Gastos de representación,1567360079.0,1560966390.0
2021,8,Servicio civil del Ejecutivo,Otros gastos del personal,2305294859.0,2305294859.0
2021,8,Servicio civil del Ejecutivo,Personal contratado,39299300595.0,32881555347.0
2021,8,Servicio civil del Ejecutivo,Remuneraciones temporales,4289514080.0,4289514080.0
2021,8,Servicio civil del Ejecutivo,Servicio exterior,13239524933.0,13239524933.0
2021,8,Servicio civil del Ejecutivo,Sueldo básico,70380819747.0,70055468616.0
2021,9,Educación,Aguinaldo,16701524.0,15791663.0
2021,9,Educación,Bonificaciones y asignaciones,47457475389.0,46267853763.0
2021,9,Educación,Dietas,552246625.0,542415916.0
2021,9,Educación,Gastos de representación,3592638706.0,3514230058.0
2021,9,Educación,Otros gastos del personal,3807060182.0,3804106747.0
2021,9,Educación,Personal contratado,7174549114.0,7058313165.0
2021,9,Educación,Remuneraciones temporales,442955684.0,421535739.0
2021,9,Educación,Sueldo básico,479786710611.0,465230157940.0
2021,9,Empresas públicas,Bonificaciones y asignaciones,19765787456.0,17922347481.0
2021,9,Empresas públicas,Dietas,26400000.0,26400000.0
2021,9,Empresas públicas,Gastos de representación,124937396.0,124435572.0
2021,9,Empresas públicas,Otros gastos del personal,2092694281.0,2031142703.0
2021,9,Empresas públicas,Personal contratado,7373414376.0,6323954052.0
2021,9,Empresas públicas,Remuneraciones temporales,10410938246.0,8706490966.0
2021,9,Empresas públicas,Sueldo básico,44529508981.0,38282640695.0
2021,9,Entes autónomos y autárquicos,Aguinaldo,300000.0,300000.0
2021,9,Entes autónomos y autárquicos,Bonificaciones y asignaciones,6705041916.0,6028580537.0
2021,9,Entes autónomos y autárquicos,Dietas,334564700.0,334257788.0
2021,9,Entes autónomos y autárquicos,Gastos de representación,667144042.0,603594738.0
2021,9,Entes autónomos y autárquicos,Otros gastos del personal,1970999206.0,1860741908.0
2021,9,Entes autónomos y autárquicos,Personal contratado,5909451608.0,5662832799.0
2021,9,Entes autónomos y autárquicos,Remuneraciones temporales,3633372779.0,3340996036.0
2021,9,Entes autónomos y autárquicos,Sueldo básico,41398443246.0,35835240141.0
2021,9,Fuerzas públicas,Bonificaciones y asignaciones,71031966841.0,71031966841.0
2021,9,Fuerzas públicas,Gastos de representación,637883928.0,637883928.0
2021,9,Fuerzas públicas,Otros gastos del personal,10694481062.0,10694481062.0
2021,9,Fuerzas públicas,Personal contratado,1129331498.0,1129331498.0
2021,9,Fuerzas públicas,Remuneraciones temporales,30970100.0,30970100.0
2021,9,Fuerzas públicas,Servicio exterior,909832680.0,909832680.0
2021,9,Fuerzas públicas,Sueldo básico,212371078269.0,212344326625.0
2021,9,Gobiernos departamentales,Bonificaciones y asignaciones,709473994.0,656739987.0
2021,9,Gobiernos departamentales,Dietas,1964799532.0,1905410196.0
2021,9,Gobiernos departamentales,Gastos de representación,252725900.0,242742732.0
2021,9,Gobiernos departamentales,Otros gastos del personal,214432779.0,211685560.0
2021,9,Gobiernos departamentales,Personal contratado,2657111133.0,2652431740.0
2021,9,Gobiernos departamentales,Remuneraciones temporales,26787009.0,19802155.0
2021,9,Gobiernos departamentales,Sueldo básico,3841358034.0,3496018909.0
2021,9,Municipalidades,Aguinaldo,140094029.0,137259029.0
2021,9,Municipalidades,Bonificaciones y asignaciones,2403235220.0,2315947286.0
2021,9,Municipalidades,Dietas,7091412613.0,6672085426.0
2021,9,Municipalidades,Gastos de representación,4945588141.0,4600489095.0
2021,9,Municipalidades,Otros gastos del personal,171621529.0,171621529.0
2021,9,Municipalidades,Personal contratado,35372259452.0,33563186243.0
2021,9,Municipalidades,Remuneraciones temporales,275399248.0,266248230.0
2021,9,Municipalidades,Servicio exterior,10180000.0,10180000.0
2021,9,Municipalidades,Sueldo básico,15597108446.0,13368689955.0
2021,9,Otros organismos,Bonificaciones y asignaciones,7496154398.0,6640086509.0
2021,9,Otros organismos,Dietas,161462859.0,148096488.0
2021,9,Otros organismos,Gastos de representación,818064895.0,749984960.0
2021,9,Otros organismos,Otros gastos del personal,106949029.0,93443049.0
2021,9,Otros organismos,Personal contratado,2551148534.0,2323540178.0
2021,9,Otros organismos,Remuneraciones temporales,1921230846.0,1747885169.0
2021,9,Otros organismos,Sueldo básico,35156814015.0,32144138279.0
2021,9,Poder Judicial,Bonificaciones y asignaciones,8632577522.0,8632577522.0
2021,9,Poder Judicial,Dietas,148034200.0,148034200.0
2021,9,Poder Judicial,Gastos de representación,6905010920.0,6895643419.0
2021,9,Poder Judicial,Otros gastos del personal,1616275857.0,1616275857.0
2021,9,Poder Judicial,Personal contratado,10538413663.0,10309960711.0
2021,9,Poder Judicial,Remuneraciones temporales,117499914.0,117499914.0
2021,9,Poder Judicial,Sueldo básico,124711844376.0,124486765934.0
2021,9,Poder Legislativo,Bonificaciones y asignaciones,3094628763.0,3094628763.0
2021,9,Poder Legislativo,Dietas,4233778120.0,4233778120.0
2021,9,Poder Legislativo,Gastos de representación,1526724632.0,1526724632.0
2021,9,Poder Legislativo,Personal contratado,3802542000.0,3802542000.0
2021,9,Poder Legislativo,Sueldo básico,18678479939.0,18678479939.0
2021,9,SA del Estado,Aguinaldo,21349019.0,21349019.0
2021,9,SA del Estado,Bonificaciones y asignaciones,5914987607.0,5914987607.0
2021,9,SA del Estado,Dietas,372214679.0,372214679.0
2021,9,SA del Estado,Gastos de representación,6000000.0,6000000.0
2021,9,SA del Estado,Otros gastos del personal,312565053.0,312565053.0
2021,9,SA del Estado,Personal contratado,1364574902.0,1359574478.0
2021,9,SA del Estado,Remuneraciones temporales,1297818536.0,1297818536.0
2021,9,SA del Estado,Sueldo básico,22734243357.0,21320676115.0
2021,9,Salud,Bonificaciones y asignaciones,24250911293.0,23582703529.0
2021,9,Salud,Dietas,85000000.0,82960000.0
2021,9,Salud,Gastos de representación,380508300.0,373750510.0
2021,9,Salud,Otros gastos del personal,7366587671.0,7365775016.0
2021,9,Salud,Personal contratado,175141188891.0,171721699813.0
2021,9,Salud,Remuneraciones temporales,6141712847.0,6115576495.0
2021,9,Salud,Sueldo básico,200636768058.0,194124072489.0
2021,9,Servicio civil del Ejecutivo,Bonificaciones y asignaciones,16814827826.0,16814827826.0
2021,9,Servicio civil del Ejecutivo,Gastos de representación,1564434900.0,1550092419.0
2021,9,Servicio civil del Ejecutivo,Otros gastos del personal,2277292818.0,2277292818.0
2021,9,Servicio civil del Ejecutivo,Personal contratado,39250774454.0,33321900455.0
2021,9,Servicio civil del Ejecutivo,Remuneraciones temporales,4057441897.0,4057441897.0
2021,9,Servicio civil del Ejecutivo,Servicio exterior,13372549448.0,13372549448.0
2021,9,Servicio civil del Ejecutivo,Sueldo básico,70339625847.0,70028317955.0
2021,10,Educación,Aguinaldo,15161524.0,14582763.0
2021,10,Educación,Bonificaciones y asignaciones,47101166096.0,45904598073.0
2021,10,Educación,Dietas,547955652.0,538437960.0
2021,10,Educación,Gastos de representación,3583196806.0,3503698460.0
2021,10,Educación,Otros gastos del personal,4803412928.0,4801977379.0
2021,10,Educación,Personal contratado,7464250584.0,7321047555.0
2021,10,Educación,Remuneraciones temporales,479331594.0,456040364.0
2021,10,Educación,Sueldo básico,522196461561.0,507589467016.0
2021,10,Empresas públicas,Bonificaciones y asignaciones,19088790492.0,17254867697.0
2021,10,Empresas públicas,Dietas,26400000.0,26400000.0
2021,10,Empresas públicas,Gastos de representación,122700700.0,122198876.0
2021,10,Empresas públicas,Otros gastos del personal,2109764648.0,2038331265.0
2021,10,Empresas públicas,Personal contratado,7357357195.0,6364334123.0
2021,10,Empresas públicas,Remuneraciones temporales,10337870836.0,8750364840.0
2021,10,Empresas públicas,Sueldo básico,44334642273.0,38062830139.0
2021,10,Entes autónomos y autárquicos,Aguinaldo,300000.0,300000.0
2021,10,Entes autónomos y autárquicos,Bonificaciones y asignaciones,8907859603.0,8236624550.0
2021,10,Entes autónomos y autárquicos,Dietas,386564700.0,386257788.0
2021,10,Entes autónomos y autárquicos,Gastos de representación,689237730.0,624286505.0
2021,10,Entes autónomos y autárquicos,Otros gastos del personal,2011171161.0,1895896972.0
2021,10,Entes autónomos y autárquicos,Personal contratado,6461538336.0,6211846739.0
2021,10,Entes autónomos y autárquicos,Remuneraciones temporales,3828519559.0,3514980198.0
2021,10,Entes autónomos y autárquicos,Sueldo básico,42633717105.0,37041743369.0
2021,10,Fuerzas públicas,Bonificaciones y asignaciones,70423426341.0,70423426341.0
2021,10,Fuerzas públicas,Gastos de representación,636355628.0,636355628.0
2021,10,Fuerzas públicas,Otros gastos del personal,10694829194.0,10694829194.0
2021,10,Fuerzas públicas,Personal contratado,1130531498.0,1130531498.0
2021,10,Fuerzas públicas,Remuneraciones temporales,32396700.0,32396700.0
2021,10,Fuerzas públicas,Servicio exterior,909832680.0,909832680.0
2021,10,Fuerzas públicas,Sueldo básico,212113755982.0,212096893164.0
2021,10,Gobiernos departamentales,Bonificaciones y asignaciones,705668994.0,653110987.0
2021,10,Gobiernos departamentales,Dietas,1964799532.0,1905410196.0
2021,10,Gobiernos departamentales,Gastos de representación,252725900.0,242742732.0
2021,10,Gobiernos departamentales,Otros gastos del personal,213832779.0,211085560.0
2021,10,Gobiernos departamentales,Personal contratado,2696782800.0,2691971075.0
2021,10,Gobiernos departamentales,Remuneraciones temporales,26595136.0,19640982.0
2021,10,Gobiernos departamentales,Sueldo básico,3800298678.0,3461667337.0
2021,10,Municipalidades,Aguinaldo,330591001.0,329866001.0
2021,10,Municipalidades,Bonificaciones y asignaciones,2041042136.0,1941315208.0
2021,10,Municipalidades,Dietas,6712705199.0,6250459789.0
2021,10,Municipalidades,Gastos de representación,4877056695.0,4479385897.0
2021,10,Municipalidades,Otros gastos del personal,290458096.0,289858096.0
2021,10,Municipalidades,Personal contratado,32535253268.0,30713319384.0
2021,10,Municipalidades,Remuneraciones temporales,208478667.0,203145223.0
2021,10,Municipalidades,Servicio exterior,10180000.0,10180000.0
2021,10,Municipalidades,Sueldo básico,15042982749.0,12873598087.0
2021,10,Otros organismos,Bonificaciones y asignaciones,7360801664.0,6479668122.0
2021,10,Otros organismos,Dietas,157410871.0,140762265.0
2021,10,Otros organismos,Gastos de representación,824788358.0,772795895.0
2021,10,Otros organismos,Otros gastos del personal,111137129.0,94330939.0
2021,10,Otros organismos,Personal contratado,2504769072.0,2267529563.0
2021,10,Otros organismos,Remuneraciones temporales,1916433900.0,1781588652.0
2021,10,Otros organismos,Sueldo básico,35285497542.0,32302287227.0
2021,10,Poder Judicial,Bonificaciones y asignaciones,8648849351.0,8648849351.0
2021,10,Poder Judicial,Dietas,148034200.0,148034200.0
2021,10,Poder Judicial,Gastos de representación,6915760920.0,6902515086.0
2021,10,Poder Judicial,Otros gastos del personal,1613179265.0,1613179265.0
2021,10,Poder Judicial,Personal contratado,10704937035.0,10593428421.0
2021,10,Poder Judicial,Remuneraciones temporales,299824958.0,299824958.0
2021,10,Poder Judicial,Sueldo básico,124719466099.0,124495810669.0
2021,10,Poder Legislativo,Bonificaciones y asignaciones,3106993655.0,3106993655.0
2021,10,Poder Legislativo,Dietas,4233778120.0,4233778120.0
2021,10,Poder Legislativo,Gastos de representación,1529253632.0,1529253632.0
2021,10,Poder Legislativo,Otros gastos del personal,342950000.0,342950000.0
2021,10,Poder Legislativo,Personal contratado,3823025333.0,3823025333.0
2021,10,Poder Legislativo,Sueldo básico,18668479939.0,18668479939.0
2021,10,SA del Estado,Aguinaldo,1279032192.0,1279032192.0
2021,10,SA del Estado,Bonificaciones y asignaciones,9899345779.0,9899345779.0
2021,10,SA del Estado,Dietas,372214679.0,372214679.0
2021,10,SA del Estado,Gastos de representación,6000000.0,6000000.0
2021,10,SA del Estado,Otros gastos del personal,339190004.0,339190004.0
2021,10,SA del Estado,Personal contratado,1376646302.0,1371631122.0
2021,10,SA del Estado,Remuneraciones temporales,1313228914.0,1313228914.0
2021,10,SA del Estado,Sueldo básico,22585544766.0,21173035417.0
2021,10,Salud,Bonificaciones y asignaciones,24227597604.0,23561917803.0
2021,10,Salud,Dietas,85000000.0,82960000.0
2021,10,Salud,Gastos de representación,376550500.0,370121126.0
2021,10,Salud,Otros gastos del personal,7367400825.0,7367184825.0
2021,10,Salud,Personal contratado,176650192141.0,172108980640.0
2021,10,Salud,Remuneraciones temporales,6078537168.0,6050686937.0
2021,10,Salud,Sueldo básico,202031464652.0,194081306034.0
2021,10,Servicio civil del Ejecutivo,Bonificaciones y asignaciones,19574861929.0,19574861929.0
2021,10,Servicio civil del Ejecutivo,Gastos de representación,1564896130.0,1559492697.0
2021,10,Servicio civil del Ejecutivo,Otros gastos del personal,2343789979.0,2343789979.0
2021,10,Servicio civil del Ejecutivo,Personal contratado,39548467173.0,33442269807.0
2021,10,Servicio civil del Ejecutivo,Remuneraciones temporales,4540857690.0,4540857690.0
2021,10,Servicio civil del Ejecutivo,Servicio exterior,13383978842.0,13383978842.0
2021,10,Servicio civil del Ejecutivo,Sueldo básico,70153247330.0,69890911568.0
2021,11,Educación,Aguinaldo,15161524.0,14582763.0
2021,11,Educación,Bonificaciones y asignaciones,47165991976.0,45969916003.0
2021,11,Educación,Dietas,542550852.0,532943793.0
2021,11,Educación,Gastos de representación,3596395006.0,3516952500.0
2021,11,Educación,Otros gastos del personal,3748642052.0,3746412452.0
2021,11,Educación,Personal contratado,6417218603.0,6301106724.0
2021,11,Educación,Remuneraciones temporales,570389918.0,542747892.0
2021,11,Educación,Sueldo básico,521990152811.0,507491952405.0
2021,11,Empresas públicas,Bonificaciones y asignaciones,19071742129.0,17239430880.0
2021,11,Empresas públicas,Dietas,26400000.0,26400000.0
2021,11,Empresas públicas,Gastos de representación,122700700.0,122198876.0
2021,11,Empresas públicas,Otros gastos del personal,2179353820.0,2080422765.0
2021,11,Empresas públicas,Personal contratado,7472827949.0,6475650951.0
2021,11,Empresas públicas,Remuneraciones temporales,11124104097.0,9585637772.0
2021,11,Empresas públicas,Sueldo básico,44379372140.0,38043999320.0
2021,11,Entes autónomos y autárquicos,Aguinaldo,300000.0,300000.0
2021,11,Entes autónomos y autárquicos,Bonificaciones y asignaciones,6874352999.0,6196040668.0
2021,11,Entes autónomos y autárquicos,Dietas,326757852.0,326450940.0
2021,11,Entes autónomos y autárquicos,Gastos de representación,662151760.0,597780635.0
2021,11,Entes autónomos y autárquicos,Otros gastos del personal,2347896900.0,2221651844.0
2021,11,Entes autónomos y autárquicos,Personal contratado,6792891909.0,6520674128.0
2021,11,Entes autónomos y autárquicos,Remuneraciones temporales,4277175849.0,3940253124.0
2021,11,Entes autónomos y autárquicos,Sueldo básico,44535397429.0,38469048223.0
2021,11,Fuerzas públicas,Bonificaciones y asignaciones,70547505946.0,70547505946.0
2021,11,Fuerzas públicas,Gastos de representación,621054128.0,621054128.0
2021,11,Fuerzas públicas,Otros gastos del personal,10844128663.0,10844128663.0
2021,11,Fuerzas públicas,Personal contratado,1133142998.0,1133037998.0
2021,11,Fuerzas públicas,Remuneraciones temporales,28538200.0,28538200.0
2021,11,Fuerzas públicas,Servicio exterior,909832680.0,909832680.0
2021,11,Fuerzas públicas,Sueldo básico,211822289026.0,211810048605.0
2021,11,Gobiernos departamentales,Bonificaciones y asignaciones,670359954.0,616566521.0
2021,11,Gobiernos departamentales,Dietas,1691571258.0,1627796244.0
2021,11,Gobiernos departamentales,Gastos de representación,200455800.0,189997432.0
2021,11,Gobiernos departamentales,Otros gastos del personal,180225157.0,177719352.0
2021,11,Gobiernos departamentales,Personal contratado,2471861059.0,2467161394.0
2021,11,Gobiernos departamentales,Remuneraciones temporales,26663662.0,20099611.0
2021,11,Gobiernos departamentales,Sueldo básico,3189706624.0,2846234812.0
2021,11,Municipalidades,Aguinaldo,865280802.0,780720802.0
2021,11,Municipalidades,Bonificaciones y asignaciones,1673346756.0,1477943450.0
2021,11,Municipalidades,Dietas,5957614164.0,5188093313.0
2021,11,Municipalidades,Gastos de representación,4619266371.0,4030887701.0
2021,11,Municipalidades,Otros gastos del personal,168705811.0,165863811.0
2021,11,Municipalidades,Personal contratado,31423085995.0,29343937228.0
2021,11,Municipalidades,Remuneraciones temporales,69228707.0,61764385.0
2021,11,Municipalidades,Servicio exterior,3900000.0,3900000.0
2021,11,Municipalidades,Sueldo básico,14947771140.0,12582484106.0
2021,11,Otros organismos,Bonificaciones y asignaciones,6869251073.0,6007110574.0
2021,11,Otros organismos,Dietas,157410871.0,150979420.0
2021,11,Otros organismos,Gastos de representación,829668534.0,778748172.0
2021,11,Otros organismos,Otros gastos del personal,122874763.0,99746471.0
2021,11,Otros organismos,Personal contratado,2544899870.0,2276158167.0
2021,11,Otros organismos,Remuneraciones temporales,1783514235.0,1651165850.0
2021,11,Otros organismos,Sueldo básico,35214638769.0,32192630544.0
2021,11,Poder Judicial,Bonificaciones y asignaciones,8703280901.0,8703280901.0
2021,11,Poder Judicial,Dietas,148034200.0,148034200.0
2021,11,Poder Judicial,Gastos de representación,6925510920.0,6922022587.0
2021,11,Poder Judicial,Otros gastos del personal,1662023066.0,1662023066.0
2021,11,Poder Judicial,Personal contratado,10377523971.0,10215063305.0
2021,11,Poder Judicial,Remuneraciones temporales,152723943.0,152723943.0
2021,11,Poder Judicial,Sueldo básico,124847454264.0,124648861032.0
2021,11,Poder Legislativo,Bonificaciones y asignaciones,3114664888.0,3114664888.0
2021,11,Poder Legislativo,Dietas,4233778120.0,4233778120.0
2021,11,Poder Legislativo,Gastos de representación,1525699919.0,1525699919.0
2021,11,Poder Legislativo,Otros gastos del personal,347319979.0,347319979.0
2021,11,Poder Legislativo,Personal contratado,3837607000.0,3834607000.0
2021,11,Poder Legislativo,Sueldo básico,18603779939.0,18597693272.0
2021,11,SA del Estado,Aguinaldo,319285625.0,319285625.0
2021,11,SA del Estado,Bonificaciones y asignaciones,6014869229.0,6014869229.0
2021,11,SA del Estado,Dietas,350906337.0,350906337.0
2021,11,SA del Estado,Gastos de representación,6000000.0,6000000.0
2021,11,SA del Estado,Otros gastos del personal,309876708.0,309876708.0
2021,11,SA del Estado,Personal contratado,1371424950.0,1362003733.0
2021,11,SA del Estado,Remuneraciones temporales,1399301893.0,1399301893.0
2021,11,SA del Estado,Sueldo básico,22505872375.0,21108952029.0
2021,11,Salud,Bonificaciones y asignaciones,25258299367.0,24591839370.0
2021,11,Salud,Dietas,85000000.0,82960000.0
2021,11,Salud,Gastos de representación,376550500.0,369211641.0
2021,11,Salud,Otros gastos del personal,7365762737.0,7365537737.0
2021,11,Salud,Personal contratado,180814611320.0,177756617768.0
2021,11,Salud,Remuneraciones temporales,6671773238.0,6642991523.0
2021,11,Salud,Sueldo básico,198564099753.0,193484747954.0
2021,11,Servicio civil del Ejecutivo,Bonificaciones y asignaciones,17877865694.0,17877865694.0
2021,11,Servicio civil del Ejecutivo,Gastos de representación,1571618930.0,1559841079.0
2021,11,Servicio civil del Ejecutivo,Otros gastos del personal,2432079794.0,2432079794.0
2021,11,Servicio civil del Ejecutivo,Personal contratado,39164896619.0,33231897400.0
2021,11,Servicio civil del Ejecutivo,Remuneraciones temporales,5176047654.0,5176047654.0
2021,11,Servicio civil del Ejecutivo,Servicio exterior,13477608404.0,13477608404.0
2021,11,Servicio civil del Ejecutivo,Sueldo básico,69984761652.0,69713871839.0
2021,12,Educación,Aguinaldo,489425720875.5,482667646114.0
2021,12,Educación,Bonificaciones y asignaciones,86443761097.0,84751999608.0
2021,12,Educación,Dietas,584204161.0,574811598.0
2021,12,Educación,Gastos de representación,3673522734.0,3591221280.0
2021,12,Educación,Otros gastos del personal,5744229030.0,5726653453.0
2021,12,Educación,Personal contratado,12123985495.0,10025648071.0
2021,12,Educación,Remuneraciones temporales,1960864036.0,1733628161.0
2021,12,Educación,Sueldo básico,547186391300.0,529170697267.0
2021,12,Empresas públicas,Aguinaldo,29521352426.5,29521352426.5
2021,12,Empresas públicas,Bonificaciones y asignaciones,39164223533.0,36785210499.0
2021,12,Empresas públicas,Dietas,26400000.0,26400000.0
2021,12,Empresas públicas,Gastos de representación,146753396.0,146251572.0
2021,12,Empresas públicas,Otros gastos del personal,2348430743.0,2213861155.0
2021,12,Empresas públicas,Personal contratado,11177610729.0,10202469668.0
2021,12,Empresas públicas,Remuneraciones temporales,20030567858.0,18377077230.0
2021,12,Empresas públicas,Sueldo básico,44453165309.0,38155351580.0
2021,12,Entes autónomos y autárquicos,Aguinaldo,38082493084.0,36693461753.5
2021,12,Entes autónomos y autárquicos,Bonificaciones y asignaciones,11204505066.0,10421294315.0
2021,12,Entes autónomos y autárquicos,Dietas,335864500.0,335557588.0
2021,12,Entes autónomos y autárquicos,Gastos de representación,658992250.0,595926196.0
2021,12,Entes autónomos y autárquicos,Otros gastos del personal,3522179406.0,2901619108.0
2021,12,Entes autónomos y autárquicos,Personal contratado,10915040700.0,10673707220.0
2021,12,Entes autónomos y autárquicos,Remuneraciones temporales,7641171268.0,7232126736.0
2021,12,Entes autónomos y autárquicos,Sueldo básico,42448647242.0,36872691414.0
2021,12,Fuerzas públicas,Aguinaldo,216668394724.0,216668394724.0
2021,12,Fuerzas públicas,Bonificaciones y asignaciones,83489539639.0,83489539639.0
2021,12,Fuerzas públicas,Gastos de representación,619463528.0,619463528.0
2021,12,Fuerzas públicas,Otros gastos del personal,16101436539.0,16101436539.0
2021,12,Fuerzas públicas,Personal contratado,2213093605.0,2212988605.0
2021,12,Fuerzas públicas,Remuneraciones temporales,57425218.0,57425218.0
2021,12,Fuerzas públicas,Servicio exterior,1798298765.5,1798298765.5
2021,12,Fuerzas públicas,Sueldo básico,213532850683.0,213521579497.0
2021,12,Gobiernos departamentales,Aguinaldo,3211021706.5,3208291930.0
2021,12,Gobiernos departamentales,Bonificaciones y asignaciones,765618079.0,715874458.0
2021,12,Gobiernos departamentales,Dietas,1695808372.0,1632270958.0
2021,12,Gobiernos departamentales,Gastos de representación,215662200.0,204966232.0
2021,12,Gobiernos departamentales,Otros gastos del personal,262446346.0,259940541.0
2021,12,Gobiernos departamentales,Personal contratado,3363124097.0,3356293870.0
2021,12,Gobiernos departamentales,Remuneraciones temporales,32618065.0,26054724.0
2021,12,Gobiernos departamentales,Sueldo básico,3193998785.0,2884853931.0
2021,12,Municipalidades,Aguinaldo,12763757103.0,12632430229.5
2021,12,Municipalidades,Bonificaciones y asignaciones,2529046935.0,2432919707.0
2021,12,Municipalidades,Dietas,7164030269.0,6844527713.0
2021,12,Municipalidades,Gastos de representación,5273312607.0,4994036093.0
2021,12,Municipalidades,Otros gastos del personal,387596952.0,387596952.0
2021,12,Municipalidades,Personal contratado,41297824760.0,39545987129.0
2021,12,Municipalidades,Remuneraciones temporales,292933610.0,287966730.0
2021,12,Municipalidades,Servicio exterior,10180000.0,10180000.0
2021,12,Municipalidades,Sueldo básico,16712690265.0,14389522803.0
2021,12,Otros organismos,Aguinaldo,41055886397.5,41052062029.5
2021,12,Otros organismos,Bonificaciones y asignaciones,15600381423.0,14696640788.0
2021,12,Otros organismos,Dietas,157956250.0,148134426.0
2021,12,Otros organismos,Gastos de representación,828888247.0,777798288.0
2021,12,Otros organismos,Otros gastos del personal,121635474.0,105869913.0
2021,12,Otros organismos,Personal contratado,6896820088.0,6621145958.0
2021,12,Otros organismos,Remuneraciones temporales,3808706564.0,3585948971.0
2021,12,Otros organismos,Sueldo básico,34978994793.0,32042676376.0
2021,12,Poder Judicial,Aguinaldo,130110167168.5,130110167168.5
2021,12,Poder Judicial,Bonificaciones y asignaciones,17553339980.0,17553339980.0
2021,12,Poder Judicial,Dietas,148034200.0,148034200.0
2021,12,Poder Judicial,Gastos de representación,6921010920.0,6920165086.0
2021,12,Poder Judicial,Otros gastos del personal,1931158371.0,1931158371.0
2021,12,Poder Judicial,Personal contratado,19102347893.0,18969166475.0
2021,12,Poder Judicial,Remuneraciones temporales,571922766.0,571922766.0
2021,12,Poder Judicial,Sueldo básico,124785764195.0,124640844056.0
2021,12,Poder Legislativo,Aguinaldo,24678553136.5,24678553136.5
2021,12,Poder Legislativo,Bonificaciones y asignaciones,6067446800.0,6067446800.0
2021,12,Poder Legislativo,Dietas,4233778120.0,4233778120.0
2021,12,Poder Legislativo,Gastos de representación,1529253632.0,1529253632.0
2021,12,Poder Legislativo,Otros gastos del personal,439430363.0,439430363.0
2021,12,Poder Legislativo,Personal contratado,7367096686.0,7367096686.0
2021,12,Poder Legislativo,Sueldo básico,18588679939.0,18588679939.0
2021,12,SA del Estado,Aguinaldo,536360999.5,536360999.5
2021,12,SA del Estado,Bonificaciones y asignaciones,2896890824.0,2896890824.0
2021,12,SA del Estado,Dietas,145747685.0,145747685.0
2021,12,SA del Estado,Gastos de representación,6000000.0,6000000.0
2021,12,SA del Estado,Otros gastos del personal,321465312.0,321465312.0
2021,12,SA del Estado,Personal contratado,1341619838.0,1339199840.0
2021,12,SA del Estado,Remuneraciones temporales,1113229930.0,1113229930.0
2021,12,SA del Estado,Sueldo básico,9727079248.0,9681901499.0
2021,12,Salud,Aguinaldo,132031388885.0,132031260129.5
2021,12,Salud,Bonificaciones y asignaciones,39070824719.0,38402385911.0
2021,12,Salud,Dietas,85000000.0,82960000.0
2021,12,Salud,Gastos de representación,374810500.0,370304500.0
2021,12,Salud,Otros gastos del personal,7494159588.0,7489066302.0
2021,12,Salud,Personal contratado,319449006496.0,316440413710.0
2021,12,Salud,Remuneraciones temporales,10254557409.0,10191089001.0
2021,12,Salud,Sueldo básico,198513378989.0,193479337084.0
2021,12,Servicio civil del Ejecutivo,Aguinaldo,70526308527.5,70526308527.5
2021,12,Servicio civil del Ejecutivo,Bonificaciones y asignaciones,38769725326.0,38769725326.0
2021,12,Servicio civil del Ejecutivo,Gastos de representación,1570542030.0,1570542030.0
2021,12,Servicio civil del Ejecutivo,Otros gastos del personal,5494075141.0,5494075141.0
2021,12,Servicio civil del Ejecutivo,Personal contratado,67728617165.0,62897058997.0
2021,12,Servicio civil del Ejecutivo,Remuneraciones temporales,7658767446.0,7658767446.0
2021,12,Servicio civil del Ejecutivo,Servicio exterior,27242870948.0,27242870948.0
2021,12,Servicio civil del Ejecutivo,Sueldo básico,69894464130.0,69655152232.0
2022,1,Educación,Aguinaldo,19019560.0,16443083.0
2022,1,Educación,Bonificaciones y asignaciones,46308511897.0,45768992107.0
2022,1,Educación,Dietas,561054755.0,538834402.0
2022,1,Educación,Gastos de representación,3587818906.0,3514119537.0
2022,1,Educación,Otros gastos del personal,3748881546.0,3747699994.0
2022,1,Educación,Personal contratado,4402873270.0,4336081851.0
2022,1,Educación,Remuneraciones temporales,58878379.0,58254579.0
2022,1,Educación,Sueldo básico,509394808465.0,499241426932.0
2022,1,Empresas públicas,Bonificaciones y asignaciones,19891474979.0,18074891349.0
2022,1,Empresas públicas,Dietas,27720000.0,27720000.0
2022,1,Empresas públicas,Gastos de representación,121750700.0,121248876.0
2022,1,Empresas públicas,Otros gastos del personal,2174540895.0,2098558757.0
2022,1,Empresas públicas,Personal contratado,6757844364.0,5744150867.0
2022,1,Empresas públicas,Remuneraciones temporales,10669634344.0,9082413023.0
2022,1,Empresas públicas,Sueldo básico,44370183161.0,38150600520.0
2022,1,Entes autónomos y autárquicos,Aguinaldo,1070834.0,1070834.0
2022,1,Entes autónomos y autárquicos,Bonificaciones y asignaciones,5237464779.0,4705981555.0
2022,1,Entes autónomos y autárquicos,Dietas,283587500.0,278888188.0
2022,1,Entes autónomos y autárquicos,Gastos de representación,650788950.0,583074547.0
2022,1,Entes autónomos y autárquicos,Otros gastos del personal,1707926027.0,1613713566.0
2022,1,Entes autónomos y autárquicos,Personal contratado,4051498244.0,3898906825.0
2022,1,Entes autónomos y autárquicos,Remuneraciones temporales,1938328211.0,1795376086.0
2022,1,Entes autónomos y autárquicos,Sueldo básico,41528658621.0,35898053561.0
2022,1,Fuerzas públicas,Bonificaciones y asignaciones,68199984720.0,68199984720.0
2022,1,Fuerzas públicas,Gastos de representación,656745328.0,656745328.0
2022,1,Fuerzas públicas,Otros gastos del personal,10809193699.0,10809193699.0
2022,1,Fuerzas públicas,Personal contratado,1048873846.0,1047773846.0
2022,1,Fuerzas públicas,Remuneraciones temporales,29599400.0,29599400.0
2022,1,Fuerzas públicas,Servicio exterior,930565280.0,930565280.0
2022,1,Fuerzas públicas,Sueldo básico,228510622520.0,228500709750.0
2022,1,Gobiernos departamentales,Bonificaciones y asignaciones,646212483.0,596482062.0
2022,1,Gobiernos departamentales,Dietas,2031226528.0,1950867099.0
2022,1,Gobiernos departamentales,Gastos de representación,251539500.0,241081132.0
2022,1,Gobiernos departamentales,Otros gastos del personal,195462809.0,193013440.0
2022,1,Gobiernos departamentales,Personal contratado,2684991451.0,2668163872.0
2022,1,Gobiernos departamentales,Remuneraciones temporales,21980981.0,17864359.0
2022,1,Gobiernos departamentales,Sueldo básico,3851108841.0,3531179284.0
2022,1,Municipalidades,Aguinaldo,327650450.0,218594544.0
2022,1,Municipalidades,Bonificaciones y asignaciones,1463776129.0,1406366482.0
2022,1,Municipalidades,Dietas,7284142739.0,6970539424.0
2022,1,Municipalidades,Gastos de representación,4825805635.0,4584847403.0
2022,1,Municipalidades,Otros gastos del personal,139162896.0,139162896.0
2022,1,Municipalidades,Personal contratado,32340833233.0,30014456068.0
2022,1,Municipalidades,Remuneraciones temporales,112652025.0,110163461.0
2022,1,Municipalidades,Servicio exterior,10180000.0,10180000.0
2022,1,Municipalidades,Sueldo básico,16028368053.0,13668344197.0
2022,1,Otros organismos,Bonificaciones y asignaciones,6669222195.0,5989266973.0
2022,1,Otros organismos,Dietas,169502047.0,162671124.0
2022,1,Otros organismos,Gastos de representación,832610946.0,778637088.0
2022,1,Otros organismos,Otros gastos del personal,99274533.0,93881834.0
2022,1,Otros organismos,Personal contratado,2617650415.0,2384384798.0
2022,1,Otros organismos,Remuneraciones temporales,207943522.0,187935255.0
2022,1,Otros organismos,Sueldo básico,35889037423.0,32185351543.0
2022,1,Poder Judicial,Bonificaciones y asignaciones,8787873695.0,8787873695.0
2022,1,Poder Judicial,Dietas,148034200.0,148034200.0
2022,1,Poder Judicial,Gastos de representación,6894492320.0,6882159203.0
2022,1,Poder Judicial,Otros gastos del personal,1589148801.0,1589148801.0
2022,1,Poder Judicial,Personal contratado,11468937060.0,11309786715.0
2022,1,Poder Judicial,Remuneraciones temporales,237436599.0,237436599.0
2022,1,Poder Judicial,Sueldo básico,125481306793.0,125131307067.0
2022,1,Poder Legislativo,Bonificaciones y asignaciones,3248014641.0,3248014641.0
2022,1,Poder Legislativo,Dietas,4233778120.0,4233778120.0
2022,1,Poder Legislativo,Gastos de representación,1534311632.0,1534311632.0
2022,1,Poder Legislativo,Personal contratado,3584107000.0,3584107000.0
2022,1,Poder Legislativo,Sueldo básico,19331045072.0,19318198405.0
2022,1,SA del Estado,Aguinaldo,26653346.0,26653346.0
2022,1,SA del Estado,Bonificaciones y asignaciones,6295306883.0,6295306883.0
2022,1,SA del Estado,Dietas,350906337.0,350906337.0
2022,1,SA del Estado,Gastos de representación,6000000.0,6000000.0
2022,1,SA del Estado,Otros gastos del personal,327771736.0,327771736.0
2022,1,SA del Estado,Personal contratado,916818863.0,904944085.0
2022,1,SA del Estado,Remuneraciones temporales,970858963.0,970858963.0
2022,1,SA del Estado,Sueldo básico,22423455209.0,21036436605.0
2022,1,Salud,Bonificaciones y asignaciones,24893097549.0,24250714588.0
2022,1,Salud,Dietas,85000000.0,82960000.0
2022,1,Salud,Gastos de representación,376490500.0,371493920.0
2022,1,Salud,Otros gastos del personal,7311774591.0,7311415857.0
2022,1,Salud,Personal contratado,184005001148.0,179407011301.0
2022,1,Salud,Remuneraciones temporales,3730983119.0,3730983119.0
2022,1,Salud,Sueldo básico,198410161413.0,193293469695.0
2022,1,Servicio civil del Ejecutivo,Bonificaciones y asignaciones,16776013411.0,16776013411.0
2022,1,Servicio civil del Ejecutivo,Gastos de representación,1599360120.0,1593105864.0
2022,1,Servicio civil del Ejecutivo,Otros gastos del personal,2345632756.0,2345632756.0
2022,1,Servicio civil del Ejecutivo,Personal contratado,29495062094.0,28835848245.0
2022,1,Servicio civil del Ejecutivo,Remuneraciones temporales,1945159569.0,1945159569.0
2022,1,Servicio civil del Ejecutivo,Servicio exterior,13655144668.0,13655144668.0
2022,1,Servicio civil del Ejecutivo,Sueldo básico,70115242562.0,69862587212.0
2022,2,Educación,Aguinaldo,19383471.0,17613774.0
2022,2,Educación,Bonificaciones y asignaciones,47357692409.0,46724800448.0
2022,2,Educación,Dietas,559062290.0,546375180.0
2022,2,Educación,Gastos de representación,3580476316.0,3500204801.0
2022,2,Educación,Otros gastos del personal,4084337175.0,4083250170.0
2022,2,Educación,Personal contratado,5293509238.0,5230061140.0
2022,2,Educación,Remuneraciones temporales,328677078.0,327137941.0
2022,2,Educación,Sueldo básico,511828003067.0,501630517097.0
2022,2,Empresas públicas,Bonificaciones y asignaciones,23774023556.0,21814675665.0
2022,2,Empresas públicas,Dietas,27720000.0,27720000.0
2022,2,Empresas públicas,Gastos de representación,122786865.0,122285041.0
2022,2,Empresas públicas,Otros gastos del personal,3673460185.0,3452840959.0
2022,2,Empresas públicas,Personal contratado,5616067931.0,5277505839.0
2022,2,Empresas públicas,Remuneraciones temporales,11537368056.0,10209878149.0
2022,2,Empresas públicas,Sueldo básico,45539117623.0,39488502340.0
2022,2,Entes autónomos y autárquicos,Aguinaldo,300000.0,300000.0
2022,2,Entes autónomos y autárquicos,Bonificaciones y asignaciones,12643999642.0,11844240177.0
2022,2,Entes autónomos y autárquicos,Dietas,317032200.0,312332888.0
2022,2,Entes autónomos y autárquicos,Gastos de representación,699760906.0,623140316.0
2022,2,Entes autónomos y autárquicos,Otros gastos del personal,2245398767.0,2125646752.0
2022,2,Entes autónomos y autárquicos,Personal contratado,6688057655.0,6435871254.0
2022,2,Entes autónomos y autárquicos,Remuneraciones temporales,2823195078.0,2625028785.0
2022,2,Entes autónomos y autárquicos,Sueldo básico,41370615251.0,35798767822.0
2022,2,Fuerzas públicas,Bonificaciones y asignaciones,67892821791.0,67892821791.0
2022,2,Fuerzas públicas,Gastos de representación,666866028.0,666866028.0
2022,2,Fuerzas públicas,Otros gastos del personal,44721542093.0,44721542093.0
2022,2,Fuerzas públicas,Personal contratado,1045607043.0,1045607043.0
2022,2,Fuerzas públicas,Remuneraciones temporales,32277500.0,32277500.0
2022,2,Fuerzas públicas,Servicio exterior,964126880.0,964126880.0
2022,2,Fuerzas públicas,Sueldo básico,228406125778.0,228390320288.0
2022,2,Gobiernos departamentales,Bonificaciones y asignaciones,660899358.0,610943945.0
2022,2,Gobiernos departamentales,Dietas,2031226528.0,1950867099.0
2022,2,Gobiernos departamentales,Gastos de representación,251539500.0,241081132.0
2022,2,Gobiernos departamentales,Otros gastos del personal,200824220.0,198374851.0
2022,2,Gobiernos departamentales,Personal contratado,2830462127.0,2800803007.0
2022,2,Gobiernos departamentales,Remuneraciones temporales,23990477.0,19676087.0
2022,2,Gobiernos departamentales,Sueldo básico,3891081393.0,3573946471.0
2022,2,Municipalidades,Aguinaldo,209026524.0,186446342.0
2022,2,Municipalidades,Bonificaciones y asignaciones,1952150552.0,1906725660.0
2022,2,Municipalidades,Dietas,7495461412.0,7302413222.0
2022,2,Municipalidades,Gastos de representación,4877101975.0,4700542823.0
2022,2,Municipalidades,Otros gastos del personal,241462487.0,241037432.0
2022,2,Municipalidades,Personal contratado,36373898512.0,33935500168.0
2022,2,Municipalidades,Remuneraciones temporales,251491397.0,249989344.0
2022,2,Municipalidades,Servicio exterior,10180000.0,10180000.0
2022,2,Municipalidades,Sueldo básico,16549019515.0,13917372236.0
2022,2,Otros organismos,Bonificaciones y asignaciones,15351778109.0,14609635228.0
2022,2,Otros organismos,Dietas,169502047.0,162173507.0
2022,2,Otros organismos,Gastos de representación,839540014.0,783749257.0
2022,2,Otros organismos,Otros gastos del personal,96176400.0,90290496.0
2022,2,Otros organismos,Personal contratado,4106239176.0,3826720639.0
2022,2,Otros organismos,Remuneraciones temporales,1442425886.0,1313185202.0
2022,2,Otros organismos,Sueldo básico,36118708410.0,32446206769.0
2022,2,Poder Judicial,Bonificaciones y asignaciones,11976474415.0,11976474415.0
2022,2,Poder Judicial,Dietas,148034200.0,148034200.0
2022,2,Poder Judicial,Gastos de representación,6919506920.0,6887677070.0
2022,2,Poder Judicial,Otros gastos del personal,1590272733.0,1590272733.0
2022,2,Poder Judicial,Personal contratado,10973369236.0,10790144606.0
2022,2,Poder Judicial,Remuneraciones temporales,249676307.0,249676307.0
2022,2,Poder Judicial,Sueldo básico,125436750877.0,125066849236.0
2022,2,Poder Legislativo,Bonificaciones y asignaciones,3318263733.0,3318263733.0
2022,2,Poder Legislativo,Dietas,4233778120.0,4233778120.0
2022,2,Poder Legislativo,Gastos de representación,1536840632.0,1536840632.0
2022,2,Poder Legislativo,Personal contratado,3599957000.0,3599957000.0
2022,2,Poder Legislativo,Sueldo básico,19513445072.0,19513445072.0
2022,2,SA del Estado,Aguinaldo,3796733.0,3796733.0
2022,2,SA del Estado,Bonificaciones y asignaciones,5839857924.0,5839857924.0
2022,2,SA del Estado,Dietas,350906337.0,350906337.0
2022,2,SA del Estado,Gastos de representación,29000000.0,29000000.0
2022,2,SA del Estado,Otros gastos del personal,321126173.0,321126173.0
2022,2,SA del Estado,Personal contratado,1299170016.0,1294751754.0
2022,2,SA del Estado,Remuneraciones temporales,1101953155.0,1101953155.0
2022,2,SA del Estado,Sueldo básico,22746161698.0,21334299265.0
2022,2,Salud,Bonificaciones y asignaciones,26726656731.0,25978229285.0
2022,2,Salud,Dietas,85000000.0,82960000.0
2022,2,Salud,Gastos de representación,377829400.0,371375263.0
2022,2,Salud,Otros gastos del personal,10267113077.0,10266514345.0
2022,2,Salud,Personal contratado,184294881289.0,178797891121.0
2022,2,Salud,Remuneraciones temporales,4488756399.0,4465341910.0
2022,2,Salud,Sueldo básico,198370758842.0,192920483815.0
2022,2,Servicio civil del Ejecutivo,Bonificaciones y asignaciones,28646931264.0,28646931264.0
2022,2,Servicio civil del Ejecutivo,Gastos de representación,1616927748.0,1603836048.0
2022,2,Servicio civil del Ejecutivo,Otros gastos del personal,2329813563.0,2329813563.0
2022,2,Servicio civil del Ejecutivo,Personal contratado,37668611828.0,33029375297.0
2022,2,Servicio civil del Ejecutivo,Remuneraciones temporales,3619360499.0,3619360499.0
2022,2,Servicio civil del Ejecutivo,Servicio exterior,13917052326.0,13917052326.0
2022,2,Servicio civil del Ejecutivo,Sueldo básico,70138285266.0,69881356592.0
2022,3,Educación,Aguinaldo,18345126.0,16575429.0
2022,3,Educación,Bonificaciones y asignaciones,50477647114.0,49897878290.0
2022,3,Educación,Dietas,575922028.0,563568151.0
2022,3,Educación,Gastos de representación,3579507961.0,3498656686.0
2022,3,Educación,Otros gastos del personal,4266135897.0,4265544710.0
2022,3,Educación,Personal contratado,5940293959.0,5859684526.0
2022,3,Educación,Remuneraciones temporales,433116772.0,417931666.0
2022,3,Educación,Sueldo básico,516950593932.0,507466859414.0
2022,3,Empresas públicas,Bonificaciones y asignaciones,39398515977.0,36745686650.0
2022,3,Empresas públicas,Dietas,27720000.0,27720000.0
2022,3,Empresas públicas,Gastos de representación,125067901.0,124566077.0
2022,3,Empresas públicas,Otros gastos del personal,2584543483.0,2547909897.0
2022,3,Empresas públicas,Personal contratado,6222220432.0,5922268046.0
2022,3,Empresas públicas,Remuneraciones temporales,12283776607.0,10898860444.0
2022,3,Empresas públicas,Sueldo básico,45695925980.0,40253683205.0
2022,3,Entes autónomos y autárquicos,Aguinaldo,300000.0,300000.0
2022,3,Entes autónomos y autárquicos,Bonificaciones y asignaciones,13531351002.0,12841724258.0
2022,3,Entes autónomos y autárquicos,Dietas,333931300.0,333624388.0
2022,3,Entes autónomos y autárquicos,Gastos de representación,708743178.0,640822444.0
2022,3,Entes autónomos y autárquicos,Otros gastos del personal,2012186162.0,1895841167.0
2022,3,Entes autónomos y autárquicos,Personal contratado,6525336911.0,6284132513.0
2022,3,Entes autónomos y autárquicos,Remuneraciones temporales,3523550430.0,3276526922.0
2022,3,Entes autónomos y autárquicos,Sueldo básico,41473784282.0,35906134084.0
2022,3,Fuerzas públicas,Bonificaciones y asignaciones,68460640532.0,68460640532.0
2022,3,Fuerzas públicas,Gastos de representación,669757328.0,669757328.0
2022,3,Fuerzas públicas,Otros gastos del personal,66815459112.0,66815459112.0
2022,3,Fuerzas públicas,Personal contratado,1085689391.0,1026883043.0
2022,3,Fuerzas públicas,Remuneraciones temporales,35592748.0,35592748.0
2022,3,Fuerzas públicas,Servicio exterior,964126880.0,964126880.0
2022,3,Fuerzas públicas,Sueldo básico,228472880387.0,228457303829.0
2022,3,Gobiernos departamentales,Bonificaciones y asignaciones,693384506.0,643287493.0
2022,3,Gobiernos departamentales,Dietas,2028937204.0,1948577775.0
2022,3,Gobiernos departamentales,Gastos de representación,251539500.0,241081132.0
2022,3,Gobiernos departamentales,Otros gastos del personal,197264257.0,194814888.0
2022,3,Gobiernos departamentales,Personal contratado,2821098015.0,2797212452.0
2022,3,Gobiernos departamentales,Remuneraciones temporales,22579759.0,18236432.0
2022,3,Gobiernos departamentales,Sueldo básico,3895283981.0,3578878383.0
2022,3,Municipalidades,Aguinaldo,109019982.0,108955795.0
2022,3,Municipalidades,Bonificaciones y asignaciones,2016541564.0,1972343339.0
2022,3,Municipalidades,Dietas,7703058099.0,7542791564.0
2022,3,Municipalidades,Gastos de representación,4885768354.0,4756301514.0
2022,3,Municipalidades,Otros gastos del personal,181872558.0,181705878.0
2022,3,Municipalidades,Personal contratado,38296783127.0,36024052565.0
2022,3,Municipalidades,Remuneraciones temporales,253653896.0,251635937.0
2022,3,Municipalidades,Servicio exterior,10180000.0,10180000.0
2022,3,Municipalidades,Sueldo básico,16807317989.0,14266751207.0
2022,3,Otros organismos,Aguinaldo,2795762.0,0.0
2022,3,Otros organismos,Bonificaciones y asignaciones,9554689323.0,8877238764.0
2022,3,Otros organismos,Dietas,169502047.0,154087987.0
2022,3,Otros organismos,Gastos de representación,844616213.0,793951524.0
2022,3,Otros organismos,Otros gastos del personal,98513685.0,89377368.0
2022,3,Otros organismos,Personal contratado,3345168902.0,3028518839.0
2022,3,Otros organismos,Remuneraciones temporales,2005302053.0,1876925193.0
2022,3,Otros organismos,Sueldo básico,36044525668.0,32327387214.0
2022,3,Poder Judicial,Bonificaciones y asignaciones,10307453445.0,10307453445.0
2022,3,Poder Judicial,Dietas,148034200.0,148034200.0
2022,3,Poder Judicial,Gastos de representación,6854881920.0,6838583587.0
2022,3,Poder Judicial,Otros gastos del personal,1615509463.0,1615509463.0
2022,3,Poder Judicial,Personal contratado,11229604148.0,11031709482.0
2022,3,Poder Judicial,Remuneraciones temporales,198278339.0,198278339.0
2022,3,Poder Judicial,Sueldo básico,125557018996.0,125234933403.0
2022,3,Poder Legislativo,Bonificaciones y asignaciones,5271049899.0,5271049899.0
2022,3,Poder Legislativo,Dietas,4233778120.0,4232791225.0
2022,3,Poder Legislativo,Gastos de representación,1541898632.0,1539210272.0
2022,3,Poder Legislativo,Otros gastos del personal,5592495.0,5592495.0
2022,3,Poder Legislativo,Personal contratado,3532595648.0,3532595648.0
2022,3,Poder Legislativo,Sueldo básico,19599045072.0,19592035072.0
2022,3,SA del Estado,Aguinaldo,4383091.0,4383091.0
2022,3,SA del Estado,Bonificaciones y asignaciones,7254196065.0,7254196065.0
2022,3,SA del Estado,Dietas,350906337.0,350906337.0
2022,3,SA del Estado,Gastos de representación,29000000.0,29000000.0
2022,3,SA del Estado,Otros gastos del personal,344718964.0,344718964.0
2022,3,SA del Estado,Personal contratado,1412786493.0,1408243443.0
2022,3,SA del Estado,Remuneraciones temporales,1079142046.0,1079142046.0
2022,3,SA del Estado,Sueldo básico,22703901254.0,21303477517.0
2022,3,Salud,Bonificaciones y asignaciones,31076377082.0,30302934418.0
2022,3,Salud,Dietas,103928635.0,101888635.0
2022,3,Salud,Gastos de representación,374859400.0,369298060.0
2022,3,Salud,Otros gastos del personal,7468221858.0,7467699792.0
2022,3,Salud,Personal contratado,193953545678.0,188550378070.0
2022,3,Salud,Remuneraciones temporales,5314674477.0,5287779226.0
2022,3,Salud,Sueldo básico,197891923943.0,192507425188.0
2022,3,Servicio civil del Ejecutivo,Bonificaciones y asignaciones,23975539416.0,23975539416.0
2022,3,Servicio civil del Ejecutivo,Gastos de representación,1624078950.0,1618228503.0
2022,3,Servicio civil del Ejecutivo,Otros gastos del personal,2631781660.0,2631781660.0
2022,3,Servicio civil del Ejecutivo,Personal contratado,40204552436.0,35044430372.0
2022,3,Servicio civil del Ejecutivo,Remuneraciones temporales,5163186871.0,5163186871.0
2022,3,Servicio civil del Ejecutivo,Servicio exterior,13822439180.0,13822439180.0
2022,3,Servicio civil del Ejecutivo,Sueldo básico,70385768278.0,70065579555.0
2022,4,Educación,Aguinaldo,11663026.0,10962465.0
2022,4,Educación,Bonificaciones y asignaciones,47016549974.0,46433618233.0
2022,4,Educación,Dietas,583419770.0,573527135.0
2022,4,Educación,Gastos de representación,3584988661.0,3508633818.0
2022,4,Educación,Otros gastos del personal,4184053914.0,4183565818.0
2022,4,Educación,Personal contratado,5860048829.0,5795913026.0
2022,4,Educación,Remuneraciones temporales,476833455.0,449248032.0
2022,4,Educación,Sueldo básico,519343378708.0,509898723569.0
2022,4,Empresas públicas,Bonificaciones y asignaciones,21690445622.0,19656652715.0
2022,4,Empresas públicas,Dietas,27720000.0,27720000.0
2022,4,Empresas públicas,Gastos de representación,123265165.0,122763341.0
2022,4,Empresas públicas,Otros gastos del personal,2275902647.0,2262579207.0
2022,4,Empresas públicas,Personal contratado,5789169622.0,5500823304.0
2022,4,Empresas públicas,Remuneraciones temporales,12464556399.0,11031161868.0
2022,4,Empresas públicas,Sueldo básico,45390428358.0,39896440033.0
2022,4,Entes autónomos y autárquicos,Aguinaldo,300000.0,300000.0
2022,4,Entes autónomos y autárquicos,Bonificaciones y asignaciones,7132753402.0,6455349447.0
2022,4,Entes autónomos y autárquicos,Dietas,315146500.0,314839588.0
2022,4,Entes autónomos y autárquicos,Gastos de representación,694957594.0,631437062.0
2022,4,Entes autónomos y autárquicos,Otros gastos del personal,1984349491.0,1866457281.0
2022,4,Entes autónomos y autárquicos,Personal contratado,7381169449.0,7127835567.0
2022,4,Entes autónomos y autárquicos,Remuneraciones temporales,3763806897.0,3492497322.0
2022,4,Entes autónomos y autárquicos,Sueldo básico,41541895497.0,36007330150.0
2022,4,Fuerzas públicas,Bonificaciones y asignaciones,72206716593.0,72206716593.0
2022,4,Fuerzas públicas,Gastos de representación,671612828.0,671612828.0
2022,4,Fuerzas públicas,Otros gastos del personal,10511502424.0,10511502424.0
2022,4,Fuerzas públicas,Personal contratado,1160090733.0,1120885443.0
2022,4,Fuerzas públicas,Remuneraciones temporales,33377718.0,33377718.0
2022,4,Fuerzas públicas,Servicio exterior,964126880.0,964126880.0
2022,4,Fuerzas públicas,Sueldo básico,228766305013.0,228750499522.0
2022,4,Gobiernos departamentales,Bonificaciones y asignaciones,693660335.0,643857722.0
2022,4,Gobiernos departamentales,Dietas,2025583929.0,1945224500.0
2022,4,Gobiernos departamentales,Gastos de representación,251191020.0,240970252.0
2022,4,Gobiernos departamentales,Otros gastos del personal,196398018.0,193935012.0
2022,4,Gobiernos departamentales,Personal contratado,2785658288.0,2754051774.0
2022,4,Gobiernos departamentales,Remuneraciones temporales,21790964.0,17466486.0
2022,4,Gobiernos departamentales,Sueldo básico,3899731318.0,3582642292.0
2022,4,Municipalidades,Aguinaldo,87718486.0,87591844.0
2022,4,Municipalidades,Bonificaciones y asignaciones,2088486503.0,2039265020.0
2022,4,Municipalidades,Dietas,7580169020.0,7279156519.0
2022,4,Municipalidades,Gastos de representación,4845940783.0,4686870816.0
2022,4,Municipalidades,Otros gastos del personal,168617282.0,168600602.0
2022,4,Municipalidades,Personal contratado,38335014807.0,35759252532.0
2022,4,Municipalidades,Remuneraciones temporales,265308820.0,262851414.0
2022,4,Municipalidades,Servicio exterior,10180000.0,10180000.0
2022,4,Municipalidades,Sueldo básico,16788302256.0,14011796704.0
2022,4,Otros organismos,Bonificaciones y asignaciones,9460370840.0,8745880074.0
2022,4,Otros organismos,Dietas,211888187.0,163144483.0
2022,4,Otros organismos,Gastos de representación,846751080.0,791106040.0
2022,4,Otros organismos,Otros gastos del personal,95279518.0,89455513.0
2022,4,Otros organismos,Personal contratado,3217915971.0,2861051651.0
2022,4,Otros organismos,Remuneraciones temporales,2391769523.0,2252978445.0
2022,4,Otros organismos,Sueldo básico,36065605575.0,32363022998.0
2022,4,Poder Judicial,Bonificaciones y asignaciones,9082040838.0,9082040838.0
2022,4,Poder Judicial,Dietas,148034200.0,148034200.0
2022,4,Poder Judicial,Gastos de representación,6825131920.0,6804080450.0
2022,4,Poder Judicial,Otros gastos del personal,1636072762.0,1636072762.0
2022,4,Poder Judicial,Personal contratado,11473926955.0,11328850288.0
2022,4,Poder Judicial,Remuneraciones temporales,119992064.0,119992064.0
2022,4,Poder Judicial,Sueldo básico,125536729922.0,125151453537.0
2022,4,Poder Legislativo,Bonificaciones y asignaciones,3362132744.0,3362132744.0
2022,4,Poder Legislativo,Dietas,4233778120.0,4233778120.0
2022,4,Poder Legislativo,Gastos de representación,1545557732.0,1545557732.0
2022,4,Poder Legislativo,Otros gastos del personal,10125000.0,10125000.0
2022,4,Poder Legislativo,Personal contratado,3773372268.0,3773372268.0
2022,4,Poder Legislativo,Sueldo básico,19624345072.0,19616101072.0
2022,4,SA del Estado,Aguinaldo,10770106.0,10770106.0
2022,4,SA del Estado,Bonificaciones y asignaciones,6184637631.0,6184557505.0
2022,4,SA del Estado,Dietas,350906337.0,350906337.0
2022,4,SA del Estado,Gastos de representación,29000000.0,29000000.0
2022,4,SA del Estado,Otros gastos del personal,379126879.0,379126879.0
2022,4,SA del Estado,Personal contratado,1449807493.0,1446552326.0
2022,4,SA del Estado,Remuneraciones temporales,1180327079.0,1180327079.0
2022,4,SA del Estado,Sueldo básico,22714189182.0,21292676029.0
2022,4,Salud,Bonificaciones y asignaciones,28522186959.0,27761367586.0
2022,4,Salud,Dietas,103928635.0,101888635.0
2022,4,Salud,Gastos de representación,376808300.0,371766667.0
2022,4,Salud,Otros gastos del personal,7242737164.0,7242215098.0
2022,4,Salud,Personal contratado,193525117181.0,187409850270.0
2022,4,Salud,Remuneraciones temporales,5499976704.0,5469014919.0
2022,4,Salud,Sueldo básico,197477114090.0,192310394683.0
2022,4,Servicio civil del Ejecutivo,Bonificaciones y asignaciones,21814351020.0,21814351020.0
2022,4,Servicio civil del Ejecutivo,Gastos de representación,1619487750.0,1608619021.0
2022,4,Servicio civil del Ejecutivo,Otros gastos del personal,2846797266.0,2846797266.0
2022,4,Servicio civil del Ejecutivo,Personal contratado,39773988502.0,33241893858.0
2022,4,Servicio civil del Ejecutivo,Remuneraciones temporales,4613084851.0,4613084851.0
2022,4,Servicio civil del Ejecutivo,Servicio exterior,13866522780.0,13866522780.0
2022,4,Servicio civil del Ejecutivo,Sueldo básico,70267280306.0,69982469699.0
2022,5,Educación,Aguinaldo,5494600.0,4794039.0
2022,5,Educación,Bonificaciones y asignaciones,46638663674.0,46050431786.0
2022,5,Educación,Dietas,579093135.0,567858234.0
2022,5,Educación,Gastos de representación,3561814261.0,3485566957.0
2022,5,Educación,Otros gastos del personal,3738155964.0,3737667868.0
2022,5,Educación,Personal contratado,6146435339.0,6070907267.0
2022,5,Educación,Remuneraciones temporales,529050995.0,503538995.0
2022,5,Educación,Sueldo básico,521943293553.0,512219797358.0
2022,5,Empresas públicas,Bonificaciones y asignaciones,20823854939.0,18849913545.0
2022,5,Empresas públicas,Dietas,27720000.0,27720000.0
2022,5,Empresas públicas,Gastos de representación,118321438.0,117971122.0
2022,5,Empresas públicas,Otros gastos del personal,2218210075.0,2204749486.0
2022,5,Empresas públicas,Personal contratado,5840908441.0,5532850557.0
2022,5,Empresas públicas,Remuneraciones temporales,12238371608.0,10829630507.0
2022,5,Empresas públicas,Sueldo básico,45235181201.0,39828272565.0
2022,5,Entes autónomos y autárquicos,Aguinaldo,300000.0,300000.0
2022,5,Entes autónomos y autárquicos,Bonificaciones y asignaciones,6873270740.0,6203512240.0
2022,5,Entes autónomos y autárquicos,Dietas,313136200.0,312829288.0
2022,5,Entes autónomos y autárquicos,Gastos de representación,704818060.0,636645874.0
2022,5,Entes autónomos y autárquicos,Otros gastos del personal,1896137509.0,1784411728.0
2022,5,Entes autónomos y autárquicos,Personal contratado,7985658450.0,7746468361.0
2022,5,Entes autónomos y autárquicos,Remuneraciones temporales,3752336389.0,3489983042.0
2022,5,Entes autónomos y autárquicos,Sueldo básico,41614243951.0,36064293810.0
2022,5,Fuerzas públicas,Bonificaciones y asignaciones,70236776222.0,70236776222.0
2022,5,Fuerzas públicas,Gastos de representación,672683728.0,672683728.0
2022,5,Fuerzas públicas,Otros gastos del personal,10446970937.0,10446970937.0
2022,5,Fuerzas públicas,Personal contratado,1137157047.0,1100835443.0
2022,5,Fuerzas públicas,Remuneraciones temporales,34039256.0,34039256.0
2022,5,Fuerzas públicas,Servicio exterior,964126880.0,964126880.0
2022,5,Fuerzas públicas,Sueldo básico,232517015745.0,232501439186.0
2022,5,Gobiernos departamentales,Bonificaciones y asignaciones,696543503.0,646886120.0
2022,5,Gobiernos departamentales,Dietas,2033509852.0,1955436747.0
2022,5,Gobiernos departamentales,Gastos de representación,252014700.0,241793932.0
2022,5,Gobiernos departamentales,Otros gastos del personal,194134101.0,192308579.0
2022,5,Gobiernos departamentales,Personal contratado,2754481539.0,2728785648.0
2022,5,Gobiernos departamentales,Remuneraciones temporales,20863474.0,16547619.0
2022,5,Gobiernos departamentales,Sueldo básico,3854067056.0,3537074912.0
2022,5,Municipalidades,Aguinaldo,105107299.0,103303945.0
2022,5,Municipalidades,Bonificaciones y asignaciones,2011316441.0,1963257989.0
2022,5,Municipalidades,Dietas,7566900675.0,7351025857.0
2022,5,Municipalidades,Gastos de representación,4816408447.0,4675554843.0
2022,5,Municipalidades,Otros gastos del personal,198857096.0,198707096.0
2022,5,Municipalidades,Personal contratado,38252155929.0,36001810280.0
2022,5,Municipalidades,Remuneraciones temporales,316569171.0,315273591.0
2022,5,Municipalidades,Servicio exterior,10180000.0,10180000.0
2022,5,Municipalidades,Sueldo básico,16954063394.0,14156349919.0
2022,5,Otros organismos,Bonificaciones y asignaciones,8479798599.0,7755765655.0
2022,5,Otros organismos,Dietas,211888187.0,164638965.0
2022,5,Otros organismos,Gastos de representación,840940280.0,788099417.0
2022,5,Otros organismos,Otros gastos del personal,104776344.0,98032446.0
2022,5,Otros organismos,Personal contratado,3078881883.0,2785180069.0
2022,5,Otros organismos,Remuneraciones temporales,2233360404.0,2103608266.0
2022,5,Otros organismos,Sueldo básico,36278488400.0,33105009188.0
2022,5,Poder Judicial,Bonificaciones y asignaciones,8976623937.0,8976623937.0
2022,5,Poder Judicial,Dietas,148034200.0,148034200.0
2022,5,Poder Judicial,Gastos de representación,6783628520.0,6763020186.0
2022,5,Poder Judicial,Otros gastos del personal,1618988625.0,1618988625.0
2022,5,Poder Judicial,Personal contratado,11670946000.0,11502613131.0
2022,5,Poder Judicial,Remuneraciones temporales,113800163.0,113800163.0
2022,5,Poder Judicial,Sueldo básico,125293402730.0,124828883066.0
2022,5,Poder Legislativo,Bonificaciones y asignaciones,3349649772.0,3349649772.0
2022,5,Poder Legislativo,Dietas,4233778120.0,4233778120.0
2022,5,Poder Legislativo,Gastos de representación,1549485632.0,1549485632.0
2022,5,Poder Legislativo,Personal contratado,3756942268.0,3756942268.0
2022,5,Poder Legislativo,Sueldo básico,19663645072.0,19654657072.0
2022,5,SA del Estado,Aguinaldo,19997211.0,19997211.0
2022,5,SA del Estado,Bonificaciones y asignaciones,6382907684.0,6382907684.0
2022,5,SA del Estado,Dietas,328893606.0,328893606.0
2022,5,SA del Estado,Gastos de representación,29000000.0,29000000.0
2022,5,SA del Estado,Otros gastos del personal,357652292.0,357652292.0
2022,5,SA del Estado,Personal contratado,1502315493.0,1499001758.0
2022,5,SA del Estado,Remuneraciones temporales,1106670078.0,1106670078.0
2022,5,SA del Estado,Sueldo básico,22158157005.0,20755308341.0
2022,5,Salud,Bonificaciones y asignaciones,27585357634.0,26831612512.0
2022,5,Salud,Dietas,103928635.0,101888635.0
2022,5,Salud,Gastos de representación,384346100.0,378371470.0
2022,5,Salud,Otros gastos del personal,7256664810.0,7256364744.0
2022,5,Salud,Personal contratado,193705861705.0,187746682956.0
2022,5,Salud,Remuneraciones temporales,5720263342.0,5689845279.0
2022,5,Salud,Sueldo básico,197277707571.0,191764669564.0
2022,5,Servicio civil del Ejecutivo,Bonificaciones y asignaciones,18061285543.0,18061285543.0
2022,5,Servicio civil del Ejecutivo,Gastos de representación,1617641620.0,1606924693.0
2022,5,Servicio civil del Ejecutivo,Otros gastos del personal,2874045451.0,2874045451.0
2022,5,Servicio civil del Ejecutivo,Personal contratado,39907131462.0,34058117587.0
2022,5,Servicio civil del Ejecutivo,Remuneraciones temporales,5389192321.0,5389192321.0
2022,5,Servicio civil del Ejecutivo,Servicio exterior,13917867852.0,13917867852.0
2022,5,Servicio civil del Ejecutivo,Sueldo básico,70184377686.0,69933635314.0
2022,6,Educación,Aguinaldo,5494600.0,4794039.0
2022,6,Educación,Bonificaciones y asignaciones,47673446144.0,47086070254.0
2022,6,Educación,Dietas,580895185.0,571992116.0
2022,6,Educación,Gastos de representación,3587975961.0,3511265086.0
2022,6,Educación,Otros gastos del personal,3730271176.0,3728634812.0
2022,6,Educación,Personal contratado,6577475523.0,6507525970.0
2022,6,Educación,Remuneraciones temporales,575336099.0,550431354.0
2022,6,Educación,Sueldo básico,522473066915.0,513032245689.0
2022,6,Empresas públicas,Bonificaciones y asignaciones,21391565190.0,19419836446.0
2022,6,Empresas públicas,Dietas,27720000.0,27720000.0
2022,6,Empresas públicas,Gastos de representación,125894867.0,125393043.0
2022,6,Empresas públicas,Otros gastos del personal,2258620913.0,2248987218.0
2022,6,Empresas públicas,Personal contratado,5829640718.0,5522878592.0
2022,6,Empresas públicas,Remuneraciones temporales,13616270789.0,12235623730.0
2022,6,Empresas públicas,Sueldo básico,45119134294.0,39709242757.0
2022,6,Entes autónomos y autárquicos,Bonificaciones y asignaciones,6492827366.0,5867420089.0
2022,6,Entes autónomos y autárquicos,Dietas,332966900.0,327659988.0
2022,6,Entes autónomos y autárquicos,Gastos de representación,688362760.0,623466041.0
2022,6,Entes autónomos y autárquicos,Otros gastos del personal,1693475321.0,1590509022.0
2022,6,Entes autónomos y autárquicos,Personal contratado,10057130533.0,9849236822.0
2022,6,Entes autónomos y autárquicos,Remuneraciones temporales,4122014897.0,3854412048.0
2022,6,Entes autónomos y autárquicos,Sueldo básico,39331372359.0,34104890643.0
2022,6,Fuerzas públicas,Bonificaciones y asignaciones,70211646298.0,70211646298.0
2022,6,Fuerzas públicas,Gastos de representación,673060228.0,673060228.0
2022,6,Fuerzas públicas,Otros gastos del personal,10446944347.0,10446944347.0
2022,6,Fuerzas públicas,Personal contratado,1139176267.0,1109970977.0
2022,6,Fuerzas públicas,Remuneraciones temporales,36458266.0,36458266.0
2022,6,Fuerzas públicas,Servicio exterior,930565280.0,930565280.0
2022,6,Fuerzas públicas,Sueldo básico,230599056569.0,230592586940.0
2022,6,Gobiernos departamentales,Bonificaciones y asignaciones,715012264.0,665522266.0
2022,6,Gobiernos departamentales,Dietas,2033509852.0,1959924015.0
2022,6,Gobiernos departamentales,Gastos de representación,252014700.0,241793932.0
2022,6,Gobiernos departamentales,Otros gastos del personal,193977851.0,192165966.0
2022,6,Gobiernos departamentales,Personal contratado,2682989169.0,2659048036.0
2022,6,Gobiernos departamentales,Remuneraciones temporales,21953450.0,17637595.0
2022,6,Gobiernos departamentales,Sueldo básico,3924444821.0,3609167250.0
2022,6,Municipalidades,Aguinaldo,139985174.0,138540659.0
2022,6,Municipalidades,Bonificaciones y asignaciones,2122063065.0,2082180347.0
2022,6,Municipalidades,Dietas,7571931929.0,7339790129.0
2022,6,Municipalidades,Gastos de representación,4888577178.0,4727353354.0
2022,6,Municipalidades,Otros gastos del personal,263520140.0,263520140.0
2022,6,Municipalidades,Personal contratado,39817923419.0,38497077403.0
2022,6,Municipalidades,Remuneraciones temporales,285901194.0,284828798.0
2022,6,Municipalidades,Servicio exterior,10180000.0,10180000.0
2022,6,Municipalidades,Sueldo básico,16950612917.0,14716162104.0
2022,6,Otros organismos,Aguinaldo,2472041.0,0.0
2022,6,Otros organismos,Bonificaciones y asignaciones,8350611099.0,7630108274.0
2022,6,Otros organismos,Dietas,211888187.0,164638965.0
2022,6,Otros organismos,Gastos de representación,842864112.0,785956041.0
2022,6,Otros organismos,Otros gastos del personal,171062216.0,132369380.0
2022,6,Otros organismos,Personal contratado,3058392927.0,2774548439.0
2022,6,Otros organismos,Remuneraciones temporales,2374864404.0,2235097688.0
2022,6,Otros organismos,Sueldo básico,36415530889.0,33237958056.0
2022,6,Poder Judicial,Bonificaciones y asignaciones,9503041709.0,9503041709.0
2022,6,Poder Judicial,Dietas,118427360.0,118427360.0
2022,6,Poder Judicial,Gastos de representación,6751842520.0,6708693207.0
2022,6,Poder Judicial,Otros gastos del personal,1832055073.0,1832055073.0
2022,6,Poder Judicial,Personal contratado,11965587374.0,11824642322.0
2022,6,Poder Judicial,Remuneraciones temporales,139249704.0,139249704.0
2022,6,Poder Judicial,Sueldo básico,125230780883.0,124794123845.0
2022,6,Poder Legislativo,Bonificaciones y asignaciones,3347335712.0,3347335712.0
2022,6,Poder Legislativo,Dietas,4233778120.0,4233778120.0
2022,6,Poder Legislativo,Gastos de representación,1551162532.0,1548717832.0
2022,6,Poder Legislativo,Otros gastos del personal,1264500.0,1264500.0
2022,6,Poder Legislativo,Personal contratado,3840022268.0,3837922268.0
2022,6,Poder Legislativo,Sueldo básico,19682745072.0,19673757072.0
2022,6,SA del Estado,Aguinaldo,47278199.0,47278199.0
2022,6,SA del Estado,Bonificaciones y asignaciones,6000053533.0,6000053533.0
2022,6,SA del Estado,Dietas,269448191.0,269448191.0
2022,6,SA del Estado,Gastos de representación,29000000.0,29000000.0
2022,6,SA del Estado,Otros gastos del personal,349641799.0,349641799.0
2022,6,SA del Estado,Personal contratado,1541369777.0,1541369777.0
2022,6,SA del Estado,Remuneraciones temporales,1196917641.0,1196917641.0
2022,6,SA del Estado,Sueldo básico,22629306450.0,21217709070.0
2022,6,Salud,Bonificaciones y asignaciones,28330201663.0,27570219011.0
2022,6,Salud,Dietas,103928635.0,101888635.0
2022,6,Salud,Gastos de representación,403595100.0,396530493.0
2022,6,Salud,Otros gastos del personal,7943989055.0,7943688989.0
2022,6,Salud,Personal contratado,182305241021.0,176332981227.0
2022,6,Salud,Remuneraciones temporales,6053386782.0,6021185380.0
2022,6,Salud,Sueldo básico,208481522149.0,203026294744.0
2022,6,Servicio civil del Ejecutivo,Bonificaciones y asignaciones,19679078895.0,19679078895.0
2022,6,Servicio civil del Ejecutivo,Gastos de representación,1619689650.0,1613612696.0
2022,6,Servicio civil del Ejecutivo,Otros gastos del personal,2516102487.0,2516102487.0
2022,6,Servicio civil del Ejecutivo,Personal contratado,41736099555.0,35350062617.0
2022,6,Servicio civil del Ejecutivo,Remuneraciones temporales,5448456830.0,5448456830.0
2022,6,Servicio civil del Ejecutivo,Servicio exterior,14277519980.0,14277519980.0
2022,6,Servicio civil del Ejecutivo,Sueldo básico,70385137014.0,70255101219.0
2022,7,Educación,Aguinaldo,5494600.0,4794039.0
2022,7,Educación,Bonificaciones y asignaciones,47680133935.0,47068326132.0
2022,7,Educación,Dietas,577380398.0,567707011.0
2022,7,Educación,Gastos de representación,3576811561.0,3495199022.0
2022,7,Educación,Otros gastos del personal,3567259350.0,3566959350.0
2022,7,Educación,Personal contratado,7113446471.0,7033638080.0
2022,7,Educación,Remuneraciones temporales,494186589.0,470072770.0
2022,7,Educación,Sueldo básico,540187470854.0,530706457391.0
2022,7,Empresas públicas,Bonificaciones y asignaciones,20886742205.0,18915007199.0
2022,7,Empresas públicas,Dietas,27720000.0,27720000.0
2022,7,Empresas públicas,Gastos de representación,120708065.0,120206241.0
2022,7,Empresas públicas,Otros gastos del personal,2223422548.0,2213498484.0
2022,7,Empresas públicas,Personal contratado,5450589604.0,5144755479.0
2022,7,Empresas públicas,Remuneraciones temporales,11281859981.0,9991658761.0
2022,7,Empresas públicas,Sueldo básico,45477579258.0,40078139036.0
2022,7,Entes autónomos y autárquicos,Bonificaciones y asignaciones,7045104010.0,6395954927.0
2022,7,Entes autónomos y autárquicos,Dietas,332966900.0,327659988.0
2022,7,Entes autónomos y autárquicos,Gastos de representación,692092660.0,628436826.0
2022,7,Entes autónomos y autárquicos,Otros gastos del personal,1748353755.0,1644716134.0
2022,7,Entes autónomos y autárquicos,Personal contratado,10388392530.0,10171303836.0
2022,7,Entes autónomos y autárquicos,Remuneraciones temporales,4154110895.0,3888094016.0
2022,7,Entes autónomos y autárquicos,Sueldo básico,40498402309.0,35198476583.0
2022,7,Fuerzas públicas,Bonificaciones y asignaciones,71370082587.0,71370082587.0
2022,7,Fuerzas públicas,Gastos de representación,671989328.0,671989328.0
2022,7,Fuerzas públicas,Otros gastos del personal,10566345069.0,10566345069.0
2022,7,Fuerzas públicas,Personal contratado,1138359741.0,1110338137.0
2022,7,Fuerzas públicas,Remuneraciones temporales,37062116.0,37062116.0
2022,7,Fuerzas públicas,Servicio exterior,964126880.0,964126880.0
2022,7,Fuerzas públicas,Sueldo básico,230683138021.0,230674881197.0
2022,7,Gobiernos departamentales,Bonificaciones y asignaciones,742134706.0,693515395.0
2022,7,Gobiernos departamentales,Dietas,2038082500.0,1964496663.0
2022,7,Gobiernos departamentales,Gastos de representación,252489900.0,239417932.0
2022,7,Gobiernos departamentales,Otros gastos del personal,196385716.0,194273831.0
2022,7,Gobiernos departamentales,Personal contratado,2700099579.0,2676056578.0
2022,7,Gobiernos departamentales,Remuneraciones temporales,24465175.0,20149320.0
2022,7,Gobiernos departamentales,Sueldo básico,3892068628.0,3553107182.0
2022,7,Municipalidades,Aguinaldo,163917069.0,144440427.0
2022,7,Municipalidades,Bonificaciones y asignaciones,2094404947.0,2061154599.0
2022,7,Municipalidades,Dietas,7721232521.0,7515595892.0
2022,7,Municipalidades,Gastos de representación,5007053920.0,4844854486.0
2022,7,Municipalidades,Otros gastos del personal,390826491.0,390826489.0
2022,7,Municipalidades,Personal contratado,40130745056.0,38568944471.0
2022,7,Municipalidades,Remuneraciones temporales,305248244.0,264121360.0
2022,7,Municipalidades,Servicio exterior,10180000.0,10180000.0
2022,7,Municipalidades,Sueldo básico,16992358452.0,14850426450.0
2022,7,Otros organismos,Bonificaciones y asignaciones,9567211296.0,8824236637.0
2022,7,Otros organismos,Dietas,211888187.0,166158175.0
2022,7,Otros organismos,Gastos de representación,846836947.0,790673739.0
2022,7,Otros organismos,Otros gastos del personal,151258044.0,103176821.0
2022,7,Otros organismos,Personal contratado,3205465133.0,2873679066.0
2022,7,Otros organismos,Remuneraciones temporales,2478385457.0,2322417872.0
2022,7,Otros organismos,Sueldo básico,36411410132.0,33249311968.0
2022,7,Poder Judicial,Bonificaciones y asignaciones,8963416218.0,8963416218.0
2022,7,Poder Judicial,Dietas,148034200.0,148034200.0
2022,7,Poder Judicial,Gastos de representación,7350081220.0,7326139226.0
2022,7,Poder Judicial,Otros gastos del personal,1599356518.0,1599356518.0
2022,7,Poder Judicial,Personal contratado,11279962225.0,10989227844.0
2022,7,Poder Judicial,Remuneraciones temporales,160399831.0,160399831.0
2022,7,Poder Judicial,Sueldo básico,125333782465.0,124887223792.0
2022,7,Poder Legislativo,Bonificaciones y asignaciones,3375863332.0,3375863332.0
2022,7,Poder Legislativo,Dietas,4233778120.0,4233778120.0
2022,7,Poder Legislativo,Gastos de representación,1546599932.0,1546599932.0
2022,7,Poder Legislativo,Personal contratado,3850272575.0,3850272575.0
2022,7,Poder Legislativo,Sueldo básico,19729145072.0,19725701072.0
2022,7,SA del Estado,Aguinaldo,26442004.0,26442004.0
2022,7,SA del Estado,Bonificaciones y asignaciones,6070444921.0,6070444921.0
2022,7,SA del Estado,Dietas,312297375.0,312297375.0
2022,7,SA del Estado,Gastos de representación,29000000.0,29000000.0
2022,7,SA del Estado,Otros gastos del personal,359017548.0,359017548.0
2022,7,SA del Estado,Personal contratado,1613276489.0,1609422985.0
2022,7,SA del Estado,Remuneraciones temporales,1082637920.0,1082637920.0
2022,7,SA del Estado,Sueldo básico,23136488974.0,21692887794.0
2022,7,Salud,Bonificaciones y asignaciones,37756069718.0,36990122344.0
2022,7,Salud,Dietas,103928635.0,101888635.0
2022,7,Salud,Gastos de representación,403835100.0,398899883.0
2022,7,Salud,Otros gastos del personal,8134535059.0,8134234993.0
2022,7,Salud,Personal contratado,178191867574.0,172057742561.0
2022,7,Salud,Remuneraciones temporales,5981470791.0,5949266279.0
2022,7,Salud,Sueldo básico,210938658586.0,205933384007.0
2022,7,Servicio civil del Ejecutivo,Bonificaciones y asignaciones,17956679845.0,17956679845.0
2022,7,Servicio civil del Ejecutivo,Gastos de representación,1618492150.0,1612163648.0
2022,7,Servicio civil del Ejecutivo,Otros gastos del personal,2414518647.0,2414518647.0
2022,7,Servicio civil del Ejecutivo,Personal contratado,40831070543.0,35075143047.0
2022,7,Servicio civil del Ejecutivo,Remuneraciones temporales,5563779865.0,5563779865.0
2022,7,Servicio civil del Ejecutivo,Servicio exterior,14255259690.0,14255259690.0
2022,7,Servicio civil del Ejecutivo,Sueldo básico,71112240542.0,70979453051.0
2022,8,Educación,Aguinaldo,5494600.0,4794039.0
2022,8,Educación,Bonificaciones y asignaciones,48975552008.0,48342677399.0
2022,8,Educación,Dietas,576712035.0,564961300.0
2022,8,Educación,Gastos de representación,3564419461.0,3483443669.0
2022,8,Educación,Otros gastos del personal,4319594905.0,4319171833.0
2022,8,Educación,Personal contratado,7486527184.0,7400624480.0
2022,8,Educación,Remuneraciones temporales,544601474.0,516815105.0
2022,8,Educación,Sueldo básico,541316492354.0,531388380729.0
2022,8,Empresas públicas,Aguinaldo,815039.0,815039.0
2022,8,Empresas públicas,Bonificaciones y asignaciones,21076993594.0,19058757580.0
2022,8,Empresas públicas,Dietas,27720000.0,27720000.0
2022,8,Empresas públicas,Gastos de representación,123265165.0,122763341.0
2022,8,Empresas públicas,Otros gastos del personal,2244828187.0,2235325746.0
2022,8,Empresas públicas,Personal contratado,5197789388.0,4937028732.0
2022,8,Empresas públicas,Remuneraciones temporales,11214956180.0,9939742511.0
2022,8,Empresas públicas,Sueldo básico,45859462140.0,40303405308.0
2022,8,Entes autónomos y autárquicos,Bonificaciones y asignaciones,6670981286.0,6021627131.0
2022,8,Entes autónomos y autárquicos,Dietas,332966900.0,327659988.0
2022,8,Entes autónomos y autárquicos,Gastos de representación,680909667.0,618219709.0
2022,8,Entes autónomos y autárquicos,Otros gastos del personal,1688096098.0,1586659824.0
2022,8,Entes autónomos y autárquicos,Personal contratado,9312230165.0,9094583128.0
2022,8,Entes autónomos y autárquicos,Remuneraciones temporales,3902869749.0,3637129545.0
2022,8,Entes autónomos y autárquicos,Sueldo básico,39777734866.0,34651841738.0
2022,8,Fuerzas públicas,Bonificaciones y asignaciones,70521665967.0,70521665967.0
2022,8,Fuerzas públicas,Gastos de representación,671210428.0,671210428.0
2022,8,Fuerzas públicas,Otros gastos del personal,10600988684.0,10600988684.0
2022,8,Fuerzas públicas,Personal contratado,1143328103.0,1109722813.0
2022,8,Fuerzas públicas,Remuneraciones temporales,35420047.0,35420047.0
2022,8,Fuerzas públicas,Servicio exterior,964126880.0,964126880.0
2022,8,Fuerzas públicas,Sueldo básico,230663360367.0,230656721331.0
2022,8,Gobiernos departamentales,Bonificaciones y asignaciones,764058029.0,715438718.0
2022,8,Gobiernos departamentales,Dietas,2038082500.0,1970045748.0
2022,8,Gobiernos departamentales,Gastos de representación,249638700.0,236566732.0
2022,8,Gobiernos departamentales,Otros gastos del personal,233257680.0,231145795.0
2022,8,Gobiernos departamentales,Personal contratado,2620021837.0,2596145200.0
2022,8,Gobiernos departamentales,Remuneraciones temporales,35580663.0,31264538.0
2022,8,Gobiernos departamentales,Sueldo básico,3779844074.0,3452344093.0
2022,8,Municipalidades,Aguinaldo,91369113.0,91304926.0
2022,8,Municipalidades,Bonificaciones y asignaciones,1940508814.0,1858014619.0
2022,8,Municipalidades,Dietas,7785767385.0,7559827726.0
2022,8,Municipalidades,Gastos de representación,4911291448.0,4734599731.0
2022,8,Municipalidades,Otros gastos del personal,179396552.0,176515562.0
2022,8,Municipalidades,Personal contratado,40084642997.0,37776851490.0
2022,8,Municipalidades,Remuneraciones temporales,129519174.0,128486447.0
2022,8,Municipalidades,Servicio exterior,10180000.0,10180000.0
2022,8,Municipalidades,Sueldo básico,17001692516.0,14841063458.0
2022,8,Otros organismos,Bonificaciones y asignaciones,8308621886.0,7567280431.0
2022,8,Otros organismos,Dietas,211888187.0,166252796.0
2022,8,Otros organismos,Gastos de representación,843989680.0,787917910.0
2022,8,Otros organismos,Otros gastos del personal,159330044.0,101809789.0
2022,8,Otros organismos,Personal contratado,2970021565.0,2618723922.0
2022,8,Otros organismos,Remuneraciones temporales,2385638405.0,2235871532.0
2022,8,Otros organismos,Sueldo básico,36236342476.0,33096385480.0
2022,8,Poder Judicial,Bonificaciones y asignaciones,8942433589.0,8942433589.0
2022,8,Poder Judicial,Dietas,148034200.0,148034200.0
2022,8,Poder Judicial,Gastos de representación,7318808620.0,7309496237.0
2022,8,Poder Judicial,Otros gastos del personal,1593122737.0,1593122737.0
2022,8,Poder Judicial,Personal contratado,11620911099.0,11374177489.0
2022,8,Poder Judicial,Remuneraciones temporales,217069637.0,217069637.0
2022,8,Poder Judicial,Sueldo básico,125231906986.0,124727899958.0
2022,8,Poder Legislativo,Bonificaciones y asignaciones,3460594632.0,3460594632.0
2022,8,Poder Legislativo,Dietas,4204171280.0,4204171280.0
2022,8,Poder Legislativo,Gastos de representación,1552014632.0,1552014632.0
2022,8,Poder Legislativo,Personal contratado,3898412759.0,3897812759.0
2022,8,Poder Legislativo,Sueldo básico,19731413107.0,19723919107.0
2022,8,SA del Estado,Aguinaldo,8207207.0,8207207.0
2022,8,SA del Estado,Bonificaciones y asignaciones,5812736052.0,5812736052.0
2022,8,SA del Estado,Dietas,303094452.0,303094452.0
2022,8,SA del Estado,Gastos de representación,47000000.0,47000000.0
2022,8,SA del Estado,Otros gastos del personal,533798662.0,533798662.0
2022,8,SA del Estado,Personal contratado,1632506241.0,1630103273.0
2022,8,SA del Estado,Remuneraciones temporales,1174060888.0,1174060888.0
2022,8,SA del Estado,Sueldo básico,23216946808.0,21761140051.0
2022,8,Salud,Bonificaciones y asignaciones,28813358452.0,28037136170.0
2022,8,Salud,Dietas,103928635.0,101888635.0
2022,8,Salud,Gastos de representación,403895100.0,399281100.0
2022,8,Salud,Otros gastos del personal,8149846904.0,8149546838.0
2022,8,Salud,Personal contratado,180796399720.0,173847535651.0
2022,8,Salud,Remuneraciones temporales,6144271166.0,6113653009.0
2022,8,Salud,Sueldo básico,210062185386.0,205427796562.0
2022,8,Servicio civil del Ejecutivo,Bonificaciones y asignaciones,20212286852.0,20212286852.0
2022,8,Servicio civil del Ejecutivo,Gastos de representación,1617285620.0,1606052910.0
2022,8,Servicio civil del Ejecutivo,Otros gastos del personal,2528799554.0,2528799554.0
2022,8,Servicio civil del Ejecutivo,Personal contratado,42111799340.0,36523804911.0
2022,8,Servicio civil del Ejecutivo,Remuneraciones temporales,6400397384.0,6400397384.0
2022,8,Servicio civil del Ejecutivo,Servicio exterior,14300918522.0,14300918522.0
2022,8,Servicio civil del Ejecutivo,Sueldo básico,70991651218.0,70833983644.0
2022,9,Educación,Bonificaciones y asignaciones,48300664189.0,47660810584.0
2022,9,Educación,Dietas,546057405.0,533532782.0
2022,9,Educación,Gastos de representación,3551258361.0,3475472653.0
2022,9,Educación,Otros gastos del personal,4387164338.0,4386741266.0
2022,9,Educación,Personal contratado,6987942868.0,6893310509.0
2022,9,Educación,Remuneraciones temporales,530817161.0,504642470.0
2022,9,Educación,Sueldo básico,538390442680.0,529189272231.0
2022,9,Empresas públicas,Bonificaciones y asignaciones,21497724349.0,19511639546.0
2022,9,Empresas públicas,Dietas,27720000.0,27720000.0
2022,9,Empresas públicas,Gastos de representación,127660667.0,127158843.0
2022,9,Empresas públicas,Otros gastos del personal,2343432876.0,2328112586.0
2022,9,Empresas públicas,Personal contratado,5359199041.0,5105104524.0
2022,9,Empresas públicas,Remuneraciones temporales,12099339946.0,10726583128.0
2022,9,Empresas públicas,Sueldo básico,46315428435.0,40564432960.0
2022,9,Entes autónomos y autárquicos,Bonificaciones y asignaciones,6977732513.0,6322010437.0
2022,9,Entes autónomos y autárquicos,Dietas,334423100.0,329116188.0
2022,9,Entes autónomos y autárquicos,Gastos de representación,683905437.0,618822190.0
2022,9,Entes autónomos y autárquicos,Otros gastos del personal,1677793767.0,1572858447.0
2022,9,Entes autónomos y autárquicos,Personal contratado,11141422007.0,10918443267.0
2022,9,Entes autónomos y autárquicos,Remuneraciones temporales,4003298661.0,3736185690.0
2022,9,Entes autónomos y autárquicos,Sueldo básico,39716324152.0,34531727506.0
2022,9,Fuerzas públicas,Bonificaciones y asignaciones,70579646943.0,70579646943.0
2022,9,Fuerzas públicas,Gastos de representación,669990428.0,669990428.0
2022,9,Fuerzas públicas,Otros gastos del personal,10565561773.0,10565561773.0
2022,9,Fuerzas públicas,Personal contratado,1127820432.0,1091798828.0
2022,9,Fuerzas públicas,Remuneraciones temporales,35655679.0,35655679.0
2022,9,Fuerzas públicas,Servicio exterior,964126880.0,964126880.0
2022,9,Fuerzas públicas,Sueldo básico,230586009324.0,230579370288.0
2022,9,Gobiernos departamentales,Bonificaciones y asignaciones,780242642.0,731623331.0
2022,9,Gobiernos departamentales,Dietas,2038082500.0,1970045748.0
2022,9,Gobiernos departamentales,Gastos de representación,252489900.0,240225772.0
2022,9,Gobiernos departamentales,Otros gastos del personal,232657680.0,230845795.0
2022,9,Gobiernos departamentales,Personal contratado,2713517119.0,2689239852.0
2022,9,Gobiernos departamentales,Remuneraciones temporales,36893730.0,32577605.0
2022,9,Gobiernos departamentales,Sueldo básico,3912019614.0,3573115136.0
2022,9,Municipalidades,Aguinaldo,96677444.0,96613257.0
2022,9,Municipalidades,Bonificaciones y asignaciones,2355246671.0,2322893022.0
2022,9,Municipalidades,Dietas,7954875216.0,7675084287.0
2022,9,Municipalidades,Gastos de representación,5020738368.0,4826350840.0
2022,9,Municipalidades,Otros gastos del personal,155322794.0,155322794.0
2022,9,Municipalidades,Personal contratado,42160460389.0,40735340778.0
2022,9,Municipalidades,Remuneraciones temporales,103224488.0,102111371.0
2022,9,Municipalidades,Servicio exterior,10180000.0,10180000.0
2022,9,Municipalidades,Sueldo básico,17042497485.0,14931329285.0
2022,9,Otros organismos,Bonificaciones y asignaciones,8503863635.0,7790609439.0
2022,9,Otros organismos,Dietas,162957500.0,155660911.0
2022,9,Otros organismos,Gastos de representación,833316080.0,779494603.0
2022,9,Otros organismos,Otros gastos del personal,160448084.0,109598342.0
2022,9,Otros organismos,Personal contratado,3160860766.0,2848860367.0
2022,9,Otros organismos,Remuneraciones temporales,2449371556.0,2291172305.0
2022,9,Otros organismos,Sueldo básico,35816147031.0,32734357481.0
2022,9,Poder Judicial,Bonificaciones y asignaciones,9102148192.0,9102148192.0
2022,9,Poder Judicial,Dietas,148034200.0,148034200.0
2022,9,Poder Judicial,Gastos de representación,7317877620.0,7303675220.0
2022,9,Poder Judicial,Otros gastos del personal,1595988977.0,1595988977.0
2022,9,Poder Judicial,Personal contratado,11967983721.0,11722609650.0
2022,9,Poder Judicial,Remuneraciones temporales,234791834.0,234791834.0
2022,9,Poder Judicial,Sueldo básico,125238700163.0,124602185738.0
2022,9,Poder Legislativo,Bonificaciones y asignaciones,3340376182.0,3340376182.0
2022,9,Poder Legislativo,Dietas,4233778120.0,4233778120.0
2022,9,Poder Legislativo,Gastos de representación,1555942532.0,1555942532.0
2022,9,Poder Legislativo,Personal contratado,3859263066.0,3858423066.0
2022,9,Poder Legislativo,Sueldo básico,19732113107.0,19728669107.0
2022,9,SA del Estado,Aguinaldo,1875956.0,1875956.0
2022,9,SA del Estado,Bonificaciones y asignaciones,5858187945.0,5858187945.0
2022,9,SA del Estado,Dietas,339260789.0,339260789.0
2022,9,SA del Estado,Gastos de representación,29000000.0,29000000.0
2022,9,SA del Estado,Otros gastos del personal,576702753.0,576702753.0
2022,9,SA del Estado,Personal contratado,1600813154.0,1599274325.0
2022,9,SA del Estado,Remuneraciones temporales,1254823405.0,1254823405.0
2022,9,SA del Estado,Sueldo básico,23851973675.0,22407676690.0
2022,9,Salud,Bonificaciones y asignaciones,28644683484.0,27872970655.0
2022,9,Salud,Dietas,103928635.0,101888635.0
2022,9,Salud,Gastos de representación,396457300.0,391767113.0
2022,9,Salud,Otros gastos del personal,8998532665.0,8998086199.0
2022,9,Salud,Personal contratado,181049312344.0,174847859542.0
2022,9,Salud,Remuneraciones temporales,6351045324.0,6318602569.0
2022,9,Salud,Sueldo básico,209937894038.0,205068579325.0
2022,9,Servicio civil del Ejecutivo,Bonificaciones y asignaciones,17653531513.0,17653531513.0
2022,9,Servicio civil del Ejecutivo,Gastos de representación,1617904020.0,1604280084.0
2022,9,Servicio civil del Ejecutivo,Otros gastos del personal,2461374878.0,2461374878.0
2022,9,Servicio civil del Ejecutivo,Personal contratado,41549927621.0,36982517790.0
2022,9,Servicio civil del Ejecutivo,Remuneraciones temporales,6137703837.0,6137703837.0
2022,9,Servicio civil del Ejecutivo,Servicio exterior,14365622158.0,14365622158.0
2022,9,Servicio civil del Ejecutivo,Sueldo básico,70823801922.0,70691496174.0
2022,10,Educación,Bonificaciones y asignaciones,48401294055.0,47737497590.0
2022,10,Educación,Dietas,553078305.0,540545914.0
2022,10,Educación,Gastos de representación,3522795361.0,3446652053.0
2022,10,Educación,Otros gastos del personal,3587065629.0,3581711495.0
2022,10,Educación,Personal contratado,7020150349.0,6919293940.0
2022,10,Educación,Remuneraciones temporales,557839657.0,528694615.0
2022,10,Educación,Sueldo básico,539227792225.0,530050090079.0
2022,10,Empresas públicas,Bonificaciones y asignaciones,26642974115.0,23919704470.0
2022,10,Empresas públicas,Dietas,27720000.0,27720000.0
2022,10,Empresas públicas,Gastos de representación,121736865.0,120206241.0
2022,10,Empresas públicas,Otros gastos del personal,2327958623.0,2308943289.0
2022,10,Empresas públicas,Personal contratado,5384194561.0,5135493426.0
2022,10,Empresas públicas,Remuneraciones temporales,11562810932.0,10247338200.0
2022,10,Empresas públicas,Sueldo básico,46142922075.0,40700651545.0
2022,10,Entes autónomos y autárquicos,Bonificaciones y asignaciones,6820141013.0,6174137083.0
2022,10,Entes autónomos y autárquicos,Dietas,329843600.0,324536688.0
2022,10,Entes autónomos y autárquicos,Gastos de representación,691593130.0,627395908.0
2022,10,Entes autónomos y autárquicos,Otros gastos del personal,1834686976.0,1709944275.0
2022,10,Entes autónomos y autárquicos,Personal contratado,8622744149.0,8410925880.0
2022,10,Entes autónomos y autárquicos,Remuneraciones temporales,4016554089.0,3750738671.0
2022,10,Entes autónomos y autárquicos,Sueldo básico,39712726906.0,34568516115.0
2022,10,Fuerzas públicas,Bonificaciones y asignaciones,71265438087.0,71265438087.0
2022,10,Fuerzas públicas,Gastos de representación,666377528.0,666377528.0
2022,10,Fuerzas públicas,Otros gastos del personal,10631106490.0,10631106490.0
2022,10,Fuerzas públicas,Personal contratado,1128388602.0,1088066998.0
2022,10,Fuerzas públicas,Remuneraciones temporales,35224744.0,35224744.0
2022,10,Fuerzas públicas,Servicio exterior,964126880.0,964126880.0
2022,10,Fuerzas públicas,Sueldo básico,230249470252.0,230244204810.0
2022,10,Gobiernos departamentales,Bonificaciones y asignaciones,744826808.0,696332497.0
2022,10,Gobiernos departamentales,Dietas,1846031284.0,1774917640.0
2022,10,Gobiernos departamentales,Gastos de representación,228775800.0,217367032.0
2022,10,Gobiernos departamentales,Otros gastos del personal,200257680.0,198445795.0
2022,10,Gobiernos departamentales,Personal contratado,2442489933.0,2418859619.0
2022,10,Gobiernos departamentales,Remuneraciones temporales,34720725.0,30404600.0
2022,10,Gobiernos departamentales,Sueldo básico,3492777461.0,3170848303.0
2022,10,Municipalidades,Aguinaldo,209440384.0,207876197.0
2022,10,Municipalidades,Bonificaciones y asignaciones,2035921102.0,2003756406.0
2022,10,Municipalidades,Dietas,7773997094.0,7502333059.0
2022,10,Municipalidades,Gastos de representación,4951257664.0,4771997589.0
2022,10,Municipalidades,Otros gastos del personal,139070226.0,138872226.0
2022,10,Municipalidades,Personal contratado,40709504357.0,39311856385.0
2022,10,Municipalidades,Remuneraciones temporales,111818303.0,111684035.0
2022,10,Municipalidades,Servicio exterior,10180000.0,10180000.0
2022,10,Municipalidades,Sueldo básico,16903960913.0,14821569789.0
2022,10,Otros organismos,Bonificaciones y asignaciones,9304351637.0,8604764615.0
2022,10,Otros organismos,Dietas,162957500.0,154347154.0
2022,10,Otros organismos,Gastos de representación,842043394.0,784597596.0
2022,10,Otros organismos,Otros gastos del personal,162831628.0,113566040.0
2022,10,Otros organismos,Personal contratado,3072970775.0,2771339816.0
2022,10,Otros organismos,Remuneraciones temporales,2337227273.0,2194263367.0
2022,10,Otros organismos,Sueldo básico,35634739830.0,32522443997.0
2022,10,Poder Judicial,Bonificaciones y asignaciones,9229312774.0,9229312774.0
2022,10,Poder Judicial,Dietas,148034200.0,148034200.0
2022,10,Poder Judicial,Gastos de representación,7324823520.0,7302213405.0
2022,10,Poder Judicial,Otros gastos del personal,1670608745.0,1670608745.0
2022,10,Poder Judicial,Personal contratado,11613835760.0,11326068184.0
2022,10,Poder Judicial,Remuneraciones temporales,234321277.0,234321277.0
2022,10,Poder Judicial,Sueldo básico,125658321550.0,125056083318.0
2022,10,Poder Legislativo,Bonificaciones y asignaciones,3524066082.0,3524066082.0
2022,10,Poder Legislativo,Dietas,4233778120.0,4233778120.0
2022,10,Poder Legislativo,Gastos de representación,1555942532.0,1555942532.0
2022,10,Poder Legislativo,Personal contratado,3935250082.0,3935250082.0
2022,10,Poder Legislativo,Sueldo básico,20835763107.0,20832319107.0
2022,10,SA del Estado,Aguinaldo,18823172.0,18823172.0
2022,10,SA del Estado,Bonificaciones y asignaciones,5834213175.0,5834213175.0
2022,10,SA del Estado,Dietas,330864371.0,330864371.0
2022,10,SA del Estado,Gastos de representación,29000000.0,29000000.0
2022,10,SA del Estado,Otros gastos del personal,598635063.0,598635063.0
2022,10,SA del Estado,Personal contratado,1658554540.0,1655047881.0
2022,10,SA del Estado,Remuneraciones temporales,1209464432.0,1209464432.0
2022,10,SA del Estado,Sueldo básico,22964549237.0,21522846400.0
2022,10,Salud,Bonificaciones y asignaciones,33286091636.0,32512539563.0
2022,10,Salud,Dietas,103928635.0,101888635.0
2022,10,Salud,Gastos de representación,395648400.0,389912700.0
2022,10,Salud,Otros gastos del personal,8182689964.0,8181386269.0
2022,10,Salud,Personal contratado,181123837062.0,174539856600.0
2022,10,Salud,Remuneraciones temporales,6325633431.0,6293026835.0
2022,10,Salud,Sueldo básico,209246940888.0,204406737078.0
2022,10,Servicio civil del Ejecutivo,Bonificaciones y asignaciones,20436390430.0,20436390430.0
2022,10,Servicio civil del Ejecutivo,Gastos de representación,1623938990.0,1618680967.0
2022,10,Servicio civil del Ejecutivo,Otros gastos del personal,2519310395.0,2519310395.0
2022,10,Servicio civil del Ejecutivo,Personal contratado,42376266378.0,36738762275.0
2022,10,Servicio civil del Ejecutivo,Remuneraciones temporales,6129066294.0,6129066294.0
2022,10,Servicio civil del Ejecutivo,Servicio exterior,14322528790.0,14322528790.0
2022,10,Servicio civil del Ejecutivo,Sueldo básico,70694155302.0,70592111395.0
2022,11,Educación,Bonificaciones y asignaciones,55777499872.0,55102144311.0
2022,11,Educación,Dietas,534266755.0,522885149.0
2022,11,Educación,Gastos de representación,3546320861.0,3468712225.0
2022,11,Educación,Otros gastos del personal,3591001812.0,3583623133.0
2022,11,Educación,Personal contratado,7839466246.0,7727366768.0
2022,11,Educación,Remuneraciones temporales,600777547.0,572092308.0
2022,11,Educación,Sueldo básico,540386486810.0,531065542337.0
2022,11,Empresas públicas,Bonificaciones y asignaciones,21317240027.0,19265765722.0
2022,11,Empresas públicas,Dietas,27720000.0,27720000.0
2022,11,Empresas públicas,Gastos de representación,119723842.0,119222018.0
2022,11,Empresas públicas,Otros gastos del personal,2342815817.0,2334310198.0
2022,11,Empresas públicas,Personal contratado,5403520786.0,5157397324.0
2022,11,Empresas públicas,Remuneraciones temporales,13375360082.0,11928488179.0
2022,11,Empresas públicas,Sueldo básico,45712964626.0,40211347658.0
2022,11,Entes autónomos y autárquicos,Bonificaciones y asignaciones,6941577263.0,6295575282.0
2022,11,Entes autónomos y autárquicos,Dietas,329969700.0,324969700.0
2022,11,Entes autónomos y autárquicos,Gastos de representación,683215030.0,619947531.0
2022,11,Entes autónomos y autárquicos,Otros gastos del personal,1746123673.0,1637005803.0
2022,11,Entes autónomos y autárquicos,Personal contratado,16621621752.0,16376706942.0
2022,11,Entes autónomos y autárquicos,Remuneraciones temporales,4106109610.0,3830998406.0
2022,11,Entes autónomos y autárquicos,Sueldo básico,39643880847.0,34481011856.0
2022,11,Fuerzas públicas,Bonificaciones y asignaciones,70793229297.0,70793229297.0
2022,11,Fuerzas públicas,Gastos de representación,654132628.0,654132628.0
2022,11,Fuerzas públicas,Otros gastos del personal,10950726426.0,10950726426.0
2022,11,Fuerzas públicas,Personal contratado,1139120401.0,1112107483.0
2022,11,Fuerzas públicas,Remuneraciones temporales,42299376.0,42299376.0
2022,11,Fuerzas públicas,Servicio exterior,964126880.0,964126880.0
2022,11,Fuerzas públicas,Sueldo básico,230107442401.0,230098811656.0
2022,11,Gobiernos departamentales,Bonificaciones y asignaciones,731552191.0,683057880.0
2022,11,Gobiernos departamentales,Dietas,1846031284.0,1779490288.0
2022,11,Gobiernos departamentales,Gastos de representación,228775800.0,218792632.0
2022,11,Gobiernos departamentales,Otros gastos del personal,199736043.0,197924158.0
2022,11,Gobiernos departamentales,Personal contratado,2399746411.0,2376001954.0
2022,11,Gobiernos departamentales,Remuneraciones temporales,28528883.0,24212758.0
2022,11,Gobiernos departamentales,Sueldo básico,3500952501.0,3187025974.0
2022,11,Municipalidades,Aguinaldo,92227092.0,92162905.0
2022,11,Municipalidades,Bonificaciones y asignaciones,2042152006.0,1962142896.0
2022,11,Municipalidades,Dietas,7716196603.0,7401184036.0
2022,11,Municipalidades,Gastos de representación,4902463034.0,4685883106.0
2022,11,Municipalidades,Otros gastos del personal,138662212.0,136044212.0
2022,11,Municipalidades,Personal contratado,39243176584.0,37890477615.0
2022,11,Municipalidades,Remuneraciones temporales,282190419.0,277264780.0
2022,11,Municipalidades,Servicio exterior,10180000.0,10180000.0
2022,11,Municipalidades,Sueldo básico,16459334035.0,14402327905.0
2022,11,Otros organismos,Bonificaciones y asignaciones,8610746820.0,7906369819.0
2022,11,Otros organismos,Dietas,162957500.0,154353463.0
2022,11,Otros organismos,Gastos de representación,835684880.0,779989617.0
2022,11,Otros organismos,Otros gastos del personal,211874788.0,159415438.0
2022,11,Otros organismos,Personal contratado,2947978995.0,2643198610.0
2022,11,Otros organismos,Remuneraciones temporales,2518220834.0,2364476814.0
2022,11,Otros organismos,Sueldo básico,35744143686.0,32654045867.0
2022,11,Poder Judicial,Bonificaciones y asignaciones,9997849241.0,9997849241.0
2022,11,Poder Judicial,Dietas,148034200.0,148034200.0
2022,11,Poder Judicial,Gastos de representación,7453915420.0,7369047189.0
2022,11,Poder Judicial,Otros gastos del personal,1708213143.0,1708213143.0
2022,11,Poder Judicial,Personal contratado,11110120399.0,10939555228.0
2022,11,Poder Judicial,Remuneraciones temporales,285153477.0,285153477.0
2022,11,Poder Judicial,Sueldo básico,126727709038.0,125717293440.0
2022,11,Poder Legislativo,Bonificaciones y asignaciones,3557584043.0,3557584043.0
2022,11,Poder Legislativo,Dietas,4233778120.0,4218974700.0
2022,11,Poder Legislativo,Gastos de representación,1558471532.0,1556887532.0
2022,11,Poder Legislativo,Personal contratado,4035790758.0,4035790758.0
2022,11,Poder Legislativo,Sueldo básico,20855963107.0,20852519107.0
2022,11,SA del Estado,Aguinaldo,8586128.0,8586128.0
2022,11,SA del Estado,Bonificaciones y asignaciones,5991936619.0,5991936619.0
2022,11,SA del Estado,Dietas,330864371.0,330864371.0
2022,11,SA del Estado,Gastos de representación,29000000.0,29000000.0
2022,11,SA del Estado,Otros gastos del personal,581760251.0,581760251.0
2022,11,SA del Estado,Personal contratado,1687560294.0,1683589682.0
2022,11,SA del Estado,Remuneraciones temporales,1258681152.0,1258681152.0
2022,11,SA del Estado,Sueldo básico,23436840293.0,22006965545.0
2022,11,Salud,Bonificaciones y asignaciones,29152168226.0,28373589586.0
2022,11,Salud,Dietas,103928635.0,101888635.0
2022,11,Salud,Gastos de representación,396248400.0,390702987.0
2022,11,Salud,Otros gastos del personal,8195645650.0,8195237584.0
2022,11,Salud,Personal contratado,180458561025.0,174497573345.0
2022,11,Salud,Remuneraciones temporales,6448846025.0,6415551521.0
2022,11,Salud,Sueldo básico,220089638223.0,215215288957.0
2022,11,Servicio civil del Ejecutivo,Bonificaciones y asignaciones,19256121362.0,19256121362.0
2022,11,Servicio civil del Ejecutivo,Gastos de representación,1618970490.0,1615941244.0
2022,11,Servicio civil del Ejecutivo,Otros gastos del personal,2423557291.0,2423557291.0
2022,11,Servicio civil del Ejecutivo,Personal contratado,41832395587.0,36975414695.0
2022,11,Servicio civil del Ejecutivo,Remuneraciones temporales,6824266177.0,6824266177.0
2022,11,Servicio civil del Ejecutivo,Servicio exterior,14467587518.0,14467587518.0
2022,11,Servicio civil del Ejecutivo,Sueldo básico,70310776654.0,70215535184.0
2022,12,Educación,Aguinaldo,519817141466.0,506889877754.0
2022,12,Educación,Bonificaciones y asignaciones,93646879053.0,87209051004.0
2022,12,Educación,Dietas,564793564.0,524777253.0
2022,12,Educación,Gastos de representación,3628848878.0,3551923558.0
2022,12,Educación,Otros gastos del personal,6169306408.0,6148010588.0
2022,12,Educación,Personal contratado,12745443419.0,11889486813.0
2022,12,Educación,Remuneraciones temporales,869119570.0,800127183.0
2022,12,Educación,Sueldo básico,536133473621.0,527025531489.0
2022,12,Empresas públicas,Aguinaldo,33664273072.0,33664273072.0
2022,12,Empresas públicas,Bonificaciones y asignaciones,46665560412.0,43868643169.0
2022,12,Empresas públicas,Dietas,27720000.0,27720000.0
2022,12,Empresas públicas,Gastos de representación,127015267.0,126513443.0
2022,12,Empresas públicas,Otros gastos del personal,5039258374.0,5020011184.0
2022,12,Empresas públicas,Personal contratado,8445262450.0,8208368582.0
2022,12,Empresas públicas,Remuneraciones temporales,21896803133.0,20501979585.0
2022,12,Empresas públicas,Sueldo básico,46114073088.0,40665757082.0
2022,12,Entes autónomos y autárquicos,Aguinaldo,31643420076.0,30234691816.0
2022,12,Entes autónomos y autárquicos,Bonificaciones y asignaciones,14004272015.0,13229987566.0
2022,12,Entes autónomos y autárquicos,Dietas,301012200.0,301012200.0
2022,12,Entes autónomos y autárquicos,Gastos de representación,730020953.0,668397189.0
2022,12,Entes autónomos y autárquicos,Otros gastos del personal,3203387031.0,3084002843.0
2022,12,Entes autónomos y autárquicos,Personal contratado,16478407287.0,16216789190.0
2022,12,Entes autónomos y autárquicos,Remuneraciones temporales,9565454618.0,9109229490.0
2022,12,Entes autónomos y autárquicos,Sueldo básico,39961807948.0,34820252899.0
2022,12,Fuerzas públicas,Aguinaldo,228971726743.0,228971726743.0
2022,12,Fuerzas públicas,Bonificaciones y asignaciones,85328342962.0,85328342962.0
2022,12,Fuerzas públicas,Gastos de representación,659268428.0,659268428.0
2022,12,Fuerzas públicas,Otros gastos del personal,12382547796.0,12382547796.0
2022,12,Fuerzas públicas,Personal contratado,2122691869.0,2108923439.0
2022,12,Fuerzas públicas,Remuneraciones temporales,80641297.0,80641297.0
2022,12,Fuerzas públicas,Servicio exterior,1922660092.0,1922660092.0
2022,12,Fuerzas públicas,Sueldo básico,232035013251.0,232021730597.0
2022,12,Gobiernos departamentales,Aguinaldo,2460185080.0,2454725527.0
2022,12,Gobiernos departamentales,Bonificaciones y asignaciones,774803963.0,726309652.0
2022,12,Gobiernos departamentales,Dietas,1945594592.0,1879053596.0
2022,12,Gobiernos departamentales,Gastos de representación,220611192.0,210628024.0
2022,12,Gobiernos departamentales,Otros gastos del personal,300996350.0,299184465.0
2022,12,Gobiernos departamentales,Personal contratado,3684188513.0,3670211896.0
2022,12,Gobiernos departamentales,Remuneraciones temporales,34589909.0,30273784.0
2022,12,Gobiernos departamentales,Sueldo básico,3598187670.0,3280865902.0
2022,12,Municipalidades,Aguinaldo,14482285504.0,14316075959.0
2022,12,Municipalidades,Bonificaciones y asignaciones,3294514109.0,3180545790.0
2022,12,Municipalidades,Dietas,8359314243.0,7997377034.0
2022,12,Municipalidades,Gastos de representación,5141118595.0,4926142378.0
2022,12,Municipalidades,Otros gastos del personal,174691496.0,172073496.0
2022,12,Municipalidades,Personal contratado,49069885497.0,47305872758.0
2022,12,Municipalidades,Remuneraciones temporales,360639780.0,319202471.0
2022,12,Municipalidades,Servicio exterior,10180000.0,10180000.0
2022,12,Municipalidades,Sueldo básico,17720470505.0,15470413820.0
2022,12,Otros organismos,Aguinaldo,42061506616.0,42053857880.0
2022,12,Otros organismos,Bonificaciones y asignaciones,13962592223.0,13226040875.0
2022,12,Otros organismos,Dietas,162957500.0,155449808.0
2022,12,Otros organismos,Gastos de representación,845481913.0,789589527.0
2022,12,Otros organismos,Otros gastos del personal,255607874.0,197909098.0
2022,12,Otros organismos,Personal contratado,6197467733.0,5852829576.0
2022,12,Otros organismos,Remuneraciones temporales,3712595196.0,3474850488.0
2022,12,Otros organismos,Sueldo básico,35593624811.0,32481693421.0
2022,12,Poder Judicial,Aguinaldo,130901360252.0,130901360252.0
2022,12,Poder Judicial,Bonificaciones y asignaciones,19560280237.0,19560280237.0
2022,12,Poder Judicial,Dietas,148034200.0,148034200.0
2022,12,Poder Judicial,Gastos de representación,7420473620.0,7397641220.0
2022,12,Poder Judicial,Otros gastos del personal,1983261832.0,1983261832.0
2022,12,Poder Judicial,Personal contratado,21386682311.0,21311150724.0
2022,12,Poder Judicial,Remuneraciones temporales,780494555.0,780494555.0
2022,12,Poder Judicial,Sueldo básico,126447860461.0,125952656229.0
2022,12,Poder Legislativo,Aguinaldo,25582975317.0,25582975317.0
2022,12,Poder Legislativo,Bonificaciones y asignaciones,6985082431.0,6985082431.0
2022,12,Poder Legislativo,Dietas,4204171280.0,4189367860.0
2022,12,Poder Legislativo,Gastos de representación,1553128132.0,1551544132.0
2022,12,Poder Legislativo,Otros gastos del personal,19952355.0,19952355.0
2022,12,Poder Legislativo,Personal contratado,7796292036.0,7796292036.0
2022,12,Poder Legislativo,Sueldo básico,20900263107.0,20876975107.0
2022,12,SA del Estado,Aguinaldo,15283049515.0,15283049515.0
2022,12,SA del Estado,Bonificaciones y asignaciones,9967281839.0,9967281839.0
2022,12,SA del Estado,Dietas,330864371.0,330864371.0
2022,12,SA del Estado,Gastos de representación,29000000.0,29000000.0
2022,12,SA del Estado,Otros gastos del personal,608517517.0,608517517.0
2022,12,SA del Estado,Personal contratado,1716230601.0,1713992771.0
2022,12,SA del Estado,Remuneraciones temporales,1271232287.0,1271232287.0
2022,12,SA del Estado,Sueldo básico,23349881452.0,21944704920.0
2022,12,Salud,Aguinaldo,134934406829.0,134934406829.0
2022,12,Salud,Bonificaciones y asignaciones,43867513289.0,43086294083.0
2022,12,Salud,Dietas,103928635.0,101888635.0
2022,12,Salud,Gastos de representación,396248400.0,391742400.0
2022,12,Salud,Otros gastos del personal,8282006759.0,8281598693.0
2022,12,Salud,Personal contratado,323181983566.0,317531054131.0
2022,12,Salud,Remuneraciones temporales,10786910657.0,10711890464.0
2022,12,Salud,Sueldo básico,221887085661.0,217034297073.0
2022,12,Servicio civil del Ejecutivo,Aguinaldo,70439893928.0,70439893928.0
2022,12,Servicio civil del Ejecutivo,Bonificaciones y asignaciones,41867734338.0,41867734338.0
2022,12,Servicio civil del Ejecutivo,Gastos de representación,1610461490.0,1610461490.0
2022,12,Servicio civil del Ejecutivo,Otros gastos del personal,4922869632.0,4922869632.0
2022,12,Servicio civil del Ejecutivo,Personal contratado,70904549180.0,65485329425.0
2022,12,Servicio civil del Ejecutivo,Remuneraciones temporales,10367652774.0,10367652774.0
2022,12,Servicio civil del Ejecutivo,Servicio exterior,28319472636.0,28319472636.0
2022,12,Servicio civil del Ejecutivo,Sueldo básico,70612679750.0,70441108897.0
2023,1,Educación,Aguinaldo,14096634.0,14096634.0
2023,1,Educación,Bonificaciones y asignaciones,49018445540.0,48402446507.0
2023,1,Educación,Dietas,478452250.0,459950645.0
2023,1,Educación,Gastos de representación,3547200068.0,3430765627.0
2023,1,Educación,Otros gastos del personal,3757377776.0,3727735633.0
2023,1,Educación,Personal contratado,5135563901.0,4984315512.0
2023,1,Educación,Remuneraciones temporales,107137685.0,105732910.0
2023,1,Educación,Sueldo básico,520433212349.0,511136301082.0
2023,1,Empresas públicas,Bonificaciones y asignaciones,23302423890.0,21095755395.0
2023,1,Empresas públicas,Dietas,27720000.0,27720000.0
2023,1,Empresas públicas,Gastos de representación,117053111.0,116551287.0
2023,1,Empresas públicas,Otros gastos del personal,2258251525.0,2248942901.0
2023,1,Empresas públicas,Personal contratado,5323874679.0,5014699541.0
2023,1,Empresas públicas,Remuneraciones temporales,13002996396.0,11448560566.0
2023,1,Empresas públicas,Sueldo básico,48734996253.0,40943929774.0
2023,1,Entes autónomos y autárquicos,Aguinaldo,7297064.0,7297064.0
2023,1,Entes autónomos y autárquicos,Bonificaciones y asignaciones,4957000506.0,4452781108.0
2023,1,Entes autónomos y autárquicos,Dietas,317524300.0,312524300.0
2023,1,Entes autónomos y autárquicos,Gastos de representación,640272700.0,582507405.0
2023,1,Entes autónomos y autárquicos,Otros gastos del personal,1770769404.0,1678685130.0
2023,1,Entes autónomos y autárquicos,Personal contratado,3415578789.0,3278046403.0
2023,1,Entes autónomos y autárquicos,Remuneraciones temporales,2776062545.0,2559982976.0
2023,1,Entes autónomos y autárquicos,Sueldo básico,39759399118.0,34604380643.0
2023,1,Fuerzas públicas,Bonificaciones y asignaciones,78090231868.0,78090231868.0
2023,1,Fuerzas públicas,Gastos de representación,696487128.0,696487128.0
2023,1,Fuerzas públicas,Otros gastos del personal,10908061227.0,10908061227.0
2023,1,Fuerzas públicas,Personal contratado,1020889005.0,1019041005.0
2023,1,Fuerzas públicas,Remuneraciones temporales,38127300.0,38127300.0
2023,1,Fuerzas públicas,Servicio exterior,978743220.0,978743220.0
2023,1,Fuerzas públicas,Sueldo básico,248503167623.0,248484804733.0
2023,1,Gobiernos departamentales,Bonificaciones y asignaciones,838558351.0,778278660.0
2023,1,Gobiernos departamentales,Dietas,2154918726.0,2077702504.0
2023,1,Gobiernos departamentales,Gastos de representación,253707500.0,240765788.0
2023,1,Gobiernos departamentales,Otros gastos del personal,181231906.0,179138653.0
2023,1,Gobiernos departamentales,Personal contratado,2512897767.0,2488376571.0
2023,1,Gobiernos departamentales,Remuneraciones temporales,26365368.0,22992588.0
2023,1,Gobiernos departamentales,Sueldo básico,3889126331.0,3464942109.0
2023,1,Municipalidades,Aguinaldo,204086432.0,202961432.0
2023,1,Municipalidades,Bonificaciones y asignaciones,1813687767.0,1749442599.0
2023,1,Municipalidades,Dietas,8147896703.0,7980603886.0
2023,1,Municipalidades,Gastos de representación,5152721490.0,5047468779.0
2023,1,Municipalidades,Otros gastos del personal,159936000.0,155936000.0
2023,1,Municipalidades,Personal contratado,36590091595.0,34979376362.0
2023,1,Municipalidades,Remuneraciones temporales,97375088.0,97375088.0
2023,1,Municipalidades,Sueldo básico,17811757244.0,15663351446.0
2023,1,Otros organismos,Bonificaciones y asignaciones,6082992563.0,5402347255.0
2023,1,Otros organismos,Dietas,170845400.0,163846161.0
2023,1,Otros organismos,Gastos de representación,870857012.0,810909875.0
2023,1,Otros organismos,Otros gastos del personal,166676091.0,152909586.0
2023,1,Otros organismos,Personal contratado,2534773131.0,2264326038.0
2023,1,Otros organismos,Remuneraciones temporales,284770412.0,263446485.0
2023,1,Otros organismos,Sueldo básico,37505094379.0,34179951911.0
2023,1,Poder Judicial,Bonificaciones y asignaciones,9924207403.0,9924207403.0
2023,1,Poder Judicial,Dietas,118427360.0,118427360.0
2023,1,Poder Judicial,Gastos de representación,7709405740.0,7678530841.0
2023,1,Poder Judicial,Otros gastos del personal,1583242608.0,1583242608.0
2023,1,Poder Judicial,Personal contratado,11384396568.0,11193980740.0
2023,1,Poder Judicial,Remuneraciones temporales,53695775.0,53695775.0
2023,1,Poder Judicial,Sueldo básico,128821814637.0,128352434320.0
2023,1,Poder Legislativo,Bonificaciones y asignaciones,3845113654.0,3845113654.0
2023,1,Poder Legislativo,Dietas,4233778120.0,4233778120.0
2023,1,Poder Legislativo,Gastos de representación,1602748432.0,1602748432.0
2023,1,Poder Legislativo,Personal contratado,4051270954.0,4051270954.0
2023,1,Poder Legislativo,Sueldo básico,21851743898.0,21844435898.0
2023,1,SA del Estado,Aguinaldo,33041650.0,33041650.0
2023,1,SA del Estado,Bonificaciones y asignaciones,6445083612.0,6445083612.0
2023,1,SA del Estado,Dietas,301437737.0,301437737.0
2023,1,SA del Estado,Gastos de representación,30933333.0,30933333.0
2023,1,SA del Estado,Otros gastos del personal,562983386.0,562983386.0
2023,1,SA del Estado,Personal contratado,32967117.0,28434223.0
2023,1,SA del Estado,Remuneraciones temporales,1167045322.0,1167045322.0
2023,1,SA del Estado,Sueldo básico,23122478567.0,21733862143.0
2023,1,Salud,Bonificaciones y asignaciones,94905701655.0,90074632624.0
2023,1,Salud,Dietas,105649420.0,103609420.0
2023,1,Salud,Gastos de representación,390186200.0,384640787.0
2023,1,Salud,Otros gastos del personal,11333427114.0,11333019048.0
2023,1,Salud,Personal contratado,187368258155.0,181520528785.0
2023,1,Salud,Remuneraciones temporales,4290093342.0,4290093342.0
2023,1,Salud,Sueldo básico,220445805182.0,215649441825.0
2023,1,Servicio civil del Ejecutivo,Bonificaciones y asignaciones,18142012403.0,18142012403.0
2023,1,Servicio civil del Ejecutivo,Gastos de representación,1628254728.0,1624429101.0
2023,1,Servicio civil del Ejecutivo,Otros gastos del personal,2606948947.0,2606948947.0
2023,1,Servicio civil del Ejecutivo,Personal contratado,30748682339.0,30430819951.0
2023,1,Servicio civil del Ejecutivo,Remuneraciones temporales,2821200066.0,2821200066.0
2023,1,Servicio civil del Ejecutivo,Servicio exterior,14579829471.0,14579829471.0
2023,1,Servicio civil del Ejecutivo,Sueldo básico,71335790547.0,71065056146.0
2023,2,Educación,Aguinaldo,14096634.0,14096634.0
2023,2,Educación,Bonificaciones y asignaciones,49952037609.0,49215212291.0
2023,2,Educación,Dietas,543837485.0,521030765.0
2023,2,Educación,Gastos de representación,3549270768.0,3431913415.0
2023,2,Educación,Otros gastos del personal,3817168282.0,3811710011.0
2023,2,Educación,Personal contratado,5980266800.0,5886690594.0
2023,2,Educación,Remuneraciones temporales,280438183.0,279257474.0
2023,2,Educación,Sueldo básico,531485899198.0,521911290769.0
2023,2,Empresas públicas,Bonificaciones y asignaciones,26350624178.0,24103811502.0
2023,2,Empresas públicas,Dietas,27720000.0,27720000.0
2023,2,Empresas públicas,Gastos de representación,124095578.0,123593754.0
2023,2,Empresas públicas,Otros gastos del personal,2266446204.0,2257186897.0
2023,2,Empresas públicas,Personal contratado,5284678325.0,5016342038.0
2023,2,Empresas públicas,Remuneraciones temporales,13243682270.0,11765199069.0
2023,2,Empresas públicas,Sueldo básico,48795337724.0,42952779618.0
2023,2,Entes autónomos y autárquicos,Bonificaciones y asignaciones,16136384436.0,15439541445.0
2023,2,Entes autónomos y autárquicos,Dietas,337228000.0,332228000.0
2023,2,Entes autónomos y autárquicos,Gastos de representación,735417400.0,667522875.0
2023,2,Entes autónomos y autárquicos,Otros gastos del personal,1977151799.0,1841804254.0
2023,2,Entes autónomos y autárquicos,Personal contratado,8390399311.0,8155807632.0
2023,2,Entes autónomos y autárquicos,Remuneraciones temporales,3284642892.0,3004831632.0
2023,2,Entes autónomos y autárquicos,Sueldo básico,39988938791.0,34816673779.0
2023,2,Fuerzas públicas,Bonificaciones y asignaciones,80826261890.0,80826261890.0
2023,2,Fuerzas públicas,Gastos de representación,699607828.0,699607828.0
2023,2,Fuerzas públicas,Otros gastos del personal,119604886795.0,119604886795.0
2023,2,Fuerzas públicas,Personal contratado,1030820072.0,1030820072.0
2023,2,Fuerzas públicas,Remuneraciones temporales,41092012.0,41092012.0
2023,2,Fuerzas públicas,Servicio exterior,978743220.0,978743220.0
2023,2,Fuerzas públicas,Sueldo básico,248855404208.0,248834155210.0
2023,2,Gobiernos departamentales,Bonificaciones y asignaciones,862146631.0,801071502.0
2023,2,Gobiernos departamentales,Dietas,2129438620.0,2052222398.0
2023,2,Gobiernos departamentales,Gastos de representación,251638700.0,241153436.0
2023,2,Gobiernos departamentales,Otros gastos del personal,179924526.0,177924454.0
2023,2,Gobiernos departamentales,Personal contratado,2908980103.0,2860069011.0
2023,2,Gobiernos departamentales,Remuneraciones temporales,28583956.0,25389604.0
2023,2,Gobiernos departamentales,Sueldo básico,4007813773.0,3614724190.0
2023,2,Municipalidades,Aguinaldo,171347672.0,169537066.0
2023,2,Municipalidades,Bonificaciones y asignaciones,2196709674.0,2148426469.0
2023,2,Municipalidades,Dietas,8348632773.0,8061867408.0
2023,2,Municipalidades,Gastos de representación,5241420081.0,5009534207.0
2023,2,Municipalidades,Otros gastos del personal,158679866.0,154679866.0
2023,2,Municipalidades,Personal contratado,40425258093.0,38214656277.0
2023,2,Municipalidades,Remuneraciones temporales,293101905.0,291743115.0
2023,2,Municipalidades,Sueldo básico,17842494858.0,15696503568.0
2023,2,Otros organismos,Bonificaciones y asignaciones,17140485027.0,16361756207.0
2023,2,Otros organismos,Dietas,170845400.0,163852582.0
2023,2,Otros organismos,Gastos de representación,881530532.0,820843554.0
2023,2,Otros organismos,Otros gastos del personal,161914184.0,99595650.0
2023,2,Otros organismos,Personal contratado,4095192081.0,3803568378.0
2023,2,Otros organismos,Remuneraciones temporales,2349123727.0,2167565535.0
2023,2,Otros organismos,Sueldo básico,37545196480.0,34298657610.0
2023,2,Poder Judicial,Bonificaciones y asignaciones,11959424435.0,11959424435.0
2023,2,Poder Judicial,Dietas,148034200.0,148034200.0
2023,2,Poder Judicial,Gastos de representación,7816892040.0,7779529123.0
2023,2,Poder Judicial,Otros gastos del personal,1566952277.0,1566952277.0
2023,2,Poder Judicial,Personal contratado,11638656163.0,11359570721.0
2023,2,Poder Judicial,Remuneraciones temporales,175485476.0,175485476.0
2023,2,Poder Judicial,Sueldo básico,129856441279.0,129092024942.0
2023,2,Poder Legislativo,Bonificaciones y asignaciones,4882977432.0,4882977432.0
2023,2,Poder Legislativo,Dietas,4233778120.0,4233778120.0
2023,2,Poder Legislativo,Gastos de representación,1615393432.0,1615393432.0
2023,2,Poder Legislativo,Personal contratado,4397272796.0,4397272796.0
2023,2,Poder Legislativo,Sueldo básico,21902543898.0,21893219898.0
2023,2,SA del Estado,Aguinaldo,6716125.0,6716125.0
2023,2,SA del Estado,Bonificaciones y asignaciones,5803109666.0,5803109666.0
2023,2,SA del Estado,Dietas,123785623.0,123785623.0
2023,2,SA del Estado,Gastos de representación,30000000.0,30000000.0
2023,2,SA del Estado,Otros gastos del personal,746875167.0,746875167.0
2023,2,SA del Estado,Personal contratado,1355238414.0,1352697500.0
2023,2,SA del Estado,Remuneraciones temporales,1094422672.0,1094422672.0
2023,2,SA del Estado,Sueldo básico,23242024020.0,21889222145.0
2023,2,Salud,Bonificaciones y asignaciones,27590325333.0,26788457391.0
2023,2,Salud,Dietas,105649420.0,103609420.0
2023,2,Salud,Gastos de representación,391986200.0,387307237.0
2023,2,Salud,Otros gastos del personal,9940918108.0,9940618042.0
2023,2,Salud,Personal contratado,187257703638.0,180575582515.0
2023,2,Salud,Remuneraciones temporales,4746307699.0,4717203025.0
2023,2,Salud,Sueldo básico,220428673858.0,215344249349.0
2023,2,Servicio civil del Ejecutivo,Bonificaciones y asignaciones,34242281902.0,34242281902.0
2023,2,Servicio civil del Ejecutivo,Gastos de representación,1634779298.0,1631099541.0
2023,2,Servicio civil del Ejecutivo,Otros gastos del personal,2479374772.0,2479374772.0
2023,2,Servicio civil del Ejecutivo,Personal contratado,42415002496.0,34981384688.0
2023,2,Servicio civil del Ejecutivo,Remuneraciones temporales,4923717922.0,4923717922.0
2023,2,Servicio civil del Ejecutivo,Servicio exterior,14379524853.0,14379524853.0
2023,2,Servicio civil del Ejecutivo,Sueldo básico,71244176127.0,71048408854.0
2023,3,Educación,Aguinaldo,14096634.0,14096634.0
2023,3,Educación,Bonificaciones y asignaciones,52485717489.0,51703883164.0
2023,3,Educación,Dietas,575840695.0,562245636.0
2023,3,Educación,Gastos de representación,3622212355.0,3496898312.0
2023,3,Educación,Otros gastos del personal,6027469215.0,6019632759.0
2023,3,Educación,Personal contratado,6259031765.0,6140531283.0
2023,3,Educación,Remuneraciones temporales,572213961.0,546831301.0
2023,3,Educación,Sueldo básico,564515935619.0,555067665836.0
2023,3,Empresas públicas,Bonificaciones y asignaciones,52370843886.0,48473236593.0
2023,3,Empresas públicas,Dietas,32956000.0,32956000.0
2023,3,Empresas públicas,Gastos de representación,128422163.0,128008539.0
2023,3,Empresas públicas,Otros gastos del personal,2269221919.0,2259746552.0
2023,3,Empresas públicas,Personal contratado,6302079077.0,6038739541.0
2023,3,Empresas públicas,Remuneraciones temporales,13489812422.0,11999331174.0
2023,3,Empresas públicas,Sueldo básico,48578503053.0,42687505879.0
2023,3,Entes autónomos y autárquicos,Bonificaciones y asignaciones,12559917127.0,11855518421.0
2023,3,Entes autónomos y autárquicos,Dietas,325969000.0,320969000.0
2023,3,Entes autónomos y autárquicos,Gastos de representación,710452106.0,642848242.0
2023,3,Entes autónomos y autárquicos,Otros gastos del personal,2016779759.0,1909327644.0
2023,3,Entes autónomos y autárquicos,Personal contratado,10936091285.0,10630883843.0
2023,3,Entes autónomos y autárquicos,Remuneraciones temporales,5183428098.0,4815104172.0
2023,3,Entes autónomos y autárquicos,Sueldo básico,41041707623.0,35377253401.0
2023,3,Fuerzas públicas,Bonificaciones y asignaciones,76303511487.0,76303511487.0
2023,3,Fuerzas públicas,Gastos de representación,701652428.0,701652428.0
2023,3,Fuerzas públicas,Otros gastos del personal,10730150850.0,10730150850.0
2023,3,Fuerzas públicas,Personal contratado,1143669212.0,1109947608.0
2023,3,Fuerzas públicas,Remuneraciones temporales,42864976.0,42864976.0
2023,3,Fuerzas públicas,Servicio exterior,978743220.0,978743220.0
2023,3,Fuerzas públicas,Sueldo básico,248918249782.0,248897644081.0
2023,3,Gobiernos departamentales,Bonificaciones y asignaciones,918983079.0,852718190.0
2023,3,Gobiernos departamentales,Dietas,2129438620.0,2052222398.0
2023,3,Gobiernos departamentales,Gastos de representación,250405100.0,240117212.0
2023,3,Gobiernos departamentales,Otros gastos del personal,175463912.0,172863840.0
2023,3,Gobiernos departamentales,Personal contratado,2990388999.0,2941935769.0
2023,3,Gobiernos departamentales,Remuneraciones temporales,28728092.0,25049239.0
2023,3,Gobiernos departamentales,Sueldo básico,4051985487.0,3646583862.0
2023,3,Municipalidades,Aguinaldo,159657912.0,158286700.0
2023,3,Municipalidades,Bonificaciones y asignaciones,2030073070.0,1972029788.0
2023,3,Municipalidades,Dietas,8521344796.0,8185469683.0
2023,3,Municipalidades,Gastos de representación,5412465709.0,5183336599.0
2023,3,Municipalidades,Otros gastos del personal,204423920.0,204353920.0
2023,3,Municipalidades,Personal contratado,41860424808.0,40019716443.0
2023,3,Municipalidades,Remuneraciones temporales,197763973.0,196563973.0
2023,3,Municipalidades,Sueldo básico,17990370847.0,15932974162.0
2023,3,Otros organismos,Bonificaciones y asignaciones,10659215761.0,9908085314.0
2023,3,Otros organismos,Dietas,164345400.0,157359041.0
2023,3,Otros organismos,Gastos de representación,883530783.0,821622776.0
2023,3,Otros organismos,Otros gastos del personal,165844184.0,100145039.0
2023,3,Otros organismos,Personal contratado,3691273754.0,3366341043.0
2023,3,Otros organismos,Remuneraciones temporales,2498568915.0,2354690414.0
2023,3,Otros organismos,Sueldo básico,37378369550.0,34133864929.0
2023,3,Poder Judicial,Bonificaciones y asignaciones,13185691185.0,13185691185.0
2023,3,Poder Judicial,Dietas,148034200.0,148034200.0
2023,3,Poder Judicial,Gastos de representación,7744462120.0,7711074318.0
2023,3,Poder Judicial,Otros gastos del personal,1632861179.0,1632861179.0
2023,3,Poder Judicial,Personal contratado,11524987502.0,11315198400.0
2023,3,Poder Judicial,Remuneraciones temporales,273415044.0,273415044.0
2023,3,Poder Judicial,Sueldo básico,129237515852.0,128789905894.0
2023,3,Poder Legislativo,Bonificaciones y asignaciones,5381831803.0,5381831803.0
2023,3,Poder Legislativo,Dietas,4233778120.0,4233778120.0
2023,3,Poder Legislativo,Gastos de representación,1608589332.0,1608589332.0
2023,3,Poder Legislativo,Otros gastos del personal,19983332.0,19983332.0
2023,3,Poder Legislativo,Personal contratado,4489862059.0,4489862059.0
2023,3,Poder Legislativo,Remuneraciones temporales,4333613.0,4333613.0
2023,3,Poder Legislativo,Sueldo básico,21907043898.0,21903179898.0
2023,3,SA del Estado,Aguinaldo,7458969.0,7458969.0
2023,3,SA del Estado,Bonificaciones y asignaciones,5694533466.0,5694533466.0
2023,3,SA del Estado,Dietas,123785623.0,123785623.0
2023,3,SA del Estado,Gastos de representación,29933334.0,29933334.0
2023,3,SA del Estado,Otros gastos del personal,741455456.0,741455456.0
2023,3,SA del Estado,Personal contratado,1595562693.0,1592242641.0
2023,3,SA del Estado,Remuneraciones temporales,1150818788.0,1150818788.0
2023,3,SA del Estado,Sueldo básico,22534214742.0,21204101969.0
2023,3,Salud,Bonificaciones y asignaciones,32622499591.0,31803091426.0
2023,3,Salud,Dietas,105649420.0,104629420.0
2023,3,Salud,Gastos de representación,391626200.0,386044460.0
2023,3,Salud,Otros gastos del personal,8019797127.0,8019173856.0
2023,3,Salud,Personal contratado,196639585855.0,190272217039.0
2023,3,Salud,Remuneraciones temporales,5356906678.0,5327352719.0
2023,3,Salud,Sueldo básico,219682746167.0,214770429692.0
2023,3,Servicio civil del Ejecutivo,Bonificaciones y asignaciones,24830044186.0,24830044186.0
2023,3,Servicio civil del Ejecutivo,Gastos de representación,1640646198.0,1627119053.0
2023,3,Servicio civil del Ejecutivo,Otros gastos del personal,2713789590.0,2713789590.0
2023,3,Servicio civil del Ejecutivo,Personal contratado,42727509815.0,36579915165.0
2023,3,Servicio civil del Ejecutivo,Remuneraciones temporales,6220812980.0,6220812980.0
2023,3,Servicio civil del Ejecutivo,Servicio exterior,14911755766.0,14911755766.0
2023,3,Servicio civil del Ejecutivo,Sueldo básico,71469535644.0,71257906586.0
2023,4,Educación,Aguinaldo,14096634.0,14096634.0
2023,4,Educación,Bonificaciones y asignaciones,51363886132.0,50651855341.0
2023,4,Educación,Dietas,605617025.0,587701135.0
2023,4,Educación,Gastos de representación,3627530555.0,3531754905.0
2023,4,Educación,Otros gastos del personal,3881750283.0,3874854233.0
2023,4,Educación,Personal contratado,6464166588.0,6374013021.0
2023,4,Educación,Remuneraciones temporales,408915197.0,391890182.0
2023,4,Educación,Sueldo básico,566543427863.0,557076008908.0
2023,4,Empresas públicas,Bonificaciones y asignaciones,25364416750.0,23045516521.0
2023,4,Empresas públicas,Dietas,27720000.0,27720000.0
2023,4,Empresas públicas,Gastos de representación,122699515.0,122353211.0
2023,4,Empresas públicas,Otros gastos del personal,2205551071.0,2195723464.0
2023,4,Empresas públicas,Personal contratado,5493610228.0,5221660430.0
2023,4,Empresas públicas,Remuneraciones temporales,12665137924.0,11188525971.0
2023,4,Empresas públicas,Sueldo básico,47617975820.0,41723605547.0
2023,4,Entes autónomos y autárquicos,Bonificaciones y asignaciones,10942039182.0,10199339222.0
2023,4,Entes autónomos y autárquicos,Dietas,332279600.0,327279600.0
2023,4,Entes autónomos y autárquicos,Gastos de representación,723880950.0,653518968.0
2023,4,Entes autónomos y autárquicos,Otros gastos del personal,1938507082.0,1776120082.0
2023,4,Entes autónomos y autárquicos,Personal contratado,11425693717.0,11123893293.0
2023,4,Entes autónomos y autárquicos,Remuneraciones temporales,4619958091.0,4265454962.0
2023,4,Entes autónomos y autárquicos,Sueldo básico,41670429334.0,36193778520.0
2023,4,Fuerzas públicas,Bonificaciones y asignaciones,76801616813.0,76801616813.0
2023,4,Fuerzas públicas,Gastos de representación,700124128.0,700124128.0
2023,4,Fuerzas públicas,Otros gastos del personal,10560223736.0,10560223736.0
2023,4,Fuerzas públicas,Personal contratado,1238659030.0,1194536368.0
2023,4,Fuerzas públicas,Remuneraciones temporales,41219656.0,41219656.0
2023,4,Fuerzas públicas,Servicio exterior,978743220.0,978743220.0
2023,4,Fuerzas públicas,Sueldo básico,248444345540.0,248417937640.0
2023,4,Gobiernos departamentales,Bonificaciones y asignaciones,1458676770.0,1390014175.0
2023,4,Gobiernos departamentales,Dietas,2129438620.0,2052222398.0
2023,4,Gobiernos departamentales,Gastos de representación,250405100.0,240117212.0
2023,4,Gobiernos departamentales,Otros gastos del personal,176323912.0,174023840.0
2023,4,Gobiernos departamentales,Personal contratado,3009658909.0,2960848223.0
2023,4,Gobiernos departamentales,Remuneraciones temporales,27893579.0,24214726.0
2023,4,Gobiernos departamentales,Sueldo básico,4056075855.0,3659245254.0
2023,4,Municipalidades,Aguinaldo,121137280.0,120012280.0
2023,4,Municipalidades,Bonificaciones y asignaciones,2293867705.0,2235235667.0
2023,4,Municipalidades,Dietas,8235974518.0,7909836085.0
2023,4,Municipalidades,Gastos de representación,5175205958.0,4988538884.0
2023,4,Municipalidades,Otros gastos del personal,159690239.0,155620239.0
2023,4,Municipalidades,Personal contratado,41953351188.0,40404599306.0
2023,4,Municipalidades,Remuneraciones temporales,245058724.0,237998724.0
2023,4,Municipalidades,Sueldo básico,17859593333.0,15848856151.0
2023,4,Otros organismos,Bonificaciones y asignaciones,11046884699.0,10260853394.0
2023,4,Otros organismos,Dietas,170845400.0,163865537.0
2023,4,Otros organismos,Gastos de representación,879070165.0,817988326.0
2023,4,Otros organismos,Otros gastos del personal,178037534.0,113085610.0
2023,4,Otros organismos,Personal contratado,2545597093.0,2317807270.0
2023,4,Otros organismos,Remuneraciones temporales,2765119475.0,2592130186.0
2023,4,Otros organismos,Sueldo básico,37947459213.0,34657671323.0
2023,4,Poder Judicial,Bonificaciones y asignaciones,14512125640.0,14512125640.0
2023,4,Poder Judicial,Dietas,148034200.0,148034200.0
2023,4,Poder Judicial,Gastos de representación,7726159040.0,7693014873.0
2023,4,Poder Judicial,Otros gastos del personal,1608934808.0,1608934808.0
2023,4,Poder Judicial,Personal contratado,12905033446.0,12723798028.0
2023,4,Poder Judicial,Remuneraciones temporales,273069725.0,273069725.0
2023,4,Poder Judicial,Sueldo básico,129660355153.0,129012179289.0
2023,4,Poder Legislativo,Bonificaciones y asignaciones,3828073192.0,3828073192.0
2023,4,Poder Legislativo,Dietas,4233778120.0,4233778120.0
2023,4,Poder Legislativo,Gastos de representación,1608589332.0,1607662032.0
2023,4,Poder Legislativo,Personal contratado,4513430536.0,4513430536.0
2023,4,Poder Legislativo,Remuneraciones temporales,24122505.0,24122505.0
2023,4,Poder Legislativo,Sueldo básico,21883743898.0,21862687898.0
2023,4,SA del Estado,Bonificaciones y asignaciones,5787333645.0,5787333645.0
2023,4,SA del Estado,Dietas,123785623.0,123785623.0
2023,4,SA del Estado,Gastos de representación,28000000.0,28000000.0
2023,4,SA del Estado,Otros gastos del personal,794819973.0,794819973.0
2023,4,SA del Estado,Personal contratado,1693011355.0,1690227094.0
2023,4,SA del Estado,Remuneraciones temporales,1413319471.0,1413319471.0
2023,4,SA del Estado,Sueldo básico,21882522216.0,20566615963.0
2023,4,Salud,Bonificaciones y asignaciones,29404672008.0,28589297198.0
2023,4,Salud,Dietas,105649420.0,104629420.0
2023,4,Salud,Gastos de representación,390037300.0,385603300.0
2023,4,Salud,Otros gastos del personal,8001197023.0,8000718629.0
2023,4,Salud,Personal contratado,190065568817.0,183014022749.0
2023,4,Salud,Remuneraciones temporales,5508323642.0,5475078846.0
2023,4,Salud,Sueldo básico,220652104852.0,215258085025.0
2023,4,Servicio civil del Ejecutivo,Bonificaciones y asignaciones,21950876361.0,21950876361.0
2023,4,Servicio civil del Ejecutivo,Gastos de representación,1655617668.0,1645006622.0
2023,4,Servicio civil del Ejecutivo,Otros gastos del personal,2638207662.0,2638207662.0
2023,4,Servicio civil del Ejecutivo,Personal contratado,42224417599.0,35092165190.0
2023,4,Servicio civil del Ejecutivo,Remuneraciones temporales,5571395990.0,5571395990.0
2023,4,Servicio civil del Ejecutivo,Servicio exterior,14911007190.0,14911007190.0
2023,4,Servicio civil del Ejecutivo,Sueldo básico,71510919701.0,71290992183.0
2023,5,Educación,Aguinaldo,14096634.0,14096634.0
2023,5,Educación,Bonificaciones y asignaciones,50242223215.0,49525129655.0
2023,5,Educación,Dietas,611623105.0,595417330.0
2023,5,Educación,Gastos de representación,3642109394.0,3547338498.0
2023,5,Educación,Otros gastos del personal,4391783582.0,4385094699.0
2023,5,Educación,Personal contratado,7130213163.0,7041459388.0
2023,5,Educación,Remuneraciones temporales,577474500.0,556366402.0
2023,5,Educación,Sueldo básico,568518212785.0,559059093597.0
2023,5,Empresas públicas,Bonificaciones y asignaciones,23758243526.0,21501442194.0
2023,5,Empresas públicas,Dietas,18480000.0,18480000.0
2023,5,Empresas públicas,Gastos de representación,121424361.0,120525097.0
2023,5,Empresas públicas,Otros gastos del personal,2257952991.0,2247770576.0
2023,5,Empresas públicas,Personal contratado,5363619248.0,5103218810.0
2023,5,Empresas públicas,Remuneraciones temporales,12852568651.0,11409561435.0
2023,5,Empresas públicas,Sueldo básico,48242779612.0,42461473569.0
2023,5,Entes autónomos y autárquicos,Bonificaciones y asignaciones,7516004285.0,6790264951.0
2023,5,Entes autónomos y autárquicos,Dietas,332279600.0,327279600.0
2023,5,Entes autónomos y autárquicos,Gastos de representación,758047950.0,687901329.0
2023,5,Entes autónomos y autárquicos,Otros gastos del personal,1792403035.0,1665859188.0
2023,5,Entes autónomos y autárquicos,Personal contratado,9608572473.0,9335455613.0
2023,5,Entes autónomos y autárquicos,Remuneraciones temporales,4846705457.0,4466917098.0
2023,5,Entes autónomos y autárquicos,Sueldo básico,41684195214.0,36226306587.0
2023,5,Fuerzas públicas,Bonificaciones y asignaciones,76356693572.0,76356693572.0
2023,5,Fuerzas públicas,Gastos de representación,700124128.0,700124128.0
2023,5,Fuerzas públicas,Otros gastos del personal,10546999225.0,10546999225.0
2023,5,Fuerzas públicas,Personal contratado,1239159030.0,1193186368.0
2023,5,Fuerzas públicas,Remuneraciones temporales,43741310.0,43741310.0
2023,5,Fuerzas públicas,Servicio exterior,978743220.0,978743220.0
2023,5,Fuerzas públicas,Sueldo básico,248089183016.0,248065793109.0
2023,5,Gobiernos departamentales,Bonificaciones y asignaciones,918014001.0,849783086.0
2023,5,Gobiernos departamentales,Dietas,2147371120.0,2070154898.0
2023,5,Gobiernos departamentales,Gastos de representación,252881082.0,242593194.0
2023,5,Gobiernos departamentales,Otros gastos del personal,172001338.0,170436005.0
2023,5,Gobiernos departamentales,Personal contratado,2909897584.0,2861058967.0
2023,5,Gobiernos departamentales,Remuneraciones temporales,28728092.0,25049239.0
2023,5,Gobiernos departamentales,Sueldo básico,4031225092.0,3646949488.0
2023,5,Municipalidades,Aguinaldo,114773531.0,113281864.0
2023,5,Municipalidades,Bonificaciones y asignaciones,1964177987.0,1899083601.0
2023,5,Municipalidades,Dietas,8551175426.0,8302296892.0
2023,5,Municipalidades,Gastos de representación,5329958482.0,5204504106.0
2023,5,Municipalidades,Otros gastos del personal,165274368.0,165274368.0
2023,5,Municipalidades,Personal contratado,41823452277.0,39298133875.0
2023,5,Municipalidades,Remuneraciones temporales,229949132.0,229844132.0
2023,5,Municipalidades,Sueldo básico,18011999159.0,15950303286.0
2023,5,Otros organismos,Bonificaciones y asignaciones,8521475860.0,7747552424.0
2023,5,Otros organismos,Dietas,170845400.0,163872073.0
2023,5,Otros organismos,Gastos de representación,879591847.0,816436078.0
2023,5,Otros organismos,Otros gastos del personal,197449266.0,134036513.0
2023,5,Otros organismos,Personal contratado,2509684228.0,2293125100.0
2023,5,Otros organismos,Remuneraciones temporales,2565381328.0,2396892150.0
2023,5,Otros organismos,Sueldo básico,37911156148.0,34593170887.0
2023,5,Poder Judicial,Bonificaciones y asignaciones,11107871363.0,11107871363.0
2023,5,Poder Judicial,Dietas,148034200.0,148034200.0
2023,5,Poder Judicial,Gastos de representación,7702286540.0,7678518624.0
2023,5,Poder Judicial,Otros gastos del personal,1714876554.0,1714876554.0
2023,5,Poder Judicial,Personal contratado,11847549566.0,11681109464.0
2023,5,Poder Judicial,Remuneraciones temporales,276541086.0,276541086.0
2023,5,Poder Judicial,Sueldo básico,129668459289.0,129295156286.0
2023,5,Poder Legislativo,Bonificaciones y asignaciones,3863896452.0,3863896452.0
2023,5,Poder Legislativo,Dietas,4233778120.0,4233778120.0
2023,5,Poder Legislativo,Gastos de representación,1613647332.0,1613647332.0
2023,5,Poder Legislativo,Personal contratado,4430624483.0,4429434340.0
2023,5,Poder Legislativo,Remuneraciones temporales,25077507.0,25077507.0
2023,5,Poder Legislativo,Sueldo básico,21866743898.0,21837777898.0
2023,5,SA del Estado,Aguinaldo,573819.0,573819.0
2023,5,SA del Estado,Bonificaciones y asignaciones,5776855091.0,5776855091.0
2023,5,SA del Estado,Dietas,123785623.0,123785623.0
2023,5,SA del Estado,Gastos de representación,28000000.0,28000000.0
2023,5,SA del Estado,Otros gastos del personal,708600208.0,708600208.0
2023,5,SA del Estado,Personal contratado,1775274355.0,1771197108.0
2023,5,SA del Estado,Remuneraciones temporales,1220606747.0,1220606747.0
2023,5,SA del Estado,Sueldo básico,21824938030.0,20523204591.0
2023,5,Salud,Bonificaciones y asignaciones,37942144005.0,37122174098.0
2023,5,Salud,Dietas,105649420.0,104629420.0
2023,5,Salud,Gastos de representación,390037300.0,385603300.0
2023,5,Salud,Otros gastos del personal,8068014258.0,8067714192.0
2023,5,Salud,Personal contratado,190186235658.0,183687394347.0
2023,5,Salud,Remuneraciones temporales,5842811012.0,5811217092.0
2023,5,Salud,Sueldo básico,220404258415.0,215327919888.0
2023,5,Servicio civil del Ejecutivo,Bonificaciones y asignaciones,18597890573.0,18597890573.0
2023,5,Servicio civil del Ejecutivo,Gastos de representación,1662592268.0,1651991699.0
2023,5,Servicio civil del Ejecutivo,Otros gastos del personal,2701302937.0,2701302937.0
2023,5,Servicio civil del Ejecutivo,Personal contratado,41967991375.0,35939410424.0
2023,5,Servicio civil del Ejecutivo,Remuneraciones temporales,6362072956.0,6362072956.0
2023,5,Servicio civil del Ejecutivo,Servicio exterior,15133331436.0,15133331436.0
2023,5,Servicio civil del Ejecutivo,Sueldo básico,71472207080.0,71175863412.0
2023,6,Educación,Aguinaldo,14096634.0,14096634.0
2023,6,Educación,Bonificaciones y asignaciones,50346862833.0,49609514089.0
2023,6,Educación,Dietas,609023658.0,596040133.0
2023,6,Educación,Gastos de representación,3707333577.0,3612662553.0
2023,6,Educación,Otros gastos del personal,3747060319.0,3741632831.0
2023,6,Educación,Personal contratado,7412789820.0,7315727818.0
2023,6,Educación,Remuneraciones temporales,547386770.0,527417703.0
2023,6,Educación,Sueldo básico,569745575859.0,560268900309.0
2023,6,Empresas públicas,Bonificaciones y asignaciones,24221503755.0,21995048363.0
2023,6,Empresas públicas,Dietas,18480000.0,18480000.0
2023,6,Empresas públicas,Gastos de representación,128078778.0,127179514.0
2023,6,Empresas públicas,Otros gastos del personal,2284349472.0,2274027557.0
2023,6,Empresas públicas,Personal contratado,5457725503.0,5196487417.0
2023,6,Empresas públicas,Remuneraciones temporales,14328808582.0,12840960480.0
2023,6,Empresas públicas,Sueldo básico,48169581575.0,42401001528.0
2023,6,Entes autónomos y autárquicos,Bonificaciones y asignaciones,7707188954.0,6959491875.0
2023,6,Entes autónomos y autárquicos,Dietas,337223900.0,332223900.0
2023,6,Entes autónomos y autárquicos,Gastos de representación,743074380.0,670410300.0
2023,6,Entes autónomos y autárquicos,Otros gastos del personal,1964674844.0,1851095902.0
2023,6,Entes autónomos y autárquicos,Personal contratado,10592313560.0,10321219094.0
2023,6,Entes autónomos y autárquicos,Remuneraciones temporales,5649898007.0,5236114416.0
2023,6,Entes autónomos y autárquicos,Sueldo básico,41717791491.0,36195623200.0
2023,6,Fuerzas públicas,Bonificaciones y asignaciones,80325714508.0,80325714508.0
2023,6,Fuerzas públicas,Gastos de representación,700703028.0,700703028.0
2023,6,Fuerzas públicas,Otros gastos del personal,10548673378.0,10548673378.0
2023,6,Fuerzas públicas,Personal contratado,1269589216.0,1198457817.0
2023,6,Fuerzas públicas,Remuneraciones temporales,42866976.0,42866976.0
2023,6,Fuerzas públicas,Servicio exterior,978743220.0,978743220.0
2023,6,Fuerzas públicas,Sueldo básico,246265143312.0,246248984348.0
2023,6,Gobiernos departamentales,Bonificaciones y asignaciones,913274594.0,842917306.0
2023,6,Gobiernos departamentales,Dietas,2108678072.0,2026855535.0
2023,6,Gobiernos departamentales,Gastos de representación,253256300.0,242432459.0
2023,6,Gobiernos departamentales,Otros gastos del personal,172886792.0,171266913.0
2023,6,Gobiernos departamentales,Personal contratado,2885124319.0,2835629137.0
2023,6,Gobiernos departamentales,Remuneraciones temporales,28692571.0,25013718.0
2023,6,Gobiernos departamentales,Sueldo básico,4056461683.0,3667266985.0
2023,6,Municipalidades,Aguinaldo,218399903.0,216908236.0
2023,6,Municipalidades,Bonificaciones y asignaciones,2150257351.0,2088387261.0
2023,6,Municipalidades,Dietas,8631450031.0,8203371384.0
2023,6,Municipalidades,Gastos de representación,5423449376.0,5145234200.0
2023,6,Municipalidades,Otros gastos del personal,161776910.0,161776910.0
2023,6,Municipalidades,Personal contratado,40826970666.0,39033064030.0
2023,6,Municipalidades,Remuneraciones temporales,255041937.0,247141937.0
2023,6,Municipalidades,Sueldo básico,17869366318.0,15782893848.0
2023,6,Otros organismos,Bonificaciones y asignaciones,9822213265.0,9009643974.0
2023,6,Otros organismos,Dietas,219776087.0,181019729.0
2023,6,Otros organismos,Gastos de representación,873509848.0,811983335.0
2023,6,Otros organismos,Otros gastos del personal,181507851.0,116072355.0
2023,6,Otros organismos,Personal contratado,2233983944.0,2018196820.0
2023,6,Otros organismos,Remuneraciones temporales,2907155141.0,2714645025.0
2023,6,Otros organismos,Sueldo básico,38365836173.0,34963234555.0
2023,6,Poder Judicial,Bonificaciones y asignaciones,10763003000.0,10763003000.0
2023,6,Poder Judicial,Dietas,148034200.0,148034200.0
2023,6,Poder Judicial,Gastos de representación,7673886540.0,7645814056.0
2023,6,Poder Judicial,Otros gastos del personal,1708719777.0,1708719777.0
2023,6,Poder Judicial,Personal contratado,8584019513.0,8370535057.0
2023,6,Poder Judicial,Remuneraciones temporales,269253393.0,269253393.0
2023,6,Poder Judicial,Sueldo básico,129871075363.0,129426125784.0
2023,6,Poder Legislativo,Bonificaciones y asignaciones,3861609282.0,3861609282.0
2023,6,Poder Legislativo,Dietas,4174564440.0,4174564440.0
2023,6,Poder Legislativo,Gastos de representación,1614898332.0,1614898332.0
2023,6,Poder Legislativo,Otros gastos del personal,46215547.0,46215547.0
2023,6,Poder Legislativo,Personal contratado,4275401463.0,4275401463.0
2023,6,Poder Legislativo,Remuneraciones temporales,29565660.0,29565660.0
2023,6,Poder Legislativo,Sueldo básico,21955243898.0,21944575898.0
2023,6,SA del Estado,Aguinaldo,4327381.0,4327381.0
2023,6,SA del Estado,Bonificaciones y asignaciones,5813885768.0,5813885768.0
2023,6,SA del Estado,Dietas,120025555.0,120025555.0
2023,6,SA del Estado,Gastos de representación,34000000.0,34000000.0
2023,6,SA del Estado,Otros gastos del personal,741168906.0,741168906.0
2023,6,SA del Estado,Personal contratado,661488254.0,657048712.0
2023,6,SA del Estado,Remuneraciones temporales,1228277200.0,1228277200.0
2023,6,SA del Estado,Sueldo básico,21799462428.0,20502973117.0
2023,6,Salud,Bonificaciones y asignaciones,28258390384.0,27455790284.0
2023,6,Salud,Dietas,105649420.0,104629420.0
2023,6,Salud,Gastos de representación,388088400.0,383654400.0
2023,6,Salud,Otros gastos del personal,8173150711.0,8172850645.0
2023,6,Salud,Personal contratado,192240205577.0,184289473162.0
2023,6,Salud,Remuneraciones temporales,6065650888.0,6031661928.0
2023,6,Salud,Sueldo básico,220441284761.0,215564944085.0
2023,6,Servicio civil del Ejecutivo,Bonificaciones y asignaciones,21051696087.0,21051696087.0
2023,6,Servicio civil del Ejecutivo,Gastos de representación,1662171668.0,1659255659.0
2023,6,Servicio civil del Ejecutivo,Otros gastos del personal,2472917810.0,2472917810.0
2023,6,Servicio civil del Ejecutivo,Personal contratado,42595905682.0,35960696642.0
2023,6,Servicio civil del Ejecutivo,Remuneraciones temporales,6316351907.0,6316351907.0
2023,6,Servicio civil del Ejecutivo,Servicio exterior,15053238267.0,15053238267.0
2023,6,Servicio civil del Ejecutivo,Sueldo básico,71260866466.0,71075189224.0
2023,7,Educación,Aguinaldo,14096634.0,14096634.0
2023,7,Educación,Bonificaciones y asignaciones,50395373775.0,49660632972.0
2023,7,Educación,Dietas,651578240.0,638119083.0
2023,7,Educación,Gastos de representación,3665324077.0,3571077157.0
2023,7,Educación,Otros gastos del personal,3776478166.0,3769825138.0
2023,7,Educación,Personal contratado,7297542493.0,7211144898.0
2023,7,Educación,Remuneraciones temporales,627328883.0,597069960.0
2023,7,Educación,Sueldo básico,598527832845.0,588998864489.0
2023,7,Empresas públicas,Bonificaciones y asignaciones,23438216542.0,21218615459.0
2023,7,Empresas públicas,Dietas,18480000.0,18480000.0
2023,7,Empresas públicas,Gastos de representación,122952661.0,122053397.0
2023,7,Empresas públicas,Otros gastos del personal,2245174487.0,2234931889.0
2023,7,Empresas públicas,Personal contratado,5679278476.0,5347181603.0
2023,7,Empresas públicas,Remuneraciones temporales,12640285016.0,11197017862.0
2023,7,Empresas públicas,Sueldo básico,47929376602.0,42153601819.0
2023,7,Entes autónomos y autárquicos,Bonificaciones y asignaciones,7422541926.0,6687066322.0
2023,7,Entes autónomos y autárquicos,Dietas,337223900.0,332223900.0
2023,7,Entes autónomos y autárquicos,Gastos de representación,750186937.0,680883680.0
2023,7,Entes autónomos y autárquicos,Otros gastos del personal,1945514767.0,1827466776.0
2023,7,Entes autónomos y autárquicos,Personal contratado,8616763829.0,8328182425.0
2023,7,Entes autónomos y autárquicos,Remuneraciones temporales,5396831273.0,4982477067.0
2023,7,Entes autónomos y autárquicos,Sueldo básico,42040490995.0,36433243091.0
2023,7,Fuerzas públicas,Bonificaciones y asignaciones,77026786790.0,77026786790.0
2023,7,Fuerzas públicas,Gastos de representación,700703028.0,700703028.0
2023,7,Fuerzas públicas,Otros gastos del personal,10518129107.0,10518129107.0
2023,7,Fuerzas públicas,Personal contratado,1231164330.0,1189341668.0
2023,7,Fuerzas públicas,Remuneraciones temporales,42222643.0,42222643.0
2023,7,Fuerzas públicas,Servicio exterior,978743220.0,978743220.0
2023,7,Fuerzas públicas,Sueldo básico,258432012075.0,258412068709.0
2023,7,Gobiernos departamentales,Bonificaciones y asignaciones,913512886.0,841435598.0
2023,7,Gobiernos departamentales,Dietas,2199639754.0,2117289251.0
2023,7,Gobiernos departamentales,Gastos de representación,253256300.0,242432459.0
2023,7,Gobiernos departamentales,Otros gastos del personal,184111748.0,182546415.0
2023,7,Gobiernos departamentales,Personal contratado,2869869576.0,2821021221.0
2023,7,Gobiernos departamentales,Remuneraciones temporales,28780244.0,25091445.0
2023,7,Gobiernos departamentales,Sueldo básico,4086502587.0,3689652714.0
2023,7,Municipalidades,Aguinaldo,146610649.0,143292482.0
2023,7,Municipalidades,Bonificaciones y asignaciones,2155920684.0,2088695023.0
2023,7,Municipalidades,Dietas,8593826189.0,8082712376.0
2023,7,Municipalidades,Gastos de representación,5441022784.0,5108509293.0
2023,7,Municipalidades,Otros gastos del personal,163324243.0,157916743.0
2023,7,Municipalidades,Personal contratado,41833680884.0,40302406701.0
2023,7,Municipalidades,Remuneraciones temporales,206068257.0,204568257.0
2023,7,Municipalidades,Sueldo básico,17878193538.0,14603237480.0
2023,7,Otros organismos,Bonificaciones y asignaciones,9639890274.0,8833546086.0
2023,7,Otros organismos,Dietas,219776087.0,181026342.0
2023,7,Otros organismos,Gastos de representación,874140447.0,815063368.0
2023,7,Otros organismos,Otros gastos del personal,165984184.0,101393005.0
2023,7,Otros organismos,Personal contratado,2190787114.0,1975329588.0
2023,7,Otros organismos,Remuneraciones temporales,2848715342.0,2661543045.0
2023,7,Otros organismos,Sueldo básico,38209193505.0,34812869379.0
2023,7,Poder Judicial,Bonificaciones y asignaciones,10301257378.0,10301257378.0
2023,7,Poder Judicial,Dietas,148034200.0,148034200.0
2023,7,Poder Judicial,Gastos de representación,7622670040.0,7584994317.0
2023,7,Poder Judicial,Otros gastos del personal,2240144297.0,2240144297.0
2023,7,Poder Judicial,Personal contratado,8225311926.0,7987128675.0
2023,7,Poder Judicial,Remuneraciones temporales,162178909.0,162178909.0
2023,7,Poder Judicial,Sueldo básico,129727035793.0,129200715825.0
2023,7,Poder Legislativo,Bonificaciones y asignaciones,3485327799.0,3485327799.0
2023,7,Poder Legislativo,Dietas,3671248160.0,3671248160.0
2023,7,Poder Legislativo,Gastos de representación,1526074406.0,1523021686.0
2023,7,Poder Legislativo,Otros gastos del personal,5704949.0,5704949.0
2023,7,Poder Legislativo,Personal contratado,3524192758.0,3524192758.0
2023,7,Poder Legislativo,Remuneraciones temporales,19636200.0,19636200.0
2023,7,Poder Legislativo,Sueldo básico,22064143898.0,22053475898.0
2023,7,SA del Estado,Bonificaciones y asignaciones,5842606116.0,5842606116.0
2023,7,SA del Estado,Dietas,128942841.0,128942841.0
2023,7,SA del Estado,Gastos de representación,32000000.0,32000000.0
2023,7,SA del Estado,Otros gastos del personal,686850252.0,686850252.0
2023,7,SA del Estado,Personal contratado,1449583743.0,1448610772.0
2023,7,SA del Estado,Remuneraciones temporales,1258970023.0,1258970023.0
2023,7,SA del Estado,Sueldo básico,21856639090.0,20546163142.0
2023,7,Salud,Bonificaciones y asignaciones,28477562319.0,27691005074.0
2023,7,Salud,Dietas,105649420.0,104629420.0
2023,7,Salud,Gastos de representación,386139500.0,380536160.0
2023,7,Salud,Otros gastos del personal,8802964162.0,8802664096.0
2023,7,Salud,Personal contratado,194380432899.0,187388221565.0
2023,7,Salud,Remuneraciones temporales,6127762761.0,6092358828.0
2023,7,Salud,Sueldo básico,221662797730.0,216528737599.0
2023,7,Servicio civil del Ejecutivo,Bonificaciones y asignaciones,18547599660.0,18547599660.0
2023,7,Servicio civil del Ejecutivo,Gastos de representación,1661164428.0,1654216685.0
2023,7,Servicio civil del Ejecutivo,Otros gastos del personal,2383717123.0,2383717123.0
2023,7,Servicio civil del Ejecutivo,Personal contratado,42249900737.0,35624188226.0
2023,7,Servicio civil del Ejecutivo,Remuneraciones temporales,6333111721.0,6333111721.0
2023,7,Servicio civil del Ejecutivo,Servicio exterior,14863742201.0,14863742201.0
2023,7,Servicio civil del Ejecutivo,Sueldo básico,71856209490.0,70937675201.0
2023,8,Educación,Aguinaldo,14096634.0,14096634.0
2023,8,Educación,Bonificaciones y asignaciones,50265562373.0,49545358132.0
2023,8,Educación,Dietas,609540375.0,597843917.0
2023,8,Educación,Gastos de representación,3677877177.0,3572740961.0
2023,8,Educación,Otros gastos del personal,3765302489.0,3756069622.0
2023,8,Educación,Personal contratado,7310451630.0,7221349312.0
2023,8,Educación,Remuneraciones temporales,666962826.0,637244100.0
2023,8,Educación,Sueldo básico,598602466739.0,588978387179.0
2023,8,Empresas públicas,Bonificaciones y asignaciones,23674287056.0,21418120269.0
2023,8,Empresas públicas,Dietas,18480000.0,18480000.0
2023,8,Empresas públicas,Gastos de representación,125432357.0,124706245.0
2023,8,Empresas públicas,Otros gastos del personal,2244542143.0,2233710820.0
2023,8,Empresas públicas,Personal contratado,5700409909.0,5425167727.0
2023,8,Empresas públicas,Remuneraciones temporales,12665657872.0,11213198458.0
2023,8,Empresas públicas,Sueldo básico,47537772873.0,41853516661.0
2023,8,Entes autónomos y autárquicos,Bonificaciones y asignaciones,7464565144.0,6741300856.0
2023,8,Entes autónomos y autárquicos,Dietas,337223900.0,332223900.0
2023,8,Entes autónomos y autárquicos,Gastos de representación,721451013.0,626219656.0
2023,8,Entes autónomos y autárquicos,Otros gastos del personal,1710848545.0,1599937852.0
2023,8,Entes autónomos y autárquicos,Personal contratado,8616420443.0,8326177497.0
2023,8,Entes autónomos y autárquicos,Remuneraciones temporales,5200614703.0,4798520711.0
2023,8,Entes autónomos y autárquicos,Sueldo básico,41513955672.0,36005667428.0
2023,8,Fuerzas públicas,Bonificaciones y asignaciones,76109308385.0,76109308385.0
2023,8,Fuerzas públicas,Gastos de representación,700703028.0,696659488.0
2023,8,Fuerzas públicas,Otros gastos del personal,10521742200.0,10521742200.0
2023,8,Fuerzas públicas,Personal contratado,1233589420.0,1190266758.0
2023,8,Fuerzas públicas,Remuneraciones temporales,43196976.0,43196976.0
2023,8,Fuerzas públicas,Servicio exterior,978743220.0,978743220.0
2023,8,Fuerzas públicas,Sueldo básico,258366272323.0,258320522476.0
2023,8,Gobiernos departamentales,Bonificaciones y asignaciones,661480278.0,598390842.0
2023,8,Gobiernos departamentales,Dietas,2094468544.0,1549182150.0
2023,8,Gobiernos departamentales,Gastos de representación,301605628.0,188760248.0
2023,8,Gobiernos departamentales,Otros gastos del personal,259368895.0,250547423.0
2023,8,Gobiernos departamentales,Personal contratado,2545493250.0,2409862926.0
2023,8,Gobiernos departamentales,Remuneraciones temporales,24395999.0,19861720.0
2023,8,Gobiernos departamentales,Sueldo básico,3633870632.0,3051747732.0
2023,8,Municipalidades,Aguinaldo,128149055.0,126657388.0
2023,8,Municipalidades,Bonificaciones y asignaciones,2196262017.0,2135822473.0
2023,8,Municipalidades,Dietas,8534455550.0,8314097270.0
2023,8,Municipalidades,Gastos de representación,5396269077.0,5287175539.0
2023,8,Municipalidades,Otros gastos del personal,222912804.0,222912804.0
2023,8,Municipalidades,Personal contratado,42536985203.0,40743174267.0
2023,8,Municipalidades,Remuneraciones temporales,240676769.0,236017474.0
2023,8,Municipalidades,Sueldo básico,17880406293.0,15815008552.0
2023,8,Otros organismos,Bonificaciones y asignaciones,9419182418.0,8613673840.0
2023,8,Otros organismos,Dietas,170845400.0,150891912.0
2023,8,Otros organismos,Gastos de representación,849834356.0,789788588.0
2023,8,Otros organismos,Otros gastos del personal,210219695.0,127432805.0
2023,8,Otros organismos,Personal contratado,2174874740.0,1982995124.0
2023,8,Otros organismos,Remuneraciones temporales,2834467823.0,2652782945.0
2023,8,Otros organismos,Sueldo básico,37742599747.0,34431513549.0
2023,8,Poder Judicial,Bonificaciones y asignaciones,10278652367.0,10278652367.0
2023,8,Poder Judicial,Dietas,148034200.0,148034200.0
2023,8,Poder Judicial,Gastos de representación,7578926740.0,7531715561.0
2023,8,Poder Judicial,Otros gastos del personal,1832500539.0,1832500539.0
2023,8,Poder Judicial,Personal contratado,9828634704.0,9442341560.0
2023,8,Poder Judicial,Remuneraciones temporales,113099682.0,113099682.0
2023,8,Poder Judicial,Sueldo básico,129791040333.0,129177149366.0
2023,8,Poder Legislativo,Bonificaciones y asignaciones,3553760748.0,3553760748.0
2023,8,Poder Legislativo,Dietas,3700855000.0,3692959843.0
2023,8,Poder Legislativo,Gastos de representación,1539128119.0,1532389919.0
2023,8,Poder Legislativo,Otros gastos del personal,8739957.0,8739957.0
2023,8,Poder Legislativo,Personal contratado,3519946714.0,3519946714.0
2023,8,Poder Legislativo,Remuneraciones temporales,47302360.0,47302360.0
2023,8,Poder Legislativo,Sueldo básico,22062943898.0,22022865231.0
2023,8,SA del Estado,Aguinaldo,2864568.0,2864568.0
2023,8,SA del Estado,Bonificaciones y asignaciones,2934734399.0,2934734399.0
2023,8,SA del Estado,Dietas,76213100.0,29719059.0
2023,8,SA del Estado,Otros gastos del personal,3400000.0,3400000.0
2023,8,SA del Estado,Personal contratado,22593751.0,13552517.0
2023,8,SA del Estado,Remuneraciones temporales,43362330.0,43362330.0
2023,8,SA del Estado,Sueldo básico,12007223822.0,10710273831.0
2023,8,Salud,Bonificaciones y asignaciones,28229438010.0,27446599947.0
2023,8,Salud,Dietas,105649420.0,104629420.0
2023,8,Salud,Gastos de representación,380312834.0,344003004.0
2023,8,Salud,Otros gastos del personal,7975134720.0,7973907720.0
2023,8,Salud,Personal contratado,194059729110.0,186634695645.0
2023,8,Salud,Remuneraciones temporales,6161535326.0,6127664087.0
2023,8,Salud,Sueldo básico,221394331054.0,216282210276.0
2023,8,Servicio civil del Ejecutivo,Bonificaciones y asignaciones,20324851603.0,20324851603.0
2023,8,Servicio civil del Ejecutivo,Gastos de representación,1610269928.0,1413188295.0
2023,8,Servicio civil del Ejecutivo,Otros gastos del personal,2677408979.0,2677408979.0
2023,8,Servicio civil del Ejecutivo,Personal contratado,42689760508.0,35455974648.0
2023,8,Servicio civil del Ejecutivo,Remuneraciones temporales,6996266368.0,6996266368.0
2023,8,Servicio civil del Ejecutivo,Servicio exterior,15466002308.0,15466002308.0
2023,8,Servicio civil del Ejecutivo,Sueldo básico,72267016966.0,70089988334.0
2023,9,Educación,Aguinaldo,18596314.0,17895753.0
2023,9,Educación,Bonificaciones y asignaciones,50541174085.0,49816053183.0
2023,9,Educación,Dietas,648656140.0,632302004.0
2023,9,Educación,Gastos de representación,3724760993.0,3615793575.0
2023,9,Educación,Otros gastos del personal,3731629194.0,3726773853.0
2023,9,Educación,Personal contratado,7372977718.0,7142312395.0
2023,9,Educación,Remuneraciones temporales,688519138.0,659238330.0
2023,9,Educación,Sueldo básico,603942099139.0,593402655444.0
2023,9,Empresas públicas,Bonificaciones y asignaciones,29423720118.0,26485345111.0
2023,9,Empresas públicas,Dietas,18480000.0,18480000.0
2023,9,Empresas públicas,Gastos de representación,122020078.0,121120814.0
2023,9,Empresas públicas,Otros gastos del personal,2357368813.0,2346778225.0
2023,9,Empresas públicas,Personal contratado,5026494834.0,4748619413.0
2023,9,Empresas públicas,Remuneraciones temporales,12783044444.0,11307890176.0
2023,9,Empresas públicas,Sueldo básico,47480438260.0,41873497589.0
2023,9,Entes autónomos y autárquicos,Bonificaciones y asignaciones,7024601594.0,6314784368.0
2023,9,Entes autónomos y autárquicos,Dietas,369184134.0,331684134.0
2023,9,Entes autónomos y autárquicos,Gastos de representación,658715576.0,563574096.0
2023,9,Entes autónomos y autárquicos,Otros gastos del personal,1579741742.0,1474259991.0
2023,9,Entes autónomos y autárquicos,Personal contratado,8134675534.0,7837962011.0
2023,9,Entes autónomos y autárquicos,Remuneraciones temporales,5194047309.0,4781601121.0
2023,9,Entes autónomos y autárquicos,Sueldo básico,41729139365.0,36313774994.0
2023,9,Fuerzas públicas,Bonificaciones y asignaciones,76686477525.0,76686477525.0
2023,9,Fuerzas públicas,Gastos de representación,691951328.0,691094648.0
2023,9,Fuerzas públicas,Otros gastos del personal,10512888500.0,10512888500.0
2023,9,Fuerzas públicas,Personal contratado,1207383362.0,1178286758.0
2023,9,Fuerzas públicas,Remuneraciones temporales,42894976.0,42894976.0
2023,9,Fuerzas públicas,Servicio exterior,978743220.0,978743220.0
2023,9,Fuerzas públicas,Sueldo básico,258207703624.0,258175110384.0
2023,9,Gobiernos departamentales,Bonificaciones y asignaciones,794224343.0,728757970.0
2023,9,Gobiernos departamentales,Dietas,2096168562.0,1978854440.0
2023,9,Gobiernos departamentales,Gastos de representación,235424500.0,220988676.0
2023,9,Gobiernos departamentales,Otros gastos del personal,310336299.0,307605723.0
2023,9,Gobiernos departamentales,Personal contratado,2751350700.0,2697134364.0
2023,9,Gobiernos departamentales,Remuneraciones temporales,33623487.0,29764197.0
2023,9,Gobiernos departamentales,Sueldo básico,3887096202.0,3463837929.0
2023,9,Municipalidades,Aguinaldo,134569662.0,131036328.0
2023,9,Municipalidades,Bonificaciones y asignaciones,2124555015.0,2061159707.0
2023,9,Municipalidades,Dietas,8517547188.0,8096679989.0
2023,9,Municipalidades,Gastos de representación,5395364655.0,5173596662.0
2023,9,Municipalidades,Otros gastos del personal,174802690.0,174802690.0
2023,9,Municipalidades,Personal contratado,41322622040.0,39356699098.0
2023,9,Municipalidades,Remuneraciones temporales,236439722.0,231739722.0
2023,9,Municipalidades,Sueldo básico,17580731626.0,15527095952.0
2023,9,Otros organismos,Bonificaciones y asignaciones,8146132215.0,7378405992.0
2023,9,Otros organismos,Dietas,107695400.0,102688900.0
2023,9,Otros organismos,Gastos de representación,875257594.0,820051854.0
2023,9,Otros organismos,Otros gastos del personal,166666748.0,89196128.0
2023,9,Otros organismos,Personal contratado,2116143040.0,1921000240.0
2023,9,Otros organismos,Remuneraciones temporales,2898404892.0,2707345396.0
2023,9,Otros organismos,Sueldo básico,37689503332.0,34364755728.0
2023,9,Poder Judicial,Bonificaciones y asignaciones,10253646865.0,10253646865.0
2023,9,Poder Judicial,Dietas,148034200.0,148034200.0
2023,9,Poder Judicial,Gastos de representación,7486517040.0,7459742041.0
2023,9,Poder Judicial,Otros gastos del personal,1799995887.0,1799995887.0
2023,9,Poder Judicial,Personal contratado,10129069680.0,9896697971.0
2023,9,Poder Judicial,Remuneraciones temporales,124894809.0,124894809.0
2023,9,Poder Judicial,Sueldo básico,129531115381.0,129066350170.0
2023,9,Poder Legislativo,Bonificaciones y asignaciones,3850659024.0,3850659024.0
2023,9,Poder Legislativo,Dietas,3700855000.0,3700855000.0
2023,9,Poder Legislativo,Gastos de representación,1533801319.0,1532014169.0
2023,9,Poder Legislativo,Otros gastos del personal,1000000.0,1000000.0
2023,9,Poder Legislativo,Personal contratado,3895936780.0,3895936780.0
2023,9,Poder Legislativo,Remuneraciones temporales,79619000.0,79619000.0
2023,9,Poder Legislativo,Sueldo básico,23791436000.0,23772284000.0
2023,9,SA del Estado,Aguinaldo,8572704.0,8572704.0
2023,9,SA del Estado,Bonificaciones y asignaciones,5710564302.0,5710564302.0
2023,9,SA del Estado,Dietas,113791544.0,97783634.0
2023,9,SA del Estado,Gastos de representación,18666666.0,18666666.0
2023,9,SA del Estado,Otros gastos del personal,887139639.0,878139639.0
2023,9,SA del Estado,Personal contratado,236528243.0,224149085.0
2023,9,SA del Estado,Remuneraciones temporales,1277899008.0,1277899008.0
2023,9,SA del Estado,Sueldo básico,21567903066.0,20288273495.0
2023,9,Salud,Bonificaciones y asignaciones,28467710913.0,27692283779.0
2023,9,Salud,Dietas,98849420.0,98849420.0
2023,9,Salud,Gastos de representación,380497400.0,353082488.0
2023,9,Salud,Otros gastos del personal,8029929685.0,8029568455.0
2023,9,Salud,Personal contratado,191854474039.0,185076014373.0
2023,9,Salud,Remuneraciones temporales,6101736118.0,6067136003.0
2023,9,Salud,Sueldo básico,225546874364.0,220521435898.0
2023,9,Servicio civil del Ejecutivo,Bonificaciones y asignaciones,18039185717.0,18039185717.0
2023,9,Servicio civil del Ejecutivo,Gastos de representación,1570609329.0,1517768690.0
2023,9,Servicio civil del Ejecutivo,Otros gastos del personal,2333827151.0,2333827151.0
2023,9,Servicio civil del Ejecutivo,Personal contratado,41277668763.0,34123560039.0
2023,9,Servicio civil del Ejecutivo,Remuneraciones temporales,6285012891.0,6285012891.0
2023,9,Servicio civil del Ejecutivo,Servicio exterior,15835726246.0,15835726246.0
2023,9,Servicio civil del Ejecutivo,Sueldo básico,71751914510.0,70538213100.0
2023,10,Educación,Aguinaldo,13101714.0,13101714.0
2023,10,Educación,Bonificaciones y asignaciones,50946960454.0,50137523702.0
2023,10,Educación,Dietas,624429775.0,605486851.0
2023,10,Educación,Gastos de representación,3698469768.0,3603200493.0
2023,10,Educación,Otros gastos del personal,5627897053.0,5620237916.0
2023,10,Educación,Personal contratado,8302391250.0,8157436325.0
2023,10,Educación,Remuneraciones temporales,721176262.0,687194441.0
2023,10,Educación,Sueldo básico,599734987104.0,590099840177.0
2023,10,Empresas públicas,Bonificaciones y asignaciones,23575834372.0,21317534129.0
2023,10,Empresas públicas,Dietas,15400000.0,15400000.0
2023,10,Empresas públicas,Gastos de representación,123934960.0,123130512.0
2023,10,Empresas públicas,Otros gastos del personal,2358334734.0,2347304059.0
2023,10,Empresas públicas,Personal contratado,5160703756.0,4889544128.0
2023,10,Empresas públicas,Remuneraciones temporales,13492504963.0,11946234256.0
2023,10,Empresas públicas,Sueldo básico,47403620998.0,41791175088.0
2023,10,Entes autónomos y autárquicos,Bonificaciones y asignaciones,7486232669.0,6705005690.0
2023,10,Entes autónomos y autárquicos,Dietas,342650800.0,337650800.0
2023,10,Entes autónomos y autárquicos,Gastos de representación,755660669.0,677176928.0
2023,10,Entes autónomos y autárquicos,Otros gastos del personal,1711726779.0,1581455231.0
2023,10,Entes autónomos y autárquicos,Personal contratado,8318214857.0,7987512676.0
2023,10,Entes autónomos y autárquicos,Remuneraciones temporales,5354575104.0,4933203988.0
2023,10,Entes autónomos y autárquicos,Sueldo básico,41860659035.0,36424907542.0
2023,10,Fuerzas públicas,Bonificaciones y asignaciones,76464273069.0,76464273069.0
2023,10,Fuerzas públicas,Gastos de representación,698096728.0,698096728.0
2023,10,Fuerzas públicas,Otros gastos del personal,10514406307.0,10514406307.0
2023,10,Fuerzas públicas,Personal contratado,1266119386.0,1214844608.0
2023,10,Fuerzas públicas,Remuneraciones temporales,42576076.0,42576076.0
2023,10,Fuerzas públicas,Servicio exterior,978743220.0,978743220.0
2023,10,Fuerzas públicas,Sueldo básico,257172282477.0,257154430331.0
2023,10,Gobiernos departamentales,Bonificaciones y asignaciones,1006755268.0,931967256.0
2023,10,Gobiernos departamentales,Dietas,2096168562.0,2024759966.0
2023,10,Gobiernos departamentales,Gastos de representación,233367200.0,223612592.0
2023,10,Gobiernos departamentales,Otros gastos del personal,345065794.0,343098498.0
2023,10,Gobiernos departamentales,Personal contratado,2883620808.0,2841650153.0
2023,10,Gobiernos departamentales,Remuneraciones temporales,34349155.0,30571379.0
2023,10,Gobiernos departamentales,Sueldo básico,4113725106.0,3754245534.0
2023,10,Municipalidades,Aguinaldo,131918394.0,128987839.0
2023,10,Municipalidades,Bonificaciones y asignaciones,2127196681.0,2063493102.0
2023,10,Municipalidades,Dietas,8480258449.0,8141375239.0
2023,10,Municipalidades,Gastos de representación,5410433848.0,5161793786.0
2023,10,Municipalidades,Otros gastos del personal,165029537.0,165029537.0
2023,10,Municipalidades,Personal contratado,41122291090.0,39267800744.0
2023,10,Municipalidades,Remuneraciones temporales,258572915.0,253872915.0
2023,10,Municipalidades,Sueldo básico,17571867848.0,15570574678.0
2023,10,Otros organismos,Bonificaciones y asignaciones,13613351915.0,12803150195.0
2023,10,Otros organismos,Dietas,120695400.0,104598900.0
2023,10,Otros organismos,Gastos de representación,857889879.0,799812982.0
2023,10,Otros organismos,Otros gastos del personal,171540586.0,107257591.0
2023,10,Otros organismos,Personal contratado,3015972488.0,2514338218.0
2023,10,Otros organismos,Remuneraciones temporales,2827941789.0,2642209301.0
2023,10,Otros organismos,Sueldo básico,37630373433.0,34305402328.0
2023,10,Poder Judicial,Bonificaciones y asignaciones,10386920002.0,10386920002.0
2023,10,Poder Judicial,Dietas,148034200.0,148034200.0
2023,10,Poder Judicial,Gastos de representación,7541754540.0,7473392042.0
2023,10,Poder Judicial,Otros gastos del personal,1810887330.0,1810887330.0
2023,10,Poder Judicial,Personal contratado,10359139325.0,10146777186.0
2023,10,Poder Judicial,Remuneraciones temporales,130254483.0,130254483.0
2023,10,Poder Judicial,Sueldo básico,130331496227.0,129733378170.0
2023,10,Poder Legislativo,Bonificaciones y asignaciones,3981623763.0,3981623763.0
2023,10,Poder Legislativo,Dietas,3700855000.0,3689999159.0
2023,10,Poder Legislativo,Gastos de representación,1559187419.0,1556592719.0
2023,10,Poder Legislativo,Otros gastos del personal,4791479.0,4791479.0
2023,10,Poder Legislativo,Personal contratado,3991876780.0,3991876780.0
2023,10,Poder Legislativo,Remuneraciones temporales,105292500.0,105292500.0
2023,10,Poder Legislativo,Sueldo básico,23977986307.0,23953700974.0
2023,10,SA del Estado,Aguinaldo,38313063.0,38313063.0
2023,10,SA del Estado,Bonificaciones y asignaciones,5651407617.0,5651407617.0
2023,10,SA del Estado,Dietas,114475843.0,98346843.0
2023,10,SA del Estado,Gastos de representación,16133333.0,16133333.0
2023,10,SA del Estado,Otros gastos del personal,959536303.0,959536303.0
2023,10,SA del Estado,Personal contratado,624282080.0,613556365.0
2023,10,SA del Estado,Remuneraciones temporales,1159793797.0,1159793797.0
2023,10,SA del Estado,Sueldo básico,21043445972.0,19777157900.0
2023,10,Salud,Bonificaciones y asignaciones,30765928017.0,29981047168.0
2023,10,Salud,Dietas,105649420.0,104629420.0
2023,10,Salud,Gastos de representación,382733900.0,372998653.0
2023,10,Salud,Otros gastos del personal,8042916682.0,8042808682.0
2023,10,Salud,Personal contratado,190413701190.0,183386932288.0
2023,10,Salud,Remuneraciones temporales,6254376106.0,6221847704.0
2023,10,Salud,Sueldo básico,226195346609.0,221230286192.0
2023,10,Servicio civil del Ejecutivo,Bonificaciones y asignaciones,21037763821.0,21037763821.0
2023,10,Servicio civil del Ejecutivo,Gastos de representación,1600316788.0,1579726709.0
2023,10,Servicio civil del Ejecutivo,Otros gastos del personal,2282976328.0,2282976328.0
2023,10,Servicio civil del Ejecutivo,Personal contratado,36915187482.0,30407878895.0
2023,10,Servicio civil del Ejecutivo,Remuneraciones temporales,7353426460.0,7353426460.0
2023,10,Servicio civil del Ejecutivo,Servicio exterior,14422910849.0,14422910849.0
2023,10,Servicio civil del Ejecutivo,Sueldo básico,72442682840.0,71345435722.0
2023,11,Educación,Aguinaldo,13101714.0,13101714.0
2023,11,Educación,Bonificaciones y asignaciones,50518759543.0,49872174620.0
2023,11,Educación,Dietas,612913240.0,597056266.0
2023,11,Educación,Gastos de representación,3700302568.0,3616771281.0
2023,11,Educación,Otros gastos del personal,3723137865.0,3719887521.0
2023,11,Educación,Personal contratado,8246356722.0,8151741782.0
2023,11,Educación,Remuneraciones temporales,861111772.0,832281643.0
2023,11,Educación,Sueldo básico,606943845584.0,594235613774.0
2023,11,Empresas públicas,Bonificaciones y asignaciones,23333705998.0,21108258375.0
2023,11,Empresas públicas,Dietas,36960000.0,36960000.0
2023,11,Empresas públicas,Gastos de representación,119817261.0,119817261.0
2023,11,Empresas públicas,Otros gastos del personal,2412072836.0,2400978516.0
2023,11,Empresas públicas,Personal contratado,5509627763.0,5180458460.0
2023,11,Empresas públicas,Remuneraciones temporales,13371360552.0,11832044625.0
2023,11,Empresas públicas,Sueldo básico,47293701783.0,41598252816.0
2023,11,Entes autónomos y autárquicos,Bonificaciones y asignaciones,7661928110.0,6865911176.0
2023,11,Entes autónomos y autárquicos,Dietas,349177300.0,344177300.0
2023,11,Entes autónomos y autárquicos,Gastos de representación,754651310.0,682281235.0
2023,11,Entes autónomos y autárquicos,Otros gastos del personal,1959038875.0,1788494285.0
2023,11,Entes autónomos y autárquicos,Personal contratado,10254039823.0,9929963168.0
2023,11,Entes autónomos y autárquicos,Remuneraciones temporales,6024499564.0,5586491052.0
2023,11,Entes autónomos y autárquicos,Sueldo básico,41771264111.0,36365550286.0
2023,11,Fuerzas públicas,Bonificaciones y asignaciones,75849606969.0,75849606969.0
2023,11,Fuerzas públicas,Gastos de representación,694725828.0,694725828.0
2023,11,Fuerzas públicas,Otros gastos del personal,10525522685.0,10525522685.0
2023,11,Fuerzas públicas,Personal contratado,1321308842.0,1216513518.0
2023,11,Fuerzas públicas,Remuneraciones temporales,42765676.0,42765676.0
2023,11,Fuerzas públicas,Servicio exterior,978743220.0,978743220.0
2023,11,Fuerzas públicas,Sueldo básico,256832629757.0,256815287672.0
2023,11,Gobiernos departamentales,Bonificaciones y asignaciones,975774449.0,897748437.0
2023,11,Gobiernos departamentales,Dietas,2082101698.0,2010693102.0
2023,11,Gobiernos departamentales,Gastos de representación,231466400.0,221711792.0
2023,11,Gobiernos departamentales,Otros gastos del personal,349459950.0,347492654.0
2023,11,Gobiernos departamentales,Personal contratado,3010710556.0,2961689317.0
2023,11,Gobiernos departamentales,Remuneraciones temporales,33330881.0,29553105.0
2023,11,Gobiernos departamentales,Sueldo básico,4027425030.0,3676164502.0
2023,11,Municipalidades,Aguinaldo,708635242.0,706288020.0
2023,11,Municipalidades,Bonificaciones y asignaciones,2044742788.0,1964581710.0
2023,11,Municipalidades,Dietas,8390174714.0,8112326680.0
2023,11,Municipalidades,Gastos de representación,5256313915.0,5086761126.0
2023,11,Municipalidades,Otros gastos del personal,83666490.0,83666490.0
2023,11,Municipalidades,Personal contratado,39875293075.0,38493757026.0
2023,11,Municipalidades,Remuneraciones temporales,282645573.0,280645573.0
2023,11,Municipalidades,Sueldo básico,16681986809.0,14869874383.0
2023,11,Otros organismos,Aguinaldo,87310312.0,87310312.0
2023,11,Otros organismos,Bonificaciones y asignaciones,8546004817.0,7769553215.0
2023,11,Otros organismos,Dietas,120695400.0,104598900.0
2023,11,Otros organismos,Gastos de representación,848597380.0,791505268.0
2023,11,Otros organismos,Otros gastos del personal,197541283.0,126895047.0
2023,11,Otros organismos,Personal contratado,2198239523.0,2002674521.0
2023,11,Otros organismos,Remuneraciones temporales,2074414136.0,1881595465.0
2023,11,Otros organismos,Sueldo básico,37559301785.0,34235550563.0
2023,11,Poder Judicial,Bonificaciones y asignaciones,10454423993.0,10454423993.0
2023,11,Poder Judicial,Dietas,148034200.0,148034200.0
2023,11,Poder Judicial,Gastos de representación,7513014140.0,7478850808.0
2023,11,Poder Judicial,Otros gastos del personal,1825966202.0,1825966202.0
2023,11,Poder Judicial,Personal contratado,10572023372.0,10388207085.0
2023,11,Poder Judicial,Remuneraciones temporales,344500771.0,344500771.0
2023,11,Poder Judicial,Sueldo básico,130500880106.0,130037828117.0
2023,11,Poder Legislativo,Bonificaciones y asignaciones,4066771026.0,4066771026.0
2023,11,Poder Legislativo,Dietas,3700855000.0,3696907421.0
2023,11,Poder Legislativo,Gastos de representación,1579950619.0,1578179419.0
2023,11,Poder Legislativo,Otros gastos del personal,5718779.0,5718779.0
2023,11,Poder Legislativo,Personal contratado,3981326780.0,3981326780.0
2023,11,Poder Legislativo,Remuneraciones temporales,134212650.0,134212650.0
2023,11,Poder Legislativo,Sueldo básico,24049186307.0,24030034307.0
2023,11,SA del Estado,Aguinaldo,5283411.0,5283411.0
2023,11,SA del Estado,Bonificaciones y asignaciones,5772972372.0,5772972372.0
2023,11,SA del Estado,Dietas,78016643.0,60523569.0
2023,11,SA del Estado,Gastos de representación,15000000.0,15000000.0
2023,11,SA del Estado,Otros gastos del personal,984096881.0,984096881.0
2023,11,SA del Estado,Personal contratado,775299916.0,770866292.0
2023,11,SA del Estado,Remuneraciones temporales,1161019026.0,1161019026.0
2023,11,SA del Estado,Sueldo básico,20846751871.0,19588122262.0
2023,11,Salud,Bonificaciones y asignaciones,30852012130.0,30042106656.0
2023,11,Salud,Dietas,105649420.0,104629420.0
2023,11,Salud,Gastos de representación,386139500.0,382005500.0
2023,11,Salud,Otros gastos del personal,8038171295.0,8037508835.0
2023,11,Salud,Personal contratado,203745563369.0,196825286752.0
2023,11,Salud,Remuneraciones temporales,6427212119.0,6392787270.0
2023,11,Salud,Sueldo básico,226891998576.0,221747255671.0
2023,11,Servicio civil del Ejecutivo,Bonificaciones y asignaciones,21956624760.0,21956624760.0
2023,11,Servicio civil del Ejecutivo,Gastos de representación,1631162658.0,1622982759.0
2023,11,Servicio civil del Ejecutivo,Otros gastos del personal,2375269932.0,2375269932.0
2023,11,Servicio civil del Ejecutivo,Personal contratado,37154497065.0,31336401819.0
2023,11,Servicio civil del Ejecutivo,Remuneraciones temporales,7755764245.0,7755764245.0
2023,11,Servicio civil del Ejecutivo,Servicio exterior,13805365385.0,13805365385.0
2023,11,Servicio civil del Ejecutivo,Sueldo básico,72631902908.0,72384454902.0
2023,12,Educación,Aguinaldo,584617332864.0,563922395656.0
2023,12,Educación,Bonificaciones y asignaciones,105902091374.0,102562006888.0
2023,12,Educación,Dietas,628577136.0,614139576.0
2023,12,Educación,Gastos de representación,3832869660.0,3743437592.0
2023,12,Educación,Otros gastos del personal,4344603951.0,4306752275.0
2023,12,Educación,Personal contratado,15653564629.0,14037028163.0
2023,12,Educación,Remuneraciones temporales,1580435645.0,1550118000.0
2023,12,Educación,Sueldo básico,603213534338.0,592101873379.0
2023,12,Empresas públicas,Aguinaldo,34964591324.0,34964591324.0
2023,12,Empresas públicas,Bonificaciones y asignaciones,53372320954.0,50266142301.0
2023,12,Empresas públicas,Dietas,36960000.0,36960000.0
2023,12,Empresas públicas,Gastos de representación,142088468.0,141742164.0
2023,12,Empresas públicas,Otros gastos del personal,6128367184.0,6038790429.0
2023,12,Empresas públicas,Personal contratado,7972409275.0,7675415104.0
2023,12,Empresas públicas,Remuneraciones temporales,25314754479.0,23772286644.0
2023,12,Empresas públicas,Sueldo básico,49548527637.0,42690618564.0
2023,12,Entes autónomos y autárquicos,Aguinaldo,39170578144.0,37115921512.0
2023,12,Entes autónomos y autárquicos,Bonificaciones y asignaciones,12420300953.0,11590546871.0
2023,12,Entes autónomos y autárquicos,Dietas,355906900.0,350906900.0
2023,12,Entes autónomos y autárquicos,Gastos de representación,744812948.0,673422359.0
2023,12,Entes autónomos y autárquicos,Otros gastos del personal,3194368220.0,2934626760.0
2023,12,Entes autónomos y autárquicos,Personal contratado,14190276753.0,13870790610.0
2023,12,Entes autónomos y autárquicos,Remuneraciones temporales,11385845494.0,10867528260.0
2023,12,Entes autónomos y autárquicos,Sueldo básico,42539785326.0,37141199784.0
2023,12,Fuerzas públicas,Aguinaldo,251540698452.0,251540698452.0
2023,12,Fuerzas públicas,Bonificaciones y asignaciones,96491761592.0,96491761592.0
2023,12,Fuerzas públicas,Gastos de representación,681577128.0,681577128.0
2023,12,Fuerzas públicas,Otros gastos del personal,15086851961.0,15086851961.0
2023,12,Fuerzas públicas,Personal contratado,2194527247.0,2194193561.0
2023,12,Fuerzas públicas,Remuneraciones temporales,82866581.0,82866581.0
2023,12,Fuerzas públicas,Servicio exterior,2105124840.0,2105124840.0
2023,12,Fuerzas públicas,Sueldo básico,261037305289.0,261013959782.0
2023,12,Gobiernos departamentales,Aguinaldo,2733981478.0,2718514655.0
2023,12,Gobiernos departamentales,Bonificaciones y asignaciones,1240357458.0,1167837819.0
2023,12,Gobiernos departamentales,Dietas,2250455160.0,2179046564.0
2023,12,Gobiernos departamentales,Gastos de representación,250784996.0,240885668.0
2023,12,Gobiernos departamentales,Otros gastos del personal,410507444.0,408540148.0
2023,12,Gobiernos departamentales,Personal contratado,3771100411.0,3735569854.0
2023,12,Gobiernos departamentales,Remuneraciones temporales,44293830.0,40516054.0
2023,12,Gobiernos departamentales,Sueldo básico,4294811433.0,3953189988.0
2023,12,Municipalidades,Aguinaldo,12911610794.0,12853083411.0
2023,12,Municipalidades,Bonificaciones y asignaciones,3106732335.0,3069818583.0
2023,12,Municipalidades,Dietas,8930902185.0,8656957424.0
2023,12,Municipalidades,Gastos de representación,5633273186.0,5530580702.0
2023,12,Municipalidades,Otros gastos del personal,171890690.0,170690690.0
2023,12,Municipalidades,Personal contratado,49558328470.0,48228466814.0
2023,12,Municipalidades,Remuneraciones temporales,249477800.0,249239840.0
2023,12,Municipalidades,Sueldo básico,18081912038.0,16223476921.0
2023,12,Otros organismos,Aguinaldo,44678706204.0,44586124882.0
2023,12,Otros organismos,Bonificaciones y asignaciones,12334482438.0,11535127955.0
2023,12,Otros organismos,Dietas,120695400.0,106158900.0
2023,12,Otros organismos,Gastos de representación,879455480.0,822795024.0
2023,12,Otros organismos,Otros gastos del personal,213948191.0,146035476.0
2023,12,Otros organismos,Personal contratado,4432732453.0,4202823314.0
2023,12,Otros organismos,Remuneraciones temporales,4844400527.0,4534399701.0
2023,12,Otros organismos,Sueldo básico,37219838796.0,33971362855.0
2023,12,Poder Judicial,Aguinaldo,134894617656.0,134894617656.0
2023,12,Poder Judicial,Bonificaciones y asignaciones,25935728799.0,25935728799.0
2023,12,Poder Judicial,Dietas,59213680.0,59213680.0
2023,12,Poder Judicial,Gastos de representación,7484020040.0,7463357540.0
2023,12,Poder Judicial,Otros gastos del personal,2303723127.0,2303723127.0
2023,12,Poder Judicial,Personal contratado,19871596639.0,19760366407.0
2023,12,Poder Judicial,Remuneraciones temporales,515892576.0,515892576.0
2023,12,Poder Judicial,Sueldo básico,130920176627.0,130565483180.0
2023,12,Poder Legislativo,Aguinaldo,28016499307.0,28016499307.0
2023,12,Poder Legislativo,Bonificaciones y asignaciones,7885483405.0,7885483405.0
2023,12,Poder Legislativo,Dietas,3671248160.0,3671248160.0
2023,12,Poder Legislativo,Gastos de representación,1582249332.0,1582249332.0
2023,12,Poder Legislativo,Otros gastos del personal,1936871.0,1936871.0
2023,12,Poder Legislativo,Personal contratado,7965652302.0,7965652302.0
2023,12,Poder Legislativo,Remuneraciones temporales,158389192.0,158389192.0
2023,12,Poder Legislativo,Sueldo básico,24043486307.0,24024334307.0
2023,12,SA del Estado,Aguinaldo,13637047598.0,13637047598.0
2023,12,SA del Estado,Bonificaciones y asignaciones,5959261671.0,5959261671.0
2023,12,SA del Estado,Dietas,78016643.0,65491389.0
2023,12,SA del Estado,Gastos de representación,15000000.0,15000000.0
2023,12,SA del Estado,Otros gastos del personal,1023387154.0,1021053821.0
2023,12,SA del Estado,Personal contratado,1123938300.0,1119523187.0
2023,12,SA del Estado,Remuneraciones temporales,1158463224.0,1158463224.0
2023,12,SA del Estado,Sueldo básico,20776790672.0,19532800164.0
2023,12,Salud,Aguinaldo,151275389278.0,151275389278.0
2023,12,Salud,Bonificaciones y asignaciones,44826155986.0,44047017615.0
2023,12,Salud,Dietas,95449420.0,94429420.0
2023,12,Salud,Gastos de representación,378277300.0,374251300.0
2023,12,Salud,Otros gastos del personal,8262914566.0,8261781139.0
2023,12,Salud,Personal contratado,346252426713.0,339694848970.0
2023,12,Salud,Remuneraciones temporales,11235938598.0,11174505909.0
2023,12,Salud,Sueldo básico,227308388347.0,222048879977.0
2023,12,Servicio civil del Ejecutivo,Aguinaldo,69863936001.0,69863936001.0
2023,12,Servicio civil del Ejecutivo,Bonificaciones y asignaciones,43853946044.0,43853946044.0
2023,12,Servicio civil del Ejecutivo,Gastos de representación,1628491158.0,1623894133.0
2023,12,Servicio civil del Ejecutivo,Otros gastos del personal,43412515374.0,43412515374.0
2023,12,Servicio civil del Ejecutivo,Personal contratado,61739388068.0,57723024442.0
2023,12,Servicio civil del Ejecutivo,Remuneraciones temporales,11594983670.0,11594983670.0
2023,12,Servicio civil del Ejecutivo,Servicio exterior,27075629948.0,27075629948.0
2023,12,Servicio civil del Ejecutivo,Sueldo básico,72866589759.0,72579108153.0
2024,1,Educación,Aguinaldo,27451389.0,18692834.0
2024,1,Educación,Bonificaciones y asignaciones,70276302031.0,69660826575.0
2024,1,Educación,Dietas,567658134.0,552996253.0
2024,1,Educación,Gastos de representación,3810727077.0,3711372900.0
2024,1,Educación,Otros gastos del personal,4667774580.0,4659831633.0
2024,1,Educación,Personal contratado,5947129026.0,5834860820.0
2024,1,Educación,Remuneraciones temporales,200554258.0,196579975.0
2024,1,Educación,Sueldo básico,590552126775.0,578520588230.0
2024,1,Empresas públicas,Bonificaciones y asignaciones,26325286039.0,23691538166.0
2024,1,Empresas públicas,Dietas,36960000.0,36960000.0
2024,1,Empresas públicas,Gastos de representación,118150200.0,117803896.0
2024,1,Empresas públicas,Otros gastos del personal,2750114445.0,2739279083.0
2024,1,Empresas públicas,Personal contratado,5748161656.0,5428090030.0
2024,1,Empresas públicas,Remuneraciones temporales,12987531709.0,11366206368.0
2024,1,Empresas públicas,Sueldo básico,46313530981.0,41221406060.0
2024,1,Entes autónomos y autárquicos,Aguinaldo,7409313.0,7409313.0
2024,1,Entes autónomos y autárquicos,Bonificaciones y asignaciones,10691355499.0,9355389554.0
2024,1,Entes autónomos y autárquicos,Dietas,342287900.0,334037900.0
2024,1,Entes autónomos y autárquicos,Gastos de representación,751228360.0,673503409.0
2024,1,Entes autónomos y autárquicos,Otros gastos del personal,2173515177.0,1863083373.0
2024,1,Entes autónomos y autárquicos,Personal contratado,6390165809.0,6125973631.0
2024,1,Entes autónomos y autárquicos,Remuneraciones temporales,2519978577.0,2176497524.0
2024,1,Entes autónomos y autárquicos,Sueldo básico,50158913896.0,42202152674.0
2024,1,Fuerzas públicas,Bonificaciones y asignaciones,77183892212.0,77183892212.0
2024,1,Fuerzas públicas,Gastos de representación,707501028.0,707501028.0
2024,1,Fuerzas públicas,Otros gastos del personal,11493897838.0,11493897838.0
2024,1,Fuerzas públicas,Personal contratado,967999108.0,967999108.0
2024,1,Fuerzas públicas,Remuneraciones temporales,38354300.0,38354300.0
2024,1,Fuerzas públicas,Servicio exterior,1157124940.0,1157124940.0
2024,1,Fuerzas públicas,Sueldo básico,269603773845.0,269575378560.0
2024,1,Gobiernos departamentales,Bonificaciones y asignaciones,924901036.0,863327352.0
2024,1,Gobiernos departamentales,Dietas,2332169622.0,2254777990.0
2024,1,Gobiernos departamentales,Gastos de representación,249796400.0,239897072.0
2024,1,Gobiernos departamentales,Otros gastos del personal,170099382.0,169033081.0
2024,1,Gobiernos departamentales,Personal contratado,2703287522.0,2665498911.0
2024,1,Gobiernos departamentales,Remuneraciones temporales,32008857.0,29208547.0
2024,1,Gobiernos departamentales,Sueldo básico,4137440081.0,3772275976.0
2024,1,Municipalidades,Aguinaldo,153290275.0,152731184.0
2024,1,Municipalidades,Bonificaciones y asignaciones,2162559566.0,2115894664.0
2024,1,Municipalidades,Dietas,8864543208.0,8609159441.0
2024,1,Municipalidades,Gastos de representación,5579835557.0,5383216600.0
2024,1,Municipalidades,Otros gastos del personal,407418690.0,407418690.0
2024,1,Municipalidades,Personal contratado,37737977606.0,36335012693.0
2024,1,Municipalidades,Remuneraciones temporales,213808655.0,213487558.0
2024,1,Municipalidades,Sueldo básico,18368440162.0,16381484219.0
2024,1,Otros organismos,Aguinaldo,18413000.0,0.0
2024,1,Otros organismos,Bonificaciones y asignaciones,8393849122.0,7616614782.0
2024,1,Otros organismos,Dietas,139108787.0,103872682.0
2024,1,Otros organismos,Gastos de representación,932822169.0,875280501.0
2024,1,Otros organismos,Otros gastos del personal,153194566.0,126268710.0
2024,1,Otros organismos,Personal contratado,1973516011.0,1789881781.0
2024,1,Otros organismos,Remuneraciones temporales,142906895.0,126453777.0
2024,1,Otros organismos,Sueldo básico,39333406361.0,35761163752.0
2024,1,Poder Judicial,Bonificaciones y asignaciones,9806549135.0,9806549135.0
2024,1,Poder Judicial,Dietas,118427360.0,118427360.0
2024,1,Poder Judicial,Gastos de representación,7430989820.0,7412773655.0
2024,1,Poder Judicial,Otros gastos del personal,1889004163.0,1889004163.0
2024,1,Poder Judicial,Personal contratado,5353072938.0,5257502912.0
2024,1,Poder Judicial,Remuneraciones temporales,34650000.0,34650000.0
2024,1,Poder Judicial,Sueldo básico,131300949354.0,130844685245.0
2024,1,Poder Legislativo,Bonificaciones y asignaciones,3625357064.0,3625357064.0
2024,1,Poder Legislativo,Dietas,3700855000.0,3700855000.0
2024,1,Poder Legislativo,Gastos de representación,1573902432.0,1572710999.0
2024,1,Poder Legislativo,Personal contratado,3790766473.0,3790766473.0
2024,1,Poder Legislativo,Sueldo básico,23927446000.0,23927446000.0
2024,1,SA del Estado,Aguinaldo,9494693.0,9494693.0
2024,1,SA del Estado,Bonificaciones y asignaciones,6264292814.0,6264292814.0
2024,1,SA del Estado,Dietas,64182907.0,51752907.0
2024,1,SA del Estado,Gastos de representación,16933333.0,16933333.0
2024,1,SA del Estado,Otros gastos del personal,1014996363.0,1013556834.0
2024,1,SA del Estado,Personal contratado,367712310.0,356114614.0
2024,1,SA del Estado,Remuneraciones temporales,1163732420.0,1163732420.0
2024,1,SA del Estado,Sueldo básico,19956420792.0,18778522519.0
2024,1,Salud,Bonificaciones y asignaciones,93538664330.0,88814738573.0
2024,1,Salud,Dietas,105649420.0,104629420.0
2024,1,Salud,Gastos de representación,382241700.0,376736286.0
2024,1,Salud,Otros gastos del personal,7982602159.0,7981697239.0
2024,1,Salud,Personal contratado,187614906903.0,184492560569.0
2024,1,Salud,Remuneraciones temporales,4375825564.0,4375825564.0
2024,1,Salud,Sueldo básico,234433634860.0,229422013547.0
2024,1,Servicio civil del Ejecutivo,Bonificaciones y asignaciones,14506837075.0,14506837075.0
2024,1,Servicio civil del Ejecutivo,Gastos de representación,1512920597.0,1502463348.0
2024,1,Servicio civil del Ejecutivo,Otros gastos del personal,1888037886.0,1888037886.0
2024,1,Servicio civil del Ejecutivo,Personal contratado,20614827793.0,20169055727.0
2024,1,Servicio civil del Ejecutivo,Remuneraciones temporales,1410461436.0,1410461436.0
2024,1,Servicio civil del Ejecutivo,Servicio exterior,14299214810.0,14299214810.0
2024,1,Servicio civil del Ejecutivo,Sueldo básico,70149391795.0,69983986515.0
2024,2,Educación,Aguinaldo,25887247.0,17128692.0
2024,2,Educación,Bonificaciones y asignaciones,70619504447.0,69981437926.0
2024,2,Educación,Dietas,609008390.0,584612449.0
2024,2,Educación,Gastos de representación,3828806068.0,3726940526.0
2024,2,Educación,Otros gastos del personal,4867696860.0,4852132152.0
2024,2,Educación,Personal contratado,6592799975.0,6480160607.0
2024,2,Educación,Remuneraciones temporales,442049152.0,437863207.0
2024,2,Educación,Sueldo básico,597679406538.0,585865954340.0
2024,2,Empresas públicas,Bonificaciones y asignaciones,26431875809.0,23786540820.0
2024,2,Empresas públicas,Dietas,36960000.0,36960000.0
2024,2,Empresas públicas,Gastos de representación,123295390.0,122949086.0
2024,2,Empresas públicas,Otros gastos del personal,2716749938.0,2715981723.0
2024,2,Empresas públicas,Personal contratado,5650142948.0,5342467595.0
2024,2,Empresas públicas,Remuneraciones temporales,13081054801.0,11522055798.0
2024,2,Empresas públicas,Sueldo básico,46201124493.0,41119907481.0
2024,2,Entes autónomos y autárquicos,Bonificaciones y asignaciones,18374940017.0,15734649053.0
2024,2,Entes autónomos y autárquicos,Dietas,362287900.0,354037900.0
2024,2,Entes autónomos y autárquicos,Gastos de representación,739503120.0,613731092.0
2024,2,Entes autónomos y autárquicos,Otros gastos del personal,2369972559.0,2090535378.0
2024,2,Entes autónomos y autárquicos,Personal contratado,9001753704.0,8372890599.0
2024,2,Entes autónomos y autárquicos,Remuneraciones temporales,4769718760.0,3922504332.0
2024,2,Entes autónomos y autárquicos,Sueldo básico,47959590200.0,39536188621.0
2024,2,Fuerzas públicas,Bonificaciones y asignaciones,79664574977.0,79664574977.0
2024,2,Fuerzas públicas,Gastos de representación,716242528.0,716242528.0
2024,2,Fuerzas públicas,Otros gastos del personal,126804698229.0,126804698229.0
2024,2,Fuerzas públicas,Personal contratado,1119367355.0,1059350570.0
2024,2,Fuerzas públicas,Remuneraciones temporales,38454900.0,38454900.0
2024,2,Fuerzas públicas,Servicio exterior,1157124940.0,1157124940.0
2024,2,Fuerzas públicas,Sueldo básico,269449159648.0,269414110388.0
2024,2,Gobiernos departamentales,Bonificaciones y asignaciones,1041130871.0,967282834.0
2024,2,Gobiernos departamentales,Dietas,2398789398.0,2301439366.0
2024,2,Gobiernos departamentales,Gastos de representación,253083000.0,242703672.0
2024,2,Gobiernos departamentales,Otros gastos del personal,176164101.0,169857300.0
2024,2,Gobiernos departamentales,Personal contratado,2706936954.0,2670871668.0
2024,2,Gobiernos departamentales,Remuneraciones temporales,28511683.0,25711373.0
2024,2,Gobiernos departamentales,Sueldo básico,4174211478.0,3790015828.0
2024,2,Municipalidades,Aguinaldo,132980590.0,132421499.0
2024,2,Municipalidades,Bonificaciones y asignaciones,2136957081.0,2100754953.0
2024,2,Municipalidades,Dietas,9056126520.0,8784558989.0
2024,2,Municipalidades,Gastos de representación,5622526539.0,5447368504.0
2024,2,Municipalidades,Otros gastos del personal,167009113.0,167009113.0
2024,2,Municipalidades,Personal contratado,39826384526.0,38536719307.0
2024,2,Municipalidades,Remuneraciones temporales,296639390.0,296639390.0
2024,2,Municipalidades,Sueldo básico,18272302839.0,16332074104.0
2024,2,Otros organismos,Aguinaldo,10542000.0,0.0
2024,2,Otros organismos,Bonificaciones y asignaciones,17758579114.0,16852516962.0
2024,2,Otros organismos,Dietas,196628787.0,159172682.0
2024,2,Otros organismos,Gastos de representación,970909999.0,907733360.0
2024,2,Otros organismos,Otros gastos del personal,192340120.0,126136796.0
2024,2,Otros organismos,Personal contratado,2875915975.0,2679371146.0
2024,2,Otros organismos,Remuneraciones temporales,2651766505.0,2449619157.0
2024,2,Otros organismos,Sueldo básico,39831499900.0,36282609221.0
2024,2,Poder Judicial,Bonificaciones y asignaciones,10452990923.0,10452990923.0
2024,2,Poder Judicial,Dietas,148034200.0,148034200.0
2024,2,Poder Judicial,Gastos de representación,7632514120.0,7599194335.0
2024,2,Poder Judicial,Otros gastos del personal,1946890110.0,1946890110.0
2024,2,Poder Judicial,Personal contratado,7703577105.0,7615735447.0
2024,2,Poder Judicial,Remuneraciones temporales,130545372.0,130545372.0
2024,2,Poder Judicial,Sueldo básico,135282735931.0,134912543314.0
2024,2,Poder Legislativo,Bonificaciones y asignaciones,4033392987.0,4033392987.0
2024,2,Poder Legislativo,Dietas,3700855000.0,3700855000.0
2024,2,Poder Legislativo,Gastos de representación,1590924432.0,1590924432.0
2024,2,Poder Legislativo,Otros gastos del personal,15294925.0,15294925.0
2024,2,Poder Legislativo,Personal contratado,3977006539.0,3973106539.0
2024,2,Poder Legislativo,Sueldo básico,24081446000.0,24074956000.0
2024,2,SA del Estado,Aguinaldo,6981680.0,6981680.0
2024,2,SA del Estado,Bonificaciones y asignaciones,5609277165.0,5609277165.0
2024,2,SA del Estado,Dietas,63194783.0,49094709.0
2024,2,SA del Estado,Gastos de representación,17000000.0,17000000.0
2024,2,SA del Estado,Otros gastos del personal,1023892595.0,1021182913.0
2024,2,SA del Estado,Personal contratado,870078792.0,864845222.0
2024,2,SA del Estado,Remuneraciones temporales,1108933022.0,1108933022.0
2024,2,SA del Estado,Sueldo básico,19819534819.0,18659587698.0
2024,2,Salud,Bonificaciones y asignaciones,27711143580.0,26912538639.0
2024,2,Salud,Dietas,105649420.0,104629420.0
2024,2,Salud,Gastos de representación,379027100.0,373918650.0
2024,2,Salud,Otros gastos del personal,8027223480.0,8023502734.0
2024,2,Salud,Personal contratado,191194551403.0,186802168490.0
2024,2,Salud,Remuneraciones temporales,4973110881.0,4945850135.0
2024,2,Salud,Sueldo básico,234046160179.0,228980308163.0
2024,2,Servicio civil del Ejecutivo,Bonificaciones y asignaciones,27321805020.0,27321805020.0
2024,2,Servicio civil del Ejecutivo,Gastos de representación,1555683046.0,1542960018.0
2024,2,Servicio civil del Ejecutivo,Otros gastos del personal,1985517484.0,1985517484.0
2024,2,Servicio civil del Ejecutivo,Personal contratado,27939696932.0,25563897187.0
2024,2,Servicio civil del Ejecutivo,Remuneraciones temporales,3590725955.0,3590725955.0
2024,2,Servicio civil del Ejecutivo,Servicio exterior,14424445752.0,14424445752.0
2024,2,Servicio civil del Ejecutivo,Sueldo básico,71567769326.0,71343486119.0
2024,3,Educación,Aguinaldo,25887247.0,17128692.0
2024,3,Educación,Bonificaciones y asignaciones,76054825113.0,75402251853.0
2024,3,Educación,Dietas,616003910.0,596933134.0
2024,3,Educación,Gastos de representación,3777757768.0,3671796745.0
2024,3,Educación,Otros gastos del personal,4884160195.0,4877038768.0
2024,3,Educación,Personal contratado,6823813320.0,6713381323.0
2024,3,Educación,Remuneraciones temporales,617961685.0,594657066.0
2024,3,Educación,Sueldo básico,608581691806.0,596738308100.0
2024,3,Empresas públicas,Bonificaciones y asignaciones,46714313324.0,41921729987.0
2024,3,Empresas públicas,Dietas,36960000.0,36960000.0
2024,3,Empresas públicas,Gastos de representación,121442486.0,121442486.0
2024,3,Empresas públicas,Otros gastos del personal,2793876499.0,2782726637.0
2024,3,Empresas públicas,Personal contratado,5907783215.0,5601810296.0
2024,3,Empresas públicas,Remuneraciones temporales,14643066776.0,12850007325.0
2024,3,Empresas públicas,Sueldo básico,50123149976.0,44531364017.0
2024,3,Entes autónomos y autárquicos,Bonificaciones y asignaciones,21145092816.0,19770219577.0
2024,3,Entes autónomos y autárquicos,Dietas,386867400.0,378617400.0
2024,3,Entes autónomos y autárquicos,Gastos de representación,776395823.0,705386400.0
2024,3,Entes autónomos y autárquicos,Otros gastos del personal,2224375413.0,2021184676.0
2024,3,Entes autónomos y autárquicos,Personal contratado,8659354657.0,8367762114.0
2024,3,Entes autónomos y autárquicos,Remuneraciones temporales,6482039887.0,5968215516.0
2024,3,Entes autónomos y autárquicos,Sueldo básico,47724286090.0,41515009806.0
2024,3,Fuerzas públicas,Bonificaciones y asignaciones,77277780258.0,77277780258.0
2024,3,Fuerzas públicas,Gastos de representación,721602528.0,721602528.0
2024,3,Fuerzas públicas,Otros gastos del personal,10788839837.0,10788839837.0
2024,3,Fuerzas públicas,Personal contratado,1164175984.0,1048412485.0
2024,3,Fuerzas públicas,Remuneraciones temporales,38461000.0,38461000.0
2024,3,Fuerzas públicas,Servicio exterior,1157124940.0,1157124940.0
2024,3,Fuerzas públicas,Sueldo básico,269109239365.0,269068872947.0
2024,3,Gobiernos departamentales,Bonificaciones y asignaciones,1535460170.0,1471708243.0
2024,3,Gobiernos departamentales,Dietas,2398789398.0,2301439366.0
2024,3,Gobiernos departamentales,Gastos de representación,253083000.0,242703672.0
2024,3,Gobiernos departamentales,Otros gastos del personal,175089882.0,168933081.0
2024,3,Gobiernos departamentales,Personal contratado,2963411809.0,2924529517.0
2024,3,Gobiernos departamentales,Remuneraciones temporales,29167194.0,26366884.0
2024,3,Gobiernos departamentales,Sueldo básico,4167733408.0,3801332429.0
2024,3,Municipalidades,Aguinaldo,126568817.0,125509726.0
2024,3,Municipalidades,Bonificaciones y asignaciones,2291245827.0,2255107404.0
2024,3,Municipalidades,Dietas,8816485292.0,8577095990.0
2024,3,Municipalidades,Gastos de representación,5478078947.0,5322523994.0
2024,3,Municipalidades,Otros gastos del personal,189402581.0,189402581.0
2024,3,Municipalidades,Personal contratado,40888994155.0,39414535356.0
2024,3,Municipalidades,Remuneraciones temporales,228689563.0,228276684.0
2024,3,Municipalidades,Sueldo básico,18171052167.0,16223430844.0
2024,3,Otros organismos,Aguinaldo,10542000.0,0.0
2024,3,Otros organismos,Bonificaciones y asignaciones,12194476810.0,11397834561.0
2024,3,Otros organismos,Dietas,124678100.0,121231600.0
2024,3,Otros organismos,Gastos de representación,958039209.0,895613779.0
2024,3,Otros organismos,Otros gastos del personal,161975804.0,83306173.0
2024,3,Otros organismos,Personal contratado,2212684191.0,2015046183.0
2024,3,Otros organismos,Remuneraciones temporales,2714336485.0,2537993096.0
2024,3,Otros organismos,Sueldo básico,38895930369.0,35446977896.0
2024,3,Poder Judicial,Bonificaciones y asignaciones,15916364346.0,15916364346.0
2024,3,Poder Judicial,Dietas,148034200.0,148034200.0
2024,3,Poder Judicial,Gastos de representación,7654177920.0,7630168337.0
2024,3,Poder Judicial,Otros gastos del personal,1941571959.0,1941571959.0
2024,3,Poder Judicial,Personal contratado,7701937808.0,7613765365.0
2024,3,Poder Judicial,Remuneraciones temporales,144267139.0,144267139.0
2024,3,Poder Judicial,Sueldo básico,135713518970.0,135265645838.0
2024,3,Poder Legislativo,Bonificaciones y asignaciones,6573084757.0,6573084757.0
2024,3,Poder Legislativo,Dietas,3700855000.0,3700855000.0
2024,3,Poder Legislativo,Gastos de representación,1599127432.0,1599127432.0
2024,3,Poder Legislativo,Otros gastos del personal,5940385.0,5940385.0
2024,3,Poder Legislativo,Personal contratado,4031124763.0,4031124763.0
2024,3,Poder Legislativo,Remuneraciones temporales,60780750.0,60780750.0
2024,3,Poder Legislativo,Sueldo básico,24104346000.0,24095646000.0
2024,3,SA del Estado,Aguinaldo,13884288.0,13884288.0
2024,3,SA del Estado,Bonificaciones y asignaciones,5435615873.0,5435615873.0
2024,3,SA del Estado,Dietas,133537208.0,119437134.0
2024,3,SA del Estado,Gastos de representación,17000000.0,17000000.0
2024,3,SA del Estado,Otros gastos del personal,1085582911.0,1085582911.0
2024,3,SA del Estado,Personal contratado,881396165.0,874642986.0
2024,3,SA del Estado,Remuneraciones temporales,1102906305.0,1102906305.0
2024,3,SA del Estado,Sueldo básico,19650702827.0,18518641384.0
2024,3,Salud,Bonificaciones y asignaciones,30597442854.0,29782393326.0
2024,3,Salud,Dietas,105649420.0,104629420.0
2024,3,Salud,Gastos de representación,380976000.0,375023027.0
2024,3,Salud,Otros gastos del personal,7991637556.0,7989857962.0
2024,3,Salud,Personal contratado,197486745338.0,190433388830.0
2024,3,Salud,Remuneraciones temporales,5313402713.0,5281341444.0
2024,3,Salud,Sueldo básico,233527240131.0,228497615475.0
2024,3,Servicio civil del Ejecutivo,Bonificaciones y asignaciones,22833809120.0,22833809120.0
2024,3,Servicio civil del Ejecutivo,Gastos de representación,1594745146.0,1589824489.0
2024,3,Servicio civil del Ejecutivo,Otros gastos del personal,2328311617.0,2328311617.0
2024,3,Servicio civil del Ejecutivo,Personal contratado,32624555262.0,28617491653.0
2024,3,Servicio civil del Ejecutivo,Remuneraciones temporales,4669287331.0,4669287331.0
2024,3,Servicio civil del Ejecutivo,Servicio exterior,14610218436.0,14610218436.0
2024,3,Servicio civil del Ejecutivo,Sueldo básico,71835884850.0,71602053951.0
2024,4,Educación,Aguinaldo,25887247.0,17128692.0
2024,4,Educación,Bonificaciones y asignaciones,71203573395.0,70561281398.0
2024,4,Educación,Dietas,656536793.0,628814761.0
2024,4,Educación,Gastos de representación,3754190677.0,3650475160.0
2024,4,Educación,Otros gastos del personal,4744066430.0,4737482714.0
2024,4,Educación,Personal contratado,7183787265.0,7059567999.0
2024,4,Educación,Remuneraciones temporales,741827331.0,722699118.0
2024,4,Educación,Sueldo básico,613885319524.0,602001133557.0
2024,4,Empresas públicas,Bonificaciones y asignaciones,24861162001.0,22391582541.0
2024,4,Empresas públicas,Dietas,36960000.0,36960000.0
2024,4,Empresas públicas,Gastos de representación,119308640.0,119308640.0
2024,4,Empresas públicas,Otros gastos del personal,2756770565.0,2745383903.0
2024,4,Empresas públicas,Personal contratado,5701784589.0,5390509294.0
2024,4,Empresas públicas,Remuneraciones temporales,14761114938.0,12956037452.0
2024,4,Empresas públicas,Sueldo básico,47245733828.0,42016860656.0
2024,4,Entes autónomos y autárquicos,Bonificaciones y asignaciones,14403946889.0,13102687074.0
2024,4,Entes autónomos y autárquicos,Dietas,347960600.0,339403688.0
2024,4,Entes autónomos y autárquicos,Gastos de representación,763783010.0,682625718.0
2024,4,Entes autónomos y autárquicos,Otros gastos del personal,2366032241.0,2173466082.0
2024,4,Entes autónomos y autárquicos,Personal contratado,7212538326.0,6919622617.0
2024,4,Entes autónomos y autárquicos,Remuneraciones temporales,6594603376.0,6034174170.0
2024,4,Entes autónomos y autárquicos,Sueldo básico,47278065516.0,41099974576.0
2024,4,Fuerzas públicas,Bonificaciones y asignaciones,77587453836.0,77587453836.0
2024,4,Fuerzas públicas,Gastos de representación,719363428.0,719363428.0
2024,4,Fuerzas públicas,Otros gastos del personal,10748458744.0,10748458744.0
2024,4,Fuerzas públicas,Personal contratado,1168898046.0,1033628952.0
2024,4,Fuerzas públicas,Remuneraciones temporales,38575000.0,38575000.0
2024,4,Fuerzas públicas,Servicio exterior,1157124940.0,1157124940.0
2024,4,Fuerzas públicas,Sueldo básico,269500221839.0,269364071265.0
2024,4,Gobiernos departamentales,Bonificaciones y asignaciones,1059157933.0,999695041.0
2024,4,Gobiernos departamentales,Dietas,2429653214.0,2332303182.0
2024,4,Gobiernos departamentales,Gastos de representación,254033400.0,243750552.0
2024,4,Gobiernos departamentales,Otros gastos del personal,178145382.0,171755701.0
2024,4,Gobiernos departamentales,Personal contratado,3016731658.0,2965597782.0
2024,4,Gobiernos departamentales,Remuneraciones temporales,29192913.0,26424230.0
2024,4,Gobiernos departamentales,Sueldo básico,4194368365.0,3838072200.0
2024,4,Municipalidades,Aguinaldo,62464960.0,61328050.0
2024,4,Municipalidades,Bonificaciones y asignaciones,2436557707.0,2400795694.0
2024,4,Municipalidades,Dietas,8980463108.0,8660348987.0
2024,4,Municipalidades,Gastos de representación,5591485722.0,5406377272.0
2024,4,Municipalidades,Otros gastos del personal,179053053.0,179053053.0
2024,4,Municipalidades,Personal contratado,42427921688.0,40900359296.0
2024,4,Municipalidades,Remuneraciones temporales,248014359.0,246645811.0
2024,4,Municipalidades,Sueldo básico,18399691263.0,16424149360.0
2024,4,Otros organismos,Bonificaciones y asignaciones,10189609370.0,9409403764.0
2024,4,Otros organismos,Dietas,169818100.0,166858100.0
2024,4,Otros organismos,Gastos de representación,959735455.0,905001371.0
2024,4,Otros organismos,Otros gastos del personal,171972840.0,91079471.0
2024,4,Otros organismos,Personal contratado,2270933849.0,2088173963.0
2024,4,Otros organismos,Remuneraciones temporales,2663548739.0,2487351577.0
2024,4,Otros organismos,Sueldo básico,38782169541.0,35333089114.0
2024,4,Poder Judicial,Bonificaciones y asignaciones,10735542277.0,10735542277.0
2024,4,Poder Judicial,Dietas,148034200.0,148034200.0
2024,4,Poder Judicial,Gastos de representación,7627432020.0,7602758787.0
2024,4,Poder Judicial,Otros gastos del personal,1927603406.0,1927603406.0
2024,4,Poder Judicial,Personal contratado,7862315592.0,7826418081.0
2024,4,Poder Judicial,Remuneraciones temporales,160964396.0,160964396.0
2024,4,Poder Judicial,Sueldo básico,136163060068.0,135783489137.0
2024,4,Poder Legislativo,Bonificaciones y asignaciones,4152755486.0,4152755486.0
2024,4,Poder Legislativo,Dietas,3700855000.0,3700855000.0
2024,4,Poder Legislativo,Gastos de representación,1594154232.0,1594154232.0
2024,4,Poder Legislativo,Otros gastos del personal,4238127126.0,4238127126.0
2024,4,Poder Legislativo,Personal contratado,4043854938.0,4042954938.0
2024,4,Poder Legislativo,Remuneraciones temporales,60769500.0,60769500.0
2024,4,Poder Legislativo,Sueldo básico,24127846000.0,24126762667.0
2024,4,SA del Estado,Aguinaldo,10592956.0,10592956.0
2024,4,SA del Estado,Bonificaciones y asignaciones,5505907061.0,5505907061.0
2024,4,SA del Estado,Dietas,86905713.0,72805639.0
2024,4,SA del Estado,Gastos de representación,18000000.0,18000000.0
2024,4,SA del Estado,Otros gastos del personal,1040790539.0,1040790539.0
2024,4,SA del Estado,Personal contratado,1025218911.0,1015147120.0
2024,4,SA del Estado,Remuneraciones temporales,1140820083.0,1140820083.0
2024,4,SA del Estado,Sueldo básico,19821238149.0,18679019225.0
2024,4,Salud,Bonificaciones y asignaciones,29504009652.0,28699914419.0
2024,4,Salud,Dietas,105649420.0,104629420.0
2024,4,Salud,Gastos de representación,375591600.0,370671127.0
2024,4,Salud,Otros gastos del personal,8333141938.0,8330785806.0
2024,4,Salud,Personal contratado,196441023130.0,189799080714.0
2024,4,Salud,Remuneraciones temporales,5897644027.0,5865695894.0
2024,4,Salud,Sueldo básico,233148831716.0,228175758729.0
2024,4,Servicio civil del Ejecutivo,Bonificaciones y asignaciones,23154059604.0,23154059604.0
2024,4,Servicio civil del Ejecutivo,Gastos de representación,1622091746.0,1615840089.0
2024,4,Servicio civil del Ejecutivo,Otros gastos del personal,2113114092.0,2113114092.0
2024,4,Servicio civil del Ejecutivo,Personal contratado,27145132751.0,26515565732.0
2024,4,Servicio civil del Ejecutivo,Remuneraciones temporales,5165413749.0,5165413749.0
2024,4,Servicio civil del Ejecutivo,Servicio exterior,14491871236.0,14491871236.0
2024,4,Servicio civil del Ejecutivo,Sueldo básico,72087516104.0,71930356187.0
2024,5,Educación,Aguinaldo,24403534.0,15644979.0
2024,5,Educación,Bonificaciones y asignaciones,70856358626.0,70217917627.0
2024,5,Educación,Dietas,695182601.0,667588192.0
2024,5,Educación,Gastos de representación,3761756768.0,3651245102.0
2024,5,Educación,Otros gastos del personal,4874367545.0,4870514781.0
2024,5,Educación,Personal contratado,7467762282.0,7359306714.0
2024,5,Educación,Remuneraciones temporales,720810086.0,701809786.0
2024,5,Educación,Sueldo básico,615033822549.0,603210965989.0
2024,5,Empresas públicas,Bonificaciones y asignaciones,26439703459.0,23771250964.0
2024,5,Empresas públicas,Dietas,36960000.0,36960000.0
2024,5,Empresas públicas,Gastos de representación,119036000.0,119036000.0
2024,5,Empresas públicas,Otros gastos del personal,2790902489.0,2779104827.0
2024,5,Empresas públicas,Personal contratado,5456809004.0,5163789290.0
2024,5,Empresas públicas,Remuneraciones temporales,13618621361.0,11962858017.0
2024,5,Empresas públicas,Sueldo básico,47243095179.0,42004322134.0
2024,5,Entes autónomos y autárquicos,Bonificaciones y asignaciones,10764675849.0,9510709718.0
2024,5,Entes autónomos y autárquicos,Dietas,349978000.0,341421088.0
2024,5,Entes autónomos y autárquicos,Gastos de representación,761196220.0,693725888.0
2024,5,Entes autónomos y autárquicos,Otros gastos del personal,1928796976.0,1803193715.0
2024,5,Entes autónomos y autárquicos,Personal contratado,7786739077.0,7479713446.0
2024,5,Entes autónomos y autárquicos,Remuneraciones temporales,6584608510.0,6037571014.0
2024,5,Entes autónomos y autárquicos,Sueldo básico,47182746235.0,41014977721.0
2024,5,Fuerzas públicas,Bonificaciones y asignaciones,77740720087.0,77740720087.0
2024,5,Fuerzas públicas,Gastos de representación,721505228.0,721505228.0
2024,5,Fuerzas públicas,Otros gastos del personal,10692387186.0,10692387186.0
2024,5,Fuerzas públicas,Personal contratado,1271873712.0,1056886786.0
2024,5,Fuerzas públicas,Remuneraciones temporales,37684400.0,37684400.0
2024,5,Fuerzas públicas,Servicio exterior,1157124940.0,1157124940.0
2024,5,Fuerzas públicas,Sueldo básico,269507886669.0,269449220862.0
2024,5,Gobiernos departamentales,Bonificaciones y asignaciones,1083550680.0,1028496505.0
2024,5,Gobiernos departamentales,Dietas,2429653214.0,2332303182.0
2024,5,Gobiernos departamentales,Gastos de representación,254033400.0,243750552.0
2024,5,Gobiernos departamentales,Otros gastos del personal,293137317.0,286747636.0
2024,5,Gobiernos departamentales,Personal contratado,2913947026.0,2865638994.0
2024,5,Gobiernos departamentales,Remuneraciones temporales,33050706.0,30282023.0
2024,5,Gobiernos departamentales,Sueldo básico,4202171246.0,3852962422.0
2024,5,Municipalidades,Aguinaldo,67992177.0,66111267.0
2024,5,Municipalidades,Bonificaciones y asignaciones,2279227067.0,2242975804.0
2024,5,Municipalidades,Dietas,9030307439.0,8733424561.0
2024,5,Municipalidades,Gastos de representación,5605897080.0,5429281991.0
2024,5,Municipalidades,Otros gastos del personal,194663462.0,194663462.0
2024,5,Municipalidades,Personal contratado,42916065898.0,41395229238.0
2024,5,Municipalidades,Remuneraciones temporales,138895178.0,137517352.0
2024,5,Municipalidades,Sueldo básico,18367519978.0,16366205953.0
2024,5,Otros organismos,Bonificaciones y asignaciones,9561868577.0,8783533903.0
2024,5,Otros organismos,Dietas,124618100.0,123138100.0
2024,5,Otros organismos,Gastos de representación,937625215.0,876853064.0
2024,5,Otros organismos,Otros gastos del personal,520398718.0,328911246.0
2024,5,Otros organismos,Personal contratado,2140795964.0,1942418414.0
2024,5,Otros organismos,Remuneraciones temporales,2894712754.0,2698567885.0
2024,5,Otros organismos,Sueldo básico,38038103699.0,34724434556.0
2024,5,Poder Judicial,Bonificaciones y asignaciones,11770763469.0,11770763469.0
2024,5,Poder Judicial,Dietas,148034200.0,148034200.0
2024,5,Poder Judicial,Gastos de representación,7628682020.0,7598327854.0
2024,5,Poder Judicial,Otros gastos del personal,1943093071.0,1943093071.0
2024,5,Poder Judicial,Personal contratado,7947718193.0,7936351653.0
2024,5,Poder Judicial,Remuneraciones temporales,126152486.0,126152486.0
2024,5,Poder Judicial,Sueldo básico,136552722161.0,136132273707.0
2024,5,Poder Legislativo,Bonificaciones y asignaciones,4151618577.0,4151618577.0
2024,5,Poder Legislativo,Dietas,3700855000.0,3700855000.0
2024,5,Poder Legislativo,Gastos de representación,1577934932.0,1577934932.0
2024,5,Poder Legislativo,Personal contratado,4106143899.0,4106143899.0
2024,5,Poder Legislativo,Remuneraciones temporales,60688200.0,60688200.0
2024,5,Poder Legislativo,Sueldo básico,24128846000.0,24125446000.0
2024,5,SA del Estado,Aguinaldo,16964385.0,16964385.0
2024,5,SA del Estado,Bonificaciones y asignaciones,5501726929.0,5501726929.0
2024,5,SA del Estado,Dietas,86905713.0,72805639.0
2024,5,SA del Estado,Gastos de representación,19000000.0,19000000.0
2024,5,SA del Estado,Otros gastos del personal,1051315365.0,1051315365.0
2024,5,SA del Estado,Personal contratado,1155665951.0,1143073105.0
2024,5,SA del Estado,Remuneraciones temporales,1066295429.0,1066295429.0
2024,5,SA del Estado,Sueldo básico,19586074320.0,18457739594.0
2024,5,Salud,Bonificaciones y asignaciones,38171633558.0,37388770024.0
2024,5,Salud,Dietas,105649420.0,104629420.0
2024,5,Salud,Gastos de representación,373798200.0,369861000.0
2024,5,Salud,Otros gastos del personal,7958477993.0,7957824773.0
2024,5,Salud,Personal contratado,208705095397.0,202776691060.0
2024,5,Salud,Remuneraciones temporales,5855815607.0,5820581031.0
2024,5,Salud,Sueldo básico,232815678510.0,227848274163.0
2024,5,Servicio civil del Ejecutivo,Bonificaciones y asignaciones,18158148509.0,18158148509.0
2024,5,Servicio civil del Ejecutivo,Gastos de representación,1629272246.0,1628392211.0
2024,5,Servicio civil del Ejecutivo,Otros gastos del personal,2114760492.0,2114760492.0
2024,5,Servicio civil del Ejecutivo,Personal contratado,30927878836.0,28125844631.0
2024,5,Servicio civil del Ejecutivo,Remuneraciones temporales,5354798747.0,5354798747.0
2024,5,Servicio civil del Ejecutivo,Servicio exterior,14559251353.0,14559251353.0
2024,5,Servicio civil del Ejecutivo,Sueldo básico,72061217946.0,71896600140.0
2024,6,Educación,Aguinaldo,24403534.0,15644979.0
2024,6,Educación,Bonificaciones y asignaciones,71050786241.0,70265369025.0
2024,6,Educación,Dietas,646973725.0,628219041.0
2024,6,Educación,Gastos de representación,3730388068.0,3615930198.0
2024,6,Educación,Otros gastos del personal,6523613537.0,6519145931.0
2024,6,Educación,Personal contratado,7271519568.0,7169737626.0
2024,6,Educación,Remuneraciones temporales,831883256.0,801414833.0
2024,6,Educación,Sueldo básico,615547142476.0,603137546879.0
2024,6,Empresas públicas,Bonificaciones y asignaciones,26375673358.0,23798157568.0
2024,6,Empresas públicas,Dietas,36960000.0,36960000.0
2024,6,Empresas públicas,Gastos de representación,119036000.0,119036000.0
2024,6,Empresas públicas,Otros gastos del personal,2795337657.0,2784312459.0
2024,6,Empresas públicas,Personal contratado,5728359605.0,5397103852.0
2024,6,Empresas públicas,Remuneraciones temporales,16119830244.0,14172403426.0
2024,6,Empresas públicas,Sueldo básico,47065386344.0,41839339039.0
2024,6,Entes autónomos y autárquicos,Bonificaciones y asignaciones,11909910118.0,10582276311.0
2024,6,Entes autónomos y autárquicos,Dietas,331972900.0,326063438.0
2024,6,Entes autónomos y autárquicos,Gastos de representación,760543930.0,693817531.0
2024,6,Entes autónomos y autárquicos,Otros gastos del personal,2449756042.0,2227290859.0
2024,6,Entes autónomos y autárquicos,Personal contratado,8960995199.0,8578864005.0
2024,6,Entes autónomos y autárquicos,Remuneraciones temporales,6765134362.0,6221090989.0
2024,6,Entes autónomos y autárquicos,Sueldo básico,47040022128.0,40892328851.0
2024,6,Fuerzas públicas,Bonificaciones y asignaciones,78086107367.0,78086107367.0
2024,6,Fuerzas públicas,Gastos de representación,721505228.0,721505228.0
2024,6,Fuerzas públicas,Otros gastos del personal,10650502583.0,10650502583.0
2024,6,Fuerzas públicas,Personal contratado,1250626998.0,1089988952.0
2024,6,Fuerzas públicas,Remuneraciones temporales,38860900.0,38860900.0
2024,6,Fuerzas públicas,Servicio exterior,1157124940.0,1157124940.0
2024,6,Fuerzas públicas,Sueldo básico,268963540248.0,268905786401.0
2024,6,Gobiernos departamentales,Bonificaciones y asignaciones,1081175979.0,1028625804.0
2024,6,Gobiernos departamentales,Dietas,2450575934.0,2353225902.0
2024,6,Gobiernos departamentales,Gastos de representación,255934200.0,245651352.0
2024,6,Gobiernos departamentales,Otros gastos del personal,226711723.0,220322042.0
2024,6,Gobiernos departamentales,Personal contratado,2925800875.0,2874493718.0
2024,6,Gobiernos departamentales,Remuneraciones temporales,31877366.0,29108683.0
2024,6,Gobiernos departamentales,Sueldo básico,4183996066.0,3838302781.0
2024,6,Municipalidades,Aguinaldo,51801901.0,50433246.0
2024,6,Municipalidades,Bonificaciones y asignaciones,2311737118.0,2269056720.0
2024,6,Municipalidades,Dietas,9325546562.0,9021642491.0
2024,6,Municipalidades,Gastos de representación,5848620524.0,5642909922.0
2024,6,Municipalidades,Otros gastos del personal,190027308.0,190027308.0
2024,6,Municipalidades,Personal contratado,43309266244.0,41823462983.0
2024,6,Municipalidades,Remuneraciones temporales,255719208.0,254369216.0
2024,6,Municipalidades,Sueldo básico,18603638825.0,16605704386.0
2024,6,Otros organismos,Bonificaciones y asignaciones,8714220962.0,7945775610.0
2024,6,Otros organismos,Dietas,124618100.0,111711026.0
2024,6,Otros organismos,Gastos de representación,937448896.0,883151870.0
2024,6,Otros organismos,Otros gastos del personal,216100330.0,131755165.0
2024,6,Otros organismos,Personal contratado,2331177220.0,2114508815.0
2024,6,Otros organismos,Remuneraciones temporales,2839826566.0,2651867458.0
2024,6,Otros organismos,Sueldo básico,38558401696.0,35204888221.0
2024,6,Poder Judicial,Bonificaciones y asignaciones,10504783808.0,10504783808.0
2024,6,Poder Judicial,Dietas,148034200.0,148034200.0
2024,6,Poder Judicial,Gastos de representación,7602052920.0,7577557086.0
2024,6,Poder Judicial,Otros gastos del personal,1919555261.0,1919555261.0
2024,6,Poder Judicial,Personal contratado,7961834995.0,7957635744.0
2024,6,Poder Judicial,Remuneraciones temporales,129346486.0,129346486.0
2024,6,Poder Judicial,Sueldo básico,136884251365.0,136590851453.0
2024,6,Poder Legislativo,Bonificaciones y asignaciones,4150033646.0,4150033646.0
2024,6,Poder Legislativo,Dietas,3700855000.0,3700855000.0
2024,6,Poder Legislativo,Gastos de representación,1581100519.0,1581100519.0
2024,6,Poder Legislativo,Personal contratado,4080061873.0,4078411873.0
2024,6,Poder Legislativo,Remuneraciones temporales,101318959.0,101318959.0
2024,6,Poder Legislativo,Sueldo básico,23939446000.0,23926249333.0
2024,6,SA del Estado,Aguinaldo,1450000.0,1450000.0
2024,6,SA del Estado,Bonificaciones y asignaciones,5421302723.0,5421302723.0
2024,6,SA del Estado,Dietas,86905713.0,72805639.0
2024,6,SA del Estado,Gastos de representación,19000000.0,19000000.0
2024,6,SA del Estado,Otros gastos del personal,1018574118.0,1018574118.0
2024,6,SA del Estado,Personal contratado,254267191.0,241667956.0
2024,6,SA del Estado,Remuneraciones temporales,1203045951.0,1203045951.0
2024,6,SA del Estado,Sueldo básico,19459149149.0,18338512581.0
2024,6,Salud,Bonificaciones y asignaciones,28823159619.0,28036908372.0
2024,6,Salud,Dietas,105649420.0,104629420.0
2024,6,Salud,Gastos de representación,377524900.0,373027414.0
2024,6,Salud,Otros gastos del personal,7959752926.0,7959099706.0
2024,6,Salud,Personal contratado,208645800495.0,201726164985.0
2024,6,Salud,Remuneraciones temporales,5979466285.0,5944571852.0
2024,6,Salud,Sueldo básico,232095214854.0,227165115668.0
2024,6,Servicio civil del Ejecutivo,Bonificaciones y asignaciones,21361693674.0,21361693674.0
2024,6,Servicio civil del Ejecutivo,Gastos de representación,1628806995.0,1625088438.0
2024,6,Servicio civil del Ejecutivo,Otros gastos del personal,3091997764.0,3091997764.0
2024,6,Servicio civil del Ejecutivo,Personal contratado,35231615408.0,30109066566.0
2024,6,Servicio civil del Ejecutivo,Remuneraciones temporales,5342559761.0,5342559761.0
2024,6,Servicio civil del Ejecutivo,Servicio exterior,14694952658.0,14694952658.0
2024,6,Servicio civil del Ejecutivo,Sueldo básico,72032066728.0,71795668902.0
2024,7,Educación,Aguinaldo,24403534.0,15644979.0
2024,7,Educación,Bonificaciones y asignaciones,71275762087.0,70493956870.0
2024,7,Educación,Dietas,679443160.0,633676576.0
2024,7,Educación,Gastos de representación,3889988677.0,3771570832.0
2024,7,Educación,Otros gastos del personal,4609653544.0,4606441044.0
2024,7,Educación,Personal contratado,7622371911.0,7524588891.0
2024,7,Educación,Remuneraciones temporales,982909267.0,945637132.0
2024,7,Educación,Sueldo básico,639109535952.0,626739403758.0
2024,7,Empresas públicas,Bonificaciones y asignaciones,25919975968.0,23324957773.0
2024,7,Empresas públicas,Dietas,36960000.0,36960000.0
2024,7,Empresas públicas,Gastos de representación,117416503.0,117416503.0
2024,7,Empresas públicas,Otros gastos del personal,2796487165.0,2785045967.0
2024,7,Empresas públicas,Personal contratado,6617643542.0,6300974666.0
2024,7,Empresas públicas,Remuneraciones temporales,14391886325.0,12636360387.0
2024,7,Empresas públicas,Sueldo básico,46906984213.0,41718041707.0
2024,7,Entes autónomos y autárquicos,Bonificaciones y asignaciones,11265092407.0,9931677740.0
2024,7,Entes autónomos y autárquicos,Dietas,334998050.0,329691138.0
2024,7,Entes autónomos y autárquicos,Gastos de representación,770054018.0,699712809.0
2024,7,Entes autónomos y autárquicos,Otros gastos del personal,2395154538.0,2185048099.0
2024,7,Entes autónomos y autárquicos,Personal contratado,7793743411.0,7482322974.0
2024,7,Entes autónomos y autárquicos,Remuneraciones temporales,6720725978.0,6142541758.0
2024,7,Entes autónomos y autárquicos,Sueldo básico,47071240585.0,40928043382.0
2024,7,Fuerzas públicas,Bonificaciones y asignaciones,78791154273.0,78791154273.0
2024,7,Fuerzas públicas,Gastos de representación,719976928.0,719976928.0
2024,7,Fuerzas públicas,Otros gastos del personal,10676038685.0,10676038685.0
2024,7,Fuerzas públicas,Personal contratado,1371423850.0,1138865209.0
2024,7,Fuerzas públicas,Remuneraciones temporales,38763000.0,38763000.0
2024,7,Fuerzas públicas,Servicio exterior,1157124940.0,1157124940.0
2024,7,Fuerzas públicas,Sueldo básico,275238950037.0,275178580064.0
2024,7,Gobiernos departamentales,Bonificaciones y asignaciones,1090646876.0,1037474102.0
2024,7,Gobiernos departamentales,Dietas,2490349504.0,2412957872.0
2024,7,Gobiernos departamentales,Gastos de representación,256598000.0,246315152.0
2024,7,Gobiernos departamentales,Otros gastos del personal,228661783.0,227362602.0
2024,7,Gobiernos departamentales,Personal contratado,2891225675.0,2840075726.0
2024,7,Gobiernos departamentales,Remuneraciones temporales,32197297.0,29428614.0
2024,7,Gobiernos departamentales,Sueldo básico,4254755686.0,3930077758.0
2024,7,Municipalidades,Aguinaldo,209014108.0,208310908.0
2024,7,Municipalidades,Bonificaciones y asignaciones,2349692358.0,2318214265.0
2024,7,Municipalidades,Dietas,8661748647.0,8436684788.0
2024,7,Municipalidades,Gastos de representación,5488399594.0,5336885437.0
2024,7,Municipalidades,Otros gastos del personal,178004472.0,178004472.0
2024,7,Municipalidades,Personal contratado,43490675261.0,42020654846.0
2024,7,Municipalidades,Remuneraciones temporales,198873303.0,197741289.0
2024,7,Municipalidades,Sueldo básico,18323220568.0,16403371556.0
2024,7,Otros organismos,Bonificaciones y asignaciones,10220902311.0,9459481138.0
2024,7,Otros organismos,Dietas,124618100.0,115721014.0
2024,7,Otros organismos,Gastos de representación,938650395.0,880128568.0
2024,7,Otros organismos,Otros gastos del personal,239530326.0,149707247.0
2024,7,Otros organismos,Personal contratado,2370904738.0,2157628166.0
2024,7,Otros organismos,Remuneraciones temporales,3555077777.0,3357909766.0
2024,7,Otros organismos,Sueldo básico,38328688884.0,35036272152.0
2024,7,Poder Judicial,Bonificaciones y asignaciones,10541540424.0,10541540424.0
2024,7,Poder Judicial,Dietas,148034200.0,148034200.0
2024,7,Poder Judicial,Gastos de representación,7610928840.0,7566273588.0
2024,7,Poder Judicial,Otros gastos del personal,2437518595.0,2437518595.0
2024,7,Poder Judicial,Personal contratado,6387663083.0,6336029065.0
2024,7,Poder Judicial,Remuneraciones temporales,130301486.0,130301486.0
2024,7,Poder Judicial,Sueldo básico,136994887159.0,136550385710.0
2024,7,Poder Legislativo,Bonificaciones y asignaciones,4227675047.0,4227675047.0
2024,7,Poder Legislativo,Dietas,3700855000.0,3700855000.0
2024,7,Poder Legislativo,Gastos de representación,1612762619.0,1611245219.0
2024,7,Poder Legislativo,Personal contratado,3948645180.0,3948645180.0
2024,7,Poder Legislativo,Remuneraciones temporales,61397500.0,61397500.0
2024,7,Poder Legislativo,Sueldo básico,24244846000.0,24239974000.0
2024,7,SA del Estado,Bonificaciones y asignaciones,5389430823.0,5389430823.0
2024,7,SA del Estado,Dietas,91768719.0,76556004.0
2024,7,SA del Estado,Gastos de representación,17666667.0,17666667.0
2024,7,SA del Estado,Otros gastos del personal,1056697034.0,1056697034.0
2024,7,SA del Estado,Personal contratado,1153066045.0,1142828591.0
2024,7,SA del Estado,Remuneraciones temporales,1316470620.0,1316470620.0
2024,7,SA del Estado,Sueldo básico,19581479891.0,18450578794.0
2024,7,Salud,Bonificaciones y asignaciones,27791003288.0,27002191861.0
2024,7,Salud,Dietas,105649420.0,104629420.0
2024,7,Salud,Gastos de representación,380976000.0,377064000.0
2024,7,Salud,Otros gastos del personal,7971752180.0,7970385650.0
2024,7,Salud,Personal contratado,204273750011.0,196835956183.0
2024,7,Salud,Remuneraciones temporales,6164541099.0,6129968676.0
2024,7,Salud,Sueldo básico,231776773478.0,226833448440.0
2024,7,Servicio civil del Ejecutivo,Bonificaciones y asignaciones,21309572632.0,21309572632.0
2024,7,Servicio civil del Ejecutivo,Gastos de representación,1631748295.0,1628196268.0
2024,7,Servicio civil del Ejecutivo,Otros gastos del personal,2031091233.0,2031091233.0
2024,7,Servicio civil del Ejecutivo,Personal contratado,34925678956.0,30487854133.0
2024,7,Servicio civil del Ejecutivo,Remuneraciones temporales,5738763861.0,5738763861.0
2024,7,Servicio civil del Ejecutivo,Servicio exterior,14800244045.0,14800244045.0
2024,7,Servicio civil del Ejecutivo,Sueldo básico,71790738992.0,71570541570.0
2024,8,Educación,Aguinaldo,12233409.0,11136528.0
2024,8,Educación,Bonificaciones y asignaciones,71093385791.0,70310886710.0
2024,8,Educación,Dietas,674816870.0,650575886.0
2024,8,Educación,Gastos de representación,3910892877.0,3794671150.0
2024,8,Educación,Otros gastos del personal,4624908134.0,4622075442.0
2024,8,Educación,Personal contratado,7706241046.0,7603312468.0
2024,8,Educación,Remuneraciones temporales,948241416.0,910553408.0
2024,8,Educación,Sueldo básico,640935092800.0,628505804280.0
2024,8,Empresas públicas,Bonificaciones y asignaciones,24889988446.0,22402719802.0
2024,8,Empresas públicas,Dietas,36960000.0,36960000.0
2024,8,Empresas públicas,Gastos de representación,118007200.0,118007200.0
2024,8,Empresas públicas,Otros gastos del personal,2832006653.0,2820590667.0
2024,8,Empresas públicas,Personal contratado,6118825352.0,5810549619.0
2024,8,Empresas públicas,Remuneraciones temporales,14134648242.0,12405153130.0
2024,8,Empresas públicas,Sueldo básico,46757091425.0,41529906782.0
2024,8,Entes autónomos y autárquicos,Bonificaciones y asignaciones,11185778312.0,9814911357.0
2024,8,Entes autónomos y autárquicos,Dietas,321557300.0,315352200.0
2024,8,Entes autónomos y autárquicos,Gastos de representación,771066654.0,700157820.0
2024,8,Entes autónomos y autárquicos,Otros gastos del personal,2312243264.0,2137057158.0
2024,8,Entes autónomos y autárquicos,Personal contratado,7988665767.0,7689640708.0
2024,8,Entes autónomos y autárquicos,Remuneraciones temporales,6722036148.0,6140826911.0
2024,8,Entes autónomos y autárquicos,Sueldo básico,45779612258.0,39895422314.0
2024,8,Fuerzas públicas,Bonificaciones y asignaciones,77402562909.0,77402562909.0
2024,8,Fuerzas públicas,Gastos de representación,721505228.0,721505228.0
2024,8,Fuerzas públicas,Otros gastos del personal,10737813617.0,10737813617.0
2024,8,Fuerzas públicas,Personal contratado,1301229952.0,1154241382.0
2024,8,Fuerzas públicas,Remuneraciones temporales,41337984.0,41337984.0
2024,8,Fuerzas públicas,Servicio exterior,1157124940.0,1157124940.0
2024,8,Fuerzas públicas,Sueldo básico,273192187995.0,273132469449.0
2024,8,Gobiernos departamentales,Bonificaciones y asignaciones,1104358281.0,1056031242.0
2024,8,Gobiernos departamentales,Dietas,2487748184.0,2410356552.0
2024,8,Gobiernos departamentales,Gastos de representación,257229900.0,246947052.0
2024,8,Gobiernos departamentales,Otros gastos del personal,230001969.0,228402788.0
2024,8,Gobiernos departamentales,Personal contratado,2897681830.0,2852342782.0
2024,8,Gobiernos departamentales,Remuneraciones temporales,32193709.0,29425026.0
2024,8,Gobiernos departamentales,Sueldo básico,4313340954.0,3988170983.0
2024,8,Municipalidades,Aguinaldo,65629444.0,65035189.0
2024,8,Municipalidades,Bonificaciones y asignaciones,2327066620.0,2282550834.0
2024,8,Municipalidades,Dietas,9151228442.0,8861589801.0
2024,8,Municipalidades,Gastos de representación,5757888636.0,5566749833.0
2024,8,Municipalidades,Otros gastos del personal,178183109.0,175983109.0
2024,8,Municipalidades,Personal contratado,43437481160.0,42041588796.0
2024,8,Municipalidades,Remuneraciones temporales,206237667.0,205110332.0
2024,8,Municipalidades,Sueldo básico,18303693075.0,16365562412.0
2024,8,Otros organismos,Bonificaciones y asignaciones,7984463847.0,7211652055.0
2024,8,Otros organismos,Dietas,121845600.0,113893732.0
2024,8,Otros organismos,Gastos de representación,929952850.0,870195718.0
2024,8,Otros organismos,Otros gastos del personal,761305113.0,657908271.0
2024,8,Otros organismos,Personal contratado,2201144411.0,2009001223.0
2024,8,Otros organismos,Remuneraciones temporales,3038522123.0,2832045207.0
2024,8,Otros organismos,Sueldo básico,38318131552.0,35032769132.0
2024,8,Poder Judicial,Bonificaciones y asignaciones,10663837242.0,10663837242.0
2024,8,Poder Judicial,Dietas,148034200.0,148034200.0
2024,8,Poder Judicial,Gastos de representación,7597303840.0,7563187174.0
2024,8,Poder Judicial,Otros gastos del personal,2502158618.0,2502158618.0
2024,8,Poder Judicial,Personal contratado,7277955309.0,7237806567.0
2024,8,Poder Judicial,Remuneraciones temporales,179641148.0,179641148.0
2024,8,Poder Judicial,Sueldo básico,137574342027.0,137165059143.0
2024,8,Poder Legislativo,Bonificaciones y asignaciones,4312231504.0,4312231504.0
2024,8,Poder Legislativo,Dietas,3671248160.0,3671248160.0
2024,8,Poder Legislativo,Gastos de representación,1593708432.0,1593708432.0
2024,8,Poder Legislativo,Personal contratado,3977639592.0,3960409592.0
2024,8,Poder Legislativo,Remuneraciones temporales,60795300.0,60795300.0
2024,8,Poder Legislativo,Sueldo básico,24618246000.0,24617596000.0
2024,8,SA del Estado,Aguinaldo,11295123.0,11295123.0
2024,8,SA del Estado,Bonificaciones y asignaciones,5419950431.0,5419950431.0
2024,8,SA del Estado,Dietas,91768719.0,76556004.0
2024,8,SA del Estado,Gastos de representación,19200000.0,19200000.0
2024,8,SA del Estado,Otros gastos del personal,1047314784.0,1047314784.0
2024,8,SA del Estado,Personal contratado,1179228482.0,1172648721.0
2024,8,SA del Estado,Remuneraciones temporales,1214665984.0,1214665984.0
2024,8,SA del Estado,Sueldo básico,19555752449.0,18430053318.0
2024,8,Salud,Bonificaciones y asignaciones,27902990171.0,27118494200.0
2024,8,Salud,Dietas,105649420.0,104629420.0
2024,8,Salud,Gastos de representación,377227100.0,373423100.0
2024,8,Salud,Otros gastos del personal,7965494151.0,7964130020.0
2024,8,Salud,Personal contratado,208930451859.0,200368162790.0
2024,8,Salud,Remuneraciones temporales,6067971551.0,6035017065.0
2024,8,Salud,Sueldo básico,231298945234.0,226408405889.0
2024,8,Servicio civil del Ejecutivo,Bonificaciones y asignaciones,21007516996.0,21007516996.0
2024,8,Servicio civil del Ejecutivo,Gastos de representación,1638727195.0,1635552471.0
2024,8,Servicio civil del Ejecutivo,Otros gastos del personal,2176635394.0,2176635394.0
2024,8,Servicio civil del Ejecutivo,Personal contratado,37536534973.0,31514883587.0
2024,8,Servicio civil del Ejecutivo,Remuneraciones temporales,6710588321.0,6710588321.0
2024,8,Servicio civil del Ejecutivo,Servicio exterior,14932610228.0,14932610228.0
2024,8,Servicio civil del Ejecutivo,Sueldo básico,71942797873.0,71771793346.0
2024,9,Educación,Aguinaldo,7782270.0,6685389.0
2024,9,Educación,Bonificaciones y asignaciones,71306201790.0,70483354075.0
2024,9,Educación,Dietas,665441560.0,645218924.0
2024,9,Educación,Gastos de representación,3941710977.0,3826868784.0
2024,9,Educación,Otros gastos del personal,6054431749.0,6051599057.0
2024,9,Educación,Personal contratado,7285457062.0,7177520184.0
2024,9,Educación,Remuneraciones temporales,890757300.0,853988954.0
2024,9,Educación,Sueldo básico,642187119329.0,629557347064.0
2024,9,Empresas públicas,Bonificaciones y asignaciones,30931732424.0,27760998008.0
2024,9,Empresas públicas,Dietas,36960000.0,36960000.0
2024,9,Empresas públicas,Gastos de representación,122827100.0,122827100.0
2024,9,Empresas públicas,Otros gastos del personal,2446810320.0,2435860850.0
2024,9,Empresas públicas,Personal contratado,6709086875.0,6335877457.0
2024,9,Empresas públicas,Remuneraciones temporales,14350638911.0,12606935975.0
2024,9,Empresas públicas,Sueldo básico,46603730725.0,41447481459.0
2024,9,Entes autónomos y autárquicos,Bonificaciones y asignaciones,11375118959.0,9982915392.0
2024,9,Entes autónomos y autárquicos,Dietas,453805700.0,448498788.0
2024,9,Entes autónomos y autárquicos,Gastos de representación,794076190.0,721887840.0
2024,9,Entes autónomos y autárquicos,Otros gastos del personal,2759234828.0,2526195563.0
2024,9,Entes autónomos y autárquicos,Personal contratado,7931126239.0,7604202897.0
2024,9,Entes autónomos y autárquicos,Remuneraciones temporales,6856499944.0,6268971680.0
2024,9,Entes autónomos y autárquicos,Sueldo básico,46839150371.0,40702836959.0
2024,9,Fuerzas públicas,Bonificaciones y asignaciones,77373992825.0,77373992825.0
2024,9,Fuerzas públicas,Gastos de representación,722673428.0,722673428.0
2024,9,Fuerzas públicas,Otros gastos del personal,10680292312.0,10680292312.0
2024,9,Fuerzas públicas,Personal contratado,1257311691.0,1116490359.0
2024,9,Fuerzas públicas,Remuneraciones temporales,38407700.0,38407700.0
2024,9,Fuerzas públicas,Servicio exterior,1157124940.0,1157124940.0
2024,9,Fuerzas públicas,Sueldo básico,273085790240.0,273029503842.0
2024,9,Gobiernos departamentales,Bonificaciones y asignaciones,1097680921.0,1049753882.0
2024,9,Gobiernos departamentales,Dietas,2487748184.0,2410356552.0
2024,9,Gobiernos departamentales,Gastos de representación,266229900.0,255947052.0
2024,9,Gobiernos departamentales,Otros gastos del personal,242229596.0,240630415.0
2024,9,Gobiernos departamentales,Personal contratado,2957693709.0,2906899149.0
2024,9,Gobiernos departamentales,Remuneraciones temporales,33116757.0,30348074.0
2024,9,Gobiernos departamentales,Sueldo básico,4297680765.0,3973584984.0
2024,9,Municipalidades,Aguinaldo,47230373.0,46854009.0
2024,9,Municipalidades,Bonificaciones y asignaciones,2156982680.0,2112874972.0
2024,9,Municipalidades,Dietas,8818430270.0,8490195203.0
2024,9,Municipalidades,Gastos de representación,5485726305.0,5302153794.0
2024,9,Municipalidades,Otros gastos del personal,172083109.0,168283109.0
2024,9,Municipalidades,Personal contratado,43106750331.0,40969046697.0
2024,9,Municipalidades,Remuneraciones temporales,157385229.0,156295027.0
2024,9,Municipalidades,Sueldo básico,18158862054.0,16080133969.0
2024,9,Otros organismos,Bonificaciones y asignaciones,8693275873.0,7928543280.0
2024,9,Otros organismos,Dietas,117218100.0,110026052.0
2024,9,Otros organismos,Gastos de representación,930713505.0,873427970.0
2024,9,Otros organismos,Otros gastos del personal,981157222.0,876927658.0
2024,9,Otros organismos,Personal contratado,2384855501.0,2166519463.0
2024,9,Otros organismos,Remuneraciones temporales,2959071055.0,2756100063.0
2024,9,Otros organismos,Sueldo básico,38216893092.0,34945132026.0
2024,9,Poder Judicial,Bonificaciones y asignaciones,11244695584.0,11244695584.0
2024,9,Poder Judicial,Dietas,148034200.0,148034200.0
2024,9,Poder Judicial,Gastos de representación,7597303840.0,7552081024.0
2024,9,Poder Judicial,Otros gastos del personal,2461908515.0,2461908515.0
2024,9,Poder Judicial,Personal contratado,7456845542.0,7433694266.0
2024,9,Poder Judicial,Remuneraciones temporales,165552666.0,165552666.0
2024,9,Poder Judicial,Sueldo básico,137702633074.0,137304134964.0
2024,9,Poder Legislativo,Bonificaciones y asignaciones,4355685143.0,4355685143.0
2024,9,Poder Legislativo,Dietas,3700855000.0,3700855000.0
2024,9,Poder Legislativo,Gastos de representación,1610920332.0,1609993032.0
2024,9,Poder Legislativo,Personal contratado,4138775886.0,4104789220.0
2024,9,Poder Legislativo,Remuneraciones temporales,108915600.0,108915600.0
2024,9,Poder Legislativo,Sueldo básico,24654246000.0,24654246000.0
2024,9,SA del Estado,Aguinaldo,15938454.0,15938454.0
2024,9,SA del Estado,Bonificaciones y asignaciones,5405258201.0,5405258201.0
2024,9,SA del Estado,Dietas,90729561.0,76556004.0
2024,9,SA del Estado,Gastos de representación,21000000.0,21000000.0
2024,9,SA del Estado,Otros gastos del personal,1073949575.0,1073949575.0
2024,9,SA del Estado,Personal contratado,1331018990.0,1322061609.0
2024,9,SA del Estado,Remuneraciones temporales,1332775158.0,1332775158.0
2024,9,SA del Estado,Sueldo básico,19439184932.0,18324260691.0
2024,9,Salud,Bonificaciones y asignaciones,31477148707.0,30686996954.0
2024,9,Salud,Dietas,103928635.0,102908635.0
2024,9,Salud,Gastos de representación,378787100.0,373720160.0
2024,9,Salud,Otros gastos del personal,7976518708.0,7974516368.0
2024,9,Salud,Personal contratado,205654581378.0,199157576166.0
2024,9,Salud,Remuneraciones temporales,6219554113.0,6186185963.0
2024,9,Salud,Sueldo básico,231025941015.0,226033063071.0
2024,9,Servicio civil del Ejecutivo,Bonificaciones y asignaciones,19089016314.0,19089016314.0
2024,9,Servicio civil del Ejecutivo,Gastos de representación,1640416795.0,1638518492.0
2024,9,Servicio civil del Ejecutivo,Otros gastos del personal,2155161862.0,2155161862.0
2024,9,Servicio civil del Ejecutivo,Personal contratado,29505956590.0,26495645701.0
2024,9,Servicio civil del Ejecutivo,Remuneraciones temporales,5923435915.0,5923435915.0
2024,9,Servicio civil del Ejecutivo,Servicio exterior,14789226684.0,14789226684.0
2024,9,Servicio civil del Ejecutivo,Sueldo básico,71836693121.0,71692740582.0
2024,10,Educación,Aguinaldo,3467426.0,3065094.0
2024,10,Educación,Bonificaciones y asignaciones,71397536013.0,70566255540.0
2024,10,Educación,Dietas,658618920.0,637714969.0
2024,10,Educación,Gastos de representación,3874431146.0,3769416652.0
2024,10,Educación,Otros gastos del personal,5914611522.0,5911778830.0
2024,10,Educación,Personal contratado,8675240220.0,8503185042.0
2024,10,Educación,Remuneraciones temporales,1000976968.0,963934222.0
2024,10,Educación,Sueldo básico,655372947540.0,643456947988.0
2024,10,Empresas públicas,Bonificaciones y asignaciones,24498494663.0,22114625410.0
2024,10,Empresas públicas,Dietas,36960000.0,36960000.0
2024,10,Empresas públicas,Gastos de representación,123121400.0,123121400.0
2024,10,Empresas públicas,Otros gastos del personal,2435506934.0,2424683544.0
2024,10,Empresas públicas,Personal contratado,6092713378.0,5799832057.0
2024,10,Empresas públicas,Remuneraciones temporales,14248353291.0,12528386303.0
2024,10,Empresas públicas,Sueldo básico,46030591407.0,40903742692.0
2024,10,Entes autónomos y autárquicos,Bonificaciones y asignaciones,11710959285.0,10344385629.0
2024,10,Entes autónomos y autárquicos,Dietas,349805700.0,343735538.0
2024,10,Entes autónomos y autárquicos,Gastos de representación,776408470.0,704807262.0
2024,10,Entes autónomos y autárquicos,Otros gastos del personal,3017040098.0,2719440378.0
2024,10,Entes autónomos y autárquicos,Personal contratado,7680566470.0,7359174513.0
2024,10,Entes autónomos y autárquicos,Remuneraciones temporales,7195329830.0,6579539386.0
2024,10,Entes autónomos y autárquicos,Sueldo básico,46912392142.0,40586368835.0
2024,10,Fuerzas públicas,Bonificaciones y asignaciones,77911840436.0,77911840436.0
2024,10,Fuerzas públicas,Gastos de representación,713318228.0,713318228.0
2024,10,Fuerzas públicas,Otros gastos del personal,10758710776.0,10758710776.0
2024,10,Fuerzas públicas,Personal contratado,1278105048.0,1107550359.0
2024,10,Fuerzas públicas,Remuneraciones temporales,38516000.0,38516000.0
2024,10,Fuerzas públicas,Servicio exterior,1157124940.0,1157124940.0
2024,10,Fuerzas públicas,Sueldo básico,273202161766.0,273140826064.0
2024,10,Gobiernos departamentales,Bonificaciones y asignaciones,1100232918.0,1052337879.0
2024,10,Gobiernos departamentales,Dietas,2487748184.0,2410356552.0
2024,10,Gobiernos departamentales,Gastos de representación,266567414.0,256284566.0
2024,10,Gobiernos departamentales,Otros gastos del personal,229841223.0,228242042.0
2024,10,Gobiernos departamentales,Personal contratado,2993501061.0,2941872182.0
2024,10,Gobiernos departamentales,Remuneraciones temporales,32246276.0,29477593.0
2024,10,Gobiernos departamentales,Sueldo básico,4297044306.0,3974210218.0
2024,10,Municipalidades,Aguinaldo,64751235.0,64374871.0
2024,10,Municipalidades,Bonificaciones y asignaciones,2322280808.0,2278478906.0
2024,10,Municipalidades,Dietas,8931222849.0,8605591087.0
2024,10,Municipalidades,Gastos de representación,5477060474.0,5297681531.0
2024,10,Municipalidades,Otros gastos del personal,262630175.0,258830175.0
2024,10,Municipalidades,Personal contratado,43180065884.0,41542228331.0
2024,10,Municipalidades,Remuneraciones temporales,209702486.0,208420453.0
2024,10,Municipalidades,Sueldo básico,18313906473.0,16307279752.0
2024,10,Otros organismos,Bonificaciones y asignaciones,10005306944.0,9241471255.0
2024,10,Otros organismos,Dietas,117218100.0,110776267.0
2024,10,Otros organismos,Gastos de representación,932229895.0,873793369.0
2024,10,Otros organismos,Otros gastos del personal,609746493.0,458068454.0
2024,10,Otros organismos,Personal contratado,2515706906.0,2302176721.0
2024,10,Otros organismos,Remuneraciones temporales,3400115076.0,3209517757.0
2024,10,Otros organismos,Sueldo básico,38138600087.0,34877202333.0
2024,10,Poder Judicial,Bonificaciones y asignaciones,10841183426.0,10841183426.0
2024,10,Poder Judicial,Dietas,148034200.0,148034200.0
2024,10,Poder Judicial,Gastos de representación,7655316340.0,7573510707.0
2024,10,Poder Judicial,Otros gastos del personal,1979373350.0,1979373350.0
2024,10,Poder Judicial,Personal contratado,8094537490.0,8062888826.0
2024,10,Poder Judicial,Remuneraciones temporales,187146243.0,187146243.0
2024,10,Poder Judicial,Sueldo básico,138459525079.0,137804715116.0
2024,10,Poder Legislativo,Bonificaciones y asignaciones,4372502813.0,4372502813.0
2024,10,Poder Legislativo,Dietas,3700855000.0,3700855000.0
2024,10,Poder Legislativo,Gastos de representación,1593740532.0,1593740532.0
2024,10,Poder Legislativo,Personal contratado,4376103794.0,4347557127.0
2024,10,Poder Legislativo,Remuneraciones temporales,272730150.0,272730150.0
2024,10,Poder Legislativo,Sueldo básico,24456262500.0,24447232500.0
2024,10,SA del Estado,Bonificaciones y asignaciones,5376541626.0,5376541626.0
2024,10,SA del Estado,Dietas,90729561.0,76556004.0
2024,10,SA del Estado,Gastos de representación,21000000.0,21000000.0
2024,10,SA del Estado,Otros gastos del personal,1059667400.0,1059667400.0
2024,10,SA del Estado,Personal contratado,1200420917.0,1190951823.0
2024,10,SA del Estado,Remuneraciones temporales,1239512950.0,1239512950.0
2024,10,SA del Estado,Sueldo básico,19284926240.0,18176444245.0
2024,10,Salud,Bonificaciones y asignaciones,28544330680.0,27751047406.0
2024,10,Salud,Dietas,86928635.0,85908635.0
2024,10,Salud,Gastos de representación,377391700.0,371576837.0
2024,10,Salud,Otros gastos del personal,8047468605.0,8046707385.0
2024,10,Salud,Personal contratado,207319208035.0,201031076964.0
2024,10,Salud,Remuneraciones temporales,6386919922.0,6353689087.0
2024,10,Salud,Sueldo básico,233753712724.0,228703394793.0
2024,10,Servicio civil del Ejecutivo,Bonificaciones y asignaciones,22676619351.0,22676619351.0
2024,10,Servicio civil del Ejecutivo,Gastos de representación,1649073795.0,1639542430.0
2024,10,Servicio civil del Ejecutivo,Otros gastos del personal,2161081617.0,2161081617.0
2024,10,Servicio civil del Ejecutivo,Personal contratado,36249324664.0,31120131482.0
2024,10,Servicio civil del Ejecutivo,Remuneraciones temporales,6197877426.0,6197877426.0
2024,10,Servicio civil del Ejecutivo,Servicio exterior,14997681293.0,14997681293.0
2024,10,Servicio civil del Ejecutivo,Sueldo básico,73501988612.0,73346504008.0
2024,11,Educación,Aguinaldo,3467426.0,3065094.0
2024,11,Educación,Bonificaciones y asignaciones,71137214704.0,70332535501.0
2024,11,Educación,Dietas,631365300.0,612799781.0
2024,11,Educación,Gastos de representación,3865454286.0,3760227520.0
2024,11,Educación,Otros gastos del personal,4532738386.0,4529905694.0
2024,11,Educación,Personal contratado,8574324524.0,8445261071.0
2024,11,Educación,Remuneraciones temporales,1154679975.0,1116271842.0
2024,11,Educación,Sueldo básico,657094779059.0,645095251177.0
2024,11,Empresas públicas,Bonificaciones y asignaciones,30378718927.0,27200026081.0
2024,11,Empresas públicas,Dietas,36960000.0,36960000.0
2024,11,Empresas públicas,Gastos de representación,123121400.0,123121400.0
2024,11,Empresas públicas,Otros gastos del personal,2368552158.0,2359526740.0
2024,11,Empresas públicas,Personal contratado,6272693199.0,5966524035.0
2024,11,Empresas públicas,Remuneraciones temporales,14642634761.0,12890300868.0
2024,11,Empresas públicas,Sueldo básico,45884907080.0,40770303602.0
2024,11,Entes autónomos y autárquicos,Bonificaciones y asignaciones,12474678932.0,11061479799.0
2024,11,Entes autónomos y autárquicos,Dietas,351723900.0,346416988.0
2024,11,Entes autónomos y autárquicos,Gastos de representación,790652986.0,716876305.0
2024,11,Entes autónomos y autárquicos,Otros gastos del personal,3043470361.0,2728877242.0
2024,11,Entes autónomos y autárquicos,Personal contratado,8213696611.0,7874507979.0
2024,11,Entes autónomos y autárquicos,Remuneraciones temporales,7604574879.0,6978505104.0
2024,11,Entes autónomos y autárquicos,Sueldo básico,46857408156.0,40684633145.0
2024,11,Fuerzas públicas,Bonificaciones y asignaciones,77832607328.0,77832607328.0
2024,11,Fuerzas públicas,Gastos de representación,710358928.0,710358928.0
2024,11,Fuerzas públicas,Otros gastos del personal,11441923290.0,11441923290.0
2024,11,Fuerzas públicas,Personal contratado,1328217047.0,1118995644.0
2024,11,Fuerzas públicas,Remuneraciones temporales,41250984.0,41250984.0
2024,11,Fuerzas públicas,Servicio exterior,1157124940.0,1157124940.0
2024,11,Fuerzas públicas,Sueldo básico,273015278509.0,272957784676.0
2024,11,Gobiernos departamentales,Bonificaciones y asignaciones,1206386958.0,1152460031.0
2024,11,Gobiernos departamentales,Dietas,2487748184.0,2410356552.0
2024,11,Gobiernos departamentales,Gastos de representación,266567414.0,256284566.0
2024,11,Gobiernos departamentales,Otros gastos del personal,234741223.0,233442042.0
2024,11,Gobiernos departamentales,Personal contratado,3090395867.0,3034705563.0
2024,11,Gobiernos departamentales,Remuneraciones temporales,32407098.0,29638415.0
2024,11,Gobiernos departamentales,Sueldo básico,4294403973.0,3973928613.0
2024,11,Municipalidades,Aguinaldo,171819755.0,171443391.0
2024,11,Municipalidades,Bonificaciones y asignaciones,2384555540.0,2345829332.0
2024,11,Municipalidades,Dietas,9035925382.0,8617905823.0
2024,11,Municipalidades,Gastos de representación,5692014651.0,5458833409.0
2024,11,Municipalidades,Otros gastos del personal,164262836.0,160462836.0
2024,11,Municipalidades,Personal contratado,43349275819.0,41650674911.0
2024,11,Municipalidades,Remuneraciones temporales,173204731.0,171936615.0
2024,11,Municipalidades,Sueldo básico,18237037566.0,16264909094.0
2024,11,Otros organismos,Bonificaciones y asignaciones,9799586029.0,9004228159.0
2024,11,Otros organismos,Dietas,124618100.0,115781558.0
2024,11,Otros organismos,Gastos de representación,938796895.0,879439185.0
2024,11,Otros organismos,Otros gastos del personal,880978176.0,764492120.0
2024,11,Otros organismos,Personal contratado,2399711497.0,2194126603.0
2024,11,Otros organismos,Remuneraciones temporales,3713410504.0,3505877792.0
2024,11,Otros organismos,Sueldo básico,38270779488.0,34980157544.0
2024,11,Poder Judicial,Bonificaciones y asignaciones,18058432665.0,18058432665.0
2024,11,Poder Judicial,Dietas,148034200.0,148034200.0
2024,11,Poder Judicial,Gastos de representación,7679078840.0,7617366335.0
2024,11,Poder Judicial,Otros gastos del personal,2501881400.0,2501881400.0
2024,11,Poder Judicial,Personal contratado,8367965218.0,8214124224.0
2024,11,Poder Judicial,Remuneraciones temporales,1187898996.0,1187898996.0
2024,11,Poder Judicial,Sueldo básico,138951432690.0,138306135983.0
2024,11,Poder Legislativo,Bonificaciones y asignaciones,4466779583.0,4466779583.0
2024,11,Poder Legislativo,Dietas,3700855000.0,3700855000.0
2024,11,Poder Legislativo,Gastos de representación,1618422532.0,1615149282.0
2024,11,Poder Legislativo,Personal contratado,4912847379.0,4857004215.0
2024,11,Poder Legislativo,Remuneraciones temporales,272301624.0,272301624.0
2024,11,Poder Legislativo,Sueldo básico,24680956665.0,24670316665.0
2024,11,SA del Estado,Bonificaciones y asignaciones,5446830798.0,5446830798.0
2024,11,SA del Estado,Dietas,90729561.0,76556004.0
2024,11,SA del Estado,Gastos de representación,21000000.0,21000000.0
2024,11,SA del Estado,Otros gastos del personal,1065999417.0,1065999417.0
2024,11,SA del Estado,Personal contratado,1217382511.0,1206139304.0
2024,11,SA del Estado,Remuneraciones temporales,1265499350.0,1265499350.0
2024,11,SA del Estado,Sueldo básico,19217760258.0,18117535469.0
2024,11,Salud,Bonificaciones y asignaciones,29110704817.0,28317892546.0
2024,11,Salud,Dietas,98871301.0,97851301.0
2024,11,Salud,Gastos de representación,379851700.0,373682190.0
2024,11,Salud,Otros gastos del personal,7931704897.0,7930943677.0
2024,11,Salud,Personal contratado,206630063896.0,200703960987.0
2024,11,Salud,Remuneraciones temporales,6484627373.0,6450420578.0
2024,11,Salud,Sueldo básico,233700318728.0,228724597541.0
2024,11,Servicio civil del Ejecutivo,Bonificaciones y asignaciones,20710307518.0,20710307518.0
2024,11,Servicio civil del Ejecutivo,Gastos de representación,1640666125.0,1638150372.0
2024,11,Servicio civil del Ejecutivo,Otros gastos del personal,2174749952.0,2174749952.0
2024,11,Servicio civil del Ejecutivo,Personal contratado,37364723249.0,31077253631.0
2024,11,Servicio civil del Ejecutivo,Remuneraciones temporales,7407206757.0,7407206757.0
2024,11,Servicio civil del Ejecutivo,Servicio exterior,14883847314.0,14883847314.0
2024,11,Servicio civil del Ejecutivo,Sueldo básico,73520747120.0,73409714918.0
2024,12,Educación,Aguinaldo,608735529036.0,597264773190.0
2024,12,Educación,Bonificaciones y asignaciones,148911539718.0,143758136986.0
2024,12,Educación,Dietas,668281374.0,656393671.0
2024,12,Educación,Gastos de representación,3948289121.0,3832002394.0
2024,12,Educación,Otros gastos del personal,7131373698.0,6781959528.0
2024,12,Educación,Personal contratado,18239733572.0,16486328835.0
2024,12,Educación,Remuneraciones temporales,2132496198.0,2017270985.0
2024,12,Educación,Sueldo básico,659881707219.0,647995977065.0
2024,12,Empresas públicas,Aguinaldo,30979355235.0,27235358853.0
2024,12,Empresas públicas,Bonificaciones y asignaciones,53492673363.0,47934538212.0
2024,12,Empresas públicas,Gastos de representación,114045000.0,114045000.0
2024,12,Empresas públicas,Otros gastos del personal,4264638316.0,4264638316.0
2024,12,Empresas públicas,Personal contratado,7682363880.0,7276174008.0
2024,12,Empresas públicas,Remuneraciones temporales,26570419964.0,23221938506.0
2024,12,Empresas públicas,Sueldo básico,41939341490.0,37362362678.0
2024,12,Entes autónomos y autárquicos,Aguinaldo,40442531884.0,40430977222.0
2024,12,Entes autónomos y autárquicos,Bonificaciones y asignaciones,21954440757.0,20544232382.0
2024,12,Entes autónomos y autárquicos,Dietas,351723900.0,346416988.0
2024,12,Entes autónomos y autárquicos,Gastos de representación,776831995.0,708225211.0
2024,12,Entes autónomos y autárquicos,Otros gastos del personal,5317552733.0,4993099047.0
2024,12,Entes autónomos y autárquicos,Personal contratado,13851799973.0,13533338181.0
2024,12,Entes autónomos y autárquicos,Remuneraciones temporales,14103532889.0,13434226164.0
2024,12,Entes autónomos y autárquicos,Sueldo básico,48486720063.0,42552536926.0
2024,12,Fuerzas públicas,Aguinaldo,270207043618.0,270207043618.0
2024,12,Fuerzas públicas,Bonificaciones y asignaciones,106959609050.0,106959609050.0
2024,12,Fuerzas públicas,Gastos de representación,709453328.0,709453328.0
2024,12,Fuerzas públicas,Otros gastos del personal,15331099051.0,15331099051.0
2024,12,Fuerzas públicas,Personal contratado,2261594601.0,2144222492.0
2024,12,Fuerzas públicas,Remuneraciones temporales,81342892.0,81342892.0
2024,12,Fuerzas públicas,Servicio exterior,2314249880.0,2314249880.0
2024,12,Fuerzas públicas,Sueldo básico,275118935684.0,275061441851.0
2024,12,Gobiernos departamentales,Aguinaldo,3953141360.0,3937174324.0
2024,12,Gobiernos departamentales,Bonificaciones y asignaciones,1488311610.0,1428825465.0
2024,12,Gobiernos departamentales,Dietas,2699576704.0,2619583752.0
2024,12,Gobiernos departamentales,Gastos de representación,285426614.0,275623766.0
2024,12,Gobiernos departamentales,Otros gastos del personal,341958053.0,340658872.0
2024,12,Gobiernos departamentales,Personal contratado,3910561440.0,3835043408.0
2024,12,Gobiernos departamentales,Remuneraciones temporales,49301658.0,46532975.0
2024,12,Gobiernos departamentales,Sueldo básico,4483457661.0,4155434336.0
2024,12,Municipalidades,Aguinaldo,14011100022.0,13996044164.0
2024,12,Municipalidades,Bonificaciones y asignaciones,3312097027.0,3265961565.0
2024,12,Municipalidades,Dietas,9251916183.0,8805933982.0
2024,12,Municipalidades,Gastos de representación,5842426783.0,5605145336.0
2024,12,Municipalidades,Otros gastos del personal,219148673.0,210248673.0
2024,12,Municipalidades,Personal contratado,55754533886.0,54076401089.0
2024,12,Municipalidades,Remuneraciones temporales,197161624.0,195893508.0
2024,12,Municipalidades,Sueldo básico,19184087952.0,17198065933.0
2024,12,Otros organismos,Aguinaldo,32144250206.0,32121855550.0
2024,12,Otros organismos,Bonificaciones y asignaciones,14656208977.0,13839090846.0
2024,12,Otros organismos,Dietas,121845600.0,113019427.0
2024,12,Otros organismos,Gastos de representación,943925758.0,882623451.0
2024,12,Otros organismos,Otros gastos del personal,519848395.0,417959180.0
2024,12,Otros organismos,Personal contratado,4188562846.0,3987805601.0
2024,12,Otros organismos,Remuneraciones temporales,6110885972.0,5781208685.0
2024,12,Otros organismos,Sueldo básico,38227394475.0,34994291112.0
2024,12,Poder Judicial,Aguinaldo,142892740973.0,142892740973.0
2024,12,Poder Judicial,Bonificaciones y asignaciones,51230549141.0,51230549141.0
2024,12,Poder Judicial,Dietas,148034200.0,148034200.0
2024,12,Poder Judicial,Gastos de representación,7799953840.0,7706630496.0
2024,12,Poder Judicial,Otros gastos del personal,2598881589.0,2598881589.0
2024,12,Poder Judicial,Personal contratado,16174639462.0,16105131125.0
2024,12,Poder Judicial,Remuneraciones temporales,2501399731.0,2501399731.0
2024,12,Poder Judicial,Sueldo básico,139272879701.0,138544465665.0
2024,12,Poder Legislativo,Aguinaldo,29460113542.0,29460113542.0
2024,12,Poder Legislativo,Bonificaciones y asignaciones,8651749797.0,8651749797.0
2024,12,Poder Legislativo,Dietas,3700855000.0,3700855000.0
2024,12,Poder Legislativo,Gastos de representación,1608034632.0,1599795682.0
2024,12,Poder Legislativo,Otros gastos del personal,15005633.0,15005633.0
2024,12,Poder Legislativo,Personal contratado,9084572570.0,9082905903.0
2024,12,Poder Legislativo,Remuneraciones temporales,402961070.0,402961070.0
2024,12,Poder Legislativo,Sueldo básico,24664056665.0,24659645375.0
2024,12,SA del Estado,Aguinaldo,12195345199.0,12195345199.0
2024,12,SA del Estado,Bonificaciones y asignaciones,9253695773.0,9253695773.0
2024,12,SA del Estado,Dietas,111279464.0,97105907.0
2024,12,SA del Estado,Gastos de representación,21066666.0,21066666.0
2024,12,SA del Estado,Otros gastos del personal,1359635404.0,1359635404.0
2024,12,SA del Estado,Personal contratado,313165023.0,305166204.0
2024,12,SA del Estado,Remuneraciones temporales,1399150904.0,1398869682.0
2024,12,SA del Estado,Sueldo básico,19266108580.0,18168450809.0
2024,12,Salud,Aguinaldo,161194594738.0,161194594738.0
2024,12,Salud,Bonificaciones y asignaciones,49073269535.0,48270298344.0
2024,12,Salud,Dietas,103928635.0,102908635.0
2024,12,Salud,Gastos de representación,377228400.0,373256400.0
2024,12,Salud,Otros gastos del personal,8075661973.0,8074900753.0
2024,12,Salud,Personal contratado,378277477915.0,370171502181.0
2024,12,Salud,Remuneraciones temporales,12716550035.0,12578817490.0
2024,12,Salud,Sueldo básico,233491218007.0,228583526732.0
2024,12,Servicio civil del Ejecutivo,Aguinaldo,72762007731.0,72762007731.0
2024,12,Servicio civil del Ejecutivo,Bonificaciones y asignaciones,49911997984.0,49911997984.0
2024,12,Servicio civil del Ejecutivo,Gastos de representación,1647395225.0,1647395225.0
2024,12,Servicio civil del Ejecutivo,Otros gastos del personal,5208543795.0,5208543795.0
2024,12,Servicio civil del Ejecutivo,Personal contratado,58401027908.0,53807321043.0
2024,12,Servicio civil del Ejecutivo,Remuneraciones temporales,12886226507.0,12886226507.0
2024,12,Servicio civil del Ejecutivo,Servicio exterior,29171742898.0,29171742898.0
2024,12,Servicio civil del Ejecutivo,Sueldo básico,73738013461.0,73594595310.0
2025,1,Educación,Aguinaldo,11710322.0,10353678.0
2025,1,Educación,Bonificaciones y asignaciones,74526739217.0,73719093399.0
2025,1,Educación,Dietas,619603075.0,595870166.0
2025,1,Educación,Gastos de representación,4208149971.0,4055102959.0
2025,1,Educación,Otros gastos del personal,4891530322.0,4879766302.0
2025,1,Educación,Personal contratado,6854091203.0,6023576675.0
2025,1,Educación,Remuneraciones temporales,278555360.0,242446544.0
2025,1,Educación,Sueldo básico,618256283384.0,604796666537.0
2025,1,Empresas públicas,Bonificaciones y asignaciones,29073477960.0,26182319806.0
2025,1,Empresas públicas,Dietas,36960000.0,36960000.0
2025,1,Empresas públicas,Gastos de representación,132495885.0,132495885.0
2025,1,Empresas públicas,Otros gastos del personal,3053635342.0,3053635342.0
2025,1,Empresas públicas,Personal contratado,5606166985.0,5293384685.0
2025,1,Empresas públicas,Remuneraciones temporales,14140925416.0,12365481753.0
2025,1,Empresas públicas,Sueldo básico,45768516416.0,40751491539.0
2025,1,Entes autónomos y autárquicos,Bonificaciones y asignaciones,7996726239.0,7215161153.0
2025,1,Entes autónomos y autárquicos,Dietas,346878800.0,328878800.0
2025,1,Entes autónomos y autárquicos,Gastos de representación,819580802.0,699543536.0
2025,1,Entes autónomos y autárquicos,Otros gastos del personal,2491971683.0,2257109116.0
2025,1,Entes autónomos y autárquicos,Personal contratado,5122372648.0,4943002349.0
2025,1,Entes autónomos y autárquicos,Remuneraciones temporales,2584792909.0,2236460186.0
2025,1,Entes autónomos y autárquicos,Sueldo básico,49165132675.0,41195710357.0
2025,1,Fuerzas públicas,Bonificaciones y asignaciones,91097651829.0,91097651829.0
2025,1,Fuerzas públicas,Gastos de representación,860523243.0,860523243.0
2025,1,Fuerzas públicas,Otros gastos del personal,11055770179.0,11055770179.0
2025,1,Fuerzas públicas,Personal contratado,1063314878.0,1013260535.0
2025,1,Fuerzas públicas,Remuneraciones temporales,38139000.0,38139000.0
2025,1,Fuerzas públicas,Servicio exterior,1189014210.0,1189014210.0
2025,1,Fuerzas públicas,Sueldo básico,306915487737.0,306831142038.0
2025,1,Gobiernos departamentales,Bonificaciones y asignaciones,1078418895.0,1035339975.0
2025,1,Gobiernos departamentales,Dietas,2600666880.0,2503802232.0
2025,1,Gobiernos departamentales,Gastos de representación,255180300.0,247278252.0
2025,1,Gobiernos departamentales,Otros gastos del personal,185419382.0,181053081.0
2025,1,Gobiernos departamentales,Personal contratado,3113396414.0,3054732854.0
2025,1,Gobiernos departamentales,Remuneraciones temporales,32136276.0,30534436.0
2025,1,Gobiernos departamentales,Sueldo básico,4389367464.0,4079571516.0
2025,1,Municipalidades,Aguinaldo,134633061.0,134538061.0
2025,1,Municipalidades,Bonificaciones y asignaciones,2440086688.0,2388158636.0
2025,1,Municipalidades,Dietas,9754376890.0,9440958065.0
2025,1,Municipalidades,Gastos de representación,6344776696.0,6071268905.0
2025,1,Municipalidades,Otros gastos del personal,202970027.0,197970027.0
2025,1,Municipalidades,Personal contratado,41898942264.0,39992860676.0
2025,1,Municipalidades,Remuneraciones temporales,183836924.0,183463854.0
2025,1,Municipalidades,Sueldo básico,19524844678.0,17426087101.0
2025,1,Otros organismos,Bonificaciones y asignaciones,10090397609.0,9245515087.0
2025,1,Otros organismos,Dietas,137618100.0,131210464.0
2025,1,Otros organismos,Gastos de representación,942675001.0,883574950.0
2025,1,Otros organismos,Otros gastos del personal,183759430.0,112893455.0
2025,1,Otros organismos,Personal contratado,1789333359.0,1627308442.0
2025,1,Otros organismos,Remuneraciones temporales,79194729.0,70725307.0
2025,1,Otros organismos,Sueldo básico,39309613586.0,35965447545.0
2025,1,Poder Judicial,Bonificaciones y asignaciones,22013677906.0,22013677906.0
2025,1,Poder Judicial,Dietas,148034200.0,148034200.0
2025,1,Poder Judicial,Gastos de representación,7826462020.0,7801490270.0
2025,1,Poder Judicial,Otros gastos del personal,3155758765.0,3155758765.0
2025,1,Poder Judicial,Personal contratado,6484779808.0,6447856835.0
2025,1,Poder Judicial,Remuneraciones temporales,1045733466.0,1045733466.0
2025,1,Poder Judicial,Sueldo básico,139249384679.0,138869389793.0
2025,1,Poder Legislativo,Bonificaciones y asignaciones,5337611388.0,5337611388.0
2025,1,Poder Legislativo,Dietas,4075855000.0,4075855000.0
2025,1,Poder Legislativo,Gastos de representación,1180188719.0,1180188719.0
2025,1,Poder Legislativo,Personal contratado,4705222846.0,4704900265.0
2025,1,Poder Legislativo,Remuneraciones temporales,31163062.0,31163062.0
2025,1,Poder Legislativo,Sueldo básico,26166736665.0,26166736665.0
2025,1,SA del Estado,Aguinaldo,3027461.0,3027461.0
2025,1,SA del Estado,Bonificaciones y asignaciones,5967417961.0,5967417961.0
2025,1,SA del Estado,Dietas,90729561.0,76556004.0
2025,1,SA del Estado,Gastos de representación,21000000.0,21000000.0
2025,1,SA del Estado,Otros gastos del personal,1069721097.0,1069721097.0
2025,1,SA del Estado,Personal contratado,721593602.0,710145925.0
2025,1,SA del Estado,Remuneraciones temporales,1269667990.0,1269667990.0
2025,1,SA del Estado,Sueldo básico,19104745630.0,18022921485.0
2025,1,Salud,Bonificaciones y asignaciones,92538659457.0,87890297904.0
2025,1,Salud,Dietas,103928635.0,102908635.0
2025,1,Salud,Gastos de representación,561982355.0,557632355.0
2025,1,Salud,Otros gastos del personal,12679226888.0,12679099658.0
2025,1,Salud,Personal contratado,205348556888.0,202428196502.0
2025,1,Salud,Remuneraciones temporales,2912358320.0,2912358320.0
2025,1,Salud,Sueldo básico,232900718911.0,228556857878.0
2025,1,Servicio civil del Ejecutivo,Bonificaciones y asignaciones,15661185135.0,15661185135.0
2025,1,Servicio civil del Ejecutivo,Gastos de representación,2322662098.0,2316146755.0
2025,1,Servicio civil del Ejecutivo,Otros gastos del personal,2038745690.0,2038745690.0
2025,1,Servicio civil del Ejecutivo,Personal contratado,22215159434.0,21839300166.0
2025,1,Servicio civil del Ejecutivo,Remuneraciones temporales,1690392560.0,1690392560.0
2025,1,Servicio civil del Ejecutivo,Servicio exterior,15358080529.0,15358080529.0
2025,1,Servicio civil del Ejecutivo,Sueldo básico,73701665254.0,73577619946.0
2025,2,Educación,Aguinaldo,14703022.0,12494333.0
2025,2,Educación,Bonificaciones y asignaciones,75129952605.0,74275392503.0
2025,2,Educación,Dietas,627202008.0,599789566.0
2025,2,Educación,Gastos de representación,4212842471.0,4070290992.0
2025,2,Educación,Otros gastos del personal,5158175543.0,5137351184.0
2025,2,Educación,Personal contratado,6977640289.0,6878625681.0
2025,2,Educación,Remuneraciones temporales,522452589.0,518776556.0
2025,2,Educación,Sueldo básico,640125700664.0,627348674049.0
2025,2,Empresas públicas,Bonificaciones y asignaciones,32188749272.0,29115719632.0
2025,2,Empresas públicas,Dietas,36960000.0,36960000.0
2025,2,Empresas públicas,Gastos de representación,133251110.0,133251110.0
2025,2,Empresas públicas,Otros gastos del personal,2658152950.0,2640481573.0
2025,2,Empresas públicas,Personal contratado,5742554485.0,5436129821.0
2025,2,Empresas públicas,Remuneraciones temporales,15630812705.0,13777995026.0
2025,2,Empresas públicas,Sueldo básico,47079982216.0,41673714543.0
2025,2,Entes autónomos y autárquicos,Bonificaciones y asignaciones,19200244835.0,17615672829.0
2025,2,Entes autónomos y autárquicos,Dietas,348279200.0,329972288.0
2025,2,Entes autónomos y autárquicos,Gastos de representación,887102372.0,793883635.0
2025,2,Entes autónomos y autárquicos,Otros gastos del personal,2952012875.0,2672745680.0
2025,2,Entes autónomos y autárquicos,Personal contratado,8536029254.0,8189247420.0
2025,2,Entes autónomos y autárquicos,Remuneraciones temporales,4697130466.0,4186497578.0
2025,2,Entes autónomos y autárquicos,Sueldo básico,49552003997.0,42838641516.0
2025,2,Fuerzas públicas,Bonificaciones y asignaciones,92673319895.0,92673319895.0
2025,2,Fuerzas públicas,Gastos de representación,878461343.0,878461343.0
2025,2,Fuerzas públicas,Otros gastos del personal,143379805050.0,143379805050.0
2025,2,Fuerzas públicas,Personal contratado,1237540891.0,1054262935.0
2025,2,Fuerzas públicas,Remuneraciones temporales,38326000.0,38326000.0
2025,2,Fuerzas públicas,Servicio exterior,1189014210.0,1189014210.0
2025,2,Fuerzas públicas,Sueldo básico,306485315628.0,306405757975.0
2025,2,Gobiernos departamentales,Bonificaciones y asignaciones,1191275680.0,1147252015.0
2025,2,Gobiernos departamentales,Dietas,2608717516.0,2511120992.0
2025,2,Gobiernos departamentales,Gastos de representación,255180300.0,247278252.0
2025,2,Gobiernos departamentales,Otros gastos del personal,191554382.0,187328081.0
2025,2,Gobiernos departamentales,Personal contratado,3194846638.0,3134511734.0
2025,2,Gobiernos departamentales,Remuneraciones temporales,35169656.0,33192025.0
2025,2,Gobiernos departamentales,Sueldo básico,4461317332.0,4156424895.0
2025,2,Municipalidades,Aguinaldo,81991220.0,81991220.0
2025,2,Municipalidades,Bonificaciones y asignaciones,2540768755.0,2492160199.0
2025,2,Municipalidades,Dietas,8987806796.0,8748950339.0
2025,2,Municipalidades,Gastos de representación,5736136200.0,5524252040.0
2025,2,Municipalidades,Otros gastos del personal,207026027.0,202526027.0
2025,2,Municipalidades,Personal contratado,42575489977.0,41117387104.0
2025,2,Municipalidades,Remuneraciones temporales,172827221.0,170299704.0
2025,2,Municipalidades,Sueldo básico,19376024352.0,17377002755.0
2025,2,Otros organismos,Bonificaciones y asignaciones,17338922755.0,16367135320.0
2025,2,Otros organismos,Dietas,157766200.0,143965997.0
2025,2,Otros organismos,Gastos de representación,955306441.0,889582217.0
2025,2,Otros organismos,Otros gastos del personal,216961057.0,143203903.0
2025,2,Otros organismos,Personal contratado,2845922248.0,2667579115.0
2025,2,Otros organismos,Remuneraciones temporales,2197294264.0,2051292493.0
2025,2,Otros organismos,Sueldo básico,39641192448.0,36250475739.0
2025,2,Poder Judicial,Bonificaciones y asignaciones,21923979000.0,21923979000.0
2025,2,Poder Judicial,Dietas,148034200.0,148034200.0
2025,2,Poder Judicial,Gastos de representación,7934248440.0,7869226902.0
2025,2,Poder Judicial,Otros gastos del personal,2216476628.0,2216476628.0
2025,2,Poder Judicial,Personal contratado,8413192470.0,8389556178.0
2025,2,Poder Judicial,Remuneraciones temporales,1386243823.0,1386243823.0
2025,2,Poder Judicial,Sueldo básico,140311032878.0,139729203692.0
2025,2,Poder Legislativo,Bonificaciones y asignaciones,7297246734.0,7297246734.0
2025,2,Poder Legislativo,Dietas,4075855000.0,4057377791.0
2025,2,Poder Legislativo,Gastos de representación,1175276399.0,1175276399.0
2025,2,Poder Legislativo,Otros gastos del personal,21476667.0,21476667.0
2025,2,Poder Legislativo,Personal contratado,4781057929.0,4780090187.0
2025,2,Poder Legislativo,Sueldo básico,26706836665.0,26670513332.0
2025,2,SA del Estado,Aguinaldo,8826819.0,8826819.0
2025,2,SA del Estado,Bonificaciones y asignaciones,5281472161.0,5281472161.0
2025,2,SA del Estado,Dietas,90729561.0,76556004.0
2025,2,SA del Estado,Gastos de representación,21000000.0,21000000.0
2025,2,SA del Estado,Otros gastos del personal,1094988662.0,1093054662.0
2025,2,SA del Estado,Personal contratado,1230214716.0,1221427593.0
2025,2,SA del Estado,Remuneraciones temporales,1227891580.0,1227891580.0
2025,2,SA del Estado,Sueldo básico,18998981590.0,17923857241.0
2025,2,Salud,Bonificaciones y asignaciones,29460410192.0,28609075651.0
2025,2,Salud,Dietas,103928635.0,102908635.0
2025,2,Salud,Gastos de representación,568438755.0,563120295.0
2025,2,Salud,Otros gastos del personal,7883798962.0,7883671732.0
2025,2,Salud,Personal contratado,211957864566.0,206639380060.0
2025,2,Salud,Remuneraciones temporales,5240025253.0,5212329721.0
2025,2,Salud,Sueldo básico,232455188675.0,227340745297.0
2025,2,Servicio civil del Ejecutivo,Bonificaciones y asignaciones,27704027412.0,27704027412.0
2025,2,Servicio civil del Ejecutivo,Gastos de representación,2361133404.0,2351402985.0
2025,2,Servicio civil del Ejecutivo,Otros gastos del personal,2414632161.0,2414632161.0
2025,2,Servicio civil del Ejecutivo,Personal contratado,28115888008.0,27631330347.0
2025,2,Servicio civil del Ejecutivo,Remuneraciones temporales,4934643167.0,4934643167.0
2025,2,Servicio civil del Ejecutivo,Servicio exterior,15352075957.0,15352075957.0
2025,2,Servicio civil del Ejecutivo,Sueldo básico,74024668636.0,73860412273.0
2025,3,Educación,Aguinaldo,13716757.0,11508068.0
2025,3,Educación,Bonificaciones y asignaciones,80025282264.0,79167603755.0
2025,3,Educación,Dietas,657394645.0,636338395.0
2025,3,Educación,Gastos de representación,4202667376.0,4065038460.0
2025,3,Educación,Otros gastos del personal,4645047951.0,4636758938.0
2025,3,Educación,Personal contratado,7741154744.0,7641668763.0
2025,3,Educación,Remuneraciones temporales,923204862.0,883073604.0
2025,3,Educación,Sueldo básico,652205519255.0,639193626807.0
2025,3,Empresas públicas,Bonificaciones y asignaciones,46017298292.0,41240265509.0
2025,3,Empresas públicas,Dietas,36960000.0,36960000.0
2025,3,Empresas públicas,Gastos de representación,140860525.0,140860525.0
2025,3,Empresas públicas,Otros gastos del personal,2475232638.0,2466538288.0
2025,3,Empresas públicas,Personal contratado,5665806449.0,5351632788.0
2025,3,Empresas públicas,Remuneraciones temporales,14541067021.0,12768486884.0
2025,3,Empresas públicas,Sueldo básico,46555046938.0,41311016335.0
2025,3,Entes autónomos y autárquicos,Bonificaciones y asignaciones,24657336834.0,23111800767.0
2025,3,Entes autónomos y autárquicos,Dietas,346878800.0,328571888.0
2025,3,Entes autónomos y autárquicos,Gastos de representación,868193087.0,789718990.0
2025,3,Entes autónomos y autárquicos,Otros gastos del personal,3215345372.0,2858895129.0
2025,3,Entes autónomos y autárquicos,Personal contratado,8458031334.0,8151216463.0
2025,3,Entes autónomos y autárquicos,Remuneraciones temporales,7067133132.0,6429966197.0
2025,3,Entes autónomos y autárquicos,Sueldo básico,49469210124.0,42774852216.0
2025,3,Fuerzas públicas,Bonificaciones y asignaciones,91182044635.0,91182044635.0
2025,3,Fuerzas públicas,Gastos de representación,881352643.0,881352643.0
2025,3,Fuerzas públicas,Otros gastos del personal,10857066863.0,10857066863.0
2025,3,Fuerzas públicas,Personal contratado,1246745419.0,1046952682.0
2025,3,Fuerzas públicas,Remuneraciones temporales,38426000.0,38426000.0
2025,3,Fuerzas públicas,Servicio exterior,1189014210.0,1189014210.0
2025,3,Fuerzas públicas,Sueldo básico,306736728680.0,306641662456.0
2025,3,Gobiernos departamentales,Bonificaciones y asignaciones,1692156769.0,1648853104.0
2025,3,Gobiernos departamentales,Dietas,2617059552.0,2530656264.0
2025,3,Gobiernos departamentales,Gastos de representación,258981900.0,252030252.0
2025,3,Gobiernos departamentales,Otros gastos del personal,201822734.0,200388433.0
2025,3,Gobiernos departamentales,Personal contratado,3414003003.0,3353011872.0
2025,3,Gobiernos departamentales,Remuneraciones temporales,35421581.0,33410366.0
2025,3,Gobiernos departamentales,Sueldo básico,4459371044.0,4148435202.0
2025,3,Municipalidades,Aguinaldo,43966144.0,43966144.0
2025,3,Municipalidades,Bonificaciones y asignaciones,2575890747.0,2530009445.0
2025,3,Municipalidades,Dietas,9668104034.0,9383192246.0
2025,3,Municipalidades,Gastos de representación,6140235148.0,5969191755.0
2025,3,Municipalidades,Otros gastos del personal,218769351.0,216069351.0
2025,3,Municipalidades,Personal contratado,44591095403.0,43182689422.0
2025,3,Municipalidades,Remuneraciones temporales,171630557.0,168690629.0
2025,3,Municipalidades,Sueldo básico,19511131391.0,17513524887.0
2025,3,Otros organismos,Bonificaciones y asignaciones,15715596708.0,14794467428.0
2025,3,Otros organismos,Dietas,137618100.0,126276783.0
2025,3,Otros organismos,Gastos de representación,963450735.0,899425200.0
2025,3,Otros organismos,Otros gastos del personal,473510610.0,367105486.0
2025,3,Otros organismos,Personal contratado,2267318582.0,2091219767.0
2025,3,Otros organismos,Remuneraciones temporales,3579923376.0,3321054860.0
2025,3,Otros organismos,Sueldo básico,39506179220.0,36107061030.0
2025,3,Poder Judicial,Bonificaciones y asignaciones,23808327049.0,23808327049.0
2025,3,Poder Judicial,Dietas,148034200.0,148034200.0
2025,3,Poder Judicial,Gastos de representación,7928610940.0,7878383857.0
2025,3,Poder Judicial,Otros gastos del personal,2177324341.0,2177324341.0
2025,3,Poder Judicial,Personal contratado,8540663264.0,8517787251.0
2025,3,Poder Judicial,Remuneraciones temporales,573421321.0,573421321.0
2025,3,Poder Judicial,Sueldo básico,140481906260.0,140006310972.0
2025,3,Poder Legislativo,Bonificaciones y asignaciones,6990244353.0,6990244353.0
2025,3,Poder Legislativo,Dietas,4075855000.0,4075855000.0
2025,3,Poder Legislativo,Gastos de representación,1177805399.0,1177805399.0
2025,3,Poder Legislativo,Otros gastos del personal,17600000.0,17600000.0
2025,3,Poder Legislativo,Personal contratado,4614826238.0,4614826238.0
2025,3,Poder Legislativo,Remuneraciones temporales,230030711.0,230030711.0
2025,3,Poder Legislativo,Sueldo básico,26730636665.0,26690456665.0
2025,3,SA del Estado,Aguinaldo,12402665.0,12402665.0
2025,3,SA del Estado,Bonificaciones y asignaciones,5246453951.0,5246453951.0
2025,3,SA del Estado,Dietas,90729561.0,76556004.0
2025,3,SA del Estado,Gastos de representación,21000000.0,21000000.0
2025,3,SA del Estado,Otros gastos del personal,1130637455.0,1130637455.0
2025,3,SA del Estado,Personal contratado,1023174407.0,1003845528.0
2025,3,SA del Estado,Remuneraciones temporales,1216844569.0,1216844569.0
2025,3,SA del Estado,Sueldo básico,18986219422.0,17918388384.0
2025,3,Salud,Bonificaciones y asignaciones,35534000233.0,34660367658.0
2025,3,Salud,Dietas,103928635.0,102908635.0
2025,3,Salud,Gastos de representación,565210555.0,554420065.0
2025,3,Salud,Otros gastos del personal,7887692085.0,7886835376.0
2025,3,Salud,Personal contratado,212363198272.0,206309704908.0
2025,3,Salud,Remuneraciones temporales,5301749272.0,5270257261.0
2025,3,Salud,Sueldo básico,232357673740.0,227520105503.0
2025,3,Servicio civil del Ejecutivo,Bonificaciones y asignaciones,27361308090.0,27361308090.0
2025,3,Servicio civil del Ejecutivo,Gastos de representación,2387182353.0,2376594067.0
2025,3,Servicio civil del Ejecutivo,Otros gastos del personal,2385043360.0,2385043360.0
2025,3,Servicio civil del Ejecutivo,Personal contratado,35830778554.0,31211691661.0
2025,3,Servicio civil del Ejecutivo,Remuneraciones temporales,6186558271.0,6186558271.0
2025,3,Servicio civil del Ejecutivo,Servicio exterior,15264798585.0,15264798585.0
2025,3,Servicio civil del Ejecutivo,Sueldo básico,74208278782.0,74036284619.0
2025,4,Educación,Aguinaldo,12508557.0,10559631.0
2025,4,Educación,Bonificaciones y asignaciones,76316500661.0,75442542257.0
2025,4,Educación,Dietas,680618345.0,665098593.0
2025,4,Educación,Gastos de representación,4177814276.0,4042702056.0
2025,4,Educación,Otros gastos del personal,4741358896.0,4732730308.0
2025,4,Educación,Personal contratado,8548732827.0,8453001369.0
2025,4,Educación,Remuneraciones temporales,947531057.0,911380382.0
2025,4,Educación,Sueldo básico,678003465799.0,665096112843.0
2025,4,Empresas públicas,Bonificaciones y asignaciones,28096159971.0,25470314651.0
2025,4,Empresas públicas,Dietas,36960000.0,36960000.0
2025,4,Empresas públicas,Gastos de representación,138109585.0,138109585.0
2025,4,Empresas públicas,Otros gastos del personal,2498562642.0,2489981943.0
2025,4,Empresas públicas,Personal contratado,5938333244.0,5593170345.0
2025,4,Empresas públicas,Remuneraciones temporales,16253407627.0,14313073330.0
2025,4,Empresas públicas,Sueldo básico,46349874751.0,41126654654.0
2025,4,Entes autónomos y autárquicos,Bonificaciones y asignaciones,13788738676.0,12163659732.0
2025,4,Entes autónomos y autárquicos,Dietas,386887500.0,381580588.0
2025,4,Entes autónomos y autárquicos,Gastos de representación,901816780.0,828924451.0
2025,4,Entes autónomos y autárquicos,Otros gastos del personal,2984581349.0,2684956137.0
2025,4,Entes autónomos y autárquicos,Personal contratado,8442054175.0,8158417714.0
2025,4,Entes autónomos y autárquicos,Remuneraciones temporales,7493081153.0,6851016372.0
2025,4,Entes autónomos y autárquicos,Sueldo básico,49668544244.0,43428634178.0
2025,4,Fuerzas públicas,Bonificaciones y asignaciones,91674285785.0,91674285785.0
2025,4,Fuerzas públicas,Gastos de representación,881352643.0,881352643.0
2025,4,Fuerzas públicas,Otros gastos del personal,10821626024.0,10821626024.0
2025,4,Fuerzas públicas,Personal contratado,1422607054.0,1137145266.0
2025,4,Fuerzas públicas,Remuneraciones temporales,38460000.0,38460000.0
2025,4,Fuerzas públicas,Servicio exterior,1189014210.0,1189014210.0
2025,4,Fuerzas públicas,Sueldo básico,306938288182.0,306850236544.0
2025,4,Gobiernos departamentales,Bonificaciones y asignaciones,1170912929.0,1120850355.0
2025,4,Gobiernos departamentales,Dietas,2617059552.0,2530656264.0
2025,4,Gobiernos departamentales,Gastos de representación,258981900.0,252030252.0
2025,4,Gobiernos departamentales,Otros gastos del personal,186619382.0,185093081.0
2025,4,Gobiernos departamentales,Personal contratado,3306589842.0,3244788711.0
2025,4,Gobiernos departamentales,Remuneraciones temporales,37194447.0,35179084.0
2025,4,Gobiernos departamentales,Sueldo básico,4453970994.0,4147985405.0
2025,4,Municipalidades,Aguinaldo,35450000.0,35450000.0
2025,4,Municipalidades,Bonificaciones y asignaciones,2602091916.0,2562419005.0
2025,4,Municipalidades,Dietas,9657279046.0,9422495678.0
2025,4,Municipalidades,Gastos de representación,6034229185.0,5882841212.0
2025,4,Municipalidades,Otros gastos del personal,229085709.0,226323342.0
2025,4,Municipalidades,Personal contratado,46831675833.0,45250394159.0
2025,4,Municipalidades,Remuneraciones temporales,181221977.0,179348176.0
2025,4,Municipalidades,Sueldo básico,20845315100.0,18626566424.0
2025,4,Otros organismos,Bonificaciones y asignaciones,10670617645.0,9757191501.0
2025,4,Otros organismos,Dietas,137618100.0,130499183.0
2025,4,Otros organismos,Gastos de representación,963100735.0,904364569.0
2025,4,Otros organismos,Otros gastos del personal,289330610.0,200255934.0
2025,4,Otros organismos,Personal contratado,2226975683.0,2045025561.0
2025,4,Otros organismos,Remuneraciones temporales,3296902400.0,3080808166.0
2025,4,Otros organismos,Sueldo básico,39457878421.0,36009421484.0
2025,4,Poder Judicial,Bonificaciones y asignaciones,16306106669.0,16306106669.0
2025,4,Poder Judicial,Dietas,148034200.0,148034200.0
2025,4,Poder Judicial,Gastos de representación,7921906440.0,7889327369.0
2025,4,Poder Judicial,Otros gastos del personal,2150970045.0,2150970045.0
2025,4,Poder Judicial,Personal contratado,8445574316.0,8401507161.0
2025,4,Poder Judicial,Remuneraciones temporales,861400422.0,861400422.0
2025,4,Poder Judicial,Sueldo básico,139940521571.0,139474738765.0
2025,4,Poder Legislativo,Bonificaciones y asignaciones,5701948684.0,5701948684.0
2025,4,Poder Legislativo,Dietas,4075855000.0,4075855000.0
2025,4,Poder Legislativo,Gastos de representación,1187878559.0,1187878559.0
2025,4,Poder Legislativo,Personal contratado,4712427929.0,4695991262.0
2025,4,Poder Legislativo,Remuneraciones temporales,260472605.0,260472605.0
2025,4,Poder Legislativo,Sueldo básico,26939236665.0,26913810001.0
2025,4,SA del Estado,Aguinaldo,5281267.0,5281267.0
2025,4,SA del Estado,Bonificaciones y asignaciones,5398401805.0,5398401805.0
2025,4,SA del Estado,Dietas,90729561.0,76556004.0
2025,4,SA del Estado,Gastos de representación,21000000.0,21000000.0
2025,4,SA del Estado,Otros gastos del personal,1143515578.0,1143515578.0
2025,4,SA del Estado,Personal contratado,1169076100.0,1160106442.0
2025,4,SA del Estado,Remuneraciones temporales,1359099425.0,1359099425.0
2025,4,SA del Estado,Sueldo básico,18954640928.0,17889117038.0
2025,4,Salud,Bonificaciones y asignaciones,32234949051.0,31381606545.0
2025,4,Salud,Dietas,103928635.0,102908635.0
2025,4,Salud,Gastos de representación,568438755.0,561721408.0
2025,4,Salud,Otros gastos del personal,7859076794.0,7858949564.0
2025,4,Salud,Personal contratado,219194000896.0,211792300841.0
2025,4,Salud,Remuneraciones temporales,5729268359.0,5696906846.0
2025,4,Salud,Sueldo básico,231968404591.0,227114376782.0
2025,4,Servicio civil del Ejecutivo,Bonificaciones y asignaciones,24655324895.0,24655324895.0
2025,4,Servicio civil del Ejecutivo,Gastos de representación,2409905653.0,2405816599.0
2025,4,Servicio civil del Ejecutivo,Otros gastos del personal,2465612847.0,2465612847.0
2025,4,Servicio civil del Ejecutivo,Personal contratado,28819672982.0,28017418573.0
2025,4,Servicio civil del Ejecutivo,Remuneraciones temporales,6485554281.0,6485554281.0
2025,4,Servicio civil del Ejecutivo,Servicio exterior,15342361390.0,15342361390.0
2025,4,Servicio civil del Ejecutivo,Sueldo básico,74107397383.0,73988873890.0
2025,5,Educación,Aguinaldo,12508557.0,10559631.0
2025,5,Educación,Bonificaciones y asignaciones,76122148466.0,75270235257.0
2025,5,Educación,Dietas,694762995.0,671167926.0
2025,5,Educación,Gastos de representación,4217842276.0,4075241304.0
2025,5,Educación,Otros gastos del personal,4696544465.0,4688569224.0
2025,5,Educación,Personal contratado,8065387014.0,7972342748.0
2025,5,Educación,Remuneraciones temporales,919391551.0,882865535.0
2025,5,Educación,Sueldo básico,680815855723.0,668014190540.0
2025,5,Empresas públicas,Bonificaciones y asignaciones,27011367233.0,24401937819.0
2025,5,Empresas públicas,Dietas,36960000.0,36960000.0
2025,5,Empresas públicas,Gastos de representación,139077508.0,139077508.0
2025,5,Empresas públicas,Otros gastos del personal,2537919385.0,2528865086.0
2025,5,Empresas públicas,Personal contratado,5957672010.0,5608582165.0
2025,5,Empresas públicas,Remuneraciones temporales,14661987727.0,12880813619.0
2025,5,Empresas públicas,Sueldo básico,46035288263.0,40851223100.0
2025,5,Entes autónomos y autárquicos,Bonificaciones y asignaciones,16959038657.0,15437877237.0
2025,5,Entes autónomos y autárquicos,Dietas,349931800.0,344624888.0
2025,5,Entes autónomos y autárquicos,Gastos de representación,893036346.0,821994269.0
2025,5,Entes autónomos y autárquicos,Otros gastos del personal,3014428380.0,2721159906.0
2025,5,Entes autónomos y autárquicos,Personal contratado,8821399125.0,8491462454.0
2025,5,Entes autónomos y autárquicos,Remuneraciones temporales,7535048385.0,6874919050.0
2025,5,Entes autónomos y autárquicos,Sueldo básico,49555950051.0,43372759329.0
2025,5,Fuerzas públicas,Bonificaciones y asignaciones,91116841204.0,91116841204.0
2025,5,Fuerzas públicas,Gastos de representación,881352643.0,881352643.0
2025,5,Fuerzas públicas,Otros gastos del personal,10837524187.0,10837524187.0
2025,5,Fuerzas públicas,Personal contratado,1083064986.0,1067200351.0
2025,5,Fuerzas públicas,Remuneraciones temporales,34550000.0,34550000.0
2025,5,Fuerzas públicas,Servicio exterior,1189014210.0,1189014210.0
2025,5,Fuerzas públicas,Sueldo básico,308731855170.0,308648633532.0
2025,5,Gobiernos departamentales,Bonificaciones y asignaciones,1176135666.0,1125961093.0
2025,5,Gobiernos departamentales,Dietas,2617059552.0,2530656264.0
2025,5,Gobiernos departamentales,Gastos de representación,258981900.0,252030252.0
2025,5,Gobiernos departamentales,Otros gastos del personal,185719382.0,184145081.0
2025,5,Gobiernos departamentales,Personal contratado,3338849588.0,3277825254.0
2025,5,Gobiernos departamentales,Remuneraciones temporales,36867150.0,34904515.0
2025,5,Gobiernos departamentales,Sueldo básico,4432449176.0,4129171531.0
2025,5,Municipalidades,Aguinaldo,58950382.0,58950382.0
2025,5,Municipalidades,Bonificaciones y asignaciones,2536469359.0,2493165819.0
2025,5,Municipalidades,Dietas,9318024388.0,9067003070.0
2025,5,Municipalidades,Gastos de representación,6092132486.0,5921701689.0
2025,5,Municipalidades,Otros gastos del personal,200227895.0,197927895.0
2025,5,Municipalidades,Personal contratado,44368038890.0,43023454399.0
2025,5,Municipalidades,Remuneraciones temporales,179193596.0,175487444.0
2025,5,Municipalidades,Sueldo básico,18038209986.0,16257525806.0
2025,5,Otros organismos,Bonificaciones y asignaciones,11795668623.0,10866562621.0
2025,5,Otros organismos,Dietas,137618100.0,86049947.0
2025,5,Otros organismos,Gastos de representación,963100735.0,875042328.0
2025,5,Otros organismos,Otros gastos del personal,269530610.0,143317831.0
2025,5,Otros organismos,Personal contratado,2173880518.0,1992923458.0
2025,5,Otros organismos,Remuneraciones temporales,3115632765.0,2907919800.0
2025,5,Otros organismos,Sueldo básico,39400928986.0,35992270257.0
2025,5,Poder Judicial,Bonificaciones y asignaciones,13999716437.0,13999716437.0
2025,5,Poder Judicial,Dietas,148034200.0,148034200.0
2025,5,Poder Judicial,Gastos de representación,7947489940.0,7912419939.0
2025,5,Poder Judicial,Otros gastos del personal,2116785747.0,2116785747.0
2025,5,Poder Judicial,Personal contratado,8818261655.0,8687538401.0
2025,5,Poder Judicial,Remuneraciones temporales,309468360.0,309468360.0
2025,5,Poder Judicial,Sueldo básico,141108729002.0,140623307016.0
2025,5,Poder Legislativo,Bonificaciones y asignaciones,5754932352.0,5754932352.0
2025,5,Poder Legislativo,Dietas,4075855000.0,4075855000.0
2025,5,Poder Legislativo,Gastos de representación,1187262559.0,1187262559.0
2025,5,Poder Legislativo,Personal contratado,4742228514.0,4732212385.0
2025,5,Poder Legislativo,Remuneraciones temporales,269113409.0,269113409.0
2025,5,Poder Legislativo,Sueldo básico,27092736665.0,27053321183.0
2025,5,SA del Estado,Aguinaldo,12700672.0,12700672.0
2025,5,SA del Estado,Bonificaciones y asignaciones,5351370623.0,5351370623.0
2025,5,SA del Estado,Dietas,90729561.0,76556004.0
2025,5,SA del Estado,Gastos de representación,20066667.0,20066667.0
2025,5,SA del Estado,Otros gastos del personal,1143204617.0,1124004614.0
2025,5,SA del Estado,Personal contratado,1102476100.0,1093114034.0
2025,5,SA del Estado,Remuneraciones temporales,1367127494.0,1367127494.0
2025,5,SA del Estado,Sueldo básico,18962310540.0,17898394634.0
2025,5,Salud,Bonificaciones y asignaciones,43434296952.0,42585202627.0
2025,5,Salud,Dietas,103928635.0,102908635.0
2025,5,Salud,Gastos de representación,577751555.0,571465029.0
2025,5,Salud,Otros gastos del personal,7856439411.0,7855816968.0
2025,5,Salud,Personal contratado,224834585843.0,218954837114.0
2025,5,Salud,Remuneraciones temporales,5694476329.0,5662870832.0
2025,5,Salud,Sueldo básico,231097352267.0,226331000510.0
2025,5,Servicio civil del Ejecutivo,Bonificaciones y asignaciones,20194643917.0,20194643917.0
2025,5,Servicio civil del Ejecutivo,Gastos de representación,2410726453.0,2402646089.0
2025,5,Servicio civil del Ejecutivo,Otros gastos del personal,2543442216.0,2543442216.0
2025,5,Servicio civil del Ejecutivo,Personal contratado,36259722065.0,30708722163.0
2025,5,Servicio civil del Ejecutivo,Remuneraciones temporales,6184181431.0,6184181431.0
2025,5,Servicio civil del Ejecutivo,Servicio exterior,15665354001.0,15665354001.0
2025,5,Servicio civil del Ejecutivo,Sueldo básico,73835836710.0,73672478723.0
2025,6,Educación,Aguinaldo,12508557.0,10559631.0
2025,6,Educación,Bonificaciones y asignaciones,76738528762.0,75861454849.0
2025,6,Educación,Dietas,697160983.0,676816931.0
2025,6,Educación,Gastos de representación,4206754876.0,4068949868.0
2025,6,Educación,Otros gastos del personal,4751742395.0,4746791585.0
2025,6,Educación,Personal contratado,8589031063.0,8482515876.0
2025,6,Educación,Remuneraciones temporales,948087035.0,909813925.0
2025,6,Educación,Sueldo básico,684256909902.0,671475532634.0
2025,6,Empresas públicas,Bonificaciones y asignaciones,27902191669.0,25462628560.0
2025,6,Empresas públicas,Dietas,36960000.0,36960000.0
2025,6,Empresas públicas,Gastos de representación,144149500.0,144149500.0
2025,6,Empresas públicas,Otros gastos del personal,2532041071.0,2525573689.0
2025,6,Empresas públicas,Personal contratado,6463994128.0,6036913748.0
2025,6,Empresas públicas,Remuneraciones temporales,17671281711.0,15794964919.0
2025,6,Empresas públicas,Sueldo básico,46031952007.0,39929195693.0
2025,6,Entes autónomos y autárquicos,Bonificaciones y asignaciones,13078958634.0,11554083967.0
2025,6,Entes autónomos y autárquicos,Dietas,341515900.0,336515900.0
2025,6,Entes autónomos y autárquicos,Gastos de representación,878135526.0,805229939.0
2025,6,Entes autónomos y autárquicos,Otros gastos del personal,3424612304.0,3138661574.0
2025,6,Entes autónomos y autárquicos,Personal contratado,8056794437.0,7637698445.0
2025,6,Entes autónomos y autárquicos,Remuneraciones temporales,6686556332.0,6028703837.0
2025,6,Entes autónomos y autárquicos,Sueldo básico,49208007146.0,43013919996.0
2025,6,Fuerzas públicas,Bonificaciones y asignaciones,91526412770.0,91526412770.0
2025,6,Fuerzas públicas,Gastos de representación,881352643.0,881352643.0
2025,6,Fuerzas públicas,Otros gastos del personal,10841708814.0,10841708814.0
2025,6,Fuerzas públicas,Personal contratado,1458012796.0,1270265351.0
2025,6,Fuerzas públicas,Remuneraciones temporales,39857000.0,39857000.0
2025,6,Fuerzas públicas,Servicio exterior,1189014210.0,1189014210.0
2025,6,Fuerzas públicas,Sueldo básico,308356309474.0,308271687836.0
2025,6,Gobiernos departamentales,Bonificaciones y asignaciones,1182330870.0,1132108160.0
2025,6,Gobiernos departamentales,Dietas,2617059552.0,2530656264.0
2025,6,Gobiernos departamentales,Gastos de representación,258981900.0,251792652.0
2025,6,Gobiernos departamentales,Otros gastos del personal,186019382.0,184445081.0
2025,6,Gobiernos departamentales,Personal contratado,3355076596.0,3294787265.0
2025,6,Gobiernos departamentales,Remuneraciones temporales,37572925.0,35596216.0
2025,6,Gobiernos departamentales,Sueldo básico,4444437173.0,4138403692.0
2025,6,Municipalidades,Aguinaldo,123918194.0,123917694.0
2025,6,Municipalidades,Bonificaciones y asignaciones,2610913799.0,2568723593.0
2025,6,Municipalidades,Dietas,9596900978.0,9383922787.0
2025,6,Municipalidades,Gastos de representación,6094249425.0,5941679392.0
2025,6,Municipalidades,Otros gastos del personal,208999992.0,206699992.0
2025,6,Municipalidades,Personal contratado,45863253223.0,44438947669.0
2025,6,Municipalidades,Remuneraciones temporales,160454629.0,157561354.0
2025,6,Municipalidades,Sueldo básico,19444304379.0,17508407855.0
2025,6,Otros organismos,Bonificaciones y asignaciones,9724149767.0,8798651900.0
2025,6,Otros organismos,Dietas,137618100.0,86060791.0
2025,6,Otros organismos,Gastos de representación,963450735.0,877783449.0
2025,6,Otros organismos,Otros gastos del personal,338714475.0,209312151.0
2025,6,Otros organismos,Personal contratado,2283038284.0,2087440412.0
2025,6,Otros organismos,Remuneraciones temporales,2928924860.0,2709701887.0
2025,6,Otros organismos,Sueldo básico,39173735754.0,35800434740.0
2025,6,Poder Judicial,Bonificaciones y asignaciones,12566058699.0,12566058699.0
2025,6,Poder Judicial,Dietas,148034200.0,148034200.0
2025,6,Poder Judicial,Gastos de representación,7964289940.0,7927396607.0
2025,6,Poder Judicial,Otros gastos del personal,2058245682.0,2058245682.0
2025,6,Poder Judicial,Personal contratado,8010865058.0,7975227925.0
2025,6,Poder Judicial,Remuneraciones temporales,213432995.0,213432995.0
2025,6,Poder Judicial,Sueldo básico,142508098788.0,142100636953.0
2025,6,Poder Legislativo,Bonificaciones y asignaciones,5846619715.0,5846619715.0
2025,6,Poder Legislativo,Dietas,4075855000.0,4075855000.0
2025,6,Poder Legislativo,Gastos de representación,1189791559.0,1189791559.0
2025,6,Poder Legislativo,Personal contratado,4920040054.0,4913030054.0
2025,6,Poder Legislativo,Remuneraciones temporales,254947827.0,254947827.0
2025,6,Poder Legislativo,Sueldo básico,27172136665.0,27158653340.0
2025,6,SA del Estado,Aguinaldo,47245111.0,45451692.0
2025,6,SA del Estado,Bonificaciones y asignaciones,5400313815.0,5400313815.0
2025,6,SA del Estado,Dietas,117959192.0,86457708.0
2025,6,SA del Estado,Gastos de representación,39928597.0,39928597.0
2025,6,SA del Estado,Otros gastos del personal,1128187629.0,1119120962.0
2025,6,SA del Estado,Personal contratado,92870000.0,92003816.0
2025,6,SA del Estado,Remuneraciones temporales,1450055819.0,1450055819.0
2025,6,SA del Estado,Sueldo básico,18932855634.0,17872944566.0
2025,6,Salud,Bonificaciones y asignaciones,30556564513.0,29715961797.0
2025,6,Salud,Dietas,103928635.0,102908635.0
2025,6,Salud,Gastos de representación,582779755.0,578429755.0
2025,6,Salud,Otros gastos del personal,7831434335.0,7830998933.0
2025,6,Salud,Personal contratado,230222034352.0,221543429360.0
2025,6,Salud,Remuneraciones temporales,5859656877.0,5827842437.0
2025,6,Salud,Sueldo básico,230565897439.0,225730408426.0
2025,6,Servicio civil del Ejecutivo,Bonificaciones y asignaciones,23777199435.0,23777199435.0
2025,6,Servicio civil del Ejecutivo,Gastos de representación,2419896053.0,2419636200.0
2025,6,Servicio civil del Ejecutivo,Otros gastos del personal,2550083541.0,2550083541.0
2025,6,Servicio civil del Ejecutivo,Personal contratado,36062086496.0,31217702149.0
2025,6,Servicio civil del Ejecutivo,Remuneraciones temporales,6465819007.0,6465819007.0
2025,6,Servicio civil del Ejecutivo,Servicio exterior,16002302014.0,16002302014.0
2025,6,Servicio civil del Ejecutivo,Sueldo básico,73790379965.0,73540980347.0
2025,7,Educación,Aguinaldo,280299357.0,234591476.0
2025,7,Educación,Bonificaciones y asignaciones,76946744569.0,76087334828.0
2025,7,Educación,Dietas,684573826.0,667986537.0
2025,7,Educación,Gastos de representación,4225697776.0,4089956896.0
2025,7,Educación,Otros gastos del personal,4631953962.0,4626201050.0
2025,7,Educación,Personal contratado,8784664404.0,8663929959.0
2025,7,Educación,Remuneraciones temporales,1062212336.0,1017059737.0
2025,7,Educación,Sueldo básico,686803896577.0,674012306111.0
2025,7,Empresas públicas,Bonificaciones y asignaciones,27601318398.0,24933085219.0
2025,7,Empresas públicas,Dietas,36960000.0,36960000.0
2025,7,Empresas públicas,Gastos de representación,145677800.0,145677800.0
2025,7,Empresas públicas,Otros gastos del personal,2509776871.0,2503509553.0
2025,7,Empresas públicas,Personal contratado,7348416970.0,6984365870.0
2025,7,Empresas públicas,Remuneraciones temporales,15050589362.0,13284821538.0
2025,7,Empresas públicas,Sueldo básico,45950346408.0,40771679536.0
2025,7,Entes autónomos y autárquicos,Bonificaciones y asignaciones,13909332705.0,12340478888.0
2025,7,Entes autónomos y autárquicos,Dietas,346387900.0,341387900.0
2025,7,Entes autónomos y autárquicos,Gastos de representación,878193180.0,780785524.0
2025,7,Entes autónomos y autárquicos,Otros gastos del personal,2966435476.0,2701812089.0
2025,7,Entes autónomos y autárquicos,Personal contratado,8170264356.0,7883746887.0
2025,7,Entes autónomos y autárquicos,Remuneraciones temporales,7983573004.0,7295165966.0
2025,7,Entes autónomos y autárquicos,Sueldo básico,49649572600.0,43004890210.0
2025,7,Fuerzas públicas,Bonificaciones y asignaciones,91629901342.0,91629901342.0
2025,7,Fuerzas públicas,Gastos de representación,881352643.0,881352643.0
2025,7,Fuerzas públicas,Otros gastos del personal,10845040269.0,10845040269.0
2025,7,Fuerzas públicas,Personal contratado,1432258391.0,1291960435.0
2025,7,Fuerzas públicas,Remuneraciones temporales,38159200.0,38159200.0
2025,7,Fuerzas públicas,Servicio exterior,1189014210.0,1189014210.0
2025,7,Fuerzas públicas,Sueldo básico,308241711461.0,308159262359.0
2025,7,Gobiernos departamentales,Bonificaciones y asignaciones,1164077401.0,1117853891.0
2025,7,Gobiernos departamentales,Dietas,2617059552.0,2530656264.0
2025,7,Gobiernos departamentales,Gastos de representación,258981900.0,252030252.0
2025,7,Gobiernos departamentales,Otros gastos del personal,184619382.0,183093081.0
2025,7,Gobiernos departamentales,Personal contratado,3464303581.0,3402788102.0
2025,7,Gobiernos departamentales,Remuneraciones temporales,37561989.0,35667621.0
2025,7,Gobiernos departamentales,Sueldo básico,4445526779.0,4149412327.0
2025,7,Municipalidades,Aguinaldo,103850000.0,103850000.0
2025,7,Municipalidades,Bonificaciones y asignaciones,2602231759.0,2560742553.0
2025,7,Municipalidades,Dietas,9163724007.0,8970451539.0
2025,7,Municipalidades,Gastos de representación,5854109997.0,5709586650.0
2025,7,Municipalidades,Otros gastos del personal,198334607.0,196034607.0
2025,7,Municipalidades,Personal contratado,45889939911.0,44474823058.0
2025,7,Municipalidades,Remuneraciones temporales,153822124.0,141453231.0
2025,7,Municipalidades,Sueldo básico,19377601436.0,17440855451.0
2025,7,Otros organismos,Bonificaciones y asignaciones,11131760901.0,10216767472.0
2025,7,Otros organismos,Dietas,182818100.0,175968210.0
2025,7,Otros organismos,Gastos de representación,987130675.0,926791827.0
2025,7,Otros organismos,Otros gastos del personal,324773990.0,241939199.0
2025,7,Otros organismos,Personal contratado,2309670607.0,2119549179.0
2025,7,Otros organismos,Remuneraciones temporales,3281406603.0,3057331035.0
2025,7,Otros organismos,Sueldo básico,42395720911.0,38977488339.0
2025,7,Poder Judicial,Bonificaciones y asignaciones,11361750196.0,11361750196.0
2025,7,Poder Judicial,Dietas,148034200.0,148034200.0
2025,7,Poder Judicial,Gastos de representación,7957327440.0,7931734941.0
2025,7,Poder Judicial,Otros gastos del personal,2126472041.0,2126472041.0
2025,7,Poder Judicial,Personal contratado,8095431186.0,7918426898.0
2025,7,Poder Judicial,Remuneraciones temporales,213040714.0,213040714.0
2025,7,Poder Judicial,Sueldo básico,143809350114.0,143384033874.0
2025,7,Poder Legislativo,Bonificaciones y asignaciones,5839429263.0,5839429263.0
2025,7,Poder Legislativo,Dietas,4075855000.0,4075855000.0
2025,7,Poder Legislativo,Gastos de representación,1186287972.0,1186287972.0
2025,7,Poder Legislativo,Otros gastos del personal,5720604709.0,5720604709.0
2025,7,Poder Legislativo,Personal contratado,4434517781.0,4429195201.0
2025,7,Poder Legislativo,Remuneraciones temporales,255134405.0,255134405.0
2025,7,Poder Legislativo,Sueldo básico,27794620165.0,27708526506.0
2025,7,SA del Estado,Aguinaldo,159758741.0,159758741.0
2025,7,SA del Estado,Bonificaciones y asignaciones,8915656290.0,8915656290.0
2025,7,SA del Estado,Dietas,117077100.0,103970768.0
2025,7,SA del Estado,Gastos de representación,19000000.0,19000000.0
2025,7,SA del Estado,Otros gastos del personal,1137661250.0,1137661250.0
2025,7,SA del Estado,Personal contratado,951871720.0,951228053.0
2025,7,SA del Estado,Remuneraciones temporales,1408501810.0,1408501810.0
2025,7,SA del Estado,Sueldo básico,18842386721.0,17791805736.0
2025,7,Salud,Bonificaciones y asignaciones,29685238916.0,28850614107.0
2025,7,Salud,Dietas,103928635.0,102908635.0
2025,7,Salud,Gastos de representación,584579755.0,578615261.0
2025,7,Salud,Otros gastos del personal,7821579294.0,7821452064.0
2025,7,Salud,Personal contratado,227519870762.0,221735045917.0
2025,7,Salud,Remuneraciones temporales,6085065320.0,6051810311.0
2025,7,Salud,Sueldo básico,230342768433.0,225611778665.0
2025,7,Servicio civil del Ejecutivo,Bonificaciones y asignaciones,23367811049.0,23367811049.0
2025,7,Servicio civil del Ejecutivo,Gastos de representación,2441843553.0,2435547363.0
2025,7,Servicio civil del Ejecutivo,Otros gastos del personal,2547792182.0,2547792182.0
2025,7,Servicio civil del Ejecutivo,Personal contratado,40132284427.0,33754817250.0
2025,7,Servicio civil del Ejecutivo,Remuneraciones temporales,6921088419.0,6921088419.0
2025,7,Servicio civil del Ejecutivo,Servicio exterior,15609688964.0,15609688964.0
2025,7,Servicio civil del Ejecutivo,Sueldo básico,73765651272.0,73601038900.0
2025,8,Educación,Aguinaldo,9739357.0,8385809.0
2025,8,Educación,Bonificaciones y asignaciones,76687026210.0,75829165783.0
2025,8,Educación,Dietas,691102835.0,671409716.0
2025,8,Educación,Gastos de representación,4209347691.0,4074460077.0
2025,8,Educación,Otros gastos del personal,6146101543.0,6141007386.0
2025,8,Educación,Personal contratado,8551673734.0,8395282543.0
2025,8,Educación,Remuneraciones temporales,985789044.0,946696047.0
2025,8,Educación,Sueldo básico,687684951117.0,674949064138.0
2025,8,Empresas públicas,Bonificaciones y asignaciones,26605828380.0,24232932488.0
2025,8,Empresas públicas,Dietas,36960000.0,36960000.0
2025,8,Empresas públicas,Gastos de representación,129234600.0,129234600.0
2025,8,Empresas públicas,Otros gastos del personal,2513636141.0,2506928864.0
2025,8,Empresas públicas,Personal contratado,6708682120.0,6359151169.0
2025,8,Empresas públicas,Remuneraciones temporales,14987797253.0,13238874735.0
2025,8,Empresas públicas,Sueldo básico,45714876942.0,40610914134.0
2025,8,Entes autónomos y autárquicos,Bonificaciones y asignaciones,13463243420.0,11924414499.0
2025,8,Entes autónomos y autárquicos,Dietas,349440900.0,344440900.0
2025,8,Entes autónomos y autárquicos,Gastos de representación,867679750.0,798855620.0
2025,8,Entes autónomos y autárquicos,Otros gastos del personal,3386249593.0,3040364681.0
2025,8,Entes autónomos y autárquicos,Personal contratado,8541332259.0,8246142129.0
2025,8,Entes autónomos y autárquicos,Remuneraciones temporales,7898649573.0,7224410572.0
2025,8,Entes autónomos y autárquicos,Sueldo básico,49491511952.0,43252980187.0
2025,8,Fuerzas públicas,Bonificaciones y asignaciones,91014731932.0,91014731932.0
2025,8,Fuerzas públicas,Gastos de representación,882423543.0,882423543.0
2025,8,Fuerzas públicas,Otros gastos del personal,10841258588.0,10841258588.0
2025,8,Fuerzas públicas,Personal contratado,1412014191.0,1295805943.0
2025,8,Fuerzas públicas,Remuneraciones temporales,39542600.0,39542600.0
2025,8,Fuerzas públicas,Servicio exterior,1139815710.0,1139815710.0
2025,8,Fuerzas públicas,Sueldo básico,306005388973.0,305923839871.0
2025,8,Gobiernos departamentales,Bonificaciones y asignaciones,1104529329.0,1058385819.0
2025,8,Gobiernos departamentales,Dietas,2407832352.0,2321429064.0
2025,8,Gobiernos departamentales,Gastos de representación,237122700.0,230171052.0
2025,8,Gobiernos departamentales,Otros gastos del personal,185726584.0,184200283.0
2025,8,Gobiernos departamentales,Personal contratado,3373793066.0,3310425535.0
2025,8,Gobiernos departamentales,Remuneraciones temporales,37667323.0,35784111.0
2025,8,Gobiernos departamentales,Sueldo básico,4279814618.0,3986760663.0
2025,8,Municipalidades,Aguinaldo,50458367.0,50458367.0
2025,8,Municipalidades,Bonificaciones y asignaciones,2609084046.0,2545396839.0
2025,8,Municipalidades,Dietas,9485896642.0,9173553280.0
2025,8,Municipalidades,Gastos de representación,5884978966.0,5662081586.0
2025,8,Municipalidades,Otros gastos del personal,243945049.0,241645049.0
2025,8,Municipalidades,Personal contratado,45983615534.0,44569211940.0
2025,8,Municipalidades,Remuneraciones temporales,141667092.0,137532243.0
2025,8,Municipalidades,Sueldo básico,19311797565.0,17344574379.0
2025,8,Otros organismos,Bonificaciones y asignaciones,9640315596.0,8704271630.0
2025,8,Otros organismos,Dietas,150618100.0,144519214.0
2025,8,Otros organismos,Gastos de representación,960693922.0,902059733.0
2025,8,Otros organismos,Otros gastos del personal,369166442.0,253842051.0
2025,8,Otros organismos,Personal contratado,2147012804.0,1950209239.0
2025,8,Otros organismos,Remuneraciones temporales,2947676175.0,2717813981.0
2025,8,Otros organismos,Sueldo básico,41995958161.0,38610988358.0
2025,8,Poder Judicial,Bonificaciones y asignaciones,11399963624.0,11399963624.0
2025,8,Poder Judicial,Dietas,148034200.0,148034200.0
2025,8,Poder Judicial,Gastos de representación,7942994040.0,7917836540.0
2025,8,Poder Judicial,Otros gastos del personal,2075776602.0,2075776602.0
2025,8,Poder Judicial,Personal contratado,8127196762.0,8032516867.0
2025,8,Poder Judicial,Remuneraciones temporales,292439870.0,292439870.0
2025,8,Poder Judicial,Sueldo básico,144283677235.0,143856621741.0
2025,8,Poder Legislativo,Bonificaciones y asignaciones,5912424152.0,5912424152.0
2025,8,Poder Legislativo,Dietas,4075855000.0,4063899165.0
2025,8,Poder Legislativo,Gastos de representación,1191345972.0,1189405153.0
2025,8,Poder Legislativo,Personal contratado,4525752585.0,4521833230.0
2025,8,Poder Legislativo,Remuneraciones temporales,254763536.0,254763536.0
2025,8,Poder Legislativo,Sueldo básico,28494120165.0,28472270165.0
2025,8,SA del Estado,Aguinaldo,27433307.0,27433307.0
2025,8,SA del Estado,Bonificaciones y asignaciones,5261320729.0,5261320729.0
2025,8,SA del Estado,Dietas,117077100.0,105727100.0
2025,8,SA del Estado,Gastos de representación,19000000.0,19000000.0
2025,8,SA del Estado,Otros gastos del personal,1131805389.0,1131805389.0
2025,8,SA del Estado,Personal contratado,893101720.0,892741720.0
2025,8,SA del Estado,Remuneraciones temporales,1433940159.0,1433940159.0
2025,8,SA del Estado,Sueldo básico,18793810044.0,17744880064.0
2025,8,Salud,Bonificaciones y asignaciones,29751967703.0,28939848760.0
2025,8,Salud,Dietas,103928635.0,102908635.0
2025,8,Salud,Gastos de representación,581351555.0,576893555.0
2025,8,Salud,Otros gastos del personal,7788830596.0,7788830596.0
2025,8,Salud,Personal contratado,228941213246.0,223219464443.0
2025,8,Salud,Remuneraciones temporales,5909933276.0,5876978407.0
2025,8,Salud,Sueldo básico,229828589322.0,225064275400.0
2025,8,Servicio civil del Ejecutivo,Bonificaciones y asignaciones,23874481881.0,23874481881.0
2025,8,Servicio civil del Ejecutivo,Gastos de representación,2451948753.0,2441133707.0
2025,8,Servicio civil del Ejecutivo,Otros gastos del personal,2679530720.0,2679530720.0
2025,8,Servicio civil del Ejecutivo,Personal contratado,39301287119.0,32898797800.0
2025,8,Servicio civil del Ejecutivo,Remuneraciones temporales,7094227659.0,7094227659.0
2025,8,Servicio civil del Ejecutivo,Servicio exterior,16049525916.0,16049525916.0
2025,8,Servicio civil del Ejecutivo,Sueldo básico,73653829873.0,73550738144.0
2025,9,Educación,Aguinaldo,9739357.0,8385809.0
2025,9,Educación,Bonificaciones y asignaciones,76833002063.0,75954626932.0
2025,9,Educación,Dietas,692890058.0,668270789.0
2025,9,Educación,Gastos de representación,4200852796.0,4064656985.0
2025,9,Educación,Otros gastos del personal,7974518589.0,7964980620.0
2025,9,Educación,Personal contratado,8826145717.0,8665498142.0
2025,9,Educación,Remuneraciones temporales,1017575610.0,977686381.0
2025,9,Educación,Sueldo básico,687760415020.0,674954135049.0
2025,9,Empresas públicas,Bonificaciones y asignaciones,31253323911.0,28225657191.0
2025,9,Empresas públicas,Dietas,36960000.0,36960000.0
2025,9,Empresas públicas,Gastos de representación,148734400.0,148734400.0
2025,9,Empresas públicas,Otros gastos del personal,2540813848.0,2533752426.0
2025,9,Empresas públicas,Personal contratado,6824844148.0,6497212867.0
2025,9,Empresas públicas,Remuneraciones temporales,15574102005.0,13741782997.0
2025,9,Empresas públicas,Sueldo básico,45872026095.0,40741917645.0
2025,9,Entes autónomos y autárquicos,Bonificaciones y asignaciones,14436060955.0,12894166706.0
2025,9,Entes autónomos y autárquicos,Dietas,349440900.0,344440900.0
2025,9,Entes autónomos y autárquicos,Gastos de representación,879608290.0,800667202.0
2025,9,Entes autónomos y autárquicos,Otros gastos del personal,3115996887.0,2819673504.0
2025,9,Entes autónomos y autárquicos,Personal contratado,8358958843.0,8074894259.0
2025,9,Entes autónomos y autárquicos,Remuneraciones temporales,7965318953.0,7284013864.0
2025,9,Entes autónomos y autárquicos,Sueldo básico,49616338104.0,43311712847.0
2025,9,Fuerzas públicas,Bonificaciones y asignaciones,90960090003.0,90960090003.0
2025,9,Fuerzas públicas,Gastos de representación,882423543.0,882423543.0
2025,9,Fuerzas públicas,Otros gastos del personal,10929478652.0,10929478652.0
2025,9,Fuerzas públicas,Personal contratado,1435164121.0,1285786165.0
2025,9,Fuerzas públicas,Remuneraciones temporales,40263700.0,40263700.0
2025,9,Fuerzas públicas,Servicio exterior,1139815710.0,1139815710.0
2025,9,Fuerzas públicas,Sueldo básico,306266425665.0,306182978289.0
2025,9,Gobiernos departamentales,Bonificaciones y asignaciones,1092502795.0,1046551285.0
2025,9,Gobiernos departamentales,Dietas,2407832352.0,2321429064.0
2025,9,Gobiernos departamentales,Gastos de representación,237122700.0,230171052.0
2025,9,Gobiernos departamentales,Otros gastos del personal,183719382.0,182193081.0
2025,9,Gobiernos departamentales,Personal contratado,3350863810.0,3274790867.0
2025,9,Gobiernos departamentales,Remuneraciones temporales,38274269.0,36308325.0
2025,9,Gobiernos departamentales,Sueldo básico,4271332649.0,3978552375.0
2025,9,Municipalidades,Aguinaldo,31401400.0,31401400.0
2025,9,Municipalidades,Bonificaciones y asignaciones,2518304449.0,2465376621.0
2025,9,Municipalidades,Dietas,9432271762.0,9088796691.0
2025,9,Municipalidades,Gastos de representación,5990586085.0,5739426018.0
2025,9,Municipalidades,Otros gastos del personal,243605640.0,241305640.0
2025,9,Municipalidades,Personal contratado,45638404980.0,44129319893.0
2025,9,Municipalidades,Remuneraciones temporales,147783734.0,142617557.0
2025,9,Municipalidades,Sueldo básico,20605235950.0,18381413719.0
2025,9,Otros organismos,Bonificaciones y asignaciones,9558316725.0,8636941691.0
2025,9,Otros organismos,Dietas,150618100.0,144530306.0
2025,9,Otros organismos,Gastos de representación,959127942.0,900867611.0
2025,9,Otros organismos,Otros gastos del personal,297210610.0,201933594.0
2025,9,Otros organismos,Personal contratado,2234751192.0,2018428763.0
2025,9,Otros organismos,Remuneraciones temporales,2172537097.0,1944807577.0
2025,9,Otros organismos,Sueldo básico,41920268627.0,38557304727.0
2025,9,Poder Judicial,Bonificaciones y asignaciones,11130372392.0,11130372392.0
2025,9,Poder Judicial,Dietas,148034200.0,148034200.0
2025,9,Poder Judicial,Gastos de representación,7940856540.0,7911791123.0
2025,9,Poder Judicial,Otros gastos del personal,2078858727.0,2078858727.0
2025,9,Poder Judicial,Personal contratado,8211244911.0,8097050948.0
2025,9,Poder Judicial,Remuneraciones temporales,214810050.0,214810050.0
2025,9,Poder Judicial,Sueldo básico,146862691836.0,146325224552.0
2025,9,Poder Legislativo,Bonificaciones y asignaciones,5960828908.0,5960828908.0
2025,9,Poder Legislativo,Dietas,4075855000.0,4075855000.0
2025,9,Poder Legislativo,Gastos de representación,1193874972.0,1193874972.0
2025,9,Poder Legislativo,Otros gastos del personal,35373332.0,35373332.0
2025,9,Poder Legislativo,Personal contratado,4658552373.0,4652952373.0
2025,9,Poder Legislativo,Remuneraciones temporales,319209585.0,319209585.0
2025,9,Poder Legislativo,Sueldo básico,28564820165.0,28546320165.0
2025,9,SA del Estado,Aguinaldo,14551910.0,14551910.0
2025,9,SA del Estado,Bonificaciones y asignaciones,5204285012.0,5204285012.0
2025,9,SA del Estado,Dietas,117077100.0,105727100.0
2025,9,SA del Estado,Gastos de representación,19000000.0,19000000.0
2025,9,SA del Estado,Otros gastos del personal,1122806881.0,1122806881.0
2025,9,SA del Estado,Personal contratado,900363786.0,899910927.0
2025,9,SA del Estado,Remuneraciones temporales,1443193075.0,1443193075.0
2025,9,SA del Estado,Sueldo básico,18768843127.0,17723307275.0
2025,9,Salud,Bonificaciones y asignaciones,30459802128.0,29648632506.0
2025,9,Salud,Dietas,103928635.0,102908635.0
2025,9,Salud,Gastos de representación,587807955.0,583349955.0
2025,9,Salud,Otros gastos del personal,7782465796.0,7782237796.0
2025,9,Salud,Personal contratado,235479420305.0,229206082304.0
2025,9,Salud,Remuneraciones temporales,6072915657.0,6039619389.0
2025,9,Salud,Sueldo básico,229075492518.0,224313676248.0
2025,9,Servicio civil del Ejecutivo,Bonificaciones y asignaciones,20181795583.0,20181795583.0
2025,9,Servicio civil del Ejecutivo,Gastos de representación,2433788349.0,2427454842.0
2025,9,Servicio civil del Ejecutivo,Otros gastos del personal,2677415272.0,2677415272.0
2025,9,Servicio civil del Ejecutivo,Personal contratado,36661459538.0,31947865676.0
2025,9,Servicio civil del Ejecutivo,Remuneraciones temporales,6697754836.0,6697754836.0
2025,9,Servicio civil del Ejecutivo,Servicio exterior,15862910730.0,15862910730.0
2025,9,Servicio civil del Ejecutivo,Sueldo básico,73523942653.0,73389048411.0
2025,10,Educación,Aguinaldo,9739357.0,8385809.0
2025,10,Educación,Bonificaciones y asignaciones,76861026497.0,75974401266.0
2025,10,Educación,Dietas,720657763.0,703024027.0
2025,10,Educación,Gastos de representación,4198233276.0,4060740235.0
2025,10,Educación,Otros gastos del personal,7306564827.0,7294297657.0
2025,10,Educación,Personal contratado,9213072664.0,9081219283.0
2025,10,Educación,Remuneraciones temporales,1302510311.0,1254971674.0
2025,10,Educación,Sueldo básico,689768571055.0,677197663546.0
2025,10,Empresas públicas,Bonificaciones y asignaciones,26847768760.0,24441649756.0
2025,10,Empresas públicas,Dietas,36960000.0,36960000.0
2025,10,Empresas públicas,Gastos de representación,148025000.0,148025000.0
2025,10,Empresas públicas,Otros gastos del personal,2515808370.0,2508807518.0
2025,10,Empresas públicas,Personal contratado,6624244319.0,6298177558.0
2025,10,Empresas públicas,Remuneraciones temporales,15729709220.0,13863464498.0
2025,10,Empresas públicas,Sueldo básico,45116093508.0,39998017661.0
2025,10,Entes autónomos y autárquicos,Bonificaciones y asignaciones,13244834124.0,11663322202.0
2025,10,Entes autónomos y autárquicos,Dietas,336083800.0,329878700.0
2025,10,Entes autónomos y autárquicos,Gastos de representación,875872898.0,795246712.0
2025,10,Entes autónomos y autárquicos,Otros gastos del personal,3078704308.0,2787861933.0
2025,10,Entes autónomos y autárquicos,Personal contratado,8722641808.0,8384302118.0
2025,10,Entes autónomos y autárquicos,Remuneraciones temporales,8509214634.0,7780105599.0
2025,10,Entes autónomos y autárquicos,Sueldo básico,49581873246.0,43087038664.0
2025,10,Fuerzas públicas,Bonificaciones y asignaciones,91421815021.0,91421815021.0
2025,10,Fuerzas públicas,Gastos de representación,854542743.0,854542743.0
2025,10,Fuerzas públicas,Otros gastos del personal,10815287919.0,10815287919.0
2025,10,Fuerzas públicas,Personal contratado,1619305465.0,1289074334.0
2025,10,Fuerzas públicas,Remuneraciones temporales,38461560.0,38461560.0
2025,10,Fuerzas públicas,Servicio exterior,1139815710.0,1139815710.0
2025,10,Fuerzas públicas,Sueldo básico,305987281473.0,305906119382.0
2025,10,Gobiernos departamentales,Bonificaciones y asignaciones,1130235198.0,1081796522.0
2025,10,Gobiernos departamentales,Dietas,2396639116.0,2310235828.0
2025,10,Gobiernos departamentales,Gastos de representación,245671200.0,238244352.0
2025,10,Gobiernos departamentales,Otros gastos del personal,183419382.0,181893081.0
2025,10,Gobiernos departamentales,Personal contratado,3418427068.0,3344846071.0
2025,10,Gobiernos departamentales,Remuneraciones temporales,38445354.0,36550536.0
2025,10,Gobiernos departamentales,Sueldo básico,4266180714.0,3968108747.0
2025,10,Municipalidades,Aguinaldo,34001600.0,34001600.0
2025,10,Municipalidades,Bonificaciones y asignaciones,2410722844.0,2353622516.0
2025,10,Municipalidades,Dietas,9390194876.0,9056958075.0
2025,10,Municipalidades,Gastos de representación,5960019533.0,5734509497.0
2025,10,Municipalidades,Otros gastos del personal,264273224.0,261973224.0
2025,10,Municipalidades,Personal contratado,46301319393.0,44811406538.0
2025,10,Municipalidades,Remuneraciones temporales,144478672.0,139052394.0
2025,10,Municipalidades,Sueldo básico,19328488881.0,17370842036.0
2025,10,Otros organismos,Bonificaciones y asignaciones,10575717283.0,9655085655.0
2025,10,Otros organismos,Dietas,146635400.0,140558779.0
2025,10,Otros organismos,Gastos de representación,959037075.0,900786739.0
2025,10,Otros organismos,Otros gastos del personal,286285558.0,197561079.0
2025,10,Otros organismos,Personal contratado,2331297201.0,2136956517.0
2025,10,Otros organismos,Remuneraciones temporales,2979488620.0,2752010959.0
2025,10,Otros organismos,Sueldo básico,41891999069.0,38502658790.0
2025,10,Poder Judicial,Bonificaciones y asignaciones,11122354520.0,11122354520.0
2025,10,Poder Judicial,Dietas,148034200.0,148034200.0
2025,10,Poder Judicial,Gastos de representación,7940060540.0,7914952044.0
2025,10,Poder Judicial,Otros gastos del personal,2762174333.0,2762174333.0
2025,10,Poder Judicial,Personal contratado,8497085450.0,8348018022.0
2025,10,Poder Judicial,Remuneraciones temporales,224566257.0,224566257.0
2025,10,Poder Judicial,Sueldo básico,147189110541.0,146626344809.0
2025,10,Poder Legislativo,Bonificaciones y asignaciones,6011442953.0,6011442953.0
2025,10,Poder Legislativo,Dietas,4075855000.0,4075855000.0
2025,10,Poder Legislativo,Gastos de representación,1195717259.0,1195717259.0
2025,10,Poder Legislativo,Personal contratado,5080042727.0,5051897565.0
2025,10,Poder Legislativo,Remuneraciones temporales,330525939.0,330525939.0
2025,10,Poder Legislativo,Sueldo básico,28649485302.0,28620514870.0
2025,10,SA del Estado,Aguinaldo,1232500.0,1232500.0
2025,10,SA del Estado,Bonificaciones y asignaciones,5215882486.0,5215882486.0
2025,10,SA del Estado,Dietas,117077100.0,105777100.0
2025,10,SA del Estado,Gastos de representación,19000000.0,19000000.0
2025,10,SA del Estado,Otros gastos del personal,1133461541.0,1133461541.0
2025,10,SA del Estado,Personal contratado,901172720.0,900710082.0
2025,10,SA del Estado,Remuneraciones temporales,1418548264.0,1418548264.0
2025,10,SA del Estado,Sueldo básico,18749963571.0,17700681320.0
2025,10,Salud,Bonificaciones y asignaciones,30496462617.0,29677042409.0
2025,10,Salud,Dietas,103928635.0,102908635.0
2025,10,Salud,Gastos de representación,584579755.0,580121755.0
2025,10,Salud,Otros gastos del personal,7786697796.0,7785749796.0
2025,10,Salud,Personal contratado,241352822389.0,232876114710.0
2025,10,Salud,Remuneraciones temporales,6254071836.0,6220292007.0
2025,10,Salud,Sueldo básico,228841343320.0,224047653055.0
2025,10,Servicio civil del Ejecutivo,Bonificaciones y asignaciones,23807482194.0,23807482194.0
2025,10,Servicio civil del Ejecutivo,Gastos de representación,2452353598.0,2442539581.0
2025,10,Servicio civil del Ejecutivo,Otros gastos del personal,3905906126.0,3905906126.0
2025,10,Servicio civil del Ejecutivo,Personal contratado,39214872929.0,33637763949.0
2025,10,Servicio civil del Ejecutivo,Remuneraciones temporales,7278547103.0,7278547103.0
2025,10,Servicio civil del Ejecutivo,Servicio exterior,15686980674.0,15686980674.0
2025,10,Servicio civil del Ejecutivo,Sueldo básico,74959290445.0,74792311472.0
2025,11,Educación,Aguinaldo,9739357.0,8385809.0
2025,11,Educación,Bonificaciones y asignaciones,76666158621.0,75776539091.0
2025,11,Educación,Dietas,686696915.0,671285825.0
2025,11,Educación,Gastos de representación,4115538376.0,3990681808.0
2025,11,Educación,Otros gastos del personal,5348539258.0,5333993581.0
2025,11,Educación,Personal contratado,9849812319.0,9733787108.0
2025,11,Educación,Remuneraciones temporales,1281063471.0,1231954531.0
2025,11,Educación,Sueldo básico,696409469436.0,684083734503.0
2025,11,Empresas públicas,Bonificaciones y asignaciones,29882389296.0,27464310820.0
2025,11,Empresas públicas,Dietas,36960000.0,36960000.0
2025,11,Empresas públicas,Gastos de representación,155685075.0,155685075.0
2025,11,Empresas públicas,Otros gastos del personal,2385735114.0,2378734262.0
2025,11,Empresas públicas,Personal contratado,6952147994.0,6622144058.0
2025,11,Empresas públicas,Remuneraciones temporales,15493079752.0,13624881049.0
2025,11,Empresas públicas,Sueldo básico,45478985010.0,40411825472.0
2025,11,Entes autónomos y autárquicos,Bonificaciones y asignaciones,13252472981.0,11677176897.0
2025,11,Entes autónomos y autárquicos,Dietas,343659400.0,335633300.0
2025,11,Entes autónomos y autárquicos,Gastos de representación,876328770.0,799228812.0
2025,11,Entes autónomos y autárquicos,Otros gastos del personal,3066707341.0,2785417207.0
2025,11,Entes autónomos y autárquicos,Personal contratado,8633307025.0,8320651988.0
2025,11,Entes autónomos y autárquicos,Remuneraciones temporales,8872789066.0,8141085052.0
2025,11,Entes autónomos y autárquicos,Sueldo básico,49659214178.0,43091950432.0
2025,11,Fuerzas públicas,Bonificaciones y asignaciones,91032272895.0,91032272895.0
2025,11,Fuerzas públicas,Gastos de representación,859436943.0,859436943.0
2025,11,Fuerzas públicas,Otros gastos del personal,10826688919.0,10826688919.0
2025,11,Fuerzas públicas,Personal contratado,1585447214.0,1263460864.0
2025,11,Fuerzas públicas,Remuneraciones temporales,38070992.0,38070992.0
2025,11,Fuerzas públicas,Servicio exterior,1139815710.0,1139815710.0
2025,11,Fuerzas públicas,Sueldo básico,305873102215.0,305791940124.0
2025,11,Gobiernos departamentales,Bonificaciones y asignaciones,1154841394.0,1106469302.0
2025,11,Gobiernos departamentales,Dietas,2396639116.0,2310235828.0
2025,11,Gobiernos departamentales,Gastos de representación,238073100.0,231121452.0
2025,11,Gobiernos departamentales,Otros gastos del personal,195660008.0,194133707.0
2025,11,Gobiernos departamentales,Personal contratado,3458661765.0,3394391423.0
2025,11,Gobiernos departamentales,Remuneraciones temporales,43269162.0,41320090.0
2025,11,Gobiernos departamentales,Sueldo básico,4259278530.0,3961745298.0
2025,11,Municipalidades,Aguinaldo,30066666.0,30066666.0
2025,11,Municipalidades,Bonificaciones y asignaciones,2440078770.0,2332123523.0
2025,11,Municipalidades,Dietas,8938122977.0,8557715805.0
2025,11,Municipalidades,Gastos de representación,5734271123.0,5433164196.0
2025,11,Municipalidades,Otros gastos del personal,344011073.0,339611535.0
2025,11,Municipalidades,Personal contratado,44560023035.0,43172428932.0
2025,11,Municipalidades,Remuneraciones temporales,137289169.0,134122823.0
2025,11,Municipalidades,Sueldo básico,19285333042.0,17248396843.0
2025,11,Otros organismos,Aguinaldo,3250000.0,3250000.0
2025,11,Otros organismos,Bonificaciones y asignaciones,10423274640.0,9490362648.0
2025,11,Otros organismos,Dietas,146635400.0,140570036.0
2025,11,Otros organismos,Gastos de representación,959037075.0,900786739.0
2025,11,Otros organismos,Otros gastos del personal,303985445.0,216356965.0
2025,11,Otros organismos,Personal contratado,2382039082.0,2178738705.0
2025,11,Otros organismos,Remuneraciones temporales,2183385384.0,1954814614.0
2025,11,Otros organismos,Sueldo básico,41894805106.0,38516004850.0
2025,11,Poder Judicial,Bonificaciones y asignaciones,12015456684.0,12015456684.0
2025,11,Poder Judicial,Dietas,148034200.0,148034200.0
2025,11,Poder Judicial,Gastos de representación,7953219040.0,7913260708.0
2025,11,Poder Judicial,Otros gastos del personal,2258178448.0,2258178448.0
2025,11,Poder Judicial,Personal contratado,9061360019.0,8817755162.0
2025,11,Poder Judicial,Remuneraciones temporales,1379306761.0,1379306761.0
2025,11,Poder Judicial,Sueldo básico,147552106022.0,146958491776.0
2025,11,Poder Legislativo,Bonificaciones y asignaciones,6078044018.0,6078044018.0
2025,11,Poder Legislativo,Dietas,4075855000.0,4075855000.0
2025,11,Poder Legislativo,Gastos de representación,1195717259.0,1195717259.0
2025,11,Poder Legislativo,Otros gastos del personal,23241440.0,23241440.0
2025,11,Poder Legislativo,Personal contratado,5259275177.0,5239905177.0
2025,11,Poder Legislativo,Remuneraciones temporales,328330503.0,328330503.0
2025,11,Poder Legislativo,Sueldo básico,28636885302.0,28605551969.0
2025,11,SA del Estado,Bonificaciones y asignaciones,5318548310.0,5318548310.0
2025,11,SA del Estado,Dietas,91431640.0,65786180.0
2025,11,SA del Estado,Gastos de representación,23000000.0,23000000.0
2025,11,SA del Estado,Otros gastos del personal,1159460640.0,1159460640.0
2025,11,SA del Estado,Personal contratado,898172720.0,897803720.0
2025,11,SA del Estado,Remuneraciones temporales,1122550540.0,1122550540.0
2025,11,SA del Estado,Sueldo básico,18717697793.0,17676574708.0
2025,11,Salud,Bonificaciones y asignaciones,30664541298.0,29842172708.0
2025,11,Salud,Dietas,103928635.0,102908635.0
2025,11,Salud,Gastos de representación,587807955.0,581520642.0
2025,11,Salud,Otros gastos del personal,7803124879.0,7802835679.0
2025,11,Salud,Personal contratado,246253119886.0,239950020572.0
2025,11,Salud,Remuneraciones temporales,6347589771.0,6312996918.0
2025,11,Salud,Sueldo básico,228925426338.0,224130179193.0
2025,11,Servicio civil del Ejecutivo,Bonificaciones y asignaciones,29601060207.0,29601060207.0
2025,11,Servicio civil del Ejecutivo,Gastos de representación,2448730998.0,2441178468.0
2025,11,Servicio civil del Ejecutivo,Otros gastos del personal,3111356116.0,3111356116.0
2025,11,Servicio civil del Ejecutivo,Personal contratado,42768669955.0,36231344040.0
2025,11,Servicio civil del Ejecutivo,Remuneraciones temporales,8574879409.0,8574879409.0
2025,11,Servicio civil del Ejecutivo,Servicio exterior,15761207448.0,15761207448.0
2025,11,Servicio civil del Ejecutivo,Sueldo básico,75072792428.0,74896196122.0
2025,12,Educación,Aguinaldo,655337510458.0,648844676651.0
2025,12,Educación,Bonificaciones y asignaciones,97546481994.0,95113979209.0
2025,12,Educación,Dietas,744178304.0,726794698.0
2025,12,Educación,Gastos de representación,4169349016.0,4048245237.0
2025,12,Educación,Otros gastos del personal,7593524185.0,7582687923.0
2025,12,Educación,Personal contratado,19546337729.0,16169001636.0
2025,12,Educación,Remuneraciones temporales,1445353008.0,1358760874.0
2025,12,Educación,Sueldo básico,698476738927.0,685707488156.0
2025,12,Empresas públicas,Aguinaldo,34539959580.0,34539959580.0
2025,12,Empresas públicas,Bonificaciones y asignaciones,57607569090.0,54360231113.0
2025,12,Empresas públicas,Dietas,36960000.0,36960000.0
2025,12,Empresas públicas,Gastos de representación,164654000.0,164654000.0
2025,12,Empresas públicas,Otros gastos del personal,4464634929.0,4457634077.0
2025,12,Empresas públicas,Personal contratado,10055017046.0,9661592437.0
2025,12,Empresas públicas,Remuneraciones temporales,29267816898.0,27416608265.0
2025,12,Empresas públicas,Sueldo básico,45374390271.0,40271712347.0
2025,12,Entes autónomos y autárquicos,Aguinaldo,44706297027.0,44703069985.0
2025,12,Entes autónomos y autárquicos,Bonificaciones y asignaciones,24565117390.0,23041687848.0
2025,12,Entes autónomos y autárquicos,Dietas,435269000.0,423462088.0
2025,12,Entes autónomos y autárquicos,Gastos de representación,990791855.0,915879121.0
2025,12,Entes autónomos y autárquicos,Otros gastos del personal,6538295446.0,6230553345.0
2025,12,Entes autónomos y autárquicos,Personal contratado,13875042951.0,13563993292.0
2025,12,Entes autónomos y autárquicos,Remuneraciones temporales,12714695700.0,12237264719.0
2025,12,Entes autónomos y autárquicos,Sueldo básico,48538331597.0,42569731184.0
2025,12,Fuerzas públicas,Aguinaldo,307386375001.0,307386375001.0
2025,12,Fuerzas públicas,Bonificaciones y asignaciones,106392522885.0,106392522885.0
2025,12,Fuerzas públicas,Gastos de representación,865241243.0,865241243.0
2025,12,Fuerzas públicas,Otros gastos del personal,13061387219.0,13061387219.0
2025,12,Fuerzas públicas,Personal contratado,1355117671.0,1232264204.0
2025,12,Fuerzas públicas,Remuneraciones temporales,41003796.0,41003796.0
2025,12,Fuerzas públicas,Servicio exterior,2308330545.0,2308330545.0
2025,12,Fuerzas públicas,Sueldo básico,319960546801.0,319880224203.0
2025,12,Gobiernos departamentales,Aguinaldo,4074299296.0,4070585163.0
2025,12,Gobiernos departamentales,Bonificaciones y asignaciones,1763334164.0,1696615237.0
2025,12,Gobiernos departamentales,Dietas,2626417800.0,2540014512.0
2025,12,Gobiernos departamentales,Gastos de representación,258265100.0,251293985.0
2025,12,Gobiernos departamentales,Otros gastos del personal,165117691.0,163591390.0
2025,12,Gobiernos departamentales,Personal contratado,5639465054.0,5573719407.0
2025,12,Gobiernos departamentales,Remuneraciones temporales,61895632.0,60062395.0
2025,12,Gobiernos departamentales,Sueldo básico,4621695103.0,4259254707.0
2025,12,Municipalidades,Aguinaldo,17009412216.0,16830682139.0
2025,12,Municipalidades,Bonificaciones y asignaciones,3132779698.0,3085380497.0
2025,12,Municipalidades,Dietas,9409375878.0,9122210770.0
2025,12,Municipalidades,Gastos de representación,6356718000.0,6142444497.0
2025,12,Municipalidades,Otros gastos del personal,478222758.0,472249122.0
2025,12,Municipalidades,Personal contratado,59671698020.0,57831712475.0
2025,12,Municipalidades,Remuneraciones temporales,268629290.0,264146804.0
2025,12,Municipalidades,Sueldo básico,18548968732.0,16664994800.0
2025,12,Otros organismos,Aguinaldo,35490901599.0,35466057345.0
2025,12,Otros organismos,Bonificaciones y asignaciones,13742401367.0,12798514867.0
2025,12,Otros organismos,Dietas,146635400.0,140581377.0
2025,12,Otros organismos,Gastos de representación,951697367.0,894405215.0
2025,12,Otros organismos,Otros gastos del personal,734932871.0,642935769.0
2025,12,Otros organismos,Personal contratado,4046882167.0,3817028580.0
2025,12,Otros organismos,Remuneraciones temporales,3874394856.0,3499017067.0
2025,12,Otros organismos,Sueldo básico,41776319608.0,38451945581.0
2025,12,Poder Judicial,Aguinaldo,149711406697.0,149711406697.0
2025,12,Poder Judicial,Bonificaciones y asignaciones,23393796114.0,23393796114.0
2025,12,Poder Judicial,Dietas,148034200.0,148034200.0
2025,12,Poder Judicial,Gastos de representación,7948344040.0,7922579166.0
2025,12,Poder Judicial,Otros gastos del personal,2143358967.0,2143358967.0
2025,12,Poder Judicial,Personal contratado,8752252331.0,8571498756.0
2025,12,Poder Judicial,Remuneraciones temporales,1728883271.0,1728883271.0
2025,12,Poder Judicial,Sueldo básico,147338933148.0,146956332978.0
2025,12,Poder Legislativo,Aguinaldo,32706292309.0,32706292309.0
2025,12,Poder Legislativo,Bonificaciones y asignaciones,6093600424.0,6093600424.0
2025,12,Poder Legislativo,Dietas,4075855000.0,4075855000.0
2025,12,Poder Legislativo,Gastos de representación,1201183972.0,1201183972.0
2025,12,Poder Legislativo,Otros gastos del personal,6081162.0,6081162.0
2025,12,Poder Legislativo,Personal contratado,5244715201.0,5244715201.0
2025,12,Poder Legislativo,Remuneraciones temporales,276777605.0,276777605.0
2025,12,Poder Legislativo,Sueldo básico,28627385302.0,28598326610.0
2025,12,SA del Estado,Aguinaldo,11398298114.0,11398298114.0
2025,12,SA del Estado,Bonificaciones y asignaciones,5499052672.0,5499052672.0
2025,12,SA del Estado,Dietas,99738539.0,74093079.0
2025,12,SA del Estado,Gastos de representación,21000000.0,21000000.0
2025,12,SA del Estado,Otros gastos del personal,1170265821.0,1170265821.0
2025,12,SA del Estado,Personal contratado,879472720.0,879121720.0
2025,12,SA del Estado,Remuneraciones temporales,1474844814.0,1474844814.0
2025,12,SA del Estado,Sueldo básico,18602017911.0,17576449946.0
2025,12,Salud,Aguinaldo,159460045343.0,159460045343.0
2025,12,Salud,Bonificaciones y asignaciones,30953500984.0,30120895705.0
2025,12,Salud,Dietas,103928635.0,102908635.0
2025,12,Salud,Gastos de representación,582779755.0,578429755.0
2025,12,Salud,Otros gastos del personal,9507747452.0,9506451629.0
2025,12,Salud,Personal contratado,243973583959.0,235047538667.0
2025,12,Salud,Remuneraciones temporales,11012612153.0,10765781927.0
2025,12,Salud,Sueldo básico,228839846926.0,223890261395.0
2025,12,Servicio civil del Ejecutivo,Aguinaldo,75148569381.0,75148569381.0
2025,12,Servicio civil del Ejecutivo,Bonificaciones y asignaciones,26139604688.0,26139604688.0
2025,12,Servicio civil del Ejecutivo,Gastos de representación,2439183698.0,2439076091.0
2025,12,Servicio civil del Ejecutivo,Otros gastos del personal,3794410892.0,3794410892.0
2025,12,Servicio civil del Ejecutivo,Personal contratado,40931635687.0,34679625168.0
2025,12,Servicio civil del Ejecutivo,Remuneraciones temporales,7448703201.0,7448703201.0
2025,12,Servicio civil del Ejecutivo,Servicio exterior,30055694570.0,30055694570.0
2025,12,Servicio civil del Ejecutivo,Sueldo básico,75009077135.0,74922428926.0
2026,1,Educación,Aguinaldo,11773100.0,10629764.0
2026,1,Educación,Bonificaciones y asignaciones,81280557709.0,80416111811.0
2026,1,Educación,Dietas,676165495.0,656643913.0
2026,1,Educación,Gastos de representación,4079019657.0,3939895137.0
2026,1,Educación,Otros gastos del personal,4497641738.0,4455147773.0
2026,1,Educación,Personal contratado,6133286905.0,6036639950.0
2026,1,Educación,Remuneraciones temporales,348471648.0,343003367.0
2026,1,Educación,Sueldo básico,658594686094.0,646023859540.0
2026,1,Empresas públicas,Aguinaldo,168696720.0,168696720.0
2026,1,Empresas públicas,Bonificaciones y asignaciones,29143979518.0,26770266481.0
2026,1,Empresas públicas,Dietas,45840000.0,45840000.0
2026,1,Empresas públicas,Gastos de representación,178004615.0,174627072.0
2026,1,Empresas públicas,Otros gastos del personal,2493025516.0,2493025516.0
2026,1,Empresas públicas,Personal contratado,6338764264.0,5973367012.0
2026,1,Empresas públicas,Remuneraciones temporales,15241225149.0,13391227350.0
2026,1,Empresas públicas,Sueldo básico,45525907341.0,40362042915.0
2026,1,Entes autónomos y autárquicos,Aguinaldo,11384048.0,10760400.0
2026,1,Entes autónomos y autárquicos,Bonificaciones y asignaciones,7915620851.0,7133606355.0
2026,1,Entes autónomos y autárquicos,Dietas,288825700.0,285575700.0
2026,1,Entes autónomos y autárquicos,Gastos de representación,906826917.0,812492564.0
2026,1,Entes autónomos y autárquicos,Otros gastos del personal,2413183617.0,2198230610.0
2026,1,Entes autónomos y autárquicos,Personal contratado,5991990971.0,5751921017.0
2026,1,Entes autónomos y autárquicos,Remuneraciones temporales,2860664233.0,2501290964.0
2026,1,Entes autónomos y autárquicos,Sueldo básico,48802238862.0,42698763444.0
2026,1,Fuerzas públicas,Bonificaciones y asignaciones,99134060679.0,99134060679.0
2026,1,Fuerzas públicas,Gastos de representación,918889688.0,918889688.0
2026,1,Fuerzas públicas,Otros gastos del personal,14697700291.0,14697700291.0
2026,1,Fuerzas públicas,Personal contratado,679943268.0,676148341.0
2026,1,Fuerzas públicas,Remuneraciones temporales,40213800.0,40213800.0
2026,1,Fuerzas públicas,Servicio exterior,998325090.0,998325090.0
2026,1,Fuerzas públicas,Sueldo básico,339536207712.0,339529480573.0
2026,1,Gobiernos departamentales,Bonificaciones y asignaciones,1149962832.0,1103273228.0
2026,1,Gobiernos departamentales,Dietas,2683872504.0,2591749476.0
2026,1,Gobiernos departamentales,Gastos de representación,258378900.0,251427252.0
2026,1,Gobiernos departamentales,Otros gastos del personal,181596595.0,180070294.0
2026,1,Gobiernos departamentales,Personal contratado,3468584418.0,3395378599.0
2026,1,Gobiernos departamentales,Remuneraciones temporales,36681533.0,34513747.0
2026,1,Gobiernos departamentales,Sueldo básico,4465653333.0,4127907371.0
2026,1,Municipalidades,Aguinaldo,43203569.0,43123569.0
2026,1,Municipalidades,Bonificaciones y asignaciones,2484871650.0,2440564419.0
2026,1,Municipalidades,Dietas,9487723388.0,9303275485.0
2026,1,Municipalidades,Gastos de representación,5927012449.0,5788271951.0
2026,1,Municipalidades,Otros gastos del personal,283293236.0,280993236.0
2026,1,Municipalidades,Personal contratado,44518761597.0,43132777342.0
2026,1,Municipalidades,Remuneraciones temporales,168508452.0,160510774.0
2026,1,Municipalidades,Sueldo básico,21745095747.0,19486811684.0
2026,1,Otros organismos,Aguinaldo,7171000.0,0.0
2026,1,Otros organismos,Bonificaciones y asignaciones,10175820019.0,9251636277.0
2026,1,Otros organismos,Dietas,146635400.0,140592803.0
2026,1,Otros organismos,Gastos de representación,1089615265.0,1018551716.0
2026,1,Otros organismos,Otros gastos del personal,151173262.0,74596316.0
2026,1,Otros organismos,Personal contratado,2124447058.0,1904578287.0
2026,1,Otros organismos,Remuneraciones temporales,113611573.0,101279304.0
2026,1,Otros organismos,Sueldo básico,42235801859.0,38847941311.0
2026,1,Poder Judicial,Bonificaciones y asignaciones,22409020242.0,22409020242.0
2026,1,Poder Judicial,Dietas,163034200.0,163034200.0
2026,1,Poder Judicial,Gastos de representación,7905372620.0,7880986870.0
2026,1,Poder Judicial,Otros gastos del personal,2008960119.0,2008960119.0
2026,1,Poder Judicial,Personal contratado,5355300592.0,5355300592.0
2026,1,Poder Judicial,Remuneraciones temporales,1463167528.0,1463167528.0
2026,1,Poder Judicial,Sueldo básico,147491286151.0,146929144825.0
2026,1,Poder Legislativo,Bonificaciones y asignaciones,5126658661.0,5126658661.0
2026,1,Poder Legislativo,Dietas,4010641320.0,4010641320.0
2026,1,Poder Legislativo,Gastos de representación,1193742652.0,1193742652.0
2026,1,Poder Legislativo,Otros gastos del personal,1123439892.0,1123439892.0
2026,1,Poder Legislativo,Personal contratado,4723195988.0,4723195988.0
2026,1,Poder Legislativo,Sueldo básico,29523420165.0,29498394800.0
2026,1,SA del Estado,Aguinaldo,2906803.0,2906803.0
2026,1,SA del Estado,Bonificaciones y asignaciones,5920259767.0,5920259767.0
2026,1,SA del Estado,Dietas,91431640.0,65786180.0
2026,1,SA del Estado,Gastos de representación,21000000.0,21000000.0
2026,1,SA del Estado,Otros gastos del personal,1148205939.0,1148205939.0
2026,1,SA del Estado,Personal contratado,7119732544.0,6378547637.0
2026,1,SA del Estado,Remuneraciones temporales,1200241751.0,1200241751.0
2026,1,SA del Estado,Sueldo básico,11603540287.0,11321409238.0
2026,1,Salud,Bonificaciones y asignaciones,94487978539.0,89796657968.0
2026,1,Salud,Dietas,105649420.0,104629420.0
2026,1,Salud,Gastos de representación,581831555.0,576914328.0
2026,1,Salud,Otros gastos del personal,13183582949.0,13183582949.0
2026,1,Salud,Personal contratado,253878621991.0,250397363930.0
2026,1,Salud,Remuneraciones temporales,2299438849.0,2299438849.0
2026,1,Salud,Sueldo básico,231606597154.0,226712539680.0
2026,1,Servicio civil del Ejecutivo,Bonificaciones y asignaciones,19365329562.0,19365329562.0
2026,1,Servicio civil del Ejecutivo,Gastos de representación,2420756129.0,2413905650.0
2026,1,Servicio civil del Ejecutivo,Otros gastos del personal,2274763897.0,2274763897.0
2026,1,Servicio civil del Ejecutivo,Personal contratado,24367485623.0,23969623743.0
2026,1,Servicio civil del Ejecutivo,Remuneraciones temporales,2578939724.0,2578939724.0
2026,1,Servicio civil del Ejecutivo,Servicio exterior,14973934380.0,14973934380.0
2026,1,Servicio civil del Ejecutivo,Sueldo básico,73303409998.0,73231722148.0
2026,2,Educación,Aguinaldo,8903800.0,8237300.0
2026,2,Educación,Bonificaciones y asignaciones,82213220706.0,81331249359.0
2026,2,Educación,Dietas,678021630.0,659093260.0
2026,2,Educación,Gastos de representación,4094883232.0,3948004516.0
2026,2,Educación,Otros gastos del personal,4577739011.0,4571210575.0
2026,2,Educación,Personal contratado,7655898642.0,7566310841.0
2026,2,Educación,Remuneraciones temporales,710010937.0,705200257.0
2026,2,Educación,Sueldo básico,678296079841.0,666044487512.0
2026,2,Empresas públicas,Bonificaciones y asignaciones,30032877934.0,27435206560.0
2026,2,Empresas públicas,Dietas,45840000.0,45840000.0
2026,2,Empresas públicas,Gastos de representación,204138233.0,201876349.0
2026,2,Empresas públicas,Otros gastos del personal,4114195548.0,3922283761.0
2026,2,Empresas públicas,Personal contratado,6539776845.0,6184284796.0
2026,2,Empresas públicas,Remuneraciones temporales,15684825838.0,13888316347.0
2026,2,Empresas públicas,Sueldo básico,45525438907.0,40391520666.0
2026,2,Entes autónomos y autárquicos,Bonificaciones y asignaciones,22399430562.0,20583346911.0
2026,2,Entes autónomos y autárquicos,Dietas,434689200.0,431439200.0
2026,2,Entes autónomos y autárquicos,Gastos de representación,996156361.0,908317396.0
2026,2,Entes autónomos y autárquicos,Otros gastos del personal,3746563014.0,3316494994.0
2026,2,Entes autónomos y autárquicos,Personal contratado,9708948531.0,9329756417.0
2026,2,Entes autónomos y autárquicos,Remuneraciones temporales,6025000005.0,5500372440.0
2026,2,Entes autónomos y autárquicos,Sueldo básico,50617768935.0,43998625470.0
2026,2,Fuerzas públicas,Bonificaciones y asignaciones,99747964617.0,99747964617.0
2026,2,Fuerzas públicas,Gastos de representación,938488443.0,938488443.0
2026,2,Fuerzas públicas,Otros gastos del personal,47597112380.0,47597112380.0
2026,2,Fuerzas públicas,Personal contratado,1407911575.0,1345280920.0
2026,2,Fuerzas públicas,Remuneraciones temporales,40366800.0,40366800.0
2026,2,Fuerzas públicas,Servicio exterior,994175470.0,994175470.0
2026,2,Fuerzas públicas,Sueldo básico,339345519632.0,339335558499.0
2026,2,Gobiernos departamentales,Bonificaciones y asignaciones,1780309234.0,1734172679.0
2026,2,Gobiernos departamentales,Dietas,2683872504.0,2591749476.0
2026,2,Gobiernos departamentales,Gastos de representación,258981900.0,252030252.0
2026,2,Gobiernos departamentales,Otros gastos del personal,182119382.0,180593081.0
2026,2,Gobiernos departamentales,Personal contratado,3693869462.0,3619887629.0
2026,2,Gobiernos departamentales,Remuneraciones temporales,40222006.0,37478468.0
2026,2,Gobiernos departamentales,Sueldo básico,4490845981.0,4159749889.0
2026,2,Municipalidades,Aguinaldo,124774617.0,124694617.0
2026,2,Municipalidades,Bonificaciones y asignaciones,2603796789.0,2553894309.0
2026,2,Municipalidades,Dietas,9397730240.0,9067734606.0
2026,2,Municipalidades,Gastos de representación,5911554081.0,5731294823.0
2026,2,Municipalidades,Otros gastos del personal,275594236.0,273094236.0
2026,2,Municipalidades,Personal contratado,46359232518.0,44782697766.0
2026,2,Municipalidades,Remuneraciones temporales,217017648.0,194178738.0
2026,2,Municipalidades,Sueldo básico,19150480485.0,17161256553.0
2026,2,Otros organismos,Bonificaciones y asignaciones,20139600317.0,19133402241.0
2026,2,Otros organismos,Dietas,146635400.0,140604314.0
2026,2,Otros organismos,Gastos de representación,1098745575.0,1027184573.0
2026,2,Otros organismos,Otros gastos del personal,246904957.0,164908186.0
2026,2,Otros organismos,Personal contratado,3078397530.0,2860388745.0
2026,2,Otros organismos,Remuneraciones temporales,1843755483.0,1647711149.0
2026,2,Otros organismos,Sueldo básico,42292889624.0,38907134424.0
2026,2,Poder Judicial,Bonificaciones y asignaciones,22158019060.0,22158019060.0
2026,2,Poder Judicial,Dietas,163034200.0,163034200.0
2026,2,Poder Judicial,Gastos de representación,8012035440.0,7977646977.0
2026,2,Poder Judicial,Otros gastos del personal,2029808235.0,2029808235.0
2026,2,Poder Judicial,Personal contratado,8062263097.0,7965967888.0
2026,2,Poder Judicial,Remuneraciones temporales,1651756379.0,1651756379.0
2026,2,Poder Judicial,Sueldo básico,149003859377.0,148425500342.0
2026,2,Poder Legislativo,Bonificaciones y asignaciones,7627895874.0,7627895874.0
2026,2,Poder Legislativo,Dietas,4075855000.0,4075855000.0
2026,2,Poder Legislativo,Gastos de representación,1200754672.0,1200754672.0
2026,2,Poder Legislativo,Otros gastos del personal,1152702082.0,1152702082.0
2026,2,Poder Legislativo,Personal contratado,4951204370.0,4951204370.0
2026,2,Poder Legislativo,Remuneraciones temporales,26007700.0,26007700.0
2026,2,Poder Legislativo,Sueldo básico,29474144165.0,29454277499.0
2026,2,SA del Estado,Aguinaldo,7406657.0,7406657.0
2026,2,SA del Estado,Bonificaciones y asignaciones,5327904393.0,5327904393.0
2026,2,SA del Estado,Dietas,105240734.0,79595274.0
2026,2,SA del Estado,Gastos de representación,16000000.0,16000000.0
2026,2,SA del Estado,Otros gastos del personal,1155843302.0,1155843302.0
2026,2,SA del Estado,Personal contratado,7532180158.0,6788659196.0
2026,2,SA del Estado,Remuneraciones temporales,1155027149.0,1155027149.0
2026,2,SA del Estado,Sueldo básico,11568369534.0,11290608373.0
2026,2,Salud,Bonificaciones y asignaciones,30287299948.0,29472699715.0
2026,2,Salud,Dietas,88649420.0,87629420.0
2026,2,Salud,Gastos de representación,570599755.0,566765341.0
2026,2,Salud,Otros gastos del personal,7706157721.0,7706157721.0
2026,2,Salud,Personal contratado,244958718634.0,239600871864.0
2026,2,Salud,Remuneraciones temporales,4990783632.0,4963748070.0
2026,2,Salud,Sueldo básico,230734843618.0,225658559430.0
2026,2,Servicio civil del Ejecutivo,Bonificaciones y asignaciones,35103017697.0,35103017697.0
2026,2,Servicio civil del Ejecutivo,Gastos de representación,2468059284.0,2459552475.0
2026,2,Servicio civil del Ejecutivo,Otros gastos del personal,2478298627.0,2478298627.0
2026,2,Servicio civil del Ejecutivo,Personal contratado,31748585543.0,30148583480.0
2026,2,Servicio civil del Ejecutivo,Remuneraciones temporales,5538017146.0,5538017146.0
2026,2,Servicio civil del Ejecutivo,Servicio exterior,14575623510.0,14575623510.0
2026,2,Servicio civil del Ejecutivo,Sueldo básico,75264221964.0,75097729307.0
2026,3,Educación,Aguinaldo,8903800.0,7954252.0
2026,3,Educación,Bonificaciones y asignaciones,88347113401.0,87483709803.0
2026,3,Educación,Dietas,664620415.0,647528235.0
2026,3,Educación,Gastos de representación,4087337732.0,3953521481.0
2026,3,Educación,Otros gastos del personal,5667356782.0,5631687071.0
2026,3,Educación,Personal contratado,8262449992.0,8167737534.0
2026,3,Educación,Remuneraciones temporales,875144892.0,860257052.0
2026,3,Educación,Sueldo básico,699123450919.0,686786570739.0
2026,3,Empresas públicas,Bonificaciones y asignaciones,38999851651.0,35736070218.0
2026,3,Empresas públicas,Dietas,45840000.0,45840000.0
2026,3,Empresas públicas,Gastos de representación,212994466.0,208943526.0
2026,3,Empresas públicas,Otros gastos del personal,2492476814.0,2492476814.0
2026,3,Empresas públicas,Personal contratado,6762645871.0,6404253283.0
2026,3,Empresas públicas,Remuneraciones temporales,15276102443.0,13487934783.0
2026,3,Empresas públicas,Sueldo básico,45363818571.0,40256448216.0
2026,3,Entes autónomos y autárquicos,Aguinaldo,0.0,0.0
2026,3,Entes autónomos y autárquicos,Bonificaciones y asignaciones,29416780440.0,27854436875.0
2026,3,Entes autónomos y autárquicos,Dietas,338106900.0,331606900.0
2026,3,Entes autónomos y autárquicos,Gastos de representación,944109234.0,867518850.0
2026,3,Entes autónomos y autárquicos,Otros gastos del personal,3100939970.0,2818299242.0
2026,3,Entes autónomos y autárquicos,Personal contratado,10431161113.0,10080569526.0
2026,3,Entes autónomos y autárquicos,Remuneraciones temporales,8199641234.0,7503858428.0
2026,3,Entes autónomos y autárquicos,Sueldo básico,49581040272.0,43228817225.0
2026,3,Fuerzas públicas,Bonificaciones y asignaciones,100794560380.0,100794560380.0
2026,3,Fuerzas públicas,Gastos de representación,936720843.0,936720843.0
2026,3,Fuerzas públicas,Otros gastos del personal,142338530976.0,142338530976.0
2026,3,Fuerzas públicas,Personal contratado,1392858615.0,1237466520.0
2026,3,Fuerzas públicas,Remuneraciones temporales,41864392.0,41864392.0
2026,3,Fuerzas públicas,Servicio exterior,969084070.0,969084070.0
2026,3,Fuerzas públicas,Sueldo básico,339180965813.0,339170134966.0
2026,3,Gobiernos departamentales,Bonificaciones y asignaciones,1265550616.0,1219935149.0
2026,3,Gobiernos departamentales,Dietas,2718661080.0,2626538052.0
2026,3,Gobiernos departamentales,Gastos de representación,261201200.0,254249552.0
2026,3,Gobiernos departamentales,Otros gastos del personal,190510782.0,188984481.0
2026,3,Gobiernos departamentales,Personal contratado,3520264789.0,3448646293.0
2026,3,Gobiernos departamentales,Remuneraciones temporales,40851796.0,38207070.0
2026,3,Gobiernos departamentales,Sueldo básico,4539472166.0,4209779320.0
2026,3,Municipalidades,Aguinaldo,26400000.0,26320000.0
2026,3,Municipalidades,Bonificaciones y asignaciones,2786393432.0,2740200952.0
2026,3,Municipalidades,Dietas,9656038284.0,9246851777.0
2026,3,Municipalidades,Gastos de representación,6107452806.0,5850651769.0
2026,3,Municipalidades,Otros gastos del personal,288876272.0,284484272.0
2026,3,Municipalidades,Personal contratado,49306565485.0,47669244373.0
2026,3,Municipalidades,Remuneraciones temporales,170207758.0,164850513.0
2026,3,Municipalidades,Sueldo básico,21982893529.0,19619720296.0
2026,3,Otros organismos,Bonificaciones y asignaciones,12454386854.0,11476273820.0
2026,3,Otros organismos,Dietas,150618100.0,144598613.0
2026,3,Otros organismos,Gastos de representación,1103630475.0,1031095673.0
2026,3,Otros organismos,Otros gastos del personal,301453942.0,217879785.0
2026,3,Otros organismos,Personal contratado,2549956619.0,2310022801.0
2026,3,Otros organismos,Remuneraciones temporales,2009946608.0,1796699618.0
2026,3,Otros organismos,Sueldo básico,42168607828.0,38785497100.0
2026,3,Poder Judicial,Bonificaciones y asignaciones,25264816202.0,25264816202.0
2026,3,Poder Judicial,Dietas,163034200.0,163034200.0
2026,3,Poder Judicial,Gastos de representación,8058960440.0,7996438836.0
2026,3,Poder Judicial,Otros gastos del personal,2097293147.0,2097293147.0
2026,3,Poder Judicial,Personal contratado,8079486822.0,7963961296.0
2026,3,Poder Judicial,Remuneraciones temporales,619116826.0,619116826.0
2026,3,Poder Judicial,Sueldo básico,149524526573.0,148651808011.0
2026,3,Poder Legislativo,Bonificaciones y asignaciones,6709311315.0,6709311315.0
2026,3,Poder Legislativo,Dietas,4075855000.0,4075855000.0
2026,3,Poder Legislativo,Gastos de representación,1198225672.0,1198225672.0
2026,3,Poder Legislativo,Otros gastos del personal,1183048506.0,1183048506.0
2026,3,Poder Legislativo,Personal contratado,4986895322.0,4980295322.0
2026,3,Poder Legislativo,Remuneraciones temporales,278084471.0,278084471.0
2026,3,Poder Legislativo,Sueldo básico,29576544165.0,29541657501.0
2026,3,SA del Estado,Aguinaldo,875000.0,875000.0
2026,3,SA del Estado,Bonificaciones y asignaciones,5260574128.0,5260574128.0
2026,3,SA del Estado,Dietas,117077100.0,103907814.0
2026,3,SA del Estado,Gastos de representación,15800000.0,15800000.0
2026,3,SA del Estado,Otros gastos del personal,1126696930.0,1126696930.0
2026,3,SA del Estado,Personal contratado,7703945110.0,6965773165.0
2026,3,SA del Estado,Remuneraciones temporales,1165585465.0,1165585465.0
2026,3,SA del Estado,Sueldo básico,11608707248.0,11331257952.0
2026,3,Salud,Bonificaciones y asignaciones,34791304550.0,33952316083.0
2026,3,Salud,Dietas,105649420.0,103609420.0
2026,3,Salud,Gastos de representación,587339755.0,582716155.0
2026,3,Salud,Otros gastos del personal,7815229475.0,7804230112.0
2026,3,Salud,Personal contratado,253936614305.0,246827807894.0
2026,3,Salud,Remuneraciones temporales,5302951727.0,5272435434.0
2026,3,Salud,Sueldo básico,229376861888.0,224608511095.0
2026,3,Servicio civil del Ejecutivo,Bonificaciones y asignaciones,29233767953.0,29233767953.0
2026,3,Servicio civil del Ejecutivo,Gastos de representación,2506590349.0,2498921361.0
2026,3,Servicio civil del Ejecutivo,Otros gastos del personal,2600242867.0,2600242867.0
2026,3,Servicio civil del Ejecutivo,Personal contratado,40710955595.0,34144033312.0
2026,3,Servicio civil del Ejecutivo,Remuneraciones temporales,6967544976.0,6967544976.0
2026,3,Servicio civil del Ejecutivo,Servicio exterior,14534324189.0,14534324189.0
2026,3,Servicio civil del Ejecutivo,Sueldo básico,75524136244.0,75257015540.0
2026,4,Educación,Aguinaldo,8903800.0,7525748.0
2026,4,Educación,Bonificaciones y asignaciones,82081738551.0,81187654906.0
2026,4,Educación,Dietas,694055965.0,676245471.0
2026,4,Educación,Gastos de representación,4096113875.0,3953439809.0
2026,4,Educación,Otros gastos del personal,5344349246.0,5320612029.0
2026,4,Educación,Personal contratado,8558960210.0,8440285835.0
2026,4,Educación,Remuneraciones temporales,838792118.0,809908278.0
2026,4,Educación,Sueldo básico,707589254195.0,694532890348.0
2026,4,Empresas públicas,Bonificaciones y asignaciones,33701874196.0,30541851116.0
2026,4,Empresas públicas,Dietas,45840000.0,45840000.0
2026,4,Empresas públicas,Gastos de representación,212994466.0,208943526.0
2026,4,Empresas públicas,Otros gastos del personal,4133810737.0,3927968936.0
2026,4,Empresas públicas,Personal contratado,6645878790.0,6283980389.0
2026,4,Empresas públicas,Remuneraciones temporales,16145453028.0,14233532113.0
2026,4,Empresas públicas,Sueldo básico,45289558001.0,40190966506.0
2026,4,Entes autónomos y autárquicos,Aguinaldo,0.0,0.0
2026,4,Entes autónomos y autárquicos,Bonificaciones y asignaciones,14417756890.0,12854203038.0
2026,4,Entes autónomos y autárquicos,Dietas,365180000.0,354843600.0
2026,4,Entes autónomos y autárquicos,Gastos de representación,932035571.0,856117822.0
2026,4,Entes autónomos y autárquicos,Otros gastos del personal,2968971913.0,2704276780.0
2026,4,Entes autónomos y autárquicos,Personal contratado,9272874717.0,8932062361.0
2026,4,Entes autónomos y autárquicos,Remuneraciones temporales,8296980426.0,7562587413.0
2026,4,Entes autónomos y autárquicos,Sueldo básico,50605128704.0,44335209013.0
2026,4,Fuerzas públicas,Bonificaciones y asignaciones,99308554200.0,99308554200.0
2026,4,Fuerzas públicas,Gastos de representación,938420743.0,938420743.0
2026,4,Fuerzas públicas,Otros gastos del personal,15111249446.0,15111249446.0
2026,4,Fuerzas públicas,Personal contratado,1315012895.0,1204766520.0
2026,4,Fuerzas públicas,Remuneraciones temporales,40411500.0,40411500.0
2026,4,Fuerzas públicas,Servicio exterior,969891710.0,969891710.0
2026,4,Fuerzas públicas,Sueldo básico,338604715118.0,338577999426.0
2026,4,Gobiernos departamentales,Bonificaciones y asignaciones,1303396940.0,1258687473.0
2026,4,Gobiernos departamentales,Dietas,2711497404.0,2627425012.0
2026,4,Gobiernos departamentales,Gastos de representación,261201200.0,254249552.0
2026,4,Gobiernos departamentales,Otros gastos del personal,187523501.0,185997200.0
2026,4,Gobiernos departamentales,Personal contratado,3600737707.0,3529244690.0
2026,4,Gobiernos departamentales,Remuneraciones temporales,39828007.0,37159094.0
2026,4,Gobiernos departamentales,Sueldo básico,4519609216.0,4201623394.0
2026,4,Municipalidades,Aguinaldo,33333334.0,33253334.0
2026,4,Municipalidades,Bonificaciones y asignaciones,2742636275.0,2696412795.0
2026,4,Municipalidades,Dietas,9344283837.0,9090745929.0
2026,4,Municipalidades,Gastos de representación,5782508807.0,5620534457.0
2026,4,Municipalidades,Otros gastos del personal,294703236.0,288931236.0
2026,4,Municipalidades,Personal contratado,48093443599.0,46414282090.0
2026,4,Municipalidades,Remuneraciones temporales,251682146.0,244541273.0
2026,4,Municipalidades,Sueldo básico,20551542881.0,18335451488.0
2026,4,Otros organismos,Bonificaciones y asignaciones,10698489228.0,9715451177.0
2026,4,Otros organismos,Dietas,150618100.0,144585297.0
2026,4,Otros organismos,Gastos de representación,1104422528.0,1032765369.0
2026,4,Otros organismos,Otros gastos del personal,352938610.0,258482586.0
2026,4,Otros organismos,Personal contratado,2512811395.0,2280947830.0
2026,4,Otros organismos,Remuneraciones temporales,2355466906.0,2105557989.0
2026,4,Otros organismos,Sueldo básico,42034322448.0,38648691530.0
2026,4,Poder Judicial,Bonificaciones y asignaciones,17604547504.0,17604547504.0
2026,4,Poder Judicial,Dietas,163034200.0,163034200.0
2026,4,Poder Judicial,Gastos de representación,8005547940.0,7979314990.0
2026,4,Poder Judicial,Otros gastos del personal,2793768943.0,2793768943.0
2026,4,Poder Judicial,Personal contratado,7743923575.0,7624988823.0
2026,4,Poder Judicial,Remuneraciones temporales,426505763.0,426505763.0
2026,4,Poder Judicial,Sueldo básico,149068720433.0,148521777773.0
2026,4,Poder Legislativo,Bonificaciones y asignaciones,5295188021.0,5295188021.0
2026,4,Poder Legislativo,Dietas,4075855000.0,4075855000.0
2026,4,Poder Legislativo,Gastos de representación,1194651372.0,1194651372.0
2026,4,Poder Legislativo,Otros gastos del personal,1161268622.0,1161268622.0
2026,4,Poder Legislativo,Personal contratado,4977350322.0,4959266989.0
2026,4,Poder Legislativo,Remuneraciones temporales,313200751.0,313200751.0
2026,4,Poder Legislativo,Sueldo básico,29531844165.0,29507790824.0
2026,4,SA del Estado,Aguinaldo,2311913.0,2311913.0
2026,4,SA del Estado,Bonificaciones y asignaciones,5260064381.0,5260064381.0
2026,4,SA del Estado,Dietas,60178249.0,60178249.0
2026,4,SA del Estado,Gastos de representación,17150000.0,17150000.0
2026,4,SA del Estado,Otros gastos del personal,1148931262.0,1148931262.0
2026,4,SA del Estado,Personal contratado,7851144871.0,7114108220.0
2026,4,SA del Estado,Remuneraciones temporales,1166729429.0,1166729429.0
2026,4,SA del Estado,Sueldo básico,11520298537.0,11242711938.0
2026,4,Salud,Bonificaciones y asignaciones,32048410845.0,31219650947.0
2026,4,Salud,Dietas,88649420.0,86609420.0
2026,4,Salud,Gastos de representación,574779755.0,570429755.0
2026,4,Salud,Otros gastos del personal,7775906856.0,7769559001.0
2026,4,Salud,Personal contratado,248329407917.0,241221331286.0
2026,4,Salud,Remuneraciones temporales,5730456047.0,5697662681.0
2026,4,Salud,Sueldo básico,229931767132.0,225060343602.0
2026,4,Servicio civil del Ejecutivo,Bonificaciones y asignaciones,28768730020.0,28768730020.0
2026,4,Servicio civil del Ejecutivo,Gastos de representación,2516332149.0,2497458929.0
2026,4,Servicio civil del Ejecutivo,Otros gastos del personal,2266369577.0,2266369577.0
2026,4,Servicio civil del Ejecutivo,Personal contratado,37186731992.0,32330972885.0
2026,4,Servicio civil del Ejecutivo,Remuneraciones temporales,6125323730.0,6125323730.0
2026,4,Servicio civil del Ejecutivo,Servicio exterior,14091832079.0,14091832079.0
2026,4,Servicio civil del Ejecutivo,Sueldo básico,75696354300.0,75522601486.0
2026,5,Educación,Aguinaldo,8903800.0,7525748.0
2026,5,Educación,Bonificaciones y asignaciones,82036964746.0,81150104351.0
2026,5,Educación,Dietas,677440545.0,660955465.0
2026,5,Educación,Gastos de representación,4087279159.0,3950519952.0
2026,5,Educación,Otros gastos del personal,11413044406.0,11403074302.0
2026,5,Educación,Personal contratado,8666546330.0,8549514764.0
2026,5,Educación,Remuneraciones temporales,811508375.0,784019554.0
2026,5,Educación,Sueldo básico,710408216741.0,697386287742.0
2026,5,Empresas públicas,Bonificaciones y asignaciones,27728636195.0,25349562914.0
2026,5,Empresas públicas,Dietas,45840000.0,45840000.0
2026,5,Empresas públicas,Gastos de representación,214522766.0,210227298.0
2026,5,Empresas públicas,Otros gastos del personal,3238964228.0,3146355780.0
2026,5,Empresas públicas,Personal contratado,6498602306.0,6243272217.0
2026,5,Empresas públicas,Remuneraciones temporales,15855820596.0,13982760821.0
2026,5,Empresas públicas,Sueldo básico,45858315130.0,40688985111.0
2026,5,Entes autónomos y autárquicos,Bonificaciones y asignaciones,12945796916.0,11440046611.0
2026,5,Entes autónomos y autárquicos,Dietas,348311800.0,341225400.0
2026,5,Entes autónomos y autárquicos,Gastos de representación,884072431.0,810185295.0
2026,5,Entes autónomos y autárquicos,Otros gastos del personal,3028311459.0,2742676281.0
2026,5,Entes autónomos y autárquicos,Personal contratado,8511473638.0,8209097928.0
2026,5,Entes autónomos y autárquicos,Remuneraciones temporales,7668283801.0,7049676705.0
2026,5,Entes autónomos y autárquicos,Sueldo básico,47728666111.0,41709484631.0
2026,5,Fuerzas públicas,Bonificaciones y asignaciones,98850106090.0,98850106090.0
2026,5,Fuerzas públicas,Gastos de representación,948989243.0,948989243.0
2026,5,Fuerzas públicas,Otros gastos del personal,14755030689.0,14755030689.0
2026,5,Fuerzas públicas,Personal contratado,1269208447.0,1265413520.0
2026,5,Fuerzas públicas,Remuneraciones temporales,37064600.0,37064600.0
2026,5,Fuerzas públicas,Servicio exterior,929185430.0,929185430.0
2026,5,Fuerzas públicas,Sueldo básico,340175226890.0,340147624082.0
2026,5,Gobiernos departamentales,Bonificaciones y asignaciones,1187367614.0,1142450493.0
2026,5,Gobiernos departamentales,Dietas,2595535484.0,2511463092.0
2026,5,Gobiernos departamentales,Gastos de representación,246545200.0,239593552.0
2026,5,Gobiernos departamentales,Otros gastos del personal,186600782.0,185074481.0
2026,5,Gobiernos departamentales,Personal contratado,3591496261.0,3519830865.0
2026,5,Gobiernos departamentales,Remuneraciones temporales,40736875.0,38067838.0
2026,5,Gobiernos departamentales,Sueldo básico,4203881868.0,3887116596.0
2026,5,Municipalidades,Aguinaldo,35183333.0,35023333.0
2026,5,Municipalidades,Bonificaciones y asignaciones,2334046481.0,2285902667.0
2026,5,Municipalidades,Dietas,9017202240.0,8664988453.0
2026,5,Municipalidades,Gastos de representación,5582544463.0,5344396078.0
2026,5,Municipalidades,Otros gastos del personal,296629571.0,294737571.0
2026,5,Municipalidades,Personal contratado,45598777959.0,44074110537.0
2026,5,Municipalidades,Remuneraciones temporales,151797169.0,151272989.0
2026,5,Municipalidades,Sueldo básico,18872254636.0,16827283829.0
2026,5,Otros organismos,Bonificaciones y asignaciones,9958797808.0,8977441343.0
2026,5,Otros organismos,Dietas,150618100.0,144597070.0
2026,5,Otros organismos,Gastos de representación,1107347275.0,1032459311.0
2026,5,Otros organismos,Otros gastos del personal,233244626.0,158974788.0
2026,5,Otros organismos,Personal contratado,2379445437.0,2153732884.0
2026,5,Otros organismos,Remuneraciones temporales,2212117125.0,1978360711.0
2026,5,Otros organismos,Sueldo básico,41937323016.0,38545210964.0
2026,5,Poder Judicial,Bonificaciones y asignaciones,13629099010.0,13629099010.0
2026,5,Poder Judicial,Dietas,163034200.0,163034200.0
2026,5,Poder Judicial,Gastos de representación,8022755840.0,7966600007.0
2026,5,Poder Judicial,Otros gastos del personal,2771202722.0,2771202722.0
2026,5,Poder Judicial,Personal contratado,7755695873.0,7582209333.0
2026,5,Poder Judicial,Remuneraciones temporales,291025906.0,291025906.0
2026,5,Poder Judicial,Sueldo básico,149694751300.0,149022329792.0
2026,5,Poder Legislativo,Bonificaciones y asignaciones,5364329933.0,5364329933.0
2026,5,Poder Legislativo,Dietas,4075855000.0,4075855000.0
2026,5,Poder Legislativo,Gastos de representación,1203283672.0,1203283672.0
2026,5,Poder Legislativo,Otros gastos del personal,1184042705.0,1184042705.0
2026,5,Poder Legislativo,Personal contratado,5019011059.0,4987952727.0
2026,5,Poder Legislativo,Remuneraciones temporales,279776467.0,279776467.0
2026,5,Poder Legislativo,Sueldo básico,29646344165.0,29617510832.0
2026,5,SA del Estado,Aguinaldo,1893309.0,1893309.0
2026,5,SA del Estado,Bonificaciones y asignaciones,5337690298.0,5337690298.0
2026,5,SA del Estado,Dietas,60178249.0,60178249.0
2026,5,SA del Estado,Gastos de representación,16000000.0,16000000.0
2026,5,SA del Estado,Otros gastos del personal,1146197816.0,1146197816.0
2026,5,SA del Estado,Personal contratado,8143733919.0,7401811810.0
2026,5,SA del Estado,Remuneraciones temporales,1208230231.0,1208230231.0
2026,5,SA del Estado,Sueldo básico,11568722085.0,11293874705.0
2026,5,Salud,Bonificaciones y asignaciones,42928104460.0,42105606303.0
2026,5,Salud,Dietas,89782753.0,88694753.0
2026,5,Salud,Gastos de representación,572667955.0,568638355.0
2026,5,Salud,Otros gastos del personal,7769405950.0,7763638256.0
2026,5,Salud,Personal contratado,261895519151.0,254973825655.0
2026,5,Salud,Remuneraciones temporales,5675384939.0,5643822309.0
2026,5,Salud,Sueldo básico,231680312242.0,226581383333.0
2026,5,Servicio civil del Ejecutivo,Bonificaciones y asignaciones,22336523924.0,22336523924.0
2026,5,Servicio civil del Ejecutivo,Gastos de representación,2538549953.0,2530798600.0
2026,5,Servicio civil del Ejecutivo,Otros gastos del personal,2549786360.0,2549786360.0
2026,5,Servicio civil del Ejecutivo,Personal contratado,35715011632.0,31320128681.0
2026,5,Servicio civil del Ejecutivo,Remuneraciones temporales,6697484046.0,6697484046.0
2026,5,Servicio civil del Ejecutivo,Servicio exterior,13786396057.0,13786396057.0
2026,5,Servicio civil del Ejecutivo,Sueldo básico,76056374484.0,75940610257.0
2026,6,Educación,Aguinaldo,13391100.0,11717039.0
2026,6,Educación,Bonificaciones y asignaciones,82261173282.0,81282749868.0
2026,6,Educación,Dietas,727128235.0,710333720.0
2026,6,Educación,Gastos de representación,4174968259.0,4020439358.0
2026,6,Educación,Otros gastos del personal,4955052364.0,4929149969.0
2026,6,Educación,Personal contratado,9774300106.0,9659007358.0
2026,6,Educación,Remuneraciones temporales,910054881.0,883992793.0
2026,6,Educación,Sueldo básico,718927589530.0,704328534908.0
2026,6,Empresas públicas,Bonificaciones y asignaciones,28471532678.0,26086221456.0
2026,6,Empresas públicas,Dietas,45840000.0,45840000.0
2026,6,Empresas públicas,Gastos de representación,211554842.0,207346487.0
2026,6,Empresas públicas,Otros gastos del personal,3224187236.0,3134564213.0
2026,6,Empresas públicas,Personal contratado,6849342377.0,6593928005.0
2026,6,Empresas públicas,Remuneraciones temporales,18776730148.0,16782617568.0
2026,6,Empresas públicas,Sueldo básico,45677807974.0,40505277503.0
2026,6,Entes autónomos y autárquicos,Bonificaciones y asignaciones,15245062493.0,13734103654.0
2026,6,Entes autónomos y autárquicos,Dietas,418639000.0,411552600.0
2026,6,Entes autónomos y autárquicos,Gastos de representación,902279959.0,832873060.0
2026,6,Entes autónomos y autárquicos,Otros gastos del personal,2921329250.0,2652096123.0
2026,6,Entes autónomos y autárquicos,Personal contratado,9801464505.0,9422150597.0
2026,6,Entes autónomos y autárquicos,Remuneraciones temporales,7063676729.0,6403608212.0
2026,6,Entes autónomos y autárquicos,Sueldo básico,47625612017.0,41604260169.0
2026,6,Fuerzas públicas,Bonificaciones y asignaciones,98746961594.0,98746961594.0
2026,6,Fuerzas públicas,Gastos de representación,953648443.0,953648443.0
2026,6,Fuerzas públicas,Otros gastos del personal,14746702108.0,14746702108.0
2026,6,Fuerzas públicas,Personal contratado,1514071802.0,1333073067.0
2026,6,Fuerzas públicas,Remuneraciones temporales,32872400.0,32872400.0
2026,6,Fuerzas públicas,Servicio exterior,1001824859.0,1001824859.0
2026,6,Fuerzas públicas,Sueldo básico,339730848908.0,339670824119.0
2026,6,Gobiernos departamentales,Bonificaciones y asignaciones,1203617252.0,1155624194.0
2026,6,Gobiernos departamentales,Dietas,2595535484.0,2511463092.0
2026,6,Gobiernos departamentales,Gastos de representación,246545200.0,239593552.0
2026,6,Gobiernos departamentales,Otros gastos del personal,183300782.0,182234481.0
2026,6,Gobiernos departamentales,Personal contratado,3600549154.0,3527975930.0
2026,6,Gobiernos departamentales,Remuneraciones temporales,38167867.0,35916273.0
2026,6,Gobiernos departamentales,Sueldo básico,4183028328.0,3867387990.0
2026,6,Municipalidades,Aguinaldo,196849188.0,195779188.0
2026,6,Municipalidades,Bonificaciones y asignaciones,2844078946.0,2761849632.0
2026,6,Municipalidades,Dietas,9083173143.0,8803817640.0
2026,6,Municipalidades,Gastos de representación,5792697223.0,5600068687.0
2026,6,Municipalidades,Otros gastos del personal,358813579.0,356288367.0
2026,6,Municipalidades,Personal contratado,50020119375.0,48032112258.0
2026,6,Municipalidades,Remuneraciones temporales,273321302.0,269597346.0
2026,6,Municipalidades,Sueldo básico,21421841147.0,19094427266.0
2026,6,Otros organismos,Bonificaciones y asignaciones,10078416154.0,9100857900.0
2026,6,Otros organismos,Dietas,150618100.0,144608931.0
2026,6,Otros organismos,Gastos de representación,1104385975.0,1030826399.0
2026,6,Otros organismos,Otros gastos del personal,456578786.0,383758083.0
2026,6,Otros organismos,Personal contratado,2200771851.0,2002316338.0
2026,6,Otros organismos,Remuneraciones temporales,2171557488.0,1942984188.0
2026,6,Otros organismos,Sueldo básico,42228885419.0,38824899435.0
2026,6,Poder Judicial,Bonificaciones y asignaciones,11927699284.0,11927699284.0
2026,6,Poder Judicial,Dietas,163034200.0,163034200.0
2026,6,Poder Judicial,Gastos de representación,8057568340.0,8007338758.0
2026,6,Poder Judicial,Otros gastos del personal,2357842498.0,2357842498.0
2026,6,Poder Judicial,Personal contratado,7953028834.0,7761713426.0
2026,6,Poder Judicial,Remuneraciones temporales,292080162.0,292080162.0
2026,6,Poder Judicial,Sueldo básico,150374511659.0,149709822877.0
2026,6,Poder Legislativo,Bonificaciones y asignaciones,5428851163.0,5428851163.0
2026,6,Poder Legislativo,Dietas,4075855000.0,4075855000.0
2026,6,Poder Legislativo,Gastos de representación,1205812672.0,1205812672.0
2026,6,Poder Legislativo,Otros gastos del personal,1188000592.0,1188000592.0
2026,6,Poder Legislativo,Personal contratado,4956788630.0,4937655297.0
2026,6,Poder Legislativo,Remuneraciones temporales,340839190.0,340839190.0
2026,6,Poder Legislativo,Sueldo básico,29688044165.0,29676344165.0
2026,6,SA del Estado,Aguinaldo,14565007.0,14565007.0
2026,6,SA del Estado,Bonificaciones y asignaciones,5316967565.0,5316967565.0
2026,6,SA del Estado,Dietas,105178249.0,105178249.0
2026,6,SA del Estado,Gastos de representación,16000000.0,16000000.0
2026,6,SA del Estado,Otros gastos del personal,4644958595.0,4644958595.0
2026,6,SA del Estado,Personal contratado,7510308071.0,6769600967.0
2026,6,SA del Estado,Remuneraciones temporales,1286924240.0,1286924240.0
2026,6,SA del Estado,Sueldo básico,11296162774.0,11048117167.0
2026,6,Salud,Bonificaciones y asignaciones,30747956910.0,29918481207.0
2026,6,Salud,Dietas,111316086.0,110296086.0
2026,6,Salud,Gastos de representación,588712555.0,583548108.0
2026,6,Salud,Otros gastos del personal,7826796249.0,7818985063.0
2026,6,Salud,Personal contratado,258304472935.0,251173848018.0
2026,6,Salud,Remuneraciones temporales,5828438206.0,5796303570.0
2026,6,Salud,Sueldo básico,231058681592.0,226204656231.0
2026,6,Servicio civil del Ejecutivo,Bonificaciones y asignaciones,25709283951.0,25709283951.0
2026,6,Servicio civil del Ejecutivo,Gastos de representación,2530736853.0,2525422066.0
2026,6,Servicio civil del Ejecutivo,Otros gastos del personal,2945691301.0,2945691301.0
2026,6,Servicio civil del Ejecutivo,Personal contratado,37172415371.0,32007565876.0
2026,6,Servicio civil del Ejecutivo,Remuneraciones temporales,6550881009.0,6550881009.0
2026,6,Servicio civil del Ejecutivo,Servicio exterior,13806735660.0,13806735660.0
2026,6,Servicio civil del Ejecutivo,Sueldo básico,75870477340.0,75766636627.0
2026,7,Educación,Aguinaldo,4416500.0,3334457.0
2026,7,Educación,Bonificaciones y asignaciones,82938583590.0,82059899404.0
2026,7,Educación,Dietas,672132710.0,659431027.0
2026,7,Educación,Gastos de representación,4107126759.0,3959964741.0
2026,7,Educación,Otros gastos del personal,6164829479.0,6161457043.0
2026,7,Educación,Personal contratado,9322954688.0,9215949245.0
2026,7,Educación,Remuneraciones temporales,902819748.0,875185485.0
2026,7,Educación,Sueldo básico,712720395103.0,699724267325.0
2026,7,Empresas públicas,Bonificaciones y asignaciones,27999381074.0,25618466622.0
2026,7,Empresas públicas,Dietas,45840000.0,45840000.0
2026,7,Empresas públicas,Gastos de representación,213894466.0,211036545.0
2026,7,Empresas públicas,Otros gastos del personal,3191344211.0,3103784353.0
2026,7,Empresas públicas,Personal contratado,6822080624.0,6565717718.0
2026,7,Empresas públicas,Remuneraciones temporales,16714693275.0,14747724410.0
2026,7,Empresas públicas,Sueldo básico,45554511308.0,40393675903.0
2026,7,Entes autónomos y autárquicos,Bonificaciones y asignaciones,13619825468.0,12061407201.0
2026,7,Entes autónomos y autárquicos,Dietas,351442800.0,344356400.0
2026,7,Entes autónomos y autárquicos,Gastos de representación,901715644.0,826133303.0
2026,7,Entes autónomos y autárquicos,Otros gastos del personal,3022750039.0,2745069097.0
2026,7,Entes autónomos y autárquicos,Personal contratado,9189308255.0,8255220598.0
2026,7,Entes autónomos y autárquicos,Remuneraciones temporales,9322030547.0,8613003012.0
2026,7,Entes autónomos y autárquicos,Sueldo básico,47428804333.0,41391729109.0
2026,7,Fuerzas públicas,Bonificaciones y asignaciones,98651884798.0,98651884798.0
2026,7,Fuerzas públicas,Gastos de representación,952120143.0,952120143.0
2026,7,Fuerzas públicas,Otros gastos del personal,14734098915.0,14734098915.0
2026,7,Fuerzas públicas,Personal contratado,1472174426.0,1301939767.0
2026,7,Fuerzas públicas,Remuneraciones temporales,34579500.0,34579500.0
2026,7,Fuerzas públicas,Servicio exterior,990404808.0,990404808.0
2026,7,Fuerzas públicas,Sueldo básico,336551840757.0,336496424908.0
2026,7,Gobiernos departamentales,Bonificaciones y asignaciones,1222101630.0,1174285335.0
2026,7,Gobiernos departamentales,Dietas,2572343100.0,2488270708.0
2026,7,Gobiernos departamentales,Gastos de representación,244644400.0,237692752.0
2026,7,Gobiernos departamentales,Otros gastos del personal,182300782.0,181234481.0
2026,7,Gobiernos departamentales,Personal contratado,3568522583.0,3422697895.0
2026,7,Gobiernos departamentales,Remuneraciones temporales,40823845.0,38172185.0
2026,7,Gobiernos departamentales,Sueldo básico,4146113928.0,3835678796.0
2026,7,Municipalidades,Aguinaldo,62046066.0,61246066.0
2026,7,Municipalidades,Bonificaciones y asignaciones,2465630863.0,2416338443.0
2026,7,Municipalidades,Dietas,8661072631.0,8464775213.0
2026,7,Municipalidades,Gastos de representación,5384693037.0,5264522339.0
2026,7,Municipalidades,Otros gastos del personal,354613365.0,353614153.0
2026,7,Municipalidades,Personal contratado,44145069156.0,42750109654.0
2026,7,Municipalidades,Remuneraciones temporales,132235217.0,129952357.0
2026,7,Municipalidades,Sueldo básico,19851996794.0,17864264504.0
2026,7,Otros organismos,Bonificaciones y asignaciones,10904999749.0,9910359262.0
2026,7,Otros organismos,Dietas,170766200.0,165811802.0
2026,7,Otros organismos,Gastos de representación,1098843668.0,1026898249.0
2026,7,Otros organismos,Otros gastos del personal,275411110.0,182608892.0
2026,7,Otros organismos,Personal contratado,2312688717.0,2109855311.0
2026,7,Otros organismos,Remuneraciones temporales,2919670879.0,2600177491.0
2026,7,Otros organismos,Sueldo básico,42086992804.0,38685909820.0
2026,7,Poder Judicial,Bonificaciones y asignaciones,13079910861.0,13079910861.0
2026,7,Poder Judicial,Dietas,163034200.0,163034200.0
2026,7,Poder Judicial,Gastos de representación,8024543340.0,8002662506.0
2026,7,Poder Judicial,Otros gastos del personal,2134903109.0,2134903109.0
2026,7,Poder Judicial,Personal contratado,7750499044.0,7610927867.0
2026,7,Poder Judicial,Remuneraciones temporales,321930076.0,321930076.0
2026,7,Poder Judicial,Sueldo básico,150715879530.0,150112775053.0
2026,7,Poder Legislativo,Bonificaciones y asignaciones,5380232847.0,5380232847.0
2026,7,Poder Legislativo,Dietas,4075855000.0,4075855000.0
2026,7,Poder Legislativo,Gastos de representación,1211105832.0,1211105832.0
2026,7,Poder Legislativo,Otros gastos del personal,1166897672.0,1166897672.0
2026,7,Poder Legislativo,Personal contratado,5265251246.0,4940601245.0
2026,7,Poder Legislativo,Remuneraciones temporales,349015582.0,349015582.0
2026,7,Poder Legislativo,Sueldo básico,29691543213.0,29679843213.0
2026,7,SA del Estado,Aguinaldo,1804260.0,1804260.0
2026,7,SA del Estado,Bonificaciones y asignaciones,5248902087.0,5248902087.0
2026,7,SA del Estado,Dietas,77463999.0,77463999.0
2026,7,SA del Estado,Gastos de representación,16000000.0,16000000.0
2026,7,SA del Estado,Otros gastos del personal,1348490996.0,1348490996.0
2026,7,SA del Estado,Personal contratado,7781384445.0,7020513683.0
2026,7,SA del Estado,Remuneraciones temporales,1394674344.0,1394674344.0
2026,7,SA del Estado,Sueldo básico,11565015711.0,11302008206.0
2026,7,Salud,Bonificaciones y asignaciones,30599153602.0,29766841939.0
2026,7,Salud,Dietas,105649420.0,104629420.0
2026,7,Salud,Gastos de representación,592120755.0,587698755.0
2026,7,Salud,Otros gastos del personal,7819790509.0,7809668167.0
2026,7,Salud,Personal contratado,259256351844.0,252755547862.0
2026,7,Salud,Remuneraciones temporales,6094698109.0,6062596231.0
2026,7,Salud,Sueldo básico,230686853175.0,225874161745.0
2026,7,Servicio civil del Ejecutivo,Bonificaciones y asignaciones,24044860771.0,24044860771.0
2026,7,Servicio civil del Ejecutivo,Gastos de representación,2568172753.0,2566320863.0
2026,7,Servicio civil del Ejecutivo,Otros gastos del personal,3013560678.0,3013560678.0
2026,7,Servicio civil del Ejecutivo,Personal contratado,33463226625.0,31893391242.0
2026,7,Servicio civil del Ejecutivo,Remuneraciones temporales,7464155846.0,7464155846.0
2026,7,Servicio civil del Ejecutivo,Servicio exterior,13618141810.0,13618141810.0
2026,7,Servicio civil del Ejecutivo,Sueldo básico,76003400196.0,75801288283.0
2026,8,Educación,Aguinaldo,4416500.0,3334457.0
2026,8,Educación,Bonificaciones y asignaciones,81477787731.0,80747130109.0
2026,8,Educación,Dietas,582358812.0,572982778.0
2026,8,Educación,Gastos de representación,3999077041.0,3875861188.0
2026,8,Educación,Otros gastos del personal,4477352035.0,4473571599.0
2026,8,Educación,Personal contratado,8493051375.0,8392954092.0
2026,8,Educación,Remuneraciones temporales,873960494.0,853466107.0
2026,8,Educación,Sueldo básico,711521639596.0,699678713159.0
2026,8,Empresas públicas,Bonificaciones y asignaciones,27024864261.0,24697406604.0
2026,8,Empresas públicas,Dietas,45840000.0,45840000.0
2026,8,Empresas públicas,Gastos de representación,215456961.0,210461493.0
2026,8,Empresas públicas,Otros gastos del personal,2970848168.0,2922090199.0
2026,8,Empresas públicas,Personal contratado,6860970051.0,6592832366.0
2026,8,Empresas públicas,Remuneraciones temporales,16460902960.0,14524748446.0
2026,8,Empresas públicas,Sueldo básico,44800620482.0,39692277796.0
2026,8,Entes autónomos y autárquicos,Bonificaciones y asignaciones,11452993688.0,10039782930.0
2026,8,Entes autónomos y autárquicos,Dietas,245255300.0,237160200.0
2026,8,Entes autónomos y autárquicos,Gastos de representación,793620414.0,727627331.0
2026,8,Entes autónomos y autárquicos,Otros gastos del personal,2794955332.0,2533527498.0
2026,8,Entes autónomos y autárquicos,Personal contratado,8740340645.0,7932115667.0
2026,8,Entes autónomos y autárquicos,Remuneraciones temporales,6541614422.0,5902411504.0
2026,8,Entes autónomos y autárquicos,Sueldo básico,41696349652.0,36410880564.0
2026,8,Fuerzas públicas,Bonificaciones y asignaciones,98694735751.0,98694735751.0
2026,8,Fuerzas públicas,Gastos de representación,952509443.0,952509443.0
2026,8,Fuerzas públicas,Otros gastos del personal,14692205030.0,14692205030.0
2026,8,Fuerzas públicas,Personal contratado,1332960638.0,1325268567.0
2026,8,Fuerzas públicas,Remuneraciones temporales,37274200.0,37274200.0
2026,8,Fuerzas públicas,Servicio exterior,974364064.0,974364064.0
2026,8,Fuerzas públicas,Sueldo básico,336142409951.0,336101560431.0
2026,8,Gobiernos departamentales,Bonificaciones y asignaciones,1144634548.0,1094961018.0
2026,8,Gobiernos departamentales,Dietas,2363115900.0,2279043508.0
2026,8,Gobiernos departamentales,Gastos de representación,222483700.0,215580292.0
2026,8,Gobiernos departamentales,Otros gastos del personal,182300782.0,181234481.0
2026,8,Gobiernos departamentales,Personal contratado,3476147810.0,3348094184.0
2026,8,Gobiernos departamentales,Remuneraciones temporales,38590291.0,36179518.0
2026,8,Gobiernos departamentales,Sueldo básico,3995204346.0,3686205798.0
2026,8,Municipalidades,Aguinaldo,38416400.0,30958067.0
2026,8,Municipalidades,Bonificaciones y asignaciones,2575803552.0,2528087174.0
2026,8,Municipalidades,Dietas,8549388555.0,8220152138.0
2026,8,Municipalidades,Gastos de representación,5284295388.0,5067245335.0
2026,8,Municipalidades,Otros gastos del personal,273110485.0,272111273.0
2026,8,Municipalidades,Personal contratado,45822424899.0,44330072747.0
2026,8,Municipalidades,Remuneraciones temporales,256349866.0,254207006.0
2026,8,Municipalidades,Sueldo básico,18969305920.0,17005175355.0
2026,8,Otros organismos,Bonificaciones y asignaciones,9821164779.0,8838425616.0
2026,8,Otros organismos,Dietas,150618100.0,145672206.0
2026,8,Otros organismos,Gastos de representación,1103024282.0,1031555672.0
2026,8,Otros organismos,Otros gastos del personal,231387610.0,160915395.0
2026,8,Otros organismos,Personal contratado,1724758224.0,1570981029.0
2026,8,Otros organismos,Remuneraciones temporales,3174664577.0,2835569411.0
2026,8,Otros organismos,Sueldo básico,42236378438.0,38835755280.0
2026,8,Poder Judicial,Bonificaciones y asignaciones,12696991866.0,12696991866.0
2026,8,Poder Judicial,Dietas,163034200.0,163034200.0
2026,8,Poder Judicial,Gastos de representación,8043505840.0,8030499590.0
2026,8,Poder Judicial,Otros gastos del personal,3275466814.0,3275466814.0
2026,8,Poder Judicial,Personal contratado,8192543276.0,7970289878.0
2026,8,Poder Judicial,Remuneraciones temporales,277186228.0,277186228.0
2026,8,Poder Judicial,Sueldo básico,150754240919.0,150289145787.0
2026,8,Poder Legislativo,Bonificaciones y asignaciones,5442251850.0,5442251850.0
2026,8,Poder Legislativo,Dietas,4075855000.0,4075855000.0
2026,8,Poder Legislativo,Gastos de representación,1208576832.0,1208576832.0
2026,8,Poder Legislativo,Otros gastos del personal,1187346672.0,1187346672.0
2026,8,Poder Legislativo,Personal contratado,5557147198.0,5015247198.0
2026,8,Poder Legislativo,Remuneraciones temporales,364482495.0,364482495.0
2026,8,Poder Legislativo,Sueldo básico,29746443213.0,29734743213.0
2026,8,SA del Estado,Bonificaciones y asignaciones,5199815976.0,5199815976.0
2026,8,SA del Estado,Dietas,77463999.0,77463999.0
2026,8,SA del Estado,Gastos de representación,16000000.0,16000000.0
2026,8,SA del Estado,Otros gastos del personal,1217394501.0,1217394501.0
2026,8,SA del Estado,Personal contratado,7837895178.0,7071930386.0
2026,8,SA del Estado,Remuneraciones temporales,1466953090.0,1466953090.0
2026,8,SA del Estado,Sueldo básico,11413058722.0,11171044991.0
2026,8,Salud,Bonificaciones y asignaciones,32661397740.0,31823035908.0
2026,8,Salud,Dietas,98282753.0,97704753.0
2026,8,Salud,Gastos de representación,594048955.0,588628888.0
2026,8,Salud,Otros gastos del personal,7774410836.0,7767119260.0
2026,8,Salud,Personal contratado,263076477819.0,255202094121.0
2026,8,Salud,Remuneraciones temporales,5954041430.0,5922547407.0
2026,8,Salud,Sueldo básico,230251008199.0,225357060735.0
2026,8,Servicio civil del Ejecutivo,Bonificaciones y asignaciones,25554292816.0,25554292816.0
2026,8,Servicio civil del Ejecutivo,Gastos de representación,2572150602.0,2565221668.0
2026,8,Servicio civil del Ejecutivo,Otros gastos del personal,3063790758.0,3063790758.0
2026,8,Servicio civil del Ejecutivo,Personal contratado,39015069271.0,33701802721.0
2026,8,Servicio civil del Ejecutivo,Remuneraciones temporales,7689498164.0,7689498164.0
2026,8,Servicio civil del Ejecutivo,Servicio exterior,13414409099.0,13414409099.0
2026,8,Servicio civil del Ejecutivo,Sueldo básico,75868452372.0,75730932468.0
