anho,codigo_nivel,codigo_entidad,codigo_oee,objeto_gasto,devengado
2015,11,1,1,123,196226550.0
2015,11,1,1,125,69160427.0
2015,11,1,1,131,281499997.0
2015,11,1,1,133,2336208208.0
2015,11,1,1,137,139687500.0
2015,11,1,1,144,5977552406.0
2015,11,1,1,145,3623260411.0
2015,11,2,1,123,290414137.0
2015,11,2,1,131,540000000.0
2015,11,2,1,133,4831147672.0
2015,11,2,1,137,3144170820.0
2015,11,2,1,144,6984756083.0
2015,11,2,1,145,1990448746.0
2015,11,3,1,123,2743258731.0
2015,11,3,1,131,1107383825.0
2015,11,3,1,133,12220207765.0
2015,11,3,1,137,2025991643.0
2015,11,3,1,144,16994749961.0
2015,11,3,1,145,11416058313.0
2015,12,1,1,123,332567047.0
2015,12,1,1,125,65794415.0
2015,12,1,1,131,426237000.0
2015,12,1,1,133,3546049091.0
2015,12,1,1,137,117376672.0
2015,12,1,1,141,506350308.0
2015,12,1,1,144,1783135364.0
2015,12,1,1,145,1611097977.0
2015,12,1,2,123,39555091.0
2015,12,1,2,125,16799540.0
2015,12,1,2,131,30490000.0
2015,12,1,2,133,3431065361.0
2015,12,1,2,137,11939747112.0
2015,12,1,2,144,47424000.0
2015,12,1,5,123,719073826.0
2015,12,1,5,125,385383565.0
2015,12,1,5,133,3071338816.0
2015,12,1,5,137,72800000.0
2015,12,1,5,141,1593328079.0
2015,12,1,5,144,1093934098.0
2015,12,1,5,145,1616602392.0
2015,12,1,6,123,96130909.0
2015,12,1,6,131,56180943.0
2015,12,1,6,133,557900458.0
2015,12,1,6,137,27275000.0
2015,12,1,6,144,179229420.0
2015,12,1,6,145,25019633.0
2015,12,1,7,123,731399028.0
2015,12,1,7,131,112200000.0
2015,12,1,7,133,1087198646.0
2015,12,1,7,137,927260514.0
2015,12,1,7,141,5171454075.0
2015,12,1,7,144,2243551512.0
2015,12,1,7,145,2194816238.0
2015,12,1,11,123,188446286.0
2015,12,1,11,125,148130772.0
2015,12,1,11,131,1072400000.0
2015,12,1,11,133,7524424730.0
2015,12,1,11,137,722225977.0
2015,12,1,11,144,779904320.0
2015,12,1,11,145,175345943.0
2015,12,1,12,133,169353360.0
2015,12,1,12,145,119000000.0
2015,12,1,14,123,96103199.0
2015,12,1,14,125,9310434.0
2015,12,1,14,131,87910179.0
2015,12,1,14,133,1125424817.0
2015,12,1,14,144,310723382.0
2015,12,1,14,145,402176652.0
2015,12,1,15,123,59249733.0
2015,12,1,15,131,42999970.0
2015,12,1,15,133,2584713912.0
2015,12,1,15,137,40755000.0
2015,12,1,15,144,222491929.0
2015,12,1,15,145,46200000.0
2015,12,1,16,123,303470837.0
2015,12,1,16,125,93663498.0
2015,12,1,16,131,120500000.0
2015,12,1,16,133,2011820740.0
2015,12,1,16,137,322810412.0
2015,12,1,16,141,6418780948.0
2015,12,1,16,144,21805366562.0
2015,12,1,16,145,15007220685.0
2015,12,1,17,123,32189562.0
2015,12,1,17,125,11017092.0
2015,12,1,17,131,12000000.0
2015,12,1,17,133,631089885.0
2015,12,1,17,137,57984181.0
2015,12,1,17,144,4394239660.0
2015,12,1,17,145,1333887449.0
2015,12,1,18,123,471171469.0
2015,12,1,18,125,293237029.0
2015,12,1,18,131,180989909.0
2015,12,1,18,133,2490773533.0
2015,12,1,18,137,137040734.0
2015,12,1,18,141,185311389.0
2015,12,1,18,144,1953799342.0
2015,12,1,18,145,2578397332.0
2015,12,1,19,123,58279277.0
2015,12,1,19,125,51366576.0
2015,12,1,19,131,90000000.0
2015,12,1,19,133,1207535205.0
2015,12,1,19,137,29874168.0
2015,12,1,19,141,822071164.0
2015,12,1,19,144,2385384076.0
2015,12,1,19,145,430252953.0
2015,12,1,20,131,28163968.0
2015,12,1,20,133,587282672.0
2015,12,1,20,137,16900000.0
2015,12,1,20,144,175156274.0
2015,12,1,20,145,128844445.0
2015,12,1,21,123,422552380.0
2015,12,1,21,125,320399413.0
2015,12,1,21,131,119700000.0
2015,12,1,21,133,1698227392.0
2015,12,1,21,137,343616665.0
2015,12,1,21,141,1507662925.0
2015,12,1,21,144,827700384.0
2015,12,1,21,145,1006029160.0
2015,12,1,23,123,39098833.0
2015,12,1,23,125,12956122.0
2015,12,1,23,131,25549998.0
2015,12,1,23,133,864349252.0
2015,12,1,23,141,779441619.0
2015,12,1,23,144,392358929.0
2015,12,1,23,145,631075122.0
2015,12,1,29,133,539562080.0
2015,12,1,29,137,50627975.0
2015,12,1,29,144,152184783.0
2015,12,1,29,145,74460611.0
2015,12,1,30,123,257217444.0
2015,12,1,30,133,2946642860.0
2015,12,1,30,137,7259583.0
2015,12,1,30,141,1797928892.0
2015,12,1,30,142,2971186655.0
2015,12,1,30,144,1814775398.0
2015,12,1,30,145,77200000.0
2015,12,1,36,123,37288739.0
2015,12,1,36,125,1752899.0
2015,12,1,36,131,10800000.0
2015,12,1,36,133,913738414.0
2015,12,1,36,137,3575000.0
2015,12,1,36,141,104399613.0
2015,12,1,36,144,193820330.0
2015,12,1,36,145,272954875.0
2015,12,1,38,133,502467098.0
2015,12,1,38,137,5754176.0
2015,12,1,38,144,493784788.0
2015,12,1,38,145,1737503941.0
2015,12,1,40,133,441742730.0
2015,12,1,40,137,64866666.0
2015,12,1,40,144,96604999.0
2015,12,1,40,145,65567360.0
2015,12,1,41,123,22622712.0
2015,12,1,41,125,19282421.0
2015,12,1,41,133,951919249.0
2015,12,1,41,137,18525000.0
2015,12,1,41,141,4909272427.0
2015,12,1,41,144,8415007603.0
2015,12,1,41,145,8942501101.0
2015,12,1,51,123,50802253.0
2015,12,1,51,125,35488884.0
2015,12,1,51,131,3780000.0
2015,12,1,51,133,367438774.0
2015,12,1,51,137,26000000.0
2015,12,1,51,144,544010528.0
2015,12,1,51,145,207950000.0
2015,12,1,52,123,164388320.0
2015,12,1,52,125,18634670.0
2015,12,1,52,131,44000000.0
2015,12,1,52,133,1143079975.0
2015,12,1,52,137,25277777.0
2015,12,1,52,141,457973112.0
2015,12,1,52,144,359358003.0
2015,12,1,52,145,552214230.0
2015,12,1,53,123,85691190.0
2015,12,1,53,133,554904711.0
2015,12,1,53,137,88488201.0
2015,12,1,53,144,235248728.0
2015,12,1,53,145,40495000.0
2015,12,2,1,123,32240708.0
2015,12,2,1,125,8446908.0
2015,12,2,1,131,322670800.0
2015,12,2,1,133,890521355.0
2015,12,2,1,137,352342500.0
2015,12,2,1,144,634665074.0
2015,12,3,1,123,1649776103.0
2015,12,3,1,125,377613363.0
2015,12,3,1,131,309100281.0
2015,12,3,1,133,7170443141.0
2015,12,3,1,137,625191945.0
2015,12,3,1,141,1740313375.0
2015,12,3,1,144,4739436718.0
2015,12,3,1,145,1558492235.0
2015,12,3,2,123,4882296257.0
2015,12,3,2,131,866845000.0
2015,12,3,2,133,32930537284.0
2015,12,3,2,136,173382534633.0
2015,12,3,2,137,11942036658.0
2015,12,3,2,138,194399459877.0
2015,12,3,2,142,2626606666.0
2015,12,4,1,123,2208172383.0
2015,12,4,1,125,908508207.0
2015,12,4,1,131,156100000.0
2015,12,4,1,133,18594086545.0
2015,12,4,1,134,160421089.0
2015,12,4,1,137,367078331.0
2015,12,4,1,139,7548856.0
2015,12,4,1,143,251100000.0
2015,12,4,1,144,3143025534.0
2015,12,4,1,145,1886161636.0
2015,12,4,1,146,20294155216.0
2015,12,4,1,161,98300824479.0
2015,12,4,1,162,7873945308.0
2015,12,4,1,163,9397743760.0
2015,12,5,1,123,163911282.0
2015,12,5,1,125,9962725.0
2015,12,5,1,131,17617884084.0
2015,12,5,1,133,37048282126.0
2015,12,5,1,136,99112091781.0
2015,12,5,1,137,27699718323.0
2015,12,5,1,138,96018300000.0
2015,12,5,1,141,277165277.0
2015,12,5,1,142,3864812280.0
2015,12,5,1,143,183950000.0
2015,12,5,1,144,4438849873.0
2015,12,5,1,145,757156000.0
2015,12,5,1,162,7255485852.0
2015,12,5,1,163,604540704.0
2015,12,6,1,123,16087211451.0
2015,12,6,1,125,6971028137.0
2015,12,6,1,131,2846417817.0
2015,12,6,1,133,4894358501.0
2015,12,6,1,137,1046344860.0
2015,12,6,1,144,13605621891.0
2015,12,6,1,145,17870812212.0
2015,12,7,1,123,2344091410.0
2015,12,7,1,125,1204108687.0
2015,12,7,1,131,76695359996.0
2015,12,7,1,132,207734384622.0
2015,12,7,1,133,11747031671.0
2015,12,7,1,137,626584721.0
2015,12,7,1,141,1105104628.0
2015,12,7,1,143,4102874111.0
2015,12,7,1,144,6968954680.0
2015,12,7,1,145,6699214195.0
2015,12,8,1,123,15238919735.0
2015,12,8,1,125,9515816667.0
2015,12,8,1,131,574865100.0
2015,12,8,1,133,195713738195.0
2015,12,8,1,137,1611244150.0
2015,12,8,1,141,1523104824.0
2015,12,8,1,142,932908803859.0
2015,12,8,1,143,15422331452.0
2015,12,8,1,144,110421573908.0
2015,12,8,1,145,5297156950.0
2015,12,9,1,123,642537406.0
2015,12,9,1,125,273182721.0
2015,12,9,1,131,1493740000.0
2015,12,9,1,133,18428624970.0
2015,12,9,1,137,336826168.0
2015,12,9,1,144,11673558715.0
2015,12,9,1,145,1105622145.0
2015,12,10,1,123,5115617968.0
2015,12,10,1,125,1056258933.0
2015,12,10,1,131,1520700000.0
2015,12,10,1,133,8808635004.0
2015,12,10,1,137,1091335893.0
2015,12,10,1,141,14213702755.0
2015,12,10,1,144,9457270915.0
2015,12,10,1,145,47330494926.0
2015,12,11,1,123,1719154657.0
2015,12,11,1,125,1109076389.0
2015,12,11,1,131,1468542855.0
2015,12,11,1,133,3517516733.0
2015,12,11,1,137,285249997.0
2015,12,11,1,141,57400000.0
2015,12,11,1,144,2072744367.0
2015,12,11,1,145,7317627842.0
2015,12,11,1,161,541690102.0
2015,12,11,1,162,226556324.0
2015,12,11,1,163,64193119.0
2015,12,13,1,123,9169405955.0
2015,12,13,1,125,3524063383.0
2015,12,13,1,131,1054351615.0
2015,12,13,1,133,14728167076.0
2015,12,13,1,137,1084672802.0
2015,12,13,1,141,15127887363.0
2015,12,13,1,144,17735826904.0
2015,12,13,1,145,16830608006.0
2015,12,14,1,123,4836670.0
2015,12,14,1,131,53000000.0
2015,12,14,1,133,965522853.0
2015,12,14,1,137,214345553.0
2015,12,14,1,144,1971028585.0
2015,12,14,1,145,3397888397.0
2015,12,16,1,123,1662072222.0
2015,12,16,1,125,676429558.0
2015,12,16,1,131,599560000.0
2015,12,16,1,133,6818896208.0
2015,12,16,1,137,267949984.0
2015,12,16,1,141,28025695612.0
2015,12,16,1,144,8639216916.0
2015,12,16,1,145,3631205195.0
2015,13,1,1,123,12359495324.0
2015,13,1,1,131,1360630086.0
2015,13,1,1,133,32718114179.0
2015,13,1,1,137,3422035650.0
2015,13,1,1,142,1196138794.0
2015,13,1,1,144,37367290284.0
2015,13,1,1,145,6693983186.0
2015,13,2,1,123,9501038950.0
2015,13,2,1,131,2442306861.0
2015,13,2,1,133,33643941437.0
2015,13,2,1,144,118195673476.0
2015,13,2,1,145,3500924026.0
2015,13,3,1,123,1260062369.0
2015,13,3,1,131,6643820000.0
2015,13,3,1,133,122253687490.0
2015,13,3,1,137,2853041563.0
2015,13,3,1,141,1206624103.0
2015,13,3,1,144,10896380227.0
2015,13,3,1,145,6725562436.0
2015,13,4,1,123,66025166.0
2015,13,4,1,125,69439380.0
2015,13,4,1,133,6804608484.0
2015,13,4,1,137,247500000.0
2015,13,4,1,143,64700000.0
2015,13,4,1,144,760997730.0
2015,13,4,1,145,1412885778.0
2015,13,5,1,123,45200942.0
2015,13,5,1,133,4338108977.0
2015,13,5,1,137,173225001.0
2015,13,5,1,144,549774997.0
2015,13,5,1,145,1088449998.0
2015,13,6,1,123,901269837.0
2015,13,6,1,131,125069092.0
2015,13,6,1,133,1071071784.0
2015,13,6,1,137,286571110.0
2015,13,6,1,144,11453906584.0
2015,13,6,1,145,5841137678.0
2015,14,1,1,123,7451961091.0
2015,14,1,1,125,8221420618.0
2015,14,1,1,131,667356000.0
2015,14,1,1,133,4884380516.0
2015,14,1,1,137,269930732.0
2015,14,1,1,144,863193698.0
2015,14,1,1,145,866423106.0
2015,15,1,1,133,239508000.0
2015,15,1,1,144,1290823468.0
2015,15,1,1,145,358606667.0
2015,15,2,1,133,673910478.0
2015,15,2,1,145,108400000.0
2015,21,1,1,133,14197978439.0
2015,21,1,1,144,658600000.0
2015,22,1,1,123,3780902.0
2015,22,1,1,133,90680000.0
2015,22,1,1,141,29510928.0
2015,22,1,1,144,1423850399.0
2015,22,1,1,145,176719000.0
2015,22,2,1,123,2583000.0
2015,22,2,1,133,22617501.0
2015,22,2,1,144,65071986.0
2015,22,2,1,145,14700000.0
2015,22,3,1,133,433932272.0
2015,22,3,1,142,56400000.0
2015,22,3,1,144,848931960.0
2015,22,3,1,145,291700000.0
2015,22,4,1,133,145275419.0
2015,22,4,1,144,1206873835.0
2015,22,4,1,145,354999569.0
2015,22,4,1,147,338400000.0
2015,22,5,1,144,98359244.0
2015,22,5,1,145,35644000.0
2015,22,6,1,131,1120000.0
2015,22,6,1,133,81075284.0
2015,22,6,1,144,195928578.0
2015,22,6,1,145,47229652.0
2015,22,7,1,123,12996000.0
2015,22,7,1,133,150595350.0
2015,22,7,1,142,156156000.0
2015,22,7,1,144,2209001308.0
2015,22,7,1,145,330738660.0
2015,22,8,1,131,1330000.0
2015,22,8,1,141,12750000.0
2015,22,8,1,144,28100000.0
2015,22,8,1,145,8500000.0
2015,22,9,1,133,2822400.0
2015,22,9,1,144,1467174193.0
2015,22,9,1,145,154850000.0
2015,22,10,1,141,177995190.0
2015,22,10,1,142,39681100.0
2015,22,10,1,144,214331150.0
2015,22,10,1,145,80792440.0
2015,22,11,1,133,230100000.0
2015,22,11,1,141,279826700.0
2015,22,11,1,144,151396165.0
2015,22,11,1,145,242200000.0
2015,22,12,1,131,245000.0
2015,22,12,1,133,241154433.0
2015,22,12,1,144,488205514.0
2015,22,12,1,145,23416667.0
2015,22,13,1,141,844766901.0
2015,22,13,1,142,138115430.0
2015,22,13,1,144,1575697338.0
2015,22,13,1,145,371509519.0
2015,22,13,1,147,354815465.0
2015,22,14,1,144,685133339.0
2015,22,14,1,145,92111250.0
2015,22,15,1,123,6117530.0
2015,22,15,1,133,11641651.0
2015,22,15,1,144,31100000.0
2015,22,15,1,145,14700000.0
2015,22,16,1,123,60098336.0
2015,22,16,1,133,322038080.0
2015,22,16,1,142,608463710.0
2015,22,16,1,144,1105728935.0
2015,22,16,1,145,353425156.0
2015,22,17,1,123,58810685.0
2015,22,17,1,133,324143092.0
2015,22,17,1,141,0.0
2015,22,17,1,144,0.0
2015,22,17,1,145,0.0
2015,23,1,1,123,387528438.0
2015,23,1,1,125,7357227.0
2015,23,1,1,131,4035532327.0
2015,23,1,1,133,1668225127.0
2015,23,1,1,144,880405937.0
2015,23,1,1,145,658267611.0
2015,23,3,1,131,400000.0
2015,23,3,1,133,4656386042.0
2015,23,3,1,137,202104000.0
2015,23,3,1,141,651805125.0
2015,23,3,1,144,2333911103.0
2015,23,3,1,145,1367946334.0
2015,23,4,1,123,13252056.0
2015,23,4,1,131,121600000.0
2015,23,4,1,133,1254542720.0
2015,23,4,1,144,175243927.0
2015,23,4,1,145,76177662.0
2015,23,6,1,123,15024878.0
2015,23,6,1,131,995556.0
2015,23,6,1,133,271003707.0
2015,23,6,1,141,0.0
2015,23,6,1,144,66769150.0
2015,23,6,1,145,43796220.0
2015,23,8,1,144,186643398.0
2015,23,8,1,145,145608996.0
2015,23,9,1,133,398407895.0
2015,23,10,1,122,10500000.0
2015,23,10,1,131,296764204.0
2015,23,10,1,133,1518032615.0
2015,23,10,1,137,19400000.0
2015,23,10,1,141,1013850340.0
2015,23,11,1,133,2812447854.0
2015,23,11,1,136,504146552.0
2015,23,11,1,137,11830000.0
2015,23,11,1,144,1196655095.0
2015,23,11,1,145,185077280.0
2015,23,13,1,133,1179813752.0
2015,23,13,1,144,369062498.0
2015,23,13,1,145,446482165.0
2015,23,14,1,123,187187354.0
2015,23,14,1,133,860604801.0
2015,23,14,1,144,275185838.0
2015,23,14,1,145,207704036.0
2015,23,15,1,122,5533933329.0
2015,23,15,1,123,6581576301.0
2015,23,15,1,125,822048345.0
2015,23,15,1,133,11447317985.0
2015,23,15,1,137,1007548457.0
2015,23,15,1,144,2537929073.0
2015,23,15,1,145,1583887758.0
2015,23,16,1,123,976517032.0
2015,23,16,1,133,26266456390.0
2015,23,16,1,144,1236154135.0
2015,23,16,1,145,514500000.0
2015,23,17,1,123,11951170.0
2015,23,17,1,133,233064998.0
2015,23,17,1,137,7000000.0
2015,23,17,1,141,233552259.0
2015,23,17,1,144,95938686.0
2015,23,17,1,145,16478000.0
2015,23,18,1,122,404033261.0
2015,23,18,1,123,789789311.0
2015,23,18,1,125,423239610.0
2015,23,18,1,131,480603455.0
2015,23,18,1,133,2475431835.0
2015,23,18,1,141,1094540525.0
2015,23,18,1,144,1698319041.0
2015,23,18,1,145,2305155432.0
2015,23,19,1,123,865067217.0
2015,23,19,1,125,582574503.0
2015,23,19,1,133,1278487986.0
2015,23,19,1,144,969621660.0
2015,23,19,1,145,930576328.0
2015,23,20,1,122,74999988.0
2015,23,20,1,123,110428568.0
2015,23,20,1,125,16185003.0
2015,23,20,1,131,15085000.0
2015,23,20,1,133,3798047965.0
2015,23,20,1,141,402988432.0
2015,23,20,1,144,1301675021.0
2015,23,20,1,145,244007515.0
2015,23,21,1,123,637234.0
2015,23,21,1,125,65966.0
2015,23,21,1,133,10159821.0
2015,23,21,1,137,0.0
2015,23,21,1,144,0.0
2015,23,21,1,145,0.0
2015,23,22,1,122,6400000.0
2015,23,22,1,123,363965312.0
2015,23,22,1,125,59802970.0
2015,23,22,1,131,4760000.0
2015,23,22,1,133,4677905750.0
2015,23,22,1,141,188763883.0
2015,23,22,1,144,2883220496.0
2015,23,22,1,145,540262985.0
2015,23,23,1,123,826420388.0
2015,23,23,1,125,343706625.0
2015,23,23,1,131,184200000.0
2015,23,23,1,133,4067664472.0
2015,23,23,1,137,483846940.0
2015,23,23,1,144,4168504616.0
2015,23,23,1,145,5742094828.0
2015,23,24,1,123,1035999019.0
2015,23,24,1,125,525861560.0
2015,23,24,1,133,5356323751.0
2015,23,24,1,141,1554781010.0
2015,23,24,1,144,2835608161.0
2015,23,24,1,145,265488786.0
2015,23,25,1,123,138355044.0
2015,23,25,1,125,90995005.0
2015,23,25,1,131,2000000.0
2015,23,25,1,133,2145338618.0
2015,23,25,1,137,25695835.0
2015,23,25,1,141,2700000.0
2015,23,25,1,145,84086054.0
2015,23,28,1,133,23282020.0
2015,23,29,1,131,480000.0
2015,23,29,1,132,195000.0
2015,23,29,1,133,122245267.0
2015,23,30,1,123,9679523.0
2015,23,30,1,125,10928641.0
2015,23,30,1,131,4722580.0
2015,23,30,1,132,26952229.0
2015,23,30,1,133,364205481.0
2015,23,30,1,144,26939533.0
2015,24,1,1,123,495182192.0
2015,24,1,1,125,1346504980.0
2015,24,1,1,131,1145880214.0
2015,24,1,1,133,3467536581.0
2015,24,1,1,137,124644606.0
2015,24,1,1,141,2456703.0
2015,24,1,1,142,7514125081.0
2015,24,1,1,143,294945431.0
2015,24,1,1,144,1315627840.0
2015,24,1,1,145,206780644.0
2015,24,2,1,123,1936000.0
2015,24,2,1,131,1641654.0
2015,24,2,1,144,43777320.0
2015,24,3,1,123,99425822.0
2015,24,3,1,125,3555794.0
2015,24,3,1,133,1301395260.0
2015,24,3,1,141,47554268.0
2015,24,3,1,144,46722641.0
2015,24,3,1,145,15400000.0
2015,24,4,1,123,713432513.0
2015,24,4,1,131,1415450019.0
2015,24,4,1,133,2427753345.0
2015,24,4,1,144,1635333100.0
2015,24,5,1,123,35725349.0
2015,24,5,1,132,239711.0
2015,24,5,1,133,1106341631.0
2015,24,5,1,141,13412381.0
2015,24,5,1,142,19740000.0
2015,24,5,1,144,344743136.0
2015,24,5,1,145,134169166.0
2015,25,2,1,122,3514278770.0
2015,25,2,1,123,17379086923.0
2015,25,2,1,125,7907150098.0
2015,25,2,1,131,34121654245.0
2015,25,2,1,133,93039166716.0
2015,25,2,1,137,451900000.0
2015,25,2,1,141,20850691096.0
2015,25,2,1,144,1125218702.0
2015,25,2,1,145,507000000.0
2015,25,4,1,122,55760000.0
2015,25,4,1,123,831483229.0
2015,25,4,1,131,192460000.0
2015,25,4,1,133,2771775609.0
2015,25,4,1,144,1565548395.0
2015,25,4,1,145,34261261.0
2015,25,5,1,122,410300000.0
2015,25,5,1,131,237888080.0
2015,25,5,1,133,2207536180.0
2015,25,5,1,141,4471310000.0
2015,25,5,1,145,358500000.0
2015,25,6,1,123,82710954.0
2015,25,6,1,125,351211250.0
2015,25,6,1,131,199687145.0
2015,25,6,1,133,4090066573.0
2015,25,6,1,141,9048870.0
2015,25,6,1,142,16326114.0
2015,25,6,1,144,548275149.0
2015,25,6,1,145,51391199.0
2015,25,7,1,123,2538756418.0
2015,25,7,1,125,1249924299.0
2015,25,7,1,131,2202632562.0
2015,25,7,1,133,10956949909.0
2015,25,7,1,142,88383749.0
2015,25,7,1,144,4929685708.0
2015,25,7,1,145,722460845.0
2015,27,1,1,122,119462000.0
2015,27,1,1,123,48651291.0
2015,27,1,1,125,8040845.0
2015,27,1,1,131,665757346.0
2015,27,1,1,133,3031197946.0
2015,27,1,1,141,560559401.0
2015,27,1,1,144,2492025028.0
2015,27,1,1,145,902716719.0
2015,27,3,1,122,45821567.0
2015,27,3,1,123,171293703.0
2015,27,3,1,125,15233469.0
2015,27,3,1,131,29867540.0
2015,27,3,1,133,4354560182.0
2015,27,3,1,135,878872860.0
2015,27,3,1,144,515214957.0
2015,27,3,1,145,353132831.0
2015,27,4,1,123,6545641.0
2015,27,4,1,133,929099438.0
2015,27,4,1,144,103192000.0
2015,27,5,1,133,3850000.0
2015,27,5,1,144,1824055.0
2015,27,7,1,131,362322000.0
2015,27,7,1,133,1393884542.0
2015,27,7,1,144,59900000.0
2015,27,7,1,145,355023269.0
2015,28,1,1,123,1183524817.0
2015,28,1,1,125,508915446.0
2015,28,1,1,131,3245840843.0
2015,28,1,1,133,41801658531.0
2015,28,1,1,137,854160.0
2015,28,1,1,141,1649036313.0
2015,28,1,1,142,13293140020.0
2015,28,1,1,143,512406191.0
2015,28,1,1,144,12474240085.0
2015,28,1,1,145,7767814246.0
2015,28,2,1,123,15000364.0
2015,28,2,1,125,11900120.0
2015,28,2,1,131,26125000.0
2015,28,2,1,133,1726398330.0
2015,28,2,1,143,298450000.0
2015,28,2,1,144,2024076621.0
2015,28,2,1,145,1547837355.0
2015,28,3,1,123,40628056.0
2015,28,3,1,125,13882282.0
2015,28,3,1,131,1715000.0
2015,28,3,1,132,55815961.0
2015,28,3,1,133,1691843615.0
2015,28,3,1,141,42807272.0
2015,28,3,1,143,22800000.0
2015,28,3,1,144,561705106.0
2015,28,3,1,145,45300000.0
2015,28,4,1,123,15604380.0
2015,28,4,1,125,26695803.0
2015,28,4,1,133,340096493.0
2015,28,4,1,141,106875388.0
2015,28,4,1,143,265665000.0
2015,28,4,1,144,1467487512.0
2015,28,4,1,145,102977273.0
2015,28,5,1,131,560000.0
2015,28,5,1,133,37143333.0
2015,28,5,1,141,14250000.0
2015,28,5,1,143,11900000.0
2015,28,5,1,144,41900000.0
2015,28,5,1,145,2000000.0
2015,28,6,1,133,311084459.0
2015,28,6,1,144,250075000.0
2015,28,6,1,145,16005000.0
2015,28,7,1,133,220317784.0
2015,28,7,1,144,42482825.0
2015,28,7,1,145,46752023.0
2015,28,7,1,161,200000.0
2015,28,8,1,123,20534155.0
2015,28,8,1,125,13861194.0
2015,28,8,1,131,800000.0
2015,28,8,1,133,223098336.0
2015,28,8,1,144,241438308.0
2015,30,1,5,123,300000.0
2015,30,1,5,144,6425000.0
2015,30,2,16,144,6850000.0
2015,30,3,27,133,0.0
2015,30,3,27,141,0.0
2015,30,3,27,144,0.0
2015,30,3,27,145,0.0
2015,30,3,31,123,1000000.0
2015,30,3,31,144,9900000.0
2015,30,3,31,145,8300000.0
2015,30,3,32,133,0.0
2015,30,3,32,144,44390000.0
2015,30,3,33,135,2146533.0
2015,30,3,33,144,38745000.0
2015,30,3,33,145,19700000.0
2015,30,3,37,144,11700000.0
2015,30,4,47,133,204337600.0
2015,30,4,47,137,12500000.0
2015,30,4,47,144,2631826129.0
2015,30,4,50,141,6650000.0
2015,30,4,50,144,122420000.0
2015,30,4,50,145,45500000.0
2015,30,4,53,144,77640000.0
2015,30,4,53,145,30000000.0
2015,30,4,54,133,460000.0
2015,30,4,54,144,11400000.0
2015,30,4,54,145,6600000.0
2015,30,4,55,144,76256000.0
2015,30,4,58,131,180000.0
2015,30,4,58,133,2300000.0
2015,30,4,58,144,33305000.0
2015,30,4,234,144,1883300000.0
2015,30,4,234,145,1483900000.0
2015,30,5,65,123,20298048.0
2015,30,5,65,133,56150000.0
2015,30,5,65,135,43282519.0
2015,30,5,65,141,42000000.0
2015,30,5,65,144,1540154672.0
2015,30,5,65,145,123860000.0
2015,30,5,70,144,162948660.0
2015,30,5,70,145,12000000.0
2015,30,5,75,144,365100000.0
2015,30,5,75,145,75000000.0
2015,30,5,78,133,12400000.0
2015,30,5,78,144,102000000.0
2015,30,5,78,145,23800000.0
2015,30,5,82,144,13300000.0
2015,30,6,85,133,5000000.0
2015,30,6,85,144,227750000.0
2015,30,6,85,145,52500000.0
2015,30,6,86,133,0.0
2015,30,6,86,144,0.0
2015,30,6,86,145,0.0
2015,30,6,88,144,0.0
2015,30,6,88,145,0.0
2015,30,6,90,144,3619800000.0
2015,30,6,90,145,522000000.0
2015,30,7,95,123,5490063.0
2015,30,7,95,133,9325686.0
2015,30,7,95,144,525883547.0
2015,30,7,95,145,398376038.0
2015,30,7,96,123,16831518.0
2015,30,7,96,131,7490000.0
2015,30,7,96,133,171704716.0
2015,30,7,96,135,0.0
2015,30,7,96,137,10575552.0
2015,30,7,96,141,89120000.0
2015,30,7,96,144,719746471.0
2015,30,7,96,145,97400000.0
2015,30,7,101,131,1968000.0
2015,30,7,101,133,1700000.0
2015,30,7,101,135,200000.0
2015,30,7,101,137,1870000.0
2015,30,7,101,144,77160000.0
2015,30,7,101,145,3000000.0
2015,30,7,104,123,16222422.0
2015,30,7,104,125,126284.0
2015,30,7,104,133,80917933.0
2015,30,7,104,135,13908670.0
2015,30,7,104,141,9800000.0
2015,30,7,104,143,30180000.0
2015,30,7,104,144,279427494.0
2015,30,7,104,145,56960000.0
2015,30,7,113,133,1530000.0
2015,30,7,113,144,50850000.0
2015,30,7,118,131,900000.0
2015,30,7,118,133,450000.0
2015,30,7,118,142,4300000.0
2015,30,7,118,143,1500000.0
2015,30,7,118,144,19690000.0
2015,30,7,118,145,1100000.0
2015,30,7,120,133,700000.0
2015,30,7,120,144,16400000.0
2015,30,7,120,145,1066666.0
2015,30,7,122,123,357944.0
2015,30,7,122,125,498000.0
2015,30,7,122,141,12845000.0
2015,30,7,122,142,2000000.0
2015,30,7,122,144,44085882.0
2015,30,7,122,145,26130000.0
2015,30,7,123,144,174379702.0
2015,30,8,127,133,6000000.0
2015,30,8,127,141,9900000.0
2015,30,8,127,144,94360000.0
2015,30,8,127,145,26400000.0
2015,30,9,134,144,44400000.0
2015,30,9,134,145,1300000.0
2015,30,9,137,144,177650000.0
2015,30,9,137,145,65000000.0
2015,30,9,142,123,882532.0
2015,30,9,142,144,26545958.0
2015,30,9,142,145,8700000.0
2015,30,9,148,133,59700000.0
2015,30,9,148,141,86650000.0
2015,30,9,148,144,372760200.0
2015,30,10,155,144,0.0
2015,30,10,155,145,0.0
2015,30,10,157,133,5250000.0
2015,30,10,157,144,308490000.0
2015,30,10,157,145,47630000.0
2015,30,10,158,133,1000000.0
2015,30,10,158,141,2000000.0
2015,30,10,158,144,21850000.0
2015,30,10,158,145,9000000.0
2015,30,10,159,144,11100000.0
2015,30,10,159,145,7700000.0
2015,30,10,164,141,31050000.0
2015,30,10,164,144,17678508.0
2015,30,10,164,145,116000000.0
2015,30,10,165,133,46200000.0
2015,30,10,165,144,134007028.0
2015,30,10,165,145,78000000.0
2015,30,10,167,141,6000000.0
2015,30,10,167,142,13200000.0
2015,30,10,167,144,319200000.0
2015,30,10,167,145,171600000.0
2015,30,10,168,141,6975000.0
2015,30,10,168,144,61510000.0
2015,30,10,168,145,28800000.0
2015,30,10,246,133,0.0
2015,30,10,246,144,2320000.0
2015,30,10,246,145,6600000.0
2015,30,11,171,141,136414473.0
2015,30,11,171,144,26808124.0
2015,30,11,179,123,49495043.0
2015,30,11,179,131,50018304.0
2015,30,11,179,133,360283899.0
2015,30,11,179,141,406361363.0
2015,30,11,179,144,3447329438.0
2015,30,11,179,145,203030616.0
2015,30,11,183,133,5657760.0
2015,30,11,183,141,134105234.0
2015,30,11,183,144,25258862.0
2015,30,12,191,125,0.0
2015,30,12,191,144,0.0
2015,30,12,191,145,0.0
2015,30,12,193,133,6750000.0
2015,30,12,193,144,77750000.0
2015,30,14,217,123,0.0
2015,30,14,217,133,2970000.0
2015,30,14,217,141,0.0
2015,30,14,217,144,0.0
2015,30,14,217,145,0.0
2015,30,14,219,144,74956666.0
2015,30,15,220,133,20450000.0
2015,30,15,220,144,250200000.0
2015,30,15,220,145,59850000.0
2015,30,15,222,123,86371462.0
2015,30,15,222,125,28392868.0
2015,30,15,222,131,57956687.0
2015,30,15,222,133,31628203.0
2015,30,15,222,144,809845028.0
2015,30,15,222,145,40000000.0
2015,30,16,230,133,343581210.0
2015,30,16,230,144,1928918184.0
2015,30,16,230,145,297649994.0
2015,30,16,231,133,5905000.0
2015,30,16,231,135,175708087.0
2015,30,16,231,141,108000000.0
2015,30,16,231,144,663128650.0
2015,30,16,231,145,418500000.0
2015,40,1,1,122,7296220.0
2015,40,1,1,123,495680456.0
2015,40,1,1,131,3921707577.0
2015,40,1,1,133,17027854544.0
2015,40,2,1,123,8050793591.0
2015,40,2,1,131,2634348216.0
2015,40,2,1,133,24642428285.0
2015,40,2,1,145,26879364836.0
2015,40,3,1,123,39785384.0
2015,40,3,1,125,139006075.0
2015,40,3,1,131,88810441.0
2015,40,3,1,141,26400000.0
2015,40,3,1,144,9900000.0
2015,40,3,1,145,159833891.0
2016,11,1,1,123,248277695.0
2016,11,1,1,125,92370535.0
2016,11,1,1,131,301500000.0
2016,11,1,1,133,2648810560.0
2016,11,1,1,137,179033330.0
2016,11,1,1,144,6733126158.0
2016,11,1,1,145,2555672242.0
2016,11,2,1,123,448447840.0
2016,11,2,1,131,526500000.0
2016,11,2,1,133,5778581814.0
2016,11,2,1,137,3159679141.0
2016,11,2,1,144,7266245661.0
2016,11,2,1,145,2246680708.0
2016,11,3,1,123,2329100081.0
2016,11,3,1,131,1292774148.0
2016,11,3,1,133,12698573256.0
2016,11,3,1,137,1866746955.0
2016,11,3,1,144,16152716310.0
2016,11,3,1,145,13240155745.0
2016,12,1,1,123,279515242.0
2016,12,1,1,125,36366721.0
2016,12,1,1,131,402114000.0
2016,12,1,1,133,3452366239.0
2016,12,1,1,137,94231002.0
2016,12,1,1,141,493189007.0
2016,12,1,1,144,1792827488.0
2016,12,1,1,145,1648508180.0
2016,12,1,2,123,19124070.0
2016,12,1,2,125,31582511.0
2016,12,1,2,131,27600000.0
2016,12,1,2,133,3046171786.0
2016,12,1,2,137,11765643738.0
2016,12,1,2,144,50424000.0
2016,12,1,5,123,861651230.0
2016,12,1,5,125,94441435.0
2016,12,1,5,133,3246170506.0
2016,12,1,5,137,72800000.0
2016,12,1,5,141,309580312.0
2016,12,1,5,144,1491698713.0
2016,12,1,5,145,2260175716.0
2016,12,1,6,123,99106011.0
2016,12,1,6,131,57275328.0
2016,12,1,6,133,509927223.0
2016,12,1,6,137,39000000.0
2016,12,1,6,144,177131359.0
2016,12,1,7,123,908613589.0
2016,12,1,7,131,149500000.0
2016,12,1,7,133,781029336.0
2016,12,1,7,137,903008081.0
2016,12,1,7,141,6162303455.0
2016,12,1,7,144,2324631822.0
2016,12,1,7,145,2293217931.0
2016,12,1,11,131,1001792527.0
2016,12,1,11,133,7298739848.0
2016,12,1,11,137,1329778232.0
2016,12,1,11,144,724548900.0
2016,12,1,11,145,180500833.0
2016,12,1,12,133,134114400.0
2016,12,1,12,145,91000000.0
2016,12,1,14,123,126602682.0
2016,12,1,14,125,11182535.0
2016,12,1,14,131,104600000.0
2016,12,1,14,133,1219568514.0
2016,12,1,14,137,17333334.0
2016,12,1,14,144,323465909.0
2016,12,1,14,145,594992851.0
2016,12,1,15,123,53105595.0
2016,12,1,15,131,15600000.0
2016,12,1,15,133,2290329502.0
2016,12,1,15,137,42900000.0
2016,12,1,15,144,148495781.0
2016,12,1,15,145,31800000.0
2016,12,1,16,123,296918203.0
2016,12,1,16,125,65515901.0
2016,12,1,16,131,124350000.0
2016,12,1,16,133,1406202873.0
2016,12,1,16,137,431803661.0
2016,12,1,16,141,6762419044.0
2016,12,1,16,144,22976069264.0
2016,12,1,16,145,15075983318.0
2016,12,1,17,123,15742326.0
2016,12,1,17,125,6879263.0
2016,12,1,17,131,21978318.0
2016,12,1,17,133,602851916.0
2016,12,1,17,137,52214500.0
2016,12,1,17,144,3991120624.0
2016,12,1,17,145,1009570325.0
2016,12,1,18,123,543626509.0
2016,12,1,18,125,258839748.0
2016,12,1,18,131,190111055.0
2016,12,1,18,133,1977604566.0
2016,12,1,18,137,162881333.0
2016,12,1,18,141,310956798.0
2016,12,1,18,144,2088963388.0
2016,12,1,18,145,2524865631.0
2016,12,1,19,123,145479265.0
2016,12,1,19,125,83416980.0
2016,12,1,19,131,126100000.0
2016,12,1,19,133,1099185190.0
2016,12,1,19,137,33449000.0
2016,12,1,19,141,595261166.0
2016,12,1,19,144,3562504555.0
2016,12,1,19,145,373985011.0
2016,12,1,20,123,39722179.0
2016,12,1,20,131,27908052.0
2016,12,1,20,133,677673284.0
2016,12,1,20,137,10400000.0
2016,12,1,20,144,159504674.0
2016,12,1,20,145,86666667.0
2016,12,1,21,123,357627575.0
2016,12,1,21,125,257491069.0
2016,12,1,21,131,168770000.0
2016,12,1,21,133,1456237284.0
2016,12,1,21,137,356799957.0
2016,12,1,21,141,1399458017.0
2016,12,1,21,144,646826916.0
2016,12,1,21,145,819676389.0
2016,12,1,23,123,60938432.0
2016,12,1,23,125,58092955.0
2016,12,1,23,131,25060000.0
2016,12,1,23,133,753992214.0
2016,12,1,23,141,766793778.0
2016,12,1,23,144,260076744.0
2016,12,1,23,145,763116880.0
2016,12,1,29,133,408958333.0
2016,12,1,29,137,53415420.0
2016,12,1,29,144,209095276.0
2016,12,1,29,145,82225000.0
2016,12,1,30,123,472079199.0
2016,12,1,30,133,2958155707.0
2016,12,1,30,137,12967500.0
2016,12,1,30,141,1628263052.0
2016,12,1,30,142,2718123886.0
2016,12,1,30,144,1704994555.0
2016,12,1,30,145,63700000.0
2016,12,1,36,123,46349378.0
2016,12,1,36,125,9639497.0
2016,12,1,36,131,153100000.0
2016,12,1,36,133,676505062.0
2016,12,1,36,137,3575000.0
2016,12,1,36,141,80116636.0
2016,12,1,36,144,257385376.0
2016,12,1,36,145,197364944.0
2016,12,1,38,123,3145040.0
2016,12,1,38,133,465193463.0
2016,12,1,38,137,8160000.0
2016,12,1,38,144,427229497.0
2016,12,1,38,145,1663002356.0
2016,12,1,40,131,50000000.0
2016,12,1,40,133,378524964.0
2016,12,1,40,137,96015277.0
2016,12,1,40,144,91376074.0
2016,12,1,40,145,77000000.0
2016,12,1,41,123,34233363.0
2016,12,1,41,125,8397568.0
2016,12,1,41,133,926796811.0
2016,12,1,41,137,21579999.0
2016,12,1,41,141,4656482129.0
2016,12,1,41,144,8561210670.0
2016,12,1,41,145,9125191839.0
2016,12,1,51,123,47970782.0
2016,12,1,51,125,33025346.0
2016,12,1,51,131,2695000.0
2016,12,1,51,133,327285281.0
2016,12,1,51,137,26000000.0
2016,12,1,51,144,374816245.0
2016,12,1,51,145,223964191.0
2016,12,1,52,123,207568950.0
2016,12,1,52,125,30109652.0
2016,12,1,52,131,53000000.0
2016,12,1,52,133,832300753.0
2016,12,1,52,137,25313889.0
2016,12,1,52,141,609349554.0
2016,12,1,52,144,372015278.0
2016,12,1,52,145,562309437.0
2016,12,1,53,123,64455834.0
2016,12,1,53,133,545651479.0
2016,12,1,53,137,201603927.0
2016,12,1,53,144,252103774.0
2016,12,1,53,145,41684500.0
2016,12,2,1,123,45293884.0
2016,12,2,1,125,5368238.0
2016,12,2,1,131,231456600.0
2016,12,2,1,133,812120167.0
2016,12,2,1,137,416937501.0
2016,12,2,1,144,603607040.0
2016,12,3,1,123,2289746014.0
2016,12,3,1,125,489289015.0
2016,12,3,1,131,870445870.0
2016,12,3,1,133,6956196522.0
2016,12,3,1,137,1240101671.0
2016,12,3,1,141,2416493036.0
2016,12,3,1,144,2759865374.0
2016,12,3,1,145,2188199586.0
2016,12,3,2,123,4684687650.0
2016,12,3,2,131,774000000.0
2016,12,3,2,133,20946426744.0
2016,12,3,2,136,174654233150.0
2016,12,3,2,137,11282598965.0
2016,12,3,2,138,195437278542.0
2016,12,3,2,142,2643334170.0
2016,12,4,1,123,2088895739.0
2016,12,4,1,125,714798112.0
2016,12,4,1,131,193100000.0
2016,12,4,1,133,12068565573.0
2016,12,4,1,134,331903072.0
2016,12,4,1,137,371231102.0
2016,12,4,1,143,171400000.0
2016,12,4,1,144,2459453077.0
2016,12,4,1,145,1795273240.0
2016,12,4,1,146,24233346774.0
2016,12,4,1,148,121000000.0
2016,12,4,1,161,111849348445.0
2016,12,4,1,162,9358636254.0
2016,12,4,1,163,9886670088.0
2016,12,5,1,123,57696445.0
2016,12,5,1,125,47466375.0
2016,12,5,1,131,6879818000.0
2016,12,5,1,133,39275818834.0
2016,12,5,1,136,90614891380.0
2016,12,5,1,137,28554904075.0
2016,12,5,1,138,99793704021.0
2016,12,5,1,141,217858333.0
2016,12,5,1,142,3994638136.0
2016,12,5,1,144,5098884546.0
2016,12,5,1,145,652231667.0
2016,12,5,1,148,165025000.0
2016,12,5,1,162,7468624896.0
2016,12,5,1,163,622384408.0
2016,12,6,1,123,15832875758.0
2016,12,6,1,125,7023902881.0
2016,12,6,1,131,2810340272.0
2016,12,6,1,133,7220056011.0
2016,12,6,1,137,1140823723.0
2016,12,6,1,141,58130841.0
2016,12,6,1,144,12049756694.0
2016,12,6,1,145,15279663638.0
2016,12,7,1,123,4005244632.0
2016,12,7,1,125,1959788842.0
2016,12,7,1,131,76836775000.0
2016,12,7,1,132,365811012368.0
2016,12,7,1,133,14994306614.0
2016,12,7,1,137,888420856.0
2016,12,7,1,141,1062140195.0
2016,12,7,1,143,4923103502.0
2016,12,7,1,144,6287716713.0
2016,12,7,1,145,5858613190.0
2016,12,8,1,123,18495836746.0
2016,12,8,1,125,11448019401.0
2016,12,8,1,131,597715808.0
2016,12,8,1,133,162684986134.0
2016,12,8,1,137,1985806841.0
2016,12,8,1,141,770031162.0
2016,12,8,1,142,962553221657.0
2016,12,8,1,143,20048208903.0
2016,12,8,1,144,87241417392.0
2016,12,8,1,145,4011181349.0
2016,12,9,1,123,1020562258.0
2016,12,9,1,125,271073256.0
2016,12,9,1,131,1692900000.0
2016,12,9,1,133,21174652182.0
2016,12,9,1,137,363191845.0
2016,12,9,1,144,10930311360.0
2016,12,9,1,145,747773773.0
2016,12,10,1,123,4806147702.0
2016,12,10,1,125,1126702566.0
2016,12,10,1,131,1598800000.0
2016,12,10,1,133,7863429710.0
2016,12,10,1,137,1116294997.0
2016,12,10,1,141,12933316701.0
2016,12,10,1,144,10436804730.0
2016,12,10,1,145,47950936041.0
2016,12,11,1,123,1618834227.0
2016,12,11,1,125,1133394227.0
2016,12,11,1,131,415000000.0
2016,12,11,1,133,3047128476.0
2016,12,11,1,137,407745682.0
2016,12,11,1,141,54600000.0
2016,12,11,1,144,1777531030.0
2016,12,11,1,145,6815001146.0
2016,12,11,1,161,1249881061.0
2016,12,11,1,162,653371678.0
2016,12,11,1,163,163010384.0
2016,12,13,1,123,10339273894.0
2016,12,13,1,125,2064591629.0
2016,12,13,1,131,1045511459.0
2016,12,13,1,133,17579030725.0
2016,12,13,1,137,1078032169.0
2016,12,13,1,141,17377369617.0
2016,12,13,1,144,19311596821.0
2016,12,13,1,145,16939204172.0
2016,12,14,1,123,13126841.0
2016,12,14,1,131,59000000.0
2016,12,14,1,133,875213645.0
2016,12,14,1,137,221943255.0
2016,12,14,1,144,1674484790.0
2016,12,14,1,145,3132210256.0
2016,12,16,1,123,1646047744.0
2016,12,16,1,125,580943129.0
2016,12,16,1,131,545900000.0
2016,12,16,1,133,9644976035.0
2016,12,16,1,137,222066668.0
2016,12,16,1,141,29216881044.0
2016,12,16,1,144,9365396227.0
2016,12,16,1,145,8135892780.0
2016,13,1,1,123,4996108469.0
2016,13,1,1,131,865038607.0
2016,13,1,1,133,68656821153.0
2016,13,1,1,137,1626367267.0
2016,13,1,1,144,24887590909.0
2016,13,1,1,145,9012568462.0
2016,13,2,1,123,7656769710.0
2016,13,2,1,125,199751654.0
2016,13,2,1,131,2518680000.0
2016,13,2,1,133,44090326248.0
2016,13,2,1,137,406793435.0
2016,13,2,1,144,79316802998.0
2016,13,2,1,145,3855440242.0
2016,13,3,1,123,1634224853.0
2016,13,3,1,131,1578760000.0
2016,13,3,1,133,33597798637.0
2016,13,3,1,137,2629954149.0
2016,13,3,1,141,1192756602.0
2016,13,3,1,144,10822178989.0
2016,13,3,1,145,5988336641.0
2016,13,4,1,123,225439920.0
2016,13,4,1,125,129471684.0
2016,13,4,1,133,1883214266.0
2016,13,4,1,137,253125000.0
2016,13,4,1,143,1000000.0
2016,13,4,1,144,1064298697.0
2016,13,4,1,145,1098714170.0
2016,13,4,1,148,1086036000.0
2016,13,5,1,123,113664204.0
2016,13,5,1,125,52766561.0
2016,13,5,1,133,9425438422.0
2016,13,5,1,137,182541669.0
2016,13,5,1,144,493070835.0
2016,13,5,1,145,949008336.0
2016,13,6,1,123,805273535.0
2016,13,6,1,131,134423659.0
2016,13,6,1,133,1241720434.0
2016,13,6,1,137,394033333.0
2016,13,6,1,144,11521883299.0
2016,13,6,1,145,6031128851.0
2016,14,1,1,123,7995435148.0
2016,14,1,1,125,7642628527.0
2016,14,1,1,131,668450000.0
2016,14,1,1,133,3864654511.0
2016,14,1,1,137,227735441.0
2016,14,1,1,144,989500775.0
2016,14,1,1,145,900150000.0
2016,15,1,1,133,167848000.0
2016,15,1,1,144,1251554169.0
2016,15,1,1,145,346163587.0
2016,15,2,1,133,712845121.0
2016,15,2,1,145,24000000.0
2016,21,1,1,123,40513770.0
2016,21,1,1,125,26924311.0
2016,21,1,1,131,1406807214.0
2016,21,1,1,133,19083211347.0
2016,21,1,1,144,270100000.0
2016,22,1,1,123,61274356.0
2016,22,1,1,133,202500000.0
2016,22,1,1,141,410126800.0
2016,22,1,1,144,1295347455.0
2016,22,1,1,145,317230000.0
2016,22,2,1,123,18422010.0
2016,22,2,1,133,231863375.0
2016,22,2,1,144,65665980.0
2016,22,2,1,145,63200000.0
2016,22,3,1,133,497607405.0
2016,22,3,1,142,56400000.0
2016,22,3,1,144,842931960.0
2016,22,3,1,145,263600000.0
2016,22,4,1,133,157086798.0
2016,22,4,1,144,1833705508.0
2016,22,4,1,145,484465706.0
2016,22,4,1,147,36307684.0
2016,22,5,1,144,1186400000.0
2016,22,5,1,145,450728000.0
2016,22,6,1,131,6685000.0
2016,22,6,1,133,496568378.0
2016,22,6,1,141,34633856.0
2016,22,6,1,144,1615673093.0
2016,22,6,1,145,284040009.0
2016,22,7,1,123,9837910.0
2016,22,7,1,133,197579420.0
2016,22,7,1,142,168924385.0
2016,22,7,1,144,2441223744.0
2016,22,7,1,145,287080898.0
2016,22,8,1,131,15960000.0
2016,22,8,1,141,153600000.0
2016,22,8,1,144,491773200.0
2016,22,8,1,145,127508628.0
2016,22,9,1,133,3878280.0
2016,22,9,1,144,2189336092.0
2016,22,9,1,145,224950000.0
2016,22,10,1,141,1088610315.0
2016,22,10,1,144,1719682660.0
2016,22,10,1,145,401954640.0
2016,22,11,1,133,284000000.0
2016,22,11,1,141,438200000.0
2016,22,11,1,144,160516840.0
2016,22,11,1,145,329188660.0
2016,22,12,1,131,665000.0
2016,22,12,1,133,348078258.0
2016,22,12,1,144,809760843.0
2016,22,12,1,145,54390000.0
2016,22,13,1,123,48072176.0
2016,22,13,1,133,314620815.0
2016,22,13,1,137,33000000.0
2016,22,13,1,141,788913882.0
2016,22,13,1,142,434795309.0
2016,22,13,1,144,1296061892.0
2016,22,13,1,145,843179748.0
2016,22,13,1,147,761971329.0
2016,22,14,1,144,1160655605.0
2016,22,14,1,145,157905000.0
2016,22,15,1,123,76564278.0
2016,22,15,1,133,129368830.0
2016,22,15,1,141,45200000.0
2016,22,15,1,144,1027633078.0
2016,22,15,1,145,143400000.0
2016,22,16,1,123,177966582.0
2016,22,16,1,133,932098424.0
2016,22,16,1,142,1447953392.0
2016,22,16,1,144,1969952640.0
2016,22,16,1,145,740729900.0
2016,22,17,1,123,84740744.0
2016,22,17,1,125,3462966.0
2016,22,17,1,133,479141573.0
2016,22,17,1,141,0.0
2016,22,17,1,144,0.0
2016,22,17,1,145,0.0
2016,23,1,1,123,696859266.0
2016,23,1,1,125,53017544.0
2016,23,1,1,131,6289220000.0
2016,23,1,1,133,1696061161.0
2016,23,1,1,144,1324141344.0
2016,23,1,1,145,728451111.0
2016,23,3,1,133,5475664528.0
2016,23,3,1,137,206500000.0
2016,23,3,1,141,630794220.0
2016,23,3,1,144,2196936785.0
2016,23,3,1,145,1126418148.0
2016,23,4,1,123,34494643.0
2016,23,4,1,131,328641176.0
2016,23,4,1,133,2325974449.0
2016,23,4,1,144,298516008.0
2016,23,4,1,145,152312922.0
2016,23,6,1,123,90703248.0
2016,23,6,1,133,645208697.0
2016,23,6,1,141,119232292.0
2016,23,6,1,144,263787417.0
2016,23,6,1,145,123396220.0
2016,23,8,1,141,46231502.0
2016,23,8,1,144,57835012.0
2016,23,8,1,145,29203627.0
2016,23,9,1,133,1087521555.0
2016,23,10,1,122,9000000.0
2016,23,10,1,131,480023148.0
2016,23,10,1,133,2295192550.0
2016,23,10,1,141,1683768000.0
2016,23,11,1,133,0.0
2016,23,11,1,144,0.0
2016,23,11,1,145,0.0
2016,23,13,1,133,2727453519.0
2016,23,13,1,144,817185000.0
2016,23,13,1,145,835654934.0
2016,23,14,1,123,312608336.0
2016,23,14,1,131,29094000.0
2016,23,14,1,133,1622573682.0
2016,23,14,1,144,714238507.0
2016,23,14,1,145,530881088.0
2016,23,15,1,122,8186199994.0
2016,23,15,1,123,8536822005.0
2016,23,15,1,131,352800000.0
2016,23,15,1,133,6717815105.0
2016,23,15,1,137,1158788908.0
2016,23,15,1,144,3617590097.0
2016,23,15,1,145,2567545258.0
2016,23,16,1,123,5523478086.0
2016,23,16,1,133,12393058467.0
2016,23,16,1,144,2729240025.0
2016,23,16,1,145,1195760000.0
2016,23,17,1,123,19631977.0
2016,23,17,1,133,484927788.0
2016,23,17,1,137,0.0
2016,23,17,1,141,204472576.0
2016,23,17,1,144,74026988.0
2016,23,17,1,145,25524374.0
2016,23,18,1,122,776366390.0
2016,23,18,1,123,1393931113.0
2016,23,18,1,125,575412540.0
2016,23,18,1,131,896796686.0
2016,23,18,1,133,3458285369.0
2016,23,18,1,137,12557341.0
2016,23,18,1,141,1956962825.0
2016,23,18,1,144,2798287503.0
2016,23,18,1,145,4110592278.0
2016,23,19,1,123,1164997582.0
2016,23,19,1,125,845732921.0
2016,23,19,1,131,82500000.0
2016,23,19,1,133,1944871791.0
2016,23,19,1,144,1633111671.0
2016,23,19,1,145,2048847758.0
2016,23,20,1,122,74999990.0
2016,23,20,1,123,42416637.0
2016,23,20,1,125,15573907.0
2016,23,20,1,131,153499835.0
2016,23,20,1,133,1720129222.0
2016,23,20,1,141,519693165.0
2016,23,20,1,144,1841786724.0
2016,23,20,1,145,317800000.0
2016,23,21,1,123,81454232.0
2016,23,21,1,125,28122860.0
2016,23,21,1,131,9525600.0
2016,23,21,1,133,793991160.0
2016,23,21,1,137,14961334.0
2016,23,21,1,144,119602175.0
2016,23,21,1,145,35063615.0
2016,23,22,1,122,32895000.0
2016,23,22,1,123,554262002.0
2016,23,22,1,125,203351343.0
2016,23,22,1,131,484304000.0
2016,23,22,1,133,1570471540.0
2016,23,22,1,141,318639982.0
2016,23,22,1,144,5212600187.0
2016,23,22,1,145,1320391695.0
2016,23,23,1,123,1248899774.0
2016,23,23,1,125,586579828.0
2016,23,23,1,131,409935928.0
2016,23,23,1,133,6100397157.0
2016,23,23,1,137,763352364.0
2016,23,23,1,144,6496002358.0
2016,23,23,1,145,11592295597.0
2016,23,24,1,123,1540024077.0
2016,23,24,1,125,552313155.0
2016,23,24,1,131,149999738.0
2016,23,24,1,133,2043479900.0
2016,23,24,1,137,33000000.0
2016,23,24,1,141,2595979705.0
2016,23,24,1,144,3333575833.0
2016,23,24,1,145,374215933.0
2016,23,25,1,123,334099103.0
2016,23,25,1,125,245290647.0
2016,23,25,1,131,739277400.0
2016,23,25,1,133,2977051956.0
2016,23,25,1,137,40716668.0
2016,23,25,1,141,33932269.0
2016,23,25,1,145,319495971.0
2016,23,26,1,123,70669511.0
2016,23,26,1,125,18875912.0
2016,23,26,1,131,41063101.0
2016,23,26,1,133,863196120.0
2016,23,26,1,144,31105117.0
2016,23,26,1,145,70043610.0
2016,23,28,1,123,10326823.0
2016,23,28,1,133,643802016.0
2016,23,28,1,145,125092836.0
2016,23,29,1,133,187668636.0
2016,23,30,1,123,192760454.0
2016,23,30,1,125,139720098.0
2016,23,30,1,133,685386757.0
2016,23,30,1,144,29926655.0
2016,23,31,1,132,4704000.0
2016,23,31,1,133,215151051.0
2016,24,1,1,123,5947944154.0
2016,24,1,1,125,21513042898.0
2016,24,1,1,131,20812862168.0
2016,24,1,1,133,106093927291.0
2016,24,1,1,137,1430570650.0
2016,24,1,1,141,41716473.0
2016,24,1,1,142,113554120785.0
2016,24,1,1,143,2783399892.0
2016,24,1,1,144,18623250239.0
2016,24,1,1,145,2450326673.0
2016,24,2,1,123,3869000.0
2016,24,2,1,131,3283308.0
2016,24,2,1,144,87554640.0
2016,24,3,1,123,176499360.0
2016,24,3,1,125,26677219.0
2016,24,3,1,131,751016548.0
2016,24,3,1,133,3455085614.0
2016,24,3,1,134,841858769.0
2016,24,3,1,141,64273082.0
2016,24,3,1,144,147275473.0
2016,24,4,1,123,323408006.0
2016,24,4,1,131,1523528851.0
2016,24,4,1,133,3729127831.0
2016,24,4,1,144,2264613708.0
2016,24,5,1,123,71517631.0
2016,24,5,1,131,12246649.0
2016,24,5,1,133,1901378490.0
2016,24,5,1,141,24341134.0
2016,24,5,1,142,32940000.0
2016,24,5,1,144,899809413.0
2016,24,5,1,145,344348045.0
2016,25,2,1,122,5035250026.0
2016,25,2,1,123,33787409750.0
2016,25,2,1,125,15475902664.0
2016,25,2,1,131,71516138556.0
2016,25,2,1,133,185519805333.0
2016,25,2,1,137,761200000.0
2016,25,2,1,141,42061890646.0
2016,25,2,1,144,1913519143.0
2016,25,2,1,145,978000000.0
2016,25,4,1,122,83750000.0
2016,25,4,1,123,828303880.0
2016,25,4,1,131,486077035.0
2016,25,4,1,133,4207084464.0
2016,25,4,1,144,2581044132.0
2016,25,4,1,145,170910629.0
2016,25,5,1,122,1017683345.0
2016,25,5,1,131,262415160.0
2016,25,5,1,133,4912959374.0
2016,25,5,1,141,9760998660.0
2016,25,5,1,145,922300000.0
2016,25,6,1,122,21000000.0
2016,25,6,1,123,534838444.0
2016,25,6,1,125,1416521521.0
2016,25,6,1,131,2333261827.0
2016,25,6,1,133,24847006506.0
2016,25,6,1,141,67744886.0
2016,25,6,1,142,151859848.0
2016,25,6,1,144,6115455075.0
2016,25,6,1,145,907965703.0
2016,25,7,1,123,4271084489.0
2016,25,7,1,125,1828867441.0
2016,25,7,1,131,2495045781.0
2016,25,7,1,133,15695711126.0
2016,25,7,1,142,150112211.0
2016,25,7,1,144,8113107838.0
2016,25,7,1,145,848464571.0
2016,27,1,1,122,1569792000.0
2016,27,1,1,123,809867671.0
2016,27,1,1,125,190713618.0
2016,27,1,1,131,22349291800.0
2016,27,1,1,133,16237070049.0
2016,27,1,1,141,970105806.0
2016,27,1,1,144,4747605396.0
2016,27,1,1,145,1753753613.0
2016,27,3,1,122,54550893.0
2016,27,3,1,123,202215644.0
2016,27,3,1,125,29495237.0
2016,27,3,1,131,344239667.0
2016,27,3,1,133,981792558.0
2016,27,3,1,135,1501533170.0
2016,27,3,1,144,725997962.0
2016,27,3,1,145,520518897.0
2016,27,4,1,122,12600000.0
2016,27,4,1,123,9015051.0
2016,27,4,1,131,280000000.0
2016,27,4,1,133,1372644315.0
2016,27,4,1,137,18550000.0
2016,27,4,1,144,150602000.0
2016,27,5,1,133,371167866.0
2016,27,5,1,144,38333400.0
2016,27,7,1,123,580000.0
2016,27,7,1,131,893316667.0
2016,27,7,1,133,3664496417.0
2016,27,7,1,144,110070125.0
2016,27,7,1,145,1239674306.0
2016,28,1,1,123,2399806587.0
2016,28,1,1,125,925750056.0
2016,28,1,1,131,9211198361.0
2016,28,1,1,133,63351169620.0
2016,28,1,1,141,4104213041.0
2016,28,1,1,142,22587729307.0
2016,28,1,1,143,889579563.0
2016,28,1,1,144,21340776610.0
2016,28,1,1,145,17915074490.0
2016,28,1,1,148,1924758500.0
2016,28,2,1,123,32409162.0
2016,28,2,1,125,13200573.0
2016,28,2,1,131,39210000.0
2016,28,2,1,133,2900305199.0
2016,28,2,1,143,72333332.0
2016,28,2,1,144,3342561677.0
2016,28,2,1,145,2301287305.0
2016,28,3,1,123,48812831.0
2016,28,3,1,125,19294802.0
2016,28,3,1,131,2940000.0
2016,28,3,1,133,2902615983.0
2016,28,3,1,141,84829088.0
2016,28,3,1,143,67680000.0
2016,28,3,1,144,865350702.0
2016,28,3,1,145,47127272.0
2016,28,4,1,123,21667218.0
2016,28,4,1,125,32526635.0
2016,28,4,1,132,0.0
2016,28,4,1,133,661430546.0
2016,28,4,1,141,30000000.0
2016,28,4,1,143,64135000.0
2016,28,4,1,144,2554165100.0
2016,28,4,1,145,87545454.0
2016,28,4,1,148,127487000.0
2016,28,5,1,131,3439800.0
2016,28,5,1,133,279024200.0
2016,28,5,1,141,150840000.0
2016,28,5,1,143,269880000.0
2016,28,5,1,144,393882610.0
2016,28,6,1,133,525076804.0
2016,28,6,1,144,425200000.0
2016,28,6,1,145,360238850.0
2016,28,7,1,132,1100000.0
2016,28,7,1,133,352463961.0
2016,28,7,1,144,29810825.0
2016,28,7,1,145,101000000.0
2016,28,8,1,123,21127105.0
2016,28,8,1,125,12024410.0
2016,28,8,1,131,4000000.0
2016,28,8,1,133,219356749.0
2016,28,8,1,144,188544588.0
2016,30,1,3,133,20000000.0
2016,30,1,3,144,209790000.0
2016,30,1,4,133,40425000.0
2016,30,1,4,144,432512500.0
2016,30,1,4,145,32340000.0
2016,30,1,5,123,32073229.0
2016,30,1,5,144,268525000.0
2016,30,1,5,145,4050000.0
2016,30,1,6,123,6600000.0
2016,30,1,6,133,18100000.0
2016,30,1,6,135,4800000.0
2016,30,1,6,144,219431536.0
2016,30,1,7,132,15000000.0
2016,30,1,7,141,51400000.0
2016,30,1,7,144,194900000.0
2016,30,1,7,145,10300000.0
2016,30,1,241,144,134500000.0
2016,30,2,8,135,7011150.0
2016,30,2,8,144,565820000.0
2016,30,2,8,145,25000000.0
2016,30,2,12,131,8400000.0
2016,30,2,12,144,201592300.0
2016,30,2,13,144,106170000.0
2016,30,2,14,144,106400000.0
2016,30,2,14,145,8000000.0
2016,30,2,15,144,362400000.0
2016,30,2,16,142,3000000.0
2016,30,2,16,144,302480000.0
2016,30,2,16,145,4500000.0
2016,30,2,19,144,181200000.0
2016,30,2,19,145,37500000.0
2016,30,2,20,123,4000000.0
2016,30,2,20,133,4000000.0
2016,30,2,20,144,57050000.0
2016,30,2,20,145,76000000.0
2016,30,2,22,144,218000000.0
2016,30,2,22,145,21000000.0
2016,30,2,23,144,78048.0
2016,30,2,24,144,364000000.0
2016,30,2,24,145,57500000.0
2016,30,2,25,144,349451666.0
2016,30,2,25,145,58040000.0
2016,30,2,26,144,488070100.0
2016,30,2,26,145,24000000.0
2016,30,2,239,144,235800000.0
2016,30,3,27,133,93506251.0
2016,30,3,27,141,1368754349.0
2016,30,3,27,144,736225988.0
2016,30,3,27,145,40920000.0
2016,30,3,28,133,6760000.0
2016,30,3,28,141,37550000.0
2016,30,3,28,144,59395417.0
2016,30,3,29,133,14400000.0
2016,30,3,29,144,448000000.0
2016,30,3,29,145,0.0
2016,30,3,30,133,13800000.0
2016,30,3,30,144,482489917.0
2016,30,3,30,145,32500000.0
2016,30,3,31,144,209610000.0
2016,30,3,31,145,9800000.0
2016,30,3,32,144,227200000.0
2016,30,3,33,135,23346125.0
2016,30,3,33,144,795132490.0
2016,30,3,33,145,72600000.0
2016,30,3,34,144,79200000.0
2016,30,3,34,145,33000000.0
2016,30,3,35,133,27500000.0
2016,30,3,35,141,32300000.0
2016,30,3,35,144,306800000.0
2016,30,3,35,145,150250000.0
2016,30,3,36,141,84000000.0
2016,30,3,36,145,75000000.0
2016,30,3,37,144,249150900.0
2016,30,3,37,145,285300000.0
2016,30,3,39,133,4477221.0
2016,30,3,39,144,87680000.0
2016,30,3,41,144,142433272.0
2016,30,3,42,125,13400000.0
2016,30,3,42,133,98922400.0
2016,30,3,42,141,714725000.0
2016,30,3,42,144,619325000.0
2016,30,3,43,144,58700000.0
2016,30,3,45,144,327075000.0
2016,30,3,45,145,138500000.0
2016,30,3,46,144,90261000.0
2016,30,4,47,144,2301225608.0
2016,30,4,48,133,2000000.0
2016,30,4,48,144,94510000.0
2016,30,4,49,144,449300000.0
2016,30,4,50,144,196100000.0
2016,30,4,50,145,89000000.0
2016,30,4,51,141,13200000.0
2016,30,4,51,144,294975000.0
2016,30,4,51,145,50000000.0
2016,30,4,53,137,12000000.0
2016,30,4,53,144,224700000.0
2016,30,4,53,145,61440000.0
2016,30,4,54,133,3160000.0
2016,30,4,54,141,14000000.0
2016,30,4,54,144,159110000.0
2016,30,4,54,145,85800000.0
2016,30,4,55,144,451620000.0
2016,30,4,56,132,400000.0
2016,30,4,56,144,172379166.0
2016,30,4,56,145,3000000.0
2016,30,4,57,123,1920000.0
2016,30,4,57,144,204240000.0
2016,30,4,58,144,80800000.0
2016,30,4,58,145,48000000.0
2016,30,4,59,144,109900000.0
2016,30,4,60,144,1223245500.0
2016,30,4,61,144,179600000.0
2016,30,4,61,145,80000000.0
2016,30,4,62,144,54350000.0
2016,30,4,63,144,0.0
2016,30,4,234,144,2086900000.0
2016,30,4,234,145,526487500.0
2016,30,5,64,141,173950000.0
2016,30,5,64,144,1780086000.0
2016,30,5,64,145,20000000.0
2016,30,5,65,123,119865847.0
2016,30,5,65,133,84300000.0
2016,30,5,65,135,72411995.0
2016,30,5,65,141,158400000.0
2016,30,5,65,144,3232709992.0
2016,30,5,65,145,223449891.0
2016,30,5,66,144,99800000.0
2016,30,5,68,133,15780000.0
2016,30,5,68,144,224300000.0
2016,30,5,68,145,10500000.0
2016,30,5,69,123,2300000.0
2016,30,5,69,144,334049842.0
2016,30,5,70,123,10680399.0
2016,30,5,70,144,409574982.0
2016,30,5,70,145,82000000.0
2016,30,5,72,133,1040000.0
2016,30,5,72,144,168730000.0
2016,30,5,72,145,87400000.0
2016,30,5,73,133,13000000.0
2016,30,5,73,141,7700000.0
2016,30,5,73,144,360996474.0
2016,30,5,73,145,143400000.0
2016,30,5,74,133,0.0
2016,30,5,74,135,0.0
2016,30,5,74,144,0.0
2016,30,5,74,145,0.0
2016,30,5,75,144,1314300000.0
2016,30,5,76,144,833740250.0
2016,30,5,77,123,2300000.0
2016,30,5,77,144,131241667.0
2016,30,5,77,145,27000000.0
2016,30,5,78,133,21438462.0
2016,30,5,78,142,3000000.0
2016,30,5,78,144,207260000.0
2016,30,5,78,145,57700000.0
2016,30,5,79,133,6000000.0
2016,30,5,79,144,150150000.0
2016,30,5,79,145,55000000.0
2016,30,5,81,144,233290000.0
2016,30,5,81,145,54000000.0
2016,30,5,82,133,8000000.0
2016,30,5,82,144,257400000.0
2016,30,5,82,145,14000000.0
2016,30,5,83,144,189260000.0
2016,30,5,233,144,184480000.0
2016,30,5,233,145,54500000.0
2016,30,5,243,133,4000000.0
2016,30,5,243,144,122708992.0
2016,30,5,243,145,85724947.0
2016,30,6,84,133,0.0
2016,30,6,84,144,0.0
2016,30,6,85,144,484000000.0
2016,30,6,86,133,0.0
2016,30,6,86,144,0.0
2016,30,6,86,145,0.0
2016,30,6,87,144,0.0
2016,30,6,88,144,2609800000.0
2016,30,6,88,145,440500000.0
2016,30,6,89,144,202376666.0
2016,30,6,89,145,79500000.0
2016,30,6,90,144,573600000.0
2016,30,6,90,145,60000000.0
2016,30,6,91,144,352400000.0
2016,30,6,92,144,271870000.0
2016,30,6,92,145,56000000.0
2016,30,6,93,123,0.0
2016,30,6,93,144,621760430.0
2016,30,6,245,135,6600000.0
2016,30,6,245,144,30600000.0
2016,30,6,245,145,18720000.0
2016,30,7,95,123,10209030.0
2016,30,7,95,133,11235898.0
2016,30,7,95,141,41630875.0
2016,30,7,95,144,540764260.0
2016,30,7,95,145,349693029.0
2016,30,7,96,123,35027924.0
2016,30,7,96,131,13930000.0
2016,30,7,96,133,444330373.0
2016,30,7,96,134,17563367.0
2016,30,7,96,135,0.0
2016,30,7,96,137,87316480.0
2016,30,7,96,141,135613667.0
2016,30,7,96,144,1546883650.0
2016,30,7,96,145,172650000.0
2016,30,7,97,125,7000000.0
2016,30,7,97,133,27000000.0
2016,30,7,97,142,10000000.0
2016,30,7,97,144,424200000.0
2016,30,7,97,145,115133333.0
2016,30,7,98,133,63250000.0
2016,30,7,98,141,23800000.0
2016,30,7,98,144,374377000.0
2016,30,7,98,145,97800000.0
2016,30,7,99,144,70100000.0
2016,30,7,99,145,4500000.0
2016,30,7,100,133,21000000.0
2016,30,7,100,144,885386150.0
2016,30,7,100,145,72000000.0
2016,30,7,101,131,23288000.0
2016,30,7,101,133,22800000.0
2016,30,7,101,137,15290000.0
2016,30,7,101,141,79200000.0
2016,30,7,101,144,940780000.0
2016,30,7,101,145,24000000.0
2016,30,7,102,133,2000000.0
2016,30,7,102,144,705646848.0
2016,30,7,102,145,114500000.0
2016,30,7,104,133,121300000.0
2016,30,7,104,135,1260000.0
2016,30,7,104,143,29283333.0
2016,30,7,104,144,420267223.0
2016,30,7,104,145,149616667.0
2016,30,7,105,144,557089000.0
2016,30,7,105,145,67400000.0
2016,30,7,106,144,294217000.0
2016,30,7,107,123,35559577.0
2016,30,7,107,133,36173844.0
2016,30,7,107,144,951332306.0
2016,30,7,107,145,110160000.0
2016,30,7,108,144,155692500.0
2016,30,7,108,145,24150000.0
2016,30,7,109,144,101112500.0
2016,30,7,110,133,24136210.0
2016,30,7,110,144,592028932.0
2016,30,7,110,145,158150000.0
2016,30,7,111,132,385000.0
2016,30,7,111,144,360305285.0
2016,30,7,111,145,133000000.0
2016,30,7,112,133,15200000.0
2016,30,7,112,144,394183000.0
2016,30,7,112,145,3900000.0
2016,30,7,113,133,15000000.0
2016,30,7,113,144,254200000.0
2016,30,7,114,141,151350000.0
2016,30,7,114,143,50050000.0
2016,30,7,114,144,992628000.0
2016,30,7,114,145,253200000.0
2016,30,7,116,133,20400000.0
2016,30,7,116,141,24200000.0
2016,30,7,116,142,9600000.0
2016,30,7,116,144,412048781.0
2016,30,7,116,145,293225000.0
2016,30,7,117,133,9600000.0
2016,30,7,117,134,67948799.0
2016,30,7,117,141,41308333.0
2016,30,7,117,144,3219646379.0
2016,30,7,117,145,55000000.0
2016,30,7,118,131,900000.0
2016,30,7,118,133,7650000.0
2016,30,7,118,141,3300000.0
2016,30,7,118,142,25800000.0
2016,30,7,118,143,15300000.0
2016,30,7,118,144,203580000.0
2016,30,7,118,145,35000000.0
2016,30,7,119,123,7443225.0
2016,30,7,119,134,5220563.0
2016,30,7,119,144,371257241.0
2016,30,7,119,145,103322900.0
2016,30,7,120,133,4950000.0
2016,30,7,120,144,587228284.0
2016,30,7,120,145,60400000.0
2016,30,7,121,133,15800000.0
2016,30,7,121,141,62150000.0
2016,30,7,121,143,6000000.0
2016,30,7,121,144,406030000.0
2016,30,7,121,145,51600000.0
2016,30,7,122,123,949976.0
2016,30,7,122,125,2656000.0
2016,30,7,122,133,17250000.0
2016,30,7,122,141,237318876.0
2016,30,7,122,142,22000000.0
2016,30,7,122,144,537411160.0
2016,30,7,122,145,271422689.0
2016,30,7,123,133,3240000.0
2016,30,7,123,144,276757630.0
2016,30,7,123,145,91500000.0
2016,30,8,124,123,1325000.0
2016,30,8,124,133,19900000.0
2016,30,8,124,144,773825000.0
2016,30,8,125,123,300000.0
2016,30,8,125,133,90950000.0
2016,30,8,125,134,6571000.0
2016,30,8,125,137,5712000.0
2016,30,8,125,141,12395833.0
2016,30,8,125,144,1650717885.0
2016,30,8,125,145,145510152.0
2016,30,8,126,133,40960000.0
2016,30,8,126,141,36791364.0
2016,30,8,126,144,1790242612.0
2016,30,8,126,145,401223636.0
2016,30,8,127,133,6000000.0
2016,30,8,127,144,186020000.0
2016,30,8,127,145,23710000.0
2016,30,8,129,133,0.0
2016,30,8,129,144,0.0
2016,30,8,129,145,0.0
2016,30,8,130,144,928610999.0
2016,30,8,130,145,110868666.0
2016,30,8,132,144,424340000.0
2016,30,9,134,133,54000000.0
2016,30,9,134,144,831600000.0
2016,30,9,134,145,119500000.0
2016,30,9,136,133,24000000.0
2016,30,9,136,144,387550000.0
2016,30,9,137,144,228623333.0
2016,30,9,137,145,52000000.0
2016,30,9,138,123,65776008.0
2016,30,9,138,141,498054000.0
2016,30,9,138,144,16088244.0
2016,30,9,139,144,193270000.0
2016,30,9,140,133,17100000.0
2016,30,9,140,144,162205000.0
2016,30,9,140,145,29850000.0
2016,30,9,141,133,26400000.0
2016,30,9,141,135,12398787.0
2016,30,9,141,144,186900000.0
2016,30,9,141,145,77200000.0
2016,30,9,142,123,9458700.0
2016,30,9,142,133,50400000.0
2016,30,9,142,144,353244997.0
2016,30,9,142,145,112650000.0
2016,30,9,143,133,18000000.0
2016,30,9,143,144,394050000.0
2016,30,9,143,145,73500000.0
2016,30,9,144,133,16200000.0
2016,30,9,144,144,150638000.0
2016,30,9,144,145,5400000.0
2016,30,9,145,133,27000000.0
2016,30,9,145,144,163372986.0
2016,30,9,146,144,131800000.0
2016,30,9,148,133,5200000.0
2016,30,9,148,134,360000.0
2016,30,9,148,141,63040000.0
2016,30,9,148,144,532179500.0
2016,30,9,148,145,133160000.0
2016,30,9,149,144,34650000.0
2016,30,9,150,133,4800000.0
2016,30,9,150,144,127800000.0
2016,30,9,150,145,64800000.0
2016,30,10,152,133,70650000.0
2016,30,10,152,141,12600000.0
2016,30,10,152,144,3748649998.0
2016,30,10,153,133,56400000.0
2016,30,10,153,144,442350000.0
2016,30,10,153,145,28900000.0
2016,30,10,154,144,158400000.0
2016,30,10,154,145,13000000.0
2016,30,10,155,123,24814763.0
2016,30,10,155,133,274276142.0
2016,30,10,155,144,6408074772.0
2016,30,10,155,145,152700000.0
2016,30,10,156,123,3000000.0
2016,30,10,156,133,19553564.0
2016,30,10,156,144,306101170.0
2016,30,10,156,145,109824000.0
2016,30,10,157,133,13200000.0
2016,30,10,157,144,614934500.0
2016,30,10,158,133,11200000.0
2016,30,10,158,144,221750000.0
2016,30,10,158,145,22000000.0
2016,30,10,159,133,6000000.0
2016,30,10,159,144,141020000.0
2016,30,10,159,145,145500000.0
2016,30,10,160,133,12830000.0
2016,30,10,160,144,373044612.0
2016,30,10,160,145,159378000.0
2016,30,10,162,133,131000000.0
2016,30,10,162,144,1604131959.0
2016,30,10,162,145,199600000.0
2016,30,10,163,133,3060000.0
2016,30,10,163,144,221200000.0
2016,30,10,163,145,70000000.0
2016,30,10,164,123,42494544.0
2016,30,10,164,141,113850000.0
2016,30,10,164,144,91549560.0
2016,30,10,164,145,648200000.0
2016,30,10,165,133,170150000.0
2016,30,10,165,144,178937121.0
2016,30,10,165,145,138000000.0
2016,30,10,166,133,210100000.0
2016,30,10,166,135,1208900.0
2016,30,10,166,144,565692310.0
2016,30,10,167,141,11923076.0
2016,30,10,167,142,19800000.0
2016,30,10,167,144,541949576.0
2016,30,10,167,145,274700000.0
2016,30,10,168,141,41800000.0
2016,30,10,168,144,467283333.0
2016,30,10,168,145,182400000.0
2016,30,10,169,133,18000000.0
2016,30,10,169,142,15000000.0
2016,30,10,169,144,1066412698.0
2016,30,10,169,145,143000000.0
2016,30,10,170,133,19000000.0
2016,30,10,170,144,256015129.0
2016,30,10,170,145,246443609.0
2016,30,10,240,123,62400000.0
2016,30,10,240,144,139500000.0
2016,30,11,171,133,45090439.0
2016,30,11,171,141,1297704574.0
2016,30,11,171,144,296753224.0
2016,30,11,171,145,98399723.0
2016,30,11,172,133,141801666.0
2016,30,11,172,137,18400000.0
2016,30,11,172,141,302520000.0
2016,30,11,172,144,6689002000.0
2016,30,11,172,145,379500674.0
2016,30,11,173,123,112074911.0
2016,30,11,173,133,1442065716.0
2016,30,11,173,141,1790373954.0
2016,30,11,173,144,8553843059.0
2016,30,11,174,133,17490000.0
2016,30,11,174,144,417660000.0
2016,30,11,175,123,1500000.0
2016,30,11,175,133,27800000.0
2016,30,11,175,135,4032883.0
2016,30,11,175,144,2175239819.0
2016,30,11,175,145,32000000.0
2016,30,11,176,133,149950000.0
2016,30,11,176,141,164132365.0
2016,30,11,176,144,2641224399.0
2016,30,11,176,145,382600000.0
2016,30,11,177,133,296792500.0
2016,30,11,177,141,648754506.0
2016,30,11,177,144,190926368.0
2016,30,11,178,133,30000000.0
2016,30,11,178,144,1293900000.0
2016,30,11,179,123,125931143.0
2016,30,11,179,131,85730687.0
2016,30,11,179,133,844483298.0
2016,30,11,179,141,1692046214.0
2016,30,11,179,144,9061225670.0
2016,30,11,179,145,1258865514.0
2016,30,11,180,123,22532040.0
2016,30,11,180,133,532800000.0
2016,30,11,180,144,5943557331.0
2016,30,11,181,135,73640793.0
2016,30,11,181,141,14400000.0
2016,30,11,181,144,347803334.0
2016,30,11,181,145,95800000.0
2016,30,11,182,123,4048220.0
2016,30,11,182,133,86900000.0
2016,30,11,182,141,2175288670.0
2016,30,11,182,144,1533200000.0
2016,30,11,182,145,376200000.0
2016,30,11,183,133,92160000.0
2016,30,11,183,136,24000000.0
2016,30,11,183,144,1725457933.0
2016,30,11,186,133,65826018.0
2016,30,11,186,144,926314415.0
2016,30,11,186,145,37900000.0
2016,30,11,187,125,7920000.0
2016,30,11,187,133,42900000.0
2016,30,11,187,141,116778000.0
2016,30,11,187,144,591703500.0
2016,30,11,187,145,53979000.0
2016,30,11,188,123,0.0
2016,30,11,188,144,1565554400.0
2016,30,11,188,145,67200000.0
2016,30,11,189,133,6400000.0
2016,30,11,189,141,8100000.0
2016,30,11,189,144,746153015.0
2016,30,11,189,145,26400000.0
2016,30,12,191,123,9705000.0
2016,30,12,191,134,1622515.0
2016,30,12,191,144,298495344.0
2016,30,12,191,145,3000000.0
2016,30,12,193,133,15255000.0
2016,30,12,193,144,215100000.0
2016,30,12,193,145,62500000.0
2016,30,12,194,144,112380000.0
2016,30,12,194,145,102000000.0
2016,30,12,195,125,11000000.0
2016,30,12,195,144,175200000.0
2016,30,12,196,144,119800000.0
2016,30,12,197,125,5000000.0
2016,30,12,197,144,109900000.0
2016,30,12,201,144,206150000.0
2016,30,12,202,144,60450000.0
2016,30,12,202,145,20000000.0
2016,30,12,203,144,31200000.0
2016,30,12,203,145,20000000.0
2016,30,12,204,144,117040000.0
2016,30,12,205,144,120880000.0
2016,30,13,206,123,263016079.0
2016,30,13,206,144,7377517351.0
2016,30,13,207,131,18540000.0
2016,30,13,207,133,6000000.0
2016,30,13,207,144,430280000.0
2016,30,13,208,133,4500000.0
2016,30,13,208,144,163744495.0
2016,30,13,208,145,5472165.0
2016,30,13,250,144,35400000.0
2016,30,13,250,145,3000000.0
2016,30,14,209,133,50600000.0
2016,30,14,209,135,720294346.0
2016,30,14,209,144,3904016653.0
2016,30,14,209,145,405055000.0
2016,30,14,211,123,2463230.0
2016,30,14,211,134,4321620.0
2016,30,14,211,141,7460041.0
2016,30,14,211,144,982097938.0
2016,30,14,211,145,162207692.0
2016,30,14,212,144,296372350.0
2016,30,14,212,145,26400000.0
2016,30,14,213,144,264700000.0
2016,30,14,213,145,165500000.0
2016,30,14,214,144,68880000.0
2016,30,14,214,145,24000000.0
2016,30,14,215,144,253540000.0
2016,30,14,215,145,5000000.0
2016,30,14,216,144,608677995.0
2016,30,14,216,145,103000000.0
2016,30,14,217,123,99012500.0
2016,30,14,217,133,155327000.0
2016,30,14,217,134,2915000.0
2016,30,14,217,135,5965082.0
2016,30,14,217,141,833873730.0
2016,30,14,217,144,354339000.0
2016,30,14,217,145,122221500.0
2016,30,14,219,122,24000000.0
2016,30,14,219,133,28000000.0
2016,30,14,219,144,796740384.0
2016,30,14,219,145,120600000.0
2016,30,14,244,144,362900000.0
2016,30,14,244,145,93580000.0
2016,30,14,247,144,165800000.0
2016,30,14,247,145,26000000.0
2016,30,15,220,123,823500.0
2016,30,15,220,133,103843916.0
2016,30,15,220,144,468175917.0
2016,30,15,220,145,132300000.0
2016,30,15,221,144,484590806.0
2016,30,15,221,145,121000000.0
2016,30,15,222,123,64530304.0
2016,30,15,222,125,31200000.0
2016,30,15,222,131,91547061.0
2016,30,15,222,133,5000000.0
2016,30,15,222,144,2191506691.0
2016,30,15,222,145,36000000.0
2016,30,15,223,144,222500000.0
2016,30,15,223,145,31800000.0
2016,30,15,229,123,1500000.0
2016,30,15,229,133,47032500.0
2016,30,15,229,144,195600450.0
2016,30,15,229,145,131775000.0
2016,30,15,233,144,336430000.0
2016,30,15,233,145,90500000.0
2016,30,16,228,133,366350000.0
2016,30,16,228,144,1325243333.0
2016,30,16,228,145,363200000.0
2016,30,16,230,133,408083308.0
2016,30,16,230,144,2491736662.0
2016,30,16,230,145,528404415.0
2016,30,16,231,133,87389334.0
2016,30,16,231,135,129718304.0
2016,30,16,231,141,40500000.0
2016,30,16,231,144,692941998.0
2016,30,16,231,145,201200000.0
2016,30,17,226,123,7920000.0
2016,30,17,226,141,44000000.0
2016,30,17,226,144,259042900.0
2016,30,17,227,144,228566000.0
2016,30,17,235,144,184971308.0
2016,40,1,1,122,58369760.0
2016,40,1,1,123,1325795472.0
2016,40,1,1,131,15223157591.0
2016,40,1,1,133,35428011412.0
2016,40,2,1,123,6116785058.0
2016,40,2,1,131,2507937468.0
2016,40,2,1,133,22501335245.0
2016,40,2,1,137,464454544.0
2016,40,2,1,145,24723231398.0
2016,40,3,1,123,92994170.0
2016,40,3,1,125,239423103.0
2016,40,3,1,131,149438421.0
2016,40,3,1,141,57200000.0
2016,40,3,1,144,59295360.0
2016,40,3,1,145,290244672.0
2017,11,1,1,123,150816536.0
2017,11,1,1,125,13644951.0
2017,11,1,1,131,1227000000.0
2017,11,1,1,133,3716397787.0
2017,11,1,1,137,484866661.0
2017,11,1,1,144,8356746130.0
2017,11,1,1,145,3244080548.0
2017,11,2,1,123,390045981.0
2017,11,2,1,131,2112000000.0
2017,11,2,1,133,8998537359.0
2017,11,2,1,137,3239083326.0
2017,11,2,1,144,7886231902.0
2017,11,2,1,145,2940362498.0
2017,11,3,1,123,1984722396.0
2017,11,3,1,131,2441477088.0
2017,11,3,1,133,6475395067.0
2017,11,3,1,137,2045758747.0
2017,11,3,1,144,17144563721.0
2017,11,3,1,145,15545094500.0
2017,11,3,1,148,7200000.0
2017,12,1,1,123,247386052.0
2017,12,1,1,125,42572287.0
2017,12,1,1,131,1070968132.0
2017,12,1,1,133,2910288609.0
2017,12,1,1,137,113916667.0
2017,12,1,1,141,534983653.0
2017,12,1,1,144,1864923334.0
2017,12,1,1,145,2479383195.0
2017,12,1,2,123,27552550.0
2017,12,1,2,125,45460515.0
2017,12,1,2,131,63811500.0
2017,12,1,2,133,3181745310.0
2017,12,1,2,137,11691180429.0
2017,12,1,2,144,61797566.0
2017,12,1,5,123,913492298.0
2017,12,1,5,125,154572016.0
2017,12,1,5,131,492000000.0
2017,12,1,5,133,2935274400.0
2017,12,1,5,137,74657778.0
2017,12,1,5,141,305317978.0
2017,12,1,5,144,1308802844.0
2017,12,1,5,145,2020111422.0
2017,12,1,6,123,86498640.0
2017,12,1,6,131,60741033.0
2017,12,1,6,133,512571804.0
2017,12,1,6,137,39000000.0
2017,12,1,6,144,202311840.0
2017,12,1,7,123,877409579.0
2017,12,1,7,131,383700000.0
2017,12,1,7,133,1438441540.0
2017,12,1,7,137,29724755.0
2017,12,1,7,141,6776053352.0
2017,12,1,7,144,2437857375.0
2017,12,1,7,145,2368754571.0
2017,12,1,11,131,1214787208.0
2017,12,1,11,133,7547993562.0
2017,12,1,11,137,1386041249.0
2017,12,1,11,142,12375000.0
2017,12,1,11,144,614247918.0
2017,12,1,11,145,71700000.0
2017,12,1,12,133,200306500.0
2017,12,1,12,145,91000000.0
2017,12,1,14,123,158537813.0
2017,12,1,14,125,11182535.0
2017,12,1,14,131,245624325.0
2017,12,1,14,133,1053619146.0
2017,12,1,14,137,26000000.0
2017,12,1,14,144,604811901.0
2017,12,1,14,145,873000624.0
2017,12,1,15,123,53095781.0
2017,12,1,15,131,307433333.0
2017,12,1,15,133,2335034971.0
2017,12,1,15,137,32775833.0
2017,12,1,15,144,138816933.0
2017,12,1,15,145,113830000.0
2017,12,1,16,123,450838900.0
2017,12,1,16,125,149097773.0
2017,12,1,16,131,811802661.0
2017,12,1,16,133,1613932836.0
2017,12,1,16,137,490232834.0
2017,12,1,16,141,6734143792.0
2017,12,1,16,144,24235506935.0
2017,12,1,16,145,14076090645.0
2017,12,1,17,123,37168823.0
2017,12,1,17,125,17599485.0
2017,12,1,17,131,144378318.0
2017,12,1,17,133,597599252.0
2017,12,1,17,137,51701677.0
2017,12,1,17,144,5317587210.0
2017,12,1,17,145,1179735815.0
2017,12,1,18,123,576990211.0
2017,12,1,18,125,252272628.0
2017,12,1,18,131,595580000.0
2017,12,1,18,133,2119896594.0
2017,12,1,18,137,166673000.0
2017,12,1,18,141,314682396.0
2017,12,1,18,144,2429548024.0
2017,12,1,18,145,2996387450.0
2017,12,1,19,123,230503412.0
2017,12,1,19,125,141589459.0
2017,12,1,19,131,340988562.0
2017,12,1,19,133,1290099871.0
2017,12,1,19,137,28307500.0
2017,12,1,19,141,567223904.0
2017,12,1,19,144,4355737389.0
2017,12,1,19,145,517210704.0
2017,12,1,20,123,10655396.0
2017,12,1,20,131,39151938.0
2017,12,1,20,133,865483477.0
2017,12,1,20,137,14300000.0
2017,12,1,20,144,164251846.0
2017,12,1,20,145,69083333.0
2017,12,1,21,123,391853423.0
2017,12,1,21,125,308914394.0
2017,12,1,21,131,370394000.0
2017,12,1,21,133,1593758983.0
2017,12,1,21,137,352812500.0
2017,12,1,21,141,1254548957.0
2017,12,1,21,144,653075698.0
2017,12,1,21,145,888720833.0
2017,12,1,23,123,28907104.0
2017,12,1,23,125,53931671.0
2017,12,1,23,131,104398000.0
2017,12,1,23,133,893263680.0
2017,12,1,23,141,856770617.0
2017,12,1,23,144,278296488.0
2017,12,1,23,145,744836085.0
2017,12,1,29,133,452460060.0
2017,12,1,29,137,53300000.0
2017,12,1,29,144,183034833.0
2017,12,1,29,145,42900000.0
2017,12,1,30,123,473115957.0
2017,12,1,30,131,239950000.0
2017,12,1,30,133,3032745650.0
2017,12,1,30,137,16070833.0
2017,12,1,30,141,1532139505.0
2017,12,1,30,142,2735663041.0
2017,12,1,30,144,1847334906.0
2017,12,1,30,145,57686250.0
2017,12,1,36,123,51448058.0
2017,12,1,36,125,16207797.0
2017,12,1,36,131,253100000.0
2017,12,1,36,133,805268954.0
2017,12,1,36,137,3575000.0
2017,12,1,36,141,83938120.0
2017,12,1,36,144,266925691.0
2017,12,1,36,145,252995700.0
2017,12,1,38,123,5910291.0
2017,12,1,38,133,498900152.0
2017,12,1,38,137,22776000.0
2017,12,1,38,144,453527872.0
2017,12,1,38,145,1623386472.0
2017,12,1,40,131,50000000.0
2017,12,1,40,133,541230080.0
2017,12,1,40,137,100750000.0
2017,12,1,40,144,92300000.0
2017,12,1,40,145,76960000.0
2017,12,1,41,123,76853712.0
2017,12,1,41,125,55926548.0
2017,12,1,41,133,1163473675.0
2017,12,1,41,137,24480000.0
2017,12,1,41,141,4294294663.0
2017,12,1,41,144,7186621692.0
2017,12,1,41,145,7788464279.0
2017,12,1,51,123,44264685.0
2017,12,1,51,125,28700153.0
2017,12,1,51,131,53190000.0
2017,12,1,51,133,347258035.0
2017,12,1,51,137,25083333.0
2017,12,1,51,144,377245545.0
2017,12,1,51,145,279974079.0
2017,12,1,52,123,129247840.0
2017,12,1,52,125,40170673.0
2017,12,1,52,131,237500000.0
2017,12,1,52,133,1134001450.0
2017,12,1,52,137,26000000.0
2017,12,1,52,141,462701682.0
2017,12,1,52,144,436360731.0
2017,12,1,52,145,610921440.0
2017,12,1,53,123,51943027.0
2017,12,1,53,131,51000000.0
2017,12,1,53,133,569649651.0
2017,12,1,53,137,205638334.0
2017,12,1,53,144,189246462.0
2017,12,1,53,145,63575000.0
2017,12,2,1,123,45351957.0
2017,12,2,1,131,229198600.0
2017,12,2,1,133,812024828.0
2017,12,2,1,137,415950000.0
2017,12,2,1,144,616267654.0
2017,12,3,1,123,2427548021.0
2017,12,3,1,125,575746358.0
2017,12,3,1,131,2275413150.0
2017,12,3,1,133,5796539541.0
2017,12,3,1,137,1254254132.0
2017,12,3,1,141,2436215658.0
2017,12,3,1,144,1771623816.0
2017,12,3,1,145,2224697720.0
2017,12,3,2,123,5282185644.0
2017,12,3,2,131,1116900000.0
2017,12,3,2,133,21390024641.0
2017,12,3,2,136,174256601470.0
2017,12,3,2,137,11016005027.0
2017,12,3,2,138,215001553994.0
2017,12,3,2,142,4018784162.0
2017,12,4,1,123,2028749718.0
2017,12,4,1,125,822433064.0
2017,12,4,1,131,1792115000.0
2017,12,4,1,133,8481051797.0
2017,12,4,1,134,406812447.0
2017,12,4,1,137,418200554.0
2017,12,4,1,144,2150673397.0
2017,12,4,1,145,1436912018.0
2017,12,4,1,146,24899592528.0
2017,12,4,1,148,328500000.0
2017,12,4,1,161,111223865726.0
2017,12,4,1,162,9372558694.0
2017,12,4,1,163,9915765894.0
2017,12,5,1,123,45070559.0
2017,12,5,1,125,39496402.0
2017,12,5,1,131,6939130000.0
2017,12,5,1,133,42047383131.0
2017,12,5,1,136,111244779023.0
2017,12,5,1,137,21921803070.0
2017,12,5,1,138,112217125807.0
2017,12,5,1,141,125720832.0
2017,12,5,1,142,3905901291.0
2017,12,5,1,144,4915568661.0
2017,12,5,1,145,745940000.0
2017,12,5,1,148,174304691.0
2017,12,5,1,162,6539059607.0
2017,12,5,1,163,544128630.0
2017,12,6,1,123,18141926053.0
2017,12,6,1,125,9494027723.0
2017,12,6,1,131,7744549354.0
2017,12,6,1,133,15251053330.0
2017,12,6,1,137,1341893596.0
2017,12,6,1,141,173631045.0
2017,12,6,1,144,12419465777.0
2017,12,6,1,145,17200446410.0
2017,12,7,1,123,4558113607.0
2017,12,7,1,125,2592072778.0
2017,12,7,1,131,77399720000.0
2017,12,7,1,132,392700854179.0
2017,12,7,1,133,18274375411.0
2017,12,7,1,137,775602370.0
2017,12,7,1,141,1672721369.0
2017,12,7,1,143,1502149772.0
2017,12,7,1,144,5635178684.0
2017,12,7,1,145,5528368186.0
2017,12,8,1,123,18311412747.0
2017,12,8,1,125,11191447726.0
2017,12,8,1,131,597318401.0
2017,12,8,1,133,170375785720.0
2017,12,8,1,137,1964251334.0
2017,12,8,1,141,768237222.0
2017,12,8,1,142,966046657981.0
2017,12,8,1,143,19103256926.0
2017,12,8,1,144,91790895753.0
2017,12,8,1,145,4242780118.0
2017,12,9,1,123,1251774915.0
2017,12,9,1,125,363542439.0
2017,12,9,1,131,4585364898.0
2017,12,9,1,133,21662835248.0
2017,12,9,1,137,492710832.0
2017,12,9,1,142,54058333.0
2017,12,9,1,144,14063172896.0
2017,12,9,1,145,854069834.0
2017,12,10,1,123,6693227964.0
2017,12,10,1,125,2545450279.0
2017,12,10,1,131,1638000000.0
2017,12,10,1,133,7003767075.0
2017,12,10,1,137,1349842321.0
2017,12,10,1,141,12178045025.0
2017,12,10,1,144,11610217891.0
2017,12,10,1,145,54416123038.0
2017,12,11,1,123,1624575648.0
2017,12,11,1,125,1159659981.0
2017,12,11,1,131,1429500000.0
2017,12,11,1,133,2845881191.0
2017,12,11,1,137,400702799.0
2017,12,11,1,141,96330000.0
2017,12,11,1,144,1527375423.0
2017,12,11,1,145,7187881142.0
2017,12,11,1,161,1236295885.0
2017,12,11,1,162,479042515.0
2017,12,11,1,163,144730718.0
2017,12,13,1,123,8593496255.0
2017,12,13,1,125,2112562264.0
2017,12,13,1,131,8173085331.0
2017,12,13,1,133,17562359073.0
2017,12,13,1,137,1026446330.0
2017,12,13,1,141,19120751647.0
2017,12,13,1,144,27566336536.0
2017,12,13,1,145,18202566829.0
2017,12,14,1,123,31926578.0
2017,12,14,1,125,2398537.0
2017,12,14,1,131,81800000.0
2017,12,14,1,133,939337977.0
2017,12,14,1,137,232945833.0
2017,12,14,1,144,1757610604.0
2017,12,14,1,145,3161815380.0
2017,12,16,1,123,2279829068.0
2017,12,16,1,125,796563653.0
2017,12,16,1,131,2745213247.0
2017,12,16,1,133,8122324810.0
2017,12,16,1,137,313494209.0
2017,12,16,1,141,4680157982.0
2017,12,16,1,144,8795683704.0
2017,12,16,1,145,10587914094.0
2017,12,16,1,148,28570367914.0
2017,13,1,1,123,5350587124.0
2017,13,1,1,131,891743528.0
2017,13,1,1,133,69023332405.0
2017,13,1,1,137,1721599200.0
2017,13,1,1,142,402163275.0
2017,13,1,1,144,24536030346.0
2017,13,1,1,145,16466156979.0
2017,13,2,1,123,8349904036.0
2017,13,2,1,125,3133304196.0
2017,13,2,1,131,4754276000.0
2017,13,2,1,133,49227830397.0
2017,13,2,1,137,654654822.0
2017,13,2,1,144,80412072919.0
2017,13,2,1,145,5125041230.0
2017,13,3,1,123,1885659836.0
2017,13,3,1,131,2099700000.0
2017,13,3,1,133,36342494872.0
2017,13,3,1,137,2637074680.0
2017,13,3,1,141,1098828066.0
2017,13,3,1,144,12570230741.0
2017,13,3,1,145,5958702711.0
2017,13,4,1,123,224762604.0
2017,13,4,1,125,90428292.0
2017,13,4,1,133,2244430699.0
2017,13,4,1,137,249600000.0
2017,13,4,1,141,15380000.0
2017,13,4,1,143,4000000.0
2017,13,4,1,144,1432274744.0
2017,13,4,1,145,576921310.0
2017,13,4,1,148,1402800000.0
2017,13,5,1,123,562906838.0
2017,13,5,1,125,210488437.0
2017,13,5,1,133,6060490957.0
2017,13,5,1,137,198087497.0
2017,13,5,1,144,857766665.0
2017,13,5,1,145,1756500000.0
2017,13,6,1,123,1391945789.0
2017,13,6,1,131,173973413.0
2017,13,6,1,133,1182102091.0
2017,13,6,1,137,471477778.0
2017,13,6,1,144,11323321567.0
2017,13,6,1,145,6172267767.0
2017,13,7,1,133,253944103.0
2017,13,7,1,144,15165385.0
2017,14,1,1,123,1478758551.0
2017,14,1,1,125,1441427796.0
2017,14,1,1,131,666200000.0
2017,14,1,1,133,4064982627.0
2017,14,1,1,137,302213162.0
2017,14,1,1,144,1202284883.0
2017,14,1,1,145,1278645129.0
2017,15,1,1,133,413985268.0
2017,15,1,1,144,1361054176.0
2017,15,1,1,145,544715490.0
2017,15,2,1,133,716879080.0
2017,15,2,1,145,84600000.0
2017,21,1,1,123,501563702.0
2017,21,1,1,125,302991288.0
2017,21,1,1,131,24614458359.0
2017,21,1,1,133,17239065209.0
2017,21,1,1,142,94296336.0
2017,21,1,1,145,1311150586.0
2017,22,1,1,123,27257977.0
2017,22,1,1,133,138500000.0
2017,22,1,1,141,257226800.0
2017,22,1,1,144,890950860.0
2017,22,1,1,145,220560000.0
2017,22,2,1,123,1083973.0
2017,22,2,1,133,216828000.0
2017,22,2,1,144,173512332.0
2017,22,2,1,145,149000000.0
2017,22,3,1,133,422672759.0
2017,22,3,1,137,74258256.0
2017,22,3,1,142,74200000.0
2017,22,3,1,144,975918588.0
2017,22,3,1,145,326200000.0
2017,22,4,1,133,123546478.0
2017,22,4,1,144,1621831071.0
2017,22,4,1,145,476197959.0
2017,22,4,1,147,102000000.0
2017,22,5,1,144,1199200000.0
2017,22,5,1,145,435028000.0
2017,22,6,1,131,6055000.0
2017,22,6,1,133,465304136.0
2017,22,6,1,141,30304624.0
2017,22,6,1,144,1705365193.0
2017,22,6,1,145,291323076.0
2017,22,7,1,123,9909993.0
2017,22,7,1,133,178339098.0
2017,22,7,1,142,178044660.0
2017,22,7,1,144,2511853315.0
2017,22,7,1,145,316688660.0
2017,22,8,1,131,2660000.0
2017,22,8,1,133,4000000.0
2017,22,8,1,141,25600000.0
2017,22,8,1,144,735360624.0
2017,22,8,1,145,137508628.0
2017,22,9,1,133,3878280.0
2017,22,9,1,144,2191508950.0
2017,22,9,1,145,230850000.0
2017,22,10,1,141,1540844340.0
2017,22,10,1,144,1647762900.0
2017,22,10,1,145,394454640.0
2017,22,11,1,133,532500000.0
2017,22,11,1,141,608100000.0
2017,22,11,1,144,372107220.0
2017,22,11,1,145,340900000.0
2017,22,12,1,131,1225000.0
2017,22,12,1,133,339704297.0
2017,22,12,1,144,874044999.0
2017,22,12,1,145,41140000.0
2017,22,13,1,123,87242296.0
2017,22,13,1,133,476543005.0
2017,22,13,1,137,70544457.0
2017,22,13,1,141,697659682.0
2017,22,13,1,142,390000000.0
2017,22,13,1,144,1095742138.0
2017,22,13,1,145,798571028.0
2017,22,13,1,147,821700000.0
2017,22,14,1,144,1130139158.0
2017,22,14,1,145,72000000.0
2017,22,15,1,123,75600000.0
2017,22,15,1,132,2400000.0
2017,22,15,1,133,174035362.0
2017,22,15,1,141,65400000.0
2017,22,15,1,144,1104392893.0
2017,22,15,1,145,143400000.0
2017,22,16,1,123,140521988.0
2017,22,16,1,133,806774904.0
2017,22,16,1,142,1371090914.0
2017,22,16,1,144,1565830730.0
2017,22,16,1,145,930280548.0
2017,22,17,1,123,77871372.0
2017,22,17,1,125,0.0
2017,22,17,1,133,457834356.0
2017,22,17,1,141,0.0
2017,22,17,1,144,0.0
2017,22,17,1,145,0.0
2017,23,1,1,123,621974190.0
2017,23,1,1,125,75358819.0
2017,23,1,1,131,6295300000.0
2017,23,1,1,133,2054979266.0
2017,23,1,1,144,1540902861.0
2017,23,1,1,145,733579530.0
2017,23,3,1,133,5435117362.0
2017,23,3,1,137,210350000.0
2017,23,3,1,141,632539660.0
2017,23,3,1,144,2203317625.0
2017,23,3,1,145,1072848455.0
2017,23,4,1,123,36046476.0
2017,23,4,1,131,391623838.0
2017,23,4,1,133,2773265897.0
2017,23,4,1,144,266745106.0
2017,23,4,1,145,261021098.0
2017,23,6,1,123,87645390.0
2017,23,6,1,133,1193945978.0
2017,23,6,1,141,130000000.0
2017,23,6,1,144,312595487.0
2017,23,6,1,145,107400000.0
2017,23,8,1,141,69347253.0
2017,23,8,1,144,34079641.0
2017,23,8,1,145,70091667.0
2017,23,9,1,133,1212946814.0
2017,23,10,1,131,464653400.0
2017,23,10,1,133,2310929400.0
2017,23,10,1,141,2065101300.0
2017,23,11,1,131,15200000.0
2017,23,11,1,133,1138150631.0
2017,23,11,1,137,26040000.0
2017,23,11,1,144,1374586142.0
2017,23,11,1,145,143583616.0
2017,23,13,1,133,2529558335.0
2017,23,13,1,144,651434500.0
2017,23,13,1,145,852031533.0
2017,23,14,1,123,384047342.0
2017,23,14,1,131,425099934.0
2017,23,14,1,133,1193115938.0
2017,23,14,1,144,891131456.0
2017,23,14,1,145,730531798.0
2017,23,15,1,122,8078416673.0
2017,23,15,1,123,9363510594.0
2017,23,15,1,131,8117026863.0
2017,23,15,1,133,7845705116.0
2017,23,15,1,137,826487796.0
2017,23,15,1,144,4082107199.0
2017,23,15,1,145,2934612228.0
2017,23,16,1,123,8152065463.0
2017,23,16,1,133,14509381447.0
2017,23,16,1,144,2646966834.0
2017,23,16,1,145,1564978000.0
2017,23,17,1,123,30716393.0
2017,23,17,1,131,266666.0
2017,23,17,1,133,514038532.0
2017,23,17,1,137,0.0
2017,23,17,1,141,282228341.0
2017,23,17,1,144,67955337.0
2017,23,18,1,122,790316511.0
2017,23,18,1,123,1589215231.0
2017,23,18,1,125,555825055.0
2017,23,18,1,131,1464264141.0
2017,23,18,1,133,3444516883.0
2017,23,18,1,137,26000000.0
2017,23,18,1,141,1955515679.0
2017,23,18,1,144,2825432302.0
2017,23,18,1,145,4123474957.0
2017,23,19,1,123,1055775606.0
2017,23,19,1,125,731319759.0
2017,23,19,1,133,1912419421.0
2017,23,19,1,144,1734122714.0
2017,23,19,1,145,2733402986.0
2017,23,20,1,122,74999984.0
2017,23,20,1,123,297967952.0
2017,23,20,1,125,63707680.0
2017,23,20,1,131,243757000.0
2017,23,20,1,133,1921041361.0
2017,23,20,1,141,516091165.0
2017,23,20,1,144,1528651669.0
2017,23,20,1,145,476531251.0
2017,23,21,1,123,517004158.0
2017,23,21,1,125,259694413.0
2017,23,21,1,133,4564634610.0
2017,23,21,1,137,48880000.0
2017,23,21,1,144,1266433195.0
2017,23,21,1,145,205658182.0
2017,23,22,1,122,36000000.0
2017,23,22,1,123,757549859.0
2017,23,22,1,125,223869050.0
2017,23,22,1,131,575000000.0
2017,23,22,1,133,2125488794.0
2017,23,22,1,137,85799993.0
2017,23,22,1,141,424577086.0
2017,23,22,1,144,5094735774.0
2017,23,22,1,145,1410548047.0
2017,23,23,1,123,1209328590.0
2017,23,23,1,125,491763408.0
2017,23,23,1,131,412200000.0
2017,23,23,1,133,6214073511.0
2017,23,23,1,137,868874066.0
2017,23,23,1,144,6138800891.0
2017,23,23,1,145,14341493917.0
2017,23,24,1,123,860263485.0
2017,23,24,1,125,58189555.0
2017,23,24,1,133,2444607384.0
2017,23,24,1,137,39000000.0
2017,23,24,1,141,3237834395.0
2017,23,24,1,144,4455717740.0
2017,23,24,1,145,408144000.0
2017,23,25,1,123,442274413.0
2017,23,25,1,125,271973181.0
2017,23,25,1,131,745300000.0
2017,23,25,1,133,3202243310.0
2017,23,25,1,137,84500000.0
2017,23,25,1,141,28889997.0
2017,23,25,1,145,284230879.0
2017,23,26,1,123,103128887.0
2017,23,26,1,125,51559140.0
2017,23,26,1,131,49000000.0
2017,23,26,1,133,965475011.0
2017,23,27,1,123,50979131.0
2017,23,27,1,125,1404765.0
2017,23,27,1,131,7500000.0
2017,23,27,1,133,140106341.0
2017,23,28,1,123,48710979.0
2017,23,28,1,131,37632000.0
2017,23,28,1,133,588277662.0
2017,23,28,1,144,121368196.0
2017,23,28,1,145,593301019.0
2017,23,29,1,123,20842476.0
2017,23,29,1,125,10145122.0
2017,23,29,1,132,150000.0
2017,23,29,1,133,275454073.0
2017,23,29,1,145,43828823.0
2017,23,30,1,123,257479312.0
2017,23,30,1,125,147500730.0
2017,23,30,1,133,858146924.0
2017,23,30,1,144,31860375.0
2017,23,30,1,145,82372725.0
2017,23,31,1,133,274710466.0
2017,24,1,1,123,5085655894.0
2017,24,1,1,125,21857019863.0
2017,24,1,1,131,19842513038.0
2017,24,1,1,133,117393386953.0
2017,24,1,1,137,1574078647.0
2017,24,1,1,142,103651653235.0
2017,24,1,1,143,2109342914.0
2017,24,1,1,144,14971191514.0
2017,24,1,1,145,1118465159.0
2017,24,2,1,123,3756646.0
2017,24,2,1,131,3437884.0
2017,24,3,1,123,150326136.0
2017,24,3,1,125,9681366.0
2017,24,3,1,131,726534969.0
2017,24,3,1,133,3407726865.0
2017,24,3,1,134,856672362.0
2017,24,3,1,141,100439902.0
2017,24,3,1,144,144417203.0
2017,24,4,1,123,502528939.0
2017,24,4,1,131,923128626.0
2017,24,4,1,133,2389651309.0
2017,24,4,1,144,1819741995.0
2017,24,5,1,123,66910193.0
2017,24,5,1,131,15435000.0
2017,24,5,1,132,106367.0
2017,24,5,1,133,2346595539.0
2017,24,5,1,141,27500000.0
2017,24,5,1,142,36300000.0
2017,24,5,1,144,1018052315.0
2017,24,5,1,145,356010000.0
2017,25,2,1,122,4474271422.0
2017,25,2,1,123,36051748334.0
2017,25,2,1,125,16576753910.0
2017,25,2,1,131,87072482830.0
2017,25,2,1,133,185131194171.0
2017,25,2,1,137,785600000.0
2017,25,2,1,141,33846008452.0
2017,25,2,1,144,1704052419.0
2017,25,2,1,145,804000000.0
2017,25,4,1,122,74942000.0
2017,25,4,1,123,1026827198.0
2017,25,4,1,131,537088324.0
2017,25,4,1,133,4337207504.0
2017,25,4,1,144,2832732234.0
2017,25,4,1,145,151074167.0
2017,25,5,1,122,1039026680.0
2017,25,5,1,131,180180000.0
2017,25,5,1,133,5387420345.0
2017,25,5,1,141,10582548888.0
2017,25,5,1,145,928600000.0
2017,25,6,1,122,102000000.0
2017,25,6,1,123,756716843.0
2017,25,6,1,125,2066332698.0
2017,25,6,1,131,2366167436.0
2017,25,6,1,133,27448013346.0
2017,25,6,1,141,76638505.0
2017,25,6,1,142,112552927.0
2017,25,6,1,144,8421639043.0
2017,25,6,1,145,1256080125.0
2017,25,7,1,123,3210936016.0
2017,25,7,1,125,2321565486.0
2017,25,7,1,131,5012648038.0
2017,25,7,1,133,12764815808.0
2017,25,7,1,142,216598205.0
2017,25,7,1,144,8659586952.0
2017,25,7,1,145,978792275.0
2017,27,1,1,122,1479507520.0
2017,27,1,1,123,1403157408.0
2017,27,1,1,125,231421797.0
2017,27,1,1,131,26903779453.0
2017,27,1,1,133,18743894750.0
2017,27,1,1,141,1263240078.0
2017,27,1,1,144,7831776152.0
2017,27,1,1,145,1057488835.0
2017,27,3,1,122,88669609.0
2017,27,3,1,123,616124932.0
2017,27,3,1,125,28769102.0
2017,27,3,1,131,1559446800.0
2017,27,3,1,133,1395411189.0
2017,27,3,1,135,1480349008.0
2017,27,3,1,144,793561416.0
2017,27,3,1,145,576048631.0
2017,27,4,1,122,8000000.0
2017,27,4,1,123,8801818.0
2017,27,4,1,131,612000000.0
2017,27,4,1,133,1351799054.0
2017,27,4,1,134,572748384.0
2017,27,4,1,135,21400000.0
2017,27,4,1,137,31800000.0
2017,27,4,1,144,156352800.0
2017,27,4,1,145,17500000.0
2017,27,5,1,133,280125999.0
2017,27,5,1,144,37685424.0
2017,27,7,1,123,12317197.0
2017,27,7,1,131,1004400000.0
2017,27,7,1,133,4052374860.0
2017,27,7,1,144,106002057.0
2017,27,7,1,145,984633545.0
2017,28,1,1,123,3227123031.0
2017,28,1,1,125,960262216.0
2017,28,1,1,131,10365456056.0
2017,28,1,1,133,69301782906.0
2017,28,1,1,137,7480320.0
2017,28,1,1,141,3575885180.0
2017,28,1,1,142,23638883755.0
2017,28,1,1,143,1072427726.0
2017,28,1,1,144,23022172589.0
2017,28,1,1,145,19842286436.0
2017,28,1,1,148,5684261413.0
2017,28,2,1,123,65403269.0
2017,28,2,1,125,25291127.0
2017,28,2,1,131,111216100.0
2017,28,2,1,133,3262464823.0
2017,28,2,1,143,75500000.0
2017,28,2,1,144,3745376114.0
2017,28,2,1,145,2049348336.0
2017,28,3,1,123,45592273.0
2017,28,3,1,125,19989434.0
2017,28,3,1,131,2905000.0
2017,28,3,1,133,2888959437.0
2017,28,3,1,141,84043632.0
2017,28,3,1,143,98300000.0
2017,28,3,1,144,869956484.0
2017,28,3,1,145,46690908.0
2017,28,4,1,123,28654881.0
2017,28,4,1,125,32876494.0
2017,28,4,1,131,6343750.0
2017,28,4,1,132,45000.0
2017,28,4,1,133,782030182.0
2017,28,4,1,141,3000000.0
2017,28,4,1,143,20071249.0
2017,28,4,1,144,2873128023.0
2017,28,4,1,145,120934995.0
2017,28,4,1,148,277361329.0
2017,28,5,1,131,4149600.0
2017,28,5,1,133,419650800.0
2017,28,5,1,141,274271862.0
2017,28,5,1,143,426887500.0
2017,28,5,1,144,676355993.0
2017,28,6,1,133,526598508.0
2017,28,6,1,144,426000000.0
2017,28,6,1,145,46200000.0
2017,28,7,1,133,368156986.0
2017,28,7,1,144,26088660.0
2017,28,7,1,145,224725020.0
2017,28,8,1,123,16388702.0
2017,28,8,1,125,10229080.0
2017,28,8,1,131,5600000.0
2017,28,8,1,133,222012330.0
2017,28,8,1,144,203941579.0
2017,30,1,3,133,24500000.0
2017,30,1,3,144,388100000.0
2017,30,1,4,133,72450000.0
2017,30,1,4,144,769775000.0
2017,30,1,4,145,50820000.0
2017,30,1,5,123,198548229.0
2017,30,1,5,144,265600000.0
2017,30,1,5,145,30000000.0
2017,30,1,6,133,13312500.0
2017,30,1,6,144,211200000.0
2017,30,1,7,144,15600000.0
2017,30,1,238,144,238000000.0
2017,30,1,241,144,322800000.0
2017,30,1,249,144,215600000.0
2017,30,1,524,144,71900000.0
2017,30,1,524,145,9100000.0
2017,30,2,8,132,25700000.0
2017,30,2,8,133,9200000.0
2017,30,2,8,135,6411925.0
2017,30,2,8,144,870052000.0
2017,30,2,8,145,87500000.0
2017,30,2,12,131,14300000.0
2017,30,2,12,144,152475600.0
2017,30,2,13,144,128800000.0
2017,30,2,13,145,48000000.0
2017,30,2,14,144,129800000.0
2017,30,2,14,145,12000000.0
2017,30,2,15,144,501396000.0
2017,30,2,16,144,236040000.0
2017,30,2,16,145,0.0
2017,30,2,17,144,13950000.0
2017,30,2,18,144,338000000.0
2017,30,2,18,145,291500000.0
2017,30,2,19,144,223400000.0
2017,30,2,19,145,101800000.0
2017,30,2,20,123,11650000.0
2017,30,2,20,133,1000000.0
2017,30,2,20,144,86800000.0
2017,30,2,20,145,93958326.0
2017,30,2,22,144,418400000.0
2017,30,2,22,145,42000000.0
2017,30,2,23,144,119062754.0
2017,30,2,24,144,383800000.0
2017,30,2,24,145,114000000.0
2017,30,2,25,144,384820000.0
2017,30,2,25,145,74820000.0
2017,30,2,26,144,697431552.0
2017,30,2,26,145,0.0
2017,30,2,239,135,12000000.0
2017,30,2,239,144,240600000.0
2017,30,2,239,145,24000000.0
2017,30,2,253,144,61500000.0
2017,30,2,253,145,5400000.0
2017,30,3,27,133,86850000.0
2017,30,3,27,141,1269455639.0
2017,30,3,27,144,1032658253.0
2017,30,3,28,133,10770000.0
2017,30,3,28,141,51450000.0
2017,30,3,28,144,78600000.0
2017,30,3,29,133,28400000.0
2017,30,3,29,144,561190000.0
2017,30,3,29,145,126500000.0
2017,30,3,30,133,49600000.0
2017,30,3,30,144,448627600.0
2017,30,3,31,144,186365000.0
2017,30,3,32,144,506717590.0
2017,30,3,33,135,18243548.0
2017,30,3,33,144,1017645862.0
2017,30,3,33,145,101150000.0
2017,30,3,34,144,150800000.0
2017,30,3,34,145,16500000.0
2017,30,3,35,133,66000000.0
2017,30,3,35,144,410450000.0
2017,30,3,35,145,198700000.0
2017,30,3,36,141,118400000.0
2017,30,3,36,145,95000000.0
2017,30,3,37,144,252356500.0
2017,30,3,37,145,285600000.0
2017,30,3,39,133,460025.0
2017,30,3,39,144,128960000.0
2017,30,3,41,144,190977696.0
2017,30,3,42,133,120800000.0
2017,30,3,42,141,905375000.0
2017,30,3,42,144,618900000.0
2017,30,3,43,144,165200000.0
2017,30,3,44,133,27500000.0
2017,30,3,44,144,820670000.0
2017,30,3,44,145,100000000.0
2017,30,3,45,144,405140000.0
2017,30,3,46,144,87260000.0
2017,30,4,47,133,403200000.0
2017,30,4,47,144,3618606455.0
2017,30,4,48,144,103750000.0
2017,30,4,49,144,863700000.0
2017,30,4,50,144,178800000.0
2017,30,4,50,145,159500000.0
2017,30,4,51,133,3600000.0
2017,30,4,51,144,173800000.0
2017,30,4,53,137,7000000.0
2017,30,4,53,144,250650000.0
2017,30,4,53,145,58520000.0
2017,30,4,54,133,3120000.0
2017,30,4,54,141,24438000.0
2017,30,4,54,144,149233166.0
2017,30,4,54,145,85800000.0
2017,30,4,55,144,391070000.0
2017,30,4,56,144,204600000.0
2017,30,4,56,145,10000000.0
2017,30,4,57,123,2400000.0
2017,30,4,57,144,231720000.0
2017,30,4,58,144,94936500.0
2017,30,4,59,144,107410000.0
2017,30,4,60,144,1058410000.0
2017,30,4,61,144,192000000.0
2017,30,4,61,145,60000000.0
2017,30,4,62,144,74650000.0
2017,30,4,234,144,301640000.0
2017,30,4,234,145,105600000.0
2017,30,5,64,141,337610000.0
2017,30,5,64,144,2019140100.0
2017,30,5,64,145,4000000.0
2017,30,5,65,123,109448696.0
2017,30,5,65,133,99500000.0
2017,30,5,65,135,83611899.0
2017,30,5,65,141,95900000.0
2017,30,5,65,144,2840129993.0
2017,30,5,65,145,267649081.0
2017,30,5,66,144,189900000.0
2017,30,5,67,133,13800000.0
2017,30,5,67,144,189020703.0
2017,30,5,68,133,17285609.0
2017,30,5,68,144,190800000.0
2017,30,5,69,144,426373867.0
2017,30,5,70,123,10110809.0
2017,30,5,70,135,800000.0
2017,30,5,70,144,426445879.0
2017,30,5,70,145,122844913.0
2017,30,5,72,144,235000000.0
2017,30,5,73,133,109400000.0
2017,30,5,73,144,368833333.0
2017,30,5,73,145,93600000.0
2017,30,5,74,133,0.0
2017,30,5,74,135,0.0
2017,30,5,74,144,12240000.0
2017,30,5,74,145,0.0
2017,30,5,75,144,1162800000.0
2017,30,5,76,144,829246750.0
2017,30,5,77,123,24540000.0
2017,30,5,77,144,225261667.0
2017,30,5,77,145,45000000.0
2017,30,5,78,133,25200000.0
2017,30,5,78,134,13740000.0
2017,30,5,78,142,18000000.0
2017,30,5,78,144,223400000.0
2017,30,5,78,145,34200000.0
2017,30,5,79,133,6000000.0
2017,30,5,79,144,232300000.0
2017,30,5,81,144,253900000.0
2017,30,5,81,145,44500000.0
2017,30,5,82,133,15390000.0
2017,30,5,82,144,260200000.0
2017,30,5,82,145,26000000.0
2017,30,5,83,133,900000.0
2017,30,5,83,144,201230000.0
2017,30,5,233,123,6500000.0
2017,30,5,233,144,300350000.0
2017,30,5,233,145,138000000.0
2017,30,5,243,123,3800000.0
2017,30,5,243,133,12000000.0
2017,30,5,243,144,130910500.0
2017,30,5,243,145,137158764.0
2017,30,6,84,133,0.0
2017,30,6,84,144,0.0
2017,30,6,85,144,485000000.0
2017,30,6,86,133,0.0
2017,30,6,86,144,0.0
2017,30,6,86,145,0.0
2017,30,6,87,144,0.0
2017,30,6,88,144,2510720000.0
2017,30,6,88,145,500500000.0
2017,30,6,89,123,7531128.0
2017,30,6,89,135,1224204.0
2017,30,6,89,144,132400000.0
2017,30,6,89,145,12500000.0
2017,30,6,90,144,530550000.0
2017,30,6,90,145,60000000.0
2017,30,6,91,144,318900000.0
2017,30,6,92,144,351620000.0
2017,30,6,92,145,81609577.0
2017,30,6,93,123,0.0
2017,30,6,93,144,925825000.0
2017,30,6,245,144,25200000.0
2017,30,6,245,145,18720000.0
2017,30,7,94,123,37320025.0
2017,30,7,94,133,1891142468.0
2017,30,7,94,135,64810485.0
2017,30,7,94,137,115640500.0
2017,30,7,94,141,5466575973.0
2017,30,7,94,142,994976525.0
2017,30,7,94,144,17577116282.0
2017,30,7,94,145,1372071168.0
2017,30,7,95,123,15161432.0
2017,30,7,95,133,21904147.0
2017,30,7,95,134,7114121.0
2017,30,7,95,141,42076125.0
2017,30,7,95,144,871699915.0
2017,30,7,95,145,343879987.0
2017,30,7,96,123,34177505.0
2017,30,7,96,131,14910000.0
2017,30,7,96,133,656993416.0
2017,30,7,96,134,24631048.0
2017,30,7,96,137,114230605.0
2017,30,7,96,141,318449666.0
2017,30,7,96,144,1554242010.0
2017,30,7,96,145,208800000.0
2017,30,7,97,133,50160000.0
2017,30,7,97,144,611960000.0
2017,30,7,97,145,168180000.0
2017,30,7,98,133,136700000.0
2017,30,7,98,141,92500000.0
2017,30,7,98,144,758390000.0
2017,30,7,98,145,152200000.0
2017,30,7,99,144,291900000.0
2017,30,7,99,145,15000000.0
2017,30,7,100,133,27250000.0
2017,30,7,100,144,978071223.0
2017,30,7,100,145,72000000.0
2017,30,7,101,131,19598000.0
2017,30,7,101,133,22800000.0
2017,30,7,101,137,18090000.0
2017,30,7,101,141,41000000.0
2017,30,7,101,144,979400000.0
2017,30,7,101,145,26500000.0
2017,30,7,102,142,138000000.0
2017,30,7,102,144,857456252.0
2017,30,7,102,145,136600000.0
2017,30,7,103,131,2475000.0
2017,30,7,103,133,43065000.0
2017,30,7,103,144,460101000.0
2017,30,7,104,133,157300000.0
2017,30,7,104,143,60450000.0
2017,30,7,104,144,449569094.0
2017,30,7,104,145,150316667.0
2017,30,7,105,144,903090000.0
2017,30,7,105,145,98550000.0
2017,30,7,106,144,375905000.0
2017,30,7,107,133,161789691.0
2017,30,7,107,144,1137993468.0
2017,30,7,107,145,196394115.0
2017,30,7,108,144,279310000.0
2017,30,7,108,145,41400000.0
2017,30,7,109,123,0.0
2017,30,7,109,144,382157000.0
2017,30,7,110,133,9218173.0
2017,30,7,110,144,872184672.0
2017,30,7,110,145,188900000.0
2017,30,7,111,144,411258066.0
2017,30,7,111,145,158300000.0
2017,30,7,112,133,14600000.0
2017,30,7,112,144,422835000.0
2017,30,7,113,133,43400000.0
2017,30,7,113,144,800750000.0
2017,30,7,114,123,23560000.0
2017,30,7,114,134,5170000.0
2017,30,7,114,135,5000000.0
2017,30,7,114,141,79050000.0
2017,30,7,114,143,51200000.0
2017,30,7,114,144,982486000.0
2017,30,7,114,145,212807693.0
2017,30,7,116,123,978000.0
2017,30,7,116,133,30200000.0
2017,30,7,116,135,11316666.0
2017,30,7,116,141,23400000.0
2017,30,7,116,142,10400000.0
2017,30,7,116,144,524475318.0
2017,30,7,116,145,297141665.0
2017,30,7,117,125,4133339.0
2017,30,7,117,133,8500000.0
2017,30,7,117,134,51740957.0
2017,30,7,117,135,28372700.0
2017,30,7,117,141,148750000.0
2017,30,7,117,144,1714997528.0
2017,30,7,117,145,110500000.0
2017,30,7,118,133,25800000.0
2017,30,7,118,142,60200000.0
2017,30,7,118,143,30000000.0
2017,30,7,118,144,398630000.0
2017,30,7,118,145,60000000.0
2017,30,7,119,123,8084322.0
2017,30,7,119,134,1770323.0
2017,30,7,119,144,385263612.0
2017,30,7,119,145,116482000.0
2017,30,7,120,133,9800000.0
2017,30,7,120,144,618108085.0
2017,30,7,120,145,106808333.0
2017,30,7,121,133,61700000.0
2017,30,7,121,141,146160000.0
2017,30,7,121,144,1021744895.0
2017,30,7,121,145,127200000.0
2017,30,7,122,123,10452147.0
2017,30,7,122,125,2407000.0
2017,30,7,122,133,18150000.0
2017,30,7,122,141,285065000.0
2017,30,7,122,142,31000000.0
2017,30,7,122,144,566998443.0
2017,30,7,122,145,329155170.0
2017,30,7,123,133,6480000.0
2017,30,7,123,144,382660620.0
2017,30,7,123,145,163400000.0
2017,30,8,124,123,1076924.0
2017,30,8,124,133,28700000.0
2017,30,8,124,144,845836600.0
2017,30,8,125,123,622005.0
2017,30,8,125,133,94000000.0
2017,30,8,125,134,35796000.0
2017,30,8,125,141,40100000.0
2017,30,8,125,144,1532507066.0
2017,30,8,125,145,158685574.0
2017,30,8,126,133,53250000.0
2017,30,8,126,141,39480000.0
2017,30,8,126,144,1942420942.0
2017,30,8,126,145,325841667.0
2017,30,8,127,133,6000000.0
2017,30,8,127,144,204870000.0
2017,30,8,127,145,31560000.0
2017,30,8,129,144,71300000.0
2017,30,8,129,145,7100000.0
2017,30,8,130,144,1154879499.0
2017,30,8,130,145,116860000.0
2017,30,8,131,133,24550000.0
2017,30,8,131,135,6785500.0
2017,30,8,131,141,20800000.0
2017,30,8,131,144,345400000.0
2017,30,8,131,145,55900000.0
2017,30,8,132,144,419120000.0
2017,30,9,134,133,65000000.0
2017,30,9,134,144,962300000.0
2017,30,9,134,145,139200000.0
2017,30,9,136,144,577246667.0
2017,30,9,136,145,96000000.0
2017,30,9,137,144,247106665.0
2017,30,9,137,145,54000000.0
2017,30,9,138,141,941147000.0
2017,30,9,138,144,29095148.0
2017,30,9,139,144,330139000.0
2017,30,9,140,133,33900000.0
2017,30,9,140,144,255900000.0
2017,30,9,140,145,50500000.0
2017,30,9,141,133,33100000.0
2017,30,9,141,135,17151899.0
2017,30,9,141,144,231300000.0
2017,30,9,141,145,39800000.0
2017,30,9,142,123,10415127.0
2017,30,9,142,133,52150000.0
2017,30,9,142,144,441735000.0
2017,30,9,142,145,126200000.0
2017,30,9,143,133,18000000.0
2017,30,9,143,144,430400000.0
2017,30,9,143,145,87000000.0
2017,30,9,144,133,16200000.0
2017,30,9,144,144,185602000.0
2017,30,9,145,133,48600000.0
2017,30,9,145,144,114390000.0
2017,30,9,145,145,17000000.0
2017,30,9,146,133,19200000.0
2017,30,9,146,144,109400000.0
2017,30,9,146,145,42500000.0
2017,30,9,148,141,52800000.0
2017,30,9,148,144,526909000.0
2017,30,9,148,145,84000000.0
2017,30,9,149,123,11265000.0
2017,30,9,149,133,55350000.0
2017,30,9,149,144,457800000.0
2017,30,9,150,133,37680000.0
2017,30,9,150,144,123300000.0
2017,30,9,150,145,105600000.0
2017,30,10,151,123,69097800.0
2017,30,10,151,133,1305650320.0
2017,30,10,151,137,126500000.0
2017,30,10,151,142,1861274740.0
2017,30,10,151,144,29291350730.0
2017,30,10,152,133,86200000.0
2017,30,10,152,141,21600000.0
2017,30,10,152,144,3833880766.0
2017,30,10,153,133,56400000.0
2017,30,10,153,144,566250000.0
2017,30,10,153,145,18000000.0
2017,30,10,154,144,747875000.0
2017,30,10,154,145,112500000.0
2017,30,10,155,123,19778811.0
2017,30,10,155,133,327000000.0
2017,30,10,155,144,6176527302.0
2017,30,10,155,145,124800000.0
2017,30,10,156,133,25415112.0
2017,30,10,156,144,353338116.0
2017,30,10,156,145,157024709.0
2017,30,10,157,133,22800000.0
2017,30,10,157,144,888346585.0
2017,30,10,157,145,107177400.0
2017,30,10,158,133,17800000.0
2017,30,10,158,144,326500000.0
2017,30,10,158,145,44000000.0
2017,30,10,159,133,28783055.0
2017,30,10,159,144,248790000.0
2017,30,10,159,145,159600000.0
2017,30,10,160,133,18000000.0
2017,30,10,160,144,475546128.0
2017,30,10,160,145,187200000.0
2017,30,10,161,133,10400000.0
2017,30,10,161,144,772772136.0
2017,30,10,161,145,82050000.0
2017,30,10,162,123,6410464.0
2017,30,10,162,133,157400000.0
2017,30,10,162,144,2079977229.0
2017,30,10,162,145,108200000.0
2017,30,10,163,123,48105625.0
2017,30,10,163,133,22800000.0
2017,30,10,163,144,515512000.0
2017,30,10,164,123,47213471.0
2017,30,10,164,133,6250000.0
2017,30,10,164,141,105600000.0
2017,30,10,164,144,34016758.0
2017,30,10,164,145,542400000.0
2017,30,10,165,123,3250024.0
2017,30,10,165,133,96371945.0
2017,30,10,165,144,246272463.0
2017,30,10,165,145,110500000.0
2017,30,10,166,133,235109437.0
2017,30,10,166,144,712016000.0
2017,30,10,166,145,125500000.0
2017,30,10,167,123,18800000.0
2017,30,10,167,141,11000000.0
2017,30,10,167,142,26400000.0
2017,30,10,167,144,815916466.0
2017,30,10,167,145,319300000.0
2017,30,10,168,133,25800000.0
2017,30,10,168,144,512520000.0
2017,30,10,168,145,182400000.0
2017,30,10,169,123,1619230.0
2017,30,10,169,133,15300000.0
2017,30,10,169,144,1250898715.0
2017,30,10,169,145,166725000.0
2017,30,10,170,133,37650000.0
2017,30,10,170,144,224270333.0
2017,30,10,170,145,170290000.0
2017,30,10,240,123,82000000.0
2017,30,10,240,144,158500000.0
2017,30,10,246,123,10320000.0
2017,30,10,246,144,185368000.0
2017,30,10,246,145,46500000.0
2017,30,11,171,133,43605000.0
2017,30,11,171,141,1239155655.0
2017,30,11,171,144,426826093.0
2017,30,11,171,145,138197119.0
2017,30,11,172,123,2001000.0
2017,30,11,172,133,184485000.0
2017,30,11,172,137,44153079.0
2017,30,11,172,141,73500000.0
2017,30,11,172,142,152000000.0
2017,30,11,172,143,227500000.0
2017,30,11,172,144,7955269000.0
2017,30,11,172,145,473348840.0
2017,30,11,173,123,275608234.0
2017,30,11,173,131,713177065.0
2017,30,11,173,133,1763998570.0
2017,30,11,173,141,2166770887.0
2017,30,11,173,144,9069485316.0
2017,30,11,174,133,23400000.0
2017,30,11,174,144,1112045018.0
2017,30,11,174,145,135850000.0
2017,30,11,175,123,900000.0
2017,30,11,175,135,77541786.0
2017,30,11,175,144,2326969201.0
2017,30,11,175,145,36700000.0
2017,30,11,176,133,190675000.0
2017,30,11,176,141,175744000.0
2017,30,11,176,144,2718694480.0
2017,30,11,176,145,393525000.0
2017,30,11,177,133,274224500.0
2017,30,11,177,141,5121581677.0
2017,30,11,177,144,1518221769.0
2017,30,11,178,133,108000000.0
2017,30,11,178,144,2699900000.0
2017,30,11,179,123,470271210.0
2017,30,11,179,131,113016353.0
2017,30,11,179,133,1043088450.0
2017,30,11,179,141,1834901062.0
2017,30,11,179,144,10014709483.0
2017,30,11,179,145,1159553239.0
2017,30,11,180,123,67999466.0
2017,30,11,180,133,630300000.0
2017,30,11,180,141,2216930945.0
2017,30,11,180,144,4310724834.0
2017,30,11,180,145,971360000.0
2017,30,11,181,133,3753337.0
2017,30,11,181,135,49351059.0
2017,30,11,181,141,15600000.0
2017,30,11,181,144,385706053.0
2017,30,11,181,145,130450000.0
2017,30,11,182,123,57753540.0
2017,30,11,182,133,356357946.0
2017,30,11,182,135,335717364.0
2017,30,11,182,141,2421600000.0
2017,30,11,182,144,2025326205.0
2017,30,11,182,145,409300000.0
2017,30,11,183,133,85360000.0
2017,30,11,183,136,24000000.0
2017,30,11,183,144,2084757544.0
2017,30,11,184,123,15792267.0
2017,30,11,184,132,439592.0
2017,30,11,184,133,584244194.0
2017,30,11,184,141,4575628692.0
2017,30,11,184,144,2439882007.0
2017,30,11,185,133,525405348.0
2017,30,11,185,143,220030000.0
2017,30,11,185,144,2649363961.0
2017,30,11,186,133,107992566.0
2017,30,11,186,144,1444045749.0
2017,30,11,186,145,32770377.0
2017,30,11,187,125,15840000.0
2017,30,11,187,133,84600000.0
2017,30,11,187,141,233556000.0
2017,30,11,187,144,1272481000.0
2017,30,11,188,123,16000000.0
2017,30,11,188,144,1636407733.0
2017,30,11,188,145,213600000.0
2017,30,12,191,123,9500000.0
2017,30,12,191,134,4306797.0
2017,30,12,191,144,261565000.0
2017,30,12,193,133,14580000.0
2017,30,12,193,144,229224000.0
2017,30,12,193,145,114000000.0
2017,30,12,194,144,182330000.0
2017,30,12,194,145,124500000.0
2017,30,12,195,125,21600000.0
2017,30,12,195,144,189450002.0
2017,30,12,196,144,58000000.0
2017,30,12,197,125,12000000.0
2017,30,12,197,133,0.0
2017,30,12,197,144,173900000.0
2017,30,12,202,144,3900000.0
2017,30,12,203,144,159350000.0
2017,30,12,205,144,449739000.0
2017,30,13,206,123,301509000.0
2017,30,13,206,144,7615312946.0
2017,30,13,207,131,0.0
2017,30,13,207,133,0.0
2017,30,13,207,144,638500000.0
2017,30,13,208,133,55000000.0
2017,30,13,208,144,614992808.0
2017,30,13,208,145,145061655.0
2017,30,13,242,133,30000000.0
2017,30,13,242,144,296000000.0
2017,30,13,250,144,54000000.0
2017,30,14,209,133,78200000.0
2017,30,14,209,135,1060448789.0
2017,30,14,209,144,4841405910.0
2017,30,14,209,145,400200000.0
2017,30,14,211,123,14190189.0
2017,30,14,211,141,13200000.0
2017,30,14,211,144,1312188813.0
2017,30,14,211,145,132875000.0
2017,30,14,212,144,348850770.0
2017,30,14,212,145,26400000.0
2017,30,14,213,144,228933000.0
2017,30,14,213,145,239200000.0
2017,30,14,214,141,29000000.0
2017,30,14,214,144,102520000.0
2017,30,14,214,145,49000000.0
2017,30,14,215,144,260190000.0
2017,30,14,215,145,16000000.0
2017,30,14,216,144,585046285.0
2017,30,14,216,145,202632990.0
2017,30,14,217,123,3487500.0
2017,30,14,217,133,191840000.0
2017,30,14,217,134,0.0
2017,30,14,217,135,14699070.0
2017,30,14,217,141,23940000.0
2017,30,14,217,144,1130264703.0
2017,30,14,217,145,102981250.0
2017,30,14,219,123,48000000.0
2017,30,14,219,131,22396854.0
2017,30,14,219,133,66000000.0
2017,30,14,219,137,6000000.0
2017,30,14,219,144,1009534647.0
2017,30,14,219,145,133667765.0
2017,30,14,244,144,563700000.0
2017,30,14,247,144,237000000.0
2017,30,14,247,145,52000000.0
2017,30,14,251,144,5000000.0
2017,30,15,220,123,131250.0
2017,30,15,220,133,123038976.0
2017,30,15,220,144,386134908.0
2017,30,15,220,145,84200000.0
2017,30,15,221,123,6033756.0
2017,30,15,221,144,723000000.0
2017,30,15,221,145,156000000.0
2017,30,15,222,123,16100000.0
2017,30,15,222,125,3200000.0
2017,30,15,222,131,103116046.0
2017,30,15,222,133,426745931.0
2017,30,15,222,144,2356270081.0
2017,30,15,222,145,3824055.0
2017,30,15,223,144,476950000.0
2017,30,15,223,145,60300000.0
2017,30,15,229,123,2000000.0
2017,30,15,229,133,151355000.0
2017,30,15,229,144,567885240.0
2017,30,15,229,145,246000000.0
2017,30,15,232,144,466450000.0
2017,30,15,233,144,493659166.0
2017,30,15,233,145,93500000.0
2017,30,16,228,123,25497245.0
2017,30,16,228,133,302018900.0
2017,30,16,228,144,2466996791.0
2017,30,16,228,145,808837500.0
2017,30,16,230,133,230404615.0
2017,30,16,230,144,3368551574.0
2017,30,16,230,145,582420000.0
2017,30,16,231,133,108228456.0
2017,30,16,231,135,380079619.0
2017,30,16,231,141,4500000.0
2017,30,16,231,144,893240639.0
2017,30,16,231,145,332898728.0
2017,30,17,226,123,7920000.0
2017,30,17,226,141,36000000.0
2017,30,17,226,144,321977840.0
2017,30,17,227,144,262800000.0
2017,30,17,235,144,44293624.0
2017,40,1,1,122,148253872.0
2017,40,1,1,123,1450555165.0
2017,40,1,1,131,16573742998.0
2017,40,1,1,133,37238533050.0
2017,40,2,1,123,7872016019.0
2017,40,2,1,131,3288664053.0
2017,40,2,1,133,20142684739.0
2017,40,2,1,145,6563149827.0
2017,40,3,1,123,228040534.0
2017,40,3,1,125,263944311.0
2017,40,3,1,131,153145518.0
2017,40,3,1,141,13200000.0
2017,40,3,1,144,126694241.0
2017,40,3,1,145,296703288.0
2018,11,1,1,123,369624772.0
2018,11,1,1,125,95229281.0
2018,11,1,1,131,1232000000.0
2018,11,1,1,133,4460392403.0
2018,11,1,1,137,733104443.0
2018,11,1,1,144,5747722810.0
2018,11,1,1,145,2893774992.0
2018,11,2,1,123,240397668.0
2018,11,2,1,131,2041000000.0
2018,11,2,1,133,10281419445.0
2018,11,2,1,137,2906777762.0
2018,11,2,1,144,3977522391.0
2018,11,2,1,145,3318538437.0
2018,11,3,1,123,1576875054.0
2018,11,3,1,131,1184300000.0
2018,11,3,1,133,8197668053.0
2018,11,3,1,137,2007641660.0
2018,11,3,1,144,14334665833.0
2018,11,3,1,145,12653298867.0
2018,12,1,1,123,318046767.0
2018,12,1,1,125,65938397.0
2018,12,1,1,131,759686200.0
2018,12,1,1,133,3107008183.0
2018,12,1,1,137,120112499.0
2018,12,1,1,141,582133300.0
2018,12,1,1,144,1733287380.0
2018,12,1,1,145,2725580488.0
2018,12,1,2,123,30121800.0
2018,12,1,2,125,49527000.0
2018,12,1,2,131,30398400.0
2018,12,1,2,133,3192504105.0
2018,12,1,2,137,11772851365.0
2018,12,1,2,144,64143503.0
2018,12,1,5,123,904294455.0
2018,12,1,5,125,150820003.0
2018,12,1,5,131,554400000.0
2018,12,1,5,133,2900472177.0
2018,12,1,5,137,98800000.0
2018,12,1,5,141,457479212.0
2018,12,1,5,144,1745048776.0
2018,12,1,5,145,2936925045.0
2018,12,1,6,123,24982958.0
2018,12,1,6,131,60500000.0
2018,12,1,6,133,508251454.0
2018,12,1,6,137,39000000.0
2018,12,1,6,144,201440176.0
2018,12,1,6,145,16575000.0
2018,12,1,7,123,874280350.0
2018,12,1,7,131,463599935.0
2018,12,1,7,133,1367723985.0
2018,12,1,7,137,49354357.0
2018,12,1,7,141,6554595210.0
2018,12,1,7,144,2308240956.0
2018,12,1,7,145,3266324267.0
2018,12,1,11,131,1001791100.0
2018,12,1,11,133,7421553095.0
2018,12,1,11,137,1524526572.0
2018,12,1,11,142,57333332.0
2018,12,1,11,144,588455691.0
2018,12,1,11,145,75000000.0
2018,12,1,12,133,226850000.0
2018,12,1,12,145,91000000.0
2018,12,1,14,123,178715110.0
2018,12,1,14,125,11632323.0
2018,12,1,14,131,402350000.0
2018,12,1,14,133,1419241375.0
2018,12,1,14,137,26000000.0
2018,12,1,14,144,850601168.0
2018,12,1,14,145,929170792.0
2018,12,1,15,123,51997423.0
2018,12,1,15,131,342938867.0
2018,12,1,15,133,2014833692.0
2018,12,1,15,137,42900000.0
2018,12,1,15,144,128880439.0
2018,12,1,15,145,98427500.0
2018,12,1,16,123,959663396.0
2018,12,1,16,125,122998671.0
2018,12,1,16,131,370699020.0
2018,12,1,16,133,3089500903.0
2018,12,1,16,137,613671061.0
2018,12,1,16,141,5719977480.0
2018,12,1,16,144,23309860104.0
2018,12,1,16,145,10520089938.0
2018,12,1,17,123,40010687.0
2018,12,1,17,125,15997002.0
2018,12,1,17,131,39891371.0
2018,12,1,17,133,605438013.0
2018,12,1,17,137,57543588.0
2018,12,1,17,144,6000214181.0
2018,12,1,17,145,1109042989.0
2018,12,1,18,123,632002273.0
2018,12,1,18,125,296940930.0
2018,12,1,18,131,1204330653.0
2018,12,1,18,133,2461410088.0
2018,12,1,18,137,142138099.0
2018,12,1,18,141,225457680.0
2018,12,1,18,144,2599068629.0
2018,12,1,18,145,3058422030.0
2018,12,1,19,123,223365781.0
2018,12,1,19,125,162701692.0
2018,12,1,19,131,251041123.0
2018,12,1,19,133,1382310636.0
2018,12,1,19,137,24765000.0
2018,12,1,19,141,575379054.0
2018,12,1,19,144,4579584176.0
2018,12,1,19,145,619806124.0
2018,12,1,20,123,6881734.0
2018,12,1,20,131,28269992.0
2018,12,1,20,133,770035832.0
2018,12,1,20,137,8023889.0
2018,12,1,20,144,151293051.0
2018,12,1,20,145,18958333.0
2018,12,1,21,123,412116811.0
2018,12,1,21,125,333753176.0
2018,12,1,21,131,508145000.0
2018,12,1,21,133,1786224942.0
2018,12,1,21,137,373414689.0
2018,12,1,21,141,1328550000.0
2018,12,1,21,144,592751687.0
2018,12,1,21,145,919216667.0
2018,12,1,23,123,97801079.0
2018,12,1,23,125,82675106.0
2018,12,1,23,131,323182246.0
2018,12,1,23,133,1203198352.0
2018,12,1,23,141,995730142.0
2018,12,1,23,144,388607711.0
2018,12,1,23,145,886442609.0
2018,12,1,29,133,405193244.0
2018,12,1,29,137,53300000.0
2018,12,1,29,144,175572995.0
2018,12,1,29,145,79200000.0
2018,12,1,30,123,415266740.0
2018,12,1,30,133,3288344916.0
2018,12,1,30,137,22100000.0
2018,12,1,30,141,1371193252.0
2018,12,1,30,142,2686993260.0
2018,12,1,30,144,1791190014.0
2018,12,1,30,145,60450000.0
2018,12,1,36,123,47284846.0
2018,12,1,36,125,11202209.0
2018,12,1,36,131,236650000.0
2018,12,1,36,133,806173174.0
2018,12,1,36,137,9533333.0
2018,12,1,36,141,93288267.0
2018,12,1,36,144,265594736.0
2018,12,1,36,145,194526042.0
2018,12,1,38,123,7821615.0
2018,12,1,38,125,1425000.0
2018,12,1,38,133,822590417.0
2018,12,1,38,137,19656000.0
2018,12,1,38,144,443098684.0
2018,12,1,38,145,1211061792.0
2018,12,1,40,131,40000000.0
2018,12,1,40,133,523899722.0
2018,12,1,40,137,97012500.0
2018,12,1,40,144,92300000.0
2018,12,1,40,145,76960000.0
2018,12,1,41,123,460209628.0
2018,12,1,41,125,686519520.0
2018,12,1,41,133,2146173005.0
2018,12,1,41,137,21060000.0
2018,12,1,41,141,2071724267.0
2018,12,1,41,144,2049106862.0
2018,12,1,41,145,4897172753.0
2018,12,1,50,131,163841380.0
2018,12,1,50,133,549323868.0
2018,12,1,51,123,51176972.0
2018,12,1,51,125,29499441.0
2018,12,1,51,131,40617892.0
2018,12,1,51,133,334414732.0
2018,12,1,51,137,17333333.0
2018,12,1,51,144,426041975.0
2018,12,1,51,145,185949670.0
2018,12,1,52,123,157390553.0
2018,12,1,52,125,34680891.0
2018,12,1,52,131,147500000.0
2018,12,1,52,133,1356956385.0
2018,12,1,52,137,45716666.0
2018,12,1,52,141,580007234.0
2018,12,1,52,144,303283720.0
2018,12,1,52,145,776955657.0
2018,12,1,53,123,25495072.0
2018,12,1,53,133,542221262.0
2018,12,1,53,137,169534721.0
2018,12,1,53,144,192719403.0
2018,12,1,53,145,47840000.0
2018,12,1,54,123,77010175.0
2018,12,1,54,125,18972185.0
2018,12,1,54,131,94000000.0
2018,12,1,54,133,347793096.0
2018,12,1,54,137,44685000.0
2018,12,1,54,144,41925578.0
2018,12,1,54,145,270732114.0
2018,12,2,1,123,27689337.0
2018,12,2,1,131,226190000.0
2018,12,2,1,133,905227767.0
2018,12,2,1,137,389647491.0
2018,12,2,1,144,580891568.0
2018,12,2,1,145,19996250.0
2018,12,3,1,123,2379616515.0
2018,12,3,1,125,493406124.0
2018,12,3,1,131,1497297461.0
2018,12,3,1,133,5990992994.0
2018,12,3,1,137,604694973.0
2018,12,3,1,141,3314090957.0
2018,12,3,1,144,1642065958.0
2018,12,3,1,145,2318028740.0
2018,12,3,2,123,5169266544.0
2018,12,3,2,131,1106700000.0
2018,12,3,2,133,21698834177.0
2018,12,3,2,136,171994827955.0
2018,12,3,2,137,13721806491.0
2018,12,3,2,138,221773674768.0
2018,12,3,2,142,4632997413.0
2018,12,4,1,123,2167607796.0
2018,12,4,1,125,988588868.0
2018,12,4,1,131,3004664537.0
2018,12,4,1,133,9293916623.0
2018,12,4,1,134,511516303.0
2018,12,4,1,137,455101665.0
2018,12,4,1,144,2718259416.0
2018,12,4,1,145,1465084554.0
2018,12,4,1,146,27428527757.0
2018,12,4,1,148,313800000.0
2018,12,4,1,161,127339518225.0
2018,12,4,1,162,10565016533.0
2018,12,4,1,163,11563167788.0
2018,12,5,1,123,46608168.0
2018,12,5,1,125,40249211.0
2018,12,5,1,131,6940132374.0
2018,12,5,1,133,47595316613.0
2018,12,5,1,136,110762231339.0
2018,12,5,1,137,19967817799.0
2018,12,5,1,138,122290530445.0
2018,12,5,1,141,137041667.0
2018,12,5,1,142,3594421431.0
2018,12,5,1,144,5165268532.0
2018,12,5,1,145,645785832.0
2018,12,5,1,148,215750000.0
2018,12,5,1,162,8948859520.0
2018,12,5,1,163,745738291.0
2018,12,6,1,123,19052093202.0
2018,12,6,1,125,10646959757.0
2018,12,6,1,131,7716500000.0
2018,12,6,1,133,16238562029.0
2018,12,6,1,137,1239035112.0
2018,12,6,1,141,99672896.0
2018,12,6,1,144,12698847092.0
2018,12,6,1,145,16852819961.0
2018,12,7,1,123,4781211912.0
2018,12,7,1,125,2754380482.0
2018,12,7,1,131,77558455000.0
2018,12,7,1,132,401765367421.0
2018,12,7,1,133,19188727295.0
2018,12,7,1,137,720658333.0
2018,12,7,1,141,1507397796.0
2018,12,7,1,143,2309982994.0
2018,12,7,1,144,5220764051.0
2018,12,7,1,145,3586259529.0
2018,12,8,1,123,19404457035.0
2018,12,8,1,125,12821997712.0
2018,12,8,1,131,589654416.0
2018,12,8,1,133,144232808924.0
2018,12,8,1,137,2014729523.0
2018,12,8,1,141,701963807.0
2018,12,8,1,142,835599299471.0
2018,12,8,1,143,28352928977.0
2018,12,8,1,144,100231020211.0
2018,12,8,1,145,4104421925.0
2018,12,9,1,123,1456708692.0
2018,12,9,1,125,468685785.0
2018,12,9,1,131,10404526314.0
2018,12,9,1,133,21960536655.0
2018,12,9,1,137,595109417.0
2018,12,9,1,142,112840000.0
2018,12,9,1,144,15237870883.0
2018,12,9,1,145,983472297.0
2018,12,10,1,123,6892611641.0
2018,12,10,1,125,1765875231.0
2018,12,10,1,131,1620560000.0
2018,12,10,1,133,7352248379.0
2018,12,10,1,137,1296464436.0
2018,12,10,1,141,11153232584.0
2018,12,10,1,144,9596597970.0
2018,12,10,1,145,54705232323.0
2018,12,11,1,123,1515956717.0
2018,12,11,1,125,1124633137.0
2018,12,11,1,131,381000000.0
2018,12,11,1,133,3141822467.0
2018,12,11,1,137,268143006.0
2018,12,11,1,141,145580500.0
2018,12,11,1,144,1339587331.0
2018,12,11,1,145,8009707661.0
2018,12,11,1,161,1262816285.0
2018,12,11,1,162,386529132.0
2018,12,11,1,163,142742514.0
2018,12,13,1,123,8518441725.0
2018,12,13,1,125,1467447527.0
2018,12,13,1,131,4338705000.0
2018,12,13,1,133,17824025621.0
2018,12,13,1,137,1041822830.0
2018,12,13,1,141,14491333213.0
2018,12,13,1,144,24000946792.0
2018,12,13,1,145,15708612792.0
2018,12,14,1,123,41326872.0
2018,12,14,1,125,10694682.0
2018,12,14,1,131,63000000.0
2018,12,14,1,133,1095519980.0
2018,12,14,1,137,241233330.0
2018,12,14,1,144,1946437430.0
2018,12,14,1,145,4355983675.0
2018,12,16,1,123,2559218915.0
2018,12,16,1,125,885488210.0
2018,12,16,1,131,2009975000.0
2018,12,16,1,133,9221356246.0
2018,12,16,1,137,268724444.0
2018,12,16,1,141,7904629232.0
2018,12,16,1,144,7979539079.0
2018,12,16,1,145,13493099265.0
2018,12,16,1,148,30037872101.0
2018,13,1,1,123,5331114923.0
2018,13,1,1,131,965223878.0
2018,13,1,1,133,3005547149.0
2018,13,1,1,137,1704558100.0
2018,13,1,1,142,87949351.0
2018,13,1,1,144,11521204777.0
2018,13,1,1,145,5316011379.0
2018,13,2,1,123,7155261125.0
2018,13,2,1,125,297241246.0
2018,13,2,1,131,7048000000.0
2018,13,2,1,133,16881386140.0
2018,13,2,1,137,833524992.0
2018,13,2,1,144,66037880998.0
2018,13,2,1,145,7614369479.0
2018,13,3,1,123,2263729381.0
2018,13,3,1,131,7218900000.0
2018,13,3,1,133,41426773326.0
2018,13,3,1,137,2879470785.0
2018,13,3,1,141,987325812.0
2018,13,3,1,144,12130902189.0
2018,13,3,1,145,5783746576.0
2018,13,4,1,123,230146920.0
2018,13,4,1,125,78152672.0
2018,13,4,1,131,177000000.0
2018,13,4,1,133,2625487178.0
2018,13,4,1,137,215500000.0
2018,13,4,1,144,1691833574.0
2018,13,4,1,145,992240183.0
2018,13,4,1,148,1853600000.0
2018,13,5,1,123,237838793.0
2018,13,5,1,125,154230480.0
2018,13,5,1,131,474876915.0
2018,13,5,1,133,3096969920.0
2018,13,5,1,137,179400000.0
2018,13,5,1,144,753886764.0
2018,13,5,1,145,539598528.0
2018,13,6,1,123,717011426.0
2018,13,6,1,131,178753594.0
2018,13,6,1,133,1308844312.0
2018,13,6,1,137,483720000.0
2018,13,6,1,144,11485162979.0
2018,13,6,1,145,5973628680.0
2018,13,7,1,133,1960974711.0
2018,13,7,1,144,389700000.0
2018,13,7,1,145,62033333.0
2018,14,1,1,123,4874461632.0
2018,14,1,1,125,4799926682.0
2018,14,1,1,131,804000000.0
2018,14,1,1,133,5832297493.0
2018,14,1,1,137,187652495.0
2018,14,1,1,144,1042319890.0
2018,14,1,1,145,1559053551.0
2018,15,1,1,133,398740034.0
2018,15,1,1,144,1692201159.0
2018,15,1,1,145,939655706.0
2018,15,2,1,131,51000000.0
2018,15,2,1,133,816937495.0
2018,15,2,1,144,10205615.0
2018,15,2,1,145,95976000.0
2018,21,1,1,123,520931543.0
2018,21,1,1,125,330742584.0
2018,21,1,1,131,23526509830.0
2018,21,1,1,133,16015984182.0
2018,21,1,1,142,168625931.0
2018,21,1,1,144,135753000.0
2018,21,1,1,145,624892651.0
2018,22,1,1,123,33573714.0
2018,22,1,1,133,175250000.0
2018,22,1,1,141,167776400.0
2018,22,1,1,144,692339181.0
2018,22,1,1,145,288884930.0
2018,22,2,1,133,221295852.0
2018,22,2,1,144,715569957.0
2018,22,2,1,145,59653430.0
2018,22,3,1,133,422751809.0
2018,22,3,1,137,95244366.0
2018,22,3,1,142,54191799.0
2018,22,3,1,144,821696364.0
2018,22,3,1,145,381766667.0
2018,22,4,1,133,378523227.0
2018,22,4,1,144,1865322837.0
2018,22,4,1,145,577176508.0
2018,22,5,1,144,1424330000.0
2018,22,5,1,145,242614000.0
2018,22,6,1,131,5600000.0
2018,22,6,1,133,420788136.0
2018,22,6,1,141,32830004.0
2018,22,6,1,144,1722430359.0
2018,22,6,1,145,261403615.0
2018,22,7,1,123,12125517.0
2018,22,7,1,133,141140185.0
2018,22,7,1,142,149496112.0
2018,22,7,1,144,2256266317.0
2018,22,7,1,145,262490798.0
2018,22,8,1,133,4800000.0
2018,22,8,1,144,830283720.0
2018,22,8,1,145,139508628.0
2018,22,9,1,133,4201470.0
2018,22,9,1,144,2370320472.0
2018,22,9,1,145,221153226.0
2018,22,10,1,131,2485000.0
2018,22,10,1,133,123871880.0
2018,22,10,1,141,1724762382.0
2018,22,10,1,144,1775183935.0
2018,22,10,1,145,525530585.0
2018,22,11,1,133,1068099324.0
2018,22,11,1,141,714710000.0
2018,22,11,1,144,380040968.0
2018,22,11,1,145,481860000.0
2018,22,12,1,131,3324543.0
2018,22,12,1,133,345382700.0
2018,22,12,1,144,745593913.0
2018,22,12,1,145,62400000.0
2018,22,13,1,123,47664674.0
2018,22,13,1,133,246161299.0
2018,22,13,1,137,35000000.0
2018,22,13,1,141,785814158.0
2018,22,13,1,142,344956704.0
2018,22,13,1,144,1091426833.0
2018,22,13,1,145,779459923.0
2018,22,13,1,147,403949302.0
2018,22,14,1,144,1155855013.0
2018,22,14,1,145,42000000.0
2018,22,15,1,123,50400000.0
2018,22,15,1,132,4200000.0
2018,22,15,1,133,163604366.0
2018,22,15,1,141,83500000.0
2018,22,15,1,144,1137137766.0
2018,22,15,1,145,157600000.0
2018,22,16,1,123,177791423.0
2018,22,16,1,133,972548788.0
2018,22,16,1,142,1743465088.0
2018,22,16,1,144,1742244562.0
2018,22,16,1,145,981845770.0
2018,22,17,1,123,66912187.0
2018,22,17,1,125,0.0
2018,22,17,1,133,442629434.0
2018,22,17,1,141,0.0
2018,22,17,1,144,0.0
2018,22,17,1,145,0.0
2018,23,1,1,123,573180347.0
2018,23,1,1,125,78159174.0
2018,23,1,1,131,5527900000.0
2018,23,1,1,133,2899966712.0
2018,23,1,1,144,1422347899.0
2018,23,1,1,145,902217350.0
2018,23,3,1,123,130424168.0
2018,23,3,1,125,67272138.0
2018,23,3,1,133,5654705095.0
2018,23,3,1,137,208200000.0
2018,23,3,1,141,575546291.0
2018,23,3,1,144,2100439951.0
2018,23,3,1,145,1042313707.0
2018,23,4,1,123,14387414.0
2018,23,4,1,131,352753476.0
2018,23,4,1,133,615601253.0
2018,23,4,1,144,169130913.0
2018,23,4,1,145,136020248.0
2018,23,6,1,123,83210032.0
2018,23,6,1,133,1555561489.0
2018,23,6,1,141,107000000.0
2018,23,6,1,144,266834760.0
2018,23,6,1,145,124200000.0
2018,23,8,1,131,1400000.0
2018,23,8,1,133,87461846.0
2018,23,8,1,141,72814617.0
2018,23,8,1,144,64360243.0
2018,23,8,1,145,42884879.0
2018,23,9,1,133,445251205.0
2018,23,10,1,122,46000008.0
2018,23,10,1,123,274157513.0
2018,23,10,1,125,76988151.0
2018,23,10,1,131,498803774.0
2018,23,10,1,133,2350592444.0
2018,23,10,1,141,242838889.0
2018,23,10,1,144,1211586307.0
2018,23,10,1,145,529844889.0
2018,23,11,1,131,606800000.0
2018,23,11,1,133,2181301680.0
2018,23,11,1,137,20160000.0
2018,23,11,1,144,1660013944.0
2018,23,11,1,145,188969357.0
2018,23,13,1,123,13163423.0
2018,23,13,1,133,1763178427.0
2018,23,13,1,144,656506484.0
2018,23,13,1,145,751798390.0
2018,23,14,1,123,12276646.0
2018,23,14,1,131,185599956.0
2018,23,14,1,133,1600823873.0
2018,23,14,1,144,1111247181.0
2018,23,14,1,145,1545243295.0
2018,23,15,1,122,8027466664.0
2018,23,15,1,123,8554580141.0
2018,23,15,1,125,503501369.0
2018,23,15,1,131,6336326737.0
2018,23,15,1,133,7330326890.0
2018,23,15,1,137,1006926786.0
2018,23,15,1,144,3363217166.0
2018,23,15,1,145,2256299995.0
2018,23,16,1,123,7288983989.0
2018,23,16,1,131,620750000.0
2018,23,16,1,133,11157946035.0
2018,23,16,1,144,2583115889.0
2018,23,16,1,145,2480775000.0
2018,23,17,1,123,21813572.0
2018,23,17,1,131,0.0
2018,23,17,1,133,498383108.0
2018,23,17,1,137,6400000.0
2018,23,17,1,141,282408730.0
2018,23,17,1,144,155836307.0
2018,23,17,1,145,26774525.0
2018,23,18,1,122,869899918.0
2018,23,18,1,123,1865767246.0
2018,23,18,1,125,612318432.0
2018,23,18,1,131,901476872.0
2018,23,18,1,133,3631793795.0
2018,23,18,1,137,32500000.0
2018,23,18,1,141,1736594904.0
2018,23,18,1,144,3188584496.0
2018,23,18,1,145,4254106330.0
2018,23,19,1,123,1059466052.0
2018,23,19,1,125,817529074.0
2018,23,19,1,131,75000000.0
2018,23,19,1,133,1970065241.0
2018,23,19,1,144,1308740021.0
2018,23,19,1,145,3189167049.0
2018,23,20,1,122,49999993.0
2018,23,20,1,123,54739344.0
2018,23,20,1,125,19389908.0
2018,23,20,1,131,710298000.0
2018,23,20,1,133,2342857281.0
2018,23,20,1,141,476693518.0
2018,23,20,1,144,1253556863.0
2018,23,20,1,145,433937497.0
2018,23,21,1,123,912861264.0
2018,23,21,1,125,222714169.0
2018,23,21,1,133,2803498048.0
2018,23,21,1,137,77500000.0
2018,23,21,1,144,1380845337.0
2018,23,21,1,145,174035833.0
2018,23,22,1,122,49605824.0
2018,23,22,1,123,824909316.0
2018,23,22,1,125,220699584.0
2018,23,22,1,131,499998944.0
2018,23,22,1,133,2299129048.0
2018,23,22,1,137,116783331.0
2018,23,22,1,141,424871145.0
2018,23,22,1,144,4925259063.0
2018,23,22,1,145,1687972562.0
2018,23,23,1,123,1670864883.0
2018,23,23,1,125,843992885.0
2018,23,23,1,131,391889500.0
2018,23,23,1,133,2849550273.0
2018,23,23,1,137,577730357.0
2018,23,23,1,144,5835651824.0
2018,23,23,1,145,14848179612.0
2018,23,24,1,123,736779029.0
2018,23,24,1,125,3762000.0
2018,23,24,1,131,149999748.0
2018,23,24,1,133,1139786500.0
2018,23,24,1,137,38000000.0
2018,23,24,1,141,1833109802.0
2018,23,24,1,144,2618586310.0
2018,23,24,1,145,237355231.0
2018,23,25,1,123,476209443.0
2018,23,25,1,125,381456547.0
2018,23,25,1,131,1655733333.0
2018,23,25,1,133,3290487077.0
2018,23,25,1,137,84500000.0
2018,23,25,1,141,28714903.0
2018,23,25,1,145,293179975.0
2018,23,26,1,123,124959290.0
2018,23,26,1,125,49686710.0
2018,23,26,1,131,89200000.0
2018,23,26,1,133,466186954.0
2018,23,27,1,123,44243523.0
2018,23,27,1,125,4768384.0
2018,23,27,1,131,7500000.0
2018,23,27,1,133,122912949.0
2018,23,28,1,123,56865829.0
2018,23,28,1,131,49800000.0
2018,23,28,1,133,523917676.0
2018,23,28,1,144,382457457.0
2018,23,28,1,145,571342909.0
2018,23,29,1,123,22867192.0
2018,23,29,1,125,19099233.0
2018,23,29,1,133,355957509.0
2018,23,29,1,145,297708846.0
2018,23,30,1,123,198619297.0
2018,23,30,1,125,26557744.0
2018,23,30,1,133,878257738.0
2018,23,30,1,144,28767005.0
2018,23,30,1,145,480578518.0
2018,23,31,1,133,325276775.0
2018,24,1,1,122,37511490.0
2018,24,1,1,123,5425558184.0
2018,24,1,1,125,21061187907.0
2018,24,1,1,131,21132241992.0
2018,24,1,1,133,73613072615.0
2018,24,1,1,137,1608268986.0
2018,24,1,1,142,113599980779.0
2018,24,1,1,143,2180243018.0
2018,24,1,1,144,11141044204.0
2018,24,1,1,145,1145991314.0
2018,24,2,1,123,5227924.0
2018,24,2,1,131,7348032.0
2018,24,3,1,123,155120900.0
2018,24,3,1,125,18929100.0
2018,24,3,1,131,1326279689.0
2018,24,3,1,133,3048823711.0
2018,24,3,1,134,884114591.0
2018,24,3,1,141,42318635.0
2018,24,3,1,144,143714598.0
2018,24,3,1,145,43333338.0
2018,24,4,1,123,569878839.0
2018,24,4,1,131,4438140654.0
2018,24,4,1,133,1922764375.0
2018,24,4,1,144,2616541196.0
2018,24,5,1,123,85776444.0
2018,24,5,1,131,42185000.0
2018,24,5,1,133,2588201132.0
2018,24,5,1,141,41600000.0
2018,24,5,1,142,51216600.0
2018,24,5,1,144,1309500071.0
2018,24,5,1,145,385498320.0
2018,25,2,1,122,4239044008.0
2018,25,2,1,123,51031409828.0
2018,25,2,1,125,23805145171.0
2018,25,2,1,131,131044339548.0
2018,25,2,1,133,99518479985.0
2018,25,2,1,137,983700000.0
2018,25,2,1,141,28813824060.0
2018,25,2,1,144,1862498321.0
2018,25,2,1,145,747480000.0
2018,25,4,1,122,370180000.0
2018,25,4,1,123,1089974897.0
2018,25,4,1,131,525402000.0
2018,25,4,1,133,4847605000.0
2018,25,4,1,144,2865582941.0
2018,25,4,1,145,103185515.0
2018,25,5,1,122,1045800001.0
2018,25,5,1,131,166250000.0
2018,25,5,1,133,7963615323.0
2018,25,5,1,141,11727832500.0
2018,25,5,1,144,855385000.0
2018,25,5,1,145,920000000.0
2018,25,6,1,122,108000000.0
2018,25,6,1,123,1184506016.0
2018,25,6,1,125,3434608095.0
2018,25,6,1,131,2573357298.0
2018,25,6,1,133,32719296109.0
2018,25,6,1,141,29932406.0
2018,25,6,1,142,71683380.0
2018,25,6,1,144,7151865166.0
2018,25,6,1,145,1383515148.0
2018,25,7,1,123,4078503859.0
2018,25,7,1,125,2601290497.0
2018,25,7,1,131,2177886095.0
2018,25,7,1,133,9825408332.0
2018,25,7,1,142,184086874.0
2018,25,7,1,144,9795991430.0
2018,25,7,1,145,1093142521.0
2018,27,1,1,122,1851023960.0
2018,27,1,1,123,1938830381.0
2018,27,1,1,125,339372524.0
2018,27,1,1,131,36541489500.0
2018,27,1,1,133,21487484285.0
2018,27,1,1,141,1510186839.0
2018,27,1,1,144,9008920765.0
2018,27,1,1,145,1698550732.0
2018,27,3,1,122,105012301.0
2018,27,3,1,123,708170796.0
2018,27,3,1,125,33468271.0
2018,27,3,1,131,1173806005.0
2018,27,3,1,132,714393.0
2018,27,3,1,133,1938103749.0
2018,27,3,1,135,2613526156.0
2018,27,3,1,144,992923540.0
2018,27,3,1,145,1094710253.0
2018,27,4,1,122,14600000.0
2018,27,4,1,123,6574009.0
2018,27,4,1,131,497960200.0
2018,27,4,1,133,1346510282.0
2018,27,4,1,134,1740185964.0
2018,27,4,1,137,21200000.0
2018,27,4,1,144,151383080.0
2018,27,4,1,145,33700000.0
2018,27,5,1,133,298910000.0
2018,27,5,1,144,44083641.0
2018,27,7,1,123,23801085.0
2018,27,7,1,125,6189966.0
2018,27,7,1,131,1116000000.0
2018,27,7,1,133,4047080258.0
2018,27,7,1,144,60856617.0
2018,27,7,1,145,490125657.0
2018,28,1,1,123,3315682360.0
2018,28,1,1,125,1234347379.0
2018,28,1,1,131,10148252485.0
2018,28,1,1,133,69421158285.0
2018,28,1,1,137,34166400.0
2018,28,1,1,141,3648372588.0
2018,28,1,1,142,26587784066.0
2018,28,1,1,143,326727443.0
2018,28,1,1,144,21843256671.0
2018,28,1,1,145,19795949508.0
2018,28,1,1,148,9309333170.0
2018,28,2,1,123,88660264.0
2018,28,2,1,125,45960340.0
2018,28,2,1,131,120576700.0
2018,28,2,1,133,3611992843.0
2018,28,2,1,141,11824084.0
2018,28,2,1,143,21030000.0
2018,28,2,1,144,3652316688.0
2018,28,2,1,145,2213006981.0
2018,28,2,1,148,81000000.0
2018,28,3,1,123,50319296.0
2018,28,3,1,125,22335186.0
2018,28,3,1,131,2520000.0
2018,28,3,1,133,3095436823.0
2018,28,3,1,141,76884236.0
2018,28,3,1,143,14800000.0
2018,28,3,1,144,897289094.0
2018,28,3,1,145,97799999.0
2018,28,4,1,123,26430784.0
2018,28,4,1,125,29860412.0
2018,28,4,1,131,7499980.0
2018,28,4,1,133,816982575.0
2018,28,4,1,141,20000000.0
2018,28,4,1,143,16071249.0
2018,28,4,1,144,2855264343.0
2018,28,4,1,145,380495062.0
2018,28,4,1,148,228687494.0
2018,28,5,1,131,17060000.0
2018,28,5,1,133,278909530.0
2018,28,5,1,141,165966700.0
2018,28,5,1,143,248475000.0
2018,28,5,1,144,473911248.0
2018,28,5,1,145,6000000.0
2018,28,5,1,148,35414596.0
2018,28,6,1,133,1067310576.0
2018,28,6,1,144,426600000.0
2018,28,6,1,145,2000000.0
2018,28,7,1,133,174554377.0
2018,28,7,1,143,9765000.0
2018,28,7,1,144,26088660.0
2018,28,7,1,145,150479570.0
2018,28,8,1,123,13190842.0
2018,28,8,1,125,9860990.0
2018,28,8,1,131,3200000.0
2018,28,8,1,132,1004223.0
2018,28,8,1,133,233439181.0
2018,28,8,1,144,179735192.0
2018,30,1,3,133,24000000.0
2018,30,1,3,144,418380000.0
2018,30,1,4,133,75600000.0
2018,30,1,4,144,769920000.0
2018,30,1,4,145,27720000.0
2018,30,1,5,123,222699678.0
2018,30,1,5,144,272065000.0
2018,30,1,6,133,12750000.0
2018,30,1,6,144,222200000.0
2018,30,1,7,144,16900000.0
2018,30,1,238,144,408000000.0
2018,30,1,241,144,329460000.0
2018,30,1,249,144,241800000.0
2018,30,1,524,144,112300000.0
2018,30,1,524,145,15600000.0
2018,30,2,8,132,63300000.0
2018,30,2,8,133,26950000.0
2018,30,2,8,135,3820594.0
2018,30,2,8,144,1314145000.0
2018,30,2,8,145,120500000.0
2018,30,2,12,131,15600000.0
2018,30,2,12,144,159387200.0
2018,30,2,13,133,10200000.0
2018,30,2,13,144,164350000.0
2018,30,2,13,145,72000000.0
2018,30,2,14,144,132600000.0
2018,30,2,14,145,2000000.0
2018,30,2,15,144,728000000.0
2018,30,2,16,144,231105000.0
2018,30,2,16,145,0.0
2018,30,2,17,144,107560000.0
2018,30,2,18,144,325200000.0
2018,30,2,18,145,78000000.0
2018,30,2,19,144,239700000.0
2018,30,2,19,145,90000000.0
2018,30,2,20,123,13400000.0
2018,30,2,20,144,157400000.0
2018,30,2,20,145,96499992.0
2018,30,2,22,144,509600000.0
2018,30,2,22,145,51500000.0
2018,30,2,23,135,7229000.0
2018,30,2,23,144,58562000.0
2018,30,2,24,144,356300000.0
2018,30,2,24,145,114000000.0
2018,30,2,25,144,416000000.0
2018,30,2,25,145,66200000.0
2018,30,2,26,144,746850520.0
2018,30,2,239,135,11700000.0
2018,30,2,239,144,262300000.0
2018,30,2,239,145,18000000.0
2018,30,2,253,144,39000000.0
2018,30,3,27,133,124259547.0
2018,30,3,27,135,7212696.0
2018,30,3,27,141,1565104255.0
2018,30,3,27,144,1118443333.0
2018,30,3,28,133,8910000.0
2018,30,3,28,141,49200000.0
2018,30,3,28,144,77600000.0
2018,30,3,29,133,42000000.0
2018,30,3,29,144,582660000.0
2018,30,3,29,145,42000000.0
2018,30,3,30,133,24000000.0
2018,30,3,30,144,256272500.0
2018,30,3,31,144,205810000.0
2018,30,3,32,144,839079940.0
2018,30,3,32,145,159100000.0
2018,30,3,33,135,12631470.0
2018,30,3,33,144,1118740044.0
2018,30,3,33,145,125650000.0
2018,30,3,34,144,190700000.0
2018,30,3,35,133,66000000.0
2018,30,3,35,144,429500000.0
2018,30,3,35,145,269500000.0
2018,30,3,36,141,212300000.0
2018,30,3,36,145,132000000.0
2018,30,3,37,144,238844450.0
2018,30,3,37,145,295500000.0
2018,30,3,39,123,44400000.0
2018,30,3,39,144,162660000.0
2018,30,3,41,144,175062888.0
2018,30,3,42,133,121550000.0
2018,30,3,42,141,983400000.0
2018,30,3,42,144,539700000.0
2018,30,3,43,144,213500000.0
2018,30,3,44,133,58000000.0
2018,30,3,44,144,1073935000.0
2018,30,3,44,145,93000000.0
2018,30,3,45,133,13800000.0
2018,30,3,45,144,292900000.0
2018,30,3,45,145,64600000.0
2018,30,3,46,144,106560000.0
2018,30,4,47,133,428250000.0
2018,30,4,47,144,2566206884.0
2018,30,4,48,144,167400000.0
2018,30,4,49,144,866500000.0
2018,30,4,50,133,8400000.0
2018,30,4,50,144,235800000.0
2018,30,4,50,145,153825000.0
2018,30,4,51,133,3600000.0
2018,30,4,51,144,171262500.0
2018,30,4,53,133,108000000.0
2018,30,4,53,144,241100000.0
2018,30,4,53,145,63840000.0
2018,30,4,54,141,24500000.0
2018,30,4,54,144,174304000.0
2018,30,4,54,145,85800000.0
2018,30,4,55,144,412020000.0
2018,30,4,56,144,192100000.0
2018,30,4,56,145,3000000.0
2018,30,4,57,123,2400000.0
2018,30,4,57,144,203630000.0
2018,30,4,58,144,116100000.0
2018,30,4,59,144,97100000.0
2018,30,4,60,133,100000.0
2018,30,4,60,144,110800000.0
2018,30,4,61,144,141500000.0
2018,30,4,61,145,60000000.0
2018,30,4,62,144,76100000.0
2018,30,4,234,144,274000000.0
2018,30,4,234,145,158300000.0
2018,30,5,64,141,420118500.0
2018,30,5,64,144,1987879750.0
2018,30,5,65,123,72150913.0
2018,30,5,65,133,99169986.0
2018,30,5,65,135,67616735.0
2018,30,5,65,141,114900000.0
2018,30,5,65,144,3738161141.0
2018,30,5,65,145,328500000.0
2018,30,5,66,144,217700000.0
2018,30,5,67,133,13500000.0
2018,30,5,67,144,187130428.0
2018,30,5,68,133,24979008.0
2018,30,5,68,144,232350000.0
2018,30,5,69,144,489235000.0
2018,30,5,69,145,10000000.0
2018,30,5,70,123,15649743.0
2018,30,5,70,133,1750000.0
2018,30,5,70,135,950000.0
2018,30,5,70,144,431794152.0
2018,30,5,70,145,191500000.0
2018,30,5,71,133,10500000.0
2018,30,5,71,144,104700000.0
2018,30,5,72,144,255200000.0
2018,30,5,73,133,155050000.0
2018,30,5,73,144,455960000.0
2018,30,5,73,145,79500000.0
2018,30,5,74,133,0.0
2018,30,5,74,135,0.0
2018,30,5,74,144,0.0
2018,30,5,74,145,0.0
2018,30,5,75,144,1507650000.0
2018,30,5,76,144,1073044250.0
2018,30,5,77,123,12000000.0
2018,30,5,77,144,199200000.0
2018,30,5,77,145,24000000.0
2018,30,5,78,133,31200000.0
2018,30,5,78,134,13920000.0
2018,30,5,78,142,9000000.0
2018,30,5,78,144,274500000.0
2018,30,5,78,145,5400000.0
2018,30,5,79,133,6000000.0
2018,30,5,79,144,266587500.0
2018,30,5,81,144,247350000.0
2018,30,5,81,145,37400000.0
2018,30,5,82,133,17640000.0
2018,30,5,82,144,259100000.0
2018,30,5,82,145,26000000.0
2018,30,5,83,133,3800000.0
2018,30,5,83,144,203650000.0
2018,30,5,233,123,9800000.0
2018,30,5,233,144,519132500.0
2018,30,5,233,145,123850000.0
2018,30,5,243,123,0.0
2018,30,5,243,133,12000000.0
2018,30,5,243,144,199822947.0
2018,30,5,243,145,167487202.0
2018,30,6,84,133,0.0
2018,30,6,84,144,0.0
2018,30,6,85,144,610600000.0
2018,30,6,86,133,0.0
2018,30,6,86,144,0.0
2018,30,6,86,145,0.0
2018,30,6,87,144,0.0
2018,30,6,88,144,216300000.0
2018,30,6,88,145,46300000.0
2018,30,6,89,123,7100000.0
2018,30,6,89,133,6000000.0
2018,30,6,89,144,249748999.0
2018,30,6,90,144,438900000.0
2018,30,6,90,145,60000000.0
2018,30,6,91,144,311600000.0
2018,30,6,91,145,14000000.0
2018,30,6,92,144,392120000.0
2018,30,6,92,145,90000000.0
2018,30,6,93,123,0.0
2018,30,6,93,144,799925000.0
2018,30,6,245,144,27300000.0
2018,30,6,245,145,20280000.0
2018,30,7,94,123,393227050.0
2018,30,7,94,133,1451550254.0
2018,30,7,94,135,36565256.0
2018,30,7,94,137,156468960.0
2018,30,7,94,141,2871088075.0
2018,30,7,94,142,923686763.0
2018,30,7,94,144,21294476790.0
2018,30,7,94,145,1792678197.0
2018,30,7,95,123,3509900.0
2018,30,7,95,133,13898797.0
2018,30,7,95,134,126948577.0
2018,30,7,95,141,33730500.0
2018,30,7,95,144,935661738.0
2018,30,7,95,145,363516524.0
2018,30,7,96,123,27966794.0
2018,30,7,96,131,19635000.0
2018,30,7,96,133,1006847147.0
2018,30,7,96,134,23540000.0
2018,30,7,96,137,148170713.0
2018,30,7,96,141,347236667.0
2018,30,7,96,144,1672431304.0
2018,30,7,96,145,194200000.0
2018,30,7,97,133,53760000.0
2018,30,7,97,144,582800000.0
2018,30,7,97,145,214800000.0
2018,30,7,98,133,127900000.0
2018,30,7,98,141,8000000.0
2018,30,7,98,144,58400000.0
2018,30,7,98,145,9000000.0
2018,30,7,99,144,222000000.0
2018,30,7,100,133,22500000.0
2018,30,7,100,144,1093127292.0
2018,30,7,100,145,72000000.0
2018,30,7,101,131,3526000.0
2018,30,7,101,133,25200000.0
2018,30,7,101,137,34224000.0
2018,30,7,101,141,37200000.0
2018,30,7,101,144,1138409000.0
2018,30,7,101,145,31200000.0
2018,30,7,102,142,99000000.0
2018,30,7,102,144,898606252.0
2018,30,7,102,145,114700000.0
2018,30,7,103,131,3910000.0
2018,30,7,103,133,40980000.0
2018,30,7,103,141,15400000.0
2018,30,7,103,144,604735810.0
2018,30,7,104,123,6084001.0
2018,30,7,104,133,143800000.0
2018,30,7,104,143,62725000.0
2018,30,7,104,144,478403176.0
2018,30,7,104,145,131500000.0
2018,30,7,105,144,859790000.0
2018,30,7,105,145,95500000.0
2018,30,7,106,144,319765000.0
2018,30,7,107,123,43603860.0
2018,30,7,107,133,85339817.0
2018,30,7,107,144,1214903023.0
2018,30,7,107,145,161493719.0
2018,30,7,108,144,268170000.0
2018,30,7,108,145,41400000.0
2018,30,7,109,123,0.0
2018,30,7,109,144,324480000.0
2018,30,7,110,133,11600000.0
2018,30,7,110,144,1090473228.0
2018,30,7,110,145,259800000.0
2018,30,7,111,144,408251181.0
2018,30,7,111,145,204300000.0
2018,30,7,112,133,27651000.0
2018,30,7,112,144,448832000.0
2018,30,7,113,133,35400000.0
2018,30,7,113,144,905900000.0
2018,30,7,114,123,38441000.0
2018,30,7,114,135,14530000.0
2018,30,7,114,141,76400000.0
2018,30,7,114,143,64000000.0
2018,30,7,114,144,1102353085.0
2018,30,7,114,145,300200000.0
2018,30,7,115,123,11140018.0
2018,30,7,115,133,55931759.0
2018,30,7,115,141,68666667.0
2018,30,7,115,144,553817215.0
2018,30,7,115,145,352226640.0
2018,30,7,116,123,3000000.0
2018,30,7,116,132,3864834.0
2018,30,7,116,133,29000000.0
2018,30,7,116,135,14400000.0
2018,30,7,116,141,6400000.0
2018,30,7,116,142,4800000.0
2018,30,7,116,144,569211831.0
2018,30,7,116,145,237450000.0
2018,30,7,117,133,17800000.0
2018,30,7,117,134,51040956.0
2018,30,7,117,135,60595940.0
2018,30,7,117,141,130762500.0
2018,30,7,117,144,1736406946.0
2018,30,7,117,145,121550000.0
2018,30,7,118,133,25800000.0
2018,30,7,118,142,41600000.0
2018,30,7,118,143,27500000.0
2018,30,7,118,144,380950000.0
2018,30,7,118,145,40000000.0
2018,30,7,119,123,8129004.0
2018,30,7,119,144,417330731.0
2018,30,7,119,145,139974500.0
2018,30,7,120,133,7800000.0
2018,30,7,120,144,698134663.0
2018,30,7,120,145,32500000.0
2018,30,7,121,133,146337500.0
2018,30,7,121,141,223820513.0
2018,30,7,121,144,1171333976.0
2018,30,7,121,145,237350000.0
2018,30,7,122,123,10554812.0
2018,30,7,122,125,2490000.0
2018,30,7,122,133,4000000.0
2018,30,7,122,141,269794007.0
2018,30,7,122,142,26000000.0
2018,30,7,122,144,683044502.0
2018,30,7,122,145,299272590.0
2018,30,7,123,133,6480000.0
2018,30,7,123,144,430038103.0
2018,30,7,123,145,159500000.0
2018,30,8,124,133,43500000.0
2018,30,8,124,144,994524000.0
2018,30,8,125,123,1599968.0
2018,30,8,125,133,116750000.0
2018,30,8,125,134,35376000.0
2018,30,8,125,141,47625000.0
2018,30,8,125,144,1549562845.0
2018,30,8,125,145,143185625.0
2018,30,8,125,147,35600000.0
2018,30,8,126,133,40360000.0
2018,30,8,126,134,70778800.0
2018,30,8,126,141,55840000.0
2018,30,8,126,144,2105807515.0
2018,30,8,126,145,308550000.0
2018,30,8,127,133,6000000.0
2018,30,8,127,141,49000000.0
2018,30,8,127,144,276760000.0
2018,30,8,127,145,62160000.0
2018,30,8,129,144,0.0
2018,30,8,129,145,0.0
2018,30,8,130,144,1169316833.0
2018,30,8,130,145,169600000.0
2018,30,8,131,133,40950000.0
2018,30,8,131,135,11740500.0
2018,30,8,131,141,10400000.0
2018,30,8,131,144,469150000.0
2018,30,8,131,145,78050000.0
2018,30,8,132,141,59000000.0
2018,30,8,132,144,490800000.0
2018,30,8,132,145,32500000.0
2018,30,8,133,144,105000000.0
2018,30,9,134,133,64800000.0
2018,30,9,134,144,958796154.0
2018,30,9,134,145,100500000.0
2018,30,9,136,144,592005000.0
2018,30,9,136,145,104900000.0
2018,30,9,137,144,282750000.0
2018,30,9,137,145,54000000.0
2018,30,9,138,141,1106112700.0
2018,30,9,138,144,31900000.0
2018,30,9,139,144,362926998.0
2018,30,9,140,133,32400000.0
2018,30,9,140,144,289858333.0
2018,30,9,140,145,52900000.0
2018,30,9,141,133,36800000.0
2018,30,9,141,135,12598133.0
2018,30,9,141,144,211400000.0
2018,30,9,141,145,5000000.0
2018,30,9,142,123,8286999.0
2018,30,9,142,144,453950000.0
2018,30,9,142,145,250900000.0
2018,30,9,143,133,20500000.0
2018,30,9,143,144,638050000.0
2018,30,9,143,145,105600000.0
2018,30,9,144,133,16200000.0
2018,30,9,144,144,199952000.0
2018,30,9,145,133,48600000.0
2018,30,9,145,144,115680000.0
2018,30,9,145,145,53500000.0
2018,30,9,146,133,19200000.0
2018,30,9,146,144,128000000.0
2018,30,9,146,145,118500000.0
2018,30,9,149,123,14510000.0
2018,30,9,149,133,82200000.0
2018,30,9,149,144,504700000.0
2018,30,9,150,133,38568750.0
2018,30,9,150,144,149200000.0
2018,30,9,150,145,123200000.0
2018,30,10,151,123,53289275.0
2018,30,10,151,133,1753986080.0
2018,30,10,151,137,70000000.0
2018,30,10,151,142,2106214205.0
2018,30,10,151,144,31542593058.0
2018,30,10,152,133,100200000.0
2018,30,10,152,141,21600000.0
2018,30,10,152,144,4097192304.0
2018,30,10,153,133,56400000.0
2018,30,10,153,144,558460000.0
2018,30,10,153,145,20400000.0
2018,30,10,154,133,3600000.0
2018,30,10,154,144,727194644.0
2018,30,10,154,145,52500000.0
2018,30,10,155,123,6144163.0
2018,30,10,155,133,356443807.0
2018,30,10,155,144,7820005001.0
2018,30,10,155,145,41600000.0
2018,30,10,156,133,41600000.0
2018,30,10,156,144,335285117.0
2018,30,10,156,145,167766800.0
2018,30,10,157,123,12100000.0
2018,30,10,157,133,31600000.0
2018,30,10,157,144,914849920.0
2018,30,10,157,145,54000000.0
2018,30,10,158,133,32400000.0
2018,30,10,158,144,443099000.0
2018,30,10,158,145,84000000.0
2018,30,10,159,133,11425000.0
2018,30,10,159,144,170943476.0
2018,30,10,159,145,55500000.0
2018,30,10,160,133,18000000.0
2018,30,10,160,144,439519341.0
2018,30,10,160,145,45000000.0
2018,30,10,161,133,15600000.0
2018,30,10,161,144,772788204.0
2018,30,10,161,145,41800000.0
2018,30,10,162,133,217700000.0
2018,30,10,162,144,2363049722.0
2018,30,10,162,145,108000000.0
2018,30,10,163,133,57800000.0
2018,30,10,163,144,590981665.0
2018,30,10,163,145,32400000.0
2018,30,10,164,123,46466364.0
2018,30,10,164,133,12500000.0
2018,30,10,164,141,105600000.0
2018,30,10,164,144,31246617.0
2018,30,10,164,145,525600000.0
2018,30,10,165,133,100950000.0
2018,30,10,165,144,319858061.0
2018,30,10,165,145,37500000.0
2018,30,10,166,133,248953800.0
2018,30,10,166,144,895700000.0
2018,30,10,166,145,305500000.0
2018,30,10,167,142,26400000.0
2018,30,10,167,144,808228417.0
2018,30,10,167,145,239000000.0
2018,30,10,168,133,47095000.0
2018,30,10,168,141,33000000.0
2018,30,10,168,142,17500000.0
2018,30,10,168,144,627123333.0
2018,30,10,168,145,203100000.0
2018,30,10,169,123,500000.0
2018,30,10,169,133,12600000.0
2018,30,10,169,144,1431210000.0
2018,30,10,169,145,140850000.0
2018,30,10,170,133,41400000.0
2018,30,10,170,144,274366276.0
2018,30,10,170,145,62780000.0
2018,30,10,240,123,44400000.0
2018,30,10,240,144,232600000.0
2018,30,10,246,144,159380000.0
2018,30,10,246,145,77200000.0
2018,30,11,171,133,85514365.0
2018,30,11,171,141,1338718246.0
2018,30,11,171,144,387376887.0
2018,30,11,171,145,138536443.0
2018,30,11,172,133,242685547.0
2018,30,11,172,135,171388396.0
2018,30,11,172,137,1680000.0
2018,30,11,172,141,256575000.0
2018,30,11,172,142,162500000.0
2018,30,11,172,144,9464912248.0
2018,30,11,172,145,205700000.0
2018,30,11,173,123,294368380.0
2018,30,11,173,131,732668226.0
2018,30,11,173,133,1719685868.0
2018,30,11,173,141,2933396970.0
2018,30,11,173,144,9193832055.0
2018,30,11,174,133,30600000.0
2018,30,11,174,144,1314056425.0
2018,30,11,174,145,367127265.0
2018,30,11,175,133,2400000.0
2018,30,11,175,135,123811887.0
2018,30,11,175,144,2308089809.0
2018,30,11,175,145,43200000.0
2018,30,11,176,133,244425000.0
2018,30,11,176,141,152906000.0
2018,30,11,176,144,3113429880.0
2018,30,11,176,145,493405000.0
2018,30,11,177,133,455270000.0
2018,30,11,177,141,8936236724.0
2018,30,11,177,144,2393688509.0
2018,30,11,177,145,56250744.0
2018,30,11,178,133,72000000.0
2018,30,11,178,144,2206795070.0
2018,30,11,179,123,178275306.0
2018,30,11,179,131,129957640.0
2018,30,11,179,133,1168957962.0
2018,30,11,179,141,2077465419.0
2018,30,11,179,144,13808814301.0
2018,30,11,179,145,1578784368.0
2018,30,11,180,123,26895000.0
2018,30,11,180,133,704900000.0
2018,30,11,180,141,7045524998.0
2018,30,11,180,144,884950000.0
2018,30,11,180,145,1321100000.0
2018,30,11,181,123,3123725.0
2018,30,11,181,133,32272041.0
2018,30,11,181,135,29247355.0
2018,30,11,181,141,15562232.0
2018,30,11,181,144,423854034.0
2018,30,11,181,145,147600000.0
2018,30,11,182,123,1943152.0
2018,30,11,182,133,416860000.0
2018,30,11,182,135,449332454.0
2018,30,11,182,141,2467926164.0
2018,30,11,182,144,2680542077.0
2018,30,11,182,145,539500000.0
2018,30,11,183,133,86500000.0
2018,30,11,183,136,24000000.0
2018,30,11,183,144,2113039600.0
2018,30,11,184,123,487892277.0
2018,30,11,184,133,1185021499.0
2018,30,11,184,141,5940237705.0
2018,30,11,184,144,5553075318.0
2018,30,11,184,145,94000000.0
2018,30,11,185,133,1016276792.0
2018,30,11,185,143,258714615.0
2018,30,11,185,144,3569465471.0
2018,30,11,186,133,104674961.0
2018,30,11,186,144,1652701990.0
2018,30,11,186,145,46610724.0
2018,30,11,187,125,15840000.0
2018,30,11,187,133,96600000.0
2018,30,11,187,141,14400000.0
2018,30,11,187,144,1495387500.0
2018,30,11,188,123,24000000.0
2018,30,11,188,144,1591241066.0
2018,30,11,188,145,142000000.0
2018,30,11,189,133,9100000.0
2018,30,11,189,141,13500000.0
2018,30,11,189,144,870847934.0
2018,30,11,189,145,31900000.0
2018,30,12,191,134,0.0
2018,30,12,191,144,315000000.0
2018,30,12,192,144,373492000.0
2018,30,12,193,133,14580000.0
2018,30,12,193,144,212900000.0
2018,30,12,194,144,292985000.0
2018,30,12,194,145,132000000.0
2018,30,12,195,125,21600000.0
2018,30,12,195,144,277500000.0
2018,30,12,196,144,49000000.0
2018,30,12,197,125,16230000.0
2018,30,12,197,144,254150000.0
2018,30,12,199,144,47950000.0
2018,30,12,200,144,52500000.0
2018,30,12,203,144,199650000.0
2018,30,12,205,144,469680000.0
2018,30,13,206,123,296654193.0
2018,30,13,206,144,7870284483.0
2018,30,13,207,144,507580000.0
2018,30,13,208,133,83000000.0
2018,30,13,208,144,706004343.0
2018,30,13,208,145,230980000.0
2018,30,13,242,133,30000000.0
2018,30,13,242,144,344500000.0
2018,30,13,250,144,58500000.0
2018,30,14,209,133,76400000.0
2018,30,14,209,135,901902502.0
2018,30,14,209,144,5148554363.0
2018,30,14,209,145,311400000.0
2018,30,14,210,144,549700000.0
2018,30,14,210,145,192150000.0
2018,30,14,211,123,21305667.0
2018,30,14,211,144,1288488539.0
2018,30,14,211,145,111600000.0
2018,30,14,212,144,409553855.0
2018,30,14,212,145,26400000.0
2018,30,14,213,144,224484000.0
2018,30,14,213,145,238250000.0
2018,30,14,214,141,39000000.0
2018,30,14,214,144,119340000.0
2018,30,14,214,145,58500000.0
2018,30,14,215,144,285150000.0
2018,30,14,215,145,24000000.0
2018,30,14,216,144,457473320.0
2018,30,14,216,145,127000000.0
2018,30,14,217,123,3193000.0
2018,30,14,217,133,134388000.0
2018,30,14,217,134,800000.0
2018,30,14,217,135,14374198.0
2018,30,14,217,141,13211500.0
2018,30,14,217,144,1282042942.0
2018,30,14,217,145,100750000.0
2018,30,14,218,144,293663785.0
2018,30,14,218,145,241600000.0
2018,30,14,219,123,70553400.0
2018,30,14,219,131,24000000.0
2018,30,14,219,133,176783333.0
2018,30,14,219,141,15750000.0
2018,30,14,219,144,1098564571.0
2018,30,14,219,145,435400000.0
2018,30,14,244,144,456000000.0
2018,30,14,247,144,374400000.0
2018,30,14,247,145,65000000.0
2018,30,14,251,144,62000000.0
2018,30,15,220,123,2928344.0
2018,30,15,220,133,144307328.0
2018,30,15,220,144,571680730.0
2018,30,15,220,145,97250000.0
2018,30,15,221,123,6033756.0
2018,30,15,221,144,712266667.0
2018,30,15,221,145,126333333.0
2018,30,15,222,131,107498344.0
2018,30,15,222,133,502143087.0
2018,30,15,222,144,2395775879.0
2018,30,15,223,144,470700000.0
2018,30,15,223,145,60000000.0
2018,30,15,224,133,28800000.0
2018,30,15,224,144,542170000.0
2018,30,15,224,145,120800000.0
2018,30,15,229,133,179690000.0
2018,30,15,229,144,733336920.0
2018,30,15,229,145,262200000.0
2018,30,15,232,144,312400000.0
2018,30,15,233,133,37459722.0
2018,30,15,233,144,519033332.0
2018,30,15,233,145,110900000.0
2018,30,16,228,123,38573938.0
2018,30,16,228,133,325054675.0
2018,30,16,228,144,3469029003.0
2018,30,16,228,145,707400000.0
2018,30,16,230,133,201209619.0
2018,30,16,230,144,3609323840.0
2018,30,16,230,145,739852764.0
2018,30,16,231,133,156436095.0
2018,30,16,231,135,285260343.0
2018,30,16,231,144,1200544423.0
2018,30,16,231,145,559780000.0
2018,30,17,226,123,0.0
2018,30,17,226,141,9000000.0
2018,30,17,226,144,300579000.0
2018,30,17,227,144,164000000.0
2018,40,1,1,122,107785242.0
2018,40,1,1,123,1314505444.0
2018,40,1,1,131,16599782343.0
2018,40,1,1,133,39787129124.0
2018,40,1,1,135,1645000.0
2018,40,2,1,123,11022766844.0
2018,40,2,1,131,3886181642.0
2018,40,2,1,133,27721268400.0
2018,40,2,1,145,1244170992.0
2018,40,3,1,123,80534403.0
2018,40,3,1,125,377390170.0
2018,40,3,1,131,155811150.0
2018,40,3,1,144,327456935.0
2018,40,3,1,145,311454024.0
2019,11,1,1,123,306391910.0
2019,11,1,1,125,105911196.0
2019,11,1,1,131,396000000.0
2019,11,1,1,133,6140993038.0
2019,11,1,1,137,775833333.0
2019,11,1,1,144,5764149351.0
2019,11,1,1,145,2554915023.0
2019,11,2,1,123,389486134.0
2019,11,2,1,125,28659096.0
2019,11,2,1,131,654000000.0
2019,11,2,1,133,15064929700.0
2019,11,2,1,137,2733831100.0
2019,11,2,1,144,4415594349.0
2019,11,2,1,145,4757852544.0
2019,11,3,1,123,1554790387.0
2019,11,3,1,131,1366987253.0
2019,11,3,1,133,7782727170.0
2019,11,3,1,137,2063532780.0
2019,11,3,1,144,15478574305.0
2019,11,3,1,145,12440308175.0
2019,12,1,1,123,429629885.0
2019,12,1,1,125,51978312.0
2019,12,1,1,131,692540000.0
2019,12,1,1,133,3639459839.0
2019,12,1,1,137,151911110.0
2019,12,1,1,141,435428019.0
2019,12,1,1,144,1972558915.0
2019,12,1,1,145,2398124690.0
2019,12,1,2,123,13944529.0
2019,12,1,2,125,50086959.0
2019,12,1,2,131,30400000.0
2019,12,1,2,133,3164411774.0
2019,12,1,2,137,11837664276.0
2019,12,1,2,144,63708311.0
2019,12,1,5,123,893455498.0
2019,12,1,5,125,107839874.0
2019,12,1,5,131,565800000.0
2019,12,1,5,133,2968517363.0
2019,12,1,5,137,119080000.0
2019,12,1,5,141,264934128.0
2019,12,1,5,144,1164578698.0
2019,12,1,5,145,2293554034.0
2019,12,1,6,133,481819898.0
2019,12,1,6,137,39000000.0
2019,12,1,6,144,234935555.0
2019,12,1,7,123,904990946.0
2019,12,1,7,125,6714425.0
2019,12,1,7,131,253999976.0
2019,12,1,7,133,1683619573.0
2019,12,1,7,137,54670909.0
2019,12,1,7,141,7826452052.0
2019,12,1,7,144,1918170241.0
2019,12,1,7,145,3664524901.0
2019,12,1,11,131,1000338220.0
2019,12,1,11,133,8509266825.0
2019,12,1,11,137,1800090465.0
2019,12,1,11,142,109897980.0
2019,12,1,11,144,611217173.0
2019,12,1,12,133,226850000.0
2019,12,1,12,145,91000000.0
2019,12,1,14,123,153083699.0
2019,12,1,14,125,5396083.0
2019,12,1,14,131,198250000.0
2019,12,1,14,133,1609295636.0
2019,12,1,14,137,31200000.0
2019,12,1,14,144,1299023295.0
2019,12,1,14,145,1151154472.0
2019,12,1,15,123,50817425.0
2019,12,1,15,131,364334318.0
2019,12,1,15,133,2191056921.0
2019,12,1,15,137,41045277.0
2019,12,1,15,144,112217291.0
2019,12,1,15,145,156650000.0
2019,12,1,17,123,29992070.0
2019,12,1,17,125,16673226.0
2019,12,1,17,131,39576371.0
2019,12,1,17,133,597479269.0
2019,12,1,17,137,58500000.0
2019,12,1,17,144,5584216337.0
2019,12,1,17,145,1500074157.0
2019,12,1,18,123,777298811.0
2019,12,1,18,125,349464862.0
2019,12,1,18,131,593690933.0
2019,12,1,18,133,2875966051.0
2019,12,1,18,137,129499500.0
2019,12,1,18,141,130028333.0
2019,12,1,18,144,2154008043.0
2019,12,1,18,145,3676431374.0
2019,12,1,20,123,14343825.0
2019,12,1,20,131,30041452.0
2019,12,1,20,133,1025590054.0
2019,12,1,20,144,97293517.0
2019,12,1,20,145,130000000.0
2019,12,1,21,123,374149530.0
2019,12,1,21,125,377348500.0
2019,12,1,21,131,712800000.0
2019,12,1,21,133,1324420128.0
2019,12,1,21,137,357154715.0
2019,12,1,21,141,1215846101.0
2019,12,1,21,144,631374726.0
2019,12,1,21,145,826150000.0
2019,12,1,23,123,147053110.0
2019,12,1,23,125,139136067.0
2019,12,1,23,131,271397686.0
2019,12,1,23,133,1564660389.0
2019,12,1,23,141,1160196584.0
2019,12,1,23,144,387605005.0
2019,12,1,23,145,1387596230.0
2019,12,1,29,133,474968590.0
2019,12,1,29,137,53300000.0
2019,12,1,29,144,90664119.0
2019,12,1,29,145,117975000.0
2019,12,1,30,123,489721876.0
2019,12,1,30,133,3621352399.0
2019,12,1,30,137,24266667.0
2019,12,1,30,141,1113828721.0
2019,12,1,30,142,3213622814.0
2019,12,1,30,144,1722189314.0
2019,12,1,30,145,383436127.0
2019,12,1,36,123,353222918.0
2019,12,1,36,125,81288214.0
2019,12,1,36,131,322921745.0
2019,12,1,36,133,1506647505.0
2019,12,1,36,137,14227749.0
2019,12,1,36,141,76236245.0
2019,12,1,36,144,211481076.0
2019,12,1,36,145,476448131.0
2019,12,1,38,123,7078859.0
2019,12,1,38,125,6817255.0
2019,12,1,38,133,967742463.0
2019,12,1,38,144,444105542.0
2019,12,1,38,145,1065977908.0
2019,12,1,40,131,35440000.0
2019,12,1,40,133,524315964.0
2019,12,1,40,137,68726666.0
2019,12,1,40,144,61750000.0
2019,12,1,40,145,76960000.0
2019,12,1,50,131,20000000.0
2019,12,1,50,133,650326586.0
2019,12,1,51,123,64932429.0
2019,12,1,51,125,47716855.0
2019,12,1,51,131,1680000.0
2019,12,1,51,133,564453425.0
2019,12,1,51,144,508767762.0
2019,12,1,51,145,84066667.0
2019,12,1,53,133,691621877.0
2019,12,1,53,137,41600000.0
2019,12,1,53,144,135749390.0
2019,12,1,53,145,72072000.0
2019,12,1,54,123,60085551.0
2019,12,1,54,125,5714796.0
2019,12,1,54,131,24000000.0
2019,12,1,54,133,784696796.0
2019,12,1,54,137,49594422.0
2019,12,1,54,144,11178964.0
2019,12,1,54,145,259675000.0
2019,12,2,1,123,55389791.0
2019,12,2,1,131,310004711.0
2019,12,2,1,133,985849076.0
2019,12,2,1,137,693225006.0
2019,12,2,1,141,40866667.0
2019,12,2,1,144,434396591.0
2019,12,2,1,145,79866667.0
2019,12,3,1,123,1821898251.0
2019,12,3,1,125,599341992.0
2019,12,3,1,131,1719948120.0
2019,12,3,1,133,6894857421.0
2019,12,3,1,137,1202520393.0
2019,12,3,1,141,3097040191.0
2019,12,3,1,144,1660522168.0
2019,12,3,1,145,3435868469.0
2019,12,3,2,123,450321748.0
2019,12,3,2,131,1111250000.0
2019,12,3,2,133,29278699327.0
2019,12,3,2,136,188760750234.0
2019,12,3,2,137,14707022333.0
2019,12,3,2,138,234094740675.0
2019,12,3,2,142,5171655762.0
2019,12,3,2,148,72861360.0
2019,12,4,1,123,2126826349.0
2019,12,4,1,125,904501910.0
2019,12,4,1,131,1978360000.0
2019,12,4,1,133,10345526113.0
2019,12,4,1,134,482230461.0
2019,12,4,1,137,476544997.0
2019,12,4,1,144,1126195301.0
2019,12,4,1,145,1268051496.0
2019,12,4,1,146,30073324714.0
2019,12,4,1,148,324500000.0
2019,12,4,1,161,134831822928.0
2019,12,4,1,162,11164601257.0
2019,12,4,1,163,12189325176.0
2019,12,5,1,123,8372319.0
2019,12,5,1,125,39638033.0
2019,12,5,1,131,7601180000.0
2019,12,5,1,133,51696661994.0
2019,12,5,1,136,110004934067.0
2019,12,5,1,137,23725853566.0
2019,12,5,1,138,124852044772.0
2019,12,5,1,141,138829167.0
2019,12,5,1,142,3720831745.0
2019,12,5,1,144,5034123399.0
2019,12,5,1,145,614036656.0
2019,12,5,1,148,254035424.0
2019,12,5,1,162,9181612920.0
2019,12,5,1,163,765134410.0
2019,12,6,1,123,19348968349.0
2019,12,6,1,125,10400760905.0
2019,12,6,1,131,12442664286.0
2019,12,6,1,133,17741668525.0
2019,12,6,1,137,1345564090.0
2019,12,6,1,141,220318834.0
2019,12,6,1,144,10963396161.0
2019,12,6,1,145,19963631951.0
2019,12,7,1,123,5936183453.0
2019,12,7,1,125,3994985117.0
2019,12,7,1,131,75823220000.0
2019,12,7,1,132,400549330727.0
2019,12,7,1,133,21421869395.0
2019,12,7,1,137,752374979.0
2019,12,7,1,141,1174182580.0
2019,12,7,1,143,1838756962.0
2019,12,7,1,144,5216329709.0
2019,12,7,1,145,3491941341.0
2019,12,7,1,148,176740083.0
2019,12,8,1,123,20695615212.0
2019,12,8,1,125,15761005654.0
2019,12,8,1,131,13627998326.0
2019,12,8,1,133,150496191208.0
2019,12,8,1,137,2237498812.0
2019,12,8,1,141,793269039.0
2019,12,8,1,142,885469639419.0
2019,12,8,1,143,20382354817.0
2019,12,8,1,144,112529659352.0
2019,12,8,1,145,3710249787.0
2019,12,9,1,123,1621482237.0
2019,12,9,1,125,439094526.0
2019,12,9,1,131,14741458857.0
2019,12,9,1,133,24947647918.0
2019,12,9,1,137,523556168.0
2019,12,9,1,142,165151074.0
2019,12,9,1,144,18475590743.0
2019,12,9,1,145,1656491448.0
2019,12,10,1,123,6915267827.0
2019,12,10,1,125,2006130480.0
2019,12,10,1,131,1688040000.0
2019,12,10,1,133,7678386971.0
2019,12,10,1,137,1202750987.0
2019,12,10,1,141,8234554710.0
2019,12,10,1,144,7431217437.0
2019,12,10,1,145,52536226687.0
2019,12,11,1,123,1429438344.0
2019,12,11,1,125,953330408.0
2019,12,11,1,131,1307500000.0
2019,12,11,1,133,3330961678.0
2019,12,11,1,137,242761100.0
2019,12,11,1,141,125639666.0
2019,12,11,1,144,1509940654.0
2019,12,11,1,145,7259249995.0
2019,12,11,1,161,1373443545.0
2019,12,11,1,162,718410595.0
2019,12,11,1,163,180144684.0
2019,12,13,1,123,9358055144.0
2019,12,13,1,125,2215114259.0
2019,12,13,1,131,4808550000.0
2019,12,13,1,133,19316214604.0
2019,12,13,1,137,1157174611.0
2019,12,13,1,141,9573509297.0
2019,12,13,1,144,21096907449.0
2019,12,13,1,145,13640810631.0
2019,12,14,1,123,11765491.0
2019,12,14,1,125,1524118.0
2019,12,14,1,131,65000000.0
2019,12,14,1,133,1321025762.0
2019,12,14,1,137,240780000.0
2019,12,14,1,144,1960983421.0
2019,12,14,1,145,4992570047.0
2019,12,16,1,123,3019040497.0
2019,12,16,1,125,1396779381.0
2019,12,16,1,131,1047500000.0
2019,12,16,1,133,10043381892.0
2019,12,16,1,137,307808333.0
2019,12,16,1,141,7904791468.0
2019,12,16,1,144,6542056604.0
2019,12,16,1,145,17191471461.0
2019,12,16,1,148,32381295996.0
2019,12,17,1,123,1384384541.0
2019,12,17,1,125,338981367.0
2019,12,17,1,131,775500000.0
2019,12,17,1,133,3842923995.0
2019,12,17,1,136,320000000.0
2019,12,17,1,137,71865834.0
2019,12,17,1,144,1530082992.0
2019,12,17,1,145,235994300.0
2019,12,18,1,123,894399064.0
2019,12,18,1,125,107222306.0
2019,12,18,1,131,496711336.0
2019,12,18,1,133,3696571614.0
2019,12,18,1,137,569863635.0
2019,12,18,1,141,6167120731.0
2019,12,18,1,144,19441991471.0
2019,12,18,1,145,11887106096.0
2019,12,19,1,123,1475073775.0
2019,12,19,1,125,646567027.0
2019,12,19,1,131,426372064.0
2019,12,19,1,133,3908305920.0
2019,12,19,1,137,576158833.0
2019,12,19,1,144,5767657067.0
2019,12,19,1,145,13330935730.0
2019,12,20,1,123,415598495.0
2019,12,20,1,125,686432601.0
2019,12,20,1,133,2815851961.0
2019,12,20,1,137,24210000.0
2019,12,20,1,141,2386655561.0
2019,12,20,1,144,2570411613.0
2019,12,20,1,145,4531005615.0
2019,12,21,1,123,534016029.0
2019,12,21,1,125,241379711.0
2019,12,21,1,131,623675000.0
2019,12,21,1,133,3648461901.0
2019,12,21,1,137,84054443.0
2019,12,21,1,141,980025042.0
2019,12,21,1,144,4090130272.0
2019,12,21,1,145,2524491502.0
2019,13,1,1,123,435347637.0
2019,13,1,1,131,890232339.0
2019,13,1,1,133,3011154198.0
2019,13,1,1,137,1736197200.0
2019,13,1,1,142,101018472.0
2019,13,1,1,144,11958199282.0
2019,13,1,1,145,5650833481.0
2019,13,2,1,123,2207888228.0
2019,13,2,1,131,2864000000.0
2019,13,2,1,133,19403164767.0
2019,13,2,1,137,837523315.0
2019,13,2,1,144,56079257362.0
2019,13,2,1,145,6445769805.0
2019,13,3,1,123,2222493201.0
2019,13,3,1,131,4766770000.0
2019,13,3,1,133,70161781849.0
2019,13,3,1,137,3244824984.0
2019,13,3,1,141,1053665321.0
2019,13,3,1,144,11746515423.0
2019,13,3,1,145,5744017242.0
2019,13,4,1,123,206970856.0
2019,13,4,1,125,38999105.0
2019,13,4,1,131,185220000.0
2019,13,4,1,133,2731408433.0
2019,13,4,1,137,232716250.0
2019,13,4,1,144,1722017876.0
2019,13,4,1,145,1232146815.0
2019,13,4,1,148,2182000000.0
2019,13,5,1,123,712168307.0
2019,13,5,1,125,239858986.0
2019,13,5,1,131,264000000.0
2019,13,5,1,133,4187613035.0
2019,13,5,1,137,208953333.0
2019,13,5,1,144,1249585504.0
2019,13,5,1,145,1024338493.0
2019,13,6,1,123,488744955.0
2019,13,6,1,125,30660674.0
2019,13,6,1,131,153792968.0
2019,13,6,1,133,1411395835.0
2019,13,6,1,137,469733332.0
2019,13,6,1,144,9780091741.0
2019,13,6,1,145,6325903408.0
2019,13,7,1,133,2205475424.0
2019,13,7,1,144,556466666.0
2019,13,7,1,145,223058333.0
2019,14,1,1,123,6926056714.0
2019,14,1,1,125,6616033263.0
2019,14,1,1,131,526200000.0
2019,14,1,1,133,8817647830.0
2019,14,1,1,137,210156248.0
2019,14,1,1,144,1366439359.0
2019,14,1,1,145,2122585379.0
2019,15,1,1,133,373276334.0
2019,15,1,1,144,1833069918.0
2019,15,1,1,145,1180836570.0
2019,15,2,1,131,15000000.0
2019,15,2,1,133,914791919.0
2019,15,2,1,144,27463306.0
2019,15,2,1,145,142968000.0
2019,21,1,1,123,569400227.0
2019,21,1,1,125,349814067.0
2019,21,1,1,131,23313739130.0
2019,21,1,1,133,15804106292.0
2019,21,1,1,142,207399924.0
2019,21,1,1,144,102082998.0
2019,21,1,1,145,1181413191.0
2019,22,1,1,123,60521719.0
2019,22,1,1,133,198129631.0
2019,22,1,1,141,144620000.0
2019,22,1,1,144,1175878690.0
2019,22,1,1,145,227555000.0
2019,22,2,1,123,14097423.0
2019,22,2,1,133,209031122.0
2019,22,2,1,144,715375008.0
2019,22,2,1,145,142000000.0
2019,22,3,1,133,406200000.0
2019,22,3,1,137,91089498.0
2019,22,3,1,142,35400000.0
2019,22,3,1,144,648916972.0
2019,22,3,1,145,308500000.0
2019,22,4,1,133,326878000.0
2019,22,4,1,144,1836023405.0
2019,22,4,1,145,571668323.0
2019,22,4,1,147,32041665.0
2019,22,5,1,133,14139585.0
2019,22,5,1,144,1296743756.0
2019,22,5,1,145,407800000.0
2019,22,5,1,147,150500000.0
2019,22,6,1,131,16920000.0
2019,22,6,1,133,531077877.0
2019,22,6,1,144,1836323140.0
2019,22,6,1,145,284805000.0
2019,22,7,1,133,211385155.0
2019,22,7,1,142,157681182.0
2019,22,7,1,144,2370592900.0
2019,22,7,1,145,259101736.0
2019,22,8,1,133,4800000.0
2019,22,8,1,144,830283720.0
2019,22,8,1,145,139508628.0
2019,22,9,1,133,79193520.0
2019,22,9,1,144,2051350986.0
2019,22,9,1,145,231000000.0
2019,22,10,1,123,71636883.0
2019,22,10,1,131,6650000.0
2019,22,10,1,133,225718580.0
2019,22,10,1,141,1995517434.0
2019,22,10,1,144,1943446958.0
2019,22,10,1,145,671036048.0
2019,22,11,1,133,1436129458.0
2019,22,11,1,141,506450000.0
2019,22,11,1,144,701229535.0
2019,22,11,1,145,796924984.0
2019,22,12,1,131,2450000.0
2019,22,12,1,133,334551391.0
2019,22,12,1,144,891999764.0
2019,22,12,1,145,67600000.0
2019,22,13,1,141,905406068.0
2019,22,13,1,142,513237499.0
2019,22,13,1,144,1359113512.0
2019,22,13,1,145,573814394.0
2019,22,14,1,144,1142592120.0
2019,22,15,1,133,425466045.0
2019,22,15,1,141,121700000.0
2019,22,15,1,144,1245789196.0
2019,22,15,1,145,207100000.0
2019,22,16,1,123,206365185.0
2019,22,16,1,133,1400646032.0
2019,22,16,1,142,1550056696.0
2019,22,16,1,144,1493167300.0
2019,22,16,1,145,1014766800.0
2019,22,17,1,123,65699328.0
2019,22,17,1,133,374472480.0
2019,22,17,1,141,0.0
2019,22,17,1,144,0.0
2019,22,17,1,145,0.0
2019,23,1,1,123,637124500.0
2019,23,1,1,125,105847738.0
2019,23,1,1,131,2529000000.0
2019,23,1,1,133,3278780064.0
2019,23,1,1,144,1835633606.0
2019,23,1,1,145,1046530524.0
2019,23,3,1,123,637179071.0
2019,23,3,1,125,347180920.0
2019,23,3,1,131,526900000.0
2019,23,3,1,133,6164291531.0
2019,23,3,1,137,177150000.0
2019,23,3,1,141,665114660.0
2019,23,3,1,144,1719587052.0
2019,23,3,1,145,980827360.0
2019,23,4,1,123,225898849.0
2019,23,4,1,131,380405088.0
2019,23,4,1,133,952504385.0
2019,23,4,1,144,244898172.0
2019,23,4,1,145,460061249.0
2019,23,6,1,123,5583200.0
2019,23,6,1,133,2039528051.0
2019,23,6,1,137,33000000.0
2019,23,6,1,141,52800000.0
2019,23,6,1,144,183701070.0
2019,23,6,1,145,90301488.0
2019,23,8,1,133,75397131.0
2019,23,8,1,141,71405396.0
2019,23,8,1,144,49304701.0
2019,23,8,1,145,130528399.0
2019,23,9,1,123,1551133.0
2019,23,9,1,133,528870559.0
2019,23,10,1,122,45333344.0
2019,23,10,1,123,354077364.0
2019,23,10,1,125,153521860.0
2019,23,10,1,131,346237440.0
2019,23,10,1,133,1412696592.0
2019,23,10,1,137,6000000.0
2019,23,10,1,141,227536272.0
2019,23,10,1,144,1160181363.0
2019,23,10,1,145,554425516.0
2019,23,11,1,131,28500000.0
2019,23,11,1,133,2674488378.0
2019,23,11,1,134,0.0
2019,23,11,1,137,21840000.0
2019,23,11,1,144,1431350774.0
2019,23,11,1,145,195761496.0
2019,23,13,1,123,9861938.0
2019,23,13,1,133,1723455068.0
2019,23,13,1,144,817547629.0
2019,23,13,1,145,756422330.0
2019,23,14,1,131,194349929.0
2019,23,14,1,133,1571240189.0
2019,23,14,1,144,1170904320.0
2019,23,14,1,145,1430461517.0
2019,23,15,1,122,9051409997.0
2019,23,15,1,123,8668619474.0
2019,23,15,1,125,200941356.0
2019,23,15,1,131,9773860000.0
2019,23,15,1,133,7675900005.0
2019,23,15,1,137,1502746368.0
2019,23,15,1,144,4023388464.0
2019,23,15,1,145,2469846197.0
2019,23,16,1,123,4969547094.0
2019,23,16,1,125,2634752040.0
2019,23,16,1,131,2217785000.0
2019,23,16,1,132,0.0
2019,23,16,1,133,11262649120.0
2019,23,16,1,144,3298288230.0
2019,23,16,1,145,4245858927.0
2019,23,17,1,123,79171243.0
2019,23,17,1,133,722944576.0
2019,23,17,1,137,28000000.0
2019,23,17,1,141,268071422.0
2019,23,17,1,144,162078833.0
2019,23,17,1,145,221160639.0
2019,23,18,1,122,992349936.0
2019,23,18,1,123,2182680600.0
2019,23,18,1,125,768360878.0
2019,23,18,1,131,898800000.0
2019,23,18,1,133,3994113881.0
2019,23,18,1,137,28708333.0
2019,23,18,1,141,655643569.0
2019,23,18,1,144,1204170488.0
2019,23,18,1,145,2608988950.0
2019,23,19,1,123,1152539119.0
2019,23,19,1,125,1061355001.0
2019,23,19,1,131,117000000.0
2019,23,19,1,133,2139887371.0
2019,23,19,1,144,965597210.0
2019,23,19,1,145,3727615058.0
2019,23,20,1,122,99794001.0
2019,23,20,1,123,259083298.0
2019,23,20,1,125,53337883.0
2019,23,20,1,131,155994074.0
2019,23,20,1,132,812520.0
2019,23,20,1,133,3401622147.0
2019,23,20,1,137,48166666.0
2019,23,20,1,141,308746875.0
2019,23,20,1,144,1408009324.0
2019,23,20,1,145,882370212.0
2019,23,21,1,123,192212107.0
2019,23,21,1,125,26578301.0
2019,23,21,1,133,2696289482.0
2019,23,21,1,136,26200000.0
2019,23,21,1,137,91044244.0
2019,23,21,1,144,1236133675.0
2019,23,21,1,145,228094332.0
2019,23,22,1,122,36000000.0
2019,23,22,1,123,837453159.0
2019,23,22,1,125,302624144.0
2019,23,22,1,131,839865000.0
2019,23,22,1,133,2617533125.0
2019,23,22,1,137,145600000.0
2019,23,22,1,141,1030928130.0
2019,23,22,1,144,4589023750.0
2019,23,22,1,145,2465533999.0
2019,23,24,1,123,667164208.0
2019,23,24,1,125,61936262.0
2019,23,24,1,131,149999904.0
2019,23,24,1,133,828582000.0
2019,23,24,1,137,45990000.0
2019,23,24,1,141,2130088344.0
2019,23,24,1,144,3702279125.0
2019,23,24,1,145,335729446.0
2019,23,25,1,123,532706849.0
2019,23,25,1,125,167741163.0
2019,23,25,1,131,1182200000.0
2019,23,25,1,133,2972283973.0
2019,23,25,1,137,84500000.0
2019,23,25,1,141,26263630.0
2019,23,25,1,145,344637243.0
2019,23,26,1,123,173352591.0
2019,23,26,1,131,32500000.0
2019,23,26,1,133,545149170.0
2019,23,27,1,123,38443099.0
2019,23,27,1,131,17500000.0
2019,23,27,1,133,150184095.0
2019,23,28,1,123,97317825.0
2019,23,28,1,125,118919295.0
2019,23,28,1,131,64600000.0
2019,23,28,1,133,750777133.0
2019,23,28,1,144,404704207.0
2019,23,28,1,145,461239991.0
2019,23,29,1,123,35773943.0
2019,23,29,1,125,19853915.0
2019,23,29,1,131,2000000.0
2019,23,29,1,133,370116909.0
2019,23,29,1,145,263466000.0
2019,23,30,1,123,223293763.0
2019,23,30,1,125,31895509.0
2019,23,30,1,133,928542729.0
2019,23,30,1,144,47133079.0
2019,23,30,1,145,435029926.0
2019,23,31,1,133,448145552.0
2019,23,32,1,133,47043058.0
2019,23,32,1,137,4000000.0
2019,23,32,1,144,28508332.0
2019,23,32,1,145,9727272.0
2019,23,33,1,131,38592000.0
2019,23,33,1,132,219801562.0
2019,23,33,1,133,325144035.0
2019,23,33,1,148,11364162.0
2019,23,34,1,123,19743185.0
2019,23,34,1,125,23562603.0
2019,23,34,1,131,70368338.0
2019,23,34,1,132,816944908.0
2019,23,34,1,133,269926372.0
2019,23,34,1,148,189681703.0
2019,24,1,1,122,43475000.0
2019,24,1,1,123,5555162754.0
2019,24,1,1,125,21356379123.0
2019,24,1,1,131,27328519263.0
2019,24,1,1,133,114049753244.0
2019,24,1,1,137,4390733392.0
2019,24,1,1,142,119741140675.0
2019,24,1,1,143,2486848002.0
2019,24,1,1,144,10663489743.0
2019,24,1,1,145,122241065.0
2019,24,2,1,123,9059851.0
2019,24,2,1,131,6760192.0
2019,24,2,1,142,10562810.0
2019,24,3,1,123,169706858.0
2019,24,3,1,125,19249609.0
2019,24,3,1,131,1349574000.0
2019,24,3,1,133,1236615056.0
2019,24,3,1,134,731343207.0
2019,24,3,1,141,50670606.0
2019,24,3,1,144,163617494.0
2019,24,3,1,145,69807792.0
2019,24,4,1,123,695272177.0
2019,24,4,1,131,2767083766.0
2019,24,4,1,133,1480703920.0
2019,24,4,1,144,2103990383.0
2019,24,5,1,122,13591200.0
2019,24,5,1,123,87890101.0
2019,24,5,1,131,13860000.0
2019,24,5,1,133,2556920194.0
2019,24,5,1,134,7180011.0
2019,24,5,1,141,42900000.0
2019,24,5,1,142,81900000.0
2019,24,5,1,144,680626147.0
2019,24,5,1,145,355010000.0
2019,25,2,1,122,6146333067.0
2019,25,2,1,123,59086509743.0
2019,25,2,1,125,28343250491.0
2019,25,2,1,131,130240914068.0
2019,25,2,1,133,113296125562.0
2019,25,2,1,137,779100000.0
2019,25,2,1,141,17397485229.0
2019,25,2,1,144,2936619997.0
2019,25,2,1,145,997975440.0
2019,25,4,1,122,1482880000.0
2019,25,4,1,123,1686421144.0
2019,25,4,1,131,629920500.0
2019,25,4,1,133,5819911668.0
2019,25,4,1,144,3084005489.0
2019,25,4,1,145,186964000.0
2019,25,5,1,122,1339716673.0
2019,25,5,1,123,64179314.0
2019,25,5,1,131,109235000.0
2019,25,5,1,133,7848824188.0
2019,25,5,1,141,11901384876.0
2019,25,5,1,144,1720800000.0
2019,25,5,1,145,1227000000.0
2019,25,6,1,122,157500000.0
2019,25,6,1,123,1540055759.0
2019,25,6,1,125,4661374503.0
2019,25,6,1,131,2813989505.0
2019,25,6,1,133,37515823753.0
2019,25,6,1,142,112273171.0
2019,25,6,1,144,6656336918.0
2019,25,6,1,145,1376478275.0
2019,25,7,1,123,4512851717.0
2019,25,7,1,125,2769815805.0
2019,25,7,1,131,3006606685.0
2019,25,7,1,133,11144206508.0
2019,25,7,1,142,389789775.0
2019,25,7,1,144,11526583815.0
2019,25,7,1,145,3206662345.0
2019,27,1,1,122,1798352120.0
2019,27,1,1,123,2081895430.0
2019,27,1,1,125,414465126.0
2019,27,1,1,131,30917159726.0
2019,27,1,1,133,23295033011.0
2019,27,1,1,141,1540247771.0
2019,27,1,1,144,8989866532.0
2019,27,1,1,145,2083409808.0
2019,27,3,1,122,168360186.0
2019,27,3,1,123,797433721.0
2019,27,3,1,125,31485074.0
2019,27,3,1,131,389521653.0
2019,27,3,1,133,2540191562.0
2019,27,3,1,135,2945499913.0
2019,27,3,1,144,660785532.0
2019,27,3,1,145,1119622696.0
2019,27,4,1,122,9600000.0
2019,27,4,1,123,5674134.0
2019,27,4,1,131,494000000.0
2019,27,4,1,133,1567080790.0
2019,27,4,1,134,1831341838.0
2019,27,4,1,137,31800000.0
2019,27,4,1,144,142367316.0
2019,27,4,1,145,62000000.0
2019,27,5,1,133,330107688.0
2019,27,5,1,144,43994470.0
2019,27,7,1,123,21294606.0
2019,27,7,1,125,18666695.0
2019,27,7,1,131,941800000.0
2019,27,7,1,133,5331825478.0
2019,27,7,1,144,57669810.0
2019,27,7,1,145,89986060.0
2019,28,1,1,123,3522508517.0
2019,28,1,1,125,1374918484.0
2019,28,1,1,131,9232213806.0
2019,28,1,1,133,74838556722.0
2019,28,1,1,137,34290776.0
2019,28,1,1,141,3203303517.0
2019,28,1,1,142,19944324296.0
2019,28,1,1,143,21870000.0
2019,28,1,1,144,15012168425.0
2019,28,1,1,145,17809883974.0
2019,28,1,1,148,10875896000.0
2019,28,2,1,123,70777817.0
2019,28,2,1,125,29617097.0
2019,28,2,1,131,136696400.0
2019,28,2,1,133,3724210880.0
2019,28,2,1,143,3000000.0
2019,28,2,1,144,3603630261.0
2019,28,2,1,145,2246388572.0
2019,28,2,1,148,104401426.0
2019,28,3,1,123,45863219.0
2019,28,3,1,125,26401020.0
2019,28,3,1,131,2520000.0
2019,28,3,1,133,3294613616.0
2019,28,3,1,141,76036356.0
2019,28,3,1,143,30000000.0
2019,28,3,1,144,944630845.0
2019,28,3,1,145,111190908.0
2019,28,4,1,123,34936883.0
2019,28,4,1,125,28841195.0
2019,28,4,1,131,1500000.0
2019,28,4,1,132,158600600.0
2019,28,4,1,133,1228166073.0
2019,28,4,1,134,426000.0
2019,28,4,1,143,16071249.0
2019,28,4,1,144,2762148155.0
2019,28,4,1,145,7314143.0
2019,28,4,1,148,132027499.0
2019,28,5,1,131,33910000.0
2019,28,5,1,133,275594815.0
2019,28,5,1,141,106500000.0
2019,28,5,1,143,6000000.0
2019,28,5,1,144,223959868.0
2019,28,5,1,145,33000000.0
2019,28,5,1,148,230791534.0
2019,28,6,1,133,1077390576.0
2019,28,6,1,144,426400000.0
2019,28,6,1,145,52505150.0
2019,28,7,1,133,282288320.0
2019,28,7,1,143,51772500.0
2019,28,7,1,144,30000000.0
2019,28,7,1,145,143750000.0
2019,28,8,1,123,12585262.0
2019,28,8,1,125,8839368.0
2019,28,8,1,131,800000.0
2019,28,8,1,133,256821943.0
2019,28,8,1,144,185044905.0
2019,30,1,3,133,24000000.0
2019,30,1,3,144,368020000.0
2019,30,1,4,133,75600000.0
2019,30,1,4,144,698010000.0
2019,30,1,4,145,27720000.0
2019,30,1,5,123,123200000.0
2019,30,1,5,144,273540000.0
2019,30,1,6,133,28937500.0
2019,30,1,6,135,2000000.0
2019,30,1,6,144,208150000.0
2019,30,1,7,144,16200000.0
2019,30,1,238,144,286980000.0
2019,30,1,241,144,375630000.0
2019,30,1,249,144,66000000.0
2019,30,1,524,144,52800000.0
2019,30,1,524,145,15600000.0
2019,30,2,8,132,45663000.0
2019,30,2,8,133,15800000.0
2019,30,2,8,135,6638700.0
2019,30,2,8,144,1221215000.0
2019,30,2,8,145,114000000.0
2019,30,2,11,133,0.0
2019,30,2,11,144,173900000.0
2019,30,2,12,131,14400000.0
2019,30,2,12,144,206049200.0
2019,30,2,13,133,12000000.0
2019,30,2,13,144,221400000.0
2019,30,2,13,145,60000000.0
2019,30,2,14,144,114150000.0
2019,30,2,15,144,749200000.0
2019,30,2,16,144,194730000.0
2019,30,2,16,145,0.0
2019,30,2,17,144,84340000.0
2019,30,2,18,133,7200000.0
2019,30,2,18,144,213000000.0
2019,30,2,18,145,20000000.0
2019,30,2,19,144,297600000.0
2019,30,2,19,145,87500000.0
2019,30,2,20,123,18700000.0
2019,30,2,20,144,189600000.0
2019,30,2,20,145,83900000.0
2019,30,2,22,144,514500000.0
2019,30,2,22,145,48000000.0
2019,30,2,23,133,4000000.0
2019,30,2,23,135,2962000.0
2019,30,2,23,144,149800000.0
2019,30,2,24,144,293100000.0
2019,30,2,24,145,114000000.0
2019,30,2,25,144,446500000.0
2019,30,2,25,145,87200000.0
2019,30,2,26,133,25200000.0
2019,30,2,26,144,693961104.0
2019,30,2,26,145,36000000.0
2019,30,2,239,135,15600000.0
2019,30,2,239,144,273600000.0
2019,30,2,239,145,24000000.0
2019,30,2,253,144,48000000.0
2019,30,3,27,133,17465922.0
2019,30,3,27,141,1878075622.0
2019,30,3,27,144,1317030780.0
2019,30,3,28,133,3600000.0
2019,30,3,28,141,42365000.0
2019,30,3,28,144,100200000.0
2019,30,3,29,144,641773542.0
2019,30,3,30,133,27000000.0
2019,30,3,30,144,346955000.0
2019,30,3,31,144,234034600.0
2019,30,3,32,144,903330000.0
2019,30,3,33,123,1700000.0
2019,30,3,33,135,25250576.0
2019,30,3,33,144,1058522566.0
2019,30,3,33,145,234983333.0
2019,30,3,34,144,217870000.0
2019,30,3,35,133,66000000.0
2019,30,3,35,144,482500000.0
2019,30,3,35,145,278600000.0
2019,30,3,36,141,160000000.0
2019,30,3,36,145,150000000.0
2019,30,3,37,133,1500000.0
2019,30,3,37,134,8940000.0
2019,30,3,37,144,256413166.0
2019,30,3,37,145,191050000.0
2019,30,3,39,123,14800000.0
2019,30,3,39,144,202380000.0
2019,30,3,39,145,110600000.0
2019,30,3,41,144,238636928.0
2019,30,3,42,133,118560000.0
2019,30,3,42,141,243501336.0
2019,30,3,42,142,196260000.0
2019,30,3,42,144,1766800504.0
2019,30,3,42,145,625094020.0
2019,30,3,42,147,16500000.0
2019,30,3,43,144,207350000.0
2019,30,3,44,133,47400000.0
2019,30,3,44,144,1029660000.0
2019,30,3,44,145,54000000.0
2019,30,3,45,133,11000000.0
2019,30,3,45,144,381400000.0
2019,30,3,46,144,95060000.0
2019,30,4,47,133,432000000.0
2019,30,4,47,144,2783426000.0
2019,30,4,48,144,138800000.0
2019,30,4,49,144,903920000.0
2019,30,4,49,145,3000000.0
2019,30,4,50,133,24684000.0
2019,30,4,50,144,264200000.0
2019,30,4,50,145,114300000.0
2019,30,4,51,133,4450000.0
2019,30,4,51,144,206728500.0
2019,30,4,53,133,162000000.0
2019,30,4,53,144,281440000.0
2019,30,4,53,145,71040000.0
2019,30,4,54,144,213140000.0
2019,30,4,54,145,85800000.0
2019,30,4,55,144,427820000.0
2019,30,4,56,144,231833333.0
2019,30,4,56,145,500000.0
2019,30,4,57,123,2400000.0
2019,30,4,57,144,175680000.0
2019,30,4,58,144,166730000.0
2019,30,4,59,144,124920000.0
2019,30,4,60,144,101070000.0
2019,30,4,61,144,70800000.0
2019,30,4,61,145,60000000.0
2019,30,4,62,144,98364195.0
2019,30,4,234,144,459845000.0
2019,30,4,234,145,49400000.0
2019,30,5,64,133,42300000.0
2019,30,5,64,141,590071833.0
2019,30,5,64,144,2203803109.0
2019,30,5,65,123,124548953.0
2019,30,5,65,133,213920000.0
2019,30,5,65,141,202180000.0
2019,30,5,65,144,3750790956.0
2019,30,5,65,145,199900000.0
2019,30,5,66,144,248900000.0
2019,30,5,67,133,7650000.0
2019,30,5,67,144,153230428.0
2019,30,5,68,132,4550000.0
2019,30,5,68,133,31117712.0
2019,30,5,68,144,267500000.0
2019,30,5,69,144,510700000.0
2019,30,5,70,123,21543165.0
2019,30,5,70,133,10150000.0
2019,30,5,70,135,0.0
2019,30,5,70,141,4000000.0
2019,30,5,70,144,528199831.0
2019,30,5,70,145,123500000.0
2019,30,5,71,133,27300000.0
2019,30,5,71,144,169900000.0
2019,30,5,72,144,219550000.0
2019,30,5,73,123,1200000.0
2019,30,5,73,133,187080000.0
2019,30,5,73,144,611861249.0
2019,30,5,73,145,34500000.0
2019,30,5,74,133,0.0
2019,30,5,74,135,0.0
2019,30,5,74,144,0.0
2019,30,5,74,145,0.0
2019,30,5,75,144,1527000000.0
2019,30,5,76,135,7316250.0
2019,30,5,76,144,1339610000.0
2019,30,5,77,123,23000000.0
2019,30,5,77,144,252325595.0
2019,30,5,77,145,12000000.0
2019,30,5,78,133,34250000.0
2019,30,5,78,134,16640001.0
2019,30,5,78,142,6000000.0
2019,30,5,78,144,281900000.0
2019,30,5,78,145,18800000.0
2019,30,5,79,133,3300000.0
2019,30,5,79,144,288100000.0
2019,30,5,81,144,252700000.0
2019,30,5,81,145,27000000.0
2019,30,5,82,133,20040000.0
2019,30,5,82,144,246050000.0
2019,30,5,82,145,26200000.0
2019,30,5,83,133,3900000.0
2019,30,5,83,144,168100000.0
2019,30,5,233,123,3500000.0
2019,30,5,233,133,16100000.0
2019,30,5,233,144,492945000.0
2019,30,5,233,145,87350000.0
2019,30,5,243,123,0.0
2019,30,5,243,133,12000000.0
2019,30,5,243,144,186810000.0
2019,30,5,243,145,61409743.0
2019,30,6,84,133,14000000.0
2019,30,6,84,144,1032950000.0
2019,30,6,85,144,368600000.0
2019,30,6,86,133,0.0
2019,30,6,86,144,0.0
2019,30,6,86,145,0.0
2019,30,6,87,144,0.0
2019,30,6,88,144,256000000.0
2019,30,6,88,145,10000000.0
2019,30,6,89,133,16000000.0
2019,30,6,89,144,205700000.0
2019,30,6,89,145,2500000.0
2019,30,6,90,133,3116666.0
2019,30,6,90,144,715675000.0
2019,30,6,90,145,90000000.0
2019,30,6,91,144,330200000.0
2019,30,6,91,145,112000000.0
2019,30,6,92,144,433220000.0
2019,30,6,92,145,110000000.0
2019,30,6,93,123,0.0
2019,30,6,93,144,959550000.0
2019,30,6,245,144,25200000.0
2019,30,6,245,145,18720000.0
2019,30,7,94,123,374220681.0
2019,30,7,94,125,40590539.0
2019,30,7,94,133,511896400.0
2019,30,7,94,135,49358271.0
2019,30,7,94,137,2500000.0
2019,30,7,94,141,2660570797.0
2019,30,7,94,142,1086202093.0
2019,30,7,94,144,22624539428.0
2019,30,7,94,145,1899715057.0
2019,30,7,95,123,380000.0
2019,30,7,95,133,3840249.0
2019,30,7,95,134,122175397.0
2019,30,7,95,141,40080000.0
2019,30,7,95,144,983574505.0
2019,30,7,95,145,328031173.0
2019,30,7,96,123,25135642.0
2019,30,7,96,131,17180000.0
2019,30,7,96,133,1377099431.0
2019,30,7,96,134,22290300.0
2019,30,7,96,135,1680000.0
2019,30,7,96,137,182543837.0
2019,30,7,96,141,380653872.0
2019,30,7,96,144,1992110535.0
2019,30,7,96,145,216991667.0
2019,30,7,97,133,45840000.0
2019,30,7,97,144,592690000.0
2019,30,7,97,145,178500000.0
2019,30,7,98,133,0.0
2019,30,7,98,141,14560000.0
2019,30,7,98,144,454176650.0
2019,30,7,98,145,0.0
2019,30,7,99,144,210900000.0
2019,30,7,100,133,30800000.0
2019,30,7,100,144,1167887806.0
2019,30,7,100,145,88800000.0
2019,30,7,101,131,22304000.0
2019,30,7,101,133,25200000.0
2019,30,7,101,137,39000000.0
2019,30,7,101,141,37200000.0
2019,30,7,101,144,1251652000.0
2019,30,7,101,145,69600000.0
2019,30,7,102,144,1030474252.0
2019,30,7,103,131,2700000.0
2019,30,7,103,133,40980000.0
2019,30,7,103,141,20020000.0
2019,30,7,103,144,622351000.0
2019,30,7,104,123,4067539.0
2019,30,7,104,133,156150000.0
2019,30,7,104,143,65325000.0
2019,30,7,104,144,553446697.0
2019,30,7,104,145,134578170.0
2019,30,7,105,144,696715000.0
2019,30,7,105,145,88000000.0
2019,30,7,106,144,326870000.0
2019,30,7,107,123,21949773.0
2019,30,7,107,133,124153724.0
2019,30,7,107,144,1174953524.0
2019,30,7,107,145,135200004.0
2019,30,7,108,144,262420000.0
2019,30,7,108,145,41400000.0
2019,30,7,109,123,0.0
2019,30,7,109,144,358469568.0
2019,30,7,110,123,16722278.0
2019,30,7,110,133,41196250.0
2019,30,7,110,141,3000000.0
2019,30,7,110,144,1402293238.0
2019,30,7,110,145,258150000.0
2019,30,7,111,144,538925053.0
2019,30,7,111,145,239150000.0
2019,30,7,112,133,34800000.0
2019,30,7,112,144,430800000.0
2019,30,7,113,133,35400000.0
2019,30,7,113,144,962500000.0
2019,30,7,114,123,59788340.0
2019,30,7,114,135,15100000.0
2019,30,7,114,141,92600000.0
2019,30,7,114,143,65800000.0
2019,30,7,114,144,1174854004.0
2019,30,7,114,145,262200000.0
2019,30,7,115,123,29736648.0
2019,30,7,115,144,387825798.0
2019,30,7,115,145,472600561.0
2019,30,7,116,123,1150000.0
2019,30,7,116,133,23200000.0
2019,30,7,116,135,13133333.0
2019,30,7,116,141,32200000.0
2019,30,7,116,144,544171664.0
2019,30,7,116,145,231000000.0
2019,30,7,117,134,42934130.0
2019,30,7,117,135,57807300.0
2019,30,7,117,141,110224999.0
2019,30,7,117,144,1719985448.0
2019,30,7,117,145,204263244.0
2019,30,7,118,133,25800000.0
2019,30,7,118,142,14300000.0
2019,30,7,118,143,30000000.0
2019,30,7,118,144,400600000.0
2019,30,7,118,145,48000000.0
2019,30,7,119,123,7106904.0
2019,30,7,119,144,447269117.0
2019,30,7,119,145,159805256.0
2019,30,7,120,144,713513160.0
2019,30,7,120,145,53500000.0
2019,30,7,121,133,176300000.0
2019,30,7,121,141,301800000.0
2019,30,7,121,144,1257987232.0
2019,30,7,121,145,90420000.0
2019,30,7,122,123,8745019.0
2019,30,7,122,125,2656000.0
2019,30,7,122,141,187878835.0
2019,30,7,122,142,27820000.0
2019,30,7,122,144,745023223.0
2019,30,7,122,145,505921033.0
2019,30,7,123,133,6480000.0
2019,30,7,123,144,470314401.0
2019,30,7,123,145,165600000.0
2019,30,8,124,123,8615563.0
2019,30,8,124,133,46500000.0
2019,30,8,124,144,1000717200.0
2019,30,8,125,125,4419203.0
2019,30,8,125,133,137360276.0
2019,30,8,125,134,41821333.0
2019,30,8,125,137,1500000.0
2019,30,8,125,141,63350000.0
2019,30,8,125,144,2098414487.0
2019,30,8,125,145,224050613.0
2019,30,8,125,147,52000000.0
2019,30,8,126,133,41980000.0
2019,30,8,126,134,85665600.0
2019,30,8,126,141,84900000.0
2019,30,8,126,144,2370513900.0
2019,30,8,126,145,308750000.0
2019,30,8,126,147,500000.0
2019,30,8,127,133,6000000.0
2019,30,8,127,141,45500000.0
2019,30,8,127,144,315420000.0
2019,30,8,127,145,66005835.0
2019,30,8,129,144,0.0
2019,30,8,129,145,0.0
2019,30,8,130,144,1127225000.0
2019,30,8,130,145,71700000.0
2019,30,8,131,133,39050000.0
2019,30,8,131,135,12883000.0
2019,30,8,131,141,18200000.0
2019,30,8,131,144,486800000.0
2019,30,8,131,145,82150000.0
2019,30,8,132,141,58500000.0
2019,30,8,132,144,523800000.0
2019,30,8,132,145,32500000.0
2019,30,8,133,144,33000000.0
2019,30,9,134,133,51400000.0
2019,30,9,134,144,1070250000.0
2019,30,9,134,145,74850000.0
2019,30,9,136,144,532100000.0
2019,30,9,136,145,120000000.0
2019,30,9,137,144,286644787.0
2019,30,9,137,145,56000000.0
2019,30,9,138,141,842758800.0
2019,30,9,138,144,27300000.0
2019,30,9,139,144,350010000.0
2019,30,9,140,133,31700000.0
2019,30,9,140,144,289700000.0
2019,30,9,140,145,70600000.0
2019,30,9,141,133,39600000.0
2019,30,9,141,135,9806259.0
2019,30,9,141,144,234800000.0
2019,30,9,141,145,2500000.0
2019,30,9,142,144,409200000.0
2019,30,9,142,145,220400000.0
2019,30,9,143,133,18000000.0
2019,30,9,143,144,789400000.0
2019,30,9,143,145,78600000.0
2019,30,9,144,133,16200000.0
2019,30,9,144,144,199152000.0
2019,30,9,144,145,6000000.0
2019,30,9,145,133,59400000.0
2019,30,9,145,144,179280000.0
2019,30,9,145,145,6000000.0
2019,30,9,146,133,19200000.0
2019,30,9,146,144,124650000.0
2019,30,9,146,145,127500000.0
2019,30,9,149,123,14630000.0
2019,30,9,149,133,113900000.0
2019,30,9,149,144,447400000.0
2019,30,9,150,133,45444000.0
2019,30,9,150,144,215000000.0
2019,30,9,150,145,64000000.0
2019,30,10,151,123,43040674.0
2019,30,10,151,133,1526185517.0
2019,30,10,151,137,13500000.0
2019,30,10,151,142,2221977572.0
2019,30,10,151,144,44839535455.0
2019,30,10,151,145,633124299.0
2019,30,10,152,123,4300000.0
2019,30,10,152,133,105300000.0
2019,30,10,152,141,24000000.0
2019,30,10,152,144,4496807692.0
2019,30,10,152,145,65000000.0
2019,30,10,153,133,56400000.0
2019,30,10,153,144,536860000.0
2019,30,10,153,145,30900000.0
2019,30,10,154,133,4800000.0
2019,30,10,154,144,608400000.0
2019,30,10,154,145,48000000.0
2019,30,10,155,123,71653091.0
2019,30,10,155,133,445600000.0
2019,30,10,155,144,9734624024.0
2019,30,10,155,145,674708333.0
2019,30,10,156,133,14000000.0
2019,30,10,156,144,359491436.0
2019,30,10,156,145,127700000.0
2019,30,10,157,123,11250000.0
2019,30,10,157,133,47200000.0
2019,30,10,157,144,955756250.0
2019,30,10,157,145,24000000.0
2019,30,10,158,133,38000000.0
2019,30,10,158,144,473000000.0
2019,30,10,158,145,105000000.0
2019,30,10,159,133,9900000.0
2019,30,10,159,144,266456345.0
2019,30,10,159,145,71500000.0
2019,30,10,160,133,26487000.0
2019,30,10,160,144,568262740.0
2019,30,10,160,145,55000000.0
2019,30,10,161,133,15600000.0
2019,30,10,161,144,821872744.0
2019,30,10,161,145,88800000.0
2019,30,10,162,123,30723130.0
2019,30,10,162,133,220500000.0
2019,30,10,162,144,2520510229.0
2019,30,10,163,133,79700000.0
2019,30,10,163,144,658218000.0
2019,30,10,163,145,42000000.0
2019,30,10,164,123,32569470.0
2019,30,10,164,133,12000000.0
2019,30,10,164,141,118200000.0
2019,30,10,164,144,646893804.0
2019,30,10,164,145,645100000.0
2019,30,10,165,133,171600000.0
2019,30,10,165,144,510632521.0
2019,30,10,165,145,153850000.0
2019,30,10,166,133,229131600.0
2019,30,10,166,144,894200000.0
2019,30,10,166,145,128700000.0
2019,30,10,167,133,6400000.0
2019,30,10,167,142,26400000.0
2019,30,10,167,144,903505656.0
2019,30,10,167,145,180800000.0
2019,30,10,168,133,29766000.0
2019,30,10,168,141,37200000.0
2019,30,10,168,144,631210000.0
2019,30,10,168,145,199200000.0
2019,30,10,168,147,4000000.0
2019,30,10,169,133,10440000.0
2019,30,10,169,144,1344300000.0
2019,30,10,169,145,161749992.0
2019,30,10,170,123,1325000.0
2019,30,10,170,133,18788500.0
2019,30,10,170,144,247174371.0
2019,30,10,170,145,71948333.0
2019,30,10,240,123,52000000.0
2019,30,10,240,141,22600000.0
2019,30,10,240,144,221900000.0
2019,30,10,246,144,200960000.0
2019,30,10,246,145,38700000.0
2019,30,11,171,133,74301667.0
2019,30,11,171,141,1447894745.0
2019,30,11,171,144,532809140.0
2019,30,11,171,145,159220352.0
2019,30,11,172,133,279567499.0
2019,30,11,172,135,250253593.0
2019,30,11,172,137,6200000.0
2019,30,11,172,141,3500000.0
2019,30,11,172,142,139958334.0
2019,30,11,172,144,10430946956.0
2019,30,11,172,145,116200000.0
2019,30,11,173,123,91304813.0
2019,30,11,173,125,41734406.0
2019,30,11,173,131,702679550.0
2019,30,11,173,133,1329792410.0
2019,30,11,173,141,2507780111.0
2019,30,11,173,144,8143065586.0
2019,30,11,173,145,333030000.0
2019,30,11,174,133,30600000.0
2019,30,11,174,141,157320000.0
2019,30,11,174,144,1268596070.0
2019,30,11,174,145,377570000.0
2019,30,11,175,133,2400000.0
2019,30,11,175,135,127270723.0
2019,30,11,175,144,2459554300.0
2019,30,11,175,145,43800000.0
2019,30,11,176,133,251809780.0
2019,30,11,176,141,101544000.0
2019,30,11,176,144,2902634720.0
2019,30,11,176,145,448025000.0
2019,30,11,177,133,448166728.0
2019,30,11,177,141,8997652477.0
2019,30,11,177,144,2214359859.0
2019,30,11,177,145,193502976.0
2019,30,11,178,133,0.0
2019,30,11,178,144,2421891666.0
2019,30,11,179,123,75472562.0
2019,30,11,179,131,134174684.0
2019,30,11,179,133,1288265620.0
2019,30,11,179,141,1643455903.0
2019,30,11,179,144,13395775877.0
2019,30,11,179,145,1569547444.0
2019,30,11,180,123,41990000.0
2019,30,11,180,133,1042534360.0
2019,30,11,180,141,8553533333.0
2019,30,11,180,144,483900000.0
2019,30,11,180,145,1121700000.0
2019,30,11,181,123,4020346.0
2019,30,11,181,133,39728881.0
2019,30,11,181,135,42029719.0
2019,30,11,181,141,7788921.0
2019,30,11,181,144,416816376.0
2019,30,11,181,145,115068750.0
2019,30,11,181,147,4000000.0
2019,30,11,182,132,90000.0
2019,30,11,182,133,341560000.0
2019,30,11,182,135,572125841.0
2019,30,11,182,141,2405728730.0
2019,30,11,182,144,2324350000.0
2019,30,11,182,145,795350000.0
2019,30,11,183,133,84000000.0
2019,30,11,183,136,24000000.0
2019,30,11,183,144,2280007208.0
2019,30,11,184,123,752631658.0
2019,30,11,184,133,1264738797.0
2019,30,11,184,141,7235866349.0
2019,30,11,184,144,6694874987.0
2019,30,11,184,145,12080000.0
2019,30,11,185,123,8119531.0
2019,30,11,185,133,1084775466.0
2019,30,11,185,143,270888790.0
2019,30,11,185,144,3692106304.0
2019,30,11,185,145,185600050.0
2019,30,11,186,133,41382310.0
2019,30,11,186,144,1737265000.0
2019,30,11,186,145,5000000.0
2019,30,11,187,125,17160000.0
2019,30,11,187,133,104650000.0
2019,30,11,187,141,164585500.0
2019,30,11,187,144,1391561000.0
2019,30,11,188,123,24000000.0
2019,30,11,188,144,1415897733.0
2019,30,11,188,145,120000000.0
2019,30,11,189,133,12000000.0
2019,30,11,189,141,79100000.0
2019,30,11,189,144,1633645124.0
2019,30,12,191,134,0.0
2019,30,12,191,144,160200000.0
2019,30,12,192,144,708598000.0
2019,30,12,193,133,16200000.0
2019,30,12,193,144,161950000.0
2019,30,12,194,144,386469000.0
2019,30,12,194,145,143000000.0
2019,30,12,195,125,3600000.0
2019,30,12,195,144,46800000.0
2019,30,12,196,144,25800000.0
2019,30,12,197,125,12000000.0
2019,30,12,197,144,169000000.0
2019,30,12,199,144,82200000.0
2019,30,12,200,144,122700000.0
2019,30,12,203,144,213500000.0
2019,30,12,205,144,596585000.0
2019,30,13,206,123,112778510.0
2019,30,13,206,144,8516927529.0
2019,30,13,207,144,397100000.0
2019,30,13,208,133,92500000.0
2019,30,13,208,144,830972611.0
2019,30,13,208,145,106000000.0
2019,30,13,242,133,30000000.0
2019,30,13,242,144,318000000.0
2019,30,13,250,144,54000000.0
2019,30,14,209,133,76790000.0
2019,30,14,209,135,800297301.0
2019,30,14,209,144,4964196259.0
2019,30,14,209,145,314400000.0
2019,30,14,210,144,694640000.0
2019,30,14,210,145,5000000.0
2019,30,14,211,123,23409104.0
2019,30,14,211,144,1313269970.0
2019,30,14,211,145,81891667.0
2019,30,14,212,144,329050000.0
2019,30,14,212,145,26400000.0
2019,30,14,213,144,495186000.0
2019,30,14,213,145,79500000.0
2019,30,14,214,141,36000000.0
2019,30,14,214,144,144060000.0
2019,30,14,214,145,64000000.0
2019,30,14,215,144,334800000.0
2019,30,14,215,145,24000000.0
2019,30,14,216,144,718985170.0
2019,30,14,216,145,73500000.0
2019,30,14,217,123,2200000.0
2019,30,14,217,133,159549999.0
2019,30,14,217,134,230000.0
2019,30,14,217,135,5469592.0
2019,30,14,217,141,29134583.0
2019,30,14,217,144,1550674832.0
2019,30,14,217,145,113750000.0
2019,30,14,218,144,1017242668.0
2019,30,14,218,145,59700000.0
2019,30,14,219,123,51215000.0
2019,30,14,219,131,24265000.0
2019,30,14,219,133,245049158.0
2019,30,14,219,141,58098000.0
2019,30,14,219,144,1212295382.0
2019,30,14,219,145,165500000.0
2019,30,14,244,144,456000000.0
2019,30,14,247,144,345600000.0
2019,30,14,247,145,24000000.0
2019,30,14,251,144,186000000.0
2019,30,14,255,144,30300000.0
2019,30,15,220,123,11703098.0
2019,30,15,220,133,164756666.0
2019,30,15,220,144,878054326.0
2019,30,15,220,145,151050000.0
2019,30,15,221,123,9005314.0
2019,30,15,221,144,793350000.0
2019,30,15,221,145,40000000.0
2019,30,15,222,131,86754448.0
2019,30,15,222,133,456152379.0
2019,30,15,222,144,2329222950.0
2019,30,15,223,144,305600000.0
2019,30,15,223,145,39000000.0
2019,30,15,224,133,44100000.0
2019,30,15,224,144,1026640000.0
2019,30,15,224,145,395200000.0
2019,30,15,229,133,207550000.0
2019,30,15,229,144,869092896.0
2019,30,15,229,145,303900000.0
2019,30,15,232,144,340800000.0
2019,30,15,233,133,52632693.0
2019,30,15,233,144,553400000.0
2019,30,15,233,145,87013888.0
2019,30,16,228,123,673064.0
2019,30,16,228,133,624597115.0
2019,30,16,228,141,218400000.0
2019,30,16,228,144,3278201934.0
2019,30,16,228,145,1076024977.0
2019,30,16,230,133,306044129.0
2019,30,16,230,141,477750000.0
2019,30,16,230,144,3035838639.0
2019,30,16,230,145,933966667.0
2019,30,16,231,133,219487096.0
2019,30,16,231,135,143374846.0
2019,30,16,231,144,1384684158.0
2019,30,16,231,145,568720000.0
2019,30,17,226,141,36000000.0
2019,30,17,226,144,341581488.0
2019,30,17,227,144,144600000.0
2019,40,1,1,122,103575148.0
2019,40,1,1,123,1189540187.0
2019,40,1,1,131,15782466497.0
2019,40,1,1,133,40150398669.0
2019,40,1,1,135,470361158.0
2019,40,2,1,123,12241955279.0
2019,40,2,1,125,92592400.0
2019,40,2,1,131,7862849327.0
2019,40,2,1,133,27363500657.0
2019,40,2,1,145,6484074970.0
2019,40,3,1,123,75814905.0
2019,40,3,1,125,477543211.0
2019,40,3,1,131,166901063.0
2019,40,3,1,144,734767469.0
2019,40,3,1,145,333066616.0
2020,11,1,1,123,1976228.0
2020,11,1,1,133,7877958791.0
2020,11,1,1,137,775587776.0
2020,11,1,1,144,5754591547.0
2020,11,1,1,145,2811022497.0
2020,11,2,1,123,17254368.0
2020,11,2,1,133,16799666494.0
2020,11,2,1,137,2563711104.0
2020,11,2,1,144,4405409983.0
2020,11,2,1,145,5069867492.0
2020,11,3,1,123,103496285.0
2020,11,3,1,131,996800000.0
2020,11,3,1,133,7615615262.0
2020,11,3,1,137,1814591656.0
2020,11,3,1,144,15307535827.0
2020,11,3,1,145,12723052687.0
2020,12,1,1,123,197938381.0
2020,12,1,1,125,19046599.0
2020,12,1,1,131,263502839.0
2020,12,1,1,133,3729758022.0
2020,12,1,1,137,238902777.0
2020,12,1,1,141,479045812.0
2020,12,1,1,144,1806918129.0
2020,12,1,1,145,2041545641.0
2020,12,1,2,123,2798750.0
2020,12,1,2,125,8714076.0
2020,12,1,2,131,28000000.0
2020,12,1,2,133,2627396816.0
2020,12,1,2,137,12254969884.0
2020,12,1,2,144,59901960.0
2020,12,1,5,123,126165815.0
2020,12,1,5,125,2523867.0
2020,12,1,5,131,100800000.0
2020,12,1,5,133,3062700683.0
2020,12,1,5,137,124800000.0
2020,12,1,5,141,110648087.0
2020,12,1,5,144,735251319.0
2020,12,1,5,145,1661312104.0
2020,12,1,6,133,772409086.0
2020,12,1,6,144,202876666.0
2020,12,1,7,123,141723503.0
2020,12,1,7,131,149999962.0
2020,12,1,7,133,1733992678.0
2020,12,1,7,137,59864506.0
2020,12,1,7,141,8053212636.0
2020,12,1,7,144,1640194485.0
2020,12,1,7,145,3141416542.0
2020,12,1,11,131,499700000.0
2020,12,1,11,133,11267862183.0
2020,12,1,11,137,1742460885.0
2020,12,1,11,142,116805000.0
2020,12,1,11,144,559216662.0
2020,12,1,11,145,55986666.0
2020,12,1,12,133,222313000.0
2020,12,1,12,145,64458333.0
2020,12,1,14,123,28156945.0
2020,12,1,14,125,2196188.0
2020,12,1,14,131,193250000.0
2020,12,1,14,133,1707783103.0
2020,12,1,14,137,31200000.0
2020,12,1,14,144,1289101655.0
2020,12,1,14,145,1328526962.0
2020,12,1,15,123,10439768.0
2020,12,1,15,131,3575000.0
2020,12,1,15,133,2253535837.0
2020,12,1,15,137,39600000.0
2020,12,1,15,144,83835406.0
2020,12,1,15,145,191100000.0
2020,12,1,17,123,4784315.0
2020,12,1,17,125,1303929.0
2020,12,1,17,131,35298142.0
2020,12,1,17,133,881211596.0
2020,12,1,17,137,57510049.0
2020,12,1,17,144,5420260252.0
2020,12,1,17,145,1516551987.0
2020,12,1,18,123,148262080.0
2020,12,1,18,125,57051290.0
2020,12,1,18,131,909508480.0
2020,12,1,18,133,3002582845.0
2020,12,1,18,137,89602500.0
2020,12,1,18,141,257769937.0
2020,12,1,18,144,2604371984.0
2020,12,1,18,145,2993379799.0
2020,12,1,20,123,1036972.0
2020,12,1,20,131,27173573.0
2020,12,1,20,133,1042382484.0
2020,12,1,20,144,71847520.0
2020,12,1,20,145,56379330.0
2020,12,1,21,123,68970743.0
2020,12,1,21,125,70415940.0
2020,12,1,21,131,446300000.0
2020,12,1,21,133,1637072446.0
2020,12,1,21,137,373938024.0
2020,12,1,21,141,1098126006.0
2020,12,1,21,144,607482242.0
2020,12,1,21,145,739550000.0
2020,12,1,23,123,28966493.0
2020,12,1,23,125,13375401.0
2020,12,1,23,131,35707893.0
2020,12,1,23,133,1408814087.0
2020,12,1,23,141,824511340.0
2020,12,1,23,144,345651923.0
2020,12,1,23,145,1089468407.0
2020,12,1,29,133,430650810.0
2020,12,1,29,137,39000000.0
2020,12,1,29,144,57013814.0
2020,12,1,29,145,46200000.0
2020,12,1,30,123,108605995.0
2020,12,1,30,133,3699532317.0
2020,12,1,30,137,26000000.0
2020,12,1,30,141,1044036137.0
2020,12,1,30,142,2751873312.0
2020,12,1,30,144,1657906250.0
2020,12,1,30,145,434518635.0
2020,12,1,36,123,44724877.0
2020,12,1,36,125,8236944.0
2020,12,1,36,131,293840426.0
2020,12,1,36,133,1729913447.0
2020,12,1,36,141,76177557.0
2020,12,1,36,144,131632872.0
2020,12,1,36,145,372301268.0
2020,12,1,38,125,275000.0
2020,12,1,38,133,907831160.0
2020,12,1,38,144,328047221.0
2020,12,1,38,145,1933771689.0
2020,12,1,40,131,23090000.0
2020,12,1,40,133,496369488.0
2020,12,1,40,137,58500000.0
2020,12,1,40,144,61750000.0
2020,12,1,40,145,76960000.0
2020,12,1,50,131,22500000.0
2020,12,1,50,133,582609100.0
2020,12,1,51,123,4530583.0
2020,12,1,51,125,4409535.0
2020,12,1,51,131,1680000.0
2020,12,1,51,133,535896071.0
2020,12,1,51,137,4333333.0
2020,12,1,51,144,438525128.0
2020,12,1,51,145,124800000.0
2020,12,1,53,133,768107629.0
2020,12,1,53,137,46733333.0
2020,12,1,53,144,150795912.0
2020,12,1,53,145,75504000.0
2020,12,1,54,133,843992279.0
2020,12,1,54,137,42683317.0
2020,12,1,54,144,28506907.0
2020,12,1,54,145,243750000.0
2020,12,2,1,123,12830534.0
2020,12,2,1,131,46109068.0
2020,12,2,1,133,1044460479.0
2020,12,2,1,137,786883338.0
2020,12,2,1,144,412545084.0
2020,12,3,1,123,393796200.0
2020,12,3,1,125,99788536.0
2020,12,3,1,131,1330128034.0
2020,12,3,1,133,6324619311.0
2020,12,3,1,137,1233298492.0
2020,12,3,1,141,88613959.0
2020,12,3,1,144,4814943180.0
2020,12,3,1,145,3426645500.0
2020,12,3,2,123,463511058.0
2020,12,3,2,131,6118460000.0
2020,12,3,2,133,29306399815.0
2020,12,3,2,136,186415603342.0
2020,12,3,2,137,11369156731.0
2020,12,3,2,138,244523026288.0
2020,12,3,2,142,5107685910.0
2020,12,3,2,148,564137400.0
2020,12,4,1,123,317199855.0
2020,12,4,1,125,140501461.0
2020,12,4,1,131,1412615000.0
2020,12,4,1,133,10823500654.0
2020,12,4,1,134,557965058.0
2020,12,4,1,137,442888331.0
2020,12,4,1,144,972541829.0
2020,12,4,1,145,1254649047.0
2020,12,4,1,146,32779107237.0
2020,12,4,1,148,295058332.0
2020,12,4,1,161,151921035020.0
2020,12,4,1,162,12138900399.0
2020,12,4,1,163,13935812200.0
2020,12,5,1,123,1904605.0
2020,12,5,1,125,5366077.0
2020,12,5,1,131,7147220000.0
2020,12,5,1,133,52982868715.0
2020,12,5,1,136,112941950822.0
2020,12,5,1,137,29327014630.0
2020,12,5,1,138,140962772298.0
2020,12,5,1,141,79245834.0
2020,12,5,1,142,4130782772.0
2020,12,5,1,144,4615452110.0
2020,12,5,1,145,521274882.0
2020,12,5,1,148,258375424.0
2020,12,5,1,162,9820787532.0
2020,12,5,1,163,818398959.0
2020,12,6,1,123,6867545764.0
2020,12,6,1,125,2778133147.0
2020,12,6,1,131,3946500000.0
2020,12,6,1,133,23305053635.0
2020,12,6,1,137,1664962621.0
2020,12,6,1,141,166363601.0
2020,12,6,1,144,9107041871.0
2020,12,6,1,145,18258979394.0
2020,12,7,1,123,758166835.0
2020,12,7,1,125,189609568.0
2020,12,7,1,131,73319240000.0
2020,12,7,1,132,400782027196.0
2020,12,7,1,133,21991135401.0
2020,12,7,1,137,892341666.0
2020,12,7,1,141,924334289.0
2020,12,7,1,143,60173762.0
2020,12,7,1,144,4165854298.0
2020,12,7,1,145,3419701784.0
2020,12,7,1,148,353480166.0
2020,12,8,1,123,20319421997.0
2020,12,8,1,125,13034063124.0
2020,12,8,1,133,344013108061.0
2020,12,8,1,137,2378559910.0
2020,12,8,1,141,802803411.0
2020,12,8,1,142,1260026761462.0
2020,12,8,1,143,22831722556.0
2020,12,8,1,144,214698745191.0
2020,12,8,1,145,5087369510.0
2020,12,8,1,148,35950000.0
2020,12,9,1,123,325720679.0
2020,12,9,1,125,109239648.0
2020,12,9,1,131,16477630000.0
2020,12,9,1,133,30712086651.0
2020,12,9,1,137,745360831.0
2020,12,9,1,142,2997466613.0
2020,12,9,1,144,39122434601.0
2020,12,9,1,145,1733058034.0
2020,12,10,1,123,2873586959.0
2020,12,10,1,125,762689550.0
2020,12,10,1,131,1363520000.0
2020,12,10,1,133,7975130264.0
2020,12,10,1,137,1581308927.0
2020,12,10,1,141,8105915950.0
2020,12,10,1,144,7634897458.0
2020,12,10,1,145,49490072592.0
2020,12,11,1,123,610941967.0
2020,12,11,1,125,344461434.0
2020,12,11,1,131,449000000.0
2020,12,11,1,133,3599337836.0
2020,12,11,1,137,232194430.0
2020,12,11,1,141,103428000.0
2020,12,11,1,144,1344914540.0
2020,12,11,1,145,6982612435.0
2020,12,11,1,161,1496862325.0
2020,12,11,1,162,782617253.0
2020,12,11,1,163,196818302.0
2020,12,13,1,123,1576231738.0
2020,12,13,1,125,338622768.0
2020,12,13,1,131,1044000000.0
2020,12,13,1,133,21392709324.0
2020,12,13,1,137,1088150000.0
2020,12,13,1,141,5938178709.0
2020,12,13,1,144,12746977062.0
2020,12,13,1,145,14231887282.0
2020,12,14,1,131,65000000.0
2020,12,14,1,133,1105620929.0
2020,12,14,1,137,229000000.0
2020,12,14,1,144,1797804728.0
2020,12,14,1,145,3309820694.0
2020,12,16,1,123,863979637.0
2020,12,16,1,125,334571716.0
2020,12,16,1,131,842600000.0
2020,12,16,1,133,10949700131.0
2020,12,16,1,137,279449999.0
2020,12,16,1,141,2949824034.0
2020,12,16,1,144,9819442678.0
2020,12,16,1,145,18217876795.0
2020,12,16,1,148,34327426936.0
2020,12,17,1,123,264565507.0
2020,12,17,1,125,104165393.0
2020,12,17,1,133,3786734013.0
2020,12,17,1,136,322800000.0
2020,12,17,1,137,110500000.0
2020,12,17,1,144,1518331263.0
2020,12,17,1,145,507587838.0
2020,12,18,1,123,145628901.0
2020,12,18,1,125,9108236.0
2020,12,18,1,131,403949873.0
2020,12,18,1,133,3791480266.0
2020,12,18,1,137,679624814.0
2020,12,18,1,141,7402479325.0
2020,12,18,1,144,23986326821.0
2020,12,18,1,145,13276514047.0
2020,12,19,1,123,338655209.0
2020,12,19,1,125,85701005.0
2020,12,19,1,131,365168734.0
2020,12,19,1,133,4142932384.0
2020,12,19,1,137,611004999.0
2020,12,19,1,144,5316233564.0
2020,12,19,1,145,15007051778.0
2020,12,20,1,123,435717664.0
2020,12,20,1,125,556544653.0
2020,12,20,1,133,2952448719.0
2020,12,20,1,137,31546668.0
2020,12,20,1,141,2140464140.0
2020,12,20,1,144,2694717590.0
2020,12,20,1,145,4209871159.0
2020,12,21,1,123,280390679.0
2020,12,21,1,125,147975040.0
2020,12,21,1,133,3252487237.0
2020,12,21,1,137,182593801.0
2020,12,21,1,141,459553519.0
2020,12,21,1,144,3892493914.0
2020,12,21,1,145,3817421010.0
2020,13,1,1,123,251387459.0
2020,13,1,1,131,48720000.0
2020,13,1,1,133,3534837133.0
2020,13,1,1,137,1729220300.0
2020,13,1,1,142,97516000.0
2020,13,1,1,144,10691216981.0
2020,13,1,1,145,6650654377.0
2020,13,2,1,123,210355599.0
2020,13,2,1,131,2664000000.0
2020,13,2,1,133,14369427391.0
2020,13,2,1,137,759216671.0
2020,13,2,1,144,62248427715.0
2020,13,2,1,145,6335570782.0
2020,13,3,1,123,1260187391.0
2020,13,3,1,133,74032103762.0
2020,13,3,1,137,2944004161.0
2020,13,3,1,141,984961492.0
2020,13,3,1,144,13240415577.0
2020,13,3,1,145,5721653148.0
2020,13,4,1,123,24704690.0
2020,13,4,1,125,782004.0
2020,13,4,1,133,2210307524.0
2020,13,4,1,137,232000000.0
2020,13,4,1,144,1600975066.0
2020,13,4,1,145,1139524830.0
2020,13,4,1,148,2515500000.0
2020,13,5,1,131,284700000.0
2020,13,5,1,133,4722329443.0
2020,13,5,1,137,218400000.0
2020,13,5,1,144,1287621667.0
2020,13,5,1,145,1543693333.0
2020,13,6,1,123,114911392.0
2020,13,6,1,133,1519522902.0
2020,13,6,1,137,486200000.0
2020,13,6,1,144,8967218530.0
2020,13,6,1,145,7719430968.0
2020,13,7,1,133,2147577613.0
2020,13,7,1,137,8970000.0
2020,13,7,1,144,548573974.0
2020,13,7,1,145,301600000.0
2020,14,1,1,123,2561756434.0
2020,14,1,1,125,1038483977.0
2020,14,1,1,131,463800000.0
2020,14,1,1,133,12382985365.0
2020,14,1,1,137,166154156.0
2020,14,1,1,144,1464683607.0
2020,14,1,1,145,2023499191.0
2020,15,1,1,133,359671600.0
2020,15,1,1,144,1674779470.0
2020,15,1,1,145,1592618332.0
2020,15,2,1,131,15000000.0
2020,15,2,1,133,883634480.0
2020,15,2,1,144,28506907.0
2020,15,2,1,145,97968000.0
2020,21,1,1,123,215809987.0
2020,21,1,1,125,62542804.0
2020,21,1,1,131,8274088708.0
2020,21,1,1,133,16431435846.0
2020,21,1,1,142,92659248.0
2020,21,1,1,145,391488487.0
2020,22,1,1,123,68704425.0
2020,22,1,1,133,390172308.0
2020,22,1,1,141,105256272.0
2020,22,1,1,144,1216809644.0
2020,22,1,1,145,313714068.0
2020,22,2,1,123,20004827.0
2020,22,2,1,133,227233593.0
2020,22,2,1,144,762022260.0
2020,22,2,1,145,134000000.0
2020,22,3,1,133,623691648.0
2020,22,3,1,137,79564488.0
2020,22,3,1,142,38200000.0
2020,22,3,1,144,641418822.0
2020,22,3,1,145,227100000.0
2020,22,4,1,133,354614000.0
2020,22,4,1,144,2014101841.0
2020,22,4,1,145,628435729.0
2020,22,4,1,147,27500000.0
2020,22,5,1,133,0.0
2020,22,5,1,144,1458400000.0
2020,22,5,1,145,624000000.0
2020,22,6,1,131,7080000.0
2020,22,6,1,133,490284876.0
2020,22,6,1,144,945240238.0
2020,22,6,1,145,27131000.0
2020,22,7,1,133,317691480.0
2020,22,7,1,142,165281182.0
2020,22,7,1,144,2266282032.0
2020,22,7,1,145,263659422.0
2020,22,8,1,133,4800000.0
2020,22,8,1,144,830283720.0
2020,22,8,1,145,139508628.0
2020,22,9,1,133,59472660.0
2020,22,9,1,144,1975230184.0
2020,22,9,1,145,231000000.0
2020,22,10,1,123,61218515.0
2020,22,10,1,131,7280000.0
2020,22,10,1,133,385269899.0
2020,22,10,1,141,2194012046.0
2020,22,10,1,144,1796407058.0
2020,22,10,1,145,879955403.0
2020,22,11,1,133,1418302863.0
2020,22,11,1,141,178262676.0
2020,22,11,1,144,819708984.0
2020,22,11,1,145,981846400.0
2020,22,12,1,131,1260000.0
2020,22,12,1,133,349520777.0
2020,22,12,1,144,910804424.0
2020,22,12,1,145,67600000.0
2020,22,13,1,133,35810853.0
2020,22,13,1,141,790791206.0
2020,22,13,1,142,494840910.0
2020,22,13,1,144,1238692314.0
2020,22,13,1,145,604116543.0
2020,22,14,1,144,1177272437.0
2020,22,15,1,133,553342004.0
2020,22,15,1,144,1446130218.0
2020,22,16,1,123,22408442.0
2020,22,16,1,133,1526056364.0
2020,22,16,1,142,936400000.0
2020,22,16,1,144,1623754635.0
2020,22,16,1,145,1183047000.0
2020,22,17,1,123,63704113.0
2020,22,17,1,133,383975015.0
2020,22,17,1,141,0.0
2020,22,17,1,144,0.0
2020,22,17,1,145,0.0
2020,23,1,1,123,200654174.0
2020,23,1,1,125,52447215.0
2020,23,1,1,131,1054755559.0
2020,23,1,1,133,3074195770.0
2020,23,1,1,144,1564033996.0
2020,23,1,1,145,1038628148.0
2020,23,3,1,123,62651045.0
2020,23,3,1,125,41560996.0
2020,23,3,1,131,357000000.0
2020,23,3,1,133,5811899487.0
2020,23,3,1,137,183025000.0
2020,23,3,1,141,736633143.0
2020,23,3,1,144,1590647352.0
2020,23,3,1,145,1060094152.0
2020,23,4,1,123,71684104.0
2020,23,4,1,131,545061147.0
2020,23,4,1,133,1139248244.0
2020,23,4,1,144,205960551.0
2020,23,4,1,145,179123916.0
2020,23,6,1,123,0.0
2020,23,6,1,133,1434631920.0
2020,23,6,1,137,64000000.0
2020,23,6,1,141,44000000.0
2020,23,6,1,144,153498730.0
2020,23,6,1,145,39600000.0
2020,23,8,1,133,6273654.0
2020,23,8,1,141,42583392.0
2020,23,8,1,144,69952146.0
2020,23,8,1,145,196698366.0
2020,23,9,1,123,5123411.0
2020,23,9,1,133,636531072.0
2020,23,10,1,122,31783334.0
2020,23,10,1,123,175144824.0
2020,23,10,1,125,92793572.0
2020,23,10,1,131,32201600.0
2020,23,10,1,133,2935612884.0
2020,23,10,1,141,191107779.0
2020,23,10,1,144,1050884164.0
2020,23,10,1,145,748694311.0
2020,23,11,1,131,109600000.0
2020,23,11,1,133,2389987347.0
2020,23,11,1,137,11759997.0
2020,23,11,1,144,1637210485.0
2020,23,11,1,145,229437585.0
2020,23,13,1,123,5271303.0
2020,23,13,1,133,1876282684.0
2020,23,13,1,144,991048679.0
2020,23,13,1,145,993641202.0
2020,23,14,1,133,1279072017.0
2020,23,14,1,144,790277973.0
2020,23,14,1,145,1200982018.0
2020,23,15,1,122,9663936670.0
2020,23,15,1,123,10498743908.0
2020,23,15,1,125,504856648.0
2020,23,15,1,131,1243155000.0
2020,23,15,1,133,8882439444.0
2020,23,15,1,137,1601815526.0
2020,23,15,1,144,2424554674.0
2020,23,15,1,145,1287561359.0
2020,23,16,1,123,2126000091.0
2020,23,16,1,125,2028441297.0
2020,23,16,1,131,771350000.0
2020,23,16,1,132,0.0
2020,23,16,1,133,11598703080.0
2020,23,16,1,144,3174016822.0
2020,23,16,1,145,3664507922.0
2020,23,17,1,123,21462017.0
2020,23,17,1,131,11070000.0
2020,23,17,1,133,752145228.0
2020,23,17,1,137,31200000.0
2020,23,17,1,141,255102127.0
2020,23,17,1,144,161674457.0
2020,23,17,1,145,82795146.0
2020,23,18,1,122,1280873306.0
2020,23,18,1,123,1424937315.0
2020,23,18,1,125,568739358.0
2020,23,18,1,131,766000000.0
2020,23,18,1,133,5049199149.0
2020,23,18,1,137,32500000.0
2020,23,18,1,141,516994744.0
2020,23,18,1,144,1079903647.0
2020,23,18,1,145,2988765986.0
2020,23,19,1,123,157591172.0
2020,23,19,1,125,128701392.0
2020,23,19,1,131,152000000.0
2020,23,19,1,133,2007026892.0
2020,23,19,1,144,1055334366.0
2020,23,19,1,145,4357677274.0
2020,23,20,1,122,70000000.0
2020,23,20,1,123,12459386.0
2020,23,20,1,125,6255622.0
2020,23,20,1,131,153689822.0
2020,23,20,1,133,2432294357.0
2020,23,20,1,137,78541665.0
2020,23,20,1,141,132475000.0
2020,23,20,1,144,910576823.0
2020,23,20,1,145,419550000.0
2020,23,21,1,123,125788561.0
2020,23,21,1,125,8012706.0
2020,23,21,1,133,2845362407.0
2020,23,21,1,136,311300000.0
2020,23,21,1,137,71500000.0
2020,23,21,1,144,1206642425.0
2020,23,21,1,145,429171723.0
2020,23,22,1,122,30400000.0
2020,23,22,1,123,297069046.0
2020,23,22,1,125,156285118.0
2020,23,22,1,131,459620000.0
2020,23,22,1,133,2008886773.0
2020,23,22,1,137,145600000.0
2020,23,22,1,141,785979338.0
2020,23,22,1,144,4173985390.0
2020,23,22,1,145,2367803849.0
2020,23,24,1,123,11388253.0
2020,23,24,1,131,149999954.0
2020,23,24,1,133,567100540.0
2020,23,24,1,137,34250000.0
2020,23,24,1,141,337947489.0
2020,23,24,1,144,502745798.0
2020,23,25,1,123,112179621.0
2020,23,25,1,125,47650784.0
2020,23,25,1,131,90435297.0
2020,23,25,1,133,1699099710.0
2020,23,25,1,137,89316667.0
2020,23,25,1,141,9004089.0
2020,23,25,1,145,571839256.0
2020,23,26,1,123,49615139.0
2020,23,26,1,131,17500000.0
2020,23,26,1,133,616922286.0
2020,23,27,1,123,13807750.0
2020,23,27,1,131,18900000.0
2020,23,27,1,133,171806071.0
2020,23,28,1,123,817000.0
2020,23,28,1,125,604326.0
2020,23,28,1,131,7000000.0
2020,23,28,1,133,928896159.0
2020,23,28,1,144,415044916.0
2020,23,28,1,145,408672028.0
2020,23,29,1,123,3372052.0
2020,23,29,1,133,369867574.0
2020,23,29,1,145,263466000.0
2020,23,30,1,123,27551927.0
2020,23,30,1,133,1021205289.0
2020,23,30,1,144,52123451.0
2020,23,30,1,145,291472724.0
2020,23,31,1,133,519147598.0
2020,23,32,1,133,200353761.0
2020,23,32,1,137,18000000.0
2020,23,32,1,144,67815222.0
2020,23,32,1,145,43772724.0
2020,23,33,1,131,22512000.0
2020,23,33,1,132,216405667.0
2020,23,33,1,133,402120496.0
2020,23,33,1,148,200191357.0
2020,23,34,1,131,58700000.0
2020,23,34,1,132,911028043.0
2020,23,34,1,133,362815693.0
2020,23,34,1,148,233204000.0
2020,24,1,1,122,101332000.0
2020,24,1,1,123,5919427237.0
2020,24,1,1,125,20446213230.0
2020,24,1,1,131,8578866279.0
2020,24,1,1,133,164756683971.0
2020,24,1,1,137,8047451738.0
2020,24,1,1,142,220105755921.0
2020,24,1,1,143,2974758965.0
2020,24,1,1,144,31662537342.0
2020,24,1,1,145,3664125257.0
2020,24,2,1,123,11001000.0
2020,24,2,1,131,5262816.0
2020,24,3,1,123,31752645.0
2020,24,3,1,125,5546694.0
2020,24,3,1,131,204899146.0
2020,24,3,1,133,1811777743.0
2020,24,3,1,144,113622608.0
2020,24,3,1,145,84333403.0
2020,24,4,1,123,179393630.0
2020,24,4,1,125,0.0
2020,24,4,1,131,1491841048.0
2020,24,4,1,133,1258202494.0
2020,24,4,1,144,1431690293.0
2020,24,5,1,123,14136111.0
2020,24,5,1,131,90005000.0
2020,24,5,1,132,1254773.0
2020,24,5,1,133,2815274697.0
2020,24,5,1,137,22692304.0
2020,24,5,1,141,39600000.0
2020,24,5,1,142,88200000.0
2020,24,5,1,144,874661092.0
2020,24,5,1,145,405621698.0
2020,25,2,1,122,5248168740.0
2020,25,2,1,123,51642258063.0
2020,25,2,1,125,36702623463.0
2020,25,2,1,131,23892831655.0
2020,25,2,1,133,156350784437.0
2020,25,2,1,137,847000000.0
2020,25,2,1,141,16576534549.0
2020,25,2,1,144,5074624197.0
2020,25,2,1,145,2238587756.0
2020,25,4,1,122,1301831000.0
2020,25,4,1,123,399195701.0
2020,25,4,1,131,452722424.0
2020,25,4,1,133,7280640818.0
2020,25,4,1,144,3749397099.0
2020,25,4,1,145,161016667.0
2020,25,5,1,122,1593183333.0
2020,25,5,1,123,64175226.0
2020,25,5,1,133,12278975030.0
2020,25,5,1,141,14854768691.0
2020,25,5,1,144,2130700000.0
2020,25,5,1,145,1856400000.0
2020,25,6,1,122,175500000.0
2020,25,6,1,123,393034366.0
2020,25,6,1,125,1609148715.0
2020,25,6,1,131,1117140768.0
2020,25,6,1,133,28176460777.0
2020,25,6,1,142,171431525.0
2020,25,6,1,144,7646365049.0
2020,25,6,1,145,1618132864.0
2020,25,7,1,123,1822004795.0
2020,25,7,1,125,1286887642.0
2020,25,7,1,131,3407178572.0
2020,25,7,1,133,9820327710.0
2020,25,7,1,137,14400000.0
2020,25,7,1,142,237565606.0
2020,25,7,1,144,6636340210.0
2020,25,7,1,145,2858498790.0
2020,27,1,1,122,2400738846.0
2020,27,1,1,123,2043972095.0
2020,27,1,1,125,432048677.0
2020,27,1,1,131,16295022746.0
2020,27,1,1,133,23735748458.0
2020,27,1,1,141,663196597.0
2020,27,1,1,144,6482698398.0
2020,27,1,1,145,7424273916.0
2020,27,3,1,122,184869319.0
2020,27,3,1,123,316917648.0
2020,27,3,1,125,19860345.0
2020,27,3,1,131,344460079.0
2020,27,3,1,133,2756129626.0
2020,27,3,1,135,3439273651.0
2020,27,3,1,144,549315634.0
2020,27,3,1,145,559653485.0
2020,27,4,1,122,3600000.0
2020,27,4,1,123,1589984.0
2020,27,4,1,131,245700000.0
2020,27,4,1,133,1621023349.0
2020,27,4,1,134,1808253607.0
2020,27,4,1,137,31800000.0
2020,27,4,1,144,143644961.0
2020,27,4,1,145,75000000.0
2020,27,5,1,133,344226804.0
2020,27,5,1,144,40208207.0
2020,27,7,1,123,20090673.0
2020,27,7,1,125,6028585.0
2020,27,7,1,131,515317165.0
2020,27,7,1,133,5708516218.0
2020,27,7,1,144,50753642.0
2020,27,7,1,145,9335159.0
2020,28,1,1,123,496686994.0
2020,28,1,1,125,276274113.0
2020,28,1,1,131,8676710093.0
2020,28,1,1,133,90331545501.0
2020,28,1,1,137,29335788.0
2020,28,1,1,141,2179655373.0
2020,28,1,1,142,17632345390.0
2020,28,1,1,143,1500000.0
2020,28,1,1,144,14507694327.0
2020,28,1,1,145,13123094812.0
2020,28,1,1,148,6148267858.0
2020,28,2,1,123,8930179.0
2020,28,2,1,125,5995167.0
2020,28,2,1,131,132089728.0
2020,28,2,1,133,3725575929.0
2020,28,2,1,144,3427349444.0
2020,28,2,1,145,2156721731.0
2020,28,2,1,148,45632000.0
2020,28,3,1,123,7138092.0
2020,28,3,1,125,4079627.0
2020,28,3,1,131,6360000.0
2020,28,3,1,133,3250537234.0
2020,28,3,1,141,76036356.0
2020,28,3,1,143,30000000.0
2020,28,3,1,144,992525786.0
2020,28,3,1,145,46690908.0
2020,28,4,1,123,5772563.0
2020,28,4,1,125,4991680.0
2020,28,4,1,132,333914000.0
2020,28,4,1,133,1494191125.0
2020,28,4,1,134,630000.0
2020,28,4,1,143,14252332.0
2020,28,4,1,144,2978698828.0
2020,28,4,1,145,95500000.0
2020,28,4,1,148,134491666.0
2020,28,5,1,131,11550000.0
2020,28,5,1,133,308791615.0
2020,28,5,1,141,126500000.0
2020,28,5,1,144,241038182.0
2020,28,5,1,145,63000000.0
2020,28,5,1,148,160878182.0
2020,28,6,1,133,1084614576.0
2020,28,6,1,144,427400000.0
2020,28,6,1,145,29185000.0
2020,28,7,1,133,298143796.0
2020,28,7,1,144,30000000.0
2020,28,7,1,145,95700000.0
2020,28,7,1,148,17662500.0
2020,28,8,1,123,10989150.0
2020,28,8,1,125,7297910.0
2020,28,8,1,131,1600000.0
2020,28,8,1,133,243977211.0
2020,28,8,1,144,200632803.0
2020,30,1,3,133,24000000.0
2020,30,1,3,144,391320000.0
2020,30,1,4,133,75600000.0
2020,30,1,4,144,693630000.0
2020,30,1,4,145,55440000.0
2020,30,1,5,123,202800000.0
2020,30,1,5,144,272990000.0
2020,30,1,6,133,22462500.0
2020,30,1,6,135,1200000.0
2020,30,1,6,144,196950000.0
2020,30,1,7,144,1800000.0
2020,30,1,238,144,295200000.0
2020,30,1,241,144,238400000.0
2020,30,1,249,144,164500000.0
2020,30,1,524,144,52800000.0
2020,30,1,524,145,15600000.0
2020,30,2,8,132,37450000.0
2020,30,2,8,133,15300000.0
2020,30,2,8,135,0.0
2020,30,2,8,144,1239430000.0
2020,30,2,8,145,109100000.0
2020,30,2,11,144,171650000.0
2020,30,2,12,131,13200000.0
2020,30,2,12,144,229549200.0
2020,30,2,13,133,12000000.0
2020,30,2,13,144,221400000.0
2020,30,2,14,144,113400000.0
2020,30,2,15,144,732100000.0
2020,30,2,16,144,195660000.0
2020,30,2,16,145,0.0
2020,30,2,17,144,113410000.0
2020,30,2,18,133,6600000.0
2020,30,2,18,144,271100000.0
2020,30,2,18,145,2500000.0
2020,30,2,19,144,252100000.0
2020,30,2,19,145,60000000.0
2020,30,2,20,144,208250000.0
2020,30,2,20,145,71300000.0
2020,30,2,22,144,483600000.0
2020,30,2,22,145,48000000.0
2020,30,2,23,133,20000000.0
2020,30,2,23,135,2680000.0
2020,30,2,23,144,161482000.0
2020,30,2,24,144,265000000.0
2020,30,2,24,145,70000000.0
2020,30,2,25,144,594000000.0
2020,30,2,25,145,141600000.0
2020,30,2,26,144,805141408.0
2020,30,2,26,145,36000000.0
2020,30,2,239,135,1300000.0
2020,30,2,239,144,335750000.0
2020,30,2,239,145,2000000.0
2020,30,2,253,144,48000000.0
2020,30,3,27,141,1550372851.0
2020,30,3,27,144,1015988784.0
2020,30,3,28,133,3600000.0
2020,30,3,28,141,39780000.0
2020,30,3,28,144,102000000.0
2020,30,3,29,144,589161005.0
2020,30,3,30,133,5000000.0
2020,30,3,30,144,585513500.0
2020,30,3,31,144,155615000.0
2020,30,3,32,144,647100000.0
2020,30,3,32,145,39600000.0
2020,30,3,33,135,14610037.0
2020,30,3,33,144,1095513977.0
2020,30,3,33,145,244200000.0
2020,30,3,34,144,244050000.0
2020,30,3,35,133,49500000.0
2020,30,3,35,144,422300000.0
2020,30,3,35,145,261900000.0
2020,30,3,36,141,115000000.0
2020,30,3,36,145,184000000.0
2020,30,3,37,133,5147500.0
2020,30,3,37,134,7920000.0
2020,30,3,37,144,238215000.0
2020,30,3,37,145,166100000.0
2020,30,3,39,144,275495231.0
2020,30,3,39,145,142800000.0
2020,30,3,41,144,119318464.0
2020,30,3,42,131,140000.0
2020,30,3,42,133,139632000.0
2020,30,3,42,141,150808016.0
2020,30,3,42,142,251780000.0
2020,30,3,42,144,2678747040.0
2020,30,3,42,145,723856020.0
2020,30,3,43,144,176100000.0
2020,30,3,44,133,52650000.0
2020,30,3,44,144,930310000.0
2020,30,3,44,145,36000000.0
2020,30,3,45,133,3600000.0
2020,30,3,45,144,133350000.0
2020,30,3,46,144,97520000.0
2020,30,4,47,133,432000000.0
2020,30,4,47,141,96100000.0
2020,30,4,47,142,62200000.0
2020,30,4,47,144,2805659220.0
2020,30,4,47,145,28500000.0
2020,30,4,48,144,128100000.0
2020,30,4,49,144,168000000.0
2020,30,4,49,145,18000000.0
2020,30,4,50,133,15342000.0
2020,30,4,50,144,289200000.0
2020,30,4,50,145,111300000.0
2020,30,4,51,133,3600000.0
2020,30,4,51,144,246042000.0
2020,30,4,53,133,162000000.0
2020,30,4,53,144,300480000.0
2020,30,4,53,145,71040000.0
2020,30,4,54,133,4000000.0
2020,30,4,54,144,279693833.0
2020,30,4,54,145,88800000.0
2020,30,4,55,144,415520000.0
2020,30,4,56,133,4500000.0
2020,30,4,56,144,181150000.0
2020,30,4,57,123,2400000.0
2020,30,4,57,144,170280000.0
2020,30,4,58,133,2430000.0
2020,30,4,58,144,177092500.0
2020,30,4,59,144,124920000.0
2020,30,4,60,122,340000.0
2020,30,4,60,144,110580000.0
2020,30,4,61,144,70800000.0
2020,30,4,61,145,60000000.0
2020,30,4,62,144,108500000.0
2020,30,4,234,144,377089500.0
2020,30,4,234,145,81091667.0
2020,30,5,64,133,51641417.0
2020,30,5,64,141,656033333.0
2020,30,5,64,144,2568896305.0
2020,30,5,65,123,11894911.0
2020,30,5,65,133,203850000.0
2020,30,5,65,135,189929744.0
2020,30,5,65,141,156180000.0
2020,30,5,65,144,2992248768.0
2020,30,5,65,145,147100000.0
2020,30,5,66,144,257300000.0
2020,30,5,67,133,12600000.0
2020,30,5,67,144,247490428.0
2020,30,5,68,133,30906324.0
2020,30,5,68,144,271600000.0
2020,30,5,69,144,373410000.0
2020,30,5,69,145,44140000.0
2020,30,5,70,123,7441020.0
2020,30,5,70,133,10200000.0
2020,30,5,70,135,0.0
2020,30,5,70,141,0.0
2020,30,5,70,144,614474306.0
2020,30,5,70,145,195058333.0
2020,30,5,71,133,25200000.0
2020,30,5,71,144,158800000.0
2020,30,5,72,144,221600000.0
2020,30,5,73,123,5400000.0
2020,30,5,73,133,143300000.0
2020,30,5,73,144,551060000.0
2020,30,5,73,145,18000000.0
2020,30,5,74,133,0.0
2020,30,5,74,135,0.0
2020,30,5,74,144,12960000.0
2020,30,5,74,145,0.0
2020,30,5,75,144,1522500000.0
2020,30,5,76,144,1477338750.0
2020,30,5,77,123,20000000.0
2020,30,5,77,144,212944167.0
2020,30,5,77,145,49000000.0
2020,30,5,78,133,36000000.0
2020,30,5,78,134,17539165.0
2020,30,5,78,142,6000000.0
2020,30,5,78,144,332600000.0
2020,30,5,78,145,22500000.0
2020,30,5,79,133,4500000.0
2020,30,5,79,144,159000000.0
2020,30,5,81,144,233400000.0
2020,30,5,81,145,24000000.0
2020,30,5,82,133,21710000.0
2020,30,5,82,144,287950000.0
2020,30,5,82,145,28600000.0
2020,30,5,83,133,3000000.0
2020,30,5,83,144,173500000.0
2020,30,5,233,133,24500000.0
2020,30,5,233,144,478852000.0
2020,30,5,233,145,80700000.0
2020,30,5,243,133,11000000.0
2020,30,5,243,144,272217000.0
2020,30,5,243,145,112091580.0
2020,30,6,84,133,2400000.0
2020,30,6,84,144,160130000.0
2020,30,6,85,144,705928390.0
2020,30,6,86,133,0.0
2020,30,6,86,144,0.0
2020,30,6,86,145,0.0
2020,30,6,87,144,0.0
2020,30,6,88,144,249500000.0
2020,30,6,88,145,12000000.0
2020,30,6,89,133,12000000.0
2020,30,6,89,144,246800000.0
2020,30,6,90,133,35500000.0
2020,30,6,90,144,612657501.0
2020,30,6,90,145,99500000.0
2020,30,6,91,144,298600000.0
2020,30,6,91,145,109000000.0
2020,30,6,92,144,431220000.0
2020,30,6,92,145,120000000.0
2020,30,6,93,123,0.0
2020,30,6,93,144,814975000.0
2020,30,6,93,145,511300000.0
2020,30,6,245,144,25200000.0
2020,30,6,245,145,18720000.0
2020,30,7,94,123,205639708.0
2020,30,7,94,133,397942000.0
2020,30,7,94,137,1100000.0
2020,30,7,94,141,3058366330.0
2020,30,7,94,142,1288893561.0
2020,30,7,94,144,26914193379.0
2020,30,7,94,145,2075252600.0
2020,30,7,95,123,4728478.0
2020,30,7,95,133,7534491.0
2020,30,7,95,134,119254786.0
2020,30,7,95,141,8660000.0
2020,30,7,95,144,1136366502.0
2020,30,7,95,145,387566096.0
2020,30,7,96,123,17988847.0
2020,30,7,96,131,4550000.0
2020,30,7,96,133,1444521699.0
2020,30,7,96,134,35871848.0
2020,30,7,96,137,211132797.0
2020,30,7,96,141,344077500.0
2020,30,7,96,144,1996938051.0
2020,30,7,96,145,195955556.0
2020,30,7,97,133,54280000.0
2020,30,7,97,144,541540000.0
2020,30,7,97,145,156400000.0
2020,30,7,98,133,0.0
2020,30,7,98,141,21840000.0
2020,30,7,98,144,671192000.0
2020,30,7,98,145,0.0
2020,30,7,99,144,163200000.0
2020,30,7,100,133,33250000.0
2020,30,7,100,144,1165139728.0
2020,30,7,100,145,85800000.0
2020,30,7,101,131,34112000.0
2020,30,7,101,133,28800000.0
2020,30,7,101,137,42000000.0
2020,30,7,101,141,30860000.0
2020,30,7,101,144,1340456000.0
2020,30,7,101,145,72000000.0
2020,30,7,102,144,923732944.0
2020,30,7,103,131,3780000.0
2020,30,7,103,133,40980000.0
2020,30,7,103,141,20020000.0
2020,30,7,103,144,656825000.0
2020,30,7,104,133,159791666.0
2020,30,7,104,143,38573333.0
2020,30,7,104,144,589193833.0
2020,30,7,104,145,159000000.0
2020,30,7,105,144,664950000.0
2020,30,7,105,145,88400000.0
2020,30,7,106,144,236950000.0
2020,30,7,107,123,22338525.0
2020,30,7,107,133,69254510.0
2020,30,7,107,144,1376063097.0
2020,30,7,107,145,232527628.0
2020,30,7,108,144,4440000.0
2020,30,7,108,145,1725000.0
2020,30,7,109,123,0.0
2020,30,7,109,144,333137000.0
2020,30,7,110,123,9535522.0
2020,30,7,110,133,68146213.0
2020,30,7,110,141,3400000.0
2020,30,7,110,144,1753830796.0
2020,30,7,110,145,285400000.0
2020,30,7,111,144,591528825.0
2020,30,7,111,145,224150000.0
2020,30,7,113,133,41000000.0
2020,30,7,113,144,1008550000.0
2020,30,7,114,123,53400000.0
2020,30,7,114,133,49333338.0
2020,30,7,114,135,13600000.0
2020,30,7,114,141,102500000.0
2020,30,7,114,143,13600000.0
2020,30,7,114,144,920051784.0
2020,30,7,114,145,206000000.0
2020,30,7,115,123,5780762.0
2020,30,7,115,144,623416040.0
2020,30,7,115,145,593830340.0
2020,30,7,116,123,1660000.0
2020,30,7,116,133,25600000.0
2020,30,7,116,135,2800000.0
2020,30,7,116,141,34000000.0
2020,30,7,116,144,557696666.0
2020,30,7,116,145,261350000.0
2020,30,7,117,134,49600956.0
2020,30,7,117,135,49421300.0
2020,30,7,117,141,20600000.0
2020,30,7,117,144,1674411925.0
2020,30,7,117,145,271636812.0
2020,30,7,118,133,25800000.0
2020,30,7,118,143,30000000.0
2020,30,7,118,144,580200000.0
2020,30,7,118,145,48000000.0
2020,30,7,119,123,7557000.0
2020,30,7,119,144,419153593.0
2020,30,7,119,145,160492152.0
2020,30,7,120,123,8400000.0
2020,30,7,120,133,6250000.0
2020,30,7,120,144,724383750.0
2020,30,7,120,145,57000000.0
2020,30,7,121,133,191477667.0
2020,30,7,121,141,239266665.0
2020,30,7,121,144,897360000.0
2020,30,7,121,145,99500000.0
2020,30,7,122,123,6117361.0
2020,30,7,122,125,2324000.0
2020,30,7,122,133,4000000.0
2020,30,7,122,141,171784375.0
2020,30,7,122,142,30320000.0
2020,30,7,122,144,753155579.0
2020,30,7,122,145,388087294.0
2020,30,7,123,133,6480000.0
2020,30,7,123,144,457618235.0
2020,30,7,123,145,196300000.0
2020,30,8,124,123,10990626.0
2020,30,8,124,133,50742000.0
2020,30,8,124,144,893982000.0
2020,30,8,125,125,16875833.0
2020,30,8,125,133,165824421.0
2020,30,8,125,134,44760000.0
2020,30,8,125,137,3500000.0
2020,30,8,125,141,62408333.0
2020,30,8,125,144,2179132580.0
2020,30,8,125,145,318185480.0
2020,30,8,125,147,19800000.0
2020,30,8,126,133,40260000.0
2020,30,8,126,134,70903200.0
2020,30,8,126,141,65000000.0
2020,30,8,126,144,2512201455.0
2020,30,8,126,145,322812500.0
2020,30,8,127,133,6000000.0
2020,30,8,127,141,39000000.0
2020,30,8,127,144,356880000.0
2020,30,8,127,145,69316837.0
2020,30,8,129,144,0.0
2020,30,8,129,145,0.0
2020,30,8,131,133,39550000.0
2020,30,8,131,135,11736500.0
2020,30,8,131,141,33800000.0
2020,30,8,131,144,653342000.0
2020,30,8,131,145,148750000.0
2020,30,8,132,141,44500000.0
2020,30,8,132,144,468500000.0
2020,30,8,132,145,37500000.0
2020,30,8,133,144,156000000.0
2020,30,9,134,133,49800000.0
2020,30,9,134,144,1160490760.0
2020,30,9,134,145,119000000.0
2020,30,9,135,133,6400000.0
2020,30,9,135,144,536100000.0
2020,30,9,136,144,565520000.0
2020,30,9,136,145,161100000.0
2020,30,9,137,144,375588834.0
2020,30,9,137,145,48500000.0
2020,30,9,138,141,973658800.0
2020,30,9,138,144,26400000.0
2020,30,9,139,144,298831670.0
2020,30,9,140,133,28800000.0
2020,30,9,140,144,320850000.0
2020,30,9,140,145,75680000.0
2020,30,9,141,133,38800000.0
2020,30,9,141,135,9667349.0
2020,30,9,141,144,217100000.0
2020,30,9,142,144,392550000.0
2020,30,9,142,145,236400000.0
2020,30,9,143,133,15000000.0
2020,30,9,143,144,811600000.0
2020,30,9,143,145,87600000.0
2020,30,9,144,133,6600000.0
2020,30,9,144,144,105552000.0
2020,30,9,145,133,51425000.0
2020,30,9,145,144,178830000.0
2020,30,9,146,133,1600000.0
2020,30,9,146,144,119550000.0
2020,30,9,146,145,98500000.0
2020,30,9,148,133,41980000.0
2020,30,9,148,141,86333333.0
2020,30,9,148,144,902869543.0
2020,30,9,148,145,19800000.0
2020,30,9,149,123,10515500.0
2020,30,9,149,133,107800000.0
2020,30,9,149,144,415700000.0
2020,30,9,150,133,70320000.0
2020,30,9,150,144,235610000.0
2020,30,9,150,145,80250000.0
2020,30,10,151,123,47890625.0
2020,30,10,151,133,2177210823.0
2020,30,10,151,142,4442031129.0
2020,30,10,151,144,47021549018.0
2020,30,10,151,145,648878332.0
2020,30,10,152,123,1500000.0
2020,30,10,152,133,165700000.0
2020,30,10,152,141,25000000.0
2020,30,10,152,144,5005400000.0
2020,30,10,152,145,256500000.0
2020,30,10,153,133,56400000.0
2020,30,10,153,144,513440000.0
2020,30,10,153,145,20400000.0
2020,30,10,154,133,7200000.0
2020,30,10,154,144,580100000.0
2020,30,10,154,145,67000000.0
2020,30,10,155,123,21735356.0
2020,30,10,155,133,451300000.0
2020,30,10,155,144,8280833873.0
2020,30,10,155,145,604037500.0
2020,30,10,156,133,15000000.0
2020,30,10,156,144,282399052.0
2020,30,10,156,145,99500000.0
2020,30,10,157,133,50400000.0
2020,30,10,157,144,972512350.0
2020,30,10,157,145,24000000.0
2020,30,10,158,133,39670000.0
2020,30,10,158,144,285530000.0
2020,30,10,158,145,29250000.0
2020,30,10,159,122,6000000.0
2020,30,10,159,133,11500000.0
2020,30,10,159,144,212514603.0
2020,30,10,159,145,72000000.0
2020,30,10,160,133,28200000.0
2020,30,10,160,144,612670489.0
2020,30,10,160,145,65000000.0
2020,30,10,161,133,26450000.0
2020,30,10,161,144,890982730.0
2020,30,10,161,145,94400000.0
2020,30,10,162,133,149300000.0
2020,30,10,162,144,2485463180.0
2020,30,10,162,145,45500000.0
2020,30,10,163,133,57000000.0
2020,30,10,163,144,652983334.0
2020,30,10,163,145,85500000.0
2020,30,10,164,123,29237588.0
2020,30,10,164,133,12000000.0
2020,30,10,164,141,118200000.0
2020,30,10,164,144,751650000.0
2020,30,10,164,145,547200000.0
2020,30,10,165,133,111800000.0
2020,30,10,165,144,757316987.0
2020,30,10,165,145,303900000.0
2020,30,10,166,133,250663400.0
2020,30,10,166,144,969800000.0
2020,30,10,166,145,140400000.0
2020,30,10,167,133,12000000.0
2020,30,10,167,142,26400000.0
2020,30,10,167,144,809611669.0
2020,30,10,167,145,299333333.0
2020,30,10,168,133,35400000.0
2020,30,10,168,141,20735000.0
2020,30,10,168,144,712898658.0
2020,30,10,168,145,228274000.0
2020,30,10,168,147,1500000.0
2020,30,10,169,133,44829352.0
2020,30,10,169,144,1191438000.0
2020,30,10,169,145,149891272.0
2020,30,10,170,133,17483000.0
2020,30,10,170,144,304514847.0
2020,30,10,170,145,56690000.0
2020,30,10,240,123,62900000.0
2020,30,10,240,144,232820000.0
2020,30,10,246,144,158200000.0
2020,30,10,246,145,30560000.0
2020,30,11,171,133,48000000.0
2020,30,11,171,141,1703611766.0
2020,30,11,171,144,761614586.0
2020,30,11,171,145,152814874.0
2020,30,11,172,133,166156250.0
2020,30,11,172,135,86041880.0
2020,30,11,172,142,228425000.0
2020,30,11,172,144,9668632173.0
2020,30,11,173,123,3505372.0
2020,30,11,173,125,3801000.0
2020,30,11,173,131,698373560.0
2020,30,11,173,133,1365008333.0
2020,30,11,173,141,3540613005.0
2020,30,11,173,144,8245805820.0
2020,30,11,173,145,347780000.0
2020,30,11,174,133,30600000.0
2020,30,11,174,141,116539167.0
2020,30,11,174,144,1403813483.0
2020,30,11,174,145,375743251.0
2020,30,11,175,133,1800000.0
2020,30,11,175,135,108010292.0
2020,30,11,175,144,1827669640.0
2020,30,11,175,145,68990000.0
2020,30,11,176,133,277565775.0
2020,30,11,176,141,87163000.0
2020,30,11,176,144,2718936450.0
2020,30,11,176,145,510242500.0
2020,30,11,177,133,197850000.0
2020,30,11,177,141,2277479714.0
2020,30,11,177,144,888430044.0
2020,30,11,177,145,79747064.0
2020,30,11,178,133,0.0
2020,30,11,178,144,1736800000.0
2020,30,11,179,123,12421992.0
2020,30,11,179,131,21928400.0
2020,30,11,179,133,208852653.0
2020,30,11,179,141,637356336.0
2020,30,11,179,144,9186544294.0
2020,30,11,179,145,1085686130.0
2020,30,11,180,123,6868000.0
2020,30,11,180,133,214010000.0
2020,30,11,180,141,5213148688.0
2020,30,11,180,144,226010000.0
2020,30,11,180,145,771240000.0
2020,30,11,181,123,9248752.0
2020,30,11,181,133,97506532.0
2020,30,11,181,135,61701769.0
2020,30,11,181,144,520669096.0
2020,30,11,181,145,123590000.0
2020,30,11,182,133,320723440.0
2020,30,11,182,135,133865368.0
2020,30,11,182,141,1242894444.0
2020,30,11,182,143,23900000.0
2020,30,11,182,144,1260200000.0
2020,30,11,182,145,373400000.0
2020,30,11,183,133,80000000.0
2020,30,11,183,136,24000000.0
2020,30,11,183,144,2067315441.0
2020,30,11,184,123,483626115.0
2020,30,11,184,133,1859720350.0
2020,30,11,184,141,7479642517.0
2020,30,11,184,144,7480155952.0
2020,30,11,184,145,1200900000.0
2020,30,11,185,123,12203962.0
2020,30,11,185,133,1120694991.0
2020,30,11,185,143,200487603.0
2020,30,11,185,144,4416247735.0
2020,30,11,185,145,134800000.0
2020,30,11,186,133,30398400.0
2020,30,11,186,144,1976520275.0
2020,30,11,187,133,24400000.0
2020,30,11,187,144,1031170750.0
2020,30,11,187,145,23958000.0
2020,30,11,188,123,34266668.0
2020,30,11,188,144,1260423186.0
2020,30,11,188,145,148631249.0
2020,30,11,189,133,12000000.0
2020,30,11,189,141,36750000.0
2020,30,11,189,144,1388742000.0
2020,30,11,189,145,7000000.0
2020,30,12,191,134,12425000.0
2020,30,12,191,144,165800000.0
2020,30,12,192,144,692613000.0
2020,30,12,193,133,16200000.0
2020,30,12,193,144,106700000.0
2020,30,12,194,144,342780000.0
2020,30,12,194,145,143000000.0
2020,30,12,196,144,241400000.0
2020,30,12,197,125,12000000.0
2020,30,12,197,144,181500000.0
2020,30,12,199,144,47950000.0
2020,30,12,200,144,76200000.0
2020,30,12,201,125,20400000.0
2020,30,12,201,133,12300000.0
2020,30,12,201,144,420800000.0
2020,30,12,203,144,64250000.0
2020,30,12,205,144,416600000.0
2020,30,13,206,123,210520381.0
2020,30,13,206,144,9363227873.0
2020,30,13,207,144,228845000.0
2020,30,13,208,133,90500000.0
2020,30,13,208,144,752042104.0
2020,30,13,208,145,171500000.0
2020,30,13,242,133,30000000.0
2020,30,13,242,144,318000000.0
2020,30,13,250,144,46500000.0
2020,30,14,209,133,29900000.0
2020,30,14,209,135,152332334.0
2020,30,14,209,144,4959231152.0
2020,30,14,209,145,234400000.0
2020,30,14,210,144,647020000.0
2020,30,14,211,123,21342381.0
2020,30,14,211,144,1224210289.0
2020,30,14,211,145,89700000.0
2020,30,14,212,144,189200000.0
2020,30,14,212,145,24200000.0
2020,30,14,213,144,435730000.0
2020,30,14,213,145,60000000.0
2020,30,14,214,141,24000000.0
2020,30,14,214,144,192000000.0
2020,30,14,214,145,0.0
2020,30,14,215,141,2000000.0
2020,30,14,215,144,386600000.0
2020,30,14,215,145,22000000.0
2020,30,14,216,144,1018284408.0
2020,30,14,216,145,84000000.0
2020,30,14,217,123,2340500.0
2020,30,14,217,133,238397000.0
2020,30,14,217,134,800000.0
2020,30,14,217,135,1158696.0
2020,30,14,217,141,24667500.0
2020,30,14,217,144,1565316500.0
2020,30,14,217,145,113750000.0
2020,30,14,218,144,754460061.0
2020,30,14,218,145,66000000.0
2020,30,14,219,123,64861032.0
2020,30,14,219,131,23265000.0
2020,30,14,219,133,278510368.0
2020,30,14,219,141,102528740.0
2020,30,14,219,144,1085241498.0
2020,30,14,219,145,171512000.0
2020,30,14,244,144,477600000.0
2020,30,14,244,145,18000000.0
2020,30,14,247,144,332100000.0
2020,30,14,247,145,24000000.0
2020,30,14,251,144,308000000.0
2020,30,14,251,145,12500000.0
2020,30,14,255,133,8000000.0
2020,30,14,255,141,7200000.0
2020,30,14,255,144,108459098.0
2020,30,14,255,145,9500000.0
2020,30,15,220,133,167467091.0
2020,30,15,220,144,1359697284.0
2020,30,15,220,145,155762261.0
2020,30,15,221,123,14760298.0
2020,30,15,221,133,301722344.0
2020,30,15,221,144,671500000.0
2020,30,15,222,131,96046392.0
2020,30,15,222,133,590375000.0
2020,30,15,222,144,2408061224.0
2020,30,15,223,144,369600000.0
2020,30,15,224,133,41400000.0
2020,30,15,224,144,914350000.0
2020,30,15,224,145,256200000.0
2020,30,15,229,133,170300000.0
2020,30,15,229,144,727475038.0
2020,30,15,229,145,396200000.0
2020,30,15,232,144,340800000.0
2020,30,15,233,133,49834566.0
2020,30,15,233,144,583200000.0
2020,30,15,233,145,129458333.0
2020,30,16,228,123,1200000.0
2020,30,16,228,133,429320000.0
2020,30,16,228,141,204600000.0
2020,30,16,228,144,3172187373.0
2020,30,16,228,145,736760000.0
2020,30,16,230,133,244316240.0
2020,30,16,230,141,312000000.0
2020,30,16,230,144,2687564670.0
2020,30,16,230,145,1027975000.0
2020,30,16,231,133,185103136.0
2020,30,16,231,135,91685441.0
2020,30,16,231,144,1377855883.0
2020,30,16,231,145,588720000.0
2020,30,17,226,141,27000000.0
2020,30,17,226,144,267130744.0
2020,40,1,1,122,5733000.0
2020,40,1,1,123,583561160.0
2020,40,1,1,131,10975333551.0
2020,40,1,1,133,37298820954.0
2020,40,2,1,123,12550759894.0
2020,40,2,1,131,8340513012.0
2020,40,2,1,133,23375942735.0
2020,40,2,1,145,11175204197.0
2020,40,3,1,123,4615708.0
2020,40,3,1,125,419793699.0
2020,40,3,1,131,191315480.0
2020,40,3,1,144,355249310.0
2020,40,3,1,145,225826303.0
2021,11,1,1,133,8373783566.0
2021,11,1,1,137,620916792.0
2021,11,1,1,144,6093527935.0
2021,11,1,1,145,3094933049.0
2021,11,2,1,133,18002853887.0
2021,11,2,1,137,2033833983.0
2021,11,2,1,144,5470014991.0
2021,11,2,1,145,5430921104.0
2021,11,3,1,131,1016400000.0
2021,11,3,1,133,7890563972.0
2021,11,3,1,137,1806108321.0
2021,11,3,1,144,14713456616.0
2021,11,3,1,145,12619853324.0
2021,12,1,1,123,326653449.0
2021,12,1,1,125,33712629.0
2021,12,1,1,131,668461888.0
2021,12,1,1,133,3645829434.0
2021,12,1,1,137,283768332.0
2021,12,1,1,141,402902208.0
2021,12,1,1,144,2277260554.0
2021,12,1,1,145,2121849913.0
2021,12,1,2,131,8092000.0
2021,12,1,2,133,2400638494.0
2021,12,1,2,137,11341587237.0
2021,12,1,2,144,58013814.0
2021,12,1,5,123,259938137.0
2021,12,1,5,125,23505869.0
2021,12,1,5,131,420226104.0
2021,12,1,5,133,2940644648.0
2021,12,1,5,137,91328875.0
2021,12,1,5,141,131150600.0
2021,12,1,5,144,797414132.0
2021,12,1,5,145,1995070552.0
2021,12,1,6,133,765473192.0
2021,12,1,6,144,197470778.0
2021,12,1,6,145,40214166.0
2021,12,1,11,131,1177031856.0
2021,12,1,11,133,11483644862.0
2021,12,1,11,137,1617585771.0
2021,12,1,11,142,119133332.0
2021,12,1,11,144,563633329.0
2021,12,1,11,145,130914999.0
2021,12,1,12,133,212740151.0
2021,12,1,14,123,11183879.0
2021,12,1,14,131,53800000.0
2021,12,1,14,133,1744170530.0
2021,12,1,14,137,39000000.0
2021,12,1,14,144,1353508561.0
2021,12,1,14,145,1420444199.0
2021,12,1,15,123,120994917.0
2021,12,1,15,131,267047841.0
2021,12,1,15,133,2377358715.0
2021,12,1,15,137,38214443.0
2021,12,1,15,144,68924439.0
2021,12,1,15,145,199051124.0
2021,12,1,17,123,8343954.0
2021,12,1,17,125,1820482.0
2021,12,1,17,131,185269270.0
2021,12,1,17,133,986101576.0
2021,12,1,17,137,58500000.0
2021,12,1,17,144,4805435117.0
2021,12,1,17,145,1243617719.0
2021,12,1,18,123,127439583.0
2021,12,1,18,125,9471466.0
2021,12,1,18,131,604211020.0
2021,12,1,18,133,3105614449.0
2021,12,1,18,137,65725000.0
2021,12,1,18,141,250760606.0
2021,12,1,18,144,2287348410.0
2021,12,1,18,145,2429423041.0
2021,12,1,20,123,7048165.0
2021,12,1,20,131,15265795.0
2021,12,1,20,133,1166416333.0
2021,12,1,20,137,9750000.0
2021,12,1,20,144,65673124.0
2021,12,1,20,145,57013814.0
2021,12,1,21,123,14275244.0
2021,12,1,21,125,57686768.0
2021,12,1,21,131,301752000.0
2021,12,1,21,133,2212512745.0
2021,12,1,21,137,378300000.0
2021,12,1,21,141,1105360512.0
2021,12,1,21,144,616755256.0
2021,12,1,21,145,709216667.0
2021,12,1,23,123,22987793.0
2021,12,1,23,125,14711347.0
2021,12,1,23,131,11000000.0
2021,12,1,23,133,1329627912.0
2021,12,1,23,141,901209063.0
2021,12,1,23,144,353357858.0
2021,12,1,23,145,1170616369.0
2021,12,1,29,133,385734477.0
2021,12,1,29,137,45240000.0
2021,12,1,29,144,28506907.0
2021,12,1,29,145,42900000.0
2021,12,1,30,123,414958603.0
2021,12,1,30,133,4291391217.0
2021,12,1,30,137,26000000.0
2021,12,1,30,141,328909263.0
2021,12,1,30,142,1873618509.0
2021,12,1,30,144,1858205472.0
2021,12,1,30,145,477613206.0
2021,12,1,36,123,86780195.0
2021,12,1,36,125,29459510.0
2021,12,1,36,131,256562163.0
2021,12,1,36,133,2127316794.0
2021,12,1,36,141,89033683.0
2021,12,1,36,144,79261559.0
2021,12,1,36,145,89112102.0
2021,12,1,38,123,4373844.0
2021,12,1,38,125,6573594.0
2021,12,1,38,133,980070339.0
2021,12,1,38,144,317211634.0
2021,12,1,38,145,2071991491.0
2021,12,1,40,131,13063400.0
2021,12,1,40,133,518643341.0
2021,12,1,40,137,58500000.0
2021,12,1,40,144,33243000.0
2021,12,1,40,145,76960000.0
2021,12,1,50,131,24963000.0
2021,12,1,50,133,582380383.0
2021,12,1,51,123,17296462.0
2021,12,1,51,125,8679686.0
2021,12,1,51,131,1680000.0
2021,12,1,51,133,577712908.0
2021,12,1,51,137,25748997.0
2021,12,1,51,144,375032524.0
2021,12,1,51,145,159900000.0
2021,12,1,53,133,796519788.0
2021,12,1,53,137,65000000.0
2021,12,1,53,144,162856526.0
2021,12,1,53,145,70470400.0
2021,12,1,54,133,983331329.0
2021,12,1,54,137,61904796.0
2021,12,1,54,144,28506907.0
2021,12,1,54,145,243418230.0
2021,12,1,55,133,54905353.0
2021,12,1,55,141,1145563002.0
2021,12,1,55,144,1024952203.0
2021,12,1,55,145,1708434667.0
2021,12,2,1,131,21735000.0
2021,12,2,1,133,1120977855.0
2021,12,2,1,137,821854742.0
2021,12,2,1,144,409589167.0
2021,12,3,1,123,659606314.0
2021,12,3,1,131,1232913983.0
2021,12,3,1,133,6499610131.0
2021,12,3,1,137,1246059998.0
2021,12,3,1,141,69156389.0
2021,12,3,1,144,5328224091.0
2021,12,3,1,145,3632102245.0
2021,12,3,2,123,360535928.0
2021,12,3,2,131,3330460000.0
2021,12,3,2,133,29151936418.0
2021,12,3,2,136,197380241704.0
2021,12,3,2,137,11015770699.0
2021,12,3,2,138,255545701908.0
2021,12,3,2,142,4977748959.0
2021,12,3,2,148,745702489.0
2021,12,4,1,123,741852488.0
2021,12,4,1,125,215278371.0
2021,12,4,1,131,1376021315.0
2021,12,4,1,133,11084654862.0
2021,12,4,1,134,526994782.0
2021,12,4,1,137,550153893.0
2021,12,4,1,144,1040338176.0
2021,12,4,1,145,1262135885.0
2021,12,4,1,146,35707230028.0
2021,12,4,1,148,297641668.0
2021,12,4,1,161,146975103855.0
2021,12,4,1,162,11991431874.0
2021,12,4,1,163,12652135005.0
2021,12,5,1,131,4074750000.0
2021,12,5,1,133,54398508837.0
2021,12,5,1,136,113937194637.0
2021,12,5,1,137,29149576437.0
2021,12,5,1,138,146166601144.0
2021,12,5,1,141,70308334.0
2021,12,5,1,142,3622912880.0
2021,12,5,1,144,4527040689.0
2021,12,5,1,145,520026925.0
2021,12,5,1,148,258300000.0
2021,12,5,1,162,10917992160.0
2021,12,5,1,163,909832680.0
2021,12,6,1,123,11695898191.0
2021,12,6,1,125,4042984410.0
2021,12,6,1,131,6073880256.0
2021,12,6,1,133,26413348494.0
2021,12,6,1,137,1822669737.0
2021,12,6,1,141,205488384.0
2021,12,6,1,144,9705419738.0
2021,12,6,1,145,19912661550.0
2021,12,7,1,123,3362966336.0
2021,12,7,1,131,71818878381.0
2021,12,7,1,132,401118159294.0
2021,12,7,1,133,23052854035.0
2021,12,7,1,137,912158331.0
2021,12,7,1,141,912661090.0
2021,12,7,1,143,17797099.0
2021,12,7,1,144,4234568692.0
2021,12,7,1,145,3617165600.0
2021,12,7,1,148,369397657.0
2021,12,8,1,123,23386641845.0
2021,12,8,1,125,15439211785.0
2021,12,8,1,131,382124962.0
2021,12,8,1,133,153626644708.0
2021,12,8,1,137,2438366246.0
2021,12,8,1,141,791385764.0
2021,12,8,1,142,1468715492730.0
2021,12,8,1,143,24112689730.0
2021,12,8,1,144,234714127649.0
2021,12,8,1,145,10333342282.0
2021,12,8,1,148,61028000.0
2021,12,9,1,123,313174512.0
2021,12,9,1,125,29113654.0
2021,12,9,1,131,16894160078.0
2021,12,9,1,133,30204935395.0
2021,12,9,1,137,755495000.0
2021,12,9,1,142,6915564287.0
2021,12,9,1,144,40694802046.0
2021,12,9,1,145,1566552417.0
2021,12,10,1,123,5823132094.0
2021,12,10,1,125,1829347124.0
2021,12,10,1,131,648165000.0
2021,12,10,1,133,8305461930.0
2021,12,10,1,137,1742957118.0
2021,12,10,1,141,6891277593.0
2021,12,10,1,144,7454891593.0
2021,12,10,1,145,34915454543.0
2021,12,11,1,123,962610063.0
2021,12,11,1,125,626202263.0
2021,12,11,1,131,1333246112.0
2021,12,11,1,133,4176595714.0
2021,12,11,1,137,492660895.0
2021,12,11,1,141,111598888.0
2021,12,11,1,144,1189771561.0
2021,12,11,1,145,6231349187.0
2021,12,11,1,161,1237922466.0
2021,12,11,1,162,640331392.0
2021,12,11,1,163,158226898.0
2021,12,13,1,123,6421719483.0
2021,12,13,1,125,99207699.0
2021,12,13,1,131,622020000.0
2021,12,13,1,133,21181515725.0
2021,12,13,1,137,1073045000.0
2021,12,13,1,141,6110042758.0
2021,12,13,1,144,12984680025.0
2021,12,13,1,145,13720430951.0
2021,12,14,1,123,30926807.0
2021,12,14,1,131,67000000.0
2021,12,14,1,133,1146690316.0
2021,12,14,1,137,232160000.0
2021,12,14,1,144,1734596058.0
2021,12,14,1,145,3223209838.0
2021,12,16,1,123,2462548739.0
2021,12,16,1,125,1070287489.0
2021,12,16,1,131,1015500000.0
2021,12,16,1,133,11826005981.0
2021,12,16,1,137,297233333.0
2021,12,16,1,141,870645739.0
2021,12,16,1,144,11940280260.0
2021,12,16,1,145,18891262276.0
2021,12,16,1,148,38455082695.0
2021,12,17,1,123,656546990.0
2021,12,17,1,125,245774622.0
2021,12,17,1,131,738986743.0
2021,12,17,1,133,3750297389.0
2021,12,17,1,136,314606667.0
2021,12,17,1,137,103959166.0
2021,12,17,1,144,2656583439.0
2021,12,17,1,145,2014123661.0
2021,12,18,1,123,623198375.0
2021,12,18,1,131,405842712.0
2021,12,18,1,133,3863607625.0
2021,12,18,1,137,879130106.0
2021,12,18,1,141,7358961447.0
2021,12,18,1,144,24400522454.0
2021,12,18,1,145,12212676021.0
2021,12,19,1,123,852476664.0
2021,12,19,1,125,329879836.0
2021,12,19,1,131,346817801.0
2021,12,19,1,133,4613391170.0
2021,12,19,1,137,571356181.0
2021,12,19,1,144,5425468185.0
2021,12,19,1,145,16598599776.0
2021,12,20,1,123,469372855.0
2021,12,20,1,125,779969977.0
2021,12,20,1,131,24121229.0
2021,12,20,1,133,3167668494.0
2021,12,20,1,137,35065001.0
2021,12,20,1,141,2009953469.0
2021,12,20,1,144,2529747912.0
2021,12,20,1,145,4206223922.0
2021,12,21,1,123,413280988.0
2021,12,21,1,125,216360114.0
2021,12,21,1,131,12000000.0
2021,12,21,1,133,3507240212.0
2021,12,21,1,137,158164198.0
2021,12,21,1,141,382852487.0
2021,12,21,1,144,3489423549.0
2021,12,21,1,145,7443305604.0
2021,13,1,1,123,611503887.0
2021,13,1,1,133,299805000.0
2021,13,1,1,137,1613791463.0
2021,13,1,1,142,154609998.0
2021,13,1,1,144,7596186249.0
2021,13,1,1,145,5360252888.0
2021,13,2,1,123,4338442882.0
2021,13,2,1,131,3195998000.0
2021,13,2,1,133,20454296113.0
2021,13,2,1,137,954787466.0
2021,13,2,1,142,54166666.0
2021,13,2,1,144,64735234961.0
2021,13,2,1,145,4917449654.0
2021,13,3,1,123,695925000.0
2021,13,3,1,131,1735000000.0
2021,13,3,1,133,74255497919.0
2021,13,3,1,137,2914534158.0
2021,13,3,1,141,954032924.0
2021,13,3,1,144,12916854984.0
2021,13,3,1,145,5759470501.0
2021,13,4,1,123,19062455.0
2021,13,4,1,125,70725014.0
2021,13,4,1,133,2287578079.0
2021,13,4,1,137,242443528.0
2021,13,4,1,144,1606486198.0
2021,13,4,1,145,1166386428.0
2021,13,4,1,148,2526400000.0
2021,13,5,1,123,10503283.0
2021,13,5,1,125,13363570.0
2021,13,5,1,133,4891150192.0
2021,13,5,1,137,210107499.0
2021,13,5,1,144,1466409980.0
2021,13,5,1,145,1279656388.0
2021,13,6,1,123,143014957.0
2021,13,6,1,125,26962551.0
2021,13,6,1,133,1685264188.0
2021,13,6,1,137,547051108.0
2021,13,6,1,144,9270347096.0
2021,13,6,1,145,8962997553.0
2021,13,7,1,133,1552848611.0
2021,13,7,1,137,34486834.0
2021,13,7,1,144,555419638.0
2021,13,7,1,145,301600000.0
2021,14,1,1,123,7724082912.0
2021,14,1,1,131,235450000.0
2021,14,1,1,133,13784185904.0
2021,14,1,1,137,227413328.0
2021,14,1,1,144,1465235274.0
2021,14,1,1,145,1799212218.0
2021,15,1,1,133,293636861.0
2021,15,1,1,144,1604209983.0
2021,15,1,1,145,1305345833.0
2021,15,2,1,131,15500000.0
2021,15,2,1,133,905273695.0
2021,15,2,1,144,28506907.0
2021,21,1,1,123,220551884.0
2021,21,1,1,125,90546555.0
2021,21,1,1,131,7663972305.0
2021,21,1,1,133,16112506053.0
2021,21,1,1,142,125011404.0
2021,21,1,1,145,190329371.0
2021,22,1,1,123,68824709.0
2021,22,1,1,131,7350000.0
2021,22,1,1,133,388172308.0
2021,22,1,1,141,92099226.0
2021,22,1,1,142,13157034.0
2021,22,1,1,144,1283872979.0
2021,22,1,1,145,330914068.0
2021,22,2,1,123,29929728.0
2021,22,2,1,133,233150136.0
2021,22,2,1,144,728858171.0
2021,22,2,1,145,162840000.0
2021,22,3,1,133,802037472.0
2021,22,3,1,137,86748482.0
2021,22,3,1,142,35000000.0
2021,22,3,1,144,688329624.0
2021,22,3,1,145,297200000.0
2021,22,4,1,133,354178633.0
2021,22,4,1,144,1885118236.0
2021,22,4,1,145,579823434.0
2021,22,4,1,147,29250000.0
2021,22,5,1,144,1534458017.0
2021,22,5,1,145,627183533.0
2021,22,6,1,131,3710000.0
2021,22,6,1,133,464658780.0
2021,22,6,1,144,1228594656.0
2021,22,6,1,145,245110846.0
2021,22,7,1,133,300992190.0
2021,22,7,1,142,150335897.0
2021,22,7,1,144,2080293338.0
2021,22,7,1,145,243676860.0
2021,22,8,1,133,4000000.0
2021,22,8,1,144,691903100.0
2021,22,8,1,145,116257190.0
2021,22,9,1,133,93059248.0
2021,22,9,1,144,2016752211.0
2021,22,9,1,145,231000000.0
2021,22,10,1,123,68725188.0
2021,22,10,1,131,7595000.0
2021,22,10,1,133,401650781.0
2021,22,10,1,141,2308783275.0
2021,22,10,1,144,1824653906.0
2021,22,10,1,145,646591554.0
2021,22,11,1,133,1684508429.0
2021,22,11,1,137,44000000.0
2021,22,11,1,141,133882178.0
2021,22,11,1,144,733551005.0
2021,22,11,1,145,734109601.0
2021,22,12,1,131,1260000.0
2021,22,12,1,133,348344258.0
2021,22,12,1,144,908420516.0
2021,22,12,1,145,67600000.0
2021,22,13,1,141,801987498.0
2021,22,13,1,142,458500000.0
2021,22,13,1,144,1279093228.0
2021,22,13,1,145,603500000.0
2021,22,14,1,144,1174494092.0
2021,22,15,1,133,542845787.0
2021,22,15,1,144,2004577982.0
2021,22,16,1,133,1514352204.0
2021,22,16,1,142,880490000.0
2021,22,16,1,144,1662516143.0
2021,22,16,1,145,1130337737.0
2021,22,17,1,123,60910812.0
2021,22,17,1,133,401769324.0
2021,23,1,1,123,423947692.0
2021,23,1,1,125,77492536.0
2021,23,1,1,131,1166989046.0
2021,23,1,1,133,3533258401.0
2021,23,1,1,144,1537457251.0
2021,23,1,1,145,1028936818.0
2021,23,3,1,123,446328938.0
2021,23,3,1,125,82820489.0
2021,23,3,1,133,5982496673.0
2021,23,3,1,137,176234000.0
2021,23,3,1,141,637356832.0
2021,23,3,1,144,1557730908.0
2021,23,3,1,145,1079678688.0
2021,23,4,1,123,44156428.0
2021,23,4,1,131,385546825.0
2021,23,4,1,133,1635295155.0
2021,23,4,1,142,60900000.0
2021,23,4,1,144,232875837.0
2021,23,4,1,145,351909160.0
2021,23,6,1,133,1465955023.0
2021,23,6,1,137,45000000.0
2021,23,6,1,141,57200000.0
2021,23,6,1,144,171041442.0
2021,23,6,1,145,95100000.0
2021,23,8,1,133,49441334.0
2021,23,8,1,144,56444377.0
2021,23,8,1,145,204073148.0
2021,23,9,1,133,688070136.0
2021,23,9,1,145,76036356.0
2021,23,10,1,122,46200000.0
2021,23,10,1,123,285961582.0
2021,23,10,1,125,82737421.0
2021,23,10,1,133,4376502183.0
2021,23,10,1,141,195204426.0
2021,23,10,1,144,1245319862.0
2021,23,10,1,145,961976279.0
2021,23,11,1,131,70250000.0
2021,23,11,1,133,2523571862.0
2021,23,11,1,137,27720000.0
2021,23,11,1,144,1705347541.0
2021,23,11,1,145,212758520.0
2021,23,13,1,123,121378873.0
2021,23,13,1,133,1741507735.0
2021,23,13,1,144,1409677667.0
2021,23,13,1,145,1803781389.0
2021,23,14,1,131,345140678.0
2021,23,14,1,133,1722564989.0
2021,23,14,1,144,866521492.0
2021,23,14,1,145,1468030119.0
2021,23,15,1,122,10336026665.0
2021,23,15,1,123,12243887664.0
2021,23,15,1,125,881911061.0
2021,23,15,1,131,3862836034.0
2021,23,15,1,133,9444977773.0
2021,23,15,1,137,1721182485.0
2021,23,15,1,144,2666559951.0
2021,23,15,1,145,1555231979.0
2021,23,16,1,123,3056412845.0
2021,23,16,1,125,2263209649.0
2021,23,16,1,131,2777800000.0
2021,23,16,1,132,0.0
2021,23,16,1,133,11374519224.0
2021,23,16,1,137,30963000.0
2021,23,16,1,144,3188914577.0
2021,23,16,1,145,4103789888.0
2021,23,17,1,123,78762026.0
2021,23,17,1,131,72180000.0
2021,23,17,1,133,816505116.0
2021,23,17,1,137,26592000.0
2021,23,17,1,141,248429129.0
2021,23,17,1,144,197602776.0
2021,23,17,1,145,88710522.0
2021,23,18,1,122,1328409975.0
2021,23,18,1,123,1847481329.0
2021,23,18,1,125,785870882.0
2021,23,18,1,131,117000000.0
2021,23,18,1,133,5257914127.0
2021,23,18,1,137,33240000.0
2021,23,18,1,141,451064812.0
2021,23,18,1,144,857005326.0
2021,23,18,1,145,3174934886.0
2021,23,19,1,123,313198970.0
2021,23,19,1,125,278660098.0
2021,23,19,1,131,147000000.0
2021,23,19,1,133,2255951904.0
2021,23,19,1,144,1109005016.0
2021,23,19,1,145,4404315536.0
2021,23,20,1,122,99999882.0
2021,23,20,1,131,87396344.0
2021,23,20,1,133,2601947023.0
2021,23,20,1,137,61500000.0
2021,23,20,1,141,116675000.0
2021,23,20,1,144,889091666.0
2021,23,20,1,145,414975000.0
2021,23,21,1,123,76673950.0
2021,23,21,1,125,8012706.0
2021,23,21,1,132,1897650.0
2021,23,21,1,133,2902985252.0
2021,23,21,1,136,299060000.0
2021,23,21,1,137,53160800.0
2021,23,21,1,144,2784353519.0
2021,23,21,1,145,523039907.0
2021,23,22,1,122,32000000.0
2021,23,22,1,123,887052487.0
2021,23,22,1,125,337872953.0
2021,23,22,1,131,933125000.0
2021,23,22,1,133,2042356314.0
2021,23,22,1,137,106426666.0
2021,23,22,1,141,820252259.0
2021,23,22,1,144,4245654744.0
2021,23,22,1,145,2579503953.0
2021,23,24,1,123,0.0
2021,23,24,1,133,887565160.0
2021,23,24,1,137,23580000.0
2021,23,24,1,141,520260891.0
2021,23,24,1,144,951119181.0
2021,23,24,1,145,58377206.0
2021,23,25,1,123,529401286.0
2021,23,25,1,125,131144081.0
2021,23,25,1,131,361768816.0
2021,23,25,1,133,1940396850.0
2021,23,25,1,137,87464000.0
2021,23,25,1,145,605986222.0
2021,23,26,1,131,68070912.0
2021,23,26,1,133,811567152.0
2021,23,27,1,123,34881860.0
2021,23,27,1,131,16200000.0
2021,23,27,1,133,210376537.0
2021,23,28,1,123,90577073.0
2021,23,28,1,125,640468.0
2021,23,28,1,131,11000000.0
2021,23,28,1,133,911887397.0
2021,23,28,1,144,466523594.0
2021,23,28,1,145,963055995.0
2021,23,29,1,123,59899583.0
2021,23,29,1,132,809212.0
2021,23,29,1,133,403853367.0
2021,23,29,1,145,123637500.0
2021,23,30,1,123,53839029.0
2021,23,30,1,133,991152631.0
2021,23,30,1,144,52193836.0
2021,23,30,1,145,48578787.0
2021,23,31,1,133,510375822.0
2021,23,32,1,133,420615760.0
2021,23,32,1,137,40000000.0
2021,23,32,1,144,47204542.0
2021,23,32,1,145,65499996.0
2021,23,33,1,131,36384000.0
2021,23,33,1,132,225780634.0
2021,23,33,1,133,463733068.0
2021,23,33,1,148,214599085.0
2021,23,34,1,131,57010000.0
2021,23,34,1,132,844592504.0
2021,23,34,1,133,271723000.0
2021,23,34,1,145,20000000.0
2021,23,34,1,148,1028467000.0
2021,23,35,1,133,131225103.0
2021,23,35,1,142,37793938.0
2021,23,35,1,144,39072124.0
2021,23,35,1,145,39127272.0
2021,23,36,1,123,427757624.0
2021,23,36,1,125,17607303.0
2021,23,36,1,131,158333308.0
2021,23,36,1,133,1524797773.0
2021,23,36,1,137,48557347.0
2021,23,36,1,141,7367186103.0
2021,23,36,1,144,1782592274.0
2021,23,36,1,145,4258598951.0
2021,24,1,1,122,121131000.0
2021,24,1,1,123,5111273765.0
2021,24,1,1,125,24450783969.0
2021,24,1,1,131,31928762518.0
2021,24,1,1,133,190602632539.0
2021,24,1,1,137,6758028518.0
2021,24,1,1,142,313843929858.0
2021,24,1,1,143,3215674705.0
2021,24,1,1,144,47872974960.0
2021,24,1,1,145,2253285376.0
2021,24,2,1,123,9020000.0
2021,24,2,1,131,5920668.0
2021,24,3,1,123,59894548.0
2021,24,3,1,125,11480068.0
2021,24,3,1,131,142314234.0
2021,24,3,1,133,1930315631.0
2021,24,3,1,144,148558133.0
2021,24,3,1,145,153772103.0
2021,24,4,1,123,835908328.0
2021,24,4,1,125,2146875.0
2021,24,4,1,131,1992371655.0
2021,24,4,1,133,1216261920.0
2021,24,4,1,144,1182483331.0
2021,24,4,1,145,234934810.0
2021,24,5,1,123,38521618.0
2021,24,5,1,131,89815000.0
2021,24,5,1,133,2734979286.0
2021,24,5,1,137,27692304.0
2021,24,5,1,141,26866000.0
2021,24,5,1,142,53900000.0
2021,24,5,1,144,795378922.0
2021,24,5,1,145,405430000.0
2021,25,2,1,122,6254382106.0
2021,25,2,1,123,64265456422.0
2021,25,2,1,125,39461769377.0
2021,25,2,1,131,10547558292.0
2021,25,2,1,133,159329388149.0
2021,25,2,1,137,1191600000.0
2021,25,2,1,141,1994691657.0
2021,25,2,1,144,26203944728.0
2021,25,2,1,145,4725622621.0
2021,25,4,1,122,1382330000.0
2021,25,4,1,123,762433387.0
2021,25,4,1,131,577427120.0
2021,25,4,1,133,8490957230.0
2021,25,4,1,144,3239786834.0
2021,25,4,1,145,120003536.0
2021,25,5,1,122,1643443000.0
2021,25,5,1,133,12850772849.0
2021,25,5,1,141,13425100000.0
2021,25,5,1,144,1849600000.0
2021,25,5,1,145,2346000000.0
2021,25,6,1,122,198000000.0
2021,25,6,1,123,685531228.0
2021,25,6,1,125,2118799178.0
2021,25,6,1,131,1166755559.0
2021,25,6,1,133,29911979663.0
2021,25,6,1,142,175291748.0
2021,25,6,1,144,9005869657.0
2021,25,6,1,145,2570790401.0
2021,25,7,1,123,1777372402.0
2021,25,7,1,125,1255999588.0
2021,25,7,1,131,2635089592.0
2021,25,7,1,133,9742022136.0
2021,25,7,1,137,16000000.0
2021,25,7,1,142,207753967.0
2021,25,7,1,144,6628564395.0
2021,25,7,1,145,2195943875.0
2021,27,1,1,122,2385816899.0
2021,27,1,1,123,5282054648.0
2021,27,1,1,125,649050006.0
2021,27,1,1,131,14410276891.0
2021,27,1,1,133,26444795685.0
2021,27,1,1,141,400232945.0
2021,27,1,1,144,9474095878.0
2021,27,1,1,145,12176147221.0
2021,27,3,1,122,112800000.0
2021,27,3,1,123,665366240.0
2021,27,3,1,125,34070215.0
2021,27,3,1,131,229367246.0
2021,27,3,1,133,2804326798.0
2021,27,3,1,135,2729783417.0
2021,27,3,1,144,573552668.0
2021,27,3,1,145,589533908.0
2021,27,4,1,123,9559570.0
2021,27,4,1,131,320700000.0
2021,27,4,1,133,1639864105.0
2021,27,4,1,134,1797322362.0
2021,27,4,1,137,30800000.0
2021,27,4,1,144,138817936.0
2021,27,4,1,145,51000000.0
2021,27,5,1,133,345833283.0
2021,27,5,1,144,43359734.0
2021,27,7,1,123,82238719.0
2021,27,7,1,125,73186126.0
2021,27,7,1,131,358523720.0
2021,27,7,1,133,2211314038.0
2021,27,7,1,144,46487574.0
2021,28,1,1,123,1137275706.0
2021,28,1,1,125,450667628.0
2021,28,1,1,131,7032280947.0
2021,28,1,1,133,77985348202.0
2021,28,1,1,137,2402400.0
2021,28,1,1,141,452672102.0
2021,28,1,1,142,18625411047.0
2021,28,1,1,144,14864749300.0
2021,28,1,1,145,13798102108.0
2021,28,1,1,148,12823181787.0
2021,28,2,1,123,7084250.0
2021,28,2,1,125,3166637.0
2021,28,2,1,131,132910000.0
2021,28,2,1,133,3795690227.0
2021,28,2,1,144,3161216302.0
2021,28,2,1,145,1998296584.0
2021,28,3,1,131,2100000.0
2021,28,3,1,133,3313767956.0
2021,28,3,1,141,76036356.0
2021,28,3,1,144,977013104.0
2021,28,3,1,145,50690908.0
2021,28,3,1,148,67700000.0
2021,28,4,1,123,13087356.0
2021,28,4,1,125,17373293.0
2021,28,4,1,131,2200000.0
2021,28,4,1,132,314837885.0
2021,28,4,1,133,1550139622.0
2021,28,4,1,144,2878303001.0
2021,28,4,1,145,408400000.0
2021,28,4,1,148,312489998.0
2021,28,5,1,131,8400000.0
2021,28,5,1,133,224575720.0
2021,28,5,1,141,92000000.0
2021,28,5,1,144,173300496.0
2021,28,5,1,145,48000000.0
2021,28,5,1,148,113320496.0
2021,28,6,1,133,776885268.0
2021,28,6,1,144,342865000.0
2021,28,6,1,145,17600000.0
2021,28,6,1,148,323460000.0
2021,28,7,1,133,67210962.0
2021,28,7,1,144,30000000.0
2021,28,7,1,145,41400000.0
2021,28,8,1,123,11277359.0
2021,28,8,1,133,280685622.0
2021,28,8,1,144,201680547.0
2021,30,1,3,133,24000000.0
2021,30,1,3,144,394340000.0
2021,30,1,4,133,78540000.0
2021,30,1,4,144,635095000.0
2021,30,1,4,145,46200000.0
2021,30,1,5,123,91600000.0
2021,30,1,5,144,240730000.0
2021,30,1,6,131,1700000.0
2021,30,1,6,133,32640834.0
2021,30,1,6,135,800000.0
2021,30,1,6,144,324450000.0
2021,30,1,237,144,69400000.0
2021,30,1,238,144,278600000.0
2021,30,1,241,144,169200000.0
2021,30,1,249,144,125600000.0
2021,30,1,524,144,52800000.0
2021,30,1,524,145,15600000.0
2021,30,2,8,132,46066000.0
2021,30,2,8,133,20300000.0
2021,30,2,8,144,1521180000.0
2021,30,2,8,145,105600000.0
2021,30,2,10,133,1300000.0
2021,30,2,10,144,35300000.0
2021,30,2,10,145,6400000.0
2021,30,2,11,133,3625000.0
2021,30,2,11,144,142571000.0
2021,30,2,12,131,13100000.0
2021,30,2,12,144,270250000.0
2021,30,2,13,133,16800000.0
2021,30,2,13,144,411900000.0
2021,30,2,13,145,54000000.0
2021,30,2,14,144,94500000.0
2021,30,2,15,144,807900000.0
2021,30,2,16,144,208005000.0
2021,30,2,16,145,14550000.0
2021,30,2,17,144,95300000.0
2021,30,2,18,133,9000000.0
2021,30,2,18,144,276800000.0
2021,30,2,18,145,27500000.0
2021,30,2,19,144,124700000.0
2021,30,2,19,145,5000000.0
2021,30,2,20,144,249200000.0
2021,30,2,20,145,65500000.0
2021,30,2,22,144,474400000.0
2021,30,2,22,145,48000000.0
2021,30,2,23,133,17600000.0
2021,30,2,23,135,420000.0
2021,30,2,23,144,129600000.0
2021,30,2,24,144,144650000.0
2021,30,2,24,145,27500000.0
2021,30,2,25,144,594000000.0
2021,30,2,25,145,108600000.0
2021,30,2,26,133,1050000.0
2021,30,2,26,144,746081224.0
2021,30,2,26,145,38000000.0
2021,30,2,239,144,324700000.0
2021,30,2,253,144,40000000.0
2021,30,3,27,141,2563483381.0
2021,30,3,27,144,1206653894.0
2021,30,3,27,145,4788462.0
2021,30,3,28,133,3600000.0
2021,30,3,28,141,41070000.0
2021,30,3,28,144,105020000.0
2021,30,3,29,144,616290000.0
2021,30,3,30,133,24000000.0
2021,30,3,30,144,588924167.0
2021,30,3,30,145,49400000.0
2021,30,3,31,144,169890000.0
2021,30,3,31,145,13500000.0
2021,30,3,32,144,1116540000.0
2021,30,3,32,145,39600000.0
2021,30,3,33,135,7513750.0
2021,30,3,33,144,873273333.0
2021,30,3,33,145,232700000.0
2021,30,3,34,144,273754545.0
2021,30,3,35,133,40000000.0
2021,30,3,35,144,332300000.0
2021,30,3,35,145,142700000.0
2021,30,3,36,141,136500000.0
2021,30,3,36,144,48050000.0
2021,30,3,36,145,168000000.0
2021,30,3,37,134,14512500.0
2021,30,3,37,144,237602001.0
2021,30,3,37,145,194400000.0
2021,30,3,38,144,16400000.0
2021,30,3,39,144,324143388.0
2021,30,3,39,145,142800000.0
2021,30,3,40,133,4000000.0
2021,30,3,40,141,73451663.0
2021,30,3,40,144,308174224.0
2021,30,3,40,145,15200000.0
2021,30,3,41,144,193892504.0
2021,30,3,42,131,420000.0
2021,30,3,42,133,199920270.0
2021,30,3,42,141,86671434.0
2021,30,3,42,142,600682000.0
2021,30,3,42,144,3806023626.0
2021,30,3,42,145,955421978.0
2021,30,3,43,144,200950000.0
2021,30,3,44,133,60750000.0
2021,30,3,44,144,1413602633.0
2021,30,3,44,145,134200000.0
2021,30,3,45,133,19760000.0
2021,30,3,45,144,34500000.0
2021,30,3,46,144,99600000.0
2021,30,4,47,133,389250000.0
2021,30,4,47,141,26500000.0
2021,30,4,47,142,71200000.0
2021,30,4,47,144,2926279834.0
2021,30,4,47,145,51300000.0
2021,30,4,48,144,135800000.0
2021,30,4,49,144,118600000.0
2021,30,4,49,145,7500000.0
2021,30,4,50,133,12805000.0
2021,30,4,50,144,151936000.0
2021,30,4,50,145,27500000.0
2021,30,4,51,133,3600000.0
2021,30,4,51,144,297600000.0
2021,30,4,53,133,93000000.0
2021,30,4,53,144,154990000.0
2021,30,4,53,145,20260000.0
2021,30,4,54,133,7000000.0
2021,30,4,54,144,289787000.0
2021,30,4,54,145,91200000.0
2021,30,4,55,144,355260000.0
2021,30,4,56,133,1500000.0
2021,30,4,56,144,211463294.0
2021,30,4,57,123,2000000.0
2021,30,4,57,144,168150000.0
2021,30,4,58,133,3240000.0
2021,30,4,58,144,200153000.0
2021,30,4,59,144,104100000.0
2021,30,4,60,144,142419999.0
2021,30,4,61,133,4950000.0
2021,30,4,61,144,170350000.0
2021,30,4,61,145,5000000.0
2021,30,4,62,144,108139000.0
2021,30,4,63,144,51100000.0
2021,30,4,234,144,392470000.0
2021,30,4,234,145,175000000.0
2021,30,5,64,133,40250000.0
2021,30,5,64,141,574020000.0
2021,30,5,64,144,2392614400.0
2021,30,5,64,145,6000000.0
2021,30,5,65,123,86132352.0
2021,30,5,65,133,192120000.0
2021,30,5,65,135,103500000.0
2021,30,5,65,141,159600000.0
2021,30,5,65,144,3680999832.0
2021,30,5,65,145,136100000.0
2021,30,5,66,144,259600000.0
2021,30,5,67,133,16000000.0
2021,30,5,67,144,313431605.0
2021,30,5,67,145,1500000.0
2021,30,5,68,133,32406324.0
2021,30,5,68,144,256600000.0
2021,30,5,69,144,437100000.0
2021,30,5,69,145,86600000.0
2021,30,5,70,123,5494149.0
2021,30,5,70,133,25200000.0
2021,30,5,70,135,750000.0
2021,30,5,70,141,5000000.0
2021,30,5,70,144,643710617.0
2021,30,5,70,145,173971154.0
2021,30,5,71,133,13700000.0
2021,30,5,71,144,97200000.0
2021,30,5,72,144,110300000.0
2021,30,5,73,123,25650000.0
2021,30,5,73,133,140800000.0
2021,30,5,73,144,495583459.0
2021,30,5,73,145,18000000.0
2021,30,5,74,135,0.0
2021,30,5,74,144,1080000.0
2021,30,5,74,145,0.0
2021,30,5,75,144,1832000000.0
2021,30,5,76,144,1411476250.0
2021,30,5,77,123,19500000.0
2021,30,5,77,144,207117636.0
2021,30,5,77,145,52000000.0
2021,30,5,78,133,39000000.0
2021,30,5,78,134,20298000.0
2021,30,5,78,142,6600000.0
2021,30,5,78,144,416353846.0
2021,30,5,78,145,36200000.0
2021,30,5,79,133,4800000.0
2021,30,5,79,144,162460000.0
2021,30,5,81,144,229501623.0
2021,30,5,81,145,18000000.0
2021,30,5,82,133,22076521.0
2021,30,5,82,144,284950000.0
2021,30,5,82,145,28600000.0
2021,30,5,83,133,3000000.0
2021,30,5,83,144,167700000.0
2021,30,5,233,133,25900000.0
2021,30,5,233,144,516294000.0
2021,30,5,233,145,81400000.0
2021,30,5,243,133,2500000.0
2021,30,5,243,144,120000000.0
2021,30,5,243,145,32500000.0
2021,30,6,84,133,0.0
2021,30,6,84,144,0.0
2021,30,6,85,144,572828136.0
2021,30,6,86,133,0.0
2021,30,6,86,144,0.0
2021,30,6,86,145,0.0
2021,30,6,87,144,23200000.0
2021,30,6,88,144,243800000.0
2021,30,6,88,145,11000000.0
2021,30,6,89,123,2000000.0
2021,30,6,89,133,8500000.0
2021,30,6,89,144,241965000.0
2021,30,6,89,145,13000000.0
2021,30,6,90,133,29000000.0
2021,30,6,90,144,589773076.0
2021,30,6,90,145,18000000.0
2021,30,6,91,144,349200000.0
2021,30,6,91,145,123500000.0
2021,30,6,92,144,455800000.0
2021,30,6,92,145,100000000.0
2021,30,6,93,123,0.0
2021,30,6,93,144,960687500.0
2021,30,6,93,145,103300000.0
2021,30,6,245,144,25200000.0
2021,30,6,245,145,18720000.0
2021,30,7,94,123,174065931.0
2021,30,7,94,133,441145095.0
2021,30,7,94,137,26250000.0
2021,30,7,94,141,2897089396.0
2021,30,7,94,142,1218770130.0
2021,30,7,94,144,24943924097.0
2021,30,7,94,145,1752587479.0
2021,30,7,95,123,3855900.0
2021,30,7,95,133,6478165.0
2021,30,7,95,134,182657621.0
2021,30,7,95,141,8660000.0
2021,30,7,95,144,1099541270.0
2021,30,7,95,145,389110640.0
2021,30,7,96,123,34475031.0
2021,30,7,96,131,4095000.0
2021,30,7,96,133,1511710552.0
2021,30,7,96,134,47890901.0
2021,30,7,96,137,164296199.0
2021,30,7,96,141,335540833.0
2021,30,7,96,142,9350000.0
2021,30,7,96,144,2151495426.0
2021,30,7,96,145,192400000.0
2021,30,7,97,133,58080000.0
2021,30,7,97,144,519300000.0
2021,30,7,97,145,158400000.0
2021,30,7,98,133,0.0
2021,30,7,98,141,21840000.0
2021,30,7,98,144,699657000.0
2021,30,7,98,145,0.0
2021,30,7,99,144,103350000.0
2021,30,7,100,133,36050000.0
2021,30,7,100,144,1083608000.0
2021,30,7,100,145,79200000.0
2021,30,7,101,131,30668000.0
2021,30,7,101,133,25200000.0
2021,30,7,101,137,40800000.0
2021,30,7,101,141,24360000.0
2021,30,7,101,144,1364839000.0
2021,30,7,101,145,72000000.0
2021,30,7,102,142,40500000.0
2021,30,7,102,144,957650000.0
2021,30,7,103,131,3330000.0
2021,30,7,103,133,37180000.0
2021,30,7,103,141,18480000.0
2021,30,7,103,144,624492000.0
2021,30,7,103,145,4400000.0
2021,30,7,104,133,213213557.0
2021,30,7,104,143,49573333.0
2021,30,7,104,144,614105166.0
2021,30,7,104,145,179305000.0
2021,30,7,105,144,582889000.0
2021,30,7,105,145,60275000.0
2021,30,7,106,144,272100000.0
2021,30,7,106,145,18000000.0
2021,30,7,107,123,30366171.0
2021,30,7,107,133,114133670.0
2021,30,7,107,144,1378916745.0
2021,30,7,107,145,210940000.0
2021,30,7,108,144,53280000.0
2021,30,7,108,145,20700000.0
2021,30,7,109,123,0.0
2021,30,7,109,144,302903000.0
2021,30,7,109,145,26400000.0
2021,30,7,110,123,16532070.0
2021,30,7,110,133,127422975.0
2021,30,7,110,144,2156236242.0
2021,30,7,110,145,283666600.0
2021,30,7,111,144,463257577.0
2021,30,7,111,145,181066666.0
2021,30,7,112,144,216540000.0
2021,30,7,113,133,44750000.0
2021,30,7,113,144,989300000.0
2021,30,7,114,123,49950000.0
2021,30,7,114,133,18500000.0
2021,30,7,114,135,13300000.0
2021,30,7,114,141,108500000.0
2021,30,7,114,143,29500000.0
2021,30,7,114,144,1199380026.0
2021,30,7,114,145,152000000.0
2021,30,7,115,123,14302681.0
2021,30,7,115,144,268145616.0
2021,30,7,115,145,212224916.0
2021,30,7,116,123,4140000.0
2021,30,7,116,133,48683333.0
2021,30,7,116,141,14800000.0
2021,30,7,116,142,4800000.0
2021,30,7,116,144,567335975.0
2021,30,7,116,145,201550000.0
2021,30,7,117,132,100000.0
2021,30,7,117,134,31920478.0
2021,30,7,117,135,54161050.0
2021,30,7,117,141,79966667.0
2021,30,7,117,144,1594111530.0
2021,30,7,117,145,267173325.0
2021,30,7,118,133,25800000.0
2021,30,7,118,143,30000000.0
2021,30,7,118,144,557100000.0
2021,30,7,118,145,36000000.0
2021,30,7,119,123,1250000.0
2021,30,7,119,144,397885410.0
2021,30,7,119,145,127707767.0
2021,30,7,120,123,2000000.0
2021,30,7,120,133,1250000.0
2021,30,7,120,144,581313289.0
2021,30,7,120,145,152500000.0
2021,30,7,121,133,295270494.0
2021,30,7,121,141,206497835.0
2021,30,7,121,144,1078306667.0
2021,30,7,121,145,113708333.0
2021,30,7,122,123,3721305.0
2021,30,7,122,125,3652000.0
2021,30,7,122,133,19000000.0
2021,30,7,122,141,189966667.0
2021,30,7,122,142,27820000.0
2021,30,7,122,144,866863156.0
2021,30,7,122,145,328635997.0
2021,30,7,123,133,6480000.0
2021,30,7,123,144,502907520.0
2021,30,7,123,145,204000000.0
2021,30,8,124,123,15192610.0
2021,30,8,124,133,28700000.0
2021,30,8,124,144,1227560000.0
2021,30,8,125,125,32065361.0
2021,30,8,125,133,189360496.0
2021,30,8,125,134,49418988.0
2021,30,8,125,141,69700000.0
2021,30,8,125,144,2209048982.0
2021,30,8,125,145,340998552.0
2021,30,8,125,147,26400000.0
2021,30,8,126,133,35986667.0
2021,30,8,126,134,74706613.0
2021,30,8,126,141,30500000.0
2021,30,8,126,144,2388229948.0
2021,30,8,126,145,305883333.0
2021,30,8,127,133,9600000.0
2021,30,8,127,141,43280000.0
2021,30,8,127,144,389550000.0
2021,30,8,127,145,57901670.0
2021,30,8,129,144,0.0
2021,30,8,129,145,0.0
2021,30,8,130,144,73533000.0
2021,30,8,130,145,5400000.0
2021,30,8,131,133,47422222.0
2021,30,8,131,135,12435000.0
2021,30,8,131,141,13000000.0
2021,30,8,131,144,491942000.0
2021,30,8,131,145,125146667.0
2021,30,8,132,141,85100000.0
2021,30,8,132,144,469900000.0
2021,30,8,132,145,63000000.0
2021,30,8,133,144,158400000.0
2021,30,9,134,133,10000000.0
2021,30,9,134,144,1363370001.0
2021,30,9,134,145,246901923.0
2021,30,9,135,144,42520000.0
2021,30,9,135,145,3500000.0
2021,30,9,136,144,546030000.0
2021,30,9,136,145,165600000.0
2021,30,9,137,144,407799996.0
2021,30,9,137,145,94000000.0
2021,30,9,138,141,1020243800.0
2021,30,9,138,144,28650000.0
2021,30,9,139,144,127655000.0
2021,30,9,140,133,24000000.0
2021,30,9,140,144,346573666.0
2021,30,9,140,145,72300000.0
2021,30,9,141,133,36400000.0
2021,30,9,141,135,10187487.0
2021,30,9,141,144,210300000.0
2021,30,9,142,144,370115000.0
2021,30,9,142,145,219500000.0
2021,30,9,143,133,15500000.0
2021,30,9,143,144,789160000.0
2021,30,9,143,145,146300000.0
2021,30,9,144,133,6600000.0
2021,30,9,144,144,101052000.0
2021,30,9,145,133,41250000.0
2021,30,9,145,144,144567500.0
2021,30,9,146,144,117000000.0
2021,30,9,146,145,71000000.0
2021,30,9,147,144,60704165.0
2021,30,9,148,133,54190000.0
2021,30,9,148,141,88366663.0
2021,30,9,148,144,908058265.0
2021,30,9,148,145,18150000.0
2021,30,9,149,123,11855000.0
2021,30,9,149,133,109050000.0
2021,30,9,149,144,487100000.0
2021,30,9,150,133,72800000.0
2021,30,9,150,144,322810000.0
2021,30,9,150,145,126100000.0
2021,30,9,252,144,21416667.0
2021,30,10,151,123,68041875.0
2021,30,10,151,133,2488136659.0
2021,30,10,151,142,4155772265.0
2021,30,10,151,144,51488425169.0
2021,30,10,151,145,808512333.0
2021,30,10,152,123,15300000.0
2021,30,10,152,133,161520000.0
2021,30,10,152,141,26400000.0
2021,30,10,152,144,5936813076.0
2021,30,10,152,145,238058312.0
2021,30,10,153,133,44500000.0
2021,30,10,153,144,566200000.0
2021,30,10,153,145,14500000.0
2021,30,10,154,133,7200000.0
2021,30,10,154,144,740800000.0
2021,30,10,154,145,202700000.0
2021,30,10,155,123,49820793.0
2021,30,10,155,133,424880000.0
2021,30,10,155,144,7747320763.0
2021,30,10,155,145,465450000.0
2021,30,10,156,133,13500000.0
2021,30,10,156,144,310214394.0
2021,30,10,156,145,143503775.0
2021,30,10,157,133,48400000.0
2021,30,10,157,144,1093848605.0
2021,30,10,157,145,24000000.0
2021,30,10,158,133,54000000.0
2021,30,10,158,144,593300000.0
2021,30,10,159,122,5000000.0
2021,30,10,159,132,1000000.0
2021,30,10,159,133,12000000.0
2021,30,10,159,144,261859775.0
2021,30,10,159,145,40000000.0
2021,30,10,160,133,28200000.0
2021,30,10,160,144,593608177.0
2021,30,10,160,145,65000000.0
2021,30,10,161,133,27600000.0
2021,30,10,161,144,1103700000.0
2021,30,10,161,145,36000000.0
2021,30,10,162,123,13836156.0
2021,30,10,162,133,219400000.0
2021,30,10,162,141,653525000.0
2021,30,10,162,144,2494816221.0
2021,30,10,162,145,99000000.0
2021,30,10,163,133,55115000.0
2021,30,10,163,144,776068890.0
2021,30,10,163,145,129000000.0
2021,30,10,164,123,42262809.0
2021,30,10,164,133,90760684.0
2021,30,10,164,141,118200000.0
2021,30,10,164,144,992900000.0
2021,30,10,164,145,601400000.0
2021,30,10,165,133,18700000.0
2021,30,10,165,144,742929324.0
2021,30,10,165,145,153000000.0
2021,30,10,166,133,253976800.0
2021,30,10,166,144,893572000.0
2021,30,10,166,145,129600000.0
2021,30,10,167,133,12000000.0
2021,30,10,167,142,25786667.0
2021,30,10,167,144,875316666.0
2021,30,10,167,145,350633333.0
2021,30,10,168,133,36450530.0
2021,30,10,168,141,19905600.0
2021,30,10,168,144,730322733.0
2021,30,10,168,145,271372586.0
2021,30,10,168,147,1500000.0
2021,30,10,169,133,50114614.0
2021,30,10,169,144,1510092050.0
2021,30,10,169,145,164100000.0
2021,30,10,170,123,5000000.0
2021,30,10,170,133,25372665.0
2021,30,10,170,141,35000000.0
2021,30,10,170,144,290630434.0
2021,30,10,170,145,59949999.0
2021,30,10,240,123,107100000.0
2021,30,10,240,144,247100000.0
2021,30,10,246,144,183060000.0
2021,30,10,246,145,1800000.0
2021,30,11,171,133,60825000.0
2021,30,11,171,141,1888516493.0
2021,30,11,171,144,703175169.0
2021,30,11,171,145,139300000.0
2021,30,11,172,133,294837083.0
2021,30,11,172,135,236924855.0
2021,30,11,172,142,547189999.0
2021,30,11,172,143,19800000.0
2021,30,11,172,144,13719116823.0
2021,30,11,173,123,96025924.0
2021,30,11,173,125,4189160.0
2021,30,11,173,131,746281648.0
2021,30,11,173,133,1734159991.0
2021,30,11,173,141,396829428.0
2021,30,11,173,144,14183488178.0
2021,30,11,173,145,484106436.0
2021,30,11,174,123,2625600.0
2021,30,11,174,133,45200000.0
2021,30,11,174,141,99787500.0
2021,30,11,174,144,1658960958.0
2021,30,11,174,145,449608333.0
2021,30,11,175,133,2600000.0
2021,30,11,175,135,137643740.0
2021,30,11,175,144,1649106503.0
2021,30,11,175,145,213143333.0
2021,30,11,176,133,287626440.0
2021,30,11,176,141,133366852.0
2021,30,11,176,144,4332692826.0
2021,30,11,176,145,646601652.0
2021,30,11,177,123,26045038.0
2021,30,11,177,125,29556051.0
2021,30,11,177,133,1095310000.0
2021,30,11,177,141,6551612563.0
2021,30,11,177,144,4191981616.0
2021,30,11,177,145,253738667.0
2021,30,11,178,133,0.0
2021,30,11,178,144,2342407958.0
2021,30,11,179,123,68915020.0
2021,30,11,179,133,550965350.0
2021,30,11,179,141,351714549.0
2021,30,11,179,144,10593337123.0
2021,30,11,179,145,1477416127.0
2021,30,11,180,123,3000000.0
2021,30,11,180,133,446800000.0
2021,30,11,180,141,8858670000.0
2021,30,11,180,144,168000000.0
2021,30,11,180,145,868500000.0
2021,30,11,181,123,12153142.0
2021,30,11,181,133,93747390.0
2021,30,11,181,135,34252695.0
2021,30,11,181,144,468384256.0
2021,30,11,181,145,116987500.0
2021,30,11,182,133,450595420.0
2021,30,11,182,135,286077176.0
2021,30,11,182,141,2213400000.0
2021,30,11,182,143,196700000.0
2021,30,11,182,144,2327400000.0
2021,30,11,182,145,799549994.0
2021,30,11,183,133,70000000.0
2021,30,11,183,136,19500000.0
2021,30,11,183,144,2612963221.0
2021,30,11,184,123,852994248.0
2021,30,11,184,133,2392598463.0
2021,30,11,184,141,8121110673.0
2021,30,11,184,144,7662205180.0
2021,30,11,184,145,2086969115.0
2021,30,11,185,123,112038113.0
2021,30,11,185,133,1305918158.0
2021,30,11,185,137,3487117.0
2021,30,11,185,142,131400000.0
2021,30,11,185,143,116096932.0
2021,30,11,185,144,5754350590.0
2021,30,11,185,145,157150000.0
2021,30,11,186,133,25056315.0
2021,30,11,186,144,2696873110.0
2021,30,11,186,145,3900000.0
2021,30,11,187,125,9720000.0
2021,30,11,187,133,137000000.0
2021,30,11,187,141,31020000.0
2021,30,11,187,144,1771800500.0
2021,30,11,187,145,32400000.0
2021,30,11,188,123,33600000.0
2021,30,11,188,144,1382021823.0
2021,30,11,188,145,275953611.0
2021,30,11,189,133,11000000.0
2021,30,11,189,141,58500000.0
2021,30,11,189,144,1403144000.0
2021,30,12,191,134,17750000.0
2021,30,12,191,144,150942308.0
2021,30,12,192,144,689944000.0
2021,30,12,193,133,10800000.0
2021,30,12,193,144,98050000.0
2021,30,12,194,144,330915000.0
2021,30,12,194,145,110000000.0
2021,30,12,195,125,1800000.0
2021,30,12,195,144,47700000.0
2021,30,12,196,144,245250000.0
2021,30,12,197,125,12000000.0
2021,30,12,197,144,178550000.0
2021,30,12,200,144,54600000.0
2021,30,12,201,125,15300000.0
2021,30,12,201,133,10200000.0
2021,30,12,201,144,367725000.0
2021,30,12,202,144,28500000.0
2021,30,12,203,144,40360000.0
2021,30,12,204,162,74140000.0
2021,30,12,205,144,426690000.0
2021,30,13,206,123,268910817.0
2021,30,13,206,144,9456965582.0
2021,30,13,207,144,137860000.0
2021,30,13,208,133,90000000.0
2021,30,13,208,144,716902104.0
2021,30,13,208,145,180000000.0
2021,30,13,242,133,20000000.0
2021,30,13,242,144,336400000.0
2021,30,13,250,144,12000000.0
2021,30,14,209,133,16450000.0
2021,30,14,209,135,16000000.0
2021,30,14,209,144,5352352529.0
2021,30,14,209,145,219250000.0
2021,30,14,210,144,761900000.0
2021,30,14,211,123,28137932.0
2021,30,14,211,144,1243889133.0
2021,30,14,211,145,89700000.0
2021,30,14,212,144,273700000.0
2021,30,14,213,144,524750000.0
2021,30,14,213,145,30000000.0
2021,30,14,214,141,20000000.0
2021,30,14,214,144,211300000.0
2021,30,14,214,145,0.0
2021,30,14,215,144,411100000.0
2021,30,14,215,145,24000000.0
2021,30,14,216,144,1116784670.0
2021,30,14,216,145,84000000.0
2021,30,14,217,123,6975000.0
2021,30,14,217,133,124604000.0
2021,30,14,217,134,470000.0
2021,30,14,217,135,597880.0
2021,30,14,217,141,35319000.0
2021,30,14,217,144,1741460356.0
2021,30,14,217,145,5500000.0
2021,30,14,218,133,60800000.0
2021,30,14,218,135,9079634.0
2021,30,14,218,144,665418066.0
2021,30,14,218,145,30000000.0
2021,30,14,219,123,62247793.0
2021,30,14,219,133,290855780.0
2021,30,14,219,141,123227793.0
2021,30,14,219,144,1014062533.0
2021,30,14,219,145,156966667.0
2021,30,14,244,144,486400000.0
2021,30,14,244,145,25000000.0
2021,30,14,247,144,313200000.0
2021,30,14,247,145,24000000.0
2021,30,14,251,144,465300000.0
2021,30,14,251,145,30000000.0
2021,30,14,255,133,17000000.0
2021,30,14,255,144,205000000.0
2021,30,14,255,145,51500000.0
2021,30,15,220,133,131400000.0
2021,30,15,220,144,1572564306.0
2021,30,15,220,145,162086333.0
2021,30,15,221,123,14643510.0
2021,30,15,221,133,329151648.0
2021,30,15,221,144,896100000.0
2021,30,15,222,131,112251587.0
2021,30,15,222,133,540055555.0
2021,30,15,222,144,3246327206.0
2021,30,15,223,144,411210000.0
2021,30,15,224,133,43900000.0
2021,30,15,224,144,904050000.0
2021,30,15,224,145,217400000.0
2021,30,15,229,133,145600000.0
2021,30,15,229,144,628661748.0
2021,30,15,229,145,304700000.0
2021,30,15,232,144,227200000.0
2021,30,15,233,133,89295833.0
2021,30,15,233,144,770675000.0
2021,30,15,233,145,148000000.0
2021,30,15,258,144,0.0
2021,30,16,228,133,601900000.0
2021,30,16,228,141,48000000.0
2021,30,16,228,144,3845365402.0
2021,30,16,228,145,949370280.0
2021,30,16,230,133,420938662.0
2021,30,16,230,141,411212500.0
2021,30,16,230,144,3496053953.0
2021,30,16,230,145,1385061817.0
2021,30,16,231,132,3806433.0
2021,30,16,231,133,155762500.0
2021,30,16,231,135,3500000.0
2021,30,16,231,144,1564464539.0
2021,30,16,231,145,641121538.0
2021,30,17,226,144,138352978.0
2021,40,1,1,122,16900496.0
2021,40,1,1,123,1110302825.0
2021,40,1,1,131,7026135420.0
2021,40,1,1,133,32574087784.0
2021,40,2,1,123,13512205323.0
2021,40,2,1,125,15000000.0
2021,40,2,1,131,8351358716.0
2021,40,2,1,133,27792593151.0
2021,40,2,1,145,15158587258.0
2021,40,3,1,123,91471307.0
2021,40,3,1,125,383163976.0
2021,40,3,1,131,293693595.0
2021,40,3,1,144,231823840.0
2021,40,3,1,145,274600247.0
2022,11,1,1,131,316570116.0
2022,11,1,1,133,10078896743.0
2022,11,1,1,137,563100000.0
2022,11,1,1,144,6838802365.0
2022,11,1,1,145,3571979995.0
2022,11,2,1,131,597137388.0
2022,11,2,1,133,20873745641.0
2022,11,2,1,137,2050136000.0
2022,11,2,1,144,5937102122.0
2022,11,2,1,145,5222407494.0
2022,11,3,1,131,1017900000.0
2022,11,3,1,133,8897185651.0
2022,11,3,1,137,1745341664.0
2022,11,3,1,144,14174196634.0
2022,11,3,1,145,13714249118.0
2022,12,1,1,123,331504150.0
2022,12,1,1,131,672526616.0
2022,12,1,1,133,3282067644.0
2022,12,1,1,137,173622223.0
2022,12,1,1,141,61912500.0
2022,12,1,1,144,2219595593.0
2022,12,1,1,145,560976508.0
2022,12,1,2,131,8100000.0
2022,12,1,2,133,2474999933.0
2022,12,1,2,137,11039483216.0
2022,12,1,2,144,60028674.0
2022,12,1,5,123,629149838.0
2022,12,1,5,125,113544227.0
2022,12,1,5,131,429290768.0
2022,12,1,5,133,2942786130.0
2022,12,1,5,137,97821750.0
2022,12,1,5,141,61615219.0
2022,12,1,5,144,768303844.0
2022,12,1,5,145,2154835616.0
2022,12,1,6,133,879984860.0
2022,12,1,6,144,222784900.0
2022,12,1,11,131,948614544.0
2022,12,1,11,133,12344401240.0
2022,12,1,11,137,1823935316.0
2022,12,1,11,138,1286386400.0
2022,12,1,11,142,121066666.0
2022,12,1,11,144,538049990.0
2022,12,1,11,145,189483331.0
2022,12,1,12,133,212729318.0
2022,12,1,14,123,125886356.0
2022,12,1,14,131,109400000.0
2022,12,1,14,133,1764284073.0
2022,12,1,14,137,39000000.0
2022,12,1,14,144,1241288253.0
2022,12,1,14,145,1406515902.0
2022,12,1,15,123,184638198.0
2022,12,1,15,125,8750764.0
2022,12,1,15,131,261108000.0
2022,12,1,15,133,2830955021.0
2022,12,1,15,137,53733334.0
2022,12,1,15,144,100577845.0
2022,12,1,15,145,216913633.0
2022,12,1,17,123,33336199.0
2022,12,1,17,125,3450832.0
2022,12,1,17,131,225582848.0
2022,12,1,17,133,1069040998.0
2022,12,1,17,137,75496831.0
2022,12,1,17,144,4555694303.0
2022,12,1,17,145,967975303.0
2022,12,1,18,123,625956985.0
2022,12,1,18,125,264721131.0
2022,12,1,18,131,657678692.0
2022,12,1,18,133,3440803632.0
2022,12,1,18,137,46800000.0
2022,12,1,18,141,256150299.0
2022,12,1,18,144,2191470060.0
2022,12,1,18,145,2079606497.0
2022,12,1,20,123,6664796.0
2022,12,1,20,131,140033958.0
2022,12,1,20,133,1205425719.0
2022,12,1,20,137,16250000.0
2022,12,1,20,144,99559756.0
2022,12,1,20,145,62908476.0
2022,12,1,21,123,37283534.0
2022,12,1,21,125,145500000.0
2022,12,1,21,131,297250000.0
2022,12,1,21,133,2509463727.0
2022,12,1,21,137,355280001.0
2022,12,1,21,141,946978899.0
2022,12,1,21,144,737722777.0
2022,12,1,21,145,681373114.0
2022,12,1,23,123,186289553.0
2022,12,1,23,125,163313992.0
2022,12,1,23,131,207289324.0
2022,12,1,23,133,1420567817.0
2022,12,1,23,137,19298692.0
2022,12,1,23,141,744068935.0
2022,12,1,23,144,488749116.0
2022,12,1,23,145,1507332147.0
2022,12,1,29,133,408594588.0
2022,12,1,29,137,34796250.0
2022,12,1,29,144,29761212.0
2022,12,1,29,145,42900000.0
2022,12,1,30,123,31694605.0
2022,12,1,30,125,84796900.0
2022,12,1,30,133,4706324220.0
2022,12,1,30,137,26000000.0
2022,12,1,30,141,270492515.0
2022,12,1,30,142,1909291672.0
2022,12,1,30,144,1759321697.0
2022,12,1,30,145,501176092.0
2022,12,1,36,123,254403980.0
2022,12,1,36,125,48203874.0
2022,12,1,36,131,265561584.0
2022,12,1,36,133,2135616681.0
2022,12,1,36,137,22854131.0
2022,12,1,36,141,66564195.0
2022,12,1,36,144,75232001.0
2022,12,1,36,145,353183981.0
2022,12,1,38,123,23989173.0
2022,12,1,38,125,23219850.0
2022,12,1,38,133,1052938983.0
2022,12,1,38,144,333385284.0
2022,12,1,38,145,1866421184.0
2022,12,1,40,131,13523600.0
2022,12,1,40,133,506985634.0
2022,12,1,40,137,57845833.0
2022,12,1,40,144,32500000.0
2022,12,1,40,145,76960000.0
2022,12,1,50,131,94880703.0
2022,12,1,50,133,612924285.0
2022,12,1,51,123,48329673.0
2022,12,1,51,131,1680000.0
2022,12,1,51,133,585827584.0
2022,12,1,51,137,26000000.0
2022,12,1,51,144,352713297.0
2022,12,1,51,145,266564743.0
2022,12,1,53,133,782633999.0
2022,12,1,53,137,66552777.0
2022,12,1,53,144,114974222.0
2022,12,1,53,145,70470400.0
2022,12,1,54,123,177652730.0
2022,12,1,54,131,65233100.0
2022,12,1,54,133,1084474285.0
2022,12,1,54,137,100294376.0
2022,12,1,54,144,35793867.0
2022,12,1,54,145,252653389.0
2022,12,1,55,123,89744677.0
2022,12,1,55,125,29083226.0
2022,12,1,55,131,24200000.0
2022,12,1,55,133,239476866.0
2022,12,1,55,137,65000000.0
2022,12,1,55,144,443382135.0
2022,12,1,55,145,1603059146.0
2022,12,1,56,133,118300000.0
2022,12,1,56,141,1143233144.0
2022,12,1,56,144,947406241.0
2022,12,1,56,145,1661539001.0
2022,12,2,1,131,104640202.0
2022,12,2,1,133,1183278145.0
2022,12,2,1,137,1010016629.0
2022,12,2,1,144,361094166.0
2022,12,3,1,123,1414690626.0
2022,12,3,1,131,1403002456.0
2022,12,3,1,133,6136884410.0
2022,12,3,1,137,1466338329.0
2022,12,3,1,141,52509166.0
2022,12,3,1,144,6381181718.0
2022,12,3,1,145,3714777488.0
2022,12,3,2,123,440040139.0
2022,12,3,2,131,3330527760.0
2022,12,3,2,133,29547478684.0
2022,12,3,2,136,202111519552.0
2022,12,3,2,137,11016005255.0
2022,12,3,2,138,255560373120.0
2022,12,3,2,142,4929605626.0
2022,12,3,2,148,378682200.0
2022,12,4,1,123,1433572899.0
2022,12,4,1,125,517722733.0
2022,12,4,1,131,1578605000.0
2022,12,4,1,133,11084062121.0
2022,12,4,1,134,1042997750.0
2022,12,4,1,137,517875413.0
2022,12,4,1,144,1147849142.0
2022,12,4,1,145,1460902755.0
2022,12,4,1,146,41949087096.0
2022,12,4,1,148,313445000.0
2022,12,4,1,161,155118472050.0
2022,12,4,1,162,12600152088.0
2022,12,4,1,163,13736133600.0
2022,12,5,1,125,27608008.0
2022,12,5,1,131,4079363000.0
2022,12,5,1,133,56445487743.0
2022,12,5,1,136,113124038079.0
2022,12,5,1,137,28589680706.0
2022,12,5,1,138,153262518100.0
2022,12,5,1,141,70308332.0
2022,12,5,1,142,3085832399.0
2022,12,5,1,144,4535059107.0
2022,12,5,1,145,548000829.0
2022,12,5,1,148,525425000.0
2022,12,5,1,162,11502399360.0
2022,12,5,1,163,958533212.0
2022,12,6,1,123,17842122503.0
2022,12,6,1,125,8393956629.0
2022,12,6,1,131,6820624338.0
2022,12,6,1,133,31657280622.0
2022,12,6,1,137,2219070374.0
2022,12,6,1,141,154737359.0
2022,12,6,1,142,31633334.0
2022,12,6,1,144,10722476874.0
2022,12,6,1,145,24157731071.0
2022,12,7,1,123,3599926550.0
2022,12,7,1,125,69965580.0
2022,12,7,1,131,76887175000.0
2022,12,7,1,132,406243220632.0
2022,12,7,1,133,24679341348.0
2022,12,7,1,137,930149997.0
2022,12,7,1,141,891695846.0
2022,12,7,1,144,4682981255.0
2022,12,7,1,145,3423846927.0
2022,12,7,1,148,344616441.0
2022,12,8,1,123,23787575603.0
2022,12,8,1,125,16168455734.0
2022,12,8,1,131,6321246822.0
2022,12,8,1,133,172943193631.0
2022,12,8,1,137,2580218701.0
2022,12,8,1,141,472035313.0
2022,12,8,1,142,1544511299863.0
2022,12,8,1,143,24472252639.0
2022,12,8,1,144,252875238868.0
2022,12,8,1,145,10861656371.0
2022,12,8,1,148,273402000.0
2022,12,9,1,123,1283616555.0
2022,12,9,1,125,220916552.0
2022,12,9,1,131,18278290344.0
2022,12,9,1,133,29669376647.0
2022,12,9,1,137,757539145.0
2022,12,9,1,142,7002652585.0
2022,12,9,1,144,41362558796.0
2022,12,9,1,145,1777800782.0
2022,12,10,1,123,6562531909.0
2022,12,10,1,125,2337543394.0
2022,12,10,1,131,680875000.0
2022,12,10,1,133,8534443711.0
2022,12,10,1,137,1801005259.0
2022,12,10,1,141,6504603649.0
2022,12,10,1,144,7574779539.0
2022,12,10,1,145,39461653797.0
2022,12,11,1,123,1425613998.0
2022,12,11,1,125,1216789146.0
2022,12,11,1,131,1395329820.0
2022,12,11,1,133,5004460846.0
2022,12,11,1,137,528146666.0
2022,12,11,1,141,119775261.0
2022,12,11,1,144,1306377725.0
2022,12,11,1,145,5746271971.0
2022,12,11,1,161,1233419060.0
2022,12,11,1,162,639010336.0
2022,12,11,1,163,160748966.0
2022,12,13,1,123,7744426690.0
2022,12,13,1,125,599558490.0
2022,12,13,1,131,2519650000.0
2022,12,13,1,133,21916917735.0
2022,12,13,1,137,1025855000.0
2022,12,13,1,141,6050329837.0
2022,12,13,1,144,13265900010.0
2022,12,13,1,145,14714939097.0
2022,12,14,1,123,54475640.0
2022,12,14,1,125,7569516.0
2022,12,14,1,131,67000000.0
2022,12,14,1,133,1271638910.0
2022,12,14,1,137,183793899.0
2022,12,14,1,144,1532735578.0
2022,12,14,1,145,3373986543.0
2022,12,16,1,123,3975623628.0
2022,12,16,1,125,2149875111.0
2022,12,16,1,131,1017600000.0
2022,12,16,1,133,12431941781.0
2022,12,16,1,137,266387971.0
2022,12,16,1,141,898676317.0
2022,12,16,1,144,12045349165.0
2022,12,16,1,145,20023337857.0
2022,12,16,1,148,37610847880.0
2022,12,17,1,123,834650032.0
2022,12,17,1,125,244625532.0
2022,12,17,1,131,753187596.0
2022,12,17,1,133,3772990818.0
2022,12,17,1,136,324900000.0
2022,12,17,1,137,120250000.0
2022,12,17,1,144,2586170417.0
2022,12,17,1,145,2111626031.0
2022,12,18,1,123,701936583.0
2022,12,18,1,131,406993240.0
2022,12,18,1,133,3939652829.0
2022,12,18,1,137,859319141.0
2022,12,18,1,141,7029997983.0
2022,12,18,1,144,25252968720.0
2022,12,18,1,145,11693053413.0
2022,12,19,1,123,1187203643.0
2022,12,19,1,125,718613406.0
2022,12,19,1,131,677416954.0
2022,12,19,1,133,4685535124.0
2022,12,19,1,137,668615602.0
2022,12,19,1,144,5816123072.0
2022,12,19,1,145,17640553644.0
2022,12,20,1,123,776124376.0
2022,12,20,1,125,1062804146.0
2022,12,20,1,131,283122023.0
2022,12,20,1,133,3396328755.0
2022,12,20,1,137,12687500.0
2022,12,20,1,141,2244614004.0
2022,12,20,1,144,2948071593.0
2022,12,20,1,145,4850150933.0
2022,12,21,1,123,781882400.0
2022,12,21,1,125,441751892.0
2022,12,21,1,131,345000000.0
2022,12,21,1,133,3917849132.0
2022,12,21,1,137,137154548.0
2022,12,21,1,141,368933597.0
2022,12,21,1,144,3772836461.0
2022,12,21,1,145,10753081119.0
2022,13,1,1,123,488324800.0
2022,13,1,1,131,757795000.0
2022,13,1,1,133,419355227.0
2022,13,1,1,137,1402750325.0
2022,13,1,1,142,143480000.0
2022,13,1,1,144,7904356010.0
2022,13,1,1,145,3834669577.0
2022,13,2,1,123,987511475.0
2022,13,2,1,125,56746868.0
2022,13,2,1,131,3192800000.0
2022,13,2,1,133,21944451140.0
2022,13,2,1,137,1059339194.0
2022,13,2,1,142,91000000.0
2022,13,2,1,144,78963529176.0
2022,13,2,1,145,4967019287.0
2022,13,3,1,123,719475000.0
2022,13,3,1,131,1663405728.0
2022,13,3,1,133,76441217158.0
2022,13,3,1,137,3041512489.0
2022,13,3,1,141,937473589.0
2022,13,3,1,144,12877345915.0
2022,13,3,1,145,5962335183.0
2022,13,4,1,123,72779009.0
2022,13,4,1,125,47876373.0
2022,13,4,1,133,2748330495.0
2022,13,4,1,137,235639248.0
2022,13,4,1,144,1810487912.0
2022,13,4,1,145,1288491326.0
2022,13,4,1,148,2586100000.0
2022,13,5,1,123,440026251.0
2022,13,5,1,131,713999877.0
2022,13,5,1,133,5128144798.0
2022,13,5,1,137,363122498.0
2022,13,5,1,144,1231245010.0
2022,13,5,1,145,1447655073.0
2022,13,6,1,123,150042932.0
2022,13,6,1,125,7881079.0
2022,13,6,1,133,2888578003.0
2022,13,6,1,137,552759996.0
2022,13,6,1,144,9941283270.0
2022,13,6,1,145,10548277719.0
2022,13,7,1,133,1839306814.0
2022,13,7,1,137,36440300.0
2022,13,7,1,144,625669949.0
2022,13,7,1,145,290116667.0
2022,14,1,1,123,10786583843.0
2022,14,1,1,125,99787475.0
2022,14,1,1,131,238164324.0
2022,14,1,1,133,16062419399.0
2022,14,1,1,137,199356657.0
2022,14,1,1,144,1345563696.0
2022,14,1,1,145,1548909032.0
2022,15,1,1,133,289272000.0
2022,15,1,1,144,1683888942.0
2022,15,1,1,145,1499780813.0
2022,15,2,1,131,55000000.0
2022,15,2,1,133,918066933.0
2022,15,2,1,144,38221416.0
2022,15,2,1,145,115100000.0
2022,21,1,1,123,556952111.0
2022,21,1,1,125,146999676.0
2022,21,1,1,131,9483794851.0
2022,21,1,1,133,18493818286.0
2022,21,1,1,142,181834770.0
2022,21,1,1,145,1255718705.0
2022,22,1,1,123,111573815.0
2022,22,1,1,131,8155000.0
2022,22,1,1,133,388445482.0
2022,22,1,1,141,88099500.0
2022,22,1,1,142,10964195.0
2022,22,1,1,144,1221573166.0
2022,22,1,1,145,324464195.0
2022,22,2,1,123,29461372.0
2022,22,2,1,133,230868144.0
2022,22,2,1,144,713676072.0
2022,22,2,1,145,127758000.0
2022,22,3,1,133,598370062.0
2022,22,3,1,141,41207832.0
2022,22,3,1,142,48000000.0
2022,22,3,1,144,657739584.0
2022,22,3,1,145,298300000.0
2022,22,4,1,133,355114001.0
2022,22,4,1,144,1782790944.0
2022,22,4,1,145,565130483.0
2022,22,5,1,144,1324659937.0
2022,22,5,1,145,528774528.0
2022,22,6,1,131,3360000.0
2022,22,6,1,133,484262202.0
2022,22,6,1,144,1274688406.0
2022,22,6,1,145,235799999.0
2022,22,7,1,133,613778652.0
2022,22,7,1,142,136820916.0
2022,22,7,1,144,1887036329.0
2022,22,7,1,145,232119580.0
2022,22,8,1,144,662366642.0
2022,22,8,1,145,83882909.0
2022,22,9,1,144,2274815842.0
2022,22,9,1,145,250250000.0
2022,22,10,1,123,78791984.0
2022,22,10,1,131,7490000.0
2022,22,10,1,133,511974710.0
2022,22,10,1,141,2174940496.0
2022,22,10,1,144,1958519369.0
2022,22,10,1,145,461815454.0
2022,22,11,1,133,1836134696.0
2022,22,11,1,137,39920000.0
2022,22,11,1,144,981075116.0
2022,22,11,1,145,947005133.0
2022,22,12,1,131,1260000.0
2022,22,12,1,133,342055484.0
2022,22,12,1,144,825875670.0
2022,22,12,1,145,66040002.0
2022,22,13,1,141,704976828.0
2022,22,13,1,142,493994445.0
2022,22,13,1,144,1390241394.0
2022,22,13,1,145,541113332.0
2022,22,14,1,144,1161245500.0
2022,22,15,1,133,543065624.0
2022,22,15,1,141,30769230.0
2022,22,15,1,144,2421257439.0
2022,22,15,1,145,199500000.0
2022,22,16,1,133,1662192904.0
2022,22,16,1,142,1220300000.0
2022,22,16,1,144,1421532554.0
2022,22,16,1,145,1063458867.0
2022,22,17,1,123,56484012.0
2022,22,17,1,132,32400000.0
2022,22,17,1,133,394410120.0
2022,23,1,1,123,667129152.0
2022,23,1,1,125,135910129.0
2022,23,1,1,131,1669436218.0
2022,23,1,1,133,3794105457.0
2022,23,1,1,144,1629090414.0
2022,23,1,1,145,1006672744.0
2022,23,3,1,123,659064104.0
2022,23,3,1,125,214417712.0
2022,23,3,1,133,5924345621.0
2022,23,3,1,137,218481600.0
2022,23,3,1,141,586212267.0
2022,23,3,1,144,1555770672.0
2022,23,3,1,145,1133138688.0
2022,23,4,1,131,359037928.0
2022,23,4,1,133,1399892314.0
2022,23,4,1,142,95700000.0
2022,23,4,1,144,188560664.0
2022,23,4,1,145,255793860.0
2022,23,6,1,133,1715106208.0
2022,23,6,1,137,37500000.0
2022,23,6,1,141,57200000.0
2022,23,6,1,144,178567272.0
2022,23,6,1,145,121816667.0
2022,23,8,1,131,0.0
2022,23,8,1,133,297877540.0
2022,23,8,1,144,113746342.0
2022,23,8,1,145,118560851.0
2022,23,9,1,123,30793142.0
2022,23,9,1,131,39653508.0
2022,23,9,1,133,789347994.0
2022,23,9,1,145,191444798.0
2022,23,10,1,122,48000000.0
2022,23,10,1,123,550562681.0
2022,23,10,1,125,134927514.0
2022,23,10,1,131,1166657268.0
2022,23,10,1,133,4579593712.0
2022,23,10,1,141,246196802.0
2022,23,10,1,144,1297884863.0
2022,23,10,1,145,1316791787.0
2022,23,11,1,131,117200000.0
2022,23,11,1,133,2390530543.0
2022,23,11,1,134,2226089478.0
2022,23,11,1,137,30240000.0
2022,23,11,1,144,1825445383.0
2022,23,11,1,145,217678651.0
2022,23,13,1,123,119950580.0
2022,23,13,1,133,1889444242.0
2022,23,13,1,144,1191155119.0
2022,23,13,1,145,1606329693.0
2022,23,14,1,131,349667972.0
2022,23,14,1,133,1911806194.0
2022,23,14,1,144,951807470.0
2022,23,14,1,145,1544480829.0
2022,23,15,1,122,12520879994.0
2022,23,15,1,123,11985327736.0
2022,23,15,1,125,1099007611.0
2022,23,15,1,131,3928905632.0
2022,23,15,1,133,9766415268.0
2022,23,15,1,137,1644719541.0
2022,23,15,1,144,2715900997.0
2022,23,15,1,145,1558656413.0
2022,23,16,1,123,4283800966.0
2022,23,16,1,125,3251153393.0
2022,23,16,1,131,2072126064.0
2022,23,16,1,132,0.0
2022,23,16,1,133,12849215746.0
2022,23,16,1,137,59531333.0
2022,23,16,1,144,2867070346.0
2022,23,16,1,145,3830856197.0
2022,23,17,1,123,28708755.0
2022,23,17,1,131,88750000.0
2022,23,17,1,133,835413476.0
2022,23,17,1,137,24819200.0
2022,23,17,1,144,446915037.0
2022,23,17,1,145,164765013.0
2022,23,18,1,122,1341876638.0
2022,23,18,1,123,2121615256.0
2022,23,18,1,125,952905836.0
2022,23,18,1,131,672900000.0
2022,23,18,1,133,5553668839.0
2022,23,18,1,137,33240000.0
2022,23,18,1,144,1115923467.0
2022,23,18,1,145,3382843733.0
2022,23,19,1,123,1025205205.0
2022,23,19,1,125,884199850.0
2022,23,19,1,131,403400000.0
2022,23,19,1,133,2411524929.0
2022,23,19,1,144,1121410467.0
2022,23,19,1,145,4003027163.0
2022,23,20,1,122,49999997.0
2022,23,20,1,125,10022150.0
2022,23,20,1,131,89806000.0
2022,23,20,1,133,2794779478.0
2022,23,20,1,137,116050000.0
2022,23,20,1,141,103748387.0
2022,23,20,1,144,834142163.0
2022,23,20,1,145,435976666.0
2022,23,21,1,123,47228459.0
2022,23,21,1,125,7984977.0
2022,23,21,1,133,1191380181.0
2022,23,21,1,136,134700000.0
2022,23,21,1,137,30576000.0
2022,23,21,1,144,1109909147.0
2022,23,21,1,145,456081385.0
2022,23,22,1,122,34400000.0
2022,23,22,1,123,844854602.0
2022,23,22,1,125,434862579.0
2022,23,22,1,131,941675000.0
2022,23,22,1,133,2212483175.0
2022,23,22,1,137,124093230.0
2022,23,22,1,141,695663102.0
2022,23,22,1,144,4114424837.0
2022,23,22,1,145,2632240476.0
2022,23,24,1,123,162897099.0
2022,23,24,1,131,89999736.0
2022,23,24,1,133,1273490482.0
2022,23,24,1,137,26382360.0
2022,23,24,1,141,470537574.0
2022,23,24,1,144,997707307.0
2022,23,24,1,145,68761212.0
2022,23,25,1,123,509939860.0
2022,23,25,1,125,181965197.0
2022,23,25,1,131,379984008.0
2022,23,25,1,133,2230952297.0
2022,23,25,1,137,86424000.0
2022,23,25,1,145,514692693.0
2022,23,26,1,133,853421124.0
2022,23,27,1,123,55517556.0
2022,23,27,1,131,20603916.0
2022,23,27,1,133,332780217.0
2022,23,27,1,145,145688842.0
2022,23,28,1,123,146029360.0
2022,23,28,1,125,19114619.0
2022,23,28,1,131,71000000.0
2022,23,28,1,133,971742728.0
2022,23,28,1,144,536205596.0
2022,23,28,1,145,1494577302.0
2022,23,29,1,123,85105071.0
2022,23,29,1,133,367815227.0
2022,23,29,1,145,96195365.0
2022,23,30,1,123,68174897.0
2022,23,30,1,133,1002972275.0
2022,23,30,1,144,54527544.0
2022,23,31,1,133,534657570.0
2022,23,32,1,133,642648087.0
2022,23,32,1,137,200674624.0
2022,23,32,1,144,2750000.0
2022,23,32,1,145,70854544.0
2022,23,33,1,131,31360000.0
2022,23,33,1,132,232924371.0
2022,23,33,1,133,575315184.0
2022,23,33,1,148,290392917.0
2022,23,34,1,131,56070000.0
2022,23,34,1,132,814900369.0
2022,23,34,1,133,300720000.0
2022,23,34,1,145,40000000.0
2022,23,34,1,148,1160533000.0
2022,23,35,1,133,291776665.0
2022,23,35,1,142,70066540.0
2022,23,35,1,144,79454550.0
2022,23,35,1,145,65943768.0
2022,23,36,1,123,947839619.0
2022,23,36,1,125,824827727.0
2022,23,36,1,131,166486474.0
2022,23,36,1,133,1602552789.0
2022,23,36,1,137,178741200.0
2022,23,36,1,141,38816157368.0
2022,23,36,1,142,84340.0
2022,23,36,1,144,6266952245.0
2022,23,36,1,145,10117341009.0
2022,23,36,1,146,84340.0
2022,23,36,1,147,84340.0
2022,23,36,1,148,2152010357.0
2022,23,37,1,133,134937600.0
2022,24,1,1,122,137660030.0
2022,24,1,1,123,6057944142.0
2022,24,1,1,125,26314505001.0
2022,24,1,1,131,32098022660.0
2022,24,1,1,133,137227484271.0
2022,24,1,1,137,8397563716.0
2022,24,1,1,142,388599795534.0
2022,24,1,1,143,2425049352.0
2022,24,1,1,144,57376298425.0
2022,24,1,1,145,3699388410.0
2022,24,2,1,123,11499950.0
2022,24,2,1,131,7894218.0
2022,24,3,1,123,66366428.0
2022,24,3,1,125,13673935.0
2022,24,3,1,131,132284008.0
2022,24,3,1,133,1304865767.0
2022,24,3,1,144,115978411.0
2022,24,3,1,145,141989272.0
2022,24,4,1,123,1080087248.0
2022,24,4,1,125,53386470.0
2022,24,4,1,131,3618591300.0
2022,24,4,1,133,410621204.0
2022,24,4,1,144,951078867.0
2022,24,4,1,145,1008430899.0
2022,24,5,1,123,18782917.0
2022,24,5,1,131,90175000.0
2022,24,5,1,133,2675003194.0
2022,24,5,1,137,55384608.0
2022,24,5,1,142,36400000.0
2022,24,5,1,144,809146284.0
2022,24,5,1,145,379851635.0
2022,25,2,1,122,6605777433.0
2022,25,2,1,123,72161216943.0
2022,25,2,1,125,43021383916.0
2022,25,2,1,131,21083758332.0
2022,25,2,1,133,180677541284.0
2022,25,2,1,137,1017800000.0
2022,25,2,1,141,1035608616.0
2022,25,2,1,144,14812825732.0
2022,25,2,1,145,4465014233.0
2022,25,4,1,122,1922774022.0
2022,25,4,1,123,1217128944.0
2022,25,4,1,131,553742004.0
2022,25,4,1,133,9605284586.0
2022,25,4,1,144,3701523370.0
2022,25,4,1,145,231524833.0
2022,25,5,1,122,1713233333.0
2022,25,5,1,133,13184969566.0
2022,25,5,1,141,4731639747.0
2022,25,5,1,144,9479786575.0
2022,25,5,1,145,2985467851.0
2022,25,6,1,122,200450000.0
2022,25,6,1,123,890321139.0
2022,25,6,1,125,2478878353.0
2022,25,6,1,131,1145794028.0
2022,25,6,1,133,38955400381.0
2022,25,6,1,142,388631246.0
2022,25,6,1,144,9928291593.0
2022,25,6,1,145,3274088853.0
2022,25,7,1,123,5117245604.0
2022,25,7,1,125,2294948398.0
2022,25,7,1,131,3301467887.0
2022,25,7,1,133,9556215988.0
2022,25,7,1,137,19200000.0
2022,25,7,1,142,310834662.0
2022,25,7,1,144,9210278987.0
2022,25,7,1,145,2633108974.0
2022,27,1,1,122,2445515365.0
2022,27,1,1,123,7354351154.0
2022,27,1,1,125,901048070.0
2022,27,1,1,131,11651446763.0
2022,27,1,1,133,27847692203.0
2022,27,1,1,141,272356904.0
2022,27,1,1,144,8105222496.0
2022,27,1,1,145,15682914168.0
2022,27,3,1,122,120189324.0
2022,27,3,1,123,806139746.0
2022,27,3,1,125,34867001.0
2022,27,3,1,131,1431697872.0
2022,27,3,1,133,3099208615.0
2022,27,3,1,135,2401105553.0
2022,27,3,1,144,471450498.0
2022,27,3,1,145,1367188201.0
2022,27,4,1,123,9127664.0
2022,27,4,1,131,258700000.0
2022,27,4,1,133,1619478568.0
2022,27,4,1,134,1729420677.0
2022,27,4,1,137,26500000.0
2022,27,4,1,144,168534166.0
2022,27,5,1,133,325479438.0
2022,27,5,1,144,43359734.0
2022,27,7,1,123,238273267.0
2022,27,7,1,125,109150783.0
2022,27,7,1,131,383254334.0
2022,27,7,1,133,2718501012.0
2022,27,7,1,144,46116883.0
2022,28,1,1,123,1704198393.0
2022,28,1,1,125,212218256.0
2022,28,1,1,131,6457197046.0
2022,28,1,1,133,88104013622.0
2022,28,1,1,141,357066618.0
2022,28,1,1,142,19853812616.0
2022,28,1,1,144,15127963136.0
2022,28,1,1,145,9194422674.0
2022,28,1,1,148,17211344872.0
2022,28,2,1,123,38280694.0
2022,28,2,1,125,25332820.0
2022,28,2,1,131,197292000.0
2022,28,2,1,133,4477808231.0
2022,28,2,1,144,3098996886.0
2022,28,2,1,145,2060520197.0
2022,28,2,1,148,27000000.0
2022,28,3,1,123,3026639.0
2022,28,3,1,125,7381537.0
2022,28,3,1,131,5837372.0
2022,28,3,1,132,92000.0
2022,28,3,1,133,3093193955.0
2022,28,3,1,141,76036356.0
2022,28,3,1,144,1001070090.0
2022,28,3,1,145,46690908.0
2022,28,4,1,123,23358753.0
2022,28,4,1,125,15297796.0
2022,28,4,1,131,900000.0
2022,28,4,1,132,371963712.0
2022,28,4,1,133,1957262725.0
2022,28,4,1,143,3600000.0
2022,28,4,1,144,3146163631.0
2022,28,4,1,145,42333333.0
2022,28,4,1,148,441919964.0
2022,28,6,1,133,1094131380.0
2022,28,6,1,144,336190000.0
2022,28,7,1,133,117427784.0
2022,28,7,1,144,20000000.0
2022,28,7,1,145,60800000.0
2022,28,8,1,133,465291334.0
2022,28,8,1,144,214822620.0
2022,30,1,2,133,342444545.0
2022,30,1,2,144,4200081018.0
2022,30,1,3,144,395280000.0
2022,30,1,4,133,85155000.0
2022,30,1,4,144,1083214000.0
2022,30,1,4,145,14000000.0
2022,30,1,5,123,13500000.0
2022,30,1,5,144,257916666.0
2022,30,1,6,131,9700000.0
2022,30,1,6,133,128366667.0
2022,30,1,6,135,400000.0
2022,30,1,6,144,424650000.0
2022,30,1,237,144,384100000.0
2022,30,1,238,144,456200000.0
2022,30,1,238,145,64000000.0
2022,30,1,241,133,12000000.0
2022,30,1,241,144,258400000.0
2022,30,1,249,144,312700000.0
2022,30,1,257,144,69900000.0
2022,30,1,524,144,86300000.0
2022,30,1,524,145,32600000.0
2022,30,2,8,132,52650000.0
2022,30,2,8,133,20300000.0
2022,30,2,8,144,1293885000.0
2022,30,2,8,145,84800000.0
2022,30,2,9,133,3990000.0
2022,30,2,9,144,14930000.0
2022,30,2,9,145,6500000.0
2022,30,2,11,122,17598000.0
2022,30,2,11,133,12402000.0
2022,30,2,11,144,447840000.0
2022,30,2,12,131,9600000.0
2022,30,2,12,144,361959083.0
2022,30,2,13,133,12600000.0
2022,30,2,13,144,355500000.0
2022,30,2,13,145,54000000.0
2022,30,2,15,144,976650000.0
2022,30,2,16,123,0.0
2022,30,2,16,133,34560000.0
2022,30,2,16,144,656330000.0
2022,30,2,16,145,101180000.0
2022,30,2,17,144,110658182.0
2022,30,2,18,144,83236000.0
2022,30,2,19,144,200600000.0
2022,30,2,20,144,359000000.0
2022,30,2,20,145,16500000.0
2022,30,2,22,135,22000000.0
2022,30,2,22,144,567260000.0
2022,30,2,22,145,41000000.0
2022,30,2,23,133,49800000.0
2022,30,2,23,144,290890878.0
2022,30,2,23,145,97545450.0
2022,30,2,24,144,73200000.0
2022,30,2,25,144,763100000.0
2022,30,2,25,145,91100000.0
2022,30,2,26,133,10500000.0
2022,30,2,26,144,998689184.0
2022,30,2,26,145,54000000.0
2022,30,2,239,144,227450000.0
2022,30,2,239,145,6000000.0
2022,30,2,260,144,102900000.0
2022,30,3,27,141,3278096705.0
2022,30,3,27,143,13728788.0
2022,30,3,27,144,1334018825.0
2022,30,3,27,145,57763638.0
2022,30,3,28,144,649196356.0
2022,30,3,29,144,663320000.0
2022,30,3,29,145,18000000.0
2022,30,3,30,133,12000000.0
2022,30,3,30,144,740636819.0
2022,30,3,30,145,48000000.0
2022,30,3,31,144,230600000.0
2022,30,3,31,145,183320000.0
2022,30,3,32,144,1467030000.0
2022,30,3,32,145,37800000.0
2022,30,3,33,133,36295455.0
2022,30,3,33,135,20513462.0
2022,30,3,33,144,934041304.0
2022,30,3,33,145,155633791.0
2022,30,3,34,144,301300000.0
2022,30,3,35,133,30000000.0
2022,30,3,35,141,39900000.0
2022,30,3,35,144,418963308.0
2022,30,3,35,145,75000000.0
2022,30,3,36,144,260150000.0
2022,30,3,37,144,400083333.0
2022,30,3,37,145,76563636.0
2022,30,3,38,144,93600000.0
2022,30,3,39,144,425589590.0
2022,30,3,39,145,103300000.0
2022,30,3,41,144,178977696.0
2022,30,3,42,131,35000.0
2022,30,3,42,133,186087598.0
2022,30,3,42,142,749832307.0
2022,30,3,42,144,5385393473.0
2022,30,3,42,145,1273631500.0
2022,30,3,42,147,19800000.0
2022,30,3,43,144,177900000.0
2022,30,3,44,133,47900000.0
2022,30,3,44,144,1031830402.0
2022,30,3,44,145,134734546.0
2022,30,3,45,133,31320000.0
2022,30,3,45,144,73400000.0
2022,30,3,46,144,24980000.0
2022,30,4,47,133,522500000.0
2022,30,4,47,141,1459091.0
2022,30,4,47,142,1945454.0
2022,30,4,47,144,3609647171.0
2022,30,4,47,145,121445005.0
2022,30,4,48,144,156600000.0
2022,30,4,49,144,217000000.0
2022,30,4,50,133,22671000.0
2022,30,4,50,144,261900000.0
2022,30,4,50,145,91700000.0
2022,30,4,51,133,1500000.0
2022,30,4,51,144,277226308.0
2022,30,4,53,144,292700000.0
2022,30,4,53,145,32500000.0
2022,30,4,54,133,9600000.0
2022,30,4,54,144,287479000.0
2022,30,4,54,145,85800000.0
2022,30,4,55,144,708730000.0
2022,30,4,56,144,308641664.0
2022,30,4,57,144,168610000.0
2022,30,4,58,144,247890000.0
2022,30,4,59,144,203410000.0
2022,30,4,60,144,254977682.0
2022,30,4,61,144,278245457.0
2022,30,4,61,145,6363635.0
2022,30,4,62,144,175758444.0
2022,30,4,63,144,402326752.0
2022,30,4,63,145,63800000.0
2022,30,4,234,142,20000000.0
2022,30,4,234,144,410957788.0
2022,30,4,234,145,156000000.0
2022,30,5,64,133,46740000.0
2022,30,5,64,141,25056000.0
2022,30,5,64,144,3296174800.0
2022,30,5,64,145,114100000.0
2022,30,5,65,123,101120448.0
2022,30,5,65,133,202200000.0
2022,30,5,65,135,24000000.0
2022,30,5,65,141,173200000.0
2022,30,5,65,144,3347200000.0
2022,30,5,65,145,107300000.0
2022,30,5,66,144,267100000.0
2022,30,5,67,133,44400000.0
2022,30,5,67,144,356632635.0
2022,30,5,67,145,27371967.0
2022,30,5,68,133,32406324.0
2022,30,5,68,144,276300000.0
2022,30,5,69,144,592800000.0
2022,30,5,69,145,135020000.0
2022,30,5,70,123,2057705.0
2022,30,5,70,133,33000000.0
2022,30,5,70,135,2600000.0
2022,30,5,70,144,664210969.0
2022,30,5,70,145,96840921.0
2022,30,5,71,133,35200000.0
2022,30,5,71,144,211750000.0
2022,30,5,72,144,119800000.0
2022,30,5,73,133,49200000.0
2022,30,5,73,144,418017405.0
2022,30,5,74,135,0.0
2022,30,5,74,144,0.0
2022,30,5,74,145,0.0
2022,30,5,75,144,1620450000.0
2022,30,5,76,144,286600000.0
2022,30,5,76,145,44000000.0
2022,30,5,77,123,16000000.0
2022,30,5,77,144,357565588.0
2022,30,5,77,145,181661167.0
2022,30,5,78,133,38500000.0
2022,30,5,78,134,18681671.0
2022,30,5,78,142,5500000.0
2022,30,5,78,144,356850000.0
2022,30,5,78,145,38500000.0
2022,30,5,79,133,9200000.0
2022,30,5,79,144,212225000.0
2022,30,5,79,145,15000000.0
2022,30,5,81,144,372600000.0
2022,30,5,82,133,32792298.0
2022,30,5,82,144,350150000.0
2022,30,5,82,145,33400000.0
2022,30,5,83,133,3000000.0
2022,30,5,83,144,163700000.0
2022,30,5,233,144,288300000.0
2022,30,5,233,145,1500000.0
2022,30,5,243,133,28000000.0
2022,30,5,243,144,160300000.0
2022,30,5,243,145,14000000.0
2022,30,6,84,133,19800000.0
2022,30,6,84,144,1330720000.0
2022,30,6,84,145,83760000.0
2022,30,6,85,144,708898136.0
2022,30,6,86,133,0.0
2022,30,6,86,144,0.0
2022,30,6,87,144,283300000.0
2022,30,6,88,144,309800000.0
2022,30,6,88,145,12000000.0
2022,30,6,89,133,10500000.0
2022,30,6,89,144,344251000.0
2022,30,6,89,145,24000000.0
2022,30,6,90,144,621700000.0
2022,30,6,91,144,350300000.0
2022,30,6,91,145,107500000.0
2022,30,6,92,144,483820000.0
2022,30,6,92,145,120000000.0
2022,30,6,93,123,0.0
2022,30,6,93,144,938450000.0
2022,30,6,93,145,99600000.0
2022,30,6,245,144,252200000.0
2022,30,6,245,145,36000000.0
2022,30,7,94,123,253532495.0
2022,30,7,94,131,19010368.0
2022,30,7,94,133,553940000.0
2022,30,7,94,135,284499980.0
2022,30,7,94,141,2872310578.0
2022,30,7,94,142,1218021055.0
2022,30,7,94,144,23963362806.0
2022,30,7,94,145,2156955218.0
2022,30,7,95,123,5110000.0
2022,30,7,95,133,7372964.0
2022,30,7,95,134,51307081.0
2022,30,7,95,144,1059193645.0
2022,30,7,95,145,309880386.0
2022,30,7,96,123,22502172.0
2022,30,7,96,131,1470000.0
2022,30,7,96,133,295440548.0
2022,30,7,96,134,195536996.0
2022,30,7,96,137,75553784.0
2022,30,7,96,141,163835557.0
2022,30,7,96,142,27383333.0
2022,30,7,96,144,3065965926.0
2022,30,7,96,145,292054812.0
2022,30,7,97,133,58080000.0
2022,30,7,97,144,582300000.0
2022,30,7,97,145,181400000.0
2022,30,7,98,133,0.0
2022,30,7,98,141,94636000.0
2022,30,7,98,144,845294344.0
2022,30,7,98,145,40000000.0
2022,30,7,99,133,4500000.0
2022,30,7,99,141,5000000.0
2022,30,7,99,144,323410000.0
2022,30,7,99,145,63000000.0
2022,30,7,100,133,36400000.0
2022,30,7,100,144,1196373000.0
2022,30,7,100,145,85800000.0
2022,30,7,101,131,42838000.0
2022,30,7,101,133,19400000.0
2022,30,7,101,137,28800000.0
2022,30,7,101,141,12180000.0
2022,30,7,101,144,1238728000.0
2022,30,7,101,145,78000000.0
2022,30,7,102,142,171600000.0
2022,30,7,102,144,1107800000.0
2022,30,7,103,131,2205000.0
2022,30,7,103,133,27180000.0
2022,30,7,103,141,18480000.0
2022,30,7,103,144,703550000.0
2022,30,7,103,145,26400000.0
2022,30,7,104,133,226933333.0
2022,30,7,104,143,48444941.0
2022,30,7,104,144,756614101.0
2022,30,7,104,145,174907163.0
2022,30,7,105,144,566950000.0
2022,30,7,105,145,51900000.0
2022,30,7,106,144,401850000.0
2022,30,7,106,145,70250000.0
2022,30,7,107,123,34311929.0
2022,30,7,107,133,162998106.0
2022,30,7,107,144,1642435062.0
2022,30,7,107,145,302165990.0
2022,30,7,108,144,244510000.0
2022,30,7,108,145,14050000.0
2022,30,7,109,123,0.0
2022,30,7,109,144,318751049.0
2022,30,7,109,145,88400000.0
2022,30,7,110,123,3486031.0
2022,30,7,110,133,74561484.0
2022,30,7,110,141,38000000.0
2022,30,7,110,144,2178201390.0
2022,30,7,110,145,259800000.0
2022,30,7,111,133,400000.0
2022,30,7,111,142,21886365.0
2022,30,7,111,144,712657453.0
2022,30,7,111,145,206774653.0
2022,30,7,112,144,923210000.0
2022,30,7,113,133,28800000.0
2022,30,7,113,144,1209400000.0
2022,30,7,114,123,7275000.0
2022,30,7,114,133,60398037.0
2022,30,7,114,135,5310000.0
2022,30,7,114,141,119000000.0
2022,30,7,114,142,67500000.0
2022,30,7,114,143,38500000.0
2022,30,7,114,144,1504475000.0
2022,30,7,114,145,341000000.0
2022,30,7,115,123,34021565.0
2022,30,7,115,144,495275757.0
2022,30,7,115,145,130115455.0
2022,30,7,116,123,1100000.0
2022,30,7,116,133,31200000.0
2022,30,7,116,135,4590000.0
2022,30,7,116,142,35666669.0
2022,30,7,116,144,771726812.0
2022,30,7,116,145,140356439.0
2022,30,7,117,134,17620000.0
2022,30,7,117,135,43313200.0
2022,30,7,117,141,119750000.0
2022,30,7,117,142,56000000.0
2022,30,7,117,144,2876882101.0
2022,30,7,117,145,457729787.0
2022,30,7,118,133,25800000.0
2022,30,7,118,144,571200000.0
2022,30,7,119,123,900000.0
2022,30,7,119,144,443400839.0
2022,30,7,119,145,135760031.0
2022,30,7,120,141,22400000.0
2022,30,7,120,142,12500000.0
2022,30,7,120,144,787740000.0
2022,30,7,120,145,13000000.0
2022,30,7,121,133,133880576.0
2022,30,7,121,141,54257000.0
2022,30,7,121,144,1742560669.0
2022,30,7,121,145,337189148.0
2022,30,7,122,123,3693721.0
2022,30,7,122,125,2822000.0
2022,30,7,122,133,5500000.0
2022,30,7,122,141,123526414.0
2022,30,7,122,142,24502996.0
2022,30,7,122,144,863742229.0
2022,30,7,122,145,337551031.0
2022,30,7,123,133,7020000.0
2022,30,7,123,144,613403980.0
2022,30,7,123,145,173000000.0
2022,30,8,124,123,6020000.0
2022,30,8,124,144,1398837000.0
2022,30,8,125,125,27835900.0
2022,30,8,125,133,203818811.0
2022,30,8,125,134,56094000.0
2022,30,8,125,141,93500000.0
2022,30,8,125,144,1848919804.0
2022,30,8,125,145,263550000.0
2022,30,8,125,147,26400000.0
2022,30,8,126,123,5240000.0
2022,30,8,126,133,47700000.0
2022,30,8,126,134,52255200.0
2022,30,8,126,141,64233332.0
2022,30,8,126,144,2610411608.0
2022,30,8,126,145,272739410.0
2022,30,8,127,133,9600000.0
2022,30,8,127,141,8515000.0
2022,30,8,127,144,443360000.0
2022,30,8,127,145,35480000.0
2022,30,8,129,144,0.0
2022,30,8,129,145,0.0
2022,30,8,130,144,1181898867.0
2022,30,8,130,145,196800000.0
2022,30,8,131,133,28950000.0
2022,30,8,131,135,11659500.0
2022,30,8,131,144,567988994.0
2022,30,8,131,145,95824584.0
2022,30,8,132,141,134600000.0
2022,30,8,132,144,778000000.0
2022,30,8,132,145,78000000.0
2022,30,8,133,144,178800000.0
2022,30,9,134,133,5000000.0
2022,30,9,134,144,2778810457.0
2022,30,9,134,145,353404731.0
2022,30,9,134,148,123050001.0
2022,30,9,135,144,797020000.0
2022,30,9,135,145,42000000.0
2022,30,9,137,144,408634380.0
2022,30,9,137,145,87600004.0
2022,30,9,138,141,915022400.0
2022,30,9,138,144,17325000.0
2022,30,9,139,144,388382018.0
2022,30,9,140,133,24000000.0
2022,30,9,140,144,424906000.0
2022,30,9,140,145,131040000.0
2022,30,9,141,133,3200000.0
2022,30,9,141,144,447825268.0
2022,30,9,141,145,81900000.0
2022,30,9,142,133,23950000.0
2022,30,9,142,141,3500000.0
2022,30,9,142,144,454530000.0
2022,30,9,142,145,257500000.0
2022,30,9,143,133,17800000.0
2022,30,9,143,144,1299022201.0
2022,30,9,143,145,248604548.0
2022,30,9,144,133,6600000.0
2022,30,9,144,144,98952000.0
2022,30,9,145,133,59400000.0
2022,30,9,145,144,229800000.0
2022,30,9,146,133,24000000.0
2022,30,9,146,144,308660000.0
2022,30,9,146,145,66000000.0
2022,30,9,147,144,318300000.0
2022,30,9,148,133,48590000.0
2022,30,9,148,141,88366663.0
2022,30,9,148,144,883447369.0
2022,30,9,148,145,18150000.0
2022,30,9,149,123,14570000.0
2022,30,9,149,133,28058276.0
2022,30,9,149,144,759422726.0
2022,30,9,150,133,67200000.0
2022,30,9,150,144,345610000.0
2022,30,9,150,145,152400000.0
2022,30,9,252,141,36000000.0
2022,30,9,252,144,415300000.0
2022,30,9,252,145,21000000.0
2022,30,10,151,133,2622875704.0
2022,30,10,151,142,3142468665.0
2022,30,10,151,144,53025745849.0
2022,30,10,151,145,1958738332.0
2022,30,10,152,123,3800000.0
2022,30,10,152,133,215600000.0
2022,30,10,152,141,29400000.0
2022,30,10,152,144,6913060000.0
2022,30,10,152,145,203904545.0
2022,30,10,153,133,5400000.0
2022,30,10,153,144,479300000.0
2022,30,10,153,145,24000000.0
2022,30,10,154,133,13200000.0
2022,30,10,154,144,1046205000.0
2022,30,10,154,145,154000000.0
2022,30,10,155,123,121820881.0
2022,30,10,155,133,461950000.0
2022,30,10,155,144,8972310199.0
2022,30,10,155,145,795880000.0
2022,30,10,156,133,5500000.0
2022,30,10,156,144,388511273.0
2022,30,10,156,145,50562727.0
2022,30,10,156,147,13727275.0
2022,30,10,157,133,44640000.0
2022,30,10,157,144,1155777788.0
2022,30,10,157,145,174600000.0
2022,30,10,158,133,39600000.0
2022,30,10,158,144,554900000.0
2022,30,10,159,122,3000000.0
2022,30,10,159,133,25232888.0
2022,30,10,159,144,511393868.0
2022,30,10,159,145,63727272.0
2022,30,10,160,133,35100000.0
2022,30,10,160,144,550933859.0
2022,30,10,160,145,62500000.0
2022,30,10,161,133,32600000.0
2022,30,10,161,144,1147080000.0
2022,30,10,161,145,38000000.0
2022,30,10,162,133,221200000.0
2022,30,10,162,144,3479848897.0
2022,30,10,163,133,39900000.0
2022,30,10,163,144,771800000.0
2022,30,10,163,145,84000000.0
2022,30,10,164,123,40154325.0
2022,30,10,164,133,90230627.0
2022,30,10,164,141,183200000.0
2022,30,10,164,144,1209070000.0
2022,30,10,164,145,572223688.0
2022,30,10,165,133,38325000.0
2022,30,10,165,141,36000000.0
2022,30,10,165,142,45500000.0
2022,30,10,165,144,1237725797.0
2022,30,10,165,145,46000000.0
2022,30,10,166,133,366952800.0
2022,30,10,166,144,970652000.0
2022,30,10,166,145,126400000.0
2022,30,10,167,133,18000000.0
2022,30,10,167,142,23540000.0
2022,30,10,167,144,985295585.0
2022,30,10,167,145,341541792.0
2022,30,10,168,133,58765164.0
2022,30,10,168,141,87457711.0
2022,30,10,168,144,996435928.0
2022,30,10,168,145,280811264.0
2022,30,10,169,123,3100000.0
2022,30,10,169,133,27325000.0
2022,30,10,169,142,301450000.0
2022,30,10,169,144,1521930856.0
2022,30,10,169,145,136800000.0
2022,30,10,170,123,5480827.0
2022,30,10,170,133,17378872.0
2022,30,10,170,141,46204542.0
2022,30,10,170,142,17022726.0
2022,30,10,170,144,365587834.0
2022,30,10,170,145,104868942.0
2022,30,10,240,123,45600000.0
2022,30,10,240,144,432099998.0
2022,30,10,240,145,145500000.0
2022,30,10,246,144,152940000.0
2022,30,10,246,145,21600000.0
2022,30,11,171,133,13200000.0
2022,30,11,171,141,2416018303.0
2022,30,11,171,144,717113890.0
2022,30,11,171,145,147860458.0
2022,30,11,172,133,392304999.0
2022,30,11,172,135,148773752.0
2022,30,11,172,137,2900000.0
2022,30,11,172,142,520413025.0
2022,30,11,172,144,13127891485.0
2022,30,11,173,131,814572322.0
2022,30,11,173,133,1852081688.0
2022,30,11,173,141,939494729.0
2022,30,11,173,144,15533063067.0
2022,30,11,173,145,149700000.0
2022,30,11,174,123,34821532.0
2022,30,11,174,133,70750000.0
2022,30,11,174,141,191587043.0
2022,30,11,174,144,2136512521.0
2022,30,11,174,145,595485621.0
2022,30,11,175,133,2400000.0
2022,30,11,175,135,16561498.0
2022,30,11,175,144,2680064538.0
2022,30,11,175,145,221820000.0
2022,30,11,176,133,586986000.0
2022,30,11,176,141,152898200.0
2022,30,11,176,144,5689875000.0
2022,30,11,176,145,1037675002.0
2022,30,11,176,147,111535000.0
2022,30,11,177,123,1663607.0
2022,30,11,177,125,6283262.0
2022,30,11,177,133,1507318331.0
2022,30,11,177,141,7427569560.0
2022,30,11,177,144,5290656003.0
2022,30,11,177,145,152350000.0
2022,30,11,178,133,461389771.0
2022,30,11,178,144,3097780000.0
2022,30,11,179,123,77175149.0
2022,30,11,179,131,125793592.0
2022,30,11,179,133,1261342776.0
2022,30,11,179,141,280031732.0
2022,30,11,179,144,13304086780.0
2022,30,11,179,145,2467797067.0
2022,30,11,180,123,207200000.0
2022,30,11,180,125,52200000.0
2022,30,11,180,133,622249999.0
2022,30,11,180,141,6023252475.0
2022,30,11,180,144,317236595.0
2022,30,11,180,145,1297684994.0
2022,30,11,181,123,4369833.0
2022,30,11,181,133,15265067.0
2022,30,11,181,135,21794812.0
2022,30,11,181,144,716538726.0
2022,30,11,181,145,98183333.0
2022,30,11,182,133,49930000.0
2022,30,11,182,135,70565625.0
2022,30,11,182,141,270452695.0
2022,30,11,182,142,16000000.0
2022,30,11,182,143,147133420.0
2022,30,11,182,144,3145931509.0
2022,30,11,182,145,1104946901.0
2022,30,11,183,133,134431818.0
2022,30,11,183,136,9000000.0
2022,30,11,183,144,5209725187.0
2022,30,11,183,145,175632359.0
2022,30,11,184,123,1115303256.0
2022,30,11,184,133,2325939794.0
2022,30,11,184,141,408157005.0
2022,30,11,184,142,375566045.0
2022,30,11,184,144,16357635689.0
2022,30,11,184,145,2805681477.0
2022,30,11,185,123,52704084.0
2022,30,11,185,133,682187694.0
2022,30,11,185,137,12912949.0
2022,30,11,185,142,223000000.0
2022,30,11,185,143,79238465.0
2022,30,11,185,144,6080911407.0
2022,30,11,185,145,84000000.0
2022,30,11,186,144,3318040177.0
2022,30,11,186,145,7000000.0
2022,30,11,187,133,141600000.0
2022,30,11,187,144,2045758000.0
2022,30,11,187,145,36000000.0
2022,30,11,188,123,19100000.0
2022,30,11,188,144,2060754829.0
2022,30,11,188,145,277455834.0
2022,30,11,189,133,8000000.0
2022,30,11,189,144,2662920000.0
2022,30,11,189,145,54500000.0
2022,30,12,191,144,125000000.0
2022,30,12,191,145,0.0
2022,30,12,192,144,818767500.0
2022,30,12,193,133,9900000.0
2022,30,12,193,144,109600000.0
2022,30,12,194,144,246415386.0
2022,30,12,195,133,7700000.0
2022,30,12,195,144,297350000.0
2022,30,12,196,144,840895000.0
2022,30,12,196,145,2900000.0
2022,30,12,197,125,12000000.0
2022,30,12,197,144,225900000.0
2022,30,12,199,144,173750000.0
2022,30,12,200,144,428600000.0
2022,30,12,201,144,439300000.0
2022,30,12,202,133,3500000.0
2022,30,12,202,144,255000000.0
2022,30,12,203,144,335270000.0
2022,30,12,204,162,122160000.0
2022,30,12,205,144,247952500.0
2022,30,13,206,123,233015042.0
2022,30,13,206,144,9614124347.0
2022,30,13,207,144,289640000.0
2022,30,13,208,133,65000000.0
2022,30,13,208,144,672499174.0
2022,30,13,208,145,227000000.0
2022,30,13,242,144,432200000.0
2022,30,13,242,145,25000000.0
2022,30,13,250,133,11000000.0
2022,30,13,250,144,410786000.0
2022,30,13,259,133,14841667.0
2022,30,13,259,144,151838422.0
2022,30,13,259,145,25381822.0
2022,30,14,209,133,24736820.0
2022,30,14,209,144,7459374416.0
2022,30,14,209,145,346991780.0
2022,30,14,210,144,789600000.0
2022,30,14,211,123,17952000.0
2022,30,14,211,144,1406824781.0
2022,30,14,211,145,89700000.0
2022,30,14,212,144,714100000.0
2022,30,14,213,133,192240000.0
2022,30,14,213,144,417860000.0
2022,30,14,213,145,56500000.0
2022,30,14,214,144,252600000.0
2022,30,14,215,144,545000000.0
2022,30,14,215,145,12000000.0
2022,30,14,216,134,1915728.0
2022,30,14,216,144,756854760.0
2022,30,14,216,145,68090900.0
2022,30,14,217,123,19556865.0
2022,30,14,217,133,80050000.0
2022,30,14,217,134,2820000.0
2022,30,14,217,135,939200.0
2022,30,14,217,141,31590000.0
2022,30,14,217,144,2093047968.0
2022,30,14,218,133,67300000.0
2022,30,14,218,135,4181250.0
2022,30,14,218,144,732814304.0
2022,30,14,218,145,145000000.0
2022,30,14,219,133,206250000.0
2022,30,14,219,141,316607213.0
2022,30,14,219,144,1229235651.0
2022,30,14,219,145,192040909.0
2022,30,14,244,144,267520000.0
2022,30,14,244,145,115805000.0
2022,30,14,247,133,5330000.0
2022,30,14,247,134,1680000.0
2022,30,14,247,144,444104539.0
2022,30,14,251,144,505800000.0
2022,30,14,251,145,77000000.0
2022,30,14,255,133,32800000.0
2022,30,14,255,144,241800000.0
2022,30,14,255,145,52800000.0
2022,30,14,256,144,235337960.0
2022,30,14,256,145,41000000.0
2022,30,15,220,133,117450000.0
2022,30,15,220,144,2468287691.0
2022,30,15,220,145,348633333.0
2022,30,15,221,123,28615380.0
2022,30,15,221,133,329151648.0
2022,30,15,221,144,906500000.0
2022,30,15,222,131,117565228.0
2022,30,15,222,133,704089522.0
2022,30,15,222,144,4026860716.0
2022,30,15,222,145,94844546.0
2022,30,15,223,144,823000000.0
2022,30,15,224,133,46000000.0
2022,30,15,224,144,939647257.0
2022,30,15,229,144,594926126.0
2022,30,15,229,145,313300000.0
2022,30,15,232,142,37500000.0
2022,30,15,232,144,505050000.0
2022,30,15,232,145,37950000.0
2022,30,15,233,132,400000.0
2022,30,15,233,133,146608332.0
2022,30,15,233,144,810631000.0
2022,30,15,233,145,181250000.0
2022,30,15,258,144,158497060.0
2022,30,15,262,144,113300000.0
2022,30,16,228,133,606627200.0
2022,30,16,228,141,48000000.0
2022,30,16,228,144,3542266525.0
2022,30,16,228,145,1319533335.0
2022,30,16,230,133,465006164.0
2022,30,16,230,141,591510000.0
2022,30,16,230,144,3876324477.0
2022,30,16,230,145,1550074995.0
2022,30,16,231,133,85295271.0
2022,30,16,231,144,2946002492.0
2022,30,16,231,145,256991482.0
2022,30,16,261,133,60593333.0
2022,30,16,261,141,1818182.0
2022,30,16,261,144,1213753307.0
2022,30,16,261,145,850905720.0
2022,30,17,225,133,10800000.0
2022,30,17,225,144,421800000.0
2022,30,17,226,144,601733517.0
2022,30,17,227,144,122999996.0
2022,30,17,235,141,20400000.0
2022,30,17,235,144,60300000.0
2022,40,1,1,122,8771356.0
2022,40,1,1,123,870844476.0
2022,40,1,1,131,6342309371.0
2022,40,1,1,133,33638282100.0
2022,40,2,1,123,12591844878.0
2022,40,2,1,125,2000000.0
2022,40,2,1,131,8683819478.0
2022,40,2,1,133,28534073165.0
2022,40,2,1,141,495924080.0
2022,40,2,1,144,5680927035.0
2022,40,2,1,145,11317577444.0
2022,40,3,1,123,56250910.0
2022,40,3,1,125,357057426.0
2022,40,3,1,131,293196031.0
2022,40,3,1,144,219917417.0
2022,40,3,1,145,271948084.0
2023,11,1,1,131,457200000.0
2023,11,1,1,133,11408185801.0
2023,11,1,1,137,723780000.0
2023,11,1,1,144,6932537781.0
2023,11,1,1,145,3107148331.0
2023,11,2,1,131,873000000.0
2023,11,2,1,133,23652887155.0
2023,11,2,1,137,1915720000.0
2023,11,2,1,144,6967186002.0
2023,11,2,1,145,6249894158.0
2023,11,3,1,123,627551187.0
2023,11,3,1,131,1165411525.0
2023,11,3,1,133,10731634909.0
2023,11,3,1,137,1559308190.0
2023,11,3,1,144,14698739850.0
2023,11,3,1,145,15080098140.0
2023,12,1,1,123,528275465.0
2023,12,1,1,125,1173250.0
2023,12,1,1,131,545190170.0
2023,12,1,1,133,3099473625.0
2023,12,1,1,137,213431209.0
2023,12,1,1,144,2388960323.0
2023,12,1,1,145,629848042.0
2023,12,1,2,123,14634747.0
2023,12,1,2,125,6959952.0
2023,12,1,2,131,8099994.0
2023,12,1,2,133,2444787885.0
2023,12,1,2,137,10613287030.0
2023,12,1,2,144,68008689.0
2023,12,1,5,123,616792107.0
2023,12,1,5,125,108080263.0
2023,12,1,5,131,419784691.0
2023,12,1,5,133,3000535038.0
2023,12,1,5,137,112622250.0
2023,12,1,5,141,64424174.0
2023,12,1,5,144,797223936.0
2023,12,1,5,145,1833982660.0
2023,12,1,6,133,1451755682.0
2023,12,1,6,144,281719712.0
2023,12,1,6,145,81600000.0
2023,12,1,11,131,941999951.0
2023,12,1,11,133,12467807834.0
2023,12,1,11,137,1645846185.0
2023,12,1,11,138,2563030000.0
2023,12,1,11,142,117600000.0
2023,12,1,11,144,319323946.0
2023,12,1,11,145,58200000.0
2023,12,1,12,133,212739318.0
2023,12,1,14,123,134885245.0
2023,12,1,14,131,60100000.0
2023,12,1,14,133,1723855836.0
2023,12,1,14,137,39000000.0
2023,12,1,14,144,1123712733.0
2023,12,1,14,145,1500950049.0
2023,12,1,15,123,121788374.0
2023,12,1,15,125,24216401.0
2023,12,1,15,131,277319381.0
2023,12,1,15,133,2589924865.0
2023,12,1,15,137,63700000.0
2023,12,1,15,144,67622031.0
2023,12,1,15,145,95600000.0
2023,12,1,17,123,46359694.0
2023,12,1,17,125,17796249.0
2023,12,1,17,131,266849551.0
2023,12,1,17,133,824873794.0
2023,12,1,17,137,105354704.0
2023,12,1,17,144,4571032884.0
2023,12,1,17,145,816201996.0
2023,12,1,18,123,765365063.0
2023,12,1,18,125,395632200.0
2023,12,1,18,131,750139337.0
2023,12,1,18,133,3460768729.0
2023,12,1,18,137,55900000.0
2023,12,1,18,141,249418792.0
2023,12,1,18,144,2364092356.0
2023,12,1,18,145,1764098913.0
2023,12,1,20,123,33181686.0
2023,12,1,20,131,180624805.0
2023,12,1,20,133,1517774688.0
2023,12,1,20,144,112382504.0
2023,12,1,20,145,72197837.0
2023,12,1,21,123,168412416.0
2023,12,1,21,125,253467863.0
2023,12,1,21,131,296950000.0
2023,12,1,21,133,2771117428.0
2023,12,1,21,137,329750105.0
2023,12,1,21,141,744566587.0
2023,12,1,21,144,1037074356.0
2023,12,1,21,145,774836833.0
2023,12,1,23,123,267732653.0
2023,12,1,23,125,186612525.0
2023,12,1,23,131,266526402.0
2023,12,1,23,133,1525796648.0
2023,12,1,23,137,56269769.0
2023,12,1,23,141,662705759.0
2023,12,1,23,144,564966968.0
2023,12,1,23,145,1749839552.0
2023,12,1,29,131,89260745.0
2023,12,1,29,133,487797050.0
2023,12,1,29,137,35100000.0
2023,12,1,29,144,35704298.0
2023,12,1,29,145,45450307.0
2023,12,1,30,123,67854493.0
2023,12,1,30,125,87272576.0
2023,12,1,30,133,4690000107.0
2023,12,1,30,137,27183136.0
2023,12,1,30,141,218302285.0
2023,12,1,30,142,2393861045.0
2023,12,1,30,144,1958351938.0
2023,12,1,30,145,493265118.0
2023,12,1,36,123,211685481.0
2023,12,1,36,125,46857147.0
2023,12,1,36,131,255030700.0
2023,12,1,36,133,2175999227.0
2023,12,1,36,141,47891129.0
2023,12,1,36,144,37309043.0
2023,12,1,36,145,351195117.0
2023,12,1,38,123,18615874.0
2023,12,1,38,125,18272179.0
2023,12,1,38,133,1090083502.0
2023,12,1,38,144,340540246.0
2023,12,1,38,145,2732969305.0
2023,12,1,40,131,14218600.0
2023,12,1,40,133,532389745.0
2023,12,1,40,137,58500000.0
2023,12,1,50,131,56607589.0
2023,12,1,50,133,675988880.0
2023,12,1,51,123,57875517.0
2023,12,1,51,125,16320499.0
2023,12,1,51,131,1680000.0
2023,12,1,51,133,597935296.0
2023,12,1,51,137,37153214.0
2023,12,1,51,144,321475795.0
2023,12,1,51,145,291106894.0
2023,12,1,53,133,724495491.0
2023,12,1,53,137,45983586.0
2023,12,1,53,144,86353260.0
2023,12,1,53,145,68373067.0
2023,12,1,54,123,105226479.0
2023,12,1,54,131,45342480.0
2023,12,1,54,133,1122583553.0
2023,12,1,54,137,70127027.0
2023,12,1,54,144,40722162.0
2023,12,1,54,145,249209054.0
2023,12,1,55,123,52533500.0
2023,12,1,55,125,15231238.0
2023,12,1,55,131,30000000.0
2023,12,1,55,133,214825961.0
2023,12,1,55,137,65000000.0
2023,12,1,55,144,382983939.0
2023,12,1,55,145,1686431615.0
2023,12,1,56,123,31174253.0
2023,12,1,56,125,16062155.0
2023,12,1,56,131,10201228.0
2023,12,1,56,133,360799105.0
2023,12,1,56,141,945332488.0
2023,12,1,56,144,1159550851.0
2023,12,1,56,145,1740574250.0
2023,12,2,1,123,19713000.0
2023,12,2,1,131,156780000.0
2023,12,2,1,133,1277893084.0
2023,12,2,1,137,930384558.0
2023,12,2,1,144,342255167.0
2023,12,3,1,123,1065438603.0
2023,12,3,1,131,904278218.0
2023,12,3,1,133,4239090098.0
2023,12,3,1,137,1169127854.0
2023,12,3,1,144,314379838.0
2023,12,3,1,145,274865903.0
2023,12,3,2,123,499207500.0
2023,12,3,2,131,3330537750.0
2023,12,3,2,133,30092792741.0
2023,12,3,2,136,203591078094.0
2023,12,3,2,137,11016005255.0
2023,12,3,2,138,331874905808.0
2023,12,3,2,142,5102492437.0
2023,12,3,2,148,1062954795.0
2023,12,3,2,162,136281600.0
2023,12,3,2,163,11356800.0
2023,12,4,1,123,1572276385.0
2023,12,4,1,125,184018584.0
2023,12,4,1,131,1717500000.0
2023,12,4,1,133,11025126234.0
2023,12,4,1,134,1321534032.0
2023,12,4,1,137,457094298.0
2023,12,4,1,144,1389023636.0
2023,12,4,1,145,1420123332.0
2023,12,4,1,146,46462485888.0
2023,12,4,1,148,254265000.0
2023,12,4,1,161,161324380308.0
2023,12,4,1,162,13416142740.0
2023,12,4,1,163,13065508638.0
2023,12,5,1,125,47227658.0
2023,12,5,1,131,4178010000.0
2023,12,5,1,133,60159642274.0
2023,12,5,1,136,118285386792.0
2023,12,5,1,137,29271656338.0
2023,12,5,1,138,155532229416.0
2023,12,5,1,141,91388917.0
2023,12,5,1,142,2927437733.0
2023,12,5,1,144,4581005618.0
2023,12,5,1,145,539931609.0
2023,12,5,1,148,624225000.0
2023,12,5,1,162,11744918640.0
2023,12,5,1,163,978743220.0
2023,12,6,1,123,20242439052.0
2023,12,6,1,125,10031281810.0
2023,12,6,1,131,7401689417.0
2023,12,6,1,133,39175703048.0
2023,12,6,1,137,2372873205.0
2023,12,6,1,141,165780721.0
2023,12,6,1,144,10402498452.0
2023,12,6,1,145,23689774657.0
2023,12,6,1,147,194452379.0
2023,12,7,1,123,4398861594.0
2023,12,7,1,125,288421034.0
2023,12,7,1,131,77651018475.0
2023,12,7,1,132,431562931119.0
2023,12,7,1,133,27897865682.0
2023,12,7,1,137,900521676.0
2023,12,7,1,141,619371851.0
2023,12,7,1,144,4684901010.0
2023,12,7,1,145,3564131296.0
2023,12,7,1,148,247115466.0
2023,12,8,1,123,22778816920.0
2023,12,8,1,125,16930175429.0
2023,12,8,1,131,389900406.0
2023,12,8,1,133,177134864063.0
2023,12,8,1,137,2512597171.0
2023,12,8,1,141,267076404.0
2023,12,8,1,142,1567382497607.0
2023,12,8,1,143,28203526527.0
2023,12,8,1,144,287416549056.0
2023,12,8,1,145,13215882291.0
2023,12,8,1,148,595894000.0
2023,12,9,1,123,1784336814.0
2023,12,9,1,125,681203491.0
2023,12,9,1,131,3769998981.0
2023,12,9,1,133,29042942664.0
2023,12,9,1,137,992313308.0
2023,12,9,1,138,14764160000.0
2023,12,9,1,142,8614741828.0
2023,12,9,1,144,44896193435.0
2023,12,9,1,145,2174134465.0
2023,12,10,1,123,7202987293.0
2023,12,10,1,125,2656514674.0
2023,12,10,1,131,1404820000.0
2023,12,10,1,133,8572342810.0
2023,12,10,1,137,2368477606.0
2023,12,10,1,141,6091901530.0
2023,12,10,1,144,8468003165.0
2023,12,10,1,145,40194787234.0
2023,12,11,1,123,1532296570.0
2023,12,11,1,125,1206585811.0
2023,12,11,1,131,1313108105.0
2023,12,11,1,133,4797689951.0
2023,12,11,1,137,478302466.0
2023,12,11,1,144,1274218334.0
2023,12,11,1,145,4781820303.0
2023,12,11,1,161,1582569793.0
2023,12,11,1,162,842106700.0
2023,12,11,1,163,207355741.0
2023,12,13,1,123,8810958135.0
2023,12,13,1,125,688238769.0
2023,12,13,1,131,3948075000.0
2023,12,13,1,133,22139499516.0
2023,12,13,1,137,1036844994.0
2023,12,13,1,141,6295985507.0
2023,12,13,1,144,13618952656.0
2023,12,13,1,145,15911920843.0
2023,12,14,1,123,85854363.0
2023,12,14,1,125,25743309.0
2023,12,14,1,131,97500000.0
2023,12,14,1,133,1419136590.0
2023,12,14,1,137,165315033.0
2023,12,14,1,144,1435630639.0
2023,12,14,1,145,3323612279.0
2023,12,16,1,123,4786676891.0
2023,12,16,1,125,1710695046.0
2023,12,16,1,131,1630900000.0
2023,12,16,1,133,13243613083.0
2023,12,16,1,137,255234090.0
2023,12,16,1,141,811708483.0
2023,12,16,1,144,9346649536.0
2023,12,16,1,145,14894899806.0
2023,12,16,1,148,37036470317.0
2023,12,17,1,123,1623244187.0
2023,12,17,1,125,417541377.0
2023,12,17,1,131,862003766.0
2023,12,17,1,133,4082882074.0
2023,12,17,1,136,493343833.0
2023,12,17,1,137,127472223.0
2023,12,17,1,144,2808797500.0
2023,12,17,1,145,2379424099.0
2023,12,18,1,123,689289386.0
2023,12,18,1,131,368903070.0
2023,12,18,1,133,3704806470.0
2023,12,18,1,137,908017345.0
2023,12,18,1,141,3501351881.0
2023,12,18,1,144,23493451301.0
2023,12,18,1,145,15003430724.0
2023,12,19,1,123,2534821498.0
2023,12,19,1,125,1612014746.0
2023,12,19,1,131,1737382860.0
2023,12,19,1,133,6743830071.0
2023,12,19,1,137,866803814.0
2023,12,19,1,144,3002180405.0
2023,12,19,1,145,10189577939.0
2023,12,20,1,123,756777689.0
2023,12,20,1,125,1002064636.0
2023,12,20,1,131,279531411.0
2023,12,20,1,133,3768216688.0
2023,12,20,1,137,22545538.0
2023,12,20,1,141,1503369759.0
2023,12,20,1,144,3820122712.0
2023,12,20,1,145,5730527242.0
2023,12,21,1,123,709976460.0
2023,12,21,1,125,464781053.0
2023,12,21,1,131,561646707.0
2023,12,21,1,133,3875769715.0
2023,12,21,1,137,164996163.0
2023,12,21,1,141,278346172.0
2023,12,21,1,144,4028251972.0
2023,12,21,1,145,13295908252.0
2023,13,1,1,123,26115197.0
2023,13,1,1,131,493480000.0
2023,13,1,1,133,9583823598.0
2023,13,1,1,142,34593333.0
2023,13,1,1,144,1789418998.0
2023,13,1,1,145,1096277686.0
2023,13,2,1,123,1261132756.0
2023,13,2,1,131,6322000000.0
2023,13,2,1,133,24891204368.0
2023,13,2,1,137,1104005042.0
2023,13,2,1,142,143066667.0
2023,13,2,1,144,72218658498.0
2023,13,2,1,145,9399672143.0
2023,13,2,1,148,13807500.0
2023,13,3,1,123,724837500.0
2023,13,3,1,131,8867773909.0
2023,13,3,1,133,79539445232.0
2023,13,3,1,137,3288567928.0
2023,13,3,1,141,898747845.0
2023,13,3,1,144,13835184923.0
2023,13,3,1,145,5336546298.0
2023,13,4,1,123,64025695.0
2023,13,4,1,125,26732801.0
2023,13,4,1,131,64000000.0
2023,13,4,1,133,3061641547.0
2023,13,4,1,137,236845533.0
2023,13,4,1,144,1689288756.0
2023,13,4,1,145,1311350345.0
2023,13,4,1,148,2553700000.0
2023,13,5,1,123,193538866.0
2023,13,5,1,131,613952000.0
2023,13,5,1,133,5346616936.0
2023,13,5,1,137,399120556.0
2023,13,5,1,144,1481065406.0
2023,13,5,1,145,1307475626.0
2023,13,6,1,123,356116388.0
2023,13,6,1,125,59782526.0
2023,13,6,1,131,20700000.0
2023,13,6,1,133,2670171922.0
2023,13,6,1,137,570799996.0
2023,13,6,1,144,10272468025.0
2023,13,6,1,145,9938240533.0
2023,13,7,1,133,1945392963.0
2023,13,7,1,137,43410900.0
2023,13,7,1,144,687116396.0
2023,13,7,1,145,259032316.0
2023,14,1,1,123,11675077576.0
2023,14,1,1,125,207714192.0
2023,14,1,1,131,252025000.0
2023,14,1,1,133,16340711778.0
2023,14,1,1,137,177249578.0
2023,14,1,1,144,1498605422.0
2023,14,1,1,145,1642717692.0
2023,15,1,1,131,209125174.0
2023,15,1,1,133,361973708.0
2023,15,1,1,137,18362500.0
2023,15,1,1,144,1540165478.0
2023,15,1,1,145,1762688522.0
2023,15,2,1,131,92106754.0
2023,15,2,1,133,882826762.0
2023,15,2,1,144,40037631.0
2023,15,2,1,145,113251974.0
2023,21,1,1,123,656437935.0
2023,21,1,1,125,134128057.0
2023,21,1,1,131,7446628819.0
2023,21,1,1,133,19588071517.0
2023,21,1,1,142,181834752.0
2023,21,1,1,145,969969372.0
2023,22,1,1,123,126589762.0
2023,22,1,1,131,8120000.0
2023,22,1,1,133,390912407.0
2023,22,1,1,141,91008460.0
2023,22,1,1,144,1302405302.0
2023,22,1,1,145,320391500.0
2023,22,2,1,123,19630915.0
2023,22,2,1,133,223127852.0
2023,22,2,1,144,793826093.0
2023,22,2,1,145,132777279.0
2023,22,3,1,133,709340132.0
2023,22,3,1,141,41207832.0
2023,22,3,1,142,45000000.0
2023,22,3,1,144,597921750.0
2023,22,3,1,145,258018648.0
2023,22,4,1,133,356303400.0
2023,22,4,1,144,1761778691.0
2023,22,4,1,145,536871327.0
2023,22,5,1,144,1201094515.0
2023,22,5,1,145,531383626.0
2023,22,6,1,131,3360000.0
2023,22,6,1,133,474868324.0
2023,22,6,1,144,1208942258.0
2023,22,6,1,145,195366659.0
2023,22,7,1,133,673275919.0
2023,22,7,1,142,219664669.0
2023,22,7,1,144,2556713275.0
2023,22,7,1,145,318562281.0
2023,22,8,1,133,115733144.0
2023,22,8,1,144,745983096.0
2023,22,8,1,145,96306780.0
2023,22,9,1,133,91851200.0
2023,22,9,1,144,2219314473.0
2023,22,9,1,145,207282727.0
2023,22,10,1,123,123727106.0
2023,22,10,1,131,8400000.0
2023,22,10,1,133,638309903.0
2023,22,10,1,141,1108793956.0
2023,22,10,1,144,2841109010.0
2023,22,10,1,145,1010349664.0
2023,22,11,1,131,532090217.0
2023,22,11,1,133,3003367907.0
2023,22,11,1,144,1103314374.0
2023,22,11,1,145,1220285884.0
2023,22,12,1,131,1260000.0
2023,22,12,1,133,475793040.0
2023,22,12,1,144,696044619.0
2023,22,13,1,131,4200000.0
2023,22,13,1,133,210072332.0
2023,22,13,1,141,433439132.0
2023,22,13,1,142,491757996.0
2023,22,13,1,144,1275355581.0
2023,22,13,1,145,540078961.0
2023,22,14,1,144,1157657984.0
2023,22,15,1,133,434995452.0
2023,22,15,1,141,5237759.0
2023,22,15,1,144,2449659201.0
2023,22,15,1,145,471383626.0
2023,22,16,1,133,1910165397.0
2023,22,16,1,141,55846125.0
2023,22,16,1,142,1298135357.0
2023,22,16,1,144,1703580817.0
2023,22,16,1,145,1170994226.0
2023,22,17,1,123,53119231.0
2023,22,17,1,132,32400000.0
2023,22,17,1,133,382974215.0
2023,23,1,1,123,561480636.0
2023,23,1,1,125,128665237.0
2023,23,1,1,131,1459207160.0
2023,23,1,1,133,4062932223.0
2023,23,1,1,144,1717959770.0
2023,23,1,1,145,1166388575.0
2023,23,3,1,123,573601047.0
2023,23,3,1,125,225506603.0
2023,23,3,1,133,5122350351.0
2023,23,3,1,137,207845332.0
2023,23,3,1,141,535840596.0
2023,23,3,1,144,1696006012.0
2023,23,3,1,145,1173536096.0
2023,23,4,1,123,268176647.0
2023,23,4,1,131,379995743.0
2023,23,4,1,133,1708176484.0
2023,23,4,1,142,115650307.0
2023,23,4,1,144,253534713.0
2023,23,4,1,145,362398718.0
2023,23,6,1,133,1721990788.0
2023,23,6,1,137,60000000.0
2023,23,6,1,141,8800000.0
2023,23,6,1,144,205519032.0
2023,23,6,1,145,372590000.0
2023,23,8,1,123,2481578.0
2023,23,8,1,131,54476285.0
2023,23,8,1,133,648890886.0
2023,23,8,1,144,228538942.0
2023,23,8,1,145,140303334.0
2023,23,9,1,123,42238099.0
2023,23,9,1,131,171990569.0
2023,23,9,1,133,737241998.0
2023,23,9,1,144,39606945.0
2023,23,9,1,145,358318184.0
2023,23,10,1,122,48000000.0
2023,23,10,1,123,693060966.0
2023,23,10,1,125,246683034.0
2023,23,10,1,131,1331260254.0
2023,23,10,1,133,5104019157.0
2023,23,10,1,141,265118746.0
2023,23,10,1,144,1322348555.0
2023,23,10,1,145,1364303981.0
2023,23,11,1,133,2590048396.0
2023,23,11,1,137,42134400.0
2023,23,11,1,144,2037507487.0
2023,23,11,1,145,341001608.0
2023,23,13,1,123,45632226.0
2023,23,13,1,133,1832795186.0
2023,23,13,1,144,1103345495.0
2023,23,13,1,145,1226730968.0
2023,23,14,1,131,484558330.0
2023,23,14,1,133,2216200733.0
2023,23,14,1,144,964978342.0
2023,23,14,1,145,1729359260.0
2023,23,15,1,122,14709010001.0
2023,23,15,1,123,17397977768.0
2023,23,15,1,125,1296157971.0
2023,23,15,1,131,4278435948.0
2023,23,15,1,133,8837394692.0
2023,23,15,1,137,1924688747.0
2023,23,15,1,144,3033305670.0
2023,23,15,1,145,1526662738.0
2023,23,16,1,123,4514166909.0
2023,23,16,1,125,3191604957.0
2023,23,16,1,131,5568818734.0
2023,23,16,1,133,12646560150.0
2023,23,16,1,137,73295000.0
2023,23,16,1,144,1427934949.0
2023,23,16,1,145,3256707595.0
2023,23,17,1,123,64161159.0
2023,23,17,1,125,57851722.0
2023,23,17,1,131,128500000.0
2023,23,17,1,133,934810591.0
2023,23,17,1,144,415173708.0
2023,23,17,1,145,266817376.0
2023,23,18,1,122,1416656569.0
2023,23,18,1,123,2797311819.0
2023,23,18,1,125,1326407631.0
2023,23,18,1,131,851550000.0
2023,23,18,1,133,5355155593.0
2023,23,18,1,137,34409333.0
2023,23,18,1,144,786833915.0
2023,23,18,1,145,2682392757.0
2023,23,19,1,123,1416038497.0
2023,23,19,1,125,1299839513.0
2023,23,19,1,131,617174294.0
2023,23,19,1,133,3151439374.0
2023,23,19,1,137,7423600.0
2023,23,19,1,144,1394538422.0
2023,23,19,1,145,3516933478.0
2023,23,20,1,122,70740686.0
2023,23,20,1,123,79381776.0
2023,23,20,1,125,12114887.0
2023,23,20,1,131,93410525.0
2023,23,20,1,133,2870185752.0
2023,23,20,1,137,130000000.0
2023,23,20,1,141,34684175.0
2023,23,20,1,144,845248349.0
2023,23,20,1,145,500098596.0
2023,23,22,1,123,924027816.0
2023,23,22,1,125,462662248.0
2023,23,22,1,131,1150580565.0
2023,23,22,1,133,2033113326.0
2023,23,22,1,137,223863230.0
2023,23,22,1,141,39159914.0
2023,23,22,1,144,5092750799.0
2023,23,22,1,145,3465709633.0
2023,23,24,1,123,469714291.0
2023,23,24,1,133,1641971326.0
2023,23,24,1,137,33240000.0
2023,23,24,1,141,330019407.0
2023,23,24,1,144,1021024720.0
2023,23,24,1,145,65156335.0
2023,23,25,1,123,603296543.0
2023,23,25,1,125,180636374.0
2023,23,25,1,131,490108637.0
2023,23,25,1,133,2259573480.0
2023,23,25,1,137,86424000.0
2023,23,25,1,145,585796285.0
2023,23,26,1,131,17283000.0
2023,23,26,1,133,906238080.0
2023,23,27,1,123,62532666.0
2023,23,27,1,131,51885526.0
2023,23,27,1,133,354227171.0
2023,23,27,1,145,246586036.0
2023,23,28,1,123,187141155.0
2023,23,28,1,125,29237395.0
2023,23,28,1,131,36000000.0
2023,23,28,1,133,921159550.0
2023,23,28,1,144,484714866.0
2023,23,28,1,145,1174899379.0
2023,23,29,1,123,95087177.0
2023,23,29,1,131,6480000.0
2023,23,29,1,133,400385282.0
2023,23,29,1,145,92158500.0
2023,23,30,1,123,52005082.0
2023,23,30,1,133,1037340501.0
2023,23,30,1,144,60743678.0
2023,23,30,1,145,409696960.0
2023,23,31,1,133,488838894.0
2023,23,32,1,123,12268748.0
2023,23,32,1,131,11701228.0
2023,23,32,1,133,760590413.0
2023,23,32,1,137,218527000.0
2023,23,32,1,145,81890901.0
2023,23,33,1,131,27680000.0
2023,23,33,1,132,270689431.0
2023,23,33,1,133,702409376.0
2023,23,33,1,148,340493334.0
2023,23,34,1,131,47385000.0
2023,23,34,1,132,805909197.0
2023,23,34,1,133,514623550.0
2023,23,34,1,148,2884183216.0
2023,23,35,1,133,282320690.0
2023,23,35,1,142,130724227.0
2023,23,35,1,144,114054552.0
2023,23,35,1,145,63363632.0
2023,23,36,1,123,944822011.0
2023,23,36,1,125,623418700.0
2023,23,36,1,131,149999976.0
2023,23,36,1,133,1458504884.0
2023,23,36,1,137,210260095.0
2023,23,36,1,141,24558985625.0
2023,23,36,1,144,8377909686.0
2023,23,36,1,145,9426395260.0
2023,23,36,1,148,72574205.0
2023,23,37,1,133,147249228.0
2023,23,38,1,123,913112465.0
2023,23,38,1,125,872797013.0
2023,23,38,1,131,397246050.0
2023,23,38,1,132,2550307.0
2023,23,38,1,133,2328041603.0
2023,23,38,1,137,127969044.0
2023,23,38,1,142,1675222505.0
2023,23,38,1,144,45758061.0
2023,23,38,1,145,134511266.0
2023,23,39,1,122,849366675.0
2023,23,39,1,123,404199199.0
2023,23,39,1,125,126953959.0
2023,23,39,1,131,708900000.0
2023,23,39,1,133,1684603374.0
2023,23,39,1,137,166312683.0
2023,23,39,1,141,29496280.0
2023,23,39,1,144,6205783031.0
2023,23,39,1,145,3499114578.0
2023,24,1,1,122,87600000.0
2023,24,1,1,123,6191373332.0
2023,24,1,1,125,27740941072.0
2023,24,1,1,131,31476624736.0
2023,24,1,1,133,207822670571.0
2023,24,1,1,137,9396846313.0
2023,24,1,1,142,420414198463.0
2023,24,1,1,143,3439051234.0
2023,24,1,1,144,58323979998.0
2023,24,1,1,145,3106562610.0
2023,24,2,1,123,13818615.0
2023,24,2,1,131,7894200.0
2023,24,3,1,123,25594797.0
2023,24,3,1,125,7419632.0
2023,24,3,1,131,7013342.0
2023,24,3,1,133,382174651.0
2023,24,3,1,144,15355918.0
2023,24,3,1,145,41357566.0
2023,24,4,1,123,980386990.0
2023,24,4,1,125,6595061.0
2023,24,4,1,131,6192876438.0
2023,24,4,1,133,383437272.0
2023,24,4,1,142,9031666.0
2023,24,4,1,144,1507967327.0
2023,24,4,1,145,984482873.0
2023,24,5,1,123,40295764.0
2023,24,5,1,131,49015000.0
2023,24,5,1,133,2665427457.0
2023,24,5,1,137,59999992.0
2023,24,5,1,142,36400000.0
2023,24,5,1,144,841753096.0
2023,24,5,1,145,312378528.0
2023,25,2,1,122,6896210686.0
2023,25,2,1,123,80981979072.0
2023,25,2,1,125,46834279825.0
2023,25,2,1,131,23985301422.0
2023,25,2,1,133,208947125515.0
2023,25,2,1,137,1219610000.0
2023,25,2,1,141,883731145.0
2023,25,2,1,144,15119986431.0
2023,25,2,1,145,4871877242.0
2023,25,4,1,122,2146733333.0
2023,25,4,1,123,1423708477.0
2023,25,4,1,131,597419648.0
2023,25,4,1,133,11684567520.0
2023,25,4,1,144,3765072647.0
2023,25,4,1,145,253500000.0
2023,25,5,1,122,2566976669.0
2023,25,5,1,131,563500000.0
2023,25,5,1,133,13143287705.0
2023,25,5,1,141,1420642436.0
2023,25,5,1,144,14745705656.0
2023,25,5,1,145,2742920311.0
2023,25,6,1,122,257000000.0
2023,25,6,1,123,1067704514.0
2023,25,6,1,125,2145584902.0
2023,25,6,1,131,1074000000.0
2023,25,6,1,133,45174928328.0
2023,25,6,1,142,277695553.0
2023,25,6,1,144,8231112248.0
2023,25,6,1,145,2134735774.0
2023,25,7,1,123,5314474437.0
2023,25,7,1,125,2286158801.0
2023,25,7,1,131,4117122089.0
2023,25,7,1,133,11498763985.0
2023,25,7,1,137,23200000.0
2023,25,7,1,142,243951811.0
2023,25,7,1,144,8183833461.0
2023,25,7,1,145,1982769497.0
2023,27,1,1,122,2692918498.0
2023,27,1,1,123,9958584743.0
2023,27,1,1,125,1759909188.0
2023,27,1,1,131,13842298092.0
2023,27,1,1,133,32429736814.0
2023,27,1,1,141,174347161.0
2023,27,1,1,144,4879283196.0
2023,27,1,1,145,11949208920.0
2023,27,3,1,122,182150307.0
2023,27,3,1,123,846714994.0
2023,27,3,1,125,35875877.0
2023,27,3,1,131,1536651274.0
2023,27,3,1,133,2968198656.0
2023,27,3,1,135,2648665811.0
2023,27,3,1,144,393124870.0
2023,27,3,1,145,1494623422.0
2023,27,4,1,123,9326754.0
2023,27,4,1,131,312200000.0
2023,27,4,1,133,1599686941.0
2023,27,4,1,134,1668993442.0
2023,27,4,1,137,30950000.0
2023,27,4,1,144,201668263.0
2023,27,5,1,133,151384448.0
2023,27,5,1,144,25234976.0
2023,27,7,1,123,216793382.0
2023,27,7,1,125,119503286.0
2023,27,7,1,131,437987591.0
2023,27,7,1,133,2880022840.0
2023,27,7,1,144,47037029.0
2023,28,1,1,123,2141618635.0
2023,28,1,1,125,360215952.0
2023,28,1,1,131,6793753399.0
2023,28,1,1,133,90287424387.0
2023,28,1,1,141,128072725.0
2023,28,1,1,142,21885297675.0
2023,28,1,1,143,42080063.0
2023,28,1,1,144,18030237278.0
2023,28,1,1,145,11127583485.0
2023,28,1,1,148,18418875716.0
2023,28,2,1,123,72290399.0
2023,28,2,1,125,49609592.0
2023,28,2,1,131,522225964.0
2023,28,2,1,133,4862034322.0
2023,28,2,1,144,3310140911.0
2023,28,2,1,145,1949914382.0
2023,28,2,1,148,30000000.0
2023,28,3,1,123,10571725.0
2023,28,3,1,125,20318642.0
2023,28,3,1,131,5460000.0
2023,28,3,1,132,469297066.0
2023,28,3,1,133,3479068720.0
2023,28,3,1,134,35000.0
2023,28,3,1,141,39074239.0
2023,28,3,1,144,1283209247.0
2023,28,3,1,145,50690908.0
2023,28,4,1,123,17186400.0
2023,28,4,1,125,11548473.0
2023,28,4,1,132,257762094.0
2023,28,4,1,133,2054816189.0
2023,28,4,1,143,600000.0
2023,28,4,1,144,3157618311.0
2023,28,4,1,145,121334416.0
2023,28,4,1,148,343184931.0
2023,28,6,1,133,1469288304.0
2023,28,6,1,144,347690000.0
2023,28,7,1,133,14678473.0
2023,28,7,1,144,2500000.0
2023,28,7,1,145,7600000.0
2023,28,8,1,133,834023026.0
2023,28,8,1,144,199687712.0
2023,28,10,1,133,1639586648.0
2023,28,10,1,145,38909090.0
2023,28,10,1,148,33929779.0
2023,30,1,2,133,549777787.0
2023,30,1,2,144,5066563378.0
2023,30,1,3,144,395280000.0
2023,30,1,4,133,73691376.0
2023,30,1,4,144,1172710000.0
2023,30,1,5,123,280600000.0
2023,30,1,5,144,262180000.0
2023,30,1,6,131,5600000.0
2023,30,1,6,133,91900000.0
2023,30,1,6,144,426734000.0
2023,30,1,237,144,359200000.0
2023,30,1,238,144,485500000.0
2023,30,1,238,145,20000000.0
2023,30,1,241,133,36000000.0
2023,30,1,241,144,405800000.0
2023,30,1,249,144,293800000.0
2023,30,1,257,123,64000000.0
2023,30,1,257,133,82200000.0
2023,30,1,257,144,260400000.0
2023,30,1,524,144,150000000.0
2023,30,1,524,145,36000000.0
2023,30,2,8,133,15450000.0
2023,30,2,8,144,1298425000.0
2023,30,2,8,145,88000000.0
2023,30,2,11,122,18572831.0
2023,30,2,11,133,72962196.0
2023,30,2,11,144,419240000.0
2023,30,2,12,131,8400000.0
2023,30,2,12,144,317572711.0
2023,30,2,13,133,24000000.0
2023,30,2,13,144,543110000.0
2023,30,2,13,145,60000000.0
2023,30,2,15,144,969800000.0
2023,30,2,16,133,25920000.0
2023,30,2,16,144,472700000.0
2023,30,2,16,145,37640000.0
2023,30,2,17,144,150650000.0
2023,30,2,18,144,343836000.0
2023,30,2,19,144,202300000.0
2023,30,2,20,144,362500000.0
2023,30,2,20,145,30000000.0
2023,30,2,22,144,509200000.0
2023,30,2,23,133,61760000.0
2023,30,2,23,144,312245421.0
2023,30,2,23,145,96627268.0
2023,30,2,24,144,73200000.0
2023,30,2,24,145,6000000.0
2023,30,2,25,144,676200000.0
2023,30,2,25,145,145800000.0
2023,30,2,26,133,12600000.0
2023,30,2,26,144,929227936.0
2023,30,2,26,145,60000000.0
2023,30,2,239,144,449700000.0
2023,30,2,239,145,24000000.0
2023,30,2,260,144,166400000.0
2023,30,3,27,141,2506831981.0
2023,30,3,27,143,28458182.0
2023,30,3,27,144,1133002271.0
2023,30,3,27,145,49254546.0
2023,30,3,28,144,671032267.0
2023,30,3,29,144,656320000.0
2023,30,3,29,145,63000000.0
2023,30,3,30,133,13000000.0
2023,30,3,30,144,971376818.0
2023,30,3,30,145,86800000.0
2023,30,3,31,144,208400000.0
2023,30,3,31,145,167400000.0
2023,30,3,31,148,48000000.0
2023,30,3,32,144,926340000.0
2023,30,3,33,133,0.0
2023,30,3,33,135,0.0
2023,30,3,33,144,825977373.0
2023,30,3,33,145,130835003.0
2023,30,3,34,133,2100000.0
2023,30,3,34,144,322723250.0
2023,30,3,34,145,8106313.0
2023,30,3,35,133,45500000.0
2023,30,3,35,141,41241667.0
2023,30,3,35,143,3575000.0
2023,30,3,35,144,509065416.0
2023,30,3,35,145,94000000.0
2023,30,3,36,144,185200000.0
2023,30,3,37,144,396100000.0
2023,30,3,37,145,63500000.0
2023,30,3,38,144,102999666.0
2023,30,3,39,144,425191000.0
2023,30,3,39,145,121500000.0
2023,30,3,41,144,44744424.0
2023,30,3,42,133,144391694.0
2023,30,3,42,142,883920000.0
2023,30,3,42,144,4834135501.0
2023,30,3,42,145,1031905006.0
2023,30,3,43,144,239350000.0
2023,30,3,44,133,43500000.0
2023,30,3,44,144,1119454566.0
2023,30,3,44,145,124200000.0
2023,30,3,45,133,29340000.0
2023,30,3,45,144,115900000.0
2023,30,4,47,133,650500000.0
2023,30,4,47,144,3723242797.0
2023,30,4,47,145,164719096.0
2023,30,4,48,144,162300000.0
2023,30,4,49,144,298400000.0
2023,30,4,50,133,24732000.0
2023,30,4,50,144,261200000.0
2023,30,4,50,145,84000000.0
2023,30,4,51,144,280750455.0
2023,30,4,53,144,383400000.0
2023,30,4,54,133,11115000.0
2023,30,4,54,144,290721545.0
2023,30,4,54,145,7200000.0
2023,30,4,55,144,566540000.0
2023,30,4,56,144,316000000.0
2023,30,4,57,144,225030000.0
2023,30,4,58,144,161600000.0
2023,30,4,59,144,221100000.0
2023,30,4,60,144,172259000.0
2023,30,4,61,144,173270000.0
2023,30,4,62,144,178460000.0
2023,30,4,63,144,388949160.0
2023,30,4,63,145,26300000.0
2023,30,4,234,142,21000000.0
2023,30,4,234,144,381636000.0
2023,30,4,234,145,136000000.0
2023,30,5,64,144,3307672800.0
2023,30,5,64,145,115200000.0
2023,30,5,65,123,176000128.0
2023,30,5,65,133,226960000.0
2023,30,5,65,135,16000000.0
2023,30,5,65,141,180000000.0
2023,30,5,65,144,3100740000.0
2023,30,5,65,145,144000000.0
2023,30,5,66,144,336000000.0
2023,30,5,67,133,41200000.0
2023,30,5,67,144,400598855.0
2023,30,5,67,145,54736359.0
2023,30,5,68,133,34800000.0
2023,30,5,68,144,266000000.0
2023,30,5,69,144,517290000.0
2023,30,5,69,145,143260000.0
2023,30,5,70,123,5104998.0
2023,30,5,70,133,38600000.0
2023,30,5,70,144,778740306.0
2023,30,5,70,145,112165165.0
2023,30,5,71,133,39600000.0
2023,30,5,71,144,227400000.0
2023,30,5,72,144,180600000.0
2023,30,5,73,133,52900000.0
2023,30,5,73,144,621433687.0
2023,30,5,74,135,0.0
2023,30,5,74,144,0.0
2023,30,5,74,145,0.0
2023,30,5,75,144,1622400000.0
2023,30,5,76,144,225700000.0
2023,30,5,76,145,188000000.0
2023,30,5,77,144,375069983.0
2023,30,5,77,145,195604216.0
2023,30,5,78,133,43000000.0
2023,30,5,78,134,21631830.0
2023,30,5,78,144,484200000.0
2023,30,5,78,145,43250000.0
2023,30,5,79,133,9600000.0
2023,30,5,79,142,16177777.0
2023,30,5,79,144,283776439.0
2023,30,5,79,145,95083333.0
2023,30,5,81,144,359200000.0
2023,30,5,82,133,31210062.0
2023,30,5,82,144,364200000.0
2023,30,5,82,145,36000000.0
2023,30,5,83,133,3000000.0
2023,30,5,83,144,150100000.0
2023,30,5,233,144,265200000.0
2023,30,5,243,133,48000000.0
2023,30,5,243,144,274800000.0
2023,30,5,243,145,24000000.0
2023,30,6,84,133,18000000.0
2023,30,6,84,144,1255220000.0
2023,30,6,84,145,88420000.0
2023,30,6,85,144,932055424.0
2023,30,6,86,133,0.0
2023,30,6,86,144,0.0
2023,30,6,87,144,289000000.0
2023,30,6,88,144,321700000.0
2023,30,6,88,145,14000000.0
2023,30,6,89,123,12000000.0
2023,30,6,89,144,397880000.0
2023,30,6,89,145,24000000.0
2023,30,6,90,144,702300000.0
2023,30,6,91,144,396400000.0
2023,30,6,91,145,68000000.0
2023,30,6,92,144,428720000.0
2023,30,6,92,145,138000000.0
2023,30,6,93,123,0.0
2023,30,6,93,144,995520000.0
2023,30,6,93,145,86125000.0
2023,30,6,245,144,317900000.0
2023,30,6,245,145,12000000.0
2023,30,7,94,123,522837707.0
2023,30,7,94,133,806721880.0
2023,30,7,94,135,307395241.0
2023,30,7,94,137,6600000.0
2023,30,7,94,141,2504737469.0
2023,30,7,94,142,2086604629.0
2023,30,7,94,144,23164068017.0
2023,30,7,94,145,2388154834.0
2023,30,7,95,123,28276248.0
2023,30,7,95,133,15895779.0
2023,30,7,95,144,1217092693.0
2023,30,7,95,145,164737416.0
2023,30,7,96,131,910000.0
2023,30,7,96,133,5600000.0
2023,30,7,96,134,0.0
2023,30,7,96,137,10851732.0
2023,30,7,96,141,8965000.0
2023,30,7,96,142,70525000.0
2023,30,7,96,144,4441106823.0
2023,30,7,96,145,581825768.0
2023,30,7,97,133,58080000.0
2023,30,7,97,144,598200000.0
2023,30,7,97,145,214150000.0
2023,30,7,98,133,221837499.0
2023,30,7,98,141,180736000.0
2023,30,7,98,144,959432386.0
2023,30,7,98,145,147899999.0
2023,30,7,99,142,4500000.0
2023,30,7,99,144,212000000.0
2023,30,7,99,145,81500000.0
2023,30,7,100,133,30800000.0
2023,30,7,100,144,1117695000.0
2023,30,7,100,145,72600000.0
2023,30,7,101,131,26814000.0
2023,30,7,101,133,19200000.0
2023,30,7,101,137,26400000.0
2023,30,7,101,144,1206333000.0
2023,30,7,101,145,78000000.0
2023,30,7,102,142,177600000.0
2023,30,7,102,144,1150200000.0
2023,30,7,103,131,2385000.0
2023,30,7,103,133,40860000.0
2023,30,7,103,141,22750000.0
2023,30,7,103,144,1162100000.0
2023,30,7,103,145,35300000.0
2023,30,7,104,133,243200000.0
2023,30,7,104,143,47992094.0
2023,30,7,104,144,825520972.0
2023,30,7,104,145,190208384.0
2023,30,7,105,144,550300000.0
2023,30,7,105,145,59250000.0
2023,30,7,106,144,423800000.0
2023,30,7,106,145,165000000.0
2023,30,7,107,123,117447854.0
2023,30,7,107,133,267177626.0
2023,30,7,107,141,88000000.0
2023,30,7,107,143,12000000.0
2023,30,7,107,144,3936900247.0
2023,30,7,107,145,385709508.0
2023,30,7,108,144,379200000.0
2023,30,7,109,123,0.0
2023,30,7,109,144,424203332.0
2023,30,7,109,145,97600000.0
2023,30,7,110,123,2265504.0
2023,30,7,110,133,81205083.0
2023,30,7,110,141,52000000.0
2023,30,7,110,144,2176449757.0
2023,30,7,110,145,264000000.0
2023,30,7,111,142,53500007.0
2023,30,7,111,144,651808459.0
2023,30,7,111,145,197949994.0
2023,30,7,112,144,885960000.0
2023,30,7,113,133,22000000.0
2023,30,7,113,144,1349400000.0
2023,30,7,113,145,21000000.0
2023,30,7,114,123,3825000.0
2023,30,7,114,133,107684340.0
2023,30,7,114,135,17092500.0
2023,30,7,114,141,81916500.0
2023,30,7,114,142,195404000.0
2023,30,7,114,143,13500000.0
2023,30,7,114,144,1249398417.0
2023,30,7,114,145,559935000.0
2023,30,7,115,123,32500754.0
2023,30,7,115,142,16000000.0
2023,30,7,115,144,497547916.0
2023,30,7,115,145,124833333.0
2023,30,7,116,133,31200000.0
2023,30,7,116,135,25749546.0
2023,30,7,116,141,29181816.0
2023,30,7,116,142,40504555.0
2023,30,7,116,144,798977368.0
2023,30,7,116,145,120131818.0
2023,30,7,117,135,56895300.0
2023,30,7,117,141,152800000.0
2023,30,7,117,142,48000000.0
2023,30,7,117,144,1954484818.0
2023,30,7,117,145,414871888.0
2023,30,7,118,133,16800000.0
2023,30,7,118,144,645800000.0
2023,30,7,119,144,471700526.0
2023,30,7,119,145,145795816.0
2023,30,7,120,141,19000000.0
2023,30,7,120,144,609700000.0
2023,30,7,120,145,11000000.0
2023,30,7,121,133,47936366.0
2023,30,7,121,144,2432527608.0
2023,30,7,121,145,459499095.0
2023,30,7,122,123,6357632.0
2023,30,7,122,125,2573000.0
2023,30,7,122,141,81602930.0
2023,30,7,122,142,43526592.0
2023,30,7,122,144,893585192.0
2023,30,7,122,145,535593202.0
2023,30,7,123,133,4800000.0
2023,30,7,123,144,480065840.0
2023,30,7,123,145,39900000.0
2023,30,8,124,144,921577000.0
2023,30,8,124,145,30800000.0
2023,30,8,125,125,43488811.0
2023,30,8,125,133,206400000.0
2023,30,8,125,134,57724000.0
2023,30,8,125,141,80600000.0
2023,30,8,125,144,1886534708.0
2023,30,8,125,145,272986083.0
2023,30,8,125,147,35750000.0
2023,30,8,126,123,0.0
2023,30,8,126,133,75225000.0
2023,30,8,126,134,105837600.0
2023,30,8,126,141,106161127.0
2023,30,8,126,144,2992833370.0
2023,30,8,126,145,365549341.0
2023,30,8,127,133,9600000.0
2023,30,8,127,144,418507200.0
2023,30,8,127,145,33600000.0
2023,30,8,129,144,0.0
2023,30,8,129,145,0.0
2023,30,8,130,144,1264829133.0
2023,30,8,130,145,183110000.0
2023,30,8,131,133,23650000.0
2023,30,8,131,135,13636200.0
2023,30,8,131,144,626513848.0
2023,30,8,131,145,55345535.0
2023,30,8,132,141,135600000.0
2023,30,8,132,144,836400000.0
2023,30,8,132,145,78000000.0
2023,30,8,133,144,244700000.0
2023,30,9,134,144,2346884015.0
2023,30,9,134,145,215459078.0
2023,30,9,134,148,130743076.0
2023,30,9,135,133,54810000.0
2023,30,9,135,144,707180000.0
2023,30,9,135,145,80500000.0
2023,30,9,137,144,430140640.0
2023,30,9,137,145,46604546.0
2023,30,9,138,141,1175056800.0
2023,30,9,138,144,19045000.0
2023,30,9,139,144,288062420.0
2023,30,9,140,133,24000000.0
2023,30,9,140,144,639600000.0
2023,30,9,140,145,131040000.0
2023,30,9,141,144,362903916.0
2023,30,9,141,145,143100000.0
2023,30,9,142,141,6400000.0
2023,30,9,142,144,453990000.0
2023,30,9,142,145,312700000.0
2023,30,9,143,133,12960000.0
2023,30,9,143,144,1267775767.0
2023,30,9,143,145,125713644.0
2023,30,9,144,133,6600000.0
2023,30,9,144,144,95652000.0
2023,30,9,145,133,59400000.0
2023,30,9,145,144,248950000.0
2023,30,9,146,133,24000000.0
2023,30,9,146,144,307800000.0
2023,30,9,146,145,49500000.0
2023,30,9,147,144,387125000.0
2023,30,9,148,133,57050000.0
2023,30,9,148,141,87366665.0
2023,30,9,148,144,956526666.0
2023,30,9,148,145,22880000.0
2023,30,9,149,123,9300000.0
2023,30,9,149,133,11358276.0
2023,30,9,149,144,626572726.0
2023,30,9,150,133,49200000.0
2023,30,9,150,144,269640000.0
2023,30,9,150,145,209700000.0
2023,30,9,252,133,15000000.0
2023,30,9,252,141,21000000.0
2023,30,9,252,144,340600000.0
2023,30,9,252,145,4500000.0
2023,30,10,151,123,18411250.0
2023,30,10,151,133,3270417222.0
2023,30,10,151,142,3486680666.0
2023,30,10,151,144,62006231377.0
2023,30,10,151,145,2440503333.0
2023,30,10,152,123,4986662.0
2023,30,10,152,133,171700000.0
2023,30,10,152,141,32400000.0
2023,30,10,152,144,6487330000.0
2023,30,10,152,145,366700000.0
2023,30,10,153,144,591750000.0
2023,30,10,153,145,10000000.0
2023,30,10,154,133,24000000.0
2023,30,10,154,144,1014676665.0
2023,30,10,154,145,267579160.0
2023,30,10,155,123,53329764.0
2023,30,10,155,133,555166991.0
2023,30,10,155,142,216350000.0
2023,30,10,155,144,9186595227.0
2023,30,10,155,145,766675000.0
2023,30,10,156,133,4000000.0
2023,30,10,156,144,503539919.0
2023,30,10,156,145,145600000.0
2023,30,10,156,147,12500000.0
2023,30,10,157,133,58800000.0
2023,30,10,157,144,1082956618.0
2023,30,10,157,145,348626666.0
2023,30,10,158,133,55200000.0
2023,30,10,158,144,598100000.0
2023,30,10,158,145,9000000.0
2023,30,10,159,122,6000000.0
2023,30,10,159,133,29000000.0
2023,30,10,159,144,494414068.0
2023,30,10,159,145,124677270.0
2023,30,10,160,133,50700000.0
2023,30,10,160,144,569778394.0
2023,30,10,160,145,71500000.0
2023,30,10,161,133,33600000.0
2023,30,10,161,144,1118930000.0
2023,30,10,161,145,42000000.0
2023,30,10,162,133,267324193.0
2023,30,10,162,144,4047268795.0
2023,30,10,163,133,64750000.0
2023,30,10,163,144,1071500000.0
2023,30,10,163,145,120000000.0
2023,30,10,164,123,25670300.0
2023,30,10,164,133,104994604.0
2023,30,10,164,141,203676462.0
2023,30,10,164,144,1224670000.0
2023,30,10,164,145,455989814.0
2023,30,10,165,133,53350000.0
2023,30,10,165,141,4000000.0
2023,30,10,165,142,220213000.0
2023,30,10,165,144,1631918208.0
2023,30,10,165,145,124918665.0
2023,30,10,165,147,4500000.0
2023,30,10,166,133,366952800.0
2023,30,10,166,144,964716950.0
2023,30,10,166,145,132000000.0
2023,30,10,167,133,18000000.0
2023,30,10,167,142,11672728.0
2023,30,10,167,144,1157926353.0
2023,30,10,167,145,335688166.0
2023,30,10,168,133,85458979.0
2023,30,10,168,141,66076535.0
2023,30,10,168,142,88627279.0
2023,30,10,168,144,952032029.0
2023,30,10,168,145,345713618.0
2023,30,10,168,147,24318180.0
2023,30,10,169,133,25600000.0
2023,30,10,169,142,325260000.0
2023,30,10,169,144,1402446153.0
2023,30,10,169,145,160800000.0
2023,30,10,170,123,35867500.0
2023,30,10,170,133,10250000.0
2023,30,10,170,141,0.0
2023,30,10,170,142,43909088.0
2023,30,10,170,144,490139331.0
2023,30,10,170,145,220593791.0
2023,30,10,240,123,11700000.0
2023,30,10,240,144,523350001.0
2023,30,10,240,145,275400000.0
2023,30,10,246,144,196240000.0
2023,30,10,246,145,32400000.0
2023,30,11,171,133,5984519.0
2023,30,11,171,141,2483642843.0
2023,30,11,171,144,627668003.0
2023,30,11,171,145,138470000.0
2023,30,11,172,133,382933867.0
2023,30,11,172,135,325847281.0
2023,30,11,172,137,8660000.0
2023,30,11,172,142,522817931.0
2023,30,11,172,143,39961833.0
2023,30,11,172,144,13031057365.0
2023,30,11,172,145,512596682.0
2023,30,11,173,131,843834658.0
2023,30,11,173,133,1432494461.0
2023,30,11,173,141,985739667.0
2023,30,11,173,144,15486135251.0
2023,30,11,174,123,8177283.0
2023,30,11,174,125,830768.0
2023,30,11,174,133,96200000.0
2023,30,11,174,141,256589298.0
2023,30,11,174,144,2211351050.0
2023,30,11,174,145,550690765.0
2023,30,11,175,133,2400000.0
2023,30,11,175,144,3008990745.0
2023,30,11,175,145,203100553.0
2023,30,11,176,133,506723456.0
2023,30,11,176,141,73617885.0
2023,30,11,176,144,4674153634.0
2023,30,11,176,145,1068458771.0
2023,30,11,176,147,31779000.0
2023,30,11,177,123,2685368.0
2023,30,11,177,133,1471674998.0
2023,30,11,177,141,7752821271.0
2023,30,11,177,144,4475527769.0
2023,30,11,177,145,235900000.0
2023,30,11,178,133,29600000.0
2023,30,11,178,144,3057958000.0
2023,30,11,179,123,181115997.0
2023,30,11,179,131,163793398.0
2023,30,11,179,133,1515649660.0
2023,30,11,179,141,240481667.0
2023,30,11,179,144,15355006496.0
2023,30,11,179,145,2807442502.0
2023,30,11,180,123,273900000.0
2023,30,11,180,125,72850000.0
2023,30,11,180,133,568350000.0
2023,30,11,180,141,5889703356.0
2023,30,11,180,144,416260546.0
2023,30,11,180,145,1146913309.0
2023,30,11,181,133,21648500.0
2023,30,11,181,135,8832291.0
2023,30,11,181,144,726680195.0
2023,30,11,181,145,124100000.0
2023,30,11,182,133,118608292.0
2023,30,11,182,135,11192324.0
2023,30,11,182,141,482478884.0
2023,30,11,182,142,398135941.0
2023,30,11,182,143,144454700.0
2023,30,11,182,144,5719041019.0
2023,30,11,182,145,2429721809.0
2023,30,11,183,133,126192308.0
2023,30,11,183,144,4293127410.0
2023,30,11,183,145,179835679.0
2023,30,11,184,123,555406932.0
2023,30,11,184,133,1936199407.0
2023,30,11,184,141,212716365.0
2023,30,11,184,142,388065890.0
2023,30,11,184,144,16143924850.0
2023,30,11,184,145,3643013392.0
2023,30,11,185,123,32698816.0
2023,30,11,185,133,629615075.0
2023,30,11,185,142,137626911.0
2023,30,11,185,143,76876936.0
2023,30,11,185,144,5845071742.0
2023,30,11,186,144,3252629000.0
2023,30,11,187,133,170450000.0
2023,30,11,187,144,1780451000.0
2023,30,11,187,145,198490328.0
2023,30,11,188,123,3700000.0
2023,30,11,188,144,310208358.0
2023,30,11,188,145,45137500.0
2023,30,11,189,144,2012570000.0
2023,30,11,189,145,6000000.0
2023,30,12,190,131,95311000.0
2023,30,12,190,133,156130700.0
2023,30,12,190,141,19800000.0
2023,30,12,190,144,1251408170.0
2023,30,12,190,145,276663053.0
2023,30,12,191,144,213850000.0
2023,30,12,191,145,0.0
2023,30,12,192,144,946722000.0
2023,30,12,193,133,5400000.0
2023,30,12,193,144,96600000.0
2023,30,12,194,144,256200000.0
2023,30,12,195,133,14601224.0
2023,30,12,195,144,394013630.0
2023,30,12,196,144,574020000.0
2023,30,12,197,125,12000000.0
2023,30,12,197,144,202930772.0
2023,30,12,199,144,167100000.0
2023,30,12,200,144,481600000.0
2023,30,12,201,144,320400000.0
2023,30,12,202,144,267316668.0
2023,30,12,203,144,401100000.0
2023,30,12,204,133,14200000.0
2023,30,12,205,144,260320000.0
2023,30,13,206,123,52724756.0
2023,30,13,206,144,11663490028.0
2023,30,13,207,144,335568000.0
2023,30,13,208,133,60000000.0
2023,30,13,208,144,663618588.0
2023,30,13,208,145,246000000.0
2023,30,13,242,144,509700000.0
2023,30,13,242,145,60000000.0
2023,30,13,250,133,12000000.0
2023,30,13,250,144,380680000.0
2023,30,13,259,133,12000000.0
2023,30,13,259,144,310275423.0
2023,30,13,259,145,15563640.0
2023,30,14,209,133,48205461.0
2023,30,14,209,144,6859492467.0
2023,30,14,209,145,355573609.0
2023,30,14,210,144,743050000.0
2023,30,14,211,123,20891982.0
2023,30,14,211,144,1402329344.0
2023,30,14,211,145,89700000.0
2023,30,14,212,144,515000000.0
2023,30,14,213,133,256320000.0
2023,30,14,213,144,412200000.0
2023,30,14,213,145,61200000.0
2023,30,14,214,144,224900000.0
2023,30,14,215,144,411000000.0
2023,30,14,216,134,0.0
2023,30,14,216,144,818165337.0
2023,30,14,217,123,32422140.0
2023,30,14,217,133,79300000.0
2023,30,14,217,134,0.0
2023,30,14,217,135,1077000.0
2023,30,14,217,141,49035000.0
2023,30,14,217,144,2395135176.0
2023,30,14,218,133,61800000.0
2023,30,14,218,135,23372691.0
2023,30,14,218,144,805678462.0
2023,30,14,218,145,138000000.0
2023,30,14,219,133,247300000.0
2023,30,14,219,141,239697253.0
2023,30,14,219,144,1536785765.0
2023,30,14,219,145,327478135.0
2023,30,14,244,144,168675000.0
2023,30,14,244,145,79565000.0
2023,30,14,247,134,0.0
2023,30,14,247,144,453650000.0
2023,30,14,251,144,514800000.0
2023,30,14,251,145,72000000.0
2023,30,14,255,133,39800000.0
2023,30,14,255,144,306440000.0
2023,30,14,256,144,296487552.0
2023,30,14,256,145,42000000.0
2023,30,15,220,133,99000000.0
2023,30,15,220,144,2338736135.0
2023,30,15,220,145,363400000.0
2023,30,15,221,123,26230765.0
2023,30,15,221,131,70000.0
2023,30,15,221,133,375189012.0
2023,30,15,221,144,989100000.0
2023,30,15,222,131,117732985.0
2023,30,15,222,133,914569217.0
2023,30,15,222,144,5352727181.0
2023,30,15,222,145,124033333.0
2023,30,15,223,144,831300000.0
2023,30,15,224,133,55200000.0
2023,30,15,224,144,1092908712.0
2023,30,15,229,144,685896900.0
2023,30,15,229,145,417850000.0
2023,30,15,232,142,36000000.0
2023,30,15,232,144,558340000.0
2023,30,15,232,145,25000000.0
2023,30,15,233,133,120624000.0
2023,30,15,233,144,805088000.0
2023,30,15,233,145,145750000.0
2023,30,15,258,144,300125752.0
2023,30,15,258,145,35000000.0
2023,30,15,262,133,52700000.0
2023,30,15,262,144,364206918.0
2023,30,15,262,145,9200000.0
2023,30,16,228,133,437707200.0
2023,30,16,228,141,0.0
2023,30,16,228,144,3320355604.0
2023,30,16,228,145,1168300000.0
2023,30,16,230,133,422877500.0
2023,30,16,230,141,557562564.0
2023,30,16,230,144,4077695131.0
2023,30,16,230,145,1453150000.0
2023,30,16,231,133,58170614.0
2023,30,16,231,144,3314171739.0
2023,30,16,231,145,235960000.0
2023,30,16,261,133,92083182.0
2023,30,16,261,141,33166911.0
2023,30,16,261,142,66225763.0
2023,30,16,261,144,1547322539.0
2023,30,16,261,145,1025876344.0
2023,30,17,225,133,19800000.0
2023,30,17,225,144,486752728.0
2023,30,17,226,144,604893692.0
2023,30,17,227,144,107563632.0
2023,30,17,235,141,54400000.0
2023,30,17,235,144,160800000.0
2023,40,1,1,123,497221298.0
2023,40,1,1,131,4286072303.0
2023,40,1,1,133,30348117672.0
2023,40,2,1,123,12535884322.0
2023,40,2,1,125,2958918.0
2023,40,2,1,131,8521996663.0
2023,40,2,1,133,23579293861.0
2023,40,2,1,141,866843212.0
2023,40,2,1,144,7626623023.0
2023,40,2,1,145,2274756825.0
2023,40,3,1,123,11940464.0
2023,40,3,1,125,285992606.0
2023,40,3,1,131,290322765.0
2023,40,3,1,133,166544461.0
2023,40,3,1,144,168284456.0
2023,40,3,1,145,345597980.0
2024,11,1,1,123,149028807.0
2024,11,1,1,125,11199067.0
2024,11,1,1,131,567000000.0
2024,11,1,1,133,11607017805.0
2024,11,1,1,137,784443331.0
2024,11,1,1,144,6063113966.0
2024,11,1,1,145,3373288606.0
2024,11,2,1,123,399987596.0
2024,11,2,1,125,36185381.0
2024,11,2,1,131,815400000.0
2024,11,2,1,133,24935940327.0
2024,11,2,1,137,1809894081.0
2024,11,2,1,144,7512718780.0
2024,11,2,1,145,7878917610.0
2024,11,3,1,123,866257802.0
2024,11,3,1,131,1073800000.0
2024,11,3,1,133,13719970055.0
2024,11,3,1,137,1759400805.0
2024,11,3,1,144,13981324133.0
2024,11,3,1,145,15514456627.0
2024,12,1,1,123,689664962.0
2024,12,1,1,125,83198373.0
2024,12,1,1,131,549831024.0
2024,12,1,1,133,3201814418.0
2024,12,1,1,137,290285520.0
2024,12,1,1,144,3296552924.0
2024,12,1,1,145,892431532.0
2024,12,1,2,123,30818947.0
2024,12,1,2,125,24951498.0
2024,12,1,2,131,38100000.0
2024,12,1,2,133,2474999951.0
2024,12,1,2,137,10144422965.0
2024,12,1,2,144,86740030.0
2024,12,1,11,123,157226852.0
2024,12,1,11,125,10384522.0
2024,12,1,11,131,1047394291.0
2024,12,1,11,133,8799765958.0
2024,12,1,11,136,3255600005.0
2024,12,1,11,137,1806905142.0
2024,12,1,11,138,2607886689.0
2024,12,1,11,142,77433333.0
2024,12,1,11,144,360796161.0
2024,12,1,11,145,54900000.0
2024,12,1,12,133,204763041.0
2024,12,1,14,123,120100415.0
2024,12,1,14,131,145600000.0
2024,12,1,14,133,1799926725.0
2024,12,1,14,137,52000000.0
2024,12,1,14,144,1065693567.0
2024,12,1,14,145,1407318543.0
2024,12,1,15,123,66800970.0
2024,12,1,15,125,14771821.0
2024,12,1,15,131,338245133.0
2024,12,1,15,133,2734461628.0
2024,12,1,15,137,82493482.0
2024,12,1,15,144,49140171.0
2024,12,1,15,145,96280373.0
2024,12,1,17,123,35893587.0
2024,12,1,17,125,20539497.0
2024,12,1,17,131,421167673.0
2024,12,1,17,133,963811422.0
2024,12,1,17,137,111952282.0
2024,12,1,17,144,3955309508.0
2024,12,1,17,145,723259957.0
2024,12,1,18,123,362169284.0
2024,12,1,18,125,166505642.0
2024,12,1,18,131,718085960.0
2024,12,1,18,133,3665550105.0
2024,12,1,18,137,98698888.0
2024,12,1,18,141,243308411.0
2024,12,1,18,144,2565589317.0
2024,12,1,18,145,1718681365.0
2024,12,1,20,123,47301913.0
2024,12,1,20,131,210600108.0
2024,12,1,20,133,1816119799.0
2024,12,1,20,144,94616075.0
2024,12,1,20,145,181046634.0
2024,12,1,21,123,267427490.0
2024,12,1,21,125,234668816.0
2024,12,1,21,131,290761500.0
2024,12,1,21,133,3130864152.0
2024,12,1,21,137,339030555.0
2024,12,1,21,141,534583187.0
2024,12,1,21,144,639184487.0
2024,12,1,21,145,493512499.0
2024,12,1,23,123,32509310.0
2024,12,1,23,125,23657122.0
2024,12,1,23,131,347680284.0
2024,12,1,23,133,2190318941.0
2024,12,1,23,137,79634093.0
2024,12,1,23,141,388629077.0
2024,12,1,23,144,369332348.0
2024,12,1,23,145,1359973950.0
2024,12,1,29,131,96493428.0
2024,12,1,29,133,392466303.0
2024,12,1,29,137,15600000.0
2024,12,1,29,144,43236530.0
2024,12,1,29,145,52050373.0
2024,12,1,30,123,310336335.0
2024,12,1,30,133,4931949559.0
2024,12,1,30,137,44000000.0
2024,12,1,30,141,140057961.0
2024,12,1,30,142,2242953095.0
2024,12,1,30,144,1916796954.0
2024,12,1,30,145,257829515.0
2024,12,1,36,123,91853747.0
2024,12,1,36,125,34872747.0
2024,12,1,36,131,332366252.0
2024,12,1,36,133,2349867112.0
2024,12,1,36,144,38098291.0
2024,12,1,36,145,214847587.0
2024,12,1,38,123,18000676.0
2024,12,1,38,125,12372879.0
2024,12,1,38,133,1199370957.0
2024,12,1,38,144,289736718.0
2024,12,1,38,145,2015645255.0
2024,12,1,40,131,12678501.0
2024,12,1,40,133,561059913.0
2024,12,1,40,137,58500000.0
2024,12,1,50,131,28017776.0
2024,12,1,50,133,747829234.0
2024,12,1,51,123,25427516.0
2024,12,1,51,125,21948088.0
2024,12,1,51,131,98033428.0
2024,12,1,51,133,565590034.0
2024,12,1,51,137,65943356.0
2024,12,1,51,144,308590751.0
2024,12,1,51,145,310889691.0
2024,12,1,53,133,357860425.0
2024,12,1,53,144,54353260.0
2024,12,1,53,145,65436800.0
2024,12,1,54,123,125679321.0
2024,12,1,54,131,32000000.0
2024,12,1,54,133,1113929380.0
2024,12,1,54,137,56825436.0
2024,12,1,54,144,39619830.0
2024,12,1,54,145,239208772.0
2024,12,1,56,123,11500338.0
2024,12,1,56,125,8434302.0
2024,12,1,56,131,50927087.0
2024,12,1,56,133,463684620.0
2024,12,1,56,137,13000000.0
2024,12,1,56,141,590167274.0
2024,12,1,56,144,1152588015.0
2024,12,1,56,145,1842609941.0
2024,12,1,57,123,2922000.0
2024,12,1,57,125,1368000.0
2024,12,1,57,133,350484566.0
2024,12,1,57,141,166355557.0
2024,12,1,57,144,108900000.0
2024,12,1,57,145,215439109.0
2024,12,2,1,123,50045491.0
2024,12,2,1,131,168372000.0
2024,12,2,1,133,1424468127.0
2024,12,2,1,137,806993387.0
2024,12,2,1,144,273450000.0
2024,12,2,1,145,79000000.0
2024,12,3,1,123,985744270.0
2024,12,3,1,131,900878465.0
2024,12,3,1,133,4455320046.0
2024,12,3,1,137,1231274474.0
2024,12,3,1,144,251361969.0
2024,12,3,1,145,383229070.0
2024,12,3,2,123,499858283.0
2024,12,3,2,131,1476000000.0
2024,12,3,2,133,31383323314.0
2024,12,3,2,136,215773005244.0
2024,12,3,2,137,11014805044.0
2024,12,3,2,138,333675327765.0
2024,12,3,2,142,5395878274.0
2024,12,3,2,148,363050330.0
2024,12,3,2,162,1697126400.0
2024,12,3,2,163,141427200.0
2024,12,4,1,123,1240083935.0
2024,12,4,1,125,275623357.0
2024,12,4,1,131,1657990000.0
2024,12,4,1,133,15558084293.0
2024,12,4,1,134,962675260.0
2024,12,4,1,137,432429582.0
2024,12,4,1,139,5052500.0
2024,12,4,1,144,1403365211.0
2024,12,4,1,145,1491517903.0
2024,12,4,1,146,33079261418.0
2024,12,4,1,148,295149999.0
2024,12,4,1,161,160906159772.0
2024,12,4,1,162,12855157932.0
2024,12,4,1,163,14132768534.0
2024,12,5,1,125,10150777.0
2024,12,5,1,131,639500000.0
2024,12,5,1,133,62481689633.0
2024,12,5,1,136,118844463076.0
2024,12,5,1,137,32229985782.0
2024,12,5,1,138,156294195700.0
2024,12,5,1,141,85072167.0
2024,12,5,1,142,2674186681.0
2024,12,5,1,144,4145218342.0
2024,12,5,1,145,409440000.0
2024,12,5,1,148,963786504.0
2024,12,5,1,162,12188372880.0
2024,12,5,1,163,1015697740.0
2024,12,6,1,123,16480845561.0
2024,12,6,1,125,8323084406.0
2024,12,6,1,131,5286183930.0
2024,12,6,1,133,32568192709.0
2024,12,6,1,137,1174946561.0
2024,12,6,1,141,88121311.0
2024,12,6,1,144,7479676353.0
2024,12,6,1,145,11899586924.0
2024,12,6,1,147,267408468.0
2024,12,7,1,123,5512559783.0
2024,12,7,1,125,1601094743.0
2024,12,7,1,131,75467074646.0
2024,12,7,1,132,697885754142.0
2024,12,7,1,133,27277305322.0
2024,12,7,1,137,785666661.0
2024,12,7,1,141,518881455.0
2024,12,7,1,144,3803930723.0
2024,12,7,1,145,1715430777.0
2024,12,7,1,148,236035815.0
2024,12,8,1,123,24115354195.0
2024,12,8,1,125,15928481398.0
2024,12,8,1,131,387470736.0
2024,12,8,1,133,171157387092.0
2024,12,8,1,137,2919787626.0
2024,12,8,1,141,385922163.0
2024,12,8,1,142,1702358950580.0
2024,12,8,1,143,16069974909.0
2024,12,8,1,144,308349125306.0
2024,12,8,1,145,16112577979.0
2024,12,8,1,148,425328000.0
2024,12,9,1,123,1692283193.0
2024,12,9,1,125,570451699.0
2024,12,9,1,131,3976385467.0
2024,12,9,1,133,27181592793.0
2024,12,9,1,137,1330775000.0
2024,12,9,1,138,14602957500.0
2024,12,9,1,142,8749006068.0
2024,12,9,1,144,53992595072.0
2024,12,9,1,145,2448472329.0
2024,12,10,1,123,6970739521.0
2024,12,10,1,125,2399781361.0
2024,12,10,1,131,1729505000.0
2024,12,10,1,133,7897619779.0
2024,12,10,1,137,1618001558.0
2024,12,10,1,141,3867002683.0
2024,12,10,1,144,6354552246.0
2024,12,10,1,145,27696631401.0
2024,12,10,1,148,28170000.0
2024,12,11,1,123,1790059165.0
2024,12,11,1,125,1386939414.0
2024,12,11,1,131,1492967761.0
2024,12,11,1,133,5223036726.0
2024,12,11,1,137,409452166.0
2024,12,11,1,144,1427556100.0
2024,12,11,1,145,3706763734.0
2024,12,11,1,161,1669565020.0
2024,12,11,1,162,872912873.0
2024,12,11,1,163,218742576.0
2024,12,13,1,123,8266360793.0
2024,12,13,1,125,704616361.0
2024,12,13,1,131,7315515000.0
2024,12,13,1,133,21704029688.0
2024,12,13,1,137,1191140831.0
2024,12,13,1,141,5470078992.0
2024,12,13,1,144,12366163951.0
2024,12,13,1,145,8991152487.0
2024,12,14,1,123,90758618.0
2024,12,14,1,125,39022175.0
2024,12,14,1,131,114500000.0
2024,12,14,1,133,1845854495.0
2024,12,14,1,137,148079165.0
2024,12,14,1,144,1234646471.0
2024,12,14,1,145,1991702756.0
2024,12,16,1,123,3225147009.0
2024,12,16,1,125,1250478251.0
2024,12,16,1,131,3019843087.0
2024,12,16,1,133,14244467547.0
2024,12,16,1,137,309180962.0
2024,12,16,1,141,747856778.0
2024,12,16,1,144,9780683221.0
2024,12,16,1,145,15475948990.0
2024,12,16,1,148,24186843946.0
2024,12,17,1,123,1613010044.0
2024,12,17,1,125,315036533.0
2024,12,17,1,131,863200000.0
2024,12,17,1,133,4772827500.0
2024,12,17,1,136,487200000.0
2024,12,17,1,137,127077778.0
2024,12,17,1,144,2892071480.0
2024,12,17,1,145,2278200655.0
2024,12,18,1,123,970892138.0
2024,12,18,1,125,56854106.0
2024,12,18,1,131,286800000.0
2024,12,18,1,133,4065960434.0
2024,12,18,1,137,931107170.0
2024,12,18,1,141,3260934134.0
2024,12,18,1,144,24863495508.0
2024,12,18,1,145,13005458749.0
2024,12,19,1,123,3975425326.0
2024,12,19,1,125,3431564406.0
2024,12,19,1,131,1936405948.0
2024,12,19,1,133,7579351690.0
2024,12,19,1,137,843225135.0
2024,12,19,1,144,2562912163.0
2024,12,19,1,145,9037474571.0
2024,12,20,1,123,247260392.0
2024,12,20,1,125,379538444.0
2024,12,20,1,131,618803730.0
2024,12,20,1,133,4278013654.0
2024,12,20,1,137,66382681.0
2024,12,20,1,141,1045608268.0
2024,12,20,1,144,3749089045.0
2024,12,20,1,145,5961836938.0
2024,12,21,1,123,359462879.0
2024,12,21,1,125,252929948.0
2024,12,21,1,131,730277916.0
2024,12,21,1,133,4409263591.0
2024,12,21,1,137,160471610.0
2024,12,21,1,141,39202257.0
2024,12,21,1,144,3476905966.0
2024,12,21,1,145,12964140760.0
2024,13,1,1,123,2826155195.0
2024,13,1,1,131,803795000.0
2024,13,1,1,133,37888487651.0
2024,13,1,1,144,327077428.0
2024,13,1,1,145,865228930.0
2024,13,2,1,123,1099720417.0
2024,13,2,1,131,3209000000.0
2024,13,2,1,133,25181878269.0
2024,13,2,1,137,1026032230.0
2024,13,2,1,142,154733333.0
2024,13,2,1,144,42594535666.0
2024,13,2,1,145,7916751145.0
2024,13,2,1,148,2350001.0
2024,13,3,1,123,745350000.0
2024,13,3,1,131,11867819037.0
2024,13,3,1,133,83160041661.0
2024,13,3,1,137,3086853335.0
2024,13,3,1,141,408358192.0
2024,13,3,1,144,13282782641.0
2024,13,3,1,145,4957103036.0
2024,13,4,1,123,16952972.0
2024,13,4,1,125,5185095.0
2024,13,4,1,131,258825000.0
2024,13,4,1,133,3452605719.0
2024,13,4,1,137,187383998.0
2024,13,4,1,144,1509339319.0
2024,13,4,1,145,1553468300.0
2024,13,4,1,148,851600000.0
2024,13,5,1,131,610940996.0
2024,13,5,1,133,5203890023.0
2024,13,5,1,137,253233333.0
2024,13,5,1,144,1391280762.0
2024,13,5,1,145,1641103326.0
2024,13,6,1,123,373252356.0
2024,13,6,1,125,11250114.0
2024,13,6,1,131,9415000.0
2024,13,6,1,133,3048344118.0
2024,13,6,1,137,494724442.0
2024,13,6,1,144,9990955344.0
2024,13,6,1,145,9209505940.0
2024,13,7,1,133,1983891028.0
2024,13,7,1,137,40071600.0
2024,13,7,1,144,721669760.0
2024,13,7,1,145,219240152.0
2024,14,1,1,123,15210583054.0
2024,14,1,1,125,236848782.0
2024,14,1,1,131,249050000.0
2024,14,1,1,133,18301250713.0
2024,14,1,1,137,161492492.0
2024,14,1,1,144,1538999863.0
2024,14,1,1,145,1702103072.0
2024,15,1,1,131,131978000.0
2024,15,1,1,133,482387332.0
2024,15,1,1,137,26200000.0
2024,15,1,1,144,1611586679.0
2024,15,1,1,145,1742903292.0
2024,15,2,1,131,83607460.0
2024,15,2,1,133,809338315.0
2024,15,2,1,144,43209266.0
2024,15,2,1,145,70341206.0
2024,21,1,1,123,686357915.0
2024,21,1,1,125,216477914.0
2024,21,1,1,131,9631145040.0
2024,21,1,1,133,22472767082.0
2024,21,1,1,142,167847480.0
2024,21,1,1,144,94529494.0
2024,21,1,1,145,1790504651.0
2024,22,1,1,123,113106388.0
2024,22,1,1,131,8225000.0
2024,22,1,1,133,392702667.0
2024,22,1,1,141,16051306.0
2024,22,1,1,144,1389954428.0
2024,22,1,1,145,402868557.0
2024,22,2,1,123,5987520.0
2024,22,2,1,133,232792800.0
2024,22,2,1,144,919110606.0
2024,22,2,1,145,87545460.0
2024,22,3,1,133,864471100.0
2024,22,3,1,142,30800000.0
2024,22,3,1,144,571861408.0
2024,22,3,1,145,357863776.0
2024,22,4,1,133,361946000.0
2024,22,4,1,144,1790344612.0
2024,22,4,1,145,529414857.0
2024,22,5,1,142,72000000.0
2024,22,5,1,144,1442660000.0
2024,22,5,1,145,645800000.0
2024,22,6,1,131,3360000.0
2024,22,6,1,133,497897214.0
2024,22,6,1,144,854254125.0
2024,22,6,1,145,145949999.0
2024,22,7,1,133,821380419.0
2024,22,7,1,142,256739644.0
2024,22,7,1,144,1881402465.0
2024,22,7,1,145,192468633.0
2024,22,8,1,133,577200000.0
2024,22,8,1,144,881511900.0
2024,22,8,1,145,107497104.0
2024,22,9,1,133,347526451.0
2024,22,9,1,144,1737824155.0
2024,22,9,1,145,179400000.0
2024,22,10,1,123,196041000.0
2024,22,10,1,131,10920000.0
2024,22,10,1,133,945203252.0
2024,22,10,1,141,992156585.0
2024,22,10,1,144,3030614957.0
2024,22,10,1,145,1039156665.0
2024,22,11,1,131,514270068.0
2024,22,11,1,133,4059827363.0
2024,22,11,1,137,59160200.0
2024,22,11,1,144,1590184230.0
2024,22,11,1,145,1307623810.0
2024,22,12,1,131,2450000.0
2024,22,12,1,133,416038201.0
2024,22,12,1,144,792141355.0
2024,22,13,1,131,6440000.0
2024,22,13,1,133,200464284.0
2024,22,13,1,141,139584871.0
2024,22,13,1,142,484375000.0
2024,22,13,1,144,1492307992.0
2024,22,13,1,145,676531153.0
2024,22,14,1,144,1274197784.0
2024,22,15,1,133,355892892.0
2024,22,15,1,141,43180003.0
2024,22,15,1,144,2278601063.0
2024,22,15,1,145,536403047.0
2024,22,16,1,133,2055069689.0
2024,22,16,1,141,149566296.0
2024,22,16,1,142,1449154340.0
2024,22,16,1,144,2236682227.0
2024,22,16,1,145,1371784987.0
2024,22,17,1,123,46817529.0
2024,22,17,1,132,22500000.0
2024,22,17,1,133,380280780.0
2024,23,1,1,123,710763070.0
2024,23,1,1,125,180184684.0
2024,23,1,1,131,1261680746.0
2024,23,1,1,133,4165821845.0
2024,23,1,1,144,2002579200.0
2024,23,1,1,145,1236664749.0
2024,23,3,1,123,636853162.0
2024,23,3,1,125,359931284.0
2024,23,3,1,133,5017743512.0
2024,23,3,1,137,119545012.0
2024,23,3,1,141,292802720.0
2024,23,3,1,144,1706050911.0
2024,23,3,1,145,541187404.0
2024,23,4,1,123,577093357.0
2024,23,4,1,125,131557096.0
2024,23,4,1,131,392308348.0
2024,23,4,1,133,1763279103.0
2024,23,4,1,144,940331479.0
2024,23,4,1,145,790200757.0
2024,23,6,1,123,81468380.0
2024,23,6,1,131,216079295.0
2024,23,6,1,133,1784377917.0
2024,23,6,1,137,65788100.0
2024,23,6,1,144,240926400.0
2024,23,6,1,145,435381865.0
2024,23,8,1,123,10136196.0
2024,23,8,1,131,37730752.0
2024,23,8,1,132,1093898.0
2024,23,8,1,133,705312475.0
2024,23,8,1,144,218145469.0
2024,23,8,1,145,65915108.0
2024,23,10,1,122,48000000.0
2024,23,10,1,123,1454857359.0
2024,23,10,1,125,175242835.0
2024,23,10,1,131,1455520904.0
2024,23,10,1,133,5856236500.0
2024,23,10,1,137,135182560.0
2024,23,10,1,141,161925935.0
2024,23,10,1,144,967391856.0
2024,23,10,1,145,861574231.0
2024,23,11,1,133,2390778749.0
2024,23,11,1,137,42134400.0
2024,23,11,1,144,1601691200.0
2024,23,11,1,145,570505781.0
2024,23,13,1,123,250361518.0
2024,23,13,1,131,32000000.0
2024,23,13,1,133,2057444575.0
2024,23,13,1,144,1337957209.0
2024,23,13,1,145,1336061257.0
2024,23,14,1,131,498120518.0
2024,23,14,1,133,2586280457.0
2024,23,14,1,144,933011670.0
2024,23,14,1,145,1812026111.0
2024,23,16,1,123,5251562794.0
2024,23,16,1,125,3722478692.0
2024,23,16,1,131,5974073959.0
2024,23,16,1,133,13019553612.0
2024,23,16,1,137,128940000.0
2024,23,16,1,144,1092234611.0
2024,23,16,1,145,3021167172.0
2024,23,17,1,123,75595021.0
2024,23,17,1,125,93605198.0
2024,23,17,1,131,172000000.0
2024,23,17,1,133,960251451.0
2024,23,17,1,137,3693333.0
2024,23,17,1,144,192673520.0
2024,23,17,1,145,244829252.0
2024,23,18,1,122,1765476734.0
2024,23,18,1,123,3190379231.0
2024,23,18,1,125,1932591951.0
2024,23,18,1,131,903600000.0
2024,23,18,1,133,5297492638.0
2024,23,18,1,137,36393333.0
2024,23,18,1,144,719853552.0
2024,23,18,1,145,2502052667.0
2024,23,19,1,123,1734644837.0
2024,23,19,1,125,1184906421.0
2024,23,19,1,131,662052131.0
2024,23,19,1,133,3862467388.0
2024,23,19,1,137,79453805.0
2024,23,19,1,144,1963620860.0
2024,23,19,1,145,4483881330.0
2024,23,20,1,122,99999981.0
2024,23,20,1,123,46559885.0
2024,23,20,1,125,18466121.0
2024,23,20,1,131,94415000.0
2024,23,20,1,133,2898725399.0
2024,23,20,1,137,114291665.0
2024,23,20,1,141,41244849.0
2024,23,20,1,144,863098535.0
2024,23,20,1,145,475609698.0
2024,23,22,1,122,9000000.0
2024,23,22,1,123,947044377.0
2024,23,22,1,125,476472081.0
2024,23,22,1,131,1242495000.0
2024,23,22,1,133,2118748371.0
2024,23,22,1,137,431375066.0
2024,23,22,1,144,3747564911.0
2024,23,22,1,145,2503259161.0
2024,23,24,1,123,1044478309.0
2024,23,24,1,125,76087184.0
2024,23,24,1,133,2606690689.0
2024,23,24,1,137,33240000.0
2024,23,24,1,141,361078778.0
2024,23,24,1,144,964031102.0
2024,23,24,1,145,138482245.0
2024,23,25,1,123,600258374.0
2024,23,25,1,125,170659574.0
2024,23,25,1,131,515579751.0
2024,23,25,1,133,2462078260.0
2024,23,25,1,137,92573400.0
2024,23,25,1,145,489075787.0
2024,23,26,1,123,31067020.0
2024,23,26,1,131,175081000.0
2024,23,26,1,133,955793175.0
2024,23,27,1,123,53462569.0
2024,23,27,1,131,115050444.0
2024,23,27,1,133,390222192.0
2024,23,27,1,145,305182027.0
2024,23,28,1,123,205965083.0
2024,23,28,1,125,42096619.0
2024,23,28,1,131,109500000.0
2024,23,28,1,133,1129918467.0
2024,23,28,1,144,486211136.0
2024,23,28,1,145,917331430.0
2024,23,29,1,123,124004555.0
2024,23,29,1,125,18918905.0
2024,23,29,1,131,79124610.0
2024,23,29,1,133,539369231.0
2024,23,29,1,145,77619403.0
2024,23,30,1,123,11145689.0
2024,23,30,1,133,1061409867.0
2024,23,30,1,144,59515811.0
2024,23,31,1,133,562320508.0
2024,23,32,1,123,44771778.0
2024,23,32,1,131,102711886.0
2024,23,32,1,133,891802167.0
2024,23,32,1,137,306512028.0
2024,23,32,1,145,240026583.0
2024,23,33,1,131,27952727.0
2024,23,33,1,132,306180013.0
2024,23,33,1,133,737295542.0
2024,23,33,1,148,309090000.0
2024,23,34,1,131,38510000.0
2024,23,34,1,132,741946933.0
2024,23,34,1,133,419937800.0
2024,23,34,1,148,3506989267.0
2024,23,35,1,131,29484103.0
2024,23,35,1,133,278265359.0
2024,23,35,1,142,258466675.0
2024,23,35,1,144,90993035.0
2024,23,35,1,145,240319382.0
2024,23,36,1,123,1139984211.0
2024,23,36,1,125,100986377.0
2024,23,36,1,131,148787880.0
2024,23,36,1,133,1629893454.0
2024,23,36,1,137,441880343.0
2024,23,36,1,141,9885667210.0
2024,23,36,1,144,5147428392.0
2024,23,36,1,145,6184679681.0
2024,23,36,1,148,47790000.0
2024,23,37,1,133,252264417.0
2024,23,38,1,123,1657257698.0
2024,23,38,1,125,1344157754.0
2024,23,38,1,131,706002873.0
2024,23,38,1,133,3941960487.0
2024,23,38,1,137,334727034.0
2024,23,38,1,142,2386632920.0
2024,23,38,1,144,61414187.0
2024,23,38,1,145,302641449.0
2024,23,39,1,122,1072697477.0
2024,23,39,1,123,920484619.0
2024,23,39,1,125,421314912.0
2024,23,39,1,131,963460000.0
2024,23,39,1,133,2824571578.0
2024,23,39,1,137,276580616.0
2024,23,39,1,141,36590127.0
2024,23,39,1,144,8254563360.0
2024,23,39,1,145,3736947961.0
2024,23,40,1,122,13374200155.0
2024,23,40,1,123,25887853481.0
2024,23,40,1,125,2397579940.0
2024,23,40,1,131,8141704484.0
2024,23,40,1,133,42150978578.0
2024,23,40,1,137,4629689873.0
2024,23,40,1,144,5945409951.0
2024,23,40,1,145,7050414335.0
2024,24,1,1,122,55000000.0
2024,24,1,1,123,6363014935.0
2024,24,1,1,125,29506114251.0
2024,24,1,1,131,34513818686.0
2024,24,1,1,133,205857880732.0
2024,24,1,1,137,13945839792.0
2024,24,1,1,142,414722126209.0
2024,24,1,1,143,1463736935.0
2024,24,1,1,144,60341134562.0
2024,24,1,1,145,4069413276.0
2024,24,2,1,123,16150000.0
2024,24,2,1,131,7894200.0
2024,24,3,1,123,19343946.0
2024,24,3,1,125,3469688.0
2024,24,3,1,131,117090730.0
2024,24,3,1,133,405429281.0
2024,24,3,1,144,20809080.0
2024,24,3,1,145,51322951.0
2024,24,4,1,122,14200000.0
2024,24,4,1,123,55893827.0
2024,24,4,1,131,1610109083.0
2024,24,4,1,133,277410621.0
2024,24,4,1,144,688330836.0
2024,24,4,1,145,541057183.0
2024,24,5,1,131,74375000.0
2024,24,5,1,133,2685430821.0
2024,24,5,1,137,25384611.0
2024,24,5,1,142,40880000.0
2024,24,5,1,144,793436965.0
2024,24,5,1,145,331660169.0
2024,25,2,1,122,6354326779.0
2024,25,2,1,123,53951100275.0
2024,25,2,1,125,86626765524.0
2024,25,2,1,131,21548733192.0
2024,25,2,1,133,217232549986.0
2024,25,2,1,137,1157657600.0
2024,25,2,1,141,937262082.0
2024,25,2,1,144,18152835584.0
2024,25,2,1,145,4701273008.0
2024,25,4,1,122,1840539000.0
2024,25,4,1,123,1262836070.0
2024,25,4,1,131,625792903.0
2024,25,4,1,133,10319241873.0
2024,25,4,1,144,3323345452.0
2024,25,4,1,145,38000000.0
2024,25,5,1,122,2738599990.0
2024,25,5,1,131,6500000.0
2024,25,5,1,133,14099913713.0
2024,25,5,1,141,1580564780.0
2024,25,5,1,144,14979577080.0
2024,25,5,1,145,3416254550.0
2024,25,6,1,122,17948252.0
2024,25,6,1,123,942766698.0
2024,25,6,1,125,2305678692.0
2024,25,6,1,131,1316620159.0
2024,25,6,1,133,48473273249.0
2024,25,6,1,142,294950526.0
2024,25,6,1,144,9015504109.0
2024,25,6,1,145,2288275274.0
2024,25,7,1,123,5078082275.0
2024,25,7,1,131,2936883703.0
2024,25,7,1,133,12326998954.0
2024,25,7,1,137,54500000.0
2024,25,7,1,142,187291947.0
2024,25,7,1,144,8813949786.0
2024,25,7,1,145,2084618021.0
2024,27,1,1,122,2726867901.0
2024,27,1,1,123,11024646105.0
2024,27,1,1,125,2943586990.0
2024,27,1,1,131,13330038749.0
2024,27,1,1,133,35145316874.0
2024,27,1,1,141,91304445.0
2024,27,1,1,144,3612013759.0
2024,27,1,1,145,10251033603.0
2024,27,3,1,122,168280373.0
2024,27,3,1,123,846859945.0
2024,27,3,1,125,36894296.0
2024,27,3,1,131,1566215084.0
2024,27,3,1,133,2926775268.0
2024,27,3,1,135,3500262091.0
2024,27,3,1,141,104882076.0
2024,27,3,1,144,17759251.0
2024,27,3,1,145,1996207703.0
2024,27,4,1,123,2304644.0
2024,27,4,1,133,388166842.0
2024,27,4,1,134,408976759.0
2024,27,4,1,137,7650000.0
2024,27,4,1,144,50101359.0
2024,27,5,1,133,175140219.0
2024,27,5,1,144,41753532.0
2024,27,7,1,123,135914752.0
2024,27,7,1,125,49832088.0
2024,27,7,1,131,312230604.0
2024,27,7,1,133,3377033044.0
2024,27,7,1,144,52080164.0
2024,28,1,1,123,2368126835.0
2024,28,1,1,125,593980938.0
2024,28,1,1,131,7075797492.0
2024,28,1,1,133,93901391162.0
2024,28,1,1,137,40040000.0
2024,28,1,1,141,151005164.0
2024,28,1,1,142,23609765668.0
2024,28,1,1,143,10825248.0
2024,28,1,1,144,20579200051.0
2024,28,1,1,145,12560222348.0
2024,28,1,1,148,20686103085.0
2024,28,2,1,123,92439215.0
2024,28,2,1,125,43540580.0
2024,28,2,1,131,554993318.0
2024,28,2,1,133,5269957720.0
2024,28,2,1,144,3563024455.0
2024,28,2,1,145,1720154933.0
2024,28,2,1,148,345662488.0
2024,28,3,1,123,7987019.0
2024,28,3,1,131,5315833.0
2024,28,3,1,132,272472686.0
2024,28,3,1,133,3598843009.0
2024,28,3,1,141,29698529.0
2024,28,3,1,144,1345635489.0
2024,28,3,1,145,50690908.0
2024,28,4,1,123,24234364.0
2024,28,4,1,125,18717051.0
2024,28,4,1,132,867330531.0
2024,28,4,1,133,2308133010.0
2024,28,4,1,143,1895833.0
2024,28,4,1,144,3271617912.0
2024,28,4,1,145,374232116.0
2024,28,4,1,148,362674091.0
2024,28,5,1,131,9450000.0
2024,28,5,1,133,252647685.0
2024,28,5,1,141,103500000.0
2024,28,5,1,144,188413058.0
2024,28,5,1,145,54000000.0
2024,28,5,1,148,120722810.0
2024,28,6,1,133,1511037341.0
2024,28,6,1,144,354549224.0
2024,28,7,1,133,200461600.0
2024,28,7,1,144,30000000.0
2024,28,7,1,145,112800000.0
2024,28,8,1,133,808576728.0
2024,28,8,1,144,214985785.0
2024,28,9,1,131,91132682.0
2024,28,9,1,133,1872404439.0
2024,28,9,1,145,7490000.0
2024,28,10,1,133,1978424079.0
2024,28,10,1,145,95327272.0
2024,28,10,1,148,138736343.0
2024,30,1,2,133,558712000.0
2024,30,1,2,141,43000000.0
2024,30,1,2,144,5445670509.0
2024,30,1,3,144,395280000.0
2024,30,1,4,133,77348292.0
2024,30,1,4,144,1171675000.0
2024,30,1,4,145,101720000.0
2024,30,1,5,123,266400000.0
2024,30,1,5,144,283630000.0
2024,30,1,6,133,40800000.0
2024,30,1,6,144,431877600.0
2024,30,1,237,144,294600000.0
2024,30,1,238,144,442800000.0
2024,30,1,241,133,36000000.0
2024,30,1,241,144,362400000.0
2024,30,1,249,144,224320000.0
2024,30,1,257,123,32000000.0
2024,30,1,257,133,96338337.0
2024,30,1,257,144,256470000.0
2024,30,1,524,144,161400000.0
2024,30,1,524,145,36000000.0
2024,30,2,8,133,229500000.0
2024,30,2,8,144,1969661400.0
2024,30,2,8,145,235000000.0
2024,30,2,10,133,12000000.0
2024,30,2,10,144,482526444.0
2024,30,2,10,145,88800000.0
2024,30,2,11,122,18661452.0
2024,30,2,11,133,71928696.0
2024,30,2,11,144,267840000.0
2024,30,2,12,131,7400000.0
2024,30,2,12,144,301277127.0
2024,30,2,12,145,14014544.0
2024,30,2,13,133,24000000.0
2024,30,2,13,144,602300000.0
2024,30,2,13,145,70500000.0
2024,30,2,13,147,5000000.0
2024,30,2,14,144,103800000.0
2024,30,2,15,144,972300000.0
2024,30,2,16,133,34560000.0
2024,30,2,16,144,629100000.0
2024,30,2,16,145,30000000.0
2024,30,2,17,144,165510000.0
2024,30,2,18,144,295656000.0
2024,30,2,19,144,181600000.0
2024,30,2,20,144,369750000.0
2024,30,2,20,145,15600000.0
2024,30,2,22,144,491900000.0
2024,30,2,23,133,64560000.0
2024,30,2,23,144,309327240.0
2024,30,2,23,145,82036356.0
2024,30,2,24,144,930600000.0
2024,30,2,24,145,60000000.0
2024,30,2,25,144,676200000.0
2024,30,2,25,145,130800000.0
2024,30,2,26,133,11550000.0
2024,30,2,26,144,1159271824.0
2024,30,2,26,145,3500000.0
2024,30,2,239,133,8400000.0
2024,30,2,239,144,461500000.0
2024,30,2,239,145,42000000.0
2024,30,2,260,144,173600000.0
2024,30,3,27,141,2686248690.0
2024,30,3,27,143,31200000.0
2024,30,3,27,144,1925086402.0
2024,30,3,27,145,52527276.0
2024,30,3,28,144,1123775000.0
2024,30,3,28,145,26400000.0
2024,30,3,29,144,641520000.0
2024,30,3,29,145,45000000.0
2024,30,3,30,133,24000000.0
2024,30,3,30,144,785257197.0
2024,30,3,30,145,120168224.0
2024,30,3,31,144,183110000.0
2024,30,3,31,145,181350000.0
2024,30,3,31,148,89600000.0
2024,30,3,32,144,974430000.0
2024,30,3,32,145,65000000.0
2024,30,3,33,135,0.0
2024,30,3,33,144,1060703918.0
2024,30,3,33,145,148740634.0
2024,30,3,34,133,8400000.0
2024,30,3,34,144,343725000.0
2024,30,3,34,145,30905457.0
2024,30,3,35,133,46500000.0
2024,30,3,35,141,90555417.0
2024,30,3,35,143,14300000.0
2024,30,3,35,144,523067501.0
2024,30,3,35,145,104000000.0
2024,30,3,36,144,0.0
2024,30,3,37,144,514066665.0
2024,30,3,37,145,76200000.0
2024,30,3,38,144,166380000.0
2024,30,3,39,144,438978301.0
2024,30,3,39,145,162783333.0
2024,30,3,42,133,159106386.0
2024,30,3,42,142,947700000.0
2024,30,3,42,144,4775983047.0
2024,30,3,42,145,1023358462.0
2024,30,3,43,144,275950000.0
2024,30,3,44,133,18600000.0
2024,30,3,44,144,1092140000.0
2024,30,3,44,145,387625000.0
2024,30,3,45,133,34110000.0
2024,30,3,45,144,115700000.0
2024,30,3,46,144,126680000.0
2024,30,3,46,145,8000000.0
2024,30,4,47,133,672500000.0
2024,30,4,47,142,385579396.0
2024,30,4,47,144,3394707265.0
2024,30,4,47,145,274372262.0
2024,30,4,48,144,166800000.0
2024,30,4,49,144,261500000.0
2024,30,4,50,133,12713667.0
2024,30,4,50,144,392950000.0
2024,30,4,50,145,87200000.0
2024,30,4,51,144,375320101.0
2024,30,4,53,144,837863000.0
2024,30,4,53,145,20000000.0
2024,30,4,54,144,413478000.0
2024,30,4,54,145,31800000.0
2024,30,4,55,144,441980000.0
2024,30,4,56,144,286100000.0
2024,30,4,57,144,265800000.0
2024,30,4,58,144,232000000.0
2024,30,4,59,144,215550000.0
2024,30,4,60,144,259800000.0
2024,30,4,61,133,21064000.0
2024,30,4,61,144,338629509.0
2024,30,4,61,145,23214543.0
2024,30,4,62,144,207893333.0
2024,30,4,62,145,10800000.0
2024,30,4,63,144,527365935.0
2024,30,4,63,145,18150000.0
2024,30,4,234,144,427951000.0
2024,30,4,234,145,84000000.0
2024,30,5,64,144,4161023400.0
2024,30,5,64,145,106100000.0
2024,30,5,65,123,140014848.0
2024,30,5,65,133,178350000.0
2024,30,5,65,135,2000000.0
2024,30,5,65,141,165000000.0
2024,30,5,65,144,2748840000.0
2024,30,5,65,145,111500000.0
2024,30,5,66,144,320400000.0
2024,30,5,67,133,49100000.0
2024,30,5,67,144,363064501.0
2024,30,5,67,145,93990909.0
2024,30,5,68,133,34800000.0
2024,30,5,68,144,242500000.0
2024,30,5,69,144,454100000.0
2024,30,5,69,145,197950000.0
2024,30,5,70,123,1400000.0
2024,30,5,70,133,38400000.0
2024,30,5,70,135,2500000.0
2024,30,5,70,144,769592194.0
2024,30,5,70,145,83520147.0
2024,30,5,71,144,229200000.0
2024,30,5,72,144,354600000.0
2024,30,5,73,133,70200000.0
2024,30,5,73,144,682089902.0
2024,30,5,74,135,0.0
2024,30,5,74,144,0.0
2024,30,5,74,145,0.0
2024,30,5,75,144,1622400000.0
2024,30,5,76,123,0.0
2024,30,5,76,144,408600000.0
2024,30,5,76,145,216000000.0
2024,30,5,77,133,42500000.0
2024,30,5,77,144,375282337.0
2024,30,5,77,145,268368008.0
2024,30,5,78,133,43800000.0
2024,30,5,78,134,22078335.0
2024,30,5,78,142,8000000.0
2024,30,5,78,144,576750000.0
2024,30,5,78,145,43500000.0
2024,30,5,79,133,9600000.0
2024,30,5,79,141,12000000.0
2024,30,5,79,144,371589826.0
2024,30,5,79,145,69000000.0
2024,30,5,81,144,277200000.0
2024,30,5,82,133,21520000.0
2024,30,5,82,144,372850000.0
2024,30,5,82,145,39000000.0
2024,30,5,83,133,3000000.0
2024,30,5,83,144,146900000.0
2024,30,5,233,144,307700000.0
2024,30,5,243,133,20000000.0
2024,30,5,243,144,384500000.0
2024,30,5,243,145,161900000.0
2024,30,6,84,133,44400000.0
2024,30,6,84,144,1246900000.0
2024,30,6,84,145,90000000.0
2024,30,6,85,144,932392167.0
2024,30,6,86,133,0.0
2024,30,6,86,144,0.0
2024,30,6,87,144,300000000.0
2024,30,6,88,144,315700000.0
2024,30,6,88,145,14400000.0
2024,30,6,89,144,280000000.0
2024,30,6,89,145,22000000.0
2024,30,6,90,144,753400000.0
2024,30,6,91,144,394000000.0
2024,30,6,91,145,10500000.0
2024,30,6,92,144,467160000.0
2024,30,6,92,145,168000000.0
2024,30,6,93,123,0.0
2024,30,6,93,133,33000000.0
2024,30,6,93,144,804227500.0
2024,30,6,93,145,108000000.0
2024,30,6,245,144,283800000.0
2024,30,7,94,123,166587119.0
2024,30,7,94,131,16780785.0
2024,30,7,94,133,429150000.0
2024,30,7,94,135,38133324.0
2024,30,7,94,137,6000000.0
2024,30,7,94,141,2317435901.0
2024,30,7,94,142,1881152357.0
2024,30,7,94,144,21757545841.0
2024,30,7,94,145,2159411924.0
2024,30,7,95,123,75214356.0
2024,30,7,95,133,1500000.0
2024,30,7,95,144,1338206017.0
2024,30,7,95,145,164360832.0
2024,30,7,96,123,205833.0
2024,30,7,96,131,770000.0
2024,30,7,96,133,30816654.0
2024,30,7,96,137,16281963.0
2024,30,7,96,141,9956671.0
2024,30,7,96,142,57830833.0
2024,30,7,96,144,4649448131.0
2024,30,7,96,145,565359887.0
2024,30,7,96,147,17150000.0
2024,30,7,97,133,60984000.0
2024,30,7,97,142,5700000.0
2024,30,7,97,144,767230000.0
2024,30,7,97,145,238000000.0
2024,30,7,98,133,273037258.0
2024,30,7,98,141,185264000.0
2024,30,7,98,144,1188396792.0
2024,30,7,98,145,105733333.0
2024,30,7,99,142,22500000.0
2024,30,7,99,144,661250000.0
2024,30,7,99,145,180800000.0
2024,30,7,100,133,30800000.0
2024,30,7,100,144,1256992000.0
2024,30,7,100,145,6600000.0
2024,30,7,101,131,25584000.0
2024,30,7,101,133,14100000.0
2024,30,7,101,137,30900000.0
2024,30,7,101,144,1394895000.0
2024,30,7,101,145,78900000.0
2024,30,7,102,142,209900000.0
2024,30,7,102,144,1178700000.0
2024,30,7,103,131,2700000.0
2024,30,7,103,133,44580000.0
2024,30,7,103,141,150800000.0
2024,30,7,103,144,1072100000.0
2024,30,7,103,145,75900000.0
2024,30,7,104,133,319150000.0
2024,30,7,104,143,69539702.0
2024,30,7,104,144,1023008875.0
2024,30,7,104,145,178298168.0
2024,30,7,105,144,695700000.0
2024,30,7,105,145,26100000.0
2024,30,7,106,144,308400000.0
2024,30,7,106,145,92500000.0
2024,30,7,107,123,63393959.0
2024,30,7,107,133,150680812.0
2024,30,7,107,141,74100000.0
2024,30,7,107,143,10400000.0
2024,30,7,107,144,2191930890.0
2024,30,7,107,145,171500000.0
2024,30,7,108,144,415400000.0
2024,30,7,108,145,36900000.0
2024,30,7,109,123,0.0
2024,30,7,109,133,2000000.0
2024,30,7,109,144,434897222.0
2024,30,7,109,145,173200000.0
2024,30,7,110,133,50055007.0
2024,30,7,110,141,52000000.0
2024,30,7,110,144,2079309996.0
2024,30,7,110,145,265200000.0
2024,30,7,111,142,43772734.0
2024,30,7,111,144,713979274.0
2024,30,7,111,145,185304543.0
2024,30,7,112,142,50400000.0
2024,30,7,112,144,851430000.0
2024,30,7,113,133,24000000.0
2024,30,7,113,144,1385400000.0
2024,30,7,113,145,25200000.0
2024,30,7,114,133,40268000.0
2024,30,7,114,135,5600000.0
2024,30,7,114,141,53600000.0
2024,30,7,114,142,242100000.0
2024,30,7,114,143,48500000.0
2024,30,7,114,144,1436502167.0
2024,30,7,114,145,490100000.0
2024,30,7,115,123,34246029.0
2024,30,7,115,133,43583333.0
2024,30,7,115,142,21666667.0
2024,30,7,115,144,482369920.0
2024,30,7,115,145,151975000.0
2024,30,7,116,123,16133000.0
2024,30,7,116,133,21825000.0
2024,30,7,116,135,9300000.0
2024,30,7,116,141,56160910.0
2024,30,7,116,142,49470909.0
2024,30,7,116,144,924171199.0
2024,30,7,116,145,122660903.0
2024,30,7,117,135,51542000.0
2024,30,7,117,141,123000000.0
2024,30,7,117,142,48000000.0
2024,30,7,117,144,2063141952.0
2024,30,7,117,145,422471888.0
2024,30,7,118,133,33600000.0
2024,30,7,118,143,48000000.0
2024,30,7,118,144,571600000.0
2024,30,7,118,145,36000000.0
2024,30,7,119,123,3371968.0
2024,30,7,119,133,27000000.0
2024,30,7,119,144,484423643.0
2024,30,7,119,145,61130908.0
2024,30,7,120,144,746300000.0
2024,30,7,120,145,12000000.0
2024,30,7,121,133,53961515.0
2024,30,7,121,144,2429074686.0
2024,30,7,121,145,344658471.0
2024,30,7,122,123,4825630.0
2024,30,7,122,125,2988000.0
2024,30,7,122,133,4000000.0
2024,30,7,122,141,91699938.0
2024,30,7,122,142,57457184.0
2024,30,7,122,144,1055421951.0
2024,30,7,122,145,325273275.0
2024,30,7,123,133,4800000.0
2024,30,7,123,144,565420000.0
2024,30,7,123,145,28500000.0
2024,30,8,124,144,754510000.0
2024,30,8,125,125,49758412.0
2024,30,8,125,133,234280082.0
2024,30,8,125,134,60134000.0
2024,30,8,125,137,30000000.0
2024,30,8,125,141,120186949.0
2024,30,8,125,144,2012512820.0
2024,30,8,125,145,380299659.0
2024,30,8,125,147,24750000.0
2024,30,8,126,133,115050000.0
2024,30,8,126,134,114802600.0
2024,30,8,126,141,116434387.0
2024,30,8,126,144,3344370746.0
2024,30,8,126,145,490504508.0
2024,30,8,126,147,8375000.0
2024,30,8,127,133,9600000.0
2024,30,8,127,144,408071600.0
2024,30,8,127,145,63768000.0
2024,30,8,129,144,0.0
2024,30,8,129,145,0.0
2024,30,8,130,144,1571938418.0
2024,30,8,130,145,214669444.0
2024,30,8,131,133,27950000.0
2024,30,8,131,135,15754100.0
2024,30,8,131,144,642087501.0
2024,30,8,131,145,56850000.0
2024,30,8,132,141,129600000.0
2024,30,8,132,144,745100000.0
2024,30,8,132,145,70500000.0
2024,30,8,133,144,225500000.0
2024,30,9,134,144,1697481969.0
2024,30,9,134,145,171582720.0
2024,30,9,134,148,60044286.0
2024,30,9,135,133,93960000.0
2024,30,9,135,144,465740000.0
2024,30,9,135,145,60000000.0
2024,30,9,136,133,85007000.0
2024,30,9,137,144,437139307.0
2024,30,9,137,145,99422724.0
2024,30,9,138,141,1320496000.0
2024,30,9,138,144,16830000.0
2024,30,9,139,144,264562420.0
2024,30,9,140,133,47800000.0
2024,30,9,140,144,607120000.0
2024,30,9,140,145,85600000.0
2024,30,9,141,144,361100000.0
2024,30,9,141,145,94500000.0
2024,30,9,142,141,6400000.0
2024,30,9,142,144,580161024.0
2024,30,9,142,145,354252880.0
2024,30,9,143,133,12000000.0
2024,30,9,143,144,1093184294.0
2024,30,9,143,145,130560235.0
2024,30,9,144,133,10200000.0
2024,30,9,144,144,230384000.0
2024,30,9,145,133,59400000.0
2024,30,9,145,144,229800000.0
2024,30,9,146,133,24000000.0
2024,30,9,146,144,229800000.0
2024,30,9,146,145,20800000.0
2024,30,9,147,144,338480000.0
2024,30,9,148,133,66400000.0
2024,30,9,148,144,1241251362.0
2024,30,9,149,133,10572855.0
2024,30,9,149,144,615650000.0
2024,30,9,150,133,56400000.0
2024,30,9,150,144,339750000.0
2024,30,9,150,145,134400000.0
2024,30,10,151,123,177305729.0
2024,30,10,151,133,3449283331.0
2024,30,10,151,142,3871133265.0
2024,30,10,151,144,62725251487.0
2024,30,10,151,145,3065680000.0
2024,30,10,152,123,8050000.0
2024,30,10,152,133,184400000.0
2024,30,10,152,141,32400000.0
2024,30,10,152,144,6461600000.0
2024,30,10,152,145,203800000.0
2024,30,10,153,144,662000000.0
2024,30,10,154,133,36000000.0
2024,30,10,154,141,3500000.0
2024,30,10,154,144,966999999.0
2024,30,10,154,145,253000000.0
2024,30,10,154,147,20000000.0
2024,30,10,155,133,606080953.0
2024,30,10,155,142,412700000.0
2024,30,10,155,144,7370068804.0
2024,30,10,155,145,948806003.0
2024,30,10,156,144,582238330.0
2024,30,10,156,145,226250000.0
2024,30,10,157,133,66000000.0
2024,30,10,157,144,1202527654.0
2024,30,10,157,145,481650000.0
2024,30,10,158,133,79200000.0
2024,30,10,158,142,6000000.0
2024,30,10,158,144,627200000.0
2024,30,10,158,145,33000000.0
2024,30,10,159,122,6000000.0
2024,30,10,159,133,30000000.0
2024,30,10,159,144,498214068.0
2024,30,10,159,145,135003684.0
2024,30,10,160,133,63100000.0
2024,30,10,160,144,604914165.0
2024,30,10,160,145,71500000.0
2024,30,10,161,133,118800000.0
2024,30,10,161,144,1177667276.0
2024,30,10,161,145,42000000.0
2024,30,10,162,133,591000000.0
2024,30,10,162,144,4119836171.0
2024,30,10,163,133,72800000.0
2024,30,10,163,144,1376070000.0
2024,30,10,163,145,130000000.0
2024,30,10,164,123,13431523.0
2024,30,10,164,133,53097302.0
2024,30,10,164,141,452872076.0
2024,30,10,164,144,821274358.0
2024,30,10,164,145,387636364.0
2024,30,10,165,133,26600000.0
2024,30,10,165,142,3500000.0
2024,30,10,165,144,2104969349.0
2024,30,10,165,145,43000000.0
2024,30,10,165,147,10500000.0
2024,30,10,166,133,365075400.0
2024,30,10,166,142,125000000.0
2024,30,10,166,144,1005449435.0
2024,30,10,166,145,180000000.0
2024,30,10,166,147,9000000.0
2024,30,10,167,133,18000000.0
2024,30,10,167,142,35018184.0
2024,30,10,167,144,1193080203.0
2024,30,10,167,145,314579982.0
2024,30,10,168,133,99843855.0
2024,30,10,168,141,95318182.0
2024,30,10,168,142,85845455.0
2024,30,10,168,144,1000710560.0
2024,30,10,168,145,377236803.0
2024,30,10,169,133,26000000.0
2024,30,10,169,142,380948556.0
2024,30,10,169,144,1488253103.0
2024,30,10,169,145,148800000.0
2024,30,10,170,123,12810000.0
2024,30,10,170,133,11500000.0
2024,30,10,170,142,61281813.0
2024,30,10,170,144,519136317.0
2024,30,10,170,145,312537272.0
2024,30,10,240,123,11700000.0
2024,30,10,240,133,20400000.0
2024,30,10,240,142,12000000.0
2024,30,10,240,144,565208334.0
2024,30,10,240,145,189600000.0
2024,30,10,246,144,189240000.0
2024,30,10,246,145,36000000.0
2024,30,11,171,133,50499000.0
2024,30,11,171,141,2624419880.0
2024,30,11,171,144,572012202.0
2024,30,11,171,145,145650000.0
2024,30,11,172,133,852229152.0
2024,30,11,172,135,753140132.0
2024,30,11,172,137,63428333.0
2024,30,11,172,142,548040055.0
2024,30,11,172,143,167177838.0
2024,30,11,172,144,18103030976.0
2024,30,11,172,145,584553902.0
2024,30,11,173,131,824586144.0
2024,30,11,173,133,1577312737.0
2024,30,11,173,141,876883747.0
2024,30,11,173,144,14933131863.0
2024,30,11,173,145,14000000.0
2024,30,11,174,123,4601934.0
2024,30,11,174,133,80500006.0
2024,30,11,174,141,285515631.0
2024,30,11,174,144,2389378484.0
2024,30,11,174,145,558453378.0
2024,30,11,175,133,2400000.0
2024,30,11,175,144,3250580755.0
2024,30,11,175,145,255606667.0
2024,30,11,176,133,523646667.0
2024,30,11,176,141,13958333.0
2024,30,11,176,144,4976614093.0
2024,30,11,176,145,1231476813.0
2024,30,11,176,147,64003500.0
2024,30,11,177,123,6090326.0
2024,30,11,177,133,1728305103.0
2024,30,11,177,141,7974383894.0
2024,30,11,177,144,4497903874.0
2024,30,11,177,145,234300000.0
2024,30,11,178,144,3023450000.0
2024,30,11,179,123,205138908.0
2024,30,11,179,131,203349459.0
2024,30,11,179,133,1745732033.0
2024,30,11,179,141,244378333.0
2024,30,11,179,144,16306864844.0
2024,30,11,179,145,2475133207.0
2024,30,11,180,123,328000000.0
2024,30,11,180,125,163550000.0
2024,30,11,180,133,441496000.0
2024,30,11,180,141,5657584208.0
2024,30,11,180,144,503916344.0
2024,30,11,180,145,1203016812.0
2024,30,11,181,123,7528635.0
2024,30,11,181,133,6706500.0
2024,30,11,181,135,44889510.0
2024,30,11,181,141,111500000.0
2024,30,11,181,144,749329557.0
2024,30,11,181,145,229700000.0
2024,30,11,182,133,204553846.0
2024,30,11,182,141,198811538.0
2024,30,11,182,142,385573076.0
2024,30,11,182,144,3887065363.0
2024,30,11,182,145,1935461522.0
2024,30,11,183,133,144000000.0
2024,30,11,183,144,4493798476.0
2024,30,11,183,145,865918709.0
2024,30,11,184,123,635540725.0
2024,30,11,184,133,2067784349.0
2024,30,11,184,141,228974239.0
2024,30,11,184,142,359764636.0
2024,30,11,184,144,16954165307.0
2024,30,11,184,145,4073487334.0
2024,30,11,185,123,8699849.0
2024,30,11,185,133,621969594.0
2024,30,11,185,137,3475770.0
2024,30,11,185,142,63200958.0
2024,30,11,185,143,128460000.0
2024,30,11,185,144,6000263372.0
2024,30,11,186,144,3698303879.0
2024,30,11,186,145,311900000.0
2024,30,11,187,133,191800000.0
2024,30,11,187,144,1898472600.0
2024,30,11,187,145,327385065.0
2024,30,11,188,123,6000000.0
2024,30,11,188,133,28160000.0
2024,30,11,188,144,2658220481.0
2024,30,11,188,145,381889484.0
2024,30,11,189,144,1773470000.0
2024,30,11,189,145,96000000.0
2024,30,12,190,131,99652000.0
2024,30,12,190,133,254154800.0
2024,30,12,190,141,21600000.0
2024,30,12,190,144,1265642032.0
2024,30,12,190,145,219862500.0
2024,30,12,191,144,265060000.0
2024,30,12,191,145,0.0
2024,30,12,192,144,983193000.0
2024,30,12,193,133,5400000.0
2024,30,12,193,144,81600000.0
2024,30,12,194,144,261900000.0
2024,30,12,195,133,9000000.0
2024,30,12,195,144,327000000.0
2024,30,12,195,145,9000000.0
2024,30,12,196,144,727960000.0
2024,30,12,197,125,12000000.0
2024,30,12,197,144,221100000.0
2024,30,12,198,144,299100000.0
2024,30,12,199,144,141000000.0
2024,30,12,200,144,552800000.0
2024,30,12,201,144,275400000.0
2024,30,12,202,144,271500000.0
2024,30,12,202,145,3000000.0
2024,30,12,203,144,0.0
2024,30,12,204,133,4200000.0
2024,30,12,204,144,511781137.0
2024,30,12,205,144,289220000.0
2024,30,13,206,144,11452072129.0
2024,30,13,206,145,984624962.0
2024,30,13,207,144,296510000.0
2024,30,13,208,133,60000000.0
2024,30,13,208,144,663618588.0
2024,30,13,208,145,246000000.0
2024,30,13,242,144,561900000.0
2024,30,13,242,145,60000000.0
2024,30,13,250,133,12000000.0
2024,30,13,250,144,380680000.0
2024,30,13,259,133,1000000.0
2024,30,13,259,144,401263751.0
2024,30,14,209,133,31127280.0
2024,30,14,209,144,6271243057.0
2024,30,14,209,145,433895893.0
2024,30,14,210,144,723100000.0
2024,30,14,211,123,23400000.0
2024,30,14,211,144,1342000165.0
2024,30,14,211,145,89700000.0
2024,30,14,212,144,482700000.0
2024,30,14,213,144,337336362.0
2024,30,14,213,145,51300000.0
2024,30,14,214,133,12000000.0
2024,30,14,214,144,141800000.0
2024,30,14,215,144,411000000.0
2024,30,14,216,134,0.0
2024,30,14,216,144,701741452.0
2024,30,14,217,123,7285000.0
2024,30,14,217,133,94092000.0
2024,30,14,217,134,618546.0
2024,30,14,217,135,6853430.0
2024,30,14,217,141,31365000.0
2024,30,14,217,144,2729203596.0
2024,30,14,218,133,62800000.0
2024,30,14,218,135,14396250.0
2024,30,14,218,141,25000000.0
2024,30,14,218,144,1008039750.0
2024,30,14,218,145,208200000.0
2024,30,14,219,133,296069138.0
2024,30,14,219,141,310586113.0
2024,30,14,219,144,1668887712.0
2024,30,14,219,145,596664750.0
2024,30,14,244,144,150085000.0
2024,30,14,244,145,61800000.0
2024,30,14,247,134,0.0
2024,30,14,247,144,423400000.0
2024,30,14,251,133,9100000.0
2024,30,14,251,144,463000000.0
2024,30,14,251,145,222150000.0
2024,30,14,255,133,56800000.0
2024,30,14,255,144,360559420.0
2024,30,14,256,144,296487552.0
2024,30,14,256,145,42000000.0
2024,30,15,220,133,512957480.0
2024,30,15,220,144,2146338430.0
2024,30,15,220,145,335400000.0
2024,30,15,221,131,840000.0
2024,30,15,221,133,24000000.0
2024,30,15,221,144,1315639976.0
2024,30,15,222,131,103111665.0
2024,30,15,222,133,954762872.0
2024,30,15,222,144,5578536612.0
2024,30,15,222,145,105000000.0
2024,30,15,223,144,813900000.0
2024,30,15,224,133,51000000.0
2024,30,15,224,144,1097888712.0
2024,30,15,224,145,113400000.0
2024,30,15,229,144,599315880.0
2024,30,15,229,145,349350000.0
2024,30,15,232,142,4500000.0
2024,30,15,232,144,637740000.0
2024,30,15,233,133,109032334.0
2024,30,15,233,144,797979667.0
2024,30,15,233,145,194000000.0
2024,30,15,258,141,2800000.0
2024,30,15,258,144,367524916.0
2024,30,15,258,145,3500000.0
2024,30,15,262,133,121520000.0
2024,30,15,262,144,706672280.0
2024,30,15,262,145,129200000.0
2024,30,16,228,133,443280373.0
2024,30,16,228,144,3647923673.0
2024,30,16,228,145,987151867.0
2024,30,16,230,133,573702498.0
2024,30,16,230,141,582593054.0
2024,30,16,230,144,5264299413.0
2024,30,16,230,145,1579070833.0
2024,30,16,231,132,2160000.0
2024,30,16,231,133,22750000.0
2024,30,16,231,144,4433505755.0
2024,30,16,231,145,498177880.0
2024,30,16,261,133,105855270.0
2024,30,16,261,141,152072718.0
2024,30,16,261,142,85654552.0
2024,30,16,261,144,1628928221.0
2024,30,16,261,145,1083951720.0
2024,30,17,225,133,34980000.0
2024,30,17,225,144,566161828.0
2024,30,17,226,144,538905972.0
2024,30,17,227,144,93163632.0
2024,30,17,235,141,14800000.0
2024,30,17,235,144,80600000.0
2024,30,17,235,145,70000000.0
2024,40,1,1,123,55839694.0
2024,40,1,1,131,4000239076.0
2024,40,1,1,133,26623927066.0
2024,40,2,1,123,14091742663.0
2024,40,2,1,131,9499514000.0
2024,40,2,1,133,29386563120.0
2024,40,2,1,141,142300000.0
2024,40,2,1,144,6730173136.0
2024,40,2,1,145,2509778988.0
2024,40,3,1,123,151444098.0
2024,40,3,1,125,254500499.0
2024,40,3,1,131,180913894.0
2024,40,3,1,133,338673061.0
2024,40,3,1,144,589269553.0
2024,40,3,1,145,863765578.0
2025,11,1,1,123,635674278.0
2025,11,1,1,125,3187620.0
2025,11,1,1,131,887500000.0
2025,11,1,1,133,15159355162.0
2025,11,1,1,137,926941935.0
2025,11,1,1,144,5484185173.0
2025,11,1,1,145,4567765054.0
2025,11,2,1,123,1307846951.0
2025,11,2,1,125,6910938.0
2025,11,2,1,131,1272500000.0
2025,11,2,1,133,36211215732.0
2025,11,2,1,137,2083638709.0
2025,11,2,1,144,7941252637.0
2025,11,2,1,145,10349541344.0
2025,11,3,1,123,856849400.0
2025,11,3,1,131,1047381406.0
2025,11,3,1,133,13382040000.0
2025,11,3,1,137,1853800000.0
2025,11,3,1,142,108000000.0
2025,11,3,1,144,12859014930.0
2025,11,3,1,145,16271790000.0
2025,12,1,1,123,672672876.0
2025,12,1,1,125,35012518.0
2025,12,1,1,131,497268383.0
2025,12,1,1,133,4328446249.0
2025,12,1,1,137,195000000.0
2025,12,1,1,144,3241986583.0
2025,12,1,1,145,1329243254.0
2025,12,1,2,123,25192512.0
2025,12,1,2,125,23592960.0
2025,12,1,2,131,36100000.0
2025,12,1,2,133,2163506200.0
2025,12,1,2,137,9338011500.0
2025,12,1,2,144,85827484.0
2025,12,1,11,123,49103375.0
2025,12,1,11,125,12818332.0
2025,12,1,11,131,922620000.0
2025,12,1,11,133,7008689506.0
2025,12,1,11,136,4507300000.0
2025,12,1,11,137,1569763294.0
2025,12,1,11,138,2659626672.0
2025,12,1,11,142,77100000.0
2025,12,1,11,144,346108772.0
2025,12,1,11,145,50700000.0
2025,12,1,12,133,391467584.0
2025,12,1,14,123,118250733.0
2025,12,1,14,131,135200000.0
2025,12,1,14,133,1851523562.0
2025,12,1,14,137,48000000.0
2025,12,1,14,144,951536975.0
2025,12,1,14,145,1159684557.0
2025,12,1,15,123,59608227.0
2025,12,1,15,125,8924613.0
2025,12,1,15,131,346700462.0
2025,12,1,15,133,2930730645.0
2025,12,1,15,137,64161290.0
2025,12,1,15,144,72159416.0
2025,12,1,15,145,89198309.0
2025,12,1,17,123,46896990.0
2025,12,1,17,125,15704439.0
2025,12,1,17,131,438260428.0
2025,12,1,17,133,1113508300.0
2025,12,1,17,137,98808292.0
2025,12,1,17,144,3155736229.0
2025,12,1,17,145,538204192.0
2025,12,1,18,123,165901881.0
2025,12,1,18,125,96451142.0
2025,12,1,18,131,775400000.0
2025,12,1,18,133,3552092087.0
2025,12,1,18,137,63300000.0
2025,12,1,18,141,208018500.0
2025,12,1,18,144,2124860853.0
2025,12,1,18,145,2071721740.0
2025,12,1,20,123,14811939.0
2025,12,1,20,131,237898540.0
2025,12,1,20,133,1960436584.0
2025,12,1,20,137,47095543.0
2025,12,1,20,144,59374729.0
2025,12,1,20,145,269947576.0
2025,12,1,21,123,240044199.0
2025,12,1,21,125,200740102.0
2025,12,1,21,131,296653500.0
2025,12,1,21,133,2969224333.0
2025,12,1,21,137,297476190.0
2025,12,1,21,141,457459741.0
2025,12,1,21,144,558190324.0
2025,12,1,21,145,301676800.0
2025,12,1,23,123,86912261.0
2025,12,1,23,125,73425450.0
2025,12,1,23,131,357198771.0
2025,12,1,23,133,2356566080.0
2025,12,1,23,137,50621409.0
2025,12,1,23,141,352220682.0
2025,12,1,23,144,291555471.0
2025,12,1,23,145,1257415144.0
2025,12,1,29,131,159620520.0
2025,12,1,29,133,823481873.0
2025,12,1,29,137,22665000.0
2025,12,1,29,144,46451921.0
2025,12,1,29,145,54278309.0
2025,12,1,30,123,14547529.0
2025,12,1,30,133,4738850219.0
2025,12,1,30,137,36000000.0
2025,12,1,30,141,33600000.0
2025,12,1,30,142,1824315912.0
2025,12,1,30,144,1363415236.0
2025,12,1,30,145,87579708.0
2025,12,1,36,123,115307598.0
2025,12,1,36,125,44925362.0
2025,12,1,36,131,327402153.0
2025,12,1,36,133,2383325260.0
2025,12,1,36,144,37091586.0
2025,12,1,36,145,346732870.0
2025,12,1,38,123,4465890.0
2025,12,1,38,125,4256395.0
2025,12,1,38,133,1335387936.0
2025,12,1,38,144,274177713.0
2025,12,1,38,145,1934618124.0
2025,12,1,40,131,14223600.0
2025,12,1,40,133,491201276.0
2025,12,1,40,137,53844000.0
2025,12,1,40,144,33579708.0
2025,12,1,50,131,28932428.0
2025,12,1,50,133,720936753.0
2025,12,1,51,123,67657988.0
2025,12,1,51,125,50052175.0
2025,12,1,51,131,108015742.0
2025,12,1,51,133,558500952.0
2025,12,1,51,137,43657820.0
2025,12,1,51,144,409929466.0
2025,12,1,51,145,202043875.0
2025,12,1,54,123,150407112.0
2025,12,1,54,131,155852652.0
2025,12,1,54,133,1230308368.0
2025,12,1,54,137,87500052.0
2025,12,1,54,144,36378017.0
2025,12,1,54,145,194177313.0
2025,12,1,56,123,68819417.0
2025,12,1,56,125,60143324.0
2025,12,1,56,131,151108686.0
2025,12,1,56,133,683994372.0
2025,12,1,56,137,16800000.0
2025,12,1,56,141,322887289.0
2025,12,1,56,144,906179928.0
2025,12,1,56,145,721151860.0
2025,12,1,57,123,1766143.0
2025,12,1,57,125,488721.0
2025,12,1,57,133,548167490.0
2025,12,1,57,137,16454059.0
2025,12,1,57,141,594000000.0
2025,12,1,57,144,409600000.0
2025,12,1,57,145,805920000.0
2025,12,2,1,131,174800000.0
2025,12,2,1,133,1338004154.0
2025,12,2,1,137,707900000.0
2025,12,2,1,144,295159416.0
2025,12,2,1,145,108000000.0
2025,12,3,1,123,1741038076.0
2025,12,3,1,125,8025601.0
2025,12,3,1,131,1200625607.0
2025,12,3,1,133,4949616004.0
2025,12,3,1,137,1751493492.0
2025,12,3,1,144,305534591.0
2025,12,3,1,145,959272528.0
2025,12,3,2,123,461159860.0
2025,12,3,2,131,1443927444.0
2025,12,3,2,133,29323104729.0
2025,12,3,2,136,276066886901.0
2025,12,3,2,137,10168381622.0
2025,12,3,2,138,427524300527.0
2025,12,3,2,142,5354963996.0
2025,12,3,2,148,1610640000.0
2025,12,3,2,162,1743897600.0
2025,12,3,2,163,145324800.0
2025,12,4,1,123,1721712693.0
2025,12,4,1,125,133675748.0
2025,12,4,1,131,1717600000.0
2025,12,4,1,133,13302162771.0
2025,12,4,1,134,957058514.0
2025,12,4,1,137,413280000.0
2025,12,4,1,139,35946515.0
2025,12,4,1,144,1077643126.0
2025,12,4,1,145,735895551.0
2025,12,4,1,146,34315368133.0
2025,12,4,1,148,264780000.0
2025,12,4,1,161,172498577639.0
2025,12,4,1,162,12054591743.0
2025,12,4,1,163,14266420749.0
2025,12,5,1,125,2099988.0
2025,12,5,1,131,695659416.0
2025,12,5,1,133,61796099557.0
2025,12,5,1,136,119119840810.0
2025,12,5,1,137,29194836524.0
2025,12,5,1,138,156388852666.0
2025,12,5,1,141,77616000.0
2025,12,5,1,142,2403017772.0
2025,12,5,1,144,3512870897.0
2025,12,5,1,145,357060000.0
2025,12,5,1,148,931270400.0
2025,12,5,1,162,12278280420.0
2025,12,5,1,163,1023190035.0
2025,12,6,1,123,16881342370.0
2025,12,6,1,125,12458487997.0
2025,12,6,1,131,5744376002.0
2025,12,6,1,133,33475549039.0
2025,12,6,1,137,1345076087.0
2025,12,6,1,141,89839559.0
2025,12,6,1,144,5670721761.0
2025,12,6,1,145,14559040395.0
2025,12,6,1,147,401454811.0
2025,12,7,1,123,5371627083.0
2025,12,7,1,125,1989292183.0
2025,12,7,1,131,72174047715.0
2025,12,7,1,132,704421510763.0
2025,12,7,1,133,26884208768.0
2025,12,7,1,137,721000000.0
2025,12,7,1,141,520050931.0
2025,12,7,1,144,3578363186.0
2025,12,7,1,145,1626300163.0
2025,12,7,1,148,989097456.0
2025,12,8,1,123,22209493247.0
2025,12,8,1,125,14918144750.0
2025,12,8,1,131,444578084.0
2025,12,8,1,133,166063582170.0
2025,12,8,1,137,4120879469.0
2025,12,8,1,141,491283435.0
2025,12,8,1,142,1825112608406.0
2025,12,8,1,143,1295673454.0
2025,12,8,1,144,288673055351.0
2025,12,8,1,145,20422524608.0
2025,12,8,1,148,445104000.0
2025,12,9,1,123,1431997250.0
2025,12,9,1,125,485813577.0
2025,12,9,1,131,3429134010.0
2025,12,9,1,133,26965608374.0
2025,12,9,1,137,1181700000.0
2025,12,9,1,138,15098762500.0
2025,12,9,1,142,14102980371.0
2025,12,9,1,144,66235079770.0
2025,12,9,1,145,2983430295.0
2025,12,9,1,148,32394288.0
2025,12,10,1,123,6909109473.0
2025,12,10,1,125,2191011260.0
2025,12,10,1,131,1848490000.0
2025,12,10,1,133,7543524698.0
2025,12,10,1,137,1563654482.0
2025,12,10,1,141,3622837708.0
2025,12,10,1,144,6678947313.0
2025,12,10,1,145,29406564289.0
2025,12,10,1,148,223192000.0
2025,12,11,1,123,1854463882.0
2025,12,11,1,125,1181446362.0
2025,12,11,1,131,1578246276.0
2025,12,11,1,133,6356430249.0
2025,12,11,1,137,366920000.0
2025,12,11,1,144,1108163266.0
2025,12,11,1,145,2200500883.0
2025,12,11,1,161,1947399555.0
2025,12,11,1,162,1010256206.0
2025,12,11,1,163,233734886.0
2025,12,13,1,123,8385169292.0
2025,12,13,1,125,695985962.0
2025,12,13,1,131,9607069964.0
2025,12,13,1,133,21424010600.0
2025,12,13,1,137,1351660000.0
2025,12,13,1,141,3851664468.0
2025,12,13,1,144,8628195125.0
2025,12,13,1,145,5982688298.0
2025,12,14,1,123,89348298.0
2025,12,14,1,125,34857936.0
2025,12,14,1,131,109000000.0
2025,12,14,1,133,1924699043.0
2025,12,14,1,137,124483343.0
2025,12,14,1,144,1197799213.0
2025,12,14,1,145,2236038595.0
2025,12,14,1,148,1500000.0
2025,12,16,1,123,3632684298.0
2025,12,16,1,125,1500097105.0
2025,12,16,1,131,3709915558.0
2025,12,16,1,133,13638793911.0
2025,12,16,1,137,352850722.0
2025,12,16,1,141,760193215.0
2025,12,16,1,144,9942220895.0
2025,12,16,1,145,15763435965.0
2025,12,16,1,148,24309288467.0
2025,12,17,1,123,2146952880.0
2025,12,17,1,125,553874513.0
2025,12,17,1,131,1337618296.0
2025,12,17,1,133,4820728010.0
2025,12,17,1,136,493000000.0
2025,12,17,1,137,168300000.0
2025,12,17,1,144,2337112522.0
2025,12,17,1,145,2283991650.0
2025,12,18,1,123,1028134908.0
2025,12,18,1,125,78428733.0
2025,12,18,1,131,279750000.0
2025,12,18,1,133,4453326811.0
2025,12,18,1,137,866574423.0
2025,12,18,1,141,2900243115.0
2025,12,18,1,144,25390427559.0
2025,12,18,1,145,13775602835.0
2025,12,19,1,123,4230113099.0
2025,12,19,1,125,3452672361.0
2025,12,19,1,131,1911612439.0
2025,12,19,1,133,7513606018.0
2025,12,19,1,137,729420000.0
2025,12,19,1,144,2785168187.0
2025,12,19,1,145,9400007869.0
2025,12,20,1,123,159561629.0
2025,12,20,1,125,242479556.0
2025,12,20,1,131,667076326.0
2025,12,20,1,133,4372543773.0
2025,12,20,1,137,50547601.0
2025,12,20,1,141,516041884.0
2025,12,20,1,144,3394066322.0
2025,12,20,1,145,7368095620.0
2025,12,21,1,123,121428079.0
2025,12,21,1,125,83534203.0
2025,12,21,1,131,745947427.0
2025,12,21,1,133,4203984803.0
2025,12,21,1,137,78560029.0
2025,12,21,1,144,2564430518.0
2025,12,21,1,145,13323330400.0
2025,13,1,1,123,6001529776.0
2025,13,1,1,131,685760000.0
2025,13,1,1,133,42473441627.0
2025,13,1,1,142,5596618.0
2025,13,1,1,144,967923390.0
2025,13,1,1,145,724042682.0
2025,13,2,1,123,1003428852.0
2025,13,2,1,131,3296250000.0
2025,13,2,1,133,23956276059.0
2025,13,2,1,137,801728262.0
2025,13,2,1,142,117600000.0
2025,13,2,1,144,36465645953.0
2025,13,2,1,145,10674126149.0
2025,13,2,1,148,466656.0
2025,13,3,1,123,778500000.0
2025,13,3,1,131,12256408653.0
2025,13,3,1,133,88941681758.0
2025,13,3,1,137,3255948467.0
2025,13,3,1,141,80692708.0
2025,13,3,1,144,13614589277.0
2025,13,3,1,145,5294281332.0
2025,13,4,1,123,363841359.0
2025,13,4,1,125,95137868.0
2025,13,4,1,131,284900000.0
2025,13,4,1,133,3810691218.0
2025,13,4,1,137,184485104.0
2025,13,4,1,144,1415330206.0
2025,13,4,1,145,1581687955.0
2025,13,4,1,148,1233095430.0
2025,13,5,1,131,610398090.0
2025,13,5,1,133,4473958676.0
2025,13,5,1,137,249600000.0
2025,13,5,1,144,1321903705.0
2025,13,5,1,145,1752973334.0
2025,13,6,1,123,200309455.0
2025,13,6,1,131,23310000.0
2025,13,6,1,133,3227662356.0
2025,13,6,1,137,480773333.0
2025,13,6,1,144,10072764000.0
2025,13,6,1,145,12070548463.0
2025,13,7,1,133,1991553387.0
2025,13,7,1,137,36732300.0
2025,13,7,1,144,652472546.0
2025,13,7,1,145,159000000.0
2025,14,1,1,123,7772269227.0
2025,14,1,1,125,219602679.0
2025,14,1,1,131,578949270.0
2025,14,1,1,133,13663056779.0
2025,14,1,1,137,147310000.0
2025,14,1,1,144,1395221429.0
2025,14,1,1,145,1679600526.0
2025,15,1,1,131,49355329.0
2025,15,1,1,133,502358759.0
2025,15,1,1,137,27000000.0
2025,15,1,1,144,1258383453.0
2025,15,1,1,145,1728818704.0
2025,15,2,1,131,105084874.0
2025,15,2,1,133,793798240.0
2025,15,2,1,144,42149508.0
2025,15,2,1,145,109198309.0
2025,21,1,1,123,698582530.0
2025,21,1,1,125,205492028.0
2025,21,1,1,131,12532110231.0
2025,21,1,1,133,26083620944.0
2025,21,1,1,142,55657758.0
2025,21,1,1,145,1003206019.0
2025,22,1,1,123,103161748.0
2025,22,1,1,131,7840000.0
2025,22,1,1,133,374817139.0
2025,22,1,1,144,1379953855.0
2025,22,1,1,145,421039545.0
2025,22,2,1,123,31752709.0
2025,22,2,1,133,237294703.0
2025,22,2,1,144,1846809054.0
2025,22,2,1,145,152364015.0
2025,22,3,1,133,472772800.0
2025,22,3,1,144,403986386.0
2025,22,3,1,145,163830536.0
2025,22,4,1,133,348791600.0
2025,22,4,1,144,1815386654.0
2025,22,4,1,145,538371566.0
2025,22,5,1,142,72000000.0
2025,22,5,1,144,2035680000.0
2025,22,5,1,145,916450000.0
2025,22,5,1,147,66000000.0
2025,22,6,1,131,2100000.0
2025,22,6,1,133,479471840.0
2025,22,6,1,144,854522853.0
2025,22,6,1,145,115557692.0
2025,22,7,1,133,739583708.0
2025,22,7,1,142,334684205.0
2025,22,7,1,144,2780345288.0
2025,22,7,1,145,324529020.0
2025,22,8,1,133,576500000.0
2025,22,8,1,144,350798046.0
2025,22,8,1,145,78013001.0
2025,22,9,1,133,463135455.0
2025,22,9,1,144,1987644553.0
2025,22,9,1,145,367324576.0
2025,22,10,1,123,232275403.0
2025,22,10,1,131,11515000.0
2025,22,10,1,133,1041207969.0
2025,22,10,1,144,5275381996.0
2025,22,10,1,145,2243055068.0
2025,22,11,1,131,578300095.0
2025,22,11,1,133,5237364044.0
2025,22,11,1,137,56468667.0
2025,22,11,1,144,1714681248.0
2025,22,11,1,145,1428675771.0
2025,22,12,1,131,3150000.0
2025,22,12,1,133,277294222.0
2025,22,12,1,144,1052659671.0
2025,22,13,1,131,5530000.0
2025,22,13,1,133,283724688.0
2025,22,13,1,141,121270279.0
2025,22,13,1,142,474154167.0
2025,22,13,1,144,1639973190.0
2025,22,13,1,145,640812068.0
2025,22,14,1,144,1166451252.0
2025,22,15,1,133,324143268.0
2025,22,15,1,144,2209920000.0
2025,22,15,1,145,920653084.0
2025,22,16,1,133,2185680520.0
2025,22,16,1,141,162030154.0
2025,22,16,1,142,1694799612.0
2025,22,16,1,144,2318916257.0
2025,22,16,1,145,1591894433.0
2025,22,17,1,123,81319860.0
2025,22,17,1,132,37296000.0
2025,22,17,1,133,574055040.0
2025,23,1,1,123,637357564.0
2025,23,1,1,125,109230347.0
2025,23,1,1,131,1259772870.0
2025,23,1,1,133,4146581402.0
2025,23,1,1,144,2501537271.0
2025,23,1,1,145,1432020122.0
2025,23,3,1,123,888102786.0
2025,23,3,1,125,514711582.0
2025,23,3,1,133,5261464449.0
2025,23,3,1,137,320364468.0
2025,23,3,1,144,1630919651.0
2025,23,3,1,145,1424989445.0
2025,23,4,1,123,686540416.0
2025,23,4,1,125,230111013.0
2025,23,4,1,131,412685012.0
2025,23,4,1,133,2022375833.0
2025,23,4,1,144,748931452.0
2025,23,4,1,145,634894322.0
2025,23,6,1,122,71000000.0
2025,23,6,1,123,157747909.0
2025,23,6,1,131,364166742.0
2025,23,6,1,133,1592270324.0
2025,23,6,1,137,72273600.0
2025,23,6,1,144,321947984.0
2025,23,6,1,145,613916163.0
2025,23,8,1,123,64627887.0
2025,23,8,1,131,72207922.0
2025,23,8,1,132,0.0
2025,23,8,1,133,920987396.0
2025,23,8,1,144,278569724.0
2025,23,8,1,145,121184505.0
2025,23,10,1,122,22000000.0
2025,23,10,1,123,2024169317.0
2025,23,10,1,125,480478011.0
2025,23,10,1,131,1533465332.0
2025,23,10,1,133,6322683029.0
2025,23,10,1,137,149879618.0
2025,23,10,1,141,173496030.0
2025,23,10,1,144,795740322.0
2025,23,10,1,145,469358854.0
2025,23,11,1,133,2977615438.0
2025,23,11,1,137,45964800.0
2025,23,11,1,144,1963134294.0
2025,23,11,1,145,670743528.0
2025,23,13,1,123,213421682.0
2025,23,13,1,133,2299946529.0
2025,23,13,1,144,1084899130.0
2025,23,13,1,145,1268742042.0
2025,23,14,1,131,576451654.0
2025,23,14,1,133,2746788364.0
2025,23,14,1,144,1014631028.0
2025,23,14,1,145,1939490530.0
2025,23,16,1,123,5667613955.0
2025,23,16,1,125,3992664445.0
2025,23,16,1,131,6162970384.0
2025,23,16,1,133,14119681123.0
2025,23,16,1,137,162120000.0
2025,23,16,1,144,1271270949.0
2025,23,16,1,145,3948738740.0
2025,23,17,1,123,127626411.0
2025,23,17,1,125,125383746.0
2025,23,17,1,131,198263000.0
2025,23,17,1,133,1305518347.0
2025,23,17,1,137,36495000.0
2025,23,17,1,144,164390993.0
2025,23,17,1,145,280271245.0
2025,23,18,1,122,1997828465.0
2025,23,18,1,123,3719248912.0
2025,23,18,1,125,2509893174.0
2025,23,18,1,131,2402869414.0
2025,23,18,1,133,6633300979.0
2025,23,18,1,137,60940000.0
2025,23,18,1,144,590039498.0
2025,23,18,1,145,2704352639.0
2025,23,19,1,123,2037396751.0
2025,23,19,1,125,1363786147.0
2025,23,19,1,131,777929902.0
2025,23,19,1,133,4486185159.0
2025,23,19,1,137,100457058.0
2025,23,19,1,144,2026437462.0
2025,23,19,1,145,3536773736.0
2025,23,20,1,122,99999986.0
2025,23,20,1,123,154819812.0
2025,23,20,1,125,35792268.0
2025,23,20,1,131,795399000.0
2025,23,20,1,133,3694261928.0
2025,23,20,1,137,112486094.0
2025,23,20,1,141,50491426.0
2025,23,20,1,144,865187742.0
2025,23,20,1,145,446137146.0
2025,23,22,1,122,92661337.0
2025,23,22,1,123,908085958.0
2025,23,22,1,125,423998438.0
2025,23,22,1,131,540140000.0
2025,23,22,1,133,2093006223.0
2025,23,22,1,137,378044320.0
2025,23,22,1,144,3325355165.0
2025,23,22,1,145,2284245890.0
2025,23,24,1,123,1243754151.0
2025,23,24,1,125,45627492.0
2025,23,24,1,133,3003727382.0
2025,23,24,1,137,33240000.0
2025,23,24,1,141,371060620.0
2025,23,24,1,144,1353751989.0
2025,23,24,1,145,298248546.0
2025,23,25,1,123,650848417.0
2025,23,25,1,125,191417029.0
2025,23,25,1,131,512707457.0
2025,23,25,1,133,2763120444.0
2025,23,25,1,137,100218600.0
2025,23,25,1,145,534440172.0
2025,23,26,1,123,80762836.0
2025,23,26,1,131,199468221.0
2025,23,26,1,133,1016543927.0
2025,23,27,1,123,63498359.0
2025,23,27,1,131,114000000.0
2025,23,27,1,133,514156898.0
2025,23,27,1,145,270350000.0
2025,23,28,1,123,214114034.0
2025,23,28,1,125,72443839.0
2025,23,28,1,131,145512068.0
2025,23,28,1,133,1231846640.0
2025,23,28,1,144,437367851.0
2025,23,28,1,145,746625911.0
2025,23,29,1,123,200157364.0
2025,23,29,1,125,106894663.0
2025,23,29,1,131,24737052.0
2025,23,29,1,133,723406397.0
2025,23,29,1,145,104624670.0
2025,23,30,1,123,101781721.0
2025,23,30,1,125,17095342.0
2025,23,30,1,131,210647579.0
2025,23,30,1,133,1317764865.0
2025,23,30,1,144,74811606.0
2025,23,30,1,145,316136362.0
2025,23,31,1,133,837764661.0
2025,23,32,1,123,12200447.0
2025,23,32,1,131,131370432.0
2025,23,32,1,133,1090097918.0
2025,23,32,1,137,322477234.0
2025,23,32,1,145,261755069.0
2025,23,33,1,131,20960000.0
2025,23,33,1,132,287744794.0
2025,23,33,1,133,713033655.0
2025,23,33,1,148,343200000.0
2025,23,34,1,131,88280000.0
2025,23,34,1,132,753514883.0
2025,23,34,1,133,421781920.0
2025,23,34,1,148,2308927500.0
2025,23,35,1,131,33579708.0
2025,23,35,1,133,423740773.0
2025,23,35,1,137,10351785.0
2025,23,35,1,142,667945614.0
2025,23,35,1,144,148838709.0
2025,23,35,1,145,380117796.0
2025,23,36,1,123,1260864541.0
2025,23,36,1,125,202047939.0
2025,23,36,1,131,190247628.0
2025,23,36,1,133,1803416416.0
2025,23,36,1,137,325927010.0
2025,23,36,1,141,8674772939.0
2025,23,36,1,144,5252815984.0
2025,23,36,1,145,6788511232.0
2025,23,36,1,148,63720000.0
2025,23,37,1,123,1672388.0
2025,23,37,1,125,219890.0
2025,23,37,1,131,41974635.0
2025,23,37,1,133,337899261.0
2025,23,38,1,123,2518934980.0
2025,23,38,1,125,1576357873.0
2025,23,38,1,131,1056793495.0
2025,23,38,1,133,4932174778.0
2025,23,38,1,137,624771441.0
2025,23,38,1,141,600273.0
2025,23,38,1,142,5006933218.0
2025,23,38,1,144,271848769.0
2025,23,38,1,145,611682885.0
2025,23,39,1,122,1306080218.0
2025,23,39,1,123,1172975775.0
2025,23,39,1,125,796757610.0
2025,23,39,1,131,1064653521.0
2025,23,39,1,133,4162542518.0
2025,23,39,1,137,299399037.0
2025,23,39,1,141,22989491.0
2025,23,39,1,144,10324240434.0
2025,23,39,1,145,5491173453.0
2025,23,40,1,122,10966559450.0
2025,23,40,1,123,26922916077.0
2025,23,40,1,125,3487328238.0
2025,23,40,1,131,8804251653.0
2025,23,40,1,133,47612469436.0
2025,23,40,1,137,5179173890.0
2025,23,40,1,144,4524269492.0
2025,23,40,1,145,3810175905.0
2025,24,1,1,123,6284265119.0
2025,24,1,1,125,28438141260.0
2025,24,1,1,131,35493969454.0
2025,24,1,1,133,211175601999.0
2025,24,1,1,137,14623107201.0
2025,24,1,1,142,442088493239.0
2025,24,1,1,143,2849353188.0
2025,24,1,1,144,65746344443.0
2025,24,1,1,145,2577675274.0
2025,24,2,1,123,20600000.0
2025,24,2,1,131,8559000.0
2025,24,4,1,122,32427120.0
2025,24,4,1,123,26071850.0
2025,24,4,1,131,1800933961.0
2025,24,4,1,133,249189798.0
2025,24,4,1,144,452287733.0
2025,24,4,1,145,446647349.0
2025,24,5,1,123,70463016.0
2025,24,5,1,131,22335000.0
2025,24,5,1,133,1817447404.0
2025,24,5,1,137,29999996.0
2025,24,5,1,142,47637450.0
2025,24,5,1,144,889673912.0
2025,24,5,1,145,566023253.0
2025,25,2,1,122,7280843783.0
2025,25,2,1,123,58066501123.0
2025,25,2,1,125,96130901358.0
2025,25,2,1,131,23020899564.0
2025,25,2,1,133,223766952818.0
2025,25,2,1,137,1450900000.0
2025,25,2,1,141,1015592489.0
2025,25,2,1,144,21028553143.0
2025,25,2,1,145,5050747733.0
2025,25,4,1,122,2224178333.0
2025,25,4,1,123,1679629041.0
2025,25,4,1,131,3480466871.0
2025,25,4,1,133,14037529136.0
2025,25,4,1,144,3852874645.0
2025,25,5,1,122,2726220000.0
2025,25,5,1,123,393947057.0
2025,25,5,1,131,1346950000.0
2025,25,5,1,133,13198885717.0
2025,25,5,1,141,1589327600.0
2025,25,5,1,142,36000000.0
2025,25,5,1,144,14716824738.0
2025,25,5,1,145,3339461257.0
2025,25,6,1,123,859199690.0
2025,25,6,1,125,2113862287.0
2025,25,6,1,131,2322613380.0
2025,25,6,1,133,48690584761.0
2025,25,6,1,142,392825667.0
2025,25,6,1,144,9022746521.0
2025,25,6,1,145,3263787681.0
2025,25,7,1,123,5595965941.0
2025,25,7,1,131,3211015911.0
2025,25,7,1,133,20938054400.0
2025,25,7,1,137,66200006.0
2025,25,7,1,142,236148440.0
2025,25,7,1,144,9580627776.0
2025,25,7,1,145,2616939821.0
2025,27,1,1,122,3413435794.0
2025,27,1,1,123,12042388617.0
2025,27,1,1,125,4234010646.0
2025,27,1,1,131,17247077392.0
2025,27,1,1,133,40740847959.0
2025,27,1,1,144,4501836807.0
2025,27,1,1,145,10149932270.0
2025,27,3,1,122,222096618.0
2025,27,3,1,123,827590725.0
2025,27,3,1,125,32298012.0
2025,27,3,1,131,1552781948.0
2025,27,3,1,133,2968401964.0
2025,27,3,1,135,3254675931.0
2025,27,3,1,141,71671134.0
2025,27,3,1,145,2091921518.0
2025,27,5,1,133,142251603.0
2025,27,5,1,144,42169803.0
2025,27,7,1,123,175995473.0
2025,27,7,1,125,73973411.0
2025,27,7,1,131,601025404.0
2025,27,7,1,133,4413296034.0
2025,27,7,1,144,200370803.0
2025,28,1,1,123,2884327683.0
2025,28,1,1,125,659460123.0
2025,28,1,1,131,6663601005.0
2025,28,1,1,133,93797305108.0
2025,28,1,1,137,121260048.0
2025,28,1,1,141,206757475.0
2025,28,1,1,142,25547569753.0
2025,28,1,1,144,21910277263.0
2025,28,1,1,145,14314856850.0
2025,28,1,1,147,26872726.0
2025,28,1,1,148,24579392332.0
2025,28,2,1,123,102086391.0
2025,28,2,1,125,62824388.0
2025,28,2,1,131,231615304.0
2025,28,2,1,133,5608463150.0
2025,28,2,1,144,3594123588.0
2025,28,2,1,145,1775549512.0
2025,28,2,1,148,547480418.0
2025,28,3,1,123,4950858.0
2025,28,3,1,125,13845656.0
2025,28,3,1,131,5005000.0
2025,28,3,1,132,180315575.0
2025,28,3,1,133,4210510102.0
2025,28,3,1,141,17831671.0
2025,28,3,1,144,1349757598.0
2025,28,3,1,145,92243031.0
2025,28,4,1,123,24224140.0
2025,28,4,1,125,22847285.0
2025,28,4,1,131,4580355.0
2025,28,4,1,132,1043803764.0
2025,28,4,1,133,2453756110.0
2025,28,4,1,144,2783202028.0
2025,28,4,1,145,665163393.0
2025,28,4,1,148,420969760.0
2025,28,5,1,131,11200000.0
2025,28,5,1,133,323356380.0
2025,28,5,1,141,149979708.0
2025,28,5,1,144,227989854.0
2025,28,5,1,145,42000000.0
2025,28,5,1,148,139380000.0
2025,28,6,1,133,1666889904.0
2025,28,6,1,144,416400000.0
2025,28,7,1,133,1226141022.0
2025,28,7,1,144,30000000.0
2025,28,7,1,145,147860945.0
2025,28,7,1,148,94995183.0
2025,28,8,1,133,902159580.0
2025,28,8,1,144,4390938.0
2025,28,9,1,133,2423627219.0
2025,28,9,1,145,69700000.0
2025,28,10,1,133,3398012257.0
2025,28,10,1,145,95975000.0
2025,28,10,1,148,195919021.0
2025,30,1,2,133,535573200.0
2025,30,1,2,141,64000000.0
2025,30,1,2,144,5683609543.0
2025,30,1,2,145,51284546.0
2025,30,1,3,144,395280000.0
2025,30,1,4,133,77348292.0
2025,30,1,4,144,1044300000.0
2025,30,1,4,145,165720000.0
2025,30,1,5,123,262800000.0
2025,30,1,5,144,317000000.0
2025,30,1,6,133,40800000.0
2025,30,1,6,144,429475200.0
2025,30,1,237,144,327900000.0
2025,30,1,238,144,458300000.0
2025,30,1,241,133,36000000.0
2025,30,1,241,144,339900000.0
2025,30,1,249,133,9600000.0
2025,30,1,249,144,138400000.0
2025,30,1,257,123,0.0
2025,30,1,257,133,94335001.0
2025,30,1,257,144,327590000.0
2025,30,1,524,144,184800000.0
2025,30,1,524,145,9000000.0
2025,30,2,8,133,49000000.0
2025,30,2,8,144,1896241000.0
2025,30,2,8,145,177500000.0
2025,30,2,10,133,12000000.0
2025,30,2,10,144,482976444.0
2025,30,2,10,145,88800000.0
2025,30,2,11,122,21765363.0
2025,30,2,11,133,27882174.0
2025,30,2,11,144,262210000.0
2025,30,2,12,131,6000000.0
2025,30,2,12,144,315745690.0
2025,30,2,12,145,16363632.0
2025,30,2,13,133,26400000.0
2025,30,2,13,144,618200000.0
2025,30,2,13,145,78000000.0
2025,30,2,14,133,12600000.0
2025,30,2,14,144,117850000.0
2025,30,2,15,144,1007730000.0
2025,30,2,16,133,34560000.0
2025,30,2,16,144,605500000.0
2025,30,2,16,145,30000000.0
2025,30,2,17,144,177180000.0
2025,30,2,18,144,341046000.0
2025,30,2,19,144,215750000.0
2025,30,2,20,144,337500000.0
2025,30,2,20,145,7800000.0
2025,30,2,22,144,477600000.0
2025,30,2,23,133,64560000.0
2025,30,2,23,144,313090878.0
2025,30,2,23,145,82036356.0
2025,30,2,24,144,954360000.0
2025,30,2,24,145,60000000.0
2025,30,2,25,144,671000000.0
2025,30,2,25,145,82800000.0
2025,30,2,26,133,12600000.0
2025,30,2,26,144,1056020000.0
2025,30,2,239,133,12000000.0
2025,30,2,239,144,591500000.0
2025,30,2,239,145,42000000.0
2025,30,2,260,144,225300000.0
2025,30,3,27,141,3015242771.0
2025,30,3,27,142,18000000.0
2025,30,3,27,143,15600000.0
2025,30,3,27,144,2954173923.0
2025,30,3,27,145,75067268.0
2025,30,3,28,144,1309200000.0
2025,30,3,28,145,79200000.0
2025,30,3,29,144,613415940.0
2025,30,3,29,145,60000000.0
2025,30,3,30,133,14769230.0
2025,30,3,30,144,737230000.0
2025,30,3,30,145,84000000.0
2025,30,3,31,144,260930000.0
2025,30,3,31,145,216200000.0
2025,30,3,31,148,84100000.0
2025,30,3,32,144,1101800000.0
2025,30,3,32,145,60000000.0
2025,30,3,33,144,943165016.0
2025,30,3,33,145,391705954.0
2025,30,3,34,133,8400000.0
2025,30,3,34,144,345450000.0
2025,30,3,34,145,34407276.0
2025,30,3,35,133,45500000.0
2025,30,3,35,141,96902500.0
2025,30,3,35,143,14300000.0
2025,30,3,35,144,505874390.0
2025,30,3,35,145,107300000.0
2025,30,3,37,144,420941665.0
2025,30,3,37,145,99200000.0
2025,30,3,38,144,171089002.0
2025,30,3,39,144,432120000.0
2025,30,3,39,145,163200000.0
2025,30,3,40,141,108700000.0
2025,30,3,40,144,240200000.0
2025,30,3,40,145,75600000.0
2025,30,3,42,133,235693200.0
2025,30,3,42,142,920400000.0
2025,30,3,42,144,4120200047.0
2025,30,3,42,145,909862822.0
2025,30,3,43,144,295200000.0
2025,30,3,44,133,14100000.0
2025,30,3,44,144,1111900000.0
2025,30,3,44,145,263700000.0
2025,30,3,45,133,9720000.0
2025,30,3,45,144,88600000.0
2025,30,3,46,144,117840000.0
2025,30,3,46,145,26000000.0
2025,30,4,47,133,548750000.0
2025,30,4,47,142,318533333.0
2025,30,4,47,144,3030234809.0
2025,30,4,47,145,313461813.0
2025,30,4,48,144,150800000.0
2025,30,4,49,144,324200000.0
2025,30,4,50,133,3600000.0
2025,30,4,50,144,354700000.0
2025,30,4,50,145,60000000.0
2025,30,4,51,144,454356469.0
2025,30,4,53,144,777560000.0
2025,30,4,53,145,24000000.0
2025,30,4,54,133,5600000.0
2025,30,4,54,144,346606000.0
2025,30,4,54,145,63000000.0
2025,30,4,55,144,412460000.0
2025,30,4,56,144,370300000.0
2025,30,4,57,144,256300000.0
2025,30,4,58,144,200300000.0
2025,30,4,59,144,210600000.0
2025,30,4,60,144,344650000.0
2025,30,4,61,133,15288000.0
2025,30,4,61,144,234309231.0
2025,30,4,61,145,31523636.0
2025,30,4,62,144,220629999.0
2025,30,4,62,145,46800000.0
2025,30,4,63,144,598262971.0
2025,30,4,63,145,18150000.0
2025,30,4,234,144,457728000.0
2025,30,4,234,145,71000000.0
2025,30,5,64,144,5271769000.0
2025,30,5,64,145,178900000.0
2025,30,5,65,123,78923808.0
2025,30,5,65,133,102480000.0
2025,30,5,65,141,84000000.0
2025,30,5,65,144,1249980000.0
2025,30,5,65,145,33000000.0
2025,30,5,66,144,310500000.0
2025,30,5,67,133,68840000.0
2025,30,5,67,144,258750000.0
2025,30,5,67,145,65681817.0
2025,30,5,68,133,34800000.0
2025,30,5,68,144,237900000.0
2025,30,5,69,144,448300000.0
2025,30,5,69,145,228700000.0
2025,30,5,70,133,38400000.0
2025,30,5,70,135,1200000.0
2025,30,5,70,144,775411932.0
2025,30,5,70,145,69003772.0
2025,30,5,71,144,311400000.0
2025,30,5,72,144,383400000.0
2025,30,5,73,133,79800000.0
2025,30,5,73,144,687928862.0
2025,30,5,74,135,0.0
2025,30,5,74,144,0.0
2025,30,5,74,145,0.0
2025,30,5,75,144,540800000.0
2025,30,5,76,144,528200000.0
2025,30,5,76,145,282000000.0
2025,30,5,77,123,10000000.0
2025,30,5,77,133,33300000.0
2025,30,5,77,144,374234055.0
2025,30,5,77,145,273968928.0
2025,30,5,78,133,49500000.0
2025,30,5,78,134,19670000.0
2025,30,5,78,142,8500000.0
2025,30,5,78,144,582350000.0
2025,30,5,78,145,45200000.0
2025,30,5,79,133,9900000.0
2025,30,5,79,141,16000000.0
2025,30,5,79,144,398991666.0
2025,30,5,79,145,26000000.0
2025,30,5,81,144,234000000.0
2025,30,5,82,133,22920000.0
2025,30,5,82,144,372450000.0
2025,30,5,82,145,39000000.0
2025,30,5,83,133,18720000.0
2025,30,5,83,144,96200000.0
2025,30,5,233,144,435950000.0
2025,30,5,243,144,388500000.0
2025,30,5,243,145,146000000.0
2025,30,6,84,133,25800000.0
2025,30,6,84,144,1044940000.0
2025,30,6,84,145,81000000.0
2025,30,6,85,144,859092166.0
2025,30,6,86,133,0.0
2025,30,6,86,144,0.0
2025,30,6,87,144,295000000.0
2025,30,6,88,144,339600000.0
2025,30,6,88,145,14400000.0
2025,30,6,89,144,258500000.0
2025,30,6,89,145,24000000.0
2025,30,6,90,144,913100000.0
2025,30,6,91,144,423600000.0
2025,30,6,92,144,475160000.0
2025,30,6,92,145,257520000.0
2025,30,6,93,123,0.0
2025,30,6,93,133,36000000.0
2025,30,6,93,144,943790000.0
2025,30,6,93,145,87600000.0
2025,30,7,94,123,58121907.0
2025,30,7,94,131,17721480.0
2025,30,7,94,133,248300000.0
2025,30,7,94,141,2094595491.0
2025,30,7,94,142,1721073065.0
2025,30,7,94,144,22120151204.0
2025,30,7,94,145,2092326786.0
2025,30,7,95,123,35910919.0
2025,30,7,95,133,27336330.0
2025,30,7,95,144,1402035473.0
2025,30,7,95,145,231430944.0
2025,30,7,96,131,840000.0
2025,30,7,96,133,24000000.0
2025,30,7,96,137,13674592.0
2025,30,7,96,141,34800000.0
2025,30,7,96,142,99946389.0
2025,30,7,96,144,4682797583.0
2025,30,7,96,145,879215654.0
2025,30,7,96,147,0.0
2025,30,7,97,133,69369300.0
2025,30,7,97,142,41135000.0
2025,30,7,97,144,1015413625.0
2025,30,7,97,145,286812500.0
2025,30,7,98,133,256565975.0
2025,30,7,98,141,168993000.0
2025,30,7,98,144,1113533773.0
2025,30,7,98,145,118885834.0
2025,30,7,99,142,12000000.0
2025,30,7,99,144,194950000.0
2025,30,7,99,145,135400000.0
2025,30,7,100,133,14000000.0
2025,30,7,100,144,605999790.0
2025,30,7,100,145,0.0
2025,30,7,101,131,28290000.0
2025,30,7,101,133,12000000.0
2025,30,7,101,137,53100000.0
2025,30,7,101,144,1452148000.0
2025,30,7,101,145,79200000.0
2025,30,7,102,142,333000000.0
2025,30,7,102,144,1397500000.0
2025,30,7,103,131,2475000.0
2025,30,7,103,133,36180000.0
2025,30,7,103,141,181300000.0
2025,30,7,103,144,1105800000.0
2025,30,7,103,145,26400000.0
2025,30,7,104,123,1917996.0
2025,30,7,104,133,362316667.0
2025,30,7,104,143,74925610.0
2025,30,7,104,144,1068126747.0
2025,30,7,104,145,147431147.0
2025,30,7,105,144,504250000.0
2025,30,7,105,145,12825000.0
2025,30,7,106,144,254600000.0
2025,30,7,106,145,30000000.0
2025,30,7,107,123,59662386.0
2025,30,7,107,133,143237638.0
2025,30,7,107,141,67800000.0
2025,30,7,107,143,10400000.0
2025,30,7,107,144,1973766196.0
2025,30,7,107,145,69750000.0
2025,30,7,108,144,687500000.0
2025,30,7,108,145,51000000.0
2025,30,7,109,133,7600000.0
2025,30,7,109,144,464848667.0
2025,30,7,109,145,36000000.0
2025,30,7,110,123,9426024.0
2025,30,7,110,133,56603503.0
2025,30,7,110,141,58500000.0
2025,30,7,110,144,2453991946.0
2025,30,7,110,145,315000000.0
2025,30,7,111,133,800000.0
2025,30,7,111,142,18000000.0
2025,30,7,111,144,753758179.0
2025,30,7,111,145,99218184.0
2025,30,7,112,142,35900000.0
2025,30,7,112,144,894700000.0
2025,30,7,113,133,22000000.0
2025,30,7,113,144,1278700000.0
2025,30,7,113,145,23100000.0
2025,30,7,114,133,9926000.0
2025,30,7,114,141,31500000.0
2025,30,7,114,142,250600000.0
2025,30,7,114,143,61200000.0
2025,30,7,114,144,1314250000.0
2025,30,7,114,145,360400000.0
2025,30,7,115,123,47093967.0
2025,30,7,115,133,39000000.0
2025,30,7,115,141,11100000.0
2025,30,7,115,142,15000000.0
2025,30,7,115,144,505160798.0
2025,30,7,115,145,144000000.0
2025,30,7,116,123,7000000.0
2025,30,7,116,133,36196154.0
2025,30,7,116,135,10200000.0
2025,30,7,116,141,62469093.0
2025,30,7,116,142,76038485.0
2025,30,7,116,144,975948912.0
2025,30,7,116,145,120020907.0
2025,30,7,117,135,69764500.0
2025,30,7,117,141,156000000.0
2025,30,7,117,142,52000000.0
2025,30,7,117,144,2501322860.0
2025,30,7,117,145,465100000.0
2025,30,7,118,133,33600000.0
2025,30,7,118,143,48000000.0
2025,30,7,118,144,561600000.0
2025,30,7,118,145,63000000.0
2025,30,7,119,123,4130121.0
2025,30,7,119,133,15000000.0
2025,30,7,119,144,436432249.0
2025,30,7,119,145,53200000.0
2025,30,7,120,144,754800000.0
2025,30,7,120,145,15500000.0
2025,30,7,121,133,59030000.0
2025,30,7,121,144,2486441699.0
2025,30,7,121,145,377886143.0
2025,30,7,122,123,9345270.0
2025,30,7,122,125,3630000.0
2025,30,7,122,133,4500000.0
2025,30,7,122,141,102344940.0
2025,30,7,122,142,64836993.0
2025,30,7,122,144,1053016138.0
2025,30,7,122,145,319792261.0
2025,30,7,123,133,5200000.0
2025,30,7,123,144,583300000.0
2025,30,7,123,145,32500000.0
2025,30,8,124,144,717200000.0
2025,30,8,125,125,56594840.0
2025,30,8,125,133,275375169.0
2025,30,8,125,134,62862000.0
2025,30,8,125,141,117801819.0
2025,30,8,125,144,2411779573.0
2025,30,8,125,145,473175048.0
2025,30,8,126,123,3402175.0
2025,30,8,126,125,108569855.0
2025,30,8,126,133,115016975.0
2025,30,8,126,134,143310000.0
2025,30,8,126,141,145366336.0
2025,30,8,126,144,4052302812.0
2025,30,8,126,145,513340140.0
2025,30,8,127,133,9600000.0
2025,30,8,127,144,413388000.0
2025,30,8,127,145,115244192.0
2025,30,8,129,144,0.0
2025,30,8,129,145,0.0
2025,30,8,130,144,1673862152.0
2025,30,8,130,145,205800000.0
2025,30,8,131,133,30100000.0
2025,30,8,131,135,16484300.0
2025,30,8,131,144,693434167.0
2025,30,8,131,145,60250000.0
2025,30,8,132,141,83900000.0
2025,30,8,132,144,584800000.0
2025,30,8,132,145,22000000.0
2025,30,8,133,144,202300000.0
2025,30,9,134,144,2201562824.0
2025,30,9,134,145,331218936.0
2025,30,9,134,148,104179086.0
2025,30,9,135,133,101790000.0
2025,30,9,135,144,366210000.0
2025,30,9,135,145,65000000.0
2025,30,9,136,133,83444000.0
2025,30,9,137,144,526706570.0
2025,30,9,137,145,116945452.0
2025,30,9,138,141,1284586000.0
2025,30,9,138,144,15300000.0
2025,30,9,139,144,187062420.0
2025,30,9,139,145,16000000.0
2025,30,9,140,133,59400000.0
2025,30,9,140,144,562675000.0
2025,30,9,140,145,24200000.0
2025,30,9,141,144,351680000.0
2025,30,9,141,145,90000000.0
2025,30,9,142,144,744419659.0
2025,30,9,142,145,369880770.0
2025,30,9,143,133,12000000.0
2025,30,9,143,142,38425000.0
2025,30,9,143,144,1009360116.0
2025,30,9,143,145,94140914.0
2025,30,9,144,133,12000000.0
2025,30,9,144,144,386950000.0
2025,30,9,145,133,59400000.0
2025,30,9,145,144,229800000.0
2025,30,9,146,133,24000000.0
2025,30,9,146,144,210500000.0
2025,30,9,146,145,31200000.0
2025,30,9,147,144,316430000.0
2025,30,9,148,133,57600000.0
2025,30,9,148,144,1208512000.0
2025,30,9,148,145,28380000.0
2025,30,9,149,133,11592540.0
2025,30,9,149,144,702150000.0
2025,30,9,149,145,34400000.0
2025,30,9,150,133,26400000.0
2025,30,9,150,144,367564000.0
2025,30,9,150,145,134400000.0
2025,30,10,151,123,79318750.0
2025,30,10,151,133,4467977995.0
2025,30,10,151,142,4415458665.0
2025,30,10,151,144,70114543313.0
2025,30,10,151,145,3075893333.0
2025,30,10,152,123,3500000.0
2025,30,10,152,133,186000000.0
2025,30,10,152,141,34000000.0
2025,30,10,152,144,7339230000.0
2025,30,10,152,145,359600000.0
2025,30,10,153,144,752690000.0
2025,30,10,154,133,33900000.0
2025,30,10,154,144,1204000000.0
2025,30,10,154,145,183500000.0
2025,30,10,155,133,683091600.0
2025,30,10,155,142,429500000.0
2025,30,10,155,144,7240095815.0
2025,30,10,155,145,874636000.0
2025,30,10,156,133,2000000.0
2025,30,10,156,144,763112505.0
2025,30,10,156,145,365600000.0
2025,30,10,157,133,88800000.0
2025,30,10,157,144,1274061606.0
2025,30,10,157,145,510000000.0
2025,30,10,158,133,66350000.0
2025,30,10,158,144,576900000.0
2025,30,10,158,145,36000000.0
2025,30,10,159,133,37500000.0
2025,30,10,159,144,556539772.0
2025,30,10,159,145,136200000.0
2025,30,10,160,133,89700000.0
2025,30,10,160,141,57200000.0
2025,30,10,160,144,730253166.0
2025,30,10,160,145,86833333.0
2025,30,10,161,133,35900000.0
2025,30,10,161,144,1210450000.0
2025,30,10,161,145,42000000.0
2025,30,10,162,133,632316666.0
2025,30,10,162,144,4178734131.0
2025,30,10,163,133,70100000.0
2025,30,10,163,144,1356209379.0
2025,30,10,163,145,130000000.0
2025,30,10,164,123,0.0
2025,30,10,164,133,12000000.0
2025,30,10,164,141,601370511.0
2025,30,10,164,142,136181864.0
2025,30,10,164,144,1135846734.0
2025,30,10,164,145,495507264.0
2025,30,10,165,133,76448066.0
2025,30,10,165,144,1629076775.0
2025,30,10,165,145,146356228.0
2025,30,10,166,133,410980800.0
2025,30,10,166,142,148500000.0
2025,30,10,166,144,1369780940.0
2025,30,10,166,145,159200000.0
2025,30,10,166,147,30000000.0
2025,30,10,167,133,18000000.0
2025,30,10,167,142,35018184.0
2025,30,10,167,144,1244757490.0
2025,30,10,167,145,334715448.0
2025,30,10,168,133,80727060.0
2025,30,10,168,141,129500000.0
2025,30,10,168,142,149800000.0
2025,30,10,168,144,1268517040.0
2025,30,10,168,145,378900000.0
2025,30,10,169,133,34600000.0
2025,30,10,169,142,307648637.0
2025,30,10,169,144,1552299534.0
2025,30,10,169,145,117700000.0
2025,30,10,170,123,14980000.0
2025,30,10,170,133,27323333.0
2025,30,10,170,141,94840906.0
2025,30,10,170,142,75872719.0
2025,30,10,170,144,560405671.0
2025,30,10,170,145,370268246.0
2025,30,10,240,123,1000000.0
2025,30,10,240,133,31100000.0
2025,30,10,240,144,682102334.0
2025,30,10,240,145,221396000.0
2025,30,10,246,144,150200000.0
2025,30,10,246,145,30000000.0
2025,30,11,171,133,43830000.0
2025,30,11,171,141,2704081179.0
2025,30,11,171,144,599748331.0
2025,30,11,171,145,118799115.0
2025,30,11,172,133,997816665.0
2025,30,11,172,135,1195975896.0
2025,30,11,172,137,201233000.0
2025,30,11,172,141,211789137.0
2025,30,11,172,142,608193019.0
2025,30,11,172,144,21769271972.0
2025,30,11,172,145,936261049.0
2025,30,11,173,131,793966974.0
2025,30,11,173,133,1630644076.0
2025,30,11,173,141,912454983.0
2025,30,11,173,144,17194740842.0
2025,30,11,174,123,3711853.0
2025,30,11,174,133,83620000.0
2025,30,11,174,141,228987196.0
2025,30,11,174,144,2581830806.0
2025,30,11,174,145,505869220.0
2025,30,11,175,133,8320000.0
2025,30,11,175,144,3439927309.0
2025,30,11,175,145,319691668.0
2025,30,11,176,133,504478333.0
2025,30,11,176,144,5857574088.0
2025,30,11,176,145,1481359307.0
2025,30,11,177,123,3535648.0
2025,30,11,177,133,1862746772.0
2025,30,11,177,141,7984151017.0
2025,30,11,177,144,4851228287.0
2025,30,11,177,145,326950000.0
2025,30,11,178,144,3805300000.0
2025,30,11,179,123,298084345.0
2025,30,11,179,131,218328310.0
2025,30,11,179,133,1959667948.0
2025,30,11,179,141,283226666.0
2025,30,11,179,144,17062041165.0
2025,30,11,179,145,2686987846.0
2025,30,11,180,123,40576504.0
2025,30,11,180,125,0.0
2025,30,11,180,133,604696177.0
2025,30,11,180,141,6097751904.0
2025,30,11,180,144,381945500.0
2025,30,11,180,145,998943562.0
2025,30,11,181,123,3072280.0
2025,30,11,181,133,9200000.0
2025,30,11,181,135,11278780.0
2025,30,11,181,141,174765400.0
2025,30,11,181,144,763862294.0
2025,30,11,181,145,118000000.0
2025,30,11,182,133,328084615.0
2025,30,11,182,141,323075000.0
2025,30,11,182,142,353900000.0
2025,30,11,182,143,12000000.0
2025,30,11,182,144,4335098427.0
2025,30,11,182,145,1945725349.0
2025,30,11,183,133,158000000.0
2025,30,11,183,144,4789474108.0
2025,30,11,183,145,1219366414.0
2025,30,11,184,123,639789107.0
2025,30,11,184,125,8767446.0
2025,30,11,184,133,2024751955.0
2025,30,11,184,141,271301742.0
2025,30,11,184,142,393665834.0
2025,30,11,184,144,18784290987.0
2025,30,11,184,145,4925455615.0
2025,30,11,185,123,25294473.0
2025,30,11,185,133,541057013.0
2025,30,11,185,137,500000.0
2025,30,11,185,142,109733333.0
2025,30,11,185,143,92797500.0
2025,30,11,185,144,6172737898.0
2025,30,11,186,123,140362.0
2025,30,11,186,133,1125000.0
2025,30,11,186,135,2271055.0
2025,30,11,186,141,30322117.0
2025,30,11,186,144,3560323134.0
2025,30,11,186,145,310850000.0
2025,30,11,187,133,218400000.0
2025,30,11,187,144,1673789258.0
2025,30,11,187,145,219400000.0
2025,30,11,188,133,36046667.0
2025,30,11,188,144,2415482369.0
2025,30,11,188,145,356681968.0
2025,30,11,189,144,2079046400.0
2025,30,11,189,145,144000000.0
2025,30,12,190,131,108318000.0
2025,30,12,190,133,286574800.0
2025,30,12,190,141,25100000.0
2025,30,12,190,144,1367015082.0
2025,30,12,190,145,359406320.0
2025,30,12,191,144,332320000.0
2025,30,12,191,145,0.0
2025,30,12,192,144,1298794391.0
2025,30,12,193,133,5400000.0
2025,30,12,193,144,81600000.0
2025,30,12,194,144,281400000.0
2025,30,12,195,133,18000000.0
2025,30,12,195,144,332261538.0
2025,30,12,195,145,18000000.0
2025,30,12,196,144,639610000.0
2025,30,12,197,125,12000000.0
2025,30,12,197,144,376900000.0
2025,30,12,198,144,662100000.0
2025,30,12,199,144,141000000.0
2025,30,12,200,144,609200000.0
2025,30,12,201,144,216600000.0
2025,30,12,202,144,211000000.0
2025,30,12,202,145,21000000.0
2025,30,12,203,144,206045455.0
2025,30,12,204,133,4200000.0
2025,30,12,204,144,603725000.0
2025,30,12,205,144,303000000.0
2025,30,13,206,123,1349597.0
2025,30,13,206,144,12427120346.0
2025,30,13,206,145,1248962827.0
2025,30,13,207,144,257090000.0
2025,30,13,208,133,60000000.0
2025,30,13,208,144,663618588.0
2025,30,13,208,145,246000000.0
2025,30,13,242,144,569400000.0
2025,30,13,242,145,60000000.0
2025,30,13,250,133,12000000.0
2025,30,13,250,144,340680000.0
2025,30,13,259,144,366476257.0
2025,30,14,209,133,13618185.0
2025,30,14,209,144,6325758490.0
2025,30,14,209,145,332438328.0
2025,30,14,210,144,695000000.0
2025,30,14,211,123,29784444.0
2025,30,14,211,144,1363299773.0
2025,30,14,211,145,89700000.0
2025,30,14,212,133,6240000.0
2025,30,14,212,144,479200000.0
2025,30,14,213,144,384545448.0
2025,30,14,213,145,21600000.0
2025,30,14,214,133,31000000.0
2025,30,14,214,144,256000000.0
2025,30,14,215,144,411000000.0
2025,30,14,216,134,68400000.0
2025,30,14,216,144,733128307.0
2025,30,14,217,123,7776773.0
2025,30,14,217,133,114400000.0
2025,30,14,217,134,0.0
2025,30,14,217,135,10655776.0
2025,30,14,217,141,31640000.0
2025,30,14,217,144,3094706521.0
2025,30,14,218,133,84100000.0
2025,30,14,218,135,21925000.0
2025,30,14,218,144,1002368334.0
2025,30,14,218,145,310600000.0
2025,30,14,219,133,294480990.0
2025,30,14,219,141,479423338.0
2025,30,14,219,144,1905970346.0
2025,30,14,219,145,687215489.0
2025,30,14,244,144,112000000.0
2025,30,14,244,145,72100000.0
2025,30,14,247,134,0.0
2025,30,14,247,144,479140000.0
2025,30,14,251,133,15600000.0
2025,30,14,251,144,426000000.0
2025,30,14,251,145,329400000.0
2025,30,14,255,133,47600000.0
2025,30,14,255,144,406239130.0
2025,30,14,255,145,8500000.0
2025,30,14,256,144,290887552.0
2025,30,14,256,145,21000000.0
2025,30,15,220,133,407957480.0
2025,30,15,220,144,1917522486.0
2025,30,15,220,145,335400000.0
2025,30,15,221,131,840000.0
2025,30,15,221,133,29000000.0
2025,30,15,221,144,1298603084.0
2025,30,15,221,145,27000000.0
2025,30,15,222,123,23000000.0
2025,30,15,222,125,19800000.0
2025,30,15,222,131,100093165.0
2025,30,15,222,133,967831750.0
2025,30,15,222,144,5665567562.0
2025,30,15,222,145,102433327.0
2025,30,15,223,144,824400000.0
2025,30,15,224,133,64200000.0
2025,30,15,224,144,1073417804.0
2025,30,15,224,145,158200000.0
2025,30,15,229,144,489898560.0
2025,30,15,229,145,260600000.0
2025,30,15,232,142,36000000.0
2025,30,15,232,144,745220000.0
2025,30,15,232,145,44400000.0
2025,30,15,233,133,106148999.0
2025,30,15,233,144,654738000.0
2025,30,15,233,145,185750000.0
2025,30,15,258,141,33600000.0
2025,30,15,258,144,430000000.0
2025,30,15,258,145,138600000.0
2025,30,15,262,133,125100000.0
2025,30,15,262,144,1452990000.0
2025,30,15,262,145,104300000.0
2025,30,16,228,133,647670000.0
2025,30,16,228,144,3992503977.0
2025,30,16,228,145,1451400000.0
2025,30,16,230,133,801309125.0
2025,30,16,230,141,501895833.0
2025,30,16,230,144,6712784719.0
2025,30,16,230,145,1821150000.0
2025,30,16,231,133,38650000.0
2025,30,16,231,144,5241487617.0
2025,30,16,231,145,551560144.0
2025,30,16,261,133,91900000.0
2025,30,16,261,141,206797449.0
2025,30,16,261,144,1921957490.0
2025,30,16,261,145,1155900421.0
2025,30,17,226,144,468494071.0
2025,30,17,227,144,83163632.0
2025,30,17,235,141,88800000.0
2025,30,17,235,144,506662798.0
2025,30,17,235,145,435000000.0
2025,40,1,1,123,10000000.0
2025,40,1,1,131,3792908831.0
2025,40,1,1,133,28716927761.0
2025,40,1,1,141,4500000.0
2025,40,2,1,123,15962367051.0
2025,40,2,1,131,9059796969.0
2025,40,2,1,133,26184512739.0
2025,40,2,1,141,130885968.0
2025,40,2,1,144,8137906954.0
2025,40,2,1,145,1660015480.0
2025,40,3,1,123,68084874.0
2025,40,3,1,125,151813614.0
2025,40,3,1,131,166886720.0
2025,40,3,1,133,139142795.0
2025,40,3,1,144,398453726.0
2025,40,3,1,145,370397432.0
2026,11,1,1,123,448308380.0
2026,11,1,1,125,3256557.0
2026,11,1,1,131,1159200000.0
2026,11,1,1,133,9351565168.0
2026,11,1,1,137,953666667.0
2026,11,1,1,144,3525659135.0
2026,11,1,1,145,3763826666.0
2026,11,2,1,123,937323481.0
2026,11,2,1,125,9067738.0
2026,11,2,1,131,1489600000.0
2026,11,2,1,133,20153634578.0
2026,11,2,1,137,2037280001.0
2026,11,2,1,144,5611828613.0
2026,11,2,1,145,7968435002.0
2026,11,3,1,123,553450500.0
2026,11,3,1,131,1062223250.0
2026,11,3,1,133,8962250000.0
2026,11,3,1,137,1205300000.0
2026,11,3,1,142,72000000.0
2026,11,3,1,144,8153969720.0
2026,11,3,1,145,10399700000.0
2026,12,1,1,123,444803395.0
2026,12,1,1,131,231893230.0
2026,12,1,1,133,3001581473.0
2026,12,1,1,137,187725334.0
2026,12,1,1,144,2299460500.0
2026,12,1,1,145,1035185448.0
2026,12,1,2,123,23342136.0
2026,12,1,2,125,19379700.0
2026,12,1,2,131,36100564.0
2026,12,1,2,133,711146200.0
2026,12,1,2,137,6655347000.0
2026,12,1,2,144,27842153.0
2026,12,1,11,131,630000000.0
2026,12,1,11,133,4654162367.0
2026,12,1,11,136,2988420004.0
2026,12,1,11,137,959031495.0
2026,12,1,11,138,1784320004.0
2026,12,1,11,142,50400000.0
2026,12,1,11,144,220761920.0
2026,12,1,11,145,58693336.0
2026,12,1,11,148,2400000.0
2026,12,1,12,133,316676216.0
2026,12,1,14,123,60108000.0
2026,12,1,14,131,67100000.0
2026,12,1,14,133,1249670616.0
2026,12,1,14,137,32000000.0
2026,12,1,14,144,542402784.0
2026,12,1,14,145,712640841.0
2026,12,1,15,123,71975000.0
2026,12,1,15,125,4734400.0
2026,12,1,15,131,278308608.0
2026,12,1,15,133,1920911316.0
2026,12,1,15,137,48000000.0
2026,12,1,15,144,47666944.0
2026,12,1,15,145,57600000.0
2026,12,1,17,123,35679711.0
2026,12,1,17,125,27868469.0
2026,12,1,17,131,306110000.0
2026,12,1,17,133,804572143.0
2026,12,1,17,137,36441039.0
2026,12,1,17,144,1038349104.0
2026,12,1,17,145,238923100.0
2026,12,1,18,123,31507767.0
2026,12,1,18,125,906443.0
2026,12,1,18,131,753100000.0
2026,12,1,18,133,2264544037.0
2026,12,1,18,137,44800000.0
2026,12,1,18,141,132556000.0
2026,12,1,18,144,1487770323.0
2026,12,1,18,145,1550586819.0
2026,12,1,20,123,3144500.0
2026,12,1,20,131,265261024.0
2026,12,1,20,133,1509662052.0
2026,12,1,20,137,36547822.0
2026,12,1,20,144,34099048.0
2026,12,1,20,145,215106153.0
2026,12,1,21,123,147950627.0
2026,12,1,21,125,90679811.0
2026,12,1,21,131,315599000.0
2026,12,1,21,133,1915931972.0
2026,12,1,21,137,190066667.0
2026,12,1,21,141,322651145.0
2026,12,1,21,144,407851158.0
2026,12,1,21,145,234675625.0
2026,12,1,23,131,72598096.0
2026,12,1,23,133,1616090979.0
2026,12,1,23,137,24960203.0
2026,12,1,23,141,234671776.0
2026,12,1,23,144,180261454.0
2026,12,1,23,145,904138970.0
2026,12,1,29,123,4875114.0
2026,12,1,29,131,28100000.0
2026,12,1,29,133,658682708.0
2026,12,1,29,137,18132000.0
2026,12,1,29,144,36738101.0
2026,12,1,29,145,20630000.0
2026,12,1,30,133,3068697127.0
2026,12,1,30,137,28000000.0
2026,12,1,30,141,23192384.0
2026,12,1,30,142,1277680048.0
2026,12,1,30,144,844430584.0
2026,12,1,30,145,114392384.0
2026,12,1,36,123,389601108.0
2026,12,1,36,125,140345720.0
2026,12,1,36,131,339188616.0
2026,12,1,36,133,1652372764.0
2026,12,1,36,144,27689533.0
2026,12,1,36,145,288119240.0
2026,12,1,38,123,768735.0
2026,12,1,38,125,2064220.0
2026,12,1,38,131,35000000.0
2026,12,1,38,133,927524392.0
2026,12,1,38,144,221460043.0
2026,12,1,38,145,353038010.0
2026,12,1,40,131,12408600.0
2026,12,1,40,133,328339260.0
2026,12,1,40,137,35844000.0
2026,12,1,40,144,23192384.0
2026,12,1,50,131,26696330.0
2026,12,1,50,133,477004260.0
2026,12,1,51,123,58854771.0
2026,12,1,51,125,24099807.0
2026,12,1,51,131,3918309.0
2026,12,1,51,133,446933787.0
2026,12,1,51,137,25472909.0
2026,12,1,51,144,184321647.0
2026,12,1,51,145,100803715.0
2026,12,1,54,123,123821560.0
2026,12,1,54,131,86971440.0
2026,12,1,54,133,885633254.0
2026,12,1,54,137,68452412.0
2026,12,1,54,144,17877463.0
2026,12,1,54,145,100998096.0
2026,12,1,56,123,69860465.0
2026,12,1,56,125,51186365.0
2026,12,1,56,131,147851448.0
2026,12,1,56,133,448179000.0
2026,12,1,56,137,14000000.0
2026,12,1,56,141,272774517.0
2026,12,1,56,144,681768504.0
2026,12,1,56,145,545367960.0
2026,12,1,57,123,2669880.0
2026,12,1,57,133,394364160.0
2026,12,1,57,137,14523481.0
2026,12,1,57,141,400000000.0
2026,12,1,57,144,291415220.0
2026,12,1,57,145,455680000.0
2026,12,1,58,133,117333040.0
2026,12,1,58,145,38000000.0
2026,12,2,1,131,175950000.0
2026,12,2,1,133,864156980.0
2026,12,2,1,137,451050000.0
2026,12,2,1,144,211984768.0
2026,12,2,1,145,48000000.0
2026,12,3,1,123,1559802933.0
2026,12,3,1,125,37122589.0
2026,12,3,1,131,1312842612.0
2026,12,3,1,133,4255340838.0
2026,12,3,1,136,15840009068.0
2026,12,3,1,137,1213318706.0
2026,12,3,1,144,196203921.0
2026,12,3,1,145,617091132.0
2026,12,3,2,123,301947400.0
2026,12,3,2,131,1312200000.0
2026,12,3,2,133,19841790284.0
2026,12,3,2,136,192618354888.0
2026,12,3,2,137,6779044110.0
2026,12,3,2,138,334747216730.0
2026,12,3,2,142,3491371224.0
2026,12,3,2,148,145200000.0
2026,12,3,2,162,1210521600.0
2026,12,4,1,123,1052255655.0
2026,12,4,1,131,1606540000.0
2026,12,4,1,133,9688886782.0
2026,12,4,1,134,611192989.0
2026,12,4,1,137,255800000.0
2026,12,4,1,139,13762040.0
2026,12,4,1,144,781518230.0
2026,12,4,1,145,433758320.0
2026,12,4,1,146,20569259247.0
2026,12,4,1,148,257000000.0
2026,12,4,1,161,103087490410.0
2026,12,4,1,162,7732745577.0
2026,12,5,1,125,2699792.0
2026,12,5,1,131,681039250.0
2026,12,5,1,133,45597424239.0
2026,12,5,1,136,75547004514.0
2026,12,5,1,137,19801385294.0
2026,12,5,1,138,97003368800.0
2026,12,5,1,141,49632000.0
2026,12,5,1,142,3207679936.0
2026,12,5,1,144,2309552282.0
2026,12,5,1,145,170782480.0
2026,12,5,1,148,315139300.0
2026,12,5,1,162,6616733901.0
2026,12,6,1,123,11906021089.0
2026,12,6,1,125,8677361792.0
2026,12,6,1,131,5714080772.0
2026,12,6,1,133,21670007341.0
2026,12,6,1,137,895743416.0
2026,12,6,1,144,2033530729.0
2026,12,6,1,145,4711896950.0
2026,12,6,1,147,347217095.0
2026,12,7,1,123,3598180380.0
2026,12,7,1,125,1253038634.0
2026,12,7,1,131,41073505000.0
2026,12,7,1,132,515065611965.0
2026,12,7,1,133,18567417575.0
2026,12,7,1,137,500300000.0
2026,12,7,1,141,310680919.0
2026,12,7,1,144,2392088303.0
2026,12,7,1,145,831710879.0
2026,12,7,1,148,148798304.0
2026,12,8,1,123,14019050803.0
2026,12,8,1,125,9892247645.0
2026,12,8,1,131,2406136633.0
2026,12,8,1,133,112303624834.0
2026,12,8,1,137,4557172286.0
2026,12,8,1,141,274851840.0
2026,12,8,1,142,1405561820170.0
2026,12,8,1,143,13627251845.0
2026,12,8,1,144,193012980336.0
2026,12,8,1,145,17277373566.0
2026,12,8,1,148,217800000.0
2026,12,9,1,123,759805484.0
2026,12,9,1,125,277823278.0
2026,12,9,1,131,3872978416.0
2026,12,9,1,133,17887878591.0
2026,12,9,1,137,802900000.0
2026,12,9,1,138,9822005000.0
2026,12,9,1,142,11784584676.0
2026,12,9,1,144,62858941276.0
2026,12,9,1,145,2045036133.0
2026,12,9,1,148,269192384.0
2026,12,10,1,123,4376698922.0
2026,12,10,1,125,1076728813.0
2026,12,10,1,131,2126865000.0
2026,12,10,1,133,5054028729.0
2026,12,10,1,137,947040923.0
2026,12,10,1,141,2069578907.0
2026,12,10,1,144,4148201629.0
2026,12,10,1,145,17918606165.0
2026,12,10,1,148,398950000.0
2026,12,11,1,123,1122063567.0
2026,12,11,1,125,673843565.0
2026,12,11,1,131,660781466.0
2026,12,11,1,133,3947009986.0
2026,12,11,1,137,225320000.0
2026,12,11,1,144,656135140.0
2026,12,11,1,145,1275176010.0
2026,12,11,1,161,1296336846.0
2026,12,11,1,162,684823951.0
2026,12,13,1,123,5997189439.0
2026,12,13,1,125,618770014.0
2026,12,13,1,131,1852359810.0
2026,12,13,1,133,15838798458.0
2026,12,13,1,137,946950000.0
2026,12,13,1,141,2403378753.0
2026,12,13,1,144,5330487295.0
2026,12,13,1,145,1736491003.0
2026,12,14,1,131,178000000.0
2026,12,14,1,133,1270579867.0
2026,12,14,1,137,91099333.0
2026,12,14,1,144,809924816.0
2026,12,14,1,145,1501713260.0
2026,12,16,1,123,2113524681.0
2026,12,16,1,125,898649303.0
2026,12,16,1,131,1196721064.0
2026,12,16,1,133,9408833196.0
2026,12,16,1,137,268863231.0
2026,12,16,1,141,491784446.0
2026,12,16,1,144,6714912794.0
2026,12,16,1,145,10330889652.0
2026,12,16,1,148,10973179792.0
2026,12,17,1,123,1667467514.0
2026,12,17,1,125,499601804.0
2026,12,17,1,131,1490110672.0
2026,12,17,1,133,3384856872.0
2026,12,17,1,136,407000000.0
2026,12,17,1,137,135400000.0
2026,12,17,1,144,1033621761.0
2026,12,17,1,145,1676401988.0
2026,12,18,1,123,574032589.0
2026,12,18,1,125,30448912.0
2026,12,18,1,131,286000000.0
2026,12,18,1,133,2826355541.0
2026,12,18,1,137,616100000.0
2026,12,18,1,141,1681940526.0
2026,12,18,1,144,17555567620.0
2026,12,18,1,145,9625739024.0
2026,12,19,1,123,2040067127.0
2026,12,19,1,125,1520407102.0
2026,12,19,1,131,1947194677.0
2026,12,19,1,133,5208885630.0
2026,12,19,1,137,400391000.0
2026,12,19,1,144,1467135824.0
2026,12,19,1,145,4863851034.0
2026,12,20,1,123,33319379.0
2026,12,20,1,125,91867433.0
2026,12,20,1,131,266297144.0
2026,12,20,1,133,2901570765.0
2026,12,20,1,137,58685727.0
2026,12,20,1,141,554684888.0
2026,12,20,1,144,2267474345.0
2026,12,20,1,145,4948867080.0
2026,12,21,1,123,117379936.0
2026,12,21,1,125,59364017.0
2026,12,21,1,131,159360000.0
2026,12,21,1,133,2820185208.0
2026,12,21,1,137,41416086.0
2026,12,21,1,144,1696338893.0
2026,12,21,1,145,9863590000.0
2026,13,1,1,123,3558534554.0
2026,13,1,1,131,593185000.0
2026,13,1,1,133,38991160957.0
2026,13,1,1,137,353758000.0
2026,13,1,1,144,327592424.0
2026,13,1,1,145,428005834.0
2026,13,2,1,123,576616800.0
2026,13,2,1,131,3296000000.0
2026,13,2,1,133,16460967972.0
2026,13,2,1,137,516800000.0
2026,13,2,1,142,78400000.0
2026,13,2,1,144,24806129443.0
2026,13,2,1,145,7506987180.0
2026,13,3,1,123,530100000.0
2026,13,3,1,131,4232308608.0
2026,13,3,1,133,61159848191.0
2026,13,3,1,137,2172933334.0
2026,13,3,1,141,21140000.0
2026,13,3,1,144,6610549521.0
2026,13,3,1,145,2446462355.0
2026,13,4,1,123,383288543.0
2026,13,4,1,125,186543908.0
2026,13,4,1,131,150000000.0
2026,13,4,1,133,2640784133.0
2026,13,4,1,137,169902202.0
2026,13,4,1,144,1174578482.0
2026,13,4,1,145,1107510260.0
2026,13,4,1,148,417972000.0
2026,13,5,1,131,607999905.0
2026,13,5,1,133,3180644406.0
2026,13,5,1,137,160266667.0
2026,13,5,1,144,935053352.0
2026,13,5,1,145,1379210000.0
2026,13,6,1,123,105026347.0
2026,13,6,1,125,2658716.0
2026,13,6,1,131,24710000.0
2026,13,6,1,133,2358911494.0
2026,13,6,1,137,340000000.0
2026,13,6,1,144,5023922750.0
2026,13,6,1,145,7076782590.0
2026,13,7,1,133,1332788064.0
2026,13,7,1,137,27135096.0
2026,13,7,1,144,447062912.0
2026,13,7,1,145,48000000.0
2026,14,1,1,131,584117632.0
2026,14,1,1,133,7499003194.0
2026,14,1,1,137,131100000.0
2026,14,1,1,144,808538783.0
2026,14,1,1,145,1316802358.0
2026,15,1,1,133,481185059.0
2026,15,1,1,137,21000000.0
2026,15,1,1,144,790035791.0
2026,15,1,1,145,1155679096.0
2026,15,2,1,131,104198096.0
2026,15,2,1,133,493050000.0
2026,15,2,1,144,30189832.0
2026,15,2,1,145,74400000.0
2026,21,1,1,123,457176343.0
2026,21,1,1,125,113746312.0
2026,21,1,1,131,5877816507.0
2026,21,1,1,133,19211732667.0
2026,21,1,1,145,1180140000.0
2026,22,1,1,123,61495065.0
2026,22,1,1,131,4760000.0
2026,22,1,1,133,230135822.0
2026,22,1,1,144,690231330.0
2026,22,1,1,145,386929251.0
2026,22,2,1,123,18771222.0
2026,22,2,1,133,176547126.0
2026,22,2,1,144,1559450114.0
2026,22,2,1,145,61076156.0
2026,22,3,1,133,552480050.0
2026,22,3,1,144,496160822.0
2026,22,3,1,145,163680536.0
2026,22,4,1,133,241228760.0
2026,22,4,1,144,1192026990.0
2026,22,4,1,145,373554550.0
2026,22,5,1,142,18000000.0
2026,22,5,1,144,1547920000.0
2026,22,5,1,145,653100000.0
2026,22,5,1,147,198500000.0
2026,22,6,1,131,840000.0
2026,22,6,1,133,331693080.0
2026,22,6,1,144,536180560.0
2026,22,6,1,145,38650000.0
2026,22,7,1,133,522701388.0
2026,22,7,1,142,190859156.0
2026,22,7,1,144,1596669902.0
2026,22,7,1,145,194009728.0
2026,22,8,1,133,210550000.0
2026,22,8,1,144,102430217.0
2026,22,8,1,145,38710876.0
2026,22,9,1,133,156649160.0
2026,22,9,1,144,1249693162.0
2026,22,9,1,145,365928000.0
2026,22,10,1,123,165276442.0
2026,22,10,1,131,7560000.0
2026,22,10,1,133,659576632.0
2026,22,10,1,144,3590392661.0
2026,22,10,1,145,1332441588.0
2026,22,11,1,131,651517560.0
2026,22,11,1,133,3379724660.0
2026,22,11,1,137,47880000.0
2026,22,11,1,144,1072372861.0
2026,22,11,1,145,811803468.0
2026,22,12,1,131,2485000.0
2026,22,12,1,133,319091957.0
2026,22,12,1,144,685628488.0
2026,22,13,1,131,4200000.0
2026,22,13,1,133,188157935.0
2026,22,13,1,141,90945297.0
2026,22,13,1,142,314482055.0
2026,22,13,1,144,1035636756.0
2026,22,13,1,145,382842146.0
2026,22,14,1,144,745583632.0
2026,22,15,1,133,214127656.0
2026,22,15,1,144,1591796199.0
2026,22,15,1,145,613359952.0
2026,22,16,1,133,1570524239.0
2026,22,16,1,141,87247006.0
2026,22,16,1,142,1174594180.0
2026,22,16,1,144,1443080030.0
2026,22,16,1,145,1185788416.0
2026,22,17,1,123,50151464.0
2026,22,17,1,132,21064000.0
2026,22,17,1,133,389894544.0
2026,23,1,1,123,347750885.0
2026,23,1,1,125,92338191.0
2026,23,1,1,131,1194146862.0
2026,23,1,1,133,2361922869.0
2026,23,1,1,144,1434245015.0
2026,23,1,1,145,903304214.0
2026,23,3,1,123,608472122.0
2026,23,3,1,125,420966593.0
2026,23,3,1,133,3732659803.0
2026,23,3,1,137,223999995.0
2026,23,3,1,144,1106707363.0
2026,23,3,1,145,1010821081.0
2026,23,4,1,123,288010930.0
2026,23,4,1,125,55370957.0
2026,23,4,1,131,323245636.0
2026,23,4,1,133,1431387676.0
2026,23,4,1,137,29218284.0
2026,23,4,1,144,677921959.0
2026,23,4,1,145,493318923.0
2026,23,6,1,122,140756778.0
2026,23,6,1,131,144952400.0
2026,23,6,1,133,1046869388.0
2026,23,6,1,137,49520424.0
2026,23,6,1,144,309940670.0
2026,23,6,1,145,508940431.0
2026,23,8,1,123,46049928.0
2026,23,8,1,131,52099271.0
2026,23,8,1,133,496377482.0
2026,23,8,1,144,167634438.0
2026,23,8,1,145,85604798.0
2026,23,10,1,122,14000000.0
2026,23,10,1,123,1206135637.0
2026,23,10,1,125,387544571.0
2026,23,10,1,131,1623466890.0
2026,23,10,1,133,3838615723.0
2026,23,10,1,137,88000000.0
2026,23,10,1,141,103042691.0
2026,23,10,1,144,485479179.0
2026,23,10,1,145,428689502.0
2026,23,11,1,133,1007254238.0
2026,23,11,1,137,15321600.0
2026,23,11,1,144,677402124.0
2026,23,11,1,145,230840588.0
2026,23,13,1,123,138467818.0
2026,23,13,1,133,1222351851.0
2026,23,13,1,144,362833324.0
2026,23,13,1,145,517930760.0
2026,23,14,1,131,626194368.0
2026,23,14,1,133,2501743310.0
2026,23,14,1,144,794582778.0
2026,23,14,1,145,1572353688.0
2026,23,16,1,123,2765975160.0
2026,23,16,1,125,1875814731.0
2026,23,16,1,131,6026994832.0
2026,23,16,1,133,8563262738.0
2026,23,16,1,137,151116663.0
2026,23,16,1,144,704133120.0
2026,23,16,1,145,2565932805.0
2026,23,17,1,123,57186672.0
2026,23,17,1,125,48692408.0
2026,23,17,1,131,249223128.0
2026,23,17,1,133,732942150.0
2026,23,17,1,137,26880000.0
2026,23,17,1,144,23272545.0
2026,23,17,1,145,174941768.0
2026,23,18,1,122,1251311663.0
2026,23,18,1,123,1754165930.0
2026,23,18,1,125,1248631934.0
2026,23,18,1,131,2511585088.0
2026,23,18,1,133,3751689067.0
2026,23,18,1,137,23749200.0
2026,23,18,1,144,304525474.0
2026,23,18,1,145,1550832835.0
2026,23,19,1,123,1115829837.0
2026,23,19,1,125,613238604.0
2026,23,19,1,131,817531536.0
2026,23,19,1,133,2793305077.0
2026,23,19,1,137,73250837.0
2026,23,19,1,144,1244963527.0
2026,23,19,1,145,2259323563.0
2026,23,20,1,122,49074076.0
2026,23,20,1,123,75962599.0
2026,23,20,1,125,21041742.0
2026,23,20,1,131,788070000.0
2026,23,20,1,133,2181381136.0
2026,23,20,1,137,84800000.0
2026,23,20,1,141,30150096.0
2026,23,20,1,144,548309504.0
2026,23,20,1,145,355169536.0
2026,23,22,1,122,14000000.0
2026,23,22,1,123,514876443.0
2026,23,22,1,125,281660004.0
2026,23,22,1,131,504180000.0
2026,23,22,1,133,1586353625.0
2026,23,22,1,137,189238717.0
2026,23,22,1,144,2212244281.0
2026,23,22,1,145,1354899182.0
2026,23,24,1,123,552830722.0
2026,23,24,1,133,1927097466.0
2026,23,24,1,137,17887680.0
2026,23,24,1,141,244588515.0
2026,23,24,1,144,878695944.0
2026,23,24,1,145,183453685.0
2026,23,25,1,123,326817295.0
2026,23,25,1,125,92679184.0
2026,23,25,1,131,514934352.0
2026,23,25,1,133,1695934731.0
2026,23,25,1,137,63072000.0
2026,23,25,1,145,375370214.0
2026,23,26,1,123,62512454.0
2026,23,26,1,131,122266000.0
2026,23,26,1,133,668358179.0
2026,23,27,1,123,66769320.0
2026,23,27,1,131,82000000.0
2026,23,27,1,133,404686752.0
2026,23,27,1,145,73493938.0
2026,23,28,1,123,95678580.0
2026,23,28,1,125,13945483.0
2026,23,28,1,131,148163824.0
2026,23,28,1,133,785302963.0
2026,23,28,1,144,265665887.0
2026,23,28,1,145,520055456.0
2026,23,29,1,123,135185492.0
2026,23,29,1,125,132273232.0
2026,23,29,1,131,138567632.0
2026,23,29,1,133,487002356.0
2026,23,29,1,145,75357137.0
2026,23,30,1,123,69229847.0
2026,23,30,1,125,637451.0
2026,23,30,1,131,264737368.0
2026,23,30,1,133,892436292.0
2026,23,30,1,144,52750622.0
2026,23,31,1,133,512656296.0
2026,23,31,1,137,5917540.0
2026,23,32,1,123,13876380.0
2026,23,32,1,131,139154304.0
2026,23,32,1,133,723434677.0
2026,23,32,1,137,211596240.0
2026,23,32,1,145,126258150.0
2026,23,33,1,131,16119233.0
2026,23,33,1,132,162672150.0
2026,23,33,1,133,425868855.0
2026,23,33,1,148,175590000.0
2026,23,34,1,131,44570000.0
2026,23,34,1,132,469418415.0
2026,23,34,1,133,291477960.0
2026,23,34,1,147,59533333.0
2026,23,34,1,148,921502000.0
2026,23,35,1,131,28990480.0
2026,23,35,1,133,213890468.0
2026,23,35,1,137,8664963.0
2026,23,35,1,142,436425948.0
2026,23,35,1,144,86345062.0
2026,23,35,1,145,228531596.0
2026,23,36,1,123,632108543.0
2026,23,36,1,125,158735623.0
2026,23,36,1,131,195184509.0
2026,23,36,1,133,1117983021.0
2026,23,36,1,137,202749962.0
2026,23,36,1,141,6670279206.0
2026,23,36,1,144,3618865631.0
2026,23,36,1,145,5259594996.0
2026,23,36,1,148,42480000.0
2026,23,37,1,131,43485720.0
2026,23,37,1,133,243213050.0
2026,23,38,1,123,1794762089.0
2026,23,38,1,125,1268317416.0
2026,23,38,1,131,1550893777.0
2026,23,38,1,133,3527720993.0
2026,23,38,1,137,432111524.0
2026,23,38,1,142,4099774462.0
2026,23,38,1,144,163836475.0
2026,23,38,1,145,535652407.0
2026,23,39,1,122,762914222.0
2026,23,39,1,123,801570319.0
2026,23,39,1,125,305054869.0
2026,23,39,1,131,1247300000.0
2026,23,39,1,133,3357214726.0
2026,23,39,1,137,210878254.0
2026,23,39,1,144,7621509797.0
2026,23,39,1,145,4838000114.0
2026,23,40,1,122,8289511567.0
2026,23,40,1,123,17730289582.0
2026,23,40,1,125,2297782795.0
2026,23,40,1,131,8516023774.0
2026,23,40,1,133,26913916588.0
2026,23,40,1,137,3610476637.0
2026,23,40,1,144,2623734753.0
2026,23,40,1,145,2535257021.0
2026,24,1,1,123,3412070250.0
2026,24,1,1,125,14335185853.0
2026,24,1,1,131,29448362413.0
2026,24,1,1,133,163283991931.0
2026,24,1,1,137,6056001973.0
2026,24,1,1,142,315559856660.0
2026,24,1,1,143,1262869257.0
2026,24,1,1,144,43881880156.0
2026,24,1,1,145,1476006800.0
2026,24,2,1,123,13700000.0
2026,24,2,1,131,5800000.0
2026,24,4,1,122,30092052.0
2026,24,4,1,123,55892132.0
2026,24,4,1,131,1330594349.0
2026,24,4,1,133,118640589.0
2026,24,4,1,142,8534545.0
2026,24,4,1,144,332448609.0
2026,24,4,1,145,263865696.0
2026,24,5,1,133,1139985245.0
2026,24,5,1,137,13846152.0
2026,24,5,1,142,3276000.0
2026,24,5,1,144,457762200.0
2026,24,5,1,145,368834452.0
2026,25,2,1,122,5961339741.0
2026,25,2,1,123,36372775716.0
2026,25,2,1,125,62627596464.0
2026,25,2,1,131,20464237110.0
2026,25,2,1,133,134842675358.0
2026,25,2,1,137,1020140000.0
2026,25,2,1,141,285704389.0
2026,25,2,1,144,13501930348.0
2026,25,2,1,145,2884860440.0
2026,25,4,1,122,1598336100.0
2026,25,4,1,123,1213031232.0
2026,25,4,1,131,635577152.0
2026,25,4,1,133,3448525587.0
2026,25,4,1,144,2271612727.0
2026,25,5,1,122,1855980001.0
2026,25,5,1,123,332348546.0
2026,25,5,1,125,1866833.0
2026,25,5,1,131,1328350000.0
2026,25,5,1,133,12569741781.0
2026,25,5,1,141,1065902768.0
2026,25,5,1,142,144528000.0
2026,25,5,1,144,9300752703.0
2026,25,5,1,145,2086517960.0
2026,25,6,1,123,446113696.0
2026,25,6,1,125,1164707951.0
2026,25,6,1,131,1342864936.0
2026,25,6,1,133,29059233067.0
2026,25,6,1,142,211002604.0
2026,25,6,1,144,6090539479.0
2026,25,6,1,145,2366184375.0
2026,25,7,1,123,3464765558.0
2026,25,7,1,131,2917219759.0
2026,25,7,1,133,14541887221.0
2026,25,7,1,137,64600000.0
2026,25,7,1,142,164608017.0
2026,25,7,1,144,8424579003.0
2026,25,7,1,145,2042912973.0
2026,27,1,1,122,1382245902.0
2026,27,1,1,123,9349502340.0
2026,27,1,1,125,2969598579.0
2026,27,1,1,131,14273539871.0
2026,27,1,1,133,28380626594.0
2026,27,1,1,144,2980327513.0
2026,27,1,1,145,6113769545.0
2026,27,3,1,122,76499048.0
2026,27,3,1,123,412783537.0
2026,27,3,1,125,16272309.0
2026,27,3,1,131,467586672.0
2026,27,3,1,133,1710022066.0
2026,27,3,1,135,1282221934.0
2026,27,3,1,141,51325812.0
2026,27,3,1,145,1164614540.0
2026,27,5,1,133,20570770.0
2026,27,5,1,144,12877356.0
2026,27,7,1,123,95949342.0
2026,27,7,1,125,34881965.0
2026,27,7,1,131,596133073.0
2026,27,7,1,133,2661077166.0
2026,27,7,1,144,79401097.0
2026,28,1,1,123,948085340.0
2026,28,1,1,125,235836123.0
2026,28,1,1,131,4589362879.0
2026,28,1,1,133,59076483387.0
2026,28,1,1,137,231923840.0
2026,28,1,1,141,151319969.0
2026,28,1,1,142,16704777165.0
2026,28,1,1,144,13403236259.0
2026,28,1,1,145,7231090426.0
2026,28,1,1,147,21010908.0
2026,28,1,1,148,16335912943.0
2026,28,2,1,123,19718024.0
2026,28,2,1,125,10139200.0
2026,28,2,1,131,231495000.0
2026,28,2,1,133,4053446360.0
2026,28,2,1,144,2700650010.0
2026,28,2,1,145,1292552208.0
2026,28,2,1,148,295170883.0
2026,28,3,1,123,7409728.0
2026,28,3,1,125,19671423.0
2026,28,3,1,131,560000.0
2026,28,3,1,133,3418178955.0
2026,28,3,1,141,24446032.0
2026,28,3,1,144,890346060.0
2026,28,3,1,145,112058192.0
2026,28,4,1,122,0.0
2026,28,4,1,123,9218281.0
2026,28,4,1,125,13735760.0
2026,28,4,1,131,1943180.0
2026,28,4,1,132,595569500.0
2026,28,4,1,133,1692923935.0
2026,28,4,1,144,1784184852.0
2026,28,4,1,145,191600000.0
2026,28,4,1,148,247151696.0
2026,28,6,1,133,1291240622.0
2026,28,6,1,144,285400000.0
2026,28,7,1,131,17024000.0
2026,28,7,1,133,745050533.0
2026,28,7,1,144,20000000.0
2026,28,7,1,145,104851096.0
2026,28,7,1,148,140620874.0
2026,28,8,1,133,657798000.0
2026,28,8,1,144,24296184.0
2026,28,9,1,133,1530942391.0
2026,28,9,1,145,103595457.0
2026,28,10,1,133,2317832489.0
2026,28,10,1,145,30000000.0
2026,28,10,1,148,250850000.0
2026,30,1,2,133,382374800.0
2026,30,1,2,141,36000000.0
2026,30,1,2,144,4191717280.0
2026,30,1,2,145,77634550.0
2026,30,1,3,144,261420000.0
2026,30,1,4,133,53964307.0
2026,30,1,4,144,858900000.0
2026,30,1,4,145,64000000.0
2026,30,1,5,123,175200000.0
2026,30,1,5,144,211270000.0
2026,30,1,6,133,27200000.0
2026,30,1,6,144,286316800.0
2026,30,1,237,144,217200000.0
2026,30,1,238,144,160900000.0
2026,30,1,241,133,24000000.0
2026,30,1,241,144,221600000.0
2026,30,1,248,144,67300000.0
2026,30,1,249,133,6400000.0
2026,30,1,249,144,215400000.0
2026,30,1,257,123,0.0
2026,30,1,257,133,57880000.0
2026,30,1,257,144,194550000.0
2026,30,1,257,145,45500000.0
2026,30,1,263,133,14000000.0
2026,30,1,524,144,104400000.0
2026,30,2,8,133,10500000.0
2026,30,2,8,144,418502500.0
2026,30,2,8,145,36000000.0
2026,30,2,10,133,8000000.0
2026,30,2,10,144,316484296.0
2026,30,2,10,145,59200000.0
2026,30,2,11,122,7600000.0
2026,30,2,11,133,4400000.0
2026,30,2,11,144,88600000.0
2026,30,2,12,131,3500000.0
2026,30,2,12,144,179492658.0
2026,30,2,12,145,9545452.0
2026,30,2,13,133,20800000.0
2026,30,2,13,144,387700000.0
2026,30,2,13,145,52000000.0
2026,30,2,14,144,71600000.0
2026,30,2,15,144,709340000.0
2026,30,2,16,133,23040000.0
2026,30,2,16,144,431400000.0
2026,30,2,16,145,20000000.0
2026,30,2,17,144,118575000.0
2026,30,2,18,144,550760000.0
2026,30,2,19,144,154100000.0
2026,30,2,20,144,203650000.0
2026,30,2,20,145,15600000.0
2026,30,2,22,144,317900000.0
2026,30,2,23,133,43040000.0
2026,30,2,23,144,211236344.0
2026,30,2,23,145,54690904.0
2026,30,2,24,144,606740000.0
2026,30,2,24,145,40000000.0
2026,30,2,25,144,444050000.0
2026,30,2,25,145,49200000.0
2026,30,2,26,133,8400000.0
2026,30,2,26,144,837620000.0
2026,30,2,239,133,8000000.0
2026,30,2,239,144,331700000.0
2026,30,2,239,145,3500000.0
2026,30,2,260,144,159600000.0
2026,30,3,27,141,1073444968.0
2026,30,3,27,142,23427274.0
2026,30,3,27,144,2679351503.0
2026,30,3,27,145,82418182.0
2026,30,3,28,141,5000000.0
2026,30,3,28,144,958840000.0
2026,30,3,28,145,40400000.0
2026,30,3,29,144,120290000.0
2026,30,3,29,145,9000000.0
2026,30,3,31,144,273800000.0
2026,30,3,31,145,158850000.0
2026,30,3,31,148,59100000.0
2026,30,3,32,144,828125449.0
2026,30,3,32,145,30590910.0
2026,30,3,33,144,717380802.0
2026,30,3,33,145,306238721.0
2026,30,3,34,133,5600000.0
2026,30,3,34,144,265000000.0
2026,30,3,34,145,24934546.0
2026,30,3,35,133,40000000.0
2026,30,3,35,141,55355000.0
2026,30,3,35,143,8800000.0
2026,30,3,35,144,354840000.0
2026,30,3,35,145,66400000.0
2026,30,3,37,144,283750000.0
2026,30,3,37,145,47000000.0
2026,30,3,38,144,154895348.0
2026,30,3,39,144,287257308.0
2026,30,3,39,145,110400000.0
2026,30,3,40,141,95320000.0
2026,30,3,40,144,224400000.0
2026,30,3,40,145,67200000.0
2026,30,3,42,133,143600000.0
2026,30,3,42,142,658694611.0
2026,30,3,42,144,2926502905.0
2026,30,3,42,145,594484714.0
2026,30,3,43,144,253560000.0
2026,30,3,44,133,6000000.0
2026,30,3,44,144,593000000.0
2026,30,3,44,145,86875000.0
2026,30,3,45,133,0.0
2026,30,3,45,144,37100000.0
2026,30,3,46,144,114940000.0
2026,30,4,47,133,339000000.0
2026,30,4,47,142,256609092.0
2026,30,4,47,144,2624040135.0
2026,30,4,47,145,104091817.0
2026,30,4,48,144,97600000.0
2026,30,4,49,144,166650000.0
2026,30,4,50,133,2400000.0
2026,30,4,50,144,208700000.0
2026,30,4,50,145,40000000.0
2026,30,4,51,144,315617533.0
2026,30,4,53,144,638460000.0
2026,30,4,53,145,16000000.0
2026,30,4,54,133,5040000.0
2026,30,4,54,144,286347000.0
2026,30,4,54,145,27900000.0
2026,30,4,55,144,269840000.0
2026,30,4,56,144,260000000.0
2026,30,4,57,144,170800000.0
2026,30,4,58,144,173600000.0
2026,30,4,59,144,128350000.0
2026,30,4,60,144,211480765.0
2026,30,4,61,133,15288000.0
2026,30,4,61,144,228780000.0
2026,30,4,61,145,22400000.0
2026,30,4,62,144,124700000.0
2026,30,4,62,145,25200000.0
2026,30,4,63,144,375310234.0
2026,30,4,63,145,8250000.0
2026,30,4,234,144,309351000.0
2026,30,4,234,145,40000000.0
2026,30,5,64,144,4275642000.0
2026,30,5,64,145,105400000.0
2026,30,5,67,133,40960000.0
2026,30,5,67,144,227300000.0
2026,30,5,67,145,11672727.0
2026,30,5,68,133,23200000.0
2026,30,5,68,144,146400000.0
2026,30,5,69,144,370140000.0
2026,30,5,69,145,174341825.0
2026,30,5,70,123,500000.0
2026,30,5,70,133,28800000.0
2026,30,5,70,135,2500000.0
2026,30,5,70,144,600994700.0
2026,30,5,70,145,65700000.0
2026,30,5,71,144,207600000.0
2026,30,5,72,144,284400000.0
2026,30,5,73,133,51400000.0
2026,30,5,73,144,395921818.0
2026,30,5,74,135,0.0
2026,30,5,74,144,0.0
2026,30,5,74,145,0.0
2026,30,5,76,144,234400000.0
2026,30,5,76,145,144000000.0
2026,30,5,77,133,31500000.0
2026,30,5,77,144,263018176.0
2026,30,5,77,145,150133657.0
2026,30,5,78,133,20250000.0
2026,30,5,78,134,7875000.0
2026,30,5,78,142,4500000.0
2026,30,5,78,144,281450000.0
2026,30,5,78,145,20000000.0
2026,30,5,79,133,7200000.0
2026,30,5,79,141,12000000.0
2026,30,5,79,144,301714072.0
2026,30,5,79,145,48100000.0
2026,30,5,81,144,133400000.0
2026,30,5,81,145,13200000.0
2026,30,5,82,133,14080000.0
2026,30,5,82,144,229200000.0
2026,30,5,82,145,24000000.0
2026,30,5,83,133,12480000.0
2026,30,5,83,144,59200000.0
2026,30,5,233,144,261900000.0
2026,30,5,243,144,179100000.0
2026,30,5,243,145,77000000.0
2026,30,6,84,133,15200000.0
2026,30,6,84,144,684300000.0
2026,30,6,84,145,52000000.0
2026,30,6,85,144,495100000.0
2026,30,6,86,133,0.0
2026,30,6,86,144,0.0
2026,30,6,87,144,148250000.0
2026,30,6,88,144,205100000.0
2026,30,6,88,145,8400000.0
2026,30,6,89,144,195800000.0
2026,30,6,89,145,16000000.0
2026,30,6,90,144,695000000.0
2026,30,6,90,145,12000000.0
2026,30,6,91,144,201800000.0
2026,30,6,92,144,332220000.0
2026,30,6,92,145,164980000.0
2026,30,6,93,123,0.0
2026,30,6,93,133,24000000.0
2026,30,6,93,144,607860000.0
2026,30,6,93,145,76400000.0
2026,30,7,94,133,182900000.0
2026,30,7,94,141,1420959022.0
2026,30,7,94,142,1088846130.0
2026,30,7,94,144,14750474099.0
2026,30,7,94,145,1325833000.0
2026,30,7,95,123,39979301.0
2026,30,7,95,133,6283868.0
2026,30,7,95,144,934170138.0
2026,30,7,95,145,163653208.0
2026,30,7,96,123,2175271.0
2026,30,7,96,131,280000.0
2026,30,7,96,133,15000000.0
2026,30,7,96,137,7876532.0
2026,30,7,96,141,20880000.0
2026,30,7,96,142,87000000.0
2026,30,7,96,144,3390465721.0
2026,30,7,96,145,651184215.0
2026,30,7,97,133,42688800.0
2026,30,7,97,142,27960000.0
2026,30,7,97,144,541855000.0
2026,30,7,97,145,176500000.0
2026,30,7,98,133,140700000.0
2026,30,7,98,141,126217500.0
2026,30,7,98,144,754865500.0
2026,30,7,98,145,97969095.0
2026,30,7,99,142,0.0
2026,30,7,99,144,0.0
2026,30,7,99,145,0.0
2026,30,7,100,133,5200000.0
2026,30,7,100,144,223708000.0
2026,30,7,100,145,0.0
2026,30,7,101,131,17794000.0
2026,30,7,101,133,8000000.0
2026,30,7,101,137,34400000.0
2026,30,7,101,144,1014897000.0
2026,30,7,101,145,54400000.0
2026,30,7,102,142,188000000.0
2026,30,7,102,144,780100000.0
2026,30,7,103,131,1440000.0
2026,30,7,103,133,24120000.0
2026,30,7,103,141,113900000.0
2026,30,7,103,142,11500000.0
2026,30,7,103,144,684800000.0
2026,30,7,103,145,17600000.0
2026,30,7,104,123,5501376.0
2026,30,7,104,133,218333333.0
2026,30,7,104,143,51150910.0
2026,30,7,104,144,563798891.0
2026,30,7,104,145,124071358.0
2026,30,7,106,144,151800000.0
2026,30,7,106,145,20000000.0
2026,30,7,107,123,83418203.0
2026,30,7,107,133,162020412.0
2026,30,7,107,141,45600000.0
2026,30,7,107,143,6400000.0
2026,30,7,107,144,1396448459.0
2026,30,7,107,145,126107667.0
2026,30,7,108,144,349100000.0
2026,30,7,108,145,28000000.0
2026,30,7,109,133,1200000.0
2026,30,7,109,144,314100000.0
2026,30,7,109,145,3000000.0
2026,30,7,110,133,43754801.0
2026,30,7,110,141,40000000.0
2026,30,7,110,144,1763986718.0
2026,30,7,110,145,245600000.0
2026,30,7,111,142,27000000.0
2026,30,7,111,144,464110920.0
2026,30,7,111,145,49609092.0
2026,30,7,112,142,24600000.0
2026,30,7,112,144,585400000.0
2026,30,7,113,133,16000000.0
2026,30,7,113,144,911550000.0
2026,30,7,113,145,16800000.0
2026,30,7,114,133,7799000.0
2026,30,7,114,141,13000000.0
2026,30,7,114,142,141100000.0
2026,30,7,114,143,26400000.0
2026,30,7,114,144,938438500.0
2026,30,7,114,145,205600000.0
2026,30,7,115,123,19096500.0
2026,30,7,115,133,8000000.0
2026,30,7,115,141,14000000.0
2026,30,7,115,142,20000000.0
2026,30,7,115,144,360200000.0
2026,30,7,115,145,97000000.0
2026,30,7,116,123,3000000.0
2026,30,7,116,133,27200000.0
2026,30,7,116,135,5700000.0
2026,30,7,116,141,40309092.0
2026,30,7,116,142,53400000.0
2026,30,7,116,144,588202531.0
2026,30,7,116,145,48380004.0
2026,30,7,117,135,19366500.0
2026,30,7,117,141,72000000.0
2026,30,7,117,142,8000000.0
2026,30,7,117,144,1157724556.0
2026,30,7,117,145,205200000.0
2026,30,7,118,133,22400000.0
2026,30,7,118,143,17000000.0
2026,30,7,118,144,372200000.0
2026,30,7,118,145,48000000.0
2026,30,7,119,123,3050908.0
2026,30,7,119,133,21700000.0
2026,30,7,119,144,214882398.0
2026,30,7,119,145,29500000.0
2026,30,7,120,144,400400000.0
2026,30,7,120,145,8000000.0
2026,30,7,121,133,41830000.0
2026,30,7,121,144,1608881853.0
2026,30,7,121,145,270334782.0
2026,30,7,122,123,2730600.0
2026,30,7,122,125,2410000.0
2026,30,7,122,141,62845960.0
2026,30,7,122,142,29882182.0
2026,30,7,122,144,641664970.0
2026,30,7,122,145,240271416.0
2026,30,7,123,133,2400000.0
2026,30,7,123,144,251400000.0
2026,30,7,123,145,15000000.0
2026,30,8,124,144,384305000.0
2026,30,8,125,125,49155040.0
2026,30,8,125,133,209911104.0
2026,30,8,125,134,54420000.0
2026,30,8,125,141,38150000.0
2026,30,8,125,144,1320888512.0
2026,30,8,125,145,353894277.0
2026,30,8,126,123,10256933.0
2026,30,8,126,125,65905916.0
2026,30,8,126,133,86451725.0
2026,30,8,126,134,132080000.0
2026,30,8,126,141,101941816.0
2026,30,8,126,144,2363140129.0
2026,30,8,126,145,284754215.0
2026,30,8,127,133,4600000.0
2026,30,8,127,144,274609340.0
2026,30,8,127,145,136168384.0
2026,30,8,129,144,0.0
2026,30,8,129,145,0.0
2026,30,8,130,144,1136356666.0
2026,30,8,130,145,198700000.0
2026,30,8,131,133,15050000.0
2026,30,8,131,135,9835200.0
2026,30,8,131,144,481200000.0
2026,30,8,131,145,32300000.0
2026,30,8,132,141,35100000.0
2026,30,8,132,144,172400000.0
2026,30,8,132,145,13500000.0
2026,30,9,134,144,173674263.0
2026,30,9,134,145,30752932.0
2026,30,9,134,148,0.0
2026,30,9,135,133,62640000.0
2026,30,9,135,144,191550000.0
2026,30,9,135,145,40000000.0
2026,30,9,136,133,34185000.0
2026,30,9,137,133,1000000.0
2026,30,9,137,144,249777278.0
2026,30,9,137,145,73927272.0
2026,30,9,138,141,629478000.0
2026,30,9,138,144,7020000.0
2026,30,9,139,144,98781210.0
2026,30,9,139,145,39000000.0
2026,30,9,140,133,43200000.0
2026,30,9,140,144,452480000.0
2026,30,9,140,145,17600000.0
2026,30,9,141,144,237680000.0
2026,30,9,141,145,60000000.0
2026,30,9,142,144,458011548.0
2026,30,9,142,145,298388461.0
2026,30,9,143,133,13500000.0
2026,30,9,143,142,61600000.0
2026,30,9,143,144,627128632.0
2026,30,9,144,133,8000000.0
2026,30,9,144,144,271000000.0
2026,30,9,145,133,29700000.0
2026,30,9,145,144,110200000.0
2026,30,9,146,133,16000000.0
2026,30,9,146,144,123760000.0
2026,30,9,147,144,182350000.0
2026,30,9,148,133,52800000.0
2026,30,9,148,144,1017322000.0
2026,30,9,148,145,34100000.0
2026,30,9,149,133,7250032.0
2026,30,9,149,144,600600000.0
2026,30,9,149,145,48000000.0
2026,30,9,150,133,15400000.0
2026,30,9,150,144,165790000.0
2026,30,9,150,145,67000000.0
2026,30,10,151,123,32600000.0
2026,30,10,151,133,3067332664.0
2026,30,10,151,142,3222226333.0
2026,30,10,151,144,51005279051.0
2026,30,10,151,145,2053416665.0
2026,30,10,152,123,3150000.0
2026,30,10,152,133,185800000.0
2026,30,10,152,144,5944905000.0
2026,30,10,152,145,91800000.0
2026,30,10,153,144,532320000.0
2026,30,10,154,133,21600000.0
2026,30,10,154,144,832800000.0
2026,30,10,154,145,175500000.0
2026,30,10,155,123,74536253.0
2026,30,10,155,133,494494400.0
2026,30,10,155,142,291800000.0
2026,30,10,155,144,5301704776.0
2026,30,10,155,145,428491776.0
2026,30,10,156,133,1500000.0
2026,30,10,156,144,518024908.0
2026,30,10,156,145,155700000.0
2026,30,10,157,133,67200000.0
2026,30,10,157,144,935207651.0
2026,30,10,157,145,164400000.0
2026,30,10,158,133,41600000.0
2026,30,10,158,142,3000000.0
2026,30,10,158,144,423800000.0
2026,30,10,158,145,24000000.0
2026,30,10,159,133,24000000.0
2026,30,10,159,144,405657367.0
2026,30,10,159,145,86800000.0
2026,30,10,160,133,59200000.0
2026,30,10,160,141,46700000.0
2026,30,10,160,144,639293000.0
2026,30,10,160,145,65640000.0
2026,30,10,161,133,36800000.0
2026,30,10,161,144,943500000.0
2026,30,10,161,145,51200000.0
2026,30,10,162,133,446500000.0
2026,30,10,162,144,2500817431.0
2026,30,10,163,133,35350000.0
2026,30,10,163,144,815168800.0
2026,30,10,163,145,80000000.0
2026,30,10,164,123,21606192.0
2026,30,10,164,133,11000000.0
2026,30,10,164,141,393711504.0
2026,30,10,164,142,189090950.0
2026,30,10,164,144,1175737043.0
2026,30,10,164,145,366251822.0
2026,30,10,165,133,43738288.0
2026,30,10,165,142,240903682.0
2026,30,10,165,144,1119922300.0
2026,30,10,165,145,111788000.0
2026,30,10,166,133,350838600.0
2026,30,10,166,142,132750000.0
2026,30,10,166,144,868212161.0
2026,30,10,166,145,149400000.0
2026,30,10,166,147,15000000.0
2026,30,10,167,133,18000000.0
2026,30,10,167,142,5836364.0
2026,30,10,167,144,854858100.0
2026,30,10,167,145,206854544.0
2026,30,10,168,133,25803020.0
2026,30,10,168,141,4700000.0
2026,30,10,168,142,68000000.0
2026,30,10,168,144,381566720.0
2026,30,10,168,145,145500000.0
2026,30,10,169,133,17500000.0
2026,30,10,169,142,135955455.0
2026,30,10,169,144,709482310.0
2026,30,10,169,145,53500000.0
2026,30,10,170,123,7560000.0
2026,30,10,170,133,13600000.0
2026,30,10,170,141,14863636.0
2026,30,10,170,142,46690904.0
2026,30,10,170,144,330444365.0
2026,30,10,170,145,224360740.0
2026,30,10,240,133,31400000.0
2026,30,10,240,144,433700000.0
2026,30,10,240,145,102800000.0
2026,30,10,246,144,124200000.0
2026,30,10,246,145,24000000.0
2026,30,11,171,133,41328000.0
2026,30,11,171,141,1435564702.0
2026,30,11,171,144,345113331.0
2026,30,11,171,145,76280348.0
2026,30,11,172,133,725840000.0
2026,30,11,172,135,945007346.0
2026,30,11,172,137,144683000.0
2026,30,11,172,141,195794077.0
2026,30,11,172,142,475570762.0
2026,30,11,172,144,15530524750.0
2026,30,11,172,145,363459546.0
2026,30,11,173,131,523098675.0
2026,30,11,173,133,392069810.0
2026,30,11,173,141,510854000.0
2026,30,11,173,144,11063118137.0
2026,30,11,174,123,5923692.0
2026,30,11,174,133,55600000.0
2026,30,11,174,141,135349201.0
2026,30,11,174,144,1945427334.0
2026,30,11,174,145,280253333.0
2026,30,11,175,133,3400000.0
2026,30,11,175,144,2530164362.0
2026,30,11,175,145,167493333.0
2026,30,11,176,133,381020000.0
2026,30,11,176,141,4491667.0
2026,30,11,176,144,4164900011.0
2026,30,11,176,145,1050380734.0
2026,30,11,177,123,2799814.0
2026,30,11,177,133,1264700000.0
2026,30,11,177,141,5550058789.0
2026,30,11,177,144,3334472374.0
2026,30,11,177,145,186800000.0
2026,30,11,178,144,2643340000.0
2026,30,11,179,123,303075451.0
2026,30,11,179,131,208789448.0
2026,30,11,179,133,1490524336.0
2026,30,11,179,141,141134194.0
2026,30,11,179,144,10237319219.0
2026,30,11,179,145,1533398953.0
2026,30,11,180,123,44200000.0
2026,30,11,180,133,496418132.0
2026,30,11,180,141,5460595471.0
2026,30,11,180,144,356907000.0
2026,30,11,180,145,703952021.0
2026,30,11,181,123,420012.0
2026,30,11,181,133,15757712.0
2026,30,11,181,135,14551663.0
2026,30,11,181,141,90426922.0
2026,30,11,181,144,509467750.0
2026,30,11,181,145,134700000.0
2026,30,11,182,133,290266667.0
2026,30,11,182,141,199500000.0
2026,30,11,182,142,404953846.0
2026,30,11,182,144,5058938327.0
2026,30,11,182,145,1777410899.0
2026,30,11,183,133,128000000.0
2026,30,11,183,144,3608030679.0
2026,30,11,183,145,395511488.0
2026,30,11,184,123,483371629.0
2026,30,11,184,125,7797042.0
2026,30,11,184,133,1428219660.0
2026,30,11,184,141,177626121.0
2026,30,11,184,142,346450000.0
2026,30,11,184,144,13064117556.0
2026,30,11,184,145,3078955289.0
2026,30,11,185,123,24505836.0
2026,30,11,185,133,344100234.0
2026,30,11,185,142,94386154.0
2026,30,11,185,143,40320000.0
2026,30,11,185,144,4155942416.0
2026,30,11,186,123,140362.0
2026,30,11,186,133,1125000.0
2026,30,11,186,135,2271055.0
2026,30,11,186,141,30322117.0
2026,30,11,186,144,2750919648.0
2026,30,11,186,145,18050000.0
2026,30,11,187,133,132400000.0
2026,30,11,187,144,881209800.0
2026,30,11,187,145,115500000.0
2026,30,11,188,133,77920000.0
2026,30,11,188,144,2913046704.0
2026,30,11,188,145,463126735.0
2026,30,11,189,144,364170400.0
2026,30,11,189,145,24000000.0
2026,30,12,190,131,45629000.0
2026,30,12,190,133,146444500.0
2026,30,12,190,141,10000000.0
2026,30,12,190,144,591962090.0
2026,30,12,190,145,221914704.0
2026,30,12,191,144,238400000.0
2026,30,12,191,145,0.0
2026,30,12,192,144,882658000.0
2026,30,12,193,133,2700000.0
2026,30,12,193,144,40800000.0
2026,30,12,194,144,144600000.0
2026,30,12,195,133,12000000.0
2026,30,12,195,144,231492304.0
2026,30,12,195,145,12000000.0
2026,30,12,196,144,500900000.0
2026,30,12,197,125,8000000.0
2026,30,12,197,144,248850000.0
2026,30,12,198,144,278950000.0
2026,30,12,199,144,70500000.0
2026,30,12,200,144,894600000.0
2026,30,12,201,144,106200000.0
2026,30,12,202,144,170800000.0
2026,30,12,203,144,343775946.0
2026,30,12,205,144,229650000.0
2026,30,13,206,123,7314743.0
2026,30,13,206,144,7082744319.0
2026,30,13,206,145,599684629.0
2026,30,13,207,144,113000000.0
2026,30,13,208,133,40000000.0
2026,30,13,208,144,434912392.0
2026,30,13,208,145,164000000.0
2026,30,13,242,144,362200000.0
2026,30,13,242,145,40000000.0
2026,30,13,250,133,6000000.0
2026,30,13,250,144,174992500.0
2026,30,14,209,144,4767854845.0
2026,30,14,209,145,280591965.0
2026,30,14,210,144,791000000.0
2026,30,14,211,123,34611002.0
2026,30,14,211,144,813876155.0
2026,30,14,211,145,55200000.0
2026,30,14,212,133,4160000.0
2026,30,14,212,144,214800000.0
2026,30,14,212,145,23040000.0
2026,30,14,213,144,256363632.0
2026,30,14,213,145,14400000.0
2026,30,14,214,133,23200000.0
2026,30,14,214,144,190800000.0
2026,30,14,215,144,274000000.0
2026,30,14,216,134,40320000.0
2026,30,14,216,144,495184000.0
2026,30,14,217,123,13562500.0
2026,30,14,217,133,86300000.0
2026,30,14,217,134,0.0
2026,30,14,217,135,0.0
2026,30,14,217,141,20783000.0
2026,30,14,217,144,2374157900.0
2026,30,14,218,133,45200000.0
2026,30,14,218,135,9607500.0
2026,30,14,218,144,649115750.0
2026,30,14,218,145,184000000.0
2026,30,14,219,133,228437000.0
2026,30,14,219,141,317278643.0
2026,30,14,219,144,1294754044.0
2026,30,14,219,145,351805703.0
2026,30,14,244,144,45900000.0
2026,30,14,244,145,51500000.0
2026,30,14,247,134,0.0
2026,30,14,247,144,406880000.0
2026,30,14,251,133,10400000.0
2026,30,14,251,144,284000000.0
2026,30,14,251,145,219600000.0
2026,30,14,255,133,33000000.0
2026,30,14,255,144,268700758.0
2026,30,14,255,145,19000000.0
2026,30,14,256,144,190858368.0
2026,30,15,220,133,282400000.0
2026,30,15,220,144,956027486.0
2026,30,15,220,145,171400000.0
2026,30,15,221,131,630000.0
2026,30,15,221,133,27000000.0
2026,30,15,221,144,1068729724.0
2026,30,15,221,145,27000000.0
2026,30,15,222,123,13400000.0
2026,30,15,222,125,10556420.0
2026,30,15,222,131,88503640.0
2026,30,15,222,133,657414960.0
2026,30,15,222,144,4409895170.0
2026,30,15,222,145,121310000.0
2026,30,15,223,144,534600000.0
2026,30,15,224,133,50460000.0
2026,30,15,224,144,738984085.0
2026,30,15,224,145,75600000.0
2026,30,15,229,144,326599040.0
2026,30,15,229,145,163200000.0
2026,30,15,232,142,12000000.0
2026,30,15,232,144,488240000.0
2026,30,15,232,145,109000000.0
2026,30,15,233,133,34250000.0
2026,30,15,233,144,385768000.0
2026,30,15,233,145,103550000.0
2026,30,15,258,133,2000000.0
2026,30,15,258,141,24000000.0
2026,30,15,258,144,327700000.0
2026,30,15,258,145,78500000.0
2026,30,15,262,133,146000000.0
2026,30,15,262,144,1698940000.0
2026,30,15,262,145,48000000.0
2026,30,16,228,133,324515000.0
2026,30,16,228,144,2470604824.0
2026,30,16,228,145,810000000.0
2026,30,16,230,133,482758667.0
2026,30,16,230,141,291500000.0
2026,30,16,230,144,4219554109.0
2026,30,16,230,145,1006700000.0
2026,30,16,231,133,46290000.0
2026,30,16,231,144,3581748792.0
2026,30,16,231,145,226822727.0
2026,30,16,261,133,35000000.0
2026,30,16,261,141,102113385.0
2026,30,16,261,143,5120000.0
2026,30,16,261,144,1449322637.0
2026,30,16,261,145,788348033.0
2026,30,17,226,144,338868192.0
2026,30,17,227,144,54654544.0
2026,30,17,235,141,41600000.0
2026,30,17,235,144,308791116.0
2026,30,17,235,145,140000000.0
2026,40,1,1,123,234610912.0
2026,40,1,1,131,2445312232.0
2026,40,1,1,133,16547722376.0
2026,40,1,1,141,49433629262.0
2026,40,2,1,123,9730360606.0
2026,40,2,1,131,5930674487.0
2026,40,2,1,133,17751693597.0
2026,40,2,1,141,93525222.0
2026,40,2,1,144,4987909548.0
2026,40,2,1,145,864753152.0
2026,40,3,1,123,16418729.0
2026,40,3,1,125,62975452.0
2026,40,3,1,131,64182375.0
2026,40,3,1,133,132593528.0
2026,40,3,1,144,48159801.0
2026,40,3,1,145,82968079.0
