anho,mes,codigo_nivel,codigo_entidad,codigo_oee,descripcion_oee,sector,vinculos,mujeres,pcd,pcd_contratado_femenino,pcd_contratado_masculino,pcd_permanente_femenino,pcd_permanente_masculino
2015,6,11,1,1,CONGRESO NACIONAL (CN),Poder Legislativo,1,0,0,0,0,0,0
2015,6,11,2,1,HONORABLE CAMARA DE SENADORES (HCS),Poder Legislativo,1,1,0,0,0,0,0
2015,6,12,1,2,PRESIDENCIA DE LA REPUBLICA / GABINETE CIVIL,Servicio civil del Ejecutivo,326,132,1,0,0,0,1
2015,6,12,1,3,GABINETE MILITAR (GM),Servicio civil del Ejecutivo,30,12,0,0,0,0,0
2015,6,12,1,4,PROCURADURIA GENERAL DE LA REPUBLICA (PGR),Servicio civil del Ejecutivo,116,51,5,2,2,0,1
2015,6,12,1,6,AUDITORIA GENERAL DEL PODER EJECUTIVO (AGPE),Servicio civil del Ejecutivo,1,1,0,0,0,0,0
2015,6,12,1,8,SECRETARIA DE LA FUNCION PUBLICA (SFP),Servicio civil del Ejecutivo,78,49,5,2,0,2,1
2015,6,12,1,11,CONSEJO DE LA DEFENSA NACIONAL (CODENA),Servicio civil del Ejecutivo,12,1,0,0,0,0,0
2015,6,12,1,12,SECRETARIA DE DESARROLLO PARA REPATRIADOS Y REFUGIADOS CONNACIONALES (SEDEREC),Servicio civil del Ejecutivo,61,28,0,0,0,0,0
2015,6,12,1,13,SECRETARIA NACIONAL DE TURISMO (SENATUR),Servicio civil del Ejecutivo,241,139,7,0,0,4,3
2015,6,12,1,14,SECRETARIA DE PREVENCION DE LAVADO DE DINERO O BIENES (SEPRELAD),Servicio civil del Ejecutivo,64,30,3,3,0,0,0
2015,6,12,1,15,CONSEJO NACIONAL DE CIENCIA Y TECNOLOGIA (CONACYT),Servicio civil del Ejecutivo,81,41,0,0,0,0,0
2015,6,12,1,22,SECRETARIA NACIONAL DE CULTURA (SNC),Servicio civil del Ejecutivo,283,168,3,0,0,2,1
2015,6,12,1,24,SECRETARIA DE INFORMACION Y COMUNICACION (SICOM),Servicio civil del Ejecutivo,191,65,3,1,0,0,2
2015,6,12,1,25,SECRETARIA DE POLITICAS LINGUISTICAS (SPL),Servicio civil del Ejecutivo,47,28,0,0,0,0,0
2015,6,12,1,26,SECRETARIA NACIONAL POR LOS DERECHOS HUMANOS DE LAS PERSONAS CON DISCAPACIDAD (SENADIS),Servicio civil del Ejecutivo,551,305,58,10,13,19,16
2015,6,12,1,29,SECRETARIA NACIONAL ANTICORRUPCION (SENAC),Servicio civil del Ejecutivo,20,10,0,0,0,0,0
2015,6,12,3,1,MINISTERIO DEL INTERIOR (MI),Servicio civil del Ejecutivo,329,118,3,0,0,0,3
2015,6,12,6,1,MINISTERIO DE ECONOMIA Y FINANZAS (MEF),Servicio civil del Ejecutivo,2317,982,5,1,1,2,1
2015,6,12,7,1,MINISTERIO DE EDUCACION Y CIENCIAS (MEC),Educación,85342,57068,30,0,0,14,16
2015,6,12,10,1,MINISTERIO DE AGRICULTURA Y GANADERIA (MAG),Servicio civil del Ejecutivo,82,34,0,0,0,0,0
2015,6,12,13,1,MINISTERIO DE OBRAS PUBLICAS Y COMUNICACIONES (MOPC),Servicio civil del Ejecutivo,3746,761,55,5,21,6,23
2015,6,12,14,1,MINISTERIO DE LA MUJER (MM),Servicio civil del Ejecutivo,185,150,2,1,1,0,0
2015,6,13,2,1,TRIBUNAL SUPERIOR DE JUSTICIA ELECTORAL (TSJE),Poder Judicial,1,0,0,0,0,0,0
2015,6,13,4,1,CONSEJO DE LA MAGISTRATURA (CM),Poder Judicial,94,53,0,0,0,0,0
2015,6,13,4,2,ESCUELA JUDICIAL (EJ),Poder Judicial,61,29,1,0,1,0,0
2015,6,15,2,1,MECANISMO NACIONAL DE PREVENCION CONTRA LA TORTURA Y OTROS TRATOS O PENAS CRUELES INHUMANOS O DEGRADANTES (MNP),Otros organismos,20,10,1,0,0,1,0
2015,6,21,1,1,BANCO CENTRAL DEL PARAGUAY (BCP),Otros organismos,907,276,6,0,0,1,5
2015,6,22,1,1,I DEPARTAMENTO: GOBERNACION DE CONCEPCION,Gobiernos departamentales,177,65,3,0,2,0,1
2015,6,22,3,1,III DEPARTAMENTO: GOBERNACION DE CORDILLERA,Gobiernos departamentales,105,41,0,0,0,0,0
2015,6,22,4,1,IV DEPARTAMENTO: GOBERNACION DE GUAIRA,Gobiernos departamentales,310,125,1,0,0,0,1
2015,6,22,6,1,VI DEPARTAMENTO: GOBERNACION DE CAAZAPA,Gobiernos departamentales,102,28,4,0,1,0,3
2015,6,22,7,1,VII DEPARTAMENTO: GOBERNACION DE ITAPUA,Gobiernos departamentales,246,91,4,0,2,0,2
2015,6,22,9,1,IX DEPARTAMENTO: GOBERNACION DE PARAGUARI,Gobiernos departamentales,253,70,2,0,2,0,0
2015,6,22,13,1,XIII DEPARTAMENTO: GOBERNACION DE AMAMBAY,Gobiernos departamentales,214,98,3,1,2,0,0
2015,6,22,14,1,XIV DEPARTAMENTO: GOBERNACION DE CANINDEYU,Gobiernos departamentales,111,33,1,0,1,0,0
2015,6,22,17,1,XVII DEPARTAMENTO: GOBERNACION DE ALTO PARAGUAY,Gobiernos departamentales,72,19,5,0,0,2,3
2015,6,23,3,1,INSTITUTO NACIONAL DE DESARROLLO RURAL Y DE LA TIERRA (INDERT),Entes autónomos y autárquicos,611,193,13,0,0,2,11
2015,6,23,6,1,INSTITUTO PARAGUAYO DEL INDIGENA (INDI),Entes autónomos y autárquicos,78,35,0,0,0,0,0
2015,6,23,10,1,COMISION NACIONAL DE TELECOMUNICACIONES (CONATEL),Entes autónomos y autárquicos,338,114,1,0,0,0,1
2015,6,23,15,1,DIRECCION NACIONAL DE ADUANAS (DNA),Entes autónomos y autárquicos,1213,224,25,0,13,3,9
2015,6,23,16,1,SERVICIO NACIONAL DE CALIDAD Y SALUD ANIMAL (SENACSA),Entes autónomos y autárquicos,1420,499,62,0,0,14,48
2015,6,23,17,1,INSTITUTO PARAGUAYO DE ARTESANIA (IPA),Entes autónomos y autárquicos,100,62,2,0,1,0,1
2015,6,23,19,1,DIRECCION NACIONAL DE CONTRATACIONES PUBLICAS (DNCP),Entes autónomos y autárquicos,193,99,6,1,4,1,0
2015,6,23,20,1,INSTITUTO FORESTAL NACIONAL (INFONA),Entes autónomos y autárquicos,457,121,1,1,0,0,0
2015,6,23,21,1,SECRETARIA DEL AMBIENTE (SEAM),Entes autónomos y autárquicos,2,1,0,0,0,0,0
2015,6,23,22,1,INSTITUTO PARAGUAYO DE TECNOLOGIA AGRARIA (IPTA),Entes autónomos y autárquicos,584,180,1,0,0,1,0
2015,6,23,23,1,SECRETARIA NACIONAL DE LA VIVIENDA Y EL HABITAT (SENAVITAT),Entes autónomos y autárquicos,665,331,16,5,9,2,0
2015,6,23,24,1,DIRECCION NACIONAL DE CORREOS DEL PARAGUAY (DINACOPA),Entes autónomos y autárquicos,1356,685,10,0,0,4,6
2015,6,23,25,1,DIRECCION NACIONAL DE PROPIEDAD INTELECTUAL (DINAPI),Entes autónomos y autárquicos,101,39,2,0,0,1,1
2015,6,23,29,1,CONSEJO NACIONAL DE EDUCACION SUPERIOR (CONES),Entes autónomos y autárquicos,22,10,1,0,0,0,1
2015,6,23,30,1,AGENCIA NACIONAL DE EVALUACION Y ACREDITACION DE LA EDUCACION SUPERIOR (ANEAES),Entes autónomos y autárquicos,19,9,0,0,0,0,0
2015,6,24,4,1,CAJA DE JUBILACIONES Y PENSIONES DE EMPLEADOS DE BANCOS Y AFINES,Otros organismos,129,45,0,0,0,0,0
2015,6,24,5,1,CAJA DE JUBILACIONES Y PENSIONES DEL PERSONAL MUNICIPAL (CJPPM),Otros organismos,206,86,0,0,0,0,0
2015,6,25,4,1,ADMINISTRACION NACIONAL DE NAVEGACION Y PUERTOS (ANNP),Empresas públicas,1496,332,16,0,2,2,12
2015,6,25,6,1,PETROLEOS PARAGUAYOS (PETROPAR),Empresas públicas,703,106,5,0,0,1,4
2015,6,27,3,1,CREDITO AGRICOLA DE HABILITACION (CAH),Otros organismos,462,140,4,0,0,0,4
2015,6,27,4,1,FONDO GANADERO (FG),Otros organismos,126,47,4,1,2,1,0
2015,6,28,1,2,FACULTAD DE ENFERMERIA Y OBSTETRICIA,Educación,3,2,0,0,0,0,0
2015,6,28,1,4,FACULTAD DE CIENCIAS AGRARIAS (FCA-UNA),Educación,898,386,10,0,0,2,8
2015,6,28,1,6,"UNA FACULTAD DE ARQUITECTURA, DISENO Y ARTE",Educación,8,7,0,0,0,0,0
2015,6,28,3,1,UNIVERSIDAD NACIONAL DE PILAR (UNP),Educación,718,372,2,0,0,0,2
2015,6,28,8,1,UNIVERSIDAD NACIONAL DE CANINDEYU (UNCAN),Educación,82,43,1,0,0,0,1
2015,6,30,4,47,MUNICIPALIDAD DE VILLARRICA DEL ESPIRITU SANTO,Municipalidades,377,127,1,0,1,0,0
2015,6,30,4,50,MUNICIPALIDAD DE CORONEL MARTINEZ,Municipalidades,51,20,3,2,1,0,0
2015,6,30,4,234,MUNICIPALIDAD DE TEBICUARY,Municipalidades,37,10,0,0,0,0,0
2015,6,30,5,78,MUNICIPALIDAD DE JOSE DOMINGO OCAMPOS,Municipalidades,40,15,0,0,0,0,0
2015,6,30,7,95,MUNICIPALIDAD DE BELLA VISTA,Municipalidades,65,26,2,1,1,0,0
2015,6,30,7,104,MUNICIPALIDAD DE FRAM,Municipalidades,40,13,0,0,0,0,0
2015,6,30,9,137,MUNICIPALIDAD DE GENERAL CABALLERO,Municipalidades,38,11,1,0,0,0,1
2015,6,30,9,148,MUNICIPALIDAD DE YAGUARON,Municipalidades,73,15,0,0,0,0,0
2015,6,30,10,165,MUNICIPALIDAD DE NARANJAL,Municipalidades,36,13,0,0,0,0,0
2015,6,30,16,230,MUNICIPALIDAD DE FILADELFIA,Municipalidades,91,23,0,0,0,0,0
2015,6,30,16,231,MUNICIPALIDAD DE LOMA PLATA,Municipalidades,85,30,1,0,0,0,1
2015,6,40,2,1,EMPRESA DE SERVICIOS SANITARIOS DEL PARAGUAY S.A. (ESSAP),SA del Estado,2101,442,27,1,8,2,16
2016,6,11,1,1,CONGRESO NACIONAL (CN),Poder Legislativo,588,238,29,5,19,2,3
2016,6,11,2,1,HONORABLE CAMARA DE SENADORES (HCS),Poder Legislativo,817,325,36,9,27,0,0
2016,6,11,3,1,HONORABLE CAMARA DE DIPUTADOS (HCD),Poder Legislativo,1834,777,17,1,7,4,5
2016,6,12,1,2,PRESIDENCIA DE LA REPUBLICA / GABINETE CIVIL,Servicio civil del Ejecutivo,308,126,1,0,0,0,1
2016,6,12,1,3,GABINETE MILITAR (GM),Servicio civil del Ejecutivo,29,11,0,0,0,0,0
2016,6,12,1,4,PROCURADURIA GENERAL DE LA REPUBLICA (PGR),Servicio civil del Ejecutivo,119,52,5,2,0,0,3
2016,6,12,1,5,SECRETARIA DE ACCION SOCIAL (SAS),Servicio civil del Ejecutivo,1236,702,7,1,6,0,0
2016,6,12,1,6,AUDITORIA GENERAL DEL PODER EJECUTIVO (AGPE),Servicio civil del Ejecutivo,58,32,3,0,2,1,0
2016,6,12,1,7,SECRETARIA TECNICA DE PLANIFICACION DEL DESARROLLO ECONOMICO Y SOCIAL (STP),Servicio civil del Ejecutivo,217,110,2,0,0,1,1
2016,6,12,1,8,SECRETARIA DE LA FUNCION PUBLICA (SFP),Servicio civil del Ejecutivo,79,49,5,2,0,2,1
2016,6,12,1,10,SECRETARIA NACIONAL ANTIDROGAS (SENAD),Servicio civil del Ejecutivo,411,129,15,0,1,6,8
2016,6,12,1,11,CONSEJO DE LA DEFENSA NACIONAL (CODENA),Servicio civil del Ejecutivo,11,0,0,0,0,0,0
2016,6,12,1,12,SECRETARIA DE DESARROLLO PARA REPATRIADOS Y REFUGIADOS CONNACIONALES (SEDEREC),Servicio civil del Ejecutivo,65,30,5,0,0,3,2
2016,6,12,1,13,SECRETARIA NACIONAL DE TURISMO (SENATUR),Servicio civil del Ejecutivo,249,146,7,0,1,4,2
2016,6,12,1,14,SECRETARIA DE PREVENCION DE LAVADO DE DINERO O BIENES (SEPRELAD),Servicio civil del Ejecutivo,63,31,3,3,0,0,0
2016,6,12,1,15,CONSEJO NACIONAL DE CIENCIA Y TECNOLOGIA (CONACYT),Servicio civil del Ejecutivo,104,55,1,0,1,0,0
2016,6,12,1,16,ESCRIBANIA MAYOR DE GOBIERNO (EMG),Servicio civil del Ejecutivo,33,18,1,0,0,0,1
2016,6,12,1,18,SECRETARIA NACIONAL DE LA NIÑEZ Y LA ADOLESCENCIA (SNNA),Servicio civil del Ejecutivo,648,447,8,2,0,2,4
2016,6,12,1,19,SECRETARIA DE EMERGENCIA NACIONAL (SEN),Servicio civil del Ejecutivo,185,61,9,2,6,1,0
2016,6,12,1,20,SECRETARIA NACIONAL DE DEPORTES (SND),Servicio civil del Ejecutivo,111,42,5,1,1,2,1
2016,6,12,1,22,SECRETARIA NACIONAL DE CULTURA (SNC),Servicio civil del Ejecutivo,271,159,5,1,0,2,2
2016,6,12,1,23,GABINETE SOCIAL (GS),Servicio civil del Ejecutivo,28,18,0,0,0,0,0
2016,6,12,1,25,SECRETARIA DE POLITICAS LINGUISTICAS (SPL),Servicio civil del Ejecutivo,45,26,1,0,0,0,1
2016,6,12,1,26,SECRETARIA NACIONAL POR LOS DERECHOS HUMANOS DE LAS PERSONAS CON DISCAPACIDAD (SENADIS),Servicio civil del Ejecutivo,522,290,56,10,13,19,14
2016,6,12,1,28,SECRETARIA NACIONAL DE LA JUVENTUD (SNJ),Servicio civil del Ejecutivo,43,18,1,0,1,0,0
2016,6,12,1,29,SECRETARIA NACIONAL ANTICORRUPCION (SENAC),Servicio civil del Ejecutivo,21,10,0,0,0,0,0
2016,6,12,1,30,ORQUESTA SINFONICA NACIONAL (OSN),Servicio civil del Ejecutivo,103,36,3,2,1,0,0
2016,6,12,2,1,VICEPRESIDENCIA DE LA REPUBLICA,Servicio civil del Ejecutivo,77,31,2,0,2,0,0
2016,6,12,3,1,MINISTERIO DEL INTERIOR (MI),Servicio civil del Ejecutivo,310,108,4,0,1,0,3
2016,6,12,3,2,POLICIA NACIONAL (PN),Fuerzas públicas,24785,3899,37,0,0,1,36
2016,6,12,3,3,DIRECCION GENERAL DE MIGRACIONES (DGM),Servicio civil del Ejecutivo,334,141,2,1,0,0,1
2016,6,12,4,1,MINISTERIO DE RELACIONES EXTERIORES (MRE),Servicio civil del Ejecutivo,1246,456,24,0,0,9,15
2016,6,12,5,1,MINISTERIO DE DEFENSA NACIONAL (MDN),Fuerzas públicas,336,161,11,0,0,5,6
2016,6,12,5,2,CENTRO FINANCIERO 1 - COMANDO EN JEFE,Servicio civil del Ejecutivo,378,144,0,0,0,0,0
2016,6,12,5,3,CENTRO FINANCIERO 2 - COMANDO DEL EJERCITO,Servicio civil del Ejecutivo,823,288,0,0,0,0,0
2016,6,12,5,4,CENTRO FINANCIERO 3 - COMANDO DE LA ARMADA,Servicio civil del Ejecutivo,584,171,0,0,0,0,0
2016,6,12,5,5,CENTRO FINANCIERO 4 - COMANDO DE LA FUERZA AEREA,Servicio civil del Ejecutivo,167,73,0,0,0,0,0
2016,6,12,5,6,CENTRO FINANCIERO 5 - COMANDO LOGISTICO,Servicio civil del Ejecutivo,866,422,1,1,0,0,0
2016,6,12,6,1,MINISTERIO DE ECONOMIA Y FINANZAS (MEF),Servicio civil del Ejecutivo,2209,943,6,1,1,2,2
2016,6,12,7,1,MINISTERIO DE EDUCACION Y CIENCIAS (MEC),Educación,84183,56483,44,0,0,22,22
2016,6,12,7,2,CONSEJO NACIONAL DE EDUCACION Y CULTURA (CONEC),Servicio civil del Ejecutivo,25,9,0,0,0,0,0
2016,6,12,8,1,MINISTERIO DE SALUD PUBLICA Y BIENESTAR SOCIAL (MSPBS),Salud,41898,27641,199,15,17,87,80
2016,6,12,9,1,MINISTERIO DE JUSTICIA (MJ),Servicio civil del Ejecutivo,2711,987,0,0,0,0,0
2016,6,12,10,1,MINISTERIO DE AGRICULTURA Y GANADERIA (MAG),Servicio civil del Ejecutivo,2914,1093,37,0,6,14,17
2016,6,12,11,1,MINISTERIO DE INDUSTRIA Y COMERCIO (MIC),Servicio civil del Ejecutivo,453,202,5,0,0,1,4
2016,6,12,13,1,MINISTERIO DE OBRAS PUBLICAS Y COMUNICACIONES (MOPC),Servicio civil del Ejecutivo,3878,812,56,5,21,5,25
2016,6,12,14,1,MINISTERIO DE LA MUJER (MM),Servicio civil del Ejecutivo,172,136,2,1,1,0,0
2016,6,12,15,1,"MINISTERIO DEL TRABAJO, EMPLEO Y SEGURIDAD SOCIAL (MTESS)",Servicio civil del Ejecutivo,393,203,7,0,4,2,1
2016,6,12,15,2,SERVICIO NACIONAL DE PROMOCION PROFESIONAL (SNPP),Servicio civil del Ejecutivo,501,200,14,0,0,3,11
2016,6,12,15,3,SISTEMA NACIONAL DE FORMACION Y CAPACITACION LABORAL (SINAFOCAL),Servicio civil del Ejecutivo,113,59,0,0,0,0,0
2016,6,13,1,1,CORTE SUPREMA DE JUSTICIA (CSJ),Poder Judicial,13010,7048,30,6,9,3,12
2016,6,13,2,1,TRIBUNAL SUPERIOR DE JUSTICIA ELECTORAL (TSJE),Poder Judicial,6938,3282,48,6,19,8,15
2016,6,13,3,1,MINISTERIO PUBLICO (MP),Poder Judicial,5451,2953,21,1,1,7,12
2016,6,13,4,1,CONSEJO DE LA MAGISTRATURA (CM),Poder Judicial,103,55,1,0,1,0,0
2016,6,13,4,2,ESCUELA JUDICIAL (EJ),Poder Judicial,110,46,1,0,0,0,1
2016,6,13,5,1,JURADO DE ENJUICIAMIENTO DE MAGISTRADOS (JEM),Poder Judicial,248,121,2,0,0,1,1
2016,6,13,6,1,MINISTERIO DE LA DEFENSA PUBLICA (MDP),Poder Judicial,2314,1345,8,1,3,4,0
2016,6,14,1,1,CONTRALORIA GENERAL DE LA REPUBLICA (CGR),Otros organismos,904,484,3,0,0,2,1
2016,6,15,1,1,DEFENSORIA DEL PUEBLO (DP),Otros organismos,183,117,1,0,1,0,0
2016,6,15,2,1,MECANISMO NACIONAL DE PREVENCION CONTRA LA TORTURA Y OTROS TRATOS O PENAS CRUELES INHUMANOS O DEGRADANTES (MNP),Otros organismos,23,11,1,0,0,1,0
2016,6,21,1,1,BANCO CENTRAL DEL PARAGUAY (BCP),Otros organismos,906,276,9,0,0,2,7
2016,6,22,1,1,I DEPARTAMENTO: GOBERNACION DE CONCEPCION,Gobiernos departamentales,173,59,3,0,2,0,1
2016,6,22,2,1,II DEPARTAMENTO: GOBERNACION DE SAN PEDRO,Gobiernos departamentales,48,19,0,0,0,0,0
2016,6,22,3,1,III DEPARTAMENTO: GOBERNACION DE CORDILLERA,Gobiernos departamentales,104,39,1,0,0,0,1
2016,6,22,4,1,IV DEPARTAMENTO: GOBERNACION DE GUAIRA,Gobiernos departamentales,211,77,1,0,0,0,1
2016,6,22,5,1,V DEPARTAMENTO: GOBERNACION DE CAAGUAZU,Gobiernos departamentales,158,40,0,0,0,0,0
2016,6,22,6,1,VI DEPARTAMENTO: GOBERNACION DE CAAZAPA,Gobiernos departamentales,125,38,6,1,2,0,3
2016,6,22,7,1,VII DEPARTAMENTO: GOBERNACION DE ITAPUA,Gobiernos departamentales,255,87,5,0,3,0,2
2016,6,22,8,1,VIII DEPARTAMENTO: GOBERNACION DE MISIONES,Gobiernos departamentales,119,33,2,0,0,1,1
2016,6,22,9,1,IX DEPARTAMENTO: GOBERNACION DE PARAGUARI,Gobiernos departamentales,188,49,0,0,0,0,0
2016,6,22,10,1,X DEPARTAMENTO: GOBERNACION DE ALTO PARANA,Gobiernos departamentales,188,67,4,2,2,0,0
2016,6,22,11,1,XI DEPARTAMENTO: GOBERNACION CENTRAL,Gobiernos departamentales,144,66,6,2,0,1,3
2016,6,22,12,1,XII DEPARTAMENTO: GOBERNACION DE ÑEEMBUCU,Gobiernos departamentales,111,42,0,0,0,0,0
2016,6,22,13,1,XIII DEPARTAMENTO: GOBERNACION DE AMAMBAY,Gobiernos departamentales,204,98,5,2,2,1,0
2016,6,22,14,1,XIV DEPARTAMENTO: GOBERNACION DE CANINDEYU,Gobiernos departamentales,93,25,2,0,2,0,0
2016,6,22,15,1,XV DEPARTAMENTO: GOBERNACION DE PRESIDENTE HAYES,Gobiernos departamentales,91,29,0,0,0,0,0
2016,6,22,16,1,XVI DEPARTAMENTO: GOBERNACION DE BOQUERON,Gobiernos departamentales,173,68,0,0,0,0,0
2016,6,22,17,1,XVII DEPARTAMENTO: GOBERNACION DE ALTO PARAGUAY,Gobiernos departamentales,65,18,5,0,0,2,3
2016,6,23,1,1,"INSTITUTO NACIONAL DE TECNOLOGIA, NORMALIZACION Y METROLOGIA (INTN)",Entes autónomos y autárquicos,339,178,7,0,0,2,5
2016,6,23,3,1,INSTITUTO NACIONAL DE DESARROLLO RURAL Y DE LA TIERRA (INDERT),Entes autónomos y autárquicos,609,187,18,0,0,3,15
2016,6,23,4,1,DIRECCION DE BENEFICENCIA Y AYUDA SOCIAL (DIBEN),Entes autónomos y autárquicos,107,56,0,0,0,0,0
2016,6,23,6,1,INSTITUTO PARAGUAYO DEL INDIGENA (INDI),Entes autónomos y autárquicos,83,38,0,0,0,0,0
2016,6,23,8,1,FONDO NACIONAL DE LA CULTURA Y LAS ARTES (FONDEC),Entes autónomos y autárquicos,18,12,0,0,0,0,0
2016,6,23,9,1,COMISION NACIONAL DE VALORES (CNV),Entes autónomos y autárquicos,27,16,1,0,0,1,0
2016,6,23,10,1,COMISION NACIONAL DE TELECOMUNICACIONES (CONATEL),Entes autónomos y autárquicos,330,110,7,1,2,1,3
2016,6,23,11,1,DIRECCION NACIONAL DE TRANSPORTE (DINATRAN),Entes autónomos y autárquicos,318,70,3,0,0,0,3
2016,6,23,13,1,ENTE REGULADOR DE SERVICIOS SANITARIOS (ERSSAN),Entes autónomos y autárquicos,91,39,3,2,0,1,0
2016,6,23,14,1,INSTITUTO NACIONAL DE COOPERATIVISMO (INCOOP),Entes autónomos y autárquicos,168,83,5,2,1,1,1
2016,6,23,15,1,DIRECCION NACIONAL DE ADUANAS (DNA),Entes autónomos y autárquicos,1176,219,26,0,13,3,10
2016,6,23,16,1,SERVICIO NACIONAL DE CALIDAD Y SALUD ANIMAL (SENACSA),Entes autónomos y autárquicos,1618,600,60,2,0,13,45
2016,6,23,17,1,INSTITUTO PARAGUAYO DE ARTESANIA (IPA),Entes autónomos y autárquicos,95,57,3,0,1,0,2
2016,6,23,18,1,SERVICIO NACIONAL DE CALIDAD Y SANIDAD VEGETAL Y DE SEMILLA (SENAVE),Entes autónomos y autárquicos,587,229,12,6,4,1,1
2016,6,23,19,1,DIRECCION NACIONAL DE CONTRATACIONES PUBLICAS (DNCP),Entes autónomos y autárquicos,222,122,7,1,5,1,0
2016,6,23,20,1,INSTITUTO FORESTAL NACIONAL (INFONA),Entes autónomos y autárquicos,450,121,1,1,0,0,0
2016,6,23,21,1,SECRETARIA DEL AMBIENTE (SEAM),Entes autónomos y autárquicos,363,142,3,0,1,0,2
2016,6,23,22,1,INSTITUTO PARAGUAYO DE TECNOLOGIA AGRARIA (IPTA),Entes autónomos y autárquicos,573,185,5,1,1,1,2
2016,6,23,24,1,DIRECCION NACIONAL DE CORREOS DEL PARAGUAY (DINACOPA),Entes autónomos y autárquicos,1268,645,11,0,0,4,7
2016,6,23,25,1,DIRECCION NACIONAL DE PROPIEDAD INTELECTUAL (DINAPI),Entes autónomos y autárquicos,107,44,6,0,0,2,4
2016,6,23,26,1,SECRETARIA DE DEFENSA DEL CONSUMIDOR Y EL USUARIO (SEDECO),Entes autónomos y autárquicos,25,11,0,0,0,0,0
2016,6,23,28,1,AGENCIA NACIONAL DE TRANSITO Y SEGURIDAD VIAL (ANTSV),Entes autónomos y autárquicos,13,3,0,0,0,0,0
2016,6,23,29,1,CONSEJO NACIONAL DE EDUCACION SUPERIOR (CONES),Entes autónomos y autárquicos,30,17,0,0,0,0,0
2016,6,23,30,1,AGENCIA NACIONAL DE EVALUACION Y ACREDITACION DE LA EDUCACION SUPERIOR (ANEAES),Entes autónomos y autárquicos,22,9,0,0,0,0,0
2016,6,23,31,1,AUTORIDAD REGULADORA RADIOLOGICA Y NUCLEAR (ARRN),Entes autónomos y autárquicos,16,6,0,0,0,0,0
2016,6,24,1,1,INSTITUTO DE PREVISION SOCIAL (IPS),Salud,16305,10394,91,2,9,30,50
2016,6,24,2,1,CAJA DE SEGURIDAD SOCIAL DE EMPLEADOS Y OBREROS FERROVIARIOS,Otros organismos,15,3,0,0,0,0,0
2016,6,24,3,1,CAJA DE JUBILACIONES Y PENSIONES DEL PERSONAL DE LA ANDE,Otros organismos,50,19,0,0,0,0,0
2016,6,24,4,1,CAJA DE JUBILACIONES Y PENSIONES DE EMPLEADOS DE BANCOS Y AFINES,Otros organismos,148,55,0,0,0,0,0
2016,6,24,5,1,CAJA DE JUBILACIONES Y PENSIONES DEL PERSONAL MUNICIPAL (CJPPM),Otros organismos,146,64,0,0,0,0,0
2016,6,25,2,1,ADMINISTRACION NACIONAL DE ELECTRICIDAD (ANDE),Empresas públicas,5376,1053,60,1,6,8,45
2016,6,25,4,1,ADMINISTRACION NACIONAL DE NAVEGACION Y PUERTOS (ANNP),Empresas públicas,1474,325,17,0,2,2,13
2016,6,25,5,1,DIRECCION NACIONAL DE AERONAUTICA CIVIL (DINAC),Empresas públicas,2015,658,22,0,5,5,12
2016,6,25,6,1,PETROLEOS PARAGUAYOS (PETROPAR),Empresas públicas,784,132,5,0,0,1,4
2016,6,25,7,1,INDUSTRIA NACIONAL DEL CEMENTO (INC),Empresas públicas,1101,187,10,2,4,0,4
2016,6,27,1,1,BANCO NACIONAL DE FOMENTO (BNF),Otros organismos,1285,354,15,0,0,4,11
2016,6,27,3,1,CREDITO AGRICOLA DE HABILITACION (CAH),Otros organismos,451,140,4,0,0,0,4
2016,6,27,4,1,FONDO GANADERO (FG),Otros organismos,140,49,4,1,2,1,0
2016,6,27,5,1,CAJA DE PRESTAMOS DEL MINISTERIO DE DEFENSA NACIONAL (CPMDN),Otros organismos,6,5,0,0,0,0,0
2016,6,27,7,1,AGENCIA FINANCIERA DE DESARROLLO (AFD),Otros organismos,69,33,1,1,0,0,0
2016,6,28,1,1,UNA RECTORADO (RECTORADO UNA),Educación,735,347,4,0,0,2,2
2016,6,28,1,2,FACULTAD DE ENFERMERIA Y OBSTETRICIA,Educación,698,493,0,0,0,0,0
2016,6,28,1,3,COLEGIO EXPERIMENTAL PARAGUAY-BRASIL (CEPB),Educación,188,129,2,0,0,1,1
2016,6,28,1,4,FACULTAD DE CIENCIAS AGRARIAS (FCA-UNA),Educación,1016,443,8,0,0,2,6
2016,6,28,1,5,UNA FACULTAD CIENCIAS EXACTAS Y NATURALES (FACEN),Educación,650,328,0,0,0,0,0
2016,6,28,1,6,"UNA FACULTAD DE ARQUITECTURA, DISENO Y ARTE",Educación,725,349,1,0,0,0,1
2016,6,28,1,8,FACULTAD DE CIENCIAS MEDICAS (FCM),Educación,5374,3373,4,0,1,1,2
2016,6,28,1,9,FACULTAD DE CIENCIAS QUIMICAS (FCQ),Educación,362,219,0,0,0,0,0
2016,6,28,1,10,FACULTAD DE DERECHO Y CIENCIAS SOCIALES (FDCS),Educación,983,347,1,0,0,0,1
2016,6,28,1,11,FACULTAD DE FILOSOFIA (FIL),Educación,1074,631,0,0,0,0,0
2016,6,28,1,12,FACULTAD DE INGENIERIA (FIUNA),Educación,1153,320,0,0,0,0,0
2016,6,28,1,13,FACULTAD DE ODONTOLOGIA (FO),Educación,372,246,0,0,0,0,0
2016,6,28,1,14,FACULTAD DE POLITECNICA (FPUNA),Educación,1108,488,8,1,0,2,5
2016,6,28,1,15,FACULTAD DE CIENCIAS VETERINARIAS (FCV),Educación,923,412,0,0,0,0,0
2016,6,28,1,16,INSTITUTO DE INVESTIGACIONES EN CIENCIAS DE LA SALUD (IICS),Educación,169,126,0,0,0,0,0
2016,6,28,1,17,FACULTAD DE CIENCIAS SOCIALES,Educación,93,68,1,0,0,1,0
2016,6,28,2,1,UNIVERSIDAD NACIONAL DEL ESTE (UNE),Educación,1637,819,3,0,1,0,2
2016,6,28,3,1,UNIVERSIDAD NACIONAL DE PILAR (UNP),Educación,689,363,2,0,0,0,2
2016,6,28,4,1,UNIVERSIDAD NACIONAL DE ITAPUA (UNI),Educación,1140,633,3,0,1,1,1
2016,6,28,5,1,UNIVERSIDAD NACIONAL DE CONCEPCION (UNC),Educación,614,292,0,0,0,0,0
2016,6,28,6,1,UNIVERSIDAD NACIONAL DE VILLARRICA DEL ESPIRITU SANTO (UNVES),Educación,1330,746,2,0,1,1,0
2016,6,28,7,1,UNIVERSIDAD NACIONAL DE CAAGUAZU (UNCAA),Educación,1028,486,1,0,0,0,1
2016,6,28,8,1,UNIVERSIDAD NACIONAL DE CANINDEYU (UNCAN),Educación,83,40,1,0,0,0,1
2016,6,30,1,3,MUNICIPALIDAD DE  BELEN,Municipalidades,54,20,0,0,0,0,0
2016,6,30,1,5,MUNICIPALIDAD DE LORETO,Municipalidades,44,12,3,0,2,0,1
2016,6,30,1,6,MUNICIPALIDAD DE SAN LAZARO,Municipalidades,49,20,0,0,0,0,0
2016,6,30,1,7,MUNICIPALIDAD DE YBYYAU,Municipalidades,89,33,0,0,0,0,0
2016,6,30,2,8,MUNICIPALIDAD DE SAN PEDRO DEL YCUAMANDIYU,Municipalidades,76,22,0,0,0,0,0
2016,6,30,2,12,MUNICIPALIDAD DE ITACURUBI  DEL ROSARIO,Municipalidades,29,9,0,0,0,0,0
2016,6,30,2,14,MUNICIPALIDAD DE NUEVA GERMANIA,Municipalidades,34,11,0,0,0,0,0
2016,6,30,2,15,MUNICIPALIDAD DE SAN ESTANISLAO,Municipalidades,67,22,0,0,0,0,0
2016,6,30,2,16,MUNICIPALIDAD DE YRYBUCUA,Municipalidades,45,13,0,0,0,0,0
2016,6,30,2,17,MUNICIPALIDAD DE SAN PABLO,Municipalidades,14,2,0,0,0,0,0
2016,6,30,2,19,MUNICIPALIDAD DE UNION,Municipalidades,43,9,0,0,0,0,0
2016,6,30,2,20,MUNICIPALIDAD DE 25 DE DICIEMBRE,Municipalidades,29,10,0,0,0,0,0
2016,6,30,2,22,MUNICIPALIDAD DE GRAL. F. RESQUIN,Municipalidades,42,14,0,0,0,0,0
2016,6,30,2,23,MUNICIPALIDAD DE YATAITY DEL NORTE,Municipalidades,62,6,1,0,1,0,0
2016,6,30,2,24,MUNICIPALIDAD DE GUAJAYVI,Municipalidades,49,14,1,0,0,0,1
2016,6,30,2,25,MUNICIPALIDAD DE CAPIIBARY,Municipalidades,52,9,0,0,0,0,0
2016,6,30,2,26,MUNICIPALIDAD DE SANTA ROSA DEL AGUARAY,Municipalidades,67,15,0,0,0,0,0
2016,6,30,2,239,MUNICIPALIDAD DE LIBERACION,Municipalidades,47,10,0,0,0,0,0
2016,6,30,3,27,MUNICIPALIDAD DE CAACUPE,Municipalidades,214,76,4,1,3,0,0
2016,6,30,3,28,MUNICIPALIDAD DE ALTOS,Municipalidades,32,12,1,1,0,0,0
2016,6,30,3,29,MUNICIPALIDAD DE ARROYOS Y ESTEROS,Municipalidades,67,26,0,0,0,0,0
2016,6,30,3,30,MUNICIPALIDAD DE ATYRA,Municipalidades,54,14,0,0,0,0,0
2016,6,30,3,31,MUNICIPALIDAD DE CARAGUATAY,Municipalidades,52,14,2,1,1,0,0
2016,6,30,3,32,MUNICIPALIDAD DE EMBOSCADA,Municipalidades,43,18,1,1,0,0,0
2016,6,30,3,33,MUNICIPALIDAD DE EUSEBIO AYALA,Municipalidades,65,16,1,0,1,0,0
2016,6,30,3,34,MUNICIPALIDAD DE ISLA PUCU,Municipalidades,33,11,0,0,0,0,0
2016,6,30,3,35,MUNICIPALIDAD DE ITACURUBI DE LA CORDILLERA,Municipalidades,55,15,0,0,0,0,0
2016,6,30,3,36,MUNICIPALIDAD DE JUAN DE MENA,Municipalidades,19,6,0,0,0,0,0
2016,6,30,3,37,MUNICIPALIDAD DE LOMA GRANDE,Municipalidades,47,17,0,0,0,0,0
2016,6,30,3,39,MUNICIPALIDAD DE NUEVA COLOMBIA,Municipalidades,24,7,0,0,0,0,0
2016,6,30,3,41,MUNICIPALIDAD DE PRIMERO DE MARZO,Municipalidades,26,5,0,0,0,0,0
2016,6,30,3,42,MUNICIPALIDAD DE SAN BERNARDINO,Municipalidades,120,54,1,0,1,0,0
2016,6,30,3,45,MUNICIPALIDAD DE VALENZUELA,Municipalidades,44,19,1,0,0,0,1
2016,6,30,3,46,MUNICIPALIDAD DE SAN JOSE OBRERO,Municipalidades,19,8,0,0,0,0,0
2016,6,30,4,47,MUNICIPALIDAD DE VILLARRICA DEL ESPIRITU SANTO,Municipalidades,297,103,2,1,1,0,0
2016,6,30,4,48,MUNICIPALIDAD DE BORJA,Municipalidades,28,9,0,0,0,0,0
2016,6,30,4,49,MUNICIPALIDAD DE CAPITAN MAURICIO JOSE TROCHE,Municipalidades,41,14,0,0,0,0,0
2016,6,30,4,50,MUNICIPALIDAD DE CORONEL MARTINEZ,Municipalidades,48,23,1,1,0,0,0
2016,6,30,4,51,MUNICIPALIDAD DE FELIX PEREZ CARDOZO,Municipalidades,42,5,0,0,0,0,0
2016,6,30,4,53,MUNICIPALIDAD DE INDEPENDENCIA,Municipalidades,46,8,1,0,0,0,1
2016,6,30,4,54,MUNICIPALIDAD DE ITAPE,Municipalidades,37,7,0,0,0,0,0
2016,6,30,4,55,MUNICIPALIDAD DE ITURBE,Municipalidades,56,12,1,0,1,0,0
2016,6,30,4,56,MUNICIPALIDAD DE JOSE A. FASSARDI,Municipalidades,35,7,0,0,0,0,0
2016,6,30,4,57,MUNICIPALIDAD DE MBOCAYATY DEL GUAIRA,Municipalidades,37,8,1,0,1,0,0
2016,6,30,4,58,MUNICIPALIDAD DE NATALICIO TALAVERA,Municipalidades,26,8,0,0,0,0,0
2016,6,30,4,59,MUNICIPALIDAD DE ÑUMI,Municipalidades,29,8,0,0,0,0,0
2016,6,30,4,60,MUNICIPALIDAD DE SAN SALVADOR,Municipalidades,32,13,1,0,1,0,0
2016,6,30,4,61,MUNICIPALIDAD DE YATAITY DEL GUAIRA,Municipalidades,52,28,0,0,0,0,0
2016,6,30,4,62,MUNICIPALIDAD DE DR. BOTRELL,Municipalidades,26,11,0,0,0,0,0
2016,6,30,4,63,MUNICIPALIDAD DE PASO YOBAI,Municipalidades,45,11,0,0,0,0,0
2016,6,30,4,234,MUNICIPALIDAD DE TEBICUARY,Municipalidades,34,8,0,0,0,0,0
2016,6,30,5,64,MUNICIPALIDAD DE CORONEL OVIEDO,Municipalidades,321,107,2,0,2,0,0
2016,6,30,5,65,MUNICIPALIDAD DE CAAGUAZU,Municipalidades,229,62,2,1,1,0,0
2016,6,30,5,66,MUNICIPALIDAD DE CARAYAO,Municipalidades,27,7,0,0,0,0,0
2016,6,30,5,68,MUNICIPALIDAD DE SANTA.ROSA DEL MBUTUY,Municipalidades,39,13,0,0,0,0,0
2016,6,30,5,69,MUNICIPALIDAD DE DR. JUAN MANUEL FRUTOS,Municipalidades,73,22,1,0,1,0,0
2016,6,30,5,70,MUNICIPALIDAD DE REPATRIACION,Municipalidades,53,18,0,0,0,0,0
2016,6,30,5,72,MUNICIPALIDAD DE SAN JOAQUIN,Municipalidades,33,8,0,0,0,0,0
2016,6,30,5,73,MUNICIPALIDAD DE SAN JOSE DE LOS ARROYOS,Municipalidades,51,17,0,0,0,0,0
2016,6,30,5,75,MUNICIPALIDAD DE DR. J. EULOGIO ESTIGARRIBIA,Municipalidades,117,41,0,0,0,0,0
2016,6,30,5,76,MUNICIPALIDAD DE R.I. 3 CORRALES,Municipalidades,28,7,0,0,0,0,0
2016,6,30,5,77,MUNICIPALIDAD DE RAUL ARSENIO OVIEDO,Municipalidades,33,9,0,0,0,0,0
2016,6,30,5,78,MUNICIPALIDAD DE JOSE DOMINGO OCAMPOS,Municipalidades,49,15,0,0,0,0,0
2016,6,30,5,79,MUNICIPALIDAD DE MARISCAL FRANCISCO SOLANO LOPEZ,Municipalidades,29,6,0,0,0,0,0
2016,6,30,5,81,MUNICIPALIDAD DE 3 DE FEBRERO,Municipalidades,43,10,1,0,0,1,0
2016,6,30,5,82,MUNICIPALIDAD DE SIMON BOLIVAR,Municipalidades,36,11,0,0,0,0,0
2016,6,30,5,83,MUNICIPALIDAD DE VAQUERIA,Municipalidades,37,13,0,0,0,0,0
2016,6,30,5,233,MUNICIPALIDAD DE TEMBIAPORA,Municipalidades,30,8,1,1,0,0,0
2016,6,30,5,243,MUNICIPALIDAD DE NUEVA TOLEDO,Municipalidades,24,7,0,0,0,0,0
2016,6,30,6,84,MUNICIPALIDAD DE CAAZAPA,Municipalidades,103,21,0,0,0,0,0
2016,6,30,6,85,MUNICIPALIDAD DE ABAI,Municipalidades,53,18,1,0,1,0,0
2016,6,30,6,86,MUNICIPALIDAD DE BUENA VISTA,Municipalidades,34,6,0,0,0,0,0
2016,6,30,6,87,MUNICIPALIDAD DE DR. MOISES BERTONI,Municipalidades,19,5,0,0,0,0,0
2016,6,30,6,88,MUNICIPALIDAD DE GRAL.MORINIGO,Municipalidades,34,7,1,0,1,0,0
2016,6,30,6,89,MUNICIPALIDAD DE MACIEL,Municipalidades,37,14,0,0,0,0,0
2016,6,30,6,90,MUNICIPALIDAD DE SAN JUAN NEPOMUCENO,Municipalidades,73,28,0,0,0,0,0
2016,6,30,6,91,MUNICIPALIDAD DE TAVAI,Municipalidades,34,8,0,0,0,0,0
2016,6,30,6,92,MUNICIPALIDAD DE FULGENCIO YEGROS,Municipalidades,42,10,0,0,0,0,0
2016,6,30,6,93,MUNICIPALIDAD DE YUTY,Municipalidades,86,26,1,0,1,0,0
2016,6,30,6,245,MUNICIPALIDAD DE 3 DE MAYO,Municipalidades,21,4,0,0,0,0,0
2016,6,30,7,95,MUNICIPALIDAD DE BELLA VISTA,Municipalidades,69,31,2,1,1,0,0
2016,6,30,7,96,MUNICIPALIDAD DE CAMBYRETA,Municipalidades,143,49,4,1,3,0,0
2016,6,30,7,97,MUNICIPALIDAD DE CAPITAN MEZA,Municipalidades,72,27,2,0,2,0,0
2016,6,30,7,100,MUNICIPALIDAD DE CARMEN DEL PARANA,Municipalidades,75,22,0,0,0,0,0
2016,6,30,7,101,MUNICIPALIDAD DE CORONEL BOGADO,Municipalidades,89,26,0,0,0,0,0
2016,6,30,7,102,MUNICIPALIDAD DE CARLOS ANTONIO LOPEZ,Municipalidades,65,12,1,0,0,0,1
2016,6,30,7,104,MUNICIPALIDAD DE FRAM,Municipalidades,41,15,0,0,0,0,0
2016,6,30,7,105,MUNICIPALIDAD DE GENERAL ARTIGAS,Municipalidades,80,21,1,0,1,0,0
2016,6,30,7,106,MUNICIPALIDAD DE GENERAL DELGADO,Municipalidades,48,14,0,0,0,0,0
2016,6,30,7,107,MUNICIPALIDAD DE HOHENAU,Municipalidades,88,27,0,0,0,0,0
2016,6,30,7,110,MUNICIPALIDAD DE OBLIGADO,Municipalidades,92,45,0,0,0,0,0
2016,6,30,7,111,MUNICIPALIDAD DE MAYOR OTAÑO,Municipalidades,47,11,1,0,1,0,0
2016,6,30,7,112,MUNICIPALIDAD DE SAN COSME Y SAN DAMIAN,Municipalidades,45,11,0,0,0,0,0
2016,6,30,7,114,MUNICIPALIDAD DE SAN RAFAEL DEL PARANA,Municipalidades,126,28,0,0,0,0,0
2016,6,30,7,116,MUNICIPALIDAD DE EDELIRA,Municipalidades,44,20,0,0,0,0,0
2016,6,30,7,117,MUNICIPALIDAD DE TOMAS ROMERO PEREIRA,Municipalidades,99,27,1,0,1,0,0
2016,6,30,7,118,MUNICIPALIDAD DE ALTO VERA,Municipalidades,44,9,0,0,0,0,0
2016,6,30,7,119,MUNICIPALIDAD DE LA PAZ,Municipalidades,38,16,0,0,0,0,0
2016,6,30,7,120,MUNICIPALIDAD DE YATYTAY,Municipalidades,59,15,3,0,3,0,0
2016,6,30,7,122,MUNICIPALIDAD DE PIRAPO,Municipalidades,73,29,0,0,0,0,0
2016,6,30,7,123,MUNICIPALIDAD DE ITAPUA POTY,Municipalidades,46,13,0,0,0,0,0
2016,6,30,8,124,MUNICIPALIDAD DE SAN JUAN BAUSTISTA DE LAS MISIONES,Municipalidades,109,34,0,0,0,0,0
2016,6,30,8,125,MUNICIPALIDAD DE AYOLAS,Municipalidades,122,36,1,0,1,0,0
2016,6,30,8,126,MUNICIPALIDAD DE SAN IGNACIO GUAZU,Municipalidades,148,37,2,1,1,0,0
2016,6,30,8,127,MUNICIPALIDAD DE SAN MIGUEL MISIONES,Municipalidades,50,14,1,0,0,0,1
2016,6,30,8,129,MUNICIPALIDAD DE SANTA MARIA,Municipalidades,47,21,0,0,0,0,0
2016,6,30,8,130,MUNICIPALIDAD DE SANTA ROSA MISIONES,Municipalidades,128,33,0,0,0,0,0
2016,6,30,8,132,MUNICIPALIDAD DE VILLA FLORIDA,Municipalidades,46,12,0,0,0,0,0
2016,6,30,9,134,MUNICIPALIDAD DE PARAGUARI,Municipalidades,136,47,0,0,0,0,0
2016,6,30,9,136,MUNICIPALIDAD DE CAAPUCU,Municipalidades,64,24,1,0,1,0,0
2016,6,30,9,137,MUNICIPALIDAD DE GENERAL CABALLERO,Municipalidades,36,14,1,0,0,0,1
2016,6,30,9,138,MUNICIPALIDAD DE CARAPEGUA,Municipalidades,106,29,1,0,0,0,1
2016,6,30,9,139,MUNICIPALIDAD DE ESCOBAR,Municipalidades,54,19,0,0,0,0,0
2016,6,30,9,140,MUNICIPALIDAD DE LA COLMENA,Municipalidades,44,14,1,1,0,0,0
2016,6,30,9,141,MUNICIPALIDAD DE MBUYAPEY,Municipalidades,38,10,1,1,0,0,0
2016,6,30,9,142,MUNICIPALIDAD DE PIRAYU,Municipalidades,61,25,1,0,1,0,0
2016,6,30,9,143,MUNICIPALIDAD DE QUIINDY,Municipalidades,65,23,0,0,0,0,0
2016,6,30,9,144,MUNICIPALIDAD DE QUYQUYHO,Municipalidades,42,12,0,0,0,0,0
2016,6,30,9,145,MUNICIPALIDAD DE SAN ROQUE GONZALEZ DE SANTA CRUZ,Municipalidades,26,9,1,0,1,0,0
2016,6,30,9,146,MUNICIPALIDAD DE SAPUCAI,Municipalidades,32,15,1,0,1,0,0
2016,6,30,9,148,MUNICIPALIDAD DE YAGUARON,Municipalidades,85,19,0,0,0,0,0
2016,6,30,9,150,MUNICIPALIDAD DE YBYTYMI,Municipalidades,30,8,0,0,0,0,0
2016,6,30,10,152,MUNICIPALIDAD DE PRESIDENTE FRANCO,Municipalidades,328,105,5,1,4,0,0
2016,6,30,10,153,MUNICIPALIDAD DE DOMINGO MARTINEZ DE IRALA,Municipalidades,80,17,2,0,2,0,0
2016,6,30,10,155,MUNICIPALIDAD DE HERNANDARIAS,Municipalidades,510,213,3,1,2,0,0
2016,6,30,10,156,MUNICIPALIDAD DE SANTA FE DEL PARANA,Municipalidades,52,22,0,0,0,0,0
2016,6,30,10,157,MUNICIPALIDAD DE ITAKYRY,Municipalidades,75,15,0,0,0,0,0
2016,6,30,10,158,MUNICIPALIDAD DE JUAN E. O'LEARY,Municipalidades,43,9,0,0,0,0,0
2016,6,30,10,159,MUNICIPALIDAD DE ÑACUNDAY,Municipalidades,34,12,0,0,0,0,0
2016,6,30,10,160,MUNICIPALIDAD DE YGUAZU,Municipalidades,51,14,1,0,0,0,1
2016,6,30,10,162,MUNICIPALIDAD DE MINGA GUAZU,Municipalidades,170,47,3,0,2,0,1
2016,6,30,10,163,MUNICIPALIDAD DE SAN CRISTOBAL,Municipalidades,31,10,0,0,0,0,0
2016,6,30,10,164,MUNICIPALIDAD DE SANTA RITA,Municipalidades,129,37,3,0,1,1,1
2016,6,30,10,165,MUNICIPALIDAD DE NARANJAL,Municipalidades,33,15,0,0,0,0,0
2016,6,30,10,166,MUNICIPALIDAD DE STA. ROSA DEL MONDAY,Municipalidades,49,15,0,0,0,0,0
2016,6,30,10,167,MUNICIPALIDAD DE MINGA PORA,Municipalidades,58,18,1,0,1,0,0
2016,6,30,10,168,MUNICIPALIDAD DE MBARACAYU,Municipalidades,46,16,0,0,0,0,0
2016,6,30,10,169,MUNICIPALIDAD DE SAN ALBERTO,Municipalidades,94,24,2,0,1,0,1
2016,6,30,10,170,MUNICIPALIDAD DE IRUÑA,Municipalidades,44,13,0,0,0,0,0
2016,6,30,10,240,MUNICIPALIDAD DE TAVAPY,Municipalidades,30,6,1,0,1,0,0
2016,6,30,11,171,MUNICIPALIDAD DE AREGUA,Municipalidades,214,75,1,0,0,1,0
2016,6,30,11,172,MUNICIPALIDAD DE CAPIATA,Municipalidades,690,284,2,0,2,0,0
2016,6,30,11,173,MUNICIPALIDAD DE FERNANDO DE LA MORA,Municipalidades,997,418,9,2,7,0,0
2016,6,30,11,174,MUNICIPALIDAD DE GUARAMBARE,Municipalidades,50,23,0,0,0,0,0
2016,6,30,11,175,MUNICIPALIDAD DE ITA,Municipalidades,152,59,3,0,3,0,0
2016,6,30,11,176,MUNICIPALIDAD DE ITAUGUA,Municipalidades,243,91,1,0,1,0,0
2016,6,30,11,177,MUNICIPALIDAD DE LAMBARE,Municipalidades,271,100,9,0,6,0,3
2016,6,30,11,178,MUNICIPALIDAD DE LIMPIO,Municipalidades,298,140,4,2,2,0,0
2016,6,30,11,179,MUNICIPALIDAD DE LUQUE,Municipalidades,717,226,10,2,5,0,3
2016,6,30,11,180,MUNICIPALIDAD DE MARIANO ROQUE ALONSO,Municipalidades,513,247,12,2,7,0,3
2016,6,30,11,181,MUNICIPALIDAD DE NUEVA ITALIA,Municipalidades,51,17,2,0,1,0,1
2016,6,30,11,182,MUNICIPALIDAD DE ÑEMBY,Municipalidades,308,117,3,0,1,0,2
2016,6,30,11,183,MUNICIPALIDAD DE SAN ANTONIO,Municipalidades,119,45,2,1,1,0,0
2016,6,30,11,186,MUNICIPALIDAD DE VILLETA,Municipalidades,202,87,0,0,0,0,0
2016,6,30,11,188,MUNICIPALIDAD DE YPANE,Municipalidades,127,45,0,0,0,0,0
2016,6,30,11,189,MUNICIPALIDAD DE J. AUGUSTO SALDIVAR,Municipalidades,68,18,1,0,1,0,0
2016,6,30,12,191,MUNICIPALIDAD DE ALBERDI,Municipalidades,49,11,0,0,0,0,0
2016,6,30,12,193,MUNICIPALIDAD DE DESMOCHADOS,Municipalidades,33,13,0,0,0,0,0
2016,6,30,12,194,MUNICIPALIDAD DE GENERAL JOSE EDUVIGIS DIAZ,Municipalidades,39,14,1,0,0,0,1
2016,6,30,12,195,MUNICIPALIDAD DE GUAZU CUA,Municipalidades,39,10,0,0,0,0,0
2016,6,30,12,196,MUNICIPALIDAD DE HUMAITA,Municipalidades,20,7,0,0,0,0,0
2016,6,30,12,197,MUNICIPALIDAD DE ISLA UMBU,Municipalidades,33,9,0,0,0,0,0
2016,6,30,12,201,MUNICIPALIDAD DE SAN JUAN BAUTISTA DE ÑEEMBUCU,Municipalidades,62,16,0,0,0,0,0
2016,6,30,12,202,MUNICIPALIDAD DE TACUARAS,Municipalidades,22,9,0,0,0,0,0
2016,6,30,12,204,MUNICIPALIDAD DE VILLA OLIVA,Municipalidades,21,8,1,0,1,0,0
2016,6,30,13,206,MUNICIPALIDAD DE PEDRO J. CABALLERO,Municipalidades,413,124,3,0,1,1,1
2016,6,30,13,207,MUNICIPALIDAD DE BELLA VISTA - NORTE,Municipalidades,73,26,0,0,0,0,0
2016,6,30,13,208,MUNICIPALIDAD DE CAPITAN BADO,Municipalidades,53,16,1,0,0,0,1
2016,6,30,13,250,MUNICIPALIDAD DE KARAPAI,Municipalidades,15,4,0,0,0,0,0
2016,6,30,14,209,MUNICIPALIDAD DE SALTO DEL GUAIRA,Municipalidades,237,71,0,0,0,0,0
2016,6,30,14,211,MUNICIPALIDAD DE VILLA CURUGUATY,Municipalidades,117,37,0,0,0,0,0
2016,6,30,14,212,MUNICIPALIDAD DE YASY CAÑY,Municipalidades,45,12,0,0,0,0,0
2016,6,30,14,213,MUNICIPALIDAD DE VILLA YGATIMI,Municipalidades,40,4,0,0,0,0,0
2016,6,30,14,214,MUNICIPALIDAD DE ITANARA,Municipalidades,37,7,0,0,0,0,0
2016,6,30,14,215,MUNICIPALIDAD DE YPE JHU,Municipalidades,40,7,0,0,0,0,0
2016,6,30,14,216,MUNICIPALIDAD DE GENERAL FRANCISCO CABALLERO ALVAREZ,Municipalidades,73,20,1,0,0,0,1
2016,6,30,14,217,MUNICIPALIDAD DE KATUETE,Municipalidades,83,24,0,0,0,0,0
2016,6,30,14,219,MUNICIPALIDAD DE NUEVA ESPERANZA,Municipalidades,55,22,0,0,0,0,0
2016,6,30,14,244,MUNICIPALIDAD DE YVYRAROBANA,Municipalidades,56,17,0,0,0,0,0
2016,6,30,14,247,MUNICIPALIDAD DE YBY PYTA,Municipalidades,28,5,0,0,0,0,0
2016,6,30,15,220,MUNICIPALIDAD DE BENJAMIN ACEVAL,Municipalidades,66,24,0,0,0,0,0
2016,6,30,15,221,MUNICIPALIDAD DE PUERTO PINASCO,Municipalidades,66,14,0,0,0,0,0
2016,6,30,15,222,MUNICIPALIDAD DE VILLA HAYES,Municipalidades,218,85,2,0,2,0,0
2016,6,30,15,233,MUNICIPALIDAD DE GENERAL JOSE MARIA BRUGUEZ,Municipalidades,41,15,0,0,0,0,0
2016,6,30,16,228,MUNICIPALIDAD DE MARISCAL JOSE FELIX ESTIGARRIBIA,Municipalidades,73,22,0,0,0,0,0
2016,6,30,16,230,MUNICIPALIDAD DE FILADELFIA,Municipalidades,113,25,0,0,0,0,0
2016,6,30,16,231,MUNICIPALIDAD DE LOMA PLATA,Municipalidades,60,21,1,0,0,0,1
2016,6,30,17,226,MUNICIPALIDAD DE LA VICTORIA,Municipalidades,40,10,0,0,0,0,0
2016,6,30,17,227,MUNICIPALIDAD DE BAHIA NEGRA,Municipalidades,47,18,0,0,0,0,0
2016,6,30,17,235,MUNICIPALIDAD DE CARMELO PERALTA,Municipalidades,27,9,0,0,0,0,0
2016,6,40,1,1,COMPAÑIA PARAGUAYA DE COMUNICACIONES S.A.,SA del Estado,3944,1485,22,0,0,4,18
2016,6,40,2,1,EMPRESA DE SERVICIOS SANITARIOS DEL PARAGUAY S.A. (ESSAP),SA del Estado,2043,424,29,2,7,3,17
2016,6,40,3,1,CAÑAS PARAGUAYAS S.A. (CAPASA),SA del Estado,180,62,0,0,0,0,0
2017,6,11,1,1,CONGRESO NACIONAL (CN),Poder Legislativo,619,248,29,5,19,2,3
2017,6,11,2,1,HONORABLE CAMARA DE SENADORES (HCS),Poder Legislativo,829,328,34,9,25,0,0
2017,6,11,3,1,HONORABLE CAMARA DE DIPUTADOS (HCD),Poder Legislativo,1911,804,17,1,7,4,5
2017,6,12,1,2,PRESIDENCIA DE LA REPUBLICA / GABINETE CIVIL,Servicio civil del Ejecutivo,287,119,1,0,0,0,1
2017,6,12,1,3,GABINETE MILITAR (GM),Servicio civil del Ejecutivo,27,11,0,0,0,0,0
2017,6,12,1,4,PROCURADURIA GENERAL DE LA REPUBLICA (PGR),Servicio civil del Ejecutivo,118,52,5,2,0,0,3
2017,6,12,1,5,SECRETARIA DE ACCION SOCIAL (SAS),Servicio civil del Ejecutivo,1205,682,7,1,6,0,0
2017,6,12,1,6,AUDITORIA GENERAL DEL PODER EJECUTIVO (AGPE),Servicio civil del Ejecutivo,60,32,3,0,2,1,0
2017,6,12,1,7,SECRETARIA TECNICA DE PLANIFICACION DEL DESARROLLO ECONOMICO Y SOCIAL (STP),Servicio civil del Ejecutivo,223,111,4,0,0,2,2
2017,6,12,1,8,SECRETARIA DE LA FUNCION PUBLICA (SFP),Servicio civil del Ejecutivo,81,49,4,2,0,1,1
2017,6,12,1,9,"DIRECCION GENERAL DE ESTADISTICAS, ENCUESTAS Y CENSOS (DGEEC)",Servicio civil del Ejecutivo,100,55,3,0,0,0,3
2017,6,12,1,10,SECRETARIA NACIONAL ANTIDROGAS (SENAD),Servicio civil del Ejecutivo,382,125,13,0,0,7,6
2017,6,12,1,11,CONSEJO DE LA DEFENSA NACIONAL (CODENA),Servicio civil del Ejecutivo,12,1,0,0,0,0,0
2017,6,12,1,12,SECRETARIA DE DESARROLLO PARA REPATRIADOS Y REFUGIADOS CONNACIONALES (SEDEREC),Servicio civil del Ejecutivo,83,46,5,0,0,3,2
2017,6,12,1,13,SECRETARIA NACIONAL DE TURISMO (SENATUR),Servicio civil del Ejecutivo,259,154,7,0,1,4,2
2017,6,12,1,14,SECRETARIA DE PREVENCION DE LAVADO DE DINERO O BIENES (SEPRELAD),Servicio civil del Ejecutivo,62,31,2,1,0,1,0
2017,6,12,1,15,CONSEJO NACIONAL DE CIENCIA Y TECNOLOGIA (CONACYT),Servicio civil del Ejecutivo,119,67,1,0,0,1,0
2017,6,12,1,16,ESCRIBANIA MAYOR DE GOBIERNO (EMG),Servicio civil del Ejecutivo,33,18,1,0,0,0,1
2017,6,12,1,18,SECRETARIA NACIONAL DE LA NIÑEZ Y LA ADOLESCENCIA (SNNA),Servicio civil del Ejecutivo,654,456,10,2,0,4,4
2017,6,12,1,19,SECRETARIA DE EMERGENCIA NACIONAL (SEN),Servicio civil del Ejecutivo,178,59,9,2,6,1,0
2017,6,12,1,20,SECRETARIA NACIONAL DE DEPORTES (SND),Servicio civil del Ejecutivo,115,41,5,1,1,2,1
2017,6,12,1,22,SECRETARIA NACIONAL DE CULTURA (SNC),Servicio civil del Ejecutivo,259,149,5,1,0,2,2
2017,6,12,1,23,GABINETE SOCIAL (GS),Servicio civil del Ejecutivo,40,26,0,0,0,0,0
2017,6,12,1,24,SECRETARIA DE INFORMACION Y COMUNICACION (SICOM),Servicio civil del Ejecutivo,249,85,2,1,0,0,1
2017,6,12,1,25,SECRETARIA DE POLITICAS LINGUISTICAS (SPL),Servicio civil del Ejecutivo,42,24,2,0,0,0,2
2017,6,12,1,26,SECRETARIA NACIONAL POR LOS DERECHOS HUMANOS DE LAS PERSONAS CON DISCAPACIDAD (SENADIS),Servicio civil del Ejecutivo,512,286,55,10,13,18,14
2017,6,12,1,27,SECRETARIA NACIONAL DE TECNOLOGIAS DE LA INFORMACION Y COMUNICACION (SENATICS),Servicio civil del Ejecutivo,96,34,2,0,1,0,1
2017,6,12,1,28,SECRETARIA NACIONAL DE LA JUVENTUD (SNJ),Servicio civil del Ejecutivo,42,16,1,0,1,0,0
2017,6,12,1,29,SECRETARIA NACIONAL ANTICORRUPCION (SENAC),Servicio civil del Ejecutivo,19,8,0,0,0,0,0
2017,6,12,1,30,ORQUESTA SINFONICA NACIONAL (OSN),Servicio civil del Ejecutivo,107,37,3,2,1,0,0
2017,6,12,2,1,VICEPRESIDENCIA DE LA REPUBLICA,Servicio civil del Ejecutivo,77,33,3,0,0,1,2
2017,6,12,3,1,MINISTERIO DEL INTERIOR (MI),Servicio civil del Ejecutivo,298,110,4,0,1,0,3
2017,6,12,3,2,POLICIA NACIONAL (PN),Fuerzas públicas,24503,3912,34,0,0,1,33
2017,6,12,3,3,DIRECCION GENERAL DE MIGRACIONES (DGM),Servicio civil del Ejecutivo,329,137,2,1,0,0,1
2017,6,12,4,1,MINISTERIO DE RELACIONES EXTERIORES (MRE),Servicio civil del Ejecutivo,1252,455,24,0,0,9,15
2017,6,12,5,1,MINISTERIO DE DEFENSA NACIONAL (MDN),Fuerzas públicas,328,159,9,0,0,4,5
2017,6,12,5,2,CENTRO FINANCIERO 1 - COMANDO EN JEFE,Servicio civil del Ejecutivo,355,133,0,0,0,0,0
2017,6,12,5,3,CENTRO FINANCIERO 2 - COMANDO DEL EJERCITO,Servicio civil del Ejecutivo,813,285,1,0,0,0,1
2017,6,12,5,4,CENTRO FINANCIERO 3 - COMANDO DE LA ARMADA,Servicio civil del Ejecutivo,560,166,0,0,0,0,0
2017,6,12,5,5,CENTRO FINANCIERO 4 - COMANDO DE LA FUERZA AEREA,Servicio civil del Ejecutivo,172,78,1,0,0,0,1
2017,6,12,5,6,CENTRO FINANCIERO 5 - COMANDO LOGISTICO,Servicio civil del Ejecutivo,850,412,1,0,0,1,0
2017,6,12,6,1,MINISTERIO DE ECONOMIA Y FINANZAS (MEF),Servicio civil del Ejecutivo,2216,969,7,2,1,3,1
2017,6,12,7,1,MINISTERIO DE EDUCACION Y CIENCIAS (MEC),Educación,83538,56032,55,0,0,30,25
2017,6,12,7,2,CONSEJO NACIONAL DE EDUCACION Y CULTURA (CONEC),Servicio civil del Ejecutivo,15,6,0,0,0,0,0
2017,6,12,8,1,MINISTERIO DE SALUD PUBLICA Y BIENESTAR SOCIAL (MSPBS),Salud,42722,28302,206,20,25,85,76
2017,6,12,9,1,MINISTERIO DE JUSTICIA (MJ),Servicio civil del Ejecutivo,2923,1031,16,2,0,4,10
2017,6,12,10,1,MINISTERIO DE AGRICULTURA Y GANADERIA (MAG),Servicio civil del Ejecutivo,3097,1146,38,0,6,10,22
2017,6,12,11,1,MINISTERIO DE INDUSTRIA Y COMERCIO (MIC),Servicio civil del Ejecutivo,439,196,5,0,0,1,4
2017,6,12,13,1,MINISTERIO DE OBRAS PUBLICAS Y COMUNICACIONES (MOPC),Servicio civil del Ejecutivo,4029,918,57,6,20,5,26
2017,6,12,14,1,MINISTERIO DE LA MUJER (MM),Servicio civil del Ejecutivo,173,136,2,1,1,0,0
2017,6,12,15,1,"MINISTERIO DEL TRABAJO, EMPLEO Y SEGURIDAD SOCIAL (MTESS)",Servicio civil del Ejecutivo,386,198,11,0,1,1,9
2017,6,12,15,2,SERVICIO NACIONAL DE PROMOCION PROFESIONAL (SNPP),Servicio civil del Ejecutivo,1749,867,20,2,2,5,11
2017,6,12,15,3,SISTEMA NACIONAL DE FORMACION Y CAPACITACION LABORAL (SINAFOCAL),Servicio civil del Ejecutivo,116,58,5,0,0,1,4
2017,6,13,1,1,CORTE SUPREMA DE JUSTICIA (CSJ),Poder Judicial,13600,7431,49,5,14,7,23
2017,6,13,2,1,TRIBUNAL SUPERIOR DE JUSTICIA ELECTORAL (TSJE),Poder Judicial,6752,3209,49,7,19,8,15
2017,6,13,3,1,MINISTERIO PUBLICO (MP),Poder Judicial,5547,3014,21,1,1,7,12
2017,6,13,4,1,CONSEJO DE LA MAGISTRATURA (CM),Poder Judicial,105,53,1,0,1,0,0
2017,6,13,4,2,ESCUELA JUDICIAL (EJ),Poder Judicial,119,46,2,0,1,0,1
2017,6,13,5,1,JURADO DE ENJUICIAMIENTO DE MAGISTRADOS (JEM),Poder Judicial,276,140,1,0,0,0,1
2017,6,13,6,1,MINISTERIO DE LA DEFENSA PUBLICA (MDP),Poder Judicial,2443,1441,13,3,5,4,1
2017,6,14,1,1,CONTRALORIA GENERAL DE LA REPUBLICA (CGR),Otros organismos,914,490,3,0,0,2,1
2017,6,15,1,1,DEFENSORIA DEL PUEBLO (DP),Otros organismos,178,116,1,0,1,0,0
2017,6,15,2,1,MECANISMO NACIONAL DE PREVENCION CONTRA LA TORTURA Y OTROS TRATOS O PENAS CRUELES INHUMANOS O DEGRADANTES (MNP),Otros organismos,22,12,1,0,0,1,0
2017,6,21,1,1,BANCO CENTRAL DEL PARAGUAY (BCP),Otros organismos,893,281,9,0,0,2,7
2017,6,22,1,1,I DEPARTAMENTO: GOBERNACION DE CONCEPCION,Gobiernos departamentales,145,49,2,0,1,0,1
2017,6,22,2,1,II DEPARTAMENTO: GOBERNACION DE SAN PEDRO,Gobiernos departamentales,63,23,0,0,0,0,0
2017,6,22,3,1,III DEPARTAMENTO: GOBERNACION DE CORDILLERA,Gobiernos departamentales,100,38,1,0,0,0,1
2017,6,22,4,1,IV DEPARTAMENTO: GOBERNACION DE GUAIRA,Gobiernos departamentales,165,57,1,0,0,0,1
2017,6,22,5,1,V DEPARTAMENTO: GOBERNACION DE CAAGUAZU,Gobiernos departamentales,159,41,0,0,0,0,0
2017,6,22,6,1,VI DEPARTAMENTO: GOBERNACION DE CAAZAPA,Gobiernos departamentales,124,38,7,1,3,0,3
2017,6,22,7,1,VII DEPARTAMENTO: GOBERNACION DE ITAPUA,Gobiernos departamentales,255,85,5,0,3,0,2
2017,6,22,8,1,VIII DEPARTAMENTO: GOBERNACION DE MISIONES,Gobiernos departamentales,113,33,3,0,1,1,1
2017,6,22,9,1,IX DEPARTAMENTO: GOBERNACION DE PARAGUARI,Gobiernos departamentales,192,56,0,0,0,0,0
2017,6,22,10,1,X DEPARTAMENTO: GOBERNACION DE ALTO PARANA,Gobiernos departamentales,211,74,17,6,11,0,0
2017,6,22,11,1,XI DEPARTAMENTO: GOBERNACION CENTRAL,Gobiernos departamentales,161,77,19,9,5,1,4
2017,6,22,12,1,XII DEPARTAMENTO: GOBERNACION DE ÑEEMBUCU,Gobiernos departamentales,106,40,0,0,0,0,0
2017,6,22,13,1,XIII DEPARTAMENTO: GOBERNACION DE AMAMBAY,Gobiernos departamentales,224,117,3,2,1,0,0
2017,6,22,14,1,XIV DEPARTAMENTO: GOBERNACION DE CANINDEYU,Gobiernos departamentales,90,24,2,0,2,0,0
2017,6,22,15,1,XV DEPARTAMENTO: GOBERNACION DE PRESIDENTE HAYES,Gobiernos departamentales,92,29,2,0,0,1,1
2017,6,22,16,1,XVI DEPARTAMENTO: GOBERNACION DE BOQUERON,Gobiernos departamentales,164,67,0,0,0,0,0
2017,6,22,17,1,XVII DEPARTAMENTO: GOBERNACION DE ALTO PARAGUAY,Gobiernos departamentales,73,18,5,0,0,2,3
2017,6,23,1,1,"INSTITUTO NACIONAL DE TECNOLOGIA, NORMALIZACION Y METROLOGIA (INTN)",Entes autónomos y autárquicos,349,180,12,0,0,6,6
2017,6,23,3,1,INSTITUTO NACIONAL DE DESARROLLO RURAL Y DE LA TIERRA (INDERT),Entes autónomos y autárquicos,594,184,20,0,0,3,17
2017,6,23,4,1,DIRECCION DE BENEFICENCIA Y AYUDA SOCIAL (DIBEN),Entes autónomos y autárquicos,108,57,5,0,0,4,1
2017,6,23,6,1,INSTITUTO PARAGUAYO DEL INDIGENA (INDI),Entes autónomos y autárquicos,80,37,0,0,0,0,0
2017,6,23,8,1,FONDO NACIONAL DE LA CULTURA Y LAS ARTES (FONDEC),Entes autónomos y autárquicos,24,16,0,0,0,0,0
2017,6,23,9,1,COMISION NACIONAL DE VALORES (CNV),Entes autónomos y autárquicos,34,22,2,0,0,1,1
2017,6,23,10,1,COMISION NACIONAL DE TELECOMUNICACIONES (CONATEL),Entes autónomos y autárquicos,323,105,7,1,2,1,3
2017,6,23,11,1,DIRECCION NACIONAL DE TRANSPORTE (DINATRAN),Entes autónomos y autárquicos,324,71,2,0,0,0,2
2017,6,23,13,1,ENTE REGULADOR DE SERVICIOS SANITARIOS (ERSSAN),Entes autónomos y autárquicos,84,35,3,2,0,1,0
2017,6,23,14,1,INSTITUTO NACIONAL DE COOPERATIVISMO (INCOOP),Entes autónomos y autárquicos,184,93,6,0,0,4,2
2017,6,23,15,1,DIRECCION NACIONAL DE ADUANAS (DNA),Entes autónomos y autárquicos,1172,221,28,0,14,3,11
2017,6,23,16,1,SERVICIO NACIONAL DE CALIDAD Y SALUD ANIMAL (SENACSA),Entes autónomos y autárquicos,1624,600,62,2,0,12,48
2017,6,23,17,1,INSTITUTO PARAGUAYO DE ARTESANIA (IPA),Entes autónomos y autárquicos,88,53,2,0,0,0,2
2017,6,23,18,1,SERVICIO NACIONAL DE CALIDAD Y SANIDAD VEGETAL Y DE SEMILLA (SENAVE),Entes autónomos y autárquicos,575,224,11,6,4,0,1
2017,6,23,19,1,DIRECCION NACIONAL DE CONTRATACIONES PUBLICAS (DNCP),Entes autónomos y autárquicos,227,127,7,1,5,1,0
2017,6,23,20,1,INSTITUTO FORESTAL NACIONAL (INFONA),Entes autónomos y autárquicos,442,120,1,1,0,0,0
2017,6,23,21,1,SECRETARIA DEL AMBIENTE (SEAM),Entes autónomos y autárquicos,365,144,4,0,1,0,3
2017,6,23,22,1,INSTITUTO PARAGUAYO DE TECNOLOGIA AGRARIA (IPTA),Entes autónomos y autárquicos,555,178,0,0,0,0,0
2017,6,23,23,1,SECRETARIA NACIONAL DE LA VIVIENDA Y EL HABITAT (SENAVITAT),Entes autónomos y autárquicos,711,379,17,5,7,4,1
2017,6,23,24,1,DIRECCION NACIONAL DE CORREOS DEL PARAGUAY (DINACOPA),Entes autónomos y autárquicos,1312,666,23,0,0,11,12
2017,6,23,25,1,DIRECCION NACIONAL DE PROPIEDAD INTELECTUAL (DINAPI),Entes autónomos y autárquicos,116,47,6,0,0,2,4
2017,6,23,26,1,SECRETARIA DE DEFENSA DEL CONSUMIDOR Y EL USUARIO (SEDECO),Entes autónomos y autárquicos,26,11,0,0,0,0,0
2017,6,23,27,1,COMISION NACIONAL DE LA COMPETENCIA (CONACOM),Entes autónomos y autárquicos,6,2,0,0,0,0,0
2017,6,23,28,1,AGENCIA NACIONAL DE TRANSITO Y SEGURIDAD VIAL (ANTSV),Entes autónomos y autárquicos,22,11,0,0,0,0,0
2017,6,23,29,1,CONSEJO NACIONAL DE EDUCACION SUPERIOR (CONES),Entes autónomos y autárquicos,29,18,0,0,0,0,0
2017,6,23,30,1,AGENCIA NACIONAL DE EVALUACION Y ACREDITACION DE LA EDUCACION SUPERIOR (ANEAES),Entes autónomos y autárquicos,16,7,0,0,0,0,0
2017,6,23,31,1,AUTORIDAD REGULADORA RADIOLOGICA Y NUCLEAR (ARRN),Entes autónomos y autárquicos,21,9,0,0,0,0,0
2017,6,24,1,1,INSTITUTO DE PREVISION SOCIAL (IPS),Salud,16597,10647,93,3,8,31,51
2017,6,24,2,1,CAJA DE SEGURIDAD SOCIAL DE EMPLEADOS Y OBREROS FERROVIARIOS,Otros organismos,15,4,0,0,0,0,0
2017,6,24,3,1,CAJA DE JUBILACIONES Y PENSIONES DEL PERSONAL DE LA ANDE,Otros organismos,50,19,0,0,0,0,0
2017,6,24,4,1,CAJA DE JUBILACIONES Y PENSIONES DE EMPLEADOS DE BANCOS Y AFINES,Otros organismos,150,57,0,0,0,0,0
2017,6,24,5,1,CAJA DE JUBILACIONES Y PENSIONES DEL PERSONAL MUNICIPAL (CJPPM),Otros organismos,137,60,0,0,0,0,0
2017,6,25,2,1,ADMINISTRACION NACIONAL DE ELECTRICIDAD (ANDE),Empresas públicas,5163,1029,55,1,6,8,40
2017,6,25,4,1,ADMINISTRACION NACIONAL DE NAVEGACION Y PUERTOS (ANNP),Empresas públicas,1468,326,16,0,1,2,13
2017,6,25,5,1,DIRECCION NACIONAL DE AERONAUTICA CIVIL (DINAC),Empresas públicas,2049,672,25,0,1,7,17
2017,6,25,6,1,PETROLEOS PARAGUAYOS (PETROPAR),Empresas públicas,679,109,14,2,4,2,6
2017,6,25,7,1,INDUSTRIA NACIONAL DEL CEMENTO (INC),Empresas públicas,876,161,14,2,8,0,4
2017,6,27,1,1,BANCO NACIONAL DE FOMENTO (BNF),Otros organismos,1415,432,19,1,2,4,12
2017,6,27,3,1,CREDITO AGRICOLA DE HABILITACION (CAH),Otros organismos,448,143,5,0,0,0,5
2017,6,27,4,1,FONDO GANADERO (FG),Otros organismos,135,45,4,1,2,1,0
2017,6,27,5,1,CAJA DE PRESTAMOS DEL MINISTERIO DE DEFENSA NACIONAL (CPMDN),Otros organismos,6,5,0,0,0,0,0
2017,6,27,7,1,AGENCIA FINANCIERA DE DESARROLLO (AFD),Otros organismos,77,34,1,1,0,0,0
2017,6,28,1,1,UNA RECTORADO (RECTORADO UNA),Educación,705,344,4,0,0,2,2
2017,6,28,1,2,FACULTAD DE ENFERMERIA Y OBSTETRICIA,Educación,680,487,0,0,0,0,0
2017,6,28,1,3,COLEGIO EXPERIMENTAL PARAGUAY-BRASIL (CEPB),Educación,187,129,2,0,0,1,1
2017,6,28,1,4,FACULTAD DE CIENCIAS AGRARIAS (FCA-UNA),Educación,1012,440,8,0,0,2,6
2017,6,28,1,5,UNA FACULTAD CIENCIAS EXACTAS Y NATURALES (FACEN),Educación,659,334,0,0,0,0,0
2017,6,28,1,6,"UNA FACULTAD DE ARQUITECTURA, DISENO Y ARTE",Educación,763,365,1,0,0,0,1
2017,6,28,1,7,FACULTAD DE CIENCIAS ECONOMICAS (FCE),Educación,1518,670,4,0,1,2,1
2017,6,28,1,8,FACULTAD DE CIENCIAS MEDICAS (FCM),Educación,5311,3358,4,0,1,1,2
2017,6,28,1,9,FACULTAD DE CIENCIAS QUIMICAS (FCQ),Educación,340,211,0,0,0,0,0
2017,6,28,1,10,FACULTAD DE DERECHO Y CIENCIAS SOCIALES (FDCS),Educación,961,338,1,0,0,0,1
2017,6,28,1,11,FACULTAD DE FILOSOFIA (FIL),Educación,1055,625,0,0,0,0,0
2017,6,28,1,12,FACULTAD DE INGENIERIA (FIUNA),Educación,1086,301,0,0,0,0,0
2017,6,28,1,13,FACULTAD DE ODONTOLOGIA (FO),Educación,393,263,0,0,0,0,0
2017,6,28,1,14,FACULTAD DE POLITECNICA (FPUNA),Educación,1129,481,7,1,1,1,4
2017,6,28,1,15,FACULTAD DE CIENCIAS VETERINARIAS (FCV),Educación,903,406,0,0,0,0,0
2017,6,28,1,16,INSTITUTO DE INVESTIGACIONES EN CIENCIAS DE LA SALUD (IICS),Educación,152,116,0,0,0,0,0
2017,6,28,1,17,FACULTAD DE CIENCIAS SOCIALES,Educación,92,67,1,0,0,1,0
2017,6,28,2,1,UNIVERSIDAD NACIONAL DEL ESTE (UNE),Educación,1624,823,3,0,1,0,2
2017,6,28,3,1,UNIVERSIDAD NACIONAL DE PILAR (UNP),Educación,719,379,2,0,0,0,2
2017,6,28,4,1,UNIVERSIDAD NACIONAL DE ITAPUA (UNI),Educación,1142,636,3,0,1,1,1
2017,6,28,5,1,UNIVERSIDAD NACIONAL DE CONCEPCION (UNC),Educación,633,298,0,0,0,0,0
2017,6,28,6,1,UNIVERSIDAD NACIONAL DE VILLARRICA DEL ESPIRITU SANTO (UNVES),Educación,1354,749,2,0,1,1,0
2017,6,28,7,1,UNIVERSIDAD NACIONAL DE CAAGUAZU (UNCAA),Educación,1005,468,1,0,0,0,1
2017,6,28,8,1,UNIVERSIDAD NACIONAL DE CANINDEYU (UNCAN),Educación,81,39,1,0,0,0,1
2017,6,30,1,3,MUNICIPALIDAD DE  BELEN,Municipalidades,58,22,1,0,0,0,1
2017,6,30,1,4,MUNICIPALIDAD DE HORQUETA,Municipalidades,73,15,0,0,0,0,0
2017,6,30,1,5,MUNICIPALIDAD DE LORETO,Municipalidades,43,14,3,0,2,0,1
2017,6,30,1,6,MUNICIPALIDAD DE SAN LAZARO,Municipalidades,44,19,0,0,0,0,0
2017,6,30,1,7,MUNICIPALIDAD DE YBYYAU,Municipalidades,22,7,0,0,0,0,0
2017,6,30,1,238,MUNICIPALIDAD DE AZOTEY,Municipalidades,39,9,0,0,0,0,0
2017,6,30,1,241,MUNICIPALIDAD DE SARGENTO JOSE FELIX LOPEZ,Municipalidades,31,5,0,0,0,0,0
2017,6,30,1,249,MUNICIPALIDAD DE SAN ALFREDO,Municipalidades,35,15,0,0,0,0,0
2017,6,30,1,524,MUNICIPALIDAD DE ARROYITO,Municipalidades,29,8,0,0,0,0,0
2017,6,30,2,8,MUNICIPALIDAD DE SAN PEDRO DEL YCUAMANDIYU,Municipalidades,94,32,1,0,1,0,0
2017,6,30,2,12,MUNICIPALIDAD DE ITACURUBI  DEL ROSARIO,Municipalidades,28,9,1,0,1,0,0
2017,6,30,2,13,MUNICIPALIDAD DE LIMA,Municipalidades,24,3,0,0,0,0,0
2017,6,30,2,14,MUNICIPALIDAD DE NUEVA GERMANIA,Municipalidades,30,10,0,0,0,0,0
2017,6,30,2,15,MUNICIPALIDAD DE SAN ESTANISLAO,Municipalidades,79,26,2,1,1,0,0
2017,6,30,2,16,MUNICIPALIDAD DE YRYBUCUA,Municipalidades,30,6,0,0,0,0,0
2017,6,30,2,17,MUNICIPALIDAD DE SAN PABLO,Municipalidades,17,5,0,0,0,0,0
2017,6,30,2,18,MUNICIPALIDAD DE TACUATI,Municipalidades,45,15,0,0,0,0,0
2017,6,30,2,19,MUNICIPALIDAD DE UNION,Municipalidades,36,7,2,0,2,0,0
2017,6,30,2,20,MUNICIPALIDAD DE 25 DE DICIEMBRE,Municipalidades,32,12,0,0,0,0,0
2017,6,30,2,22,MUNICIPALIDAD DE GRAL. F. RESQUIN,Municipalidades,44,13,0,0,0,0,0
2017,6,30,2,23,MUNICIPALIDAD DE YATAITY DEL NORTE,Municipalidades,59,5,1,0,1,0,0
2017,6,30,2,24,MUNICIPALIDAD DE GUAJAYVI,Municipalidades,50,14,4,0,3,0,1
2017,6,30,2,25,MUNICIPALIDAD DE CAPIIBARY,Municipalidades,51,8,1,0,1,0,0
2017,6,30,2,26,MUNICIPALIDAD DE SANTA ROSA DEL AGUARAY,Municipalidades,62,15,0,0,0,0,0
2017,6,30,2,239,MUNICIPALIDAD DE LIBERACION,Municipalidades,44,16,0,0,0,0,0
2017,6,30,2,253,MUNICIPALIDAD DE SAN VICENTE PANCHOLO,Municipalidades,29,6,0,0,0,0,0
2017,6,30,3,27,MUNICIPALIDAD DE CAACUPE,Municipalidades,222,80,4,1,3,0,0
2017,6,30,3,28,MUNICIPALIDAD DE ALTOS,Municipalidades,30,13,1,1,0,0,0
2017,6,30,3,29,MUNICIPALIDAD DE ARROYOS Y ESTEROS,Municipalidades,69,28,0,0,0,0,0
2017,6,30,3,30,MUNICIPALIDAD DE ATYRA,Municipalidades,55,15,2,0,2,0,0
2017,6,30,3,31,MUNICIPALIDAD DE CARAGUATAY,Municipalidades,39,12,1,0,1,0,0
2017,6,30,3,32,MUNICIPALIDAD DE EMBOSCADA,Municipalidades,55,22,1,1,0,0,0
2017,6,30,3,33,MUNICIPALIDAD DE EUSEBIO AYALA,Municipalidades,74,22,1,0,1,0,0
2017,6,30,3,34,MUNICIPALIDAD DE ISLA PUCU,Municipalidades,33,12,0,0,0,0,0
2017,6,30,3,35,MUNICIPALIDAD DE ITACURUBI DE LA CORDILLERA,Municipalidades,59,18,0,0,0,0,0
2017,6,30,3,36,MUNICIPALIDAD DE JUAN DE MENA,Municipalidades,20,7,0,0,0,0,0
2017,6,30,3,37,MUNICIPALIDAD DE LOMA GRANDE,Municipalidades,45,17,0,0,0,0,0
2017,6,30,3,39,MUNICIPALIDAD DE NUEVA COLOMBIA,Municipalidades,22,13,0,0,0,0,0
2017,6,30,3,41,MUNICIPALIDAD DE PRIMERO DE MARZO,Municipalidades,26,5,0,0,0,0,0
2017,6,30,3,42,MUNICIPALIDAD DE SAN BERNARDINO,Municipalidades,112,53,2,0,2,0,0
2017,6,30,3,43,MUNICIPALIDAD DE SANTA ELENA,Municipalidades,42,15,0,0,0,0,0
2017,6,30,3,44,MUNICIPALIDAD DE TOBATI,Municipalidades,110,33,5,0,5,0,0
2017,6,30,3,45,MUNICIPALIDAD DE VALENZUELA,Municipalidades,50,22,1,0,0,0,1
2017,6,30,3,46,MUNICIPALIDAD DE SAN JOSE OBRERO,Municipalidades,22,9,1,0,0,0,1
2017,6,30,4,47,MUNICIPALIDAD DE VILLARRICA DEL ESPIRITU SANTO,Municipalidades,385,140,2,1,1,0,0
2017,6,30,4,48,MUNICIPALIDAD DE BORJA,Municipalidades,28,8,0,0,0,0,0
2017,6,30,4,49,MUNICIPALIDAD DE CAPITAN MAURICIO JOSE TROCHE,Municipalidades,38,11,0,0,0,0,0
2017,6,30,4,50,MUNICIPALIDAD DE CORONEL MARTINEZ,Municipalidades,49,19,0,0,0,0,0
2017,6,30,4,51,MUNICIPALIDAD DE FELIX PEREZ CARDOZO,Municipalidades,27,7,0,0,0,0,0
2017,6,30,4,53,MUNICIPALIDAD DE INDEPENDENCIA,Municipalidades,47,10,1,0,0,0,1
2017,6,30,4,54,MUNICIPALIDAD DE ITAPE,Municipalidades,30,7,0,0,0,0,0
2017,6,30,4,55,MUNICIPALIDAD DE ITURBE,Municipalidades,51,11,0,0,0,0,0
2017,6,30,4,56,MUNICIPALIDAD DE JOSE A. FASSARDI,Municipalidades,29,7,0,0,0,0,0
2017,6,30,4,57,MUNICIPALIDAD DE MBOCAYATY DEL GUAIRA,Municipalidades,36,10,1,0,1,0,0
2017,6,30,4,58,MUNICIPALIDAD DE NATALICIO TALAVERA,Municipalidades,27,9,1,0,1,0,0
2017,6,30,4,59,MUNICIPALIDAD DE ÑUMI,Municipalidades,28,8,0,0,0,0,0
2017,6,30,4,60,MUNICIPALIDAD DE SAN SALVADOR,Municipalidades,32,13,1,0,1,0,0
2017,6,30,4,61,MUNICIPALIDAD DE YATAITY DEL GUAIRA,Municipalidades,51,28,0,0,0,0,0
2017,6,30,4,62,MUNICIPALIDAD DE DR. BOTRELL,Municipalidades,29,13,1,0,1,0,0
2017,6,30,4,63,MUNICIPALIDAD DE PASO YOBAI,Municipalidades,34,8,0,0,0,0,0
2017,6,30,4,234,MUNICIPALIDAD DE TEBICUARY,Municipalidades,43,12,1,0,1,0,0
2017,6,30,5,64,MUNICIPALIDAD DE CORONEL OVIEDO,Municipalidades,319,106,8,1,4,0,3
2017,6,30,5,65,MUNICIPALIDAD DE CAAGUAZU,Municipalidades,207,57,4,1,3,0,0
2017,6,30,5,66,MUNICIPALIDAD DE CARAYAO,Municipalidades,28,7,0,0,0,0,0
2017,6,30,5,67,MUNICIPALIDAD DE DR. CECILIO BAEZ,Municipalidades,37,12,0,0,0,0,0
2017,6,30,5,68,MUNICIPALIDAD DE SANTA.ROSA DEL MBUTUY,Municipalidades,28,10,0,0,0,0,0
2017,6,30,5,69,MUNICIPALIDAD DE DR. JUAN MANUEL FRUTOS,Municipalidades,79,23,1,0,1,0,0
2017,6,30,5,70,MUNICIPALIDAD DE REPATRIACION,Municipalidades,50,16,0,0,0,0,0
2017,6,30,5,72,MUNICIPALIDAD DE SAN JOAQUIN,Municipalidades,40,9,0,0,0,0,0
2017,6,30,5,73,MUNICIPALIDAD DE SAN JOSE DE LOS ARROYOS,Municipalidades,49,18,3,1,2,0,0
2017,6,30,5,74,MUNICIPALIDAD DE YHU,Municipalidades,60,22,0,0,0,0,0
2017,6,30,5,75,MUNICIPALIDAD DE DR. J. EULOGIO ESTIGARRIBIA,Municipalidades,115,41,0,0,0,0,0
2017,6,30,5,76,MUNICIPALIDAD DE R.I. 3 CORRALES,Municipalidades,28,7,0,0,0,0,0
2017,6,30,5,77,MUNICIPALIDAD DE RAUL ARSENIO OVIEDO,Municipalidades,37,8,0,0,0,0,0
2017,6,30,5,78,MUNICIPALIDAD DE JOSE DOMINGO OCAMPOS,Municipalidades,51,14,0,0,0,0,0
2017,6,30,5,79,MUNICIPALIDAD DE MARISCAL FRANCISCO SOLANO LOPEZ,Municipalidades,31,6,0,0,0,0,0
2017,6,30,5,81,MUNICIPALIDAD DE 3 DE FEBRERO,Municipalidades,41,10,1,0,0,1,0
2017,6,30,5,82,MUNICIPALIDAD DE SIMON BOLIVAR,Municipalidades,35,10,1,0,1,0,0
2017,6,30,5,83,MUNICIPALIDAD DE VAQUERIA,Municipalidades,37,14,0,0,0,0,0
2017,6,30,5,233,MUNICIPALIDAD DE TEMBIAPORA,Municipalidades,30,9,1,1,0,0,0
2017,6,30,5,243,MUNICIPALIDAD DE NUEVA TOLEDO,Municipalidades,28,8,0,0,0,0,0
2017,6,30,6,84,MUNICIPALIDAD DE CAAZAPA,Municipalidades,117,26,1,0,0,0,1
2017,6,30,6,85,MUNICIPALIDAD DE ABAI,Municipalidades,47,15,0,0,0,0,0
2017,6,30,6,86,MUNICIPALIDAD DE BUENA VISTA,Municipalidades,41,8,0,0,0,0,0
2017,6,30,6,87,MUNICIPALIDAD DE DR. MOISES BERTONI,Municipalidades,19,6,0,0,0,0,0
2017,6,30,6,88,MUNICIPALIDAD DE GRAL.MORINIGO,Municipalidades,32,8,1,0,1,0,0
2017,6,30,6,89,MUNICIPALIDAD DE MACIEL,Municipalidades,34,12,0,0,0,0,0
2017,6,30,6,90,MUNICIPALIDAD DE SAN JUAN NEPOMUCENO,Municipalidades,70,28,0,0,0,0,0
2017,6,30,6,91,MUNICIPALIDAD DE TAVAI,Municipalidades,33,9,0,0,0,0,0
2017,6,30,6,92,MUNICIPALIDAD DE FULGENCIO YEGROS,Municipalidades,43,12,1,0,1,0,0
2017,6,30,6,93,MUNICIPALIDAD DE YUTY,Municipalidades,88,26,0,0,0,0,0
2017,6,30,6,245,MUNICIPALIDAD DE 3 DE MAYO,Municipalidades,18,4,0,0,0,0,0
2017,6,30,7,94,MUNICIPALIDAD DE ENCARNACION,Municipalidades,1412,483,10,2,7,0,1
2017,6,30,7,95,MUNICIPALIDAD DE BELLA VISTA,Municipalidades,84,34,2,1,1,0,0
2017,6,30,7,96,MUNICIPALIDAD DE CAMBYRETA,Municipalidades,149,54,5,2,3,0,0
2017,6,30,7,97,MUNICIPALIDAD DE CAPITAN MEZA,Municipalidades,81,31,3,0,3,0,0
2017,6,30,7,98,MUNICIPALIDAD DE CAPITAN MIRANDA,Municipalidades,63,20,2,0,2,0,0
2017,6,30,7,99,MUNICIPALIDAD DE NUEVA ALBORADA,Municipalidades,45,19,0,0,0,0,0
2017,6,30,7,100,MUNICIPALIDAD DE CARMEN DEL PARANA,Municipalidades,81,23,0,0,0,0,0
2017,6,30,7,101,MUNICIPALIDAD DE CORONEL BOGADO,Municipalidades,87,24,0,0,0,0,0
2017,6,30,7,102,MUNICIPALIDAD DE CARLOS ANTONIO LOPEZ,Municipalidades,73,15,3,0,2,0,1
2017,6,30,7,103,MUNICIPALIDAD DE NATALIO,Municipalidades,58,11,0,0,0,0,0
2017,6,30,7,104,MUNICIPALIDAD DE FRAM,Municipalidades,51,21,0,0,0,0,0
2017,6,30,7,105,MUNICIPALIDAD DE GENERAL ARTIGAS,Municipalidades,82,21,4,0,4,0,0
2017,6,30,7,106,MUNICIPALIDAD DE GENERAL DELGADO,Municipalidades,52,13,0,0,0,0,0
2017,6,30,7,107,MUNICIPALIDAD DE HOHENAU,Municipalidades,97,29,0,0,0,0,0
2017,6,30,7,108,MUNICIPALIDAD DE JESUS,Municipalidades,50,14,0,0,0,0,0
2017,6,30,7,109,MUNICIPALIDAD DE JOSE LEANDRO OVIEDO,Municipalidades,61,20,1,0,1,0,0
2017,6,30,7,110,MUNICIPALIDAD DE OBLIGADO,Municipalidades,95,43,5,0,5,0,0
2017,6,30,7,111,MUNICIPALIDAD DE MAYOR OTAÑO,Municipalidades,45,9,1,0,1,0,0
2017,6,30,7,112,MUNICIPALIDAD DE SAN COSME Y SAN DAMIAN,Municipalidades,50,14,0,0,0,0,0
2017,6,30,7,113,MUNICIPALIDAD DE SAN PEDRO DEL PARANA,Municipalidades,77,23,1,1,0,0,0
2017,6,30,7,114,MUNICIPALIDAD DE SAN RAFAEL DEL PARANA,Municipalidades,125,24,1,0,1,0,0
2017,6,30,7,116,MUNICIPALIDAD DE EDELIRA,Municipalidades,67,24,1,0,1,0,0
2017,6,30,7,117,MUNICIPALIDAD DE TOMAS ROMERO PEREIRA,Municipalidades,97,28,1,0,1,0,0
2017,6,30,7,118,MUNICIPALIDAD DE ALTO VERA,Municipalidades,51,13,0,0,0,0,0
2017,6,30,7,119,MUNICIPALIDAD DE LA PAZ,Municipalidades,37,17,0,0,0,0,0
2017,6,30,7,120,MUNICIPALIDAD DE YATYTAY,Municipalidades,64,16,4,0,4,0,0
2017,6,30,7,121,MUNICIPALIDAD DE SAN JUAN DEL PARANA,Municipalidades,84,18,0,0,0,0,0
2017,6,30,7,122,MUNICIPALIDAD DE PIRAPO,Municipalidades,66,28,0,0,0,0,0
2017,6,30,7,123,MUNICIPALIDAD DE ITAPUA POTY,Municipalidades,53,12,1,0,1,0,0
2017,6,30,8,124,MUNICIPALIDAD DE SAN JUAN BAUSTISTA DE LAS MISIONES,Municipalidades,120,38,0,0,0,0,0
2017,6,30,8,125,MUNICIPALIDAD DE AYOLAS,Municipalidades,127,38,3,0,2,1,0
2017,6,30,8,126,MUNICIPALIDAD DE SAN IGNACIO GUAZU,Municipalidades,147,43,3,1,2,0,0
2017,6,30,8,127,MUNICIPALIDAD DE SAN MIGUEL MISIONES,Municipalidades,52,16,1,0,0,0,1
2017,6,30,8,129,MUNICIPALIDAD DE SANTA MARIA,Municipalidades,79,27,0,0,0,0,0
2017,6,30,8,130,MUNICIPALIDAD DE SANTA ROSA MISIONES,Municipalidades,148,35,0,0,0,0,0
2017,6,30,8,131,MUNICIPALIDAD DE SANTIAGO,Municipalidades,56,24,0,0,0,0,0
2017,6,30,8,132,MUNICIPALIDAD DE VILLA FLORIDA,Municipalidades,46,11,0,0,0,0,0
2017,6,30,9,134,MUNICIPALIDAD DE PARAGUARI,Municipalidades,140,48,0,0,0,0,0
2017,6,30,9,136,MUNICIPALIDAD DE CAAPUCU,Municipalidades,76,28,1,0,1,0,0
2017,6,30,9,137,MUNICIPALIDAD DE GENERAL CABALLERO,Municipalidades,36,13,1,0,0,0,1
2017,6,30,9,138,MUNICIPALIDAD DE CARAPEGUA,Municipalidades,130,41,3,0,0,0,3
2017,6,30,9,139,MUNICIPALIDAD DE ESCOBAR,Municipalidades,54,17,0,0,0,0,0
2017,6,30,9,140,MUNICIPALIDAD DE LA COLMENA,Municipalidades,47,15,1,1,0,0,0
2017,6,30,9,141,MUNICIPALIDAD DE MBUYAPEY,Municipalidades,44,16,1,1,0,0,0
2017,6,30,9,142,MUNICIPALIDAD DE PIRAYU,Municipalidades,72,27,2,0,2,0,0
2017,6,30,9,143,MUNICIPALIDAD DE QUIINDY,Municipalidades,66,23,0,0,0,0,0
2017,6,30,9,144,MUNICIPALIDAD DE QUYQUYHO,Municipalidades,46,13,0,0,0,0,0
2017,6,30,9,145,MUNICIPALIDAD DE SAN ROQUE GONZALEZ DE SANTA CRUZ,Municipalidades,25,9,1,0,1,0,0
2017,6,30,9,146,MUNICIPALIDAD DE SAPUCAI,Municipalidades,27,12,1,0,1,0,0
2017,6,30,9,148,MUNICIPALIDAD DE YAGUARON,Municipalidades,75,18,0,0,0,0,0
2017,6,30,9,149,MUNICIPALIDAD DE YBYCUI,Municipalidades,65,21,2,0,2,0,0
2017,6,30,9,150,MUNICIPALIDAD DE YBYTYMI,Municipalidades,25,7,0,0,0,0,0
2017,6,30,10,151,MUNICIPALIDAD DE CIUDAD DEL ESTE,Municipalidades,2180,1014,10,3,6,0,1
2017,6,30,10,152,MUNICIPALIDAD DE PRESIDENTE FRANCO,Municipalidades,326,99,5,1,4,0,0
2017,6,30,10,153,MUNICIPALIDAD DE DOMINGO MARTINEZ DE IRALA,Municipalidades,87,17,2,0,2,0,0
2017,6,30,10,154,MUNICIPALIDAD DE JUAN LEON MALLORQUIN,Municipalidades,79,28,2,1,1,0,0
2017,6,30,10,155,MUNICIPALIDAD DE HERNANDARIAS,Municipalidades,477,190,7,1,5,0,1
2017,6,30,10,156,MUNICIPALIDAD DE SANTA FE DEL PARANA,Municipalidades,54,21,0,0,0,0,0
2017,6,30,10,157,MUNICIPALIDAD DE ITAKYRY,Municipalidades,82,18,0,0,0,0,0
2017,6,30,10,158,MUNICIPALIDAD DE JUAN E. O'LEARY,Municipalidades,45,12,1,1,0,0,0
2017,6,30,10,159,MUNICIPALIDAD DE ÑACUNDAY,Municipalidades,38,13,0,0,0,0,0
2017,6,30,10,160,MUNICIPALIDAD DE YGUAZU,Municipalidades,52,12,1,0,0,0,1
2017,6,30,10,161,MUNICIPALIDAD DE LOS CEDRALES,Municipalidades,92,41,0,0,0,0,0
2017,6,30,10,162,MUNICIPALIDAD DE MINGA GUAZU,Municipalidades,192,56,3,0,2,0,1
2017,6,30,10,163,MUNICIPALIDAD DE SAN CRISTOBAL,Municipalidades,40,11,0,0,0,0,0
2017,6,30,10,164,MUNICIPALIDAD DE SANTA RITA,Municipalidades,140,44,5,0,3,1,1
2017,6,30,10,165,MUNICIPALIDAD DE NARANJAL,Municipalidades,39,18,0,0,0,0,0
2017,6,30,10,166,MUNICIPALIDAD DE STA. ROSA DEL MONDAY,Municipalidades,49,15,1,0,1,0,0
2017,6,30,10,167,MUNICIPALIDAD DE MINGA PORA,Municipalidades,73,27,2,0,2,0,0
2017,6,30,10,168,MUNICIPALIDAD DE MBARACAYU,Municipalidades,46,15,0,0,0,0,0
2017,6,30,10,169,MUNICIPALIDAD DE SAN ALBERTO,Municipalidades,86,20,1,0,1,0,0
2017,6,30,10,170,MUNICIPALIDAD DE IRUÑA,Municipalidades,35,12,0,0,0,0,0
2017,6,30,10,240,MUNICIPALIDAD DE TAVAPY,Municipalidades,32,7,1,0,1,0,0
2017,6,30,10,246,MUNICIPALIDAD DE DR. RAUL PENA,Municipalidades,33,8,0,0,0,0,0
2017,6,30,11,171,MUNICIPALIDAD DE AREGUA,Municipalidades,210,64,1,0,0,1,0
2017,6,30,11,172,MUNICIPALIDAD DE CAPIATA,Municipalidades,660,270,10,1,9,0,0
2017,6,30,11,173,MUNICIPALIDAD DE FERNANDO DE LA MORA,Municipalidades,970,395,12,4,6,0,2
2017,6,30,11,174,MUNICIPALIDAD DE GUARAMBARE,Municipalidades,93,37,1,0,1,0,0
2017,6,30,11,175,MUNICIPALIDAD DE ITA,Municipalidades,139,49,7,1,6,0,0
2017,6,30,11,176,MUNICIPALIDAD DE ITAUGUA,Municipalidades,258,100,2,0,2,0,0
2017,6,30,11,177,MUNICIPALIDAD DE LAMBARE,Municipalidades,270,100,10,1,6,0,3
2017,6,30,11,178,MUNICIPALIDAD DE LIMPIO,Municipalidades,307,134,3,2,1,0,0
2017,6,30,11,179,MUNICIPALIDAD DE LUQUE,Municipalidades,818,276,13,3,6,1,3
2017,6,30,11,180,MUNICIPALIDAD DE MARIANO ROQUE ALONSO,Municipalidades,555,276,8,1,3,1,3
2017,6,30,11,181,MUNICIPALIDAD DE NUEVA ITALIA,Municipalidades,56,18,2,0,1,0,1
2017,6,30,11,182,MUNICIPALIDAD DE ÑEMBY,Municipalidades,268,100,7,2,3,0,2
2017,6,30,11,183,MUNICIPALIDAD DE SAN ANTONIO,Municipalidades,135,54,4,2,2,0,0
2017,6,30,11,184,MUNICIPALIDAD DE SAN LORENZO,Municipalidades,1203,477,13,2,5,2,4
2017,6,30,11,185,MUNICIPALIDAD DE VILLA ELISA,Municipalidades,309,140,0,0,0,0,0
2017,6,30,11,186,MUNICIPALIDAD DE VILLETA,Municipalidades,162,70,4,1,3,0,0
2017,6,30,11,187,MUNICIPALIDAD DE YPACARAI,Municipalidades,131,42,0,0,0,0,0
2017,6,30,11,188,MUNICIPALIDAD DE YPANE,Municipalidades,125,45,2,0,2,0,0
2017,6,30,12,191,MUNICIPALIDAD DE ALBERDI,Municipalidades,41,11,0,0,0,0,0
2017,6,30,12,193,MUNICIPALIDAD DE DESMOCHADOS,Municipalidades,36,13,0,0,0,0,0
2017,6,30,12,194,MUNICIPALIDAD DE GENERAL JOSE EDUVIGIS DIAZ,Municipalidades,56,21,1,0,0,0,1
2017,6,30,12,195,MUNICIPALIDAD DE GUAZU CUA,Municipalidades,37,9,0,0,0,0,0
2017,6,30,12,196,MUNICIPALIDAD DE HUMAITA,Municipalidades,20,7,0,0,0,0,0
2017,6,30,12,197,MUNICIPALIDAD DE ISLA UMBU,Municipalidades,37,12,0,0,0,0,0
2017,6,30,12,203,MUNICIPALIDAD DE VILLA FRANCA,Municipalidades,25,10,0,0,0,0,0
2017,6,30,12,204,MUNICIPALIDAD DE VILLA OLIVA,Municipalidades,12,5,0,0,0,0,0
2017,6,30,12,205,MUNICIPALIDAD DE VILLALBIN,Municipalidades,79,30,0,0,0,0,0
2017,6,30,13,206,MUNICIPALIDAD DE PEDRO J. CABALLERO,Municipalidades,414,126,3,0,1,1,1
2017,6,30,13,207,MUNICIPALIDAD DE BELLA VISTA - NORTE,Municipalidades,77,27,0,0,0,0,0
2017,6,30,13,208,MUNICIPALIDAD DE CAPITAN BADO,Municipalidades,96,23,1,0,0,0,1
2017,6,30,13,242,MUNICIPALIDAD DE ZANJA PYTA,Municipalidades,32,9,0,0,0,0,0
2017,6,30,13,250,MUNICIPALIDAD DE KARAPAI,Municipalidades,17,6,0,0,0,0,0
2017,6,30,14,209,MUNICIPALIDAD DE SALTO DEL GUAIRA,Municipalidades,252,76,0,0,0,0,0
2017,6,30,14,211,MUNICIPALIDAD DE VILLA CURUGUATY,Municipalidades,111,34,0,0,0,0,0
2017,6,30,14,212,MUNICIPALIDAD DE YASY CAÑY,Municipalidades,49,15,1,0,1,0,0
2017,6,30,14,213,MUNICIPALIDAD DE VILLA YGATIMI,Municipalidades,41,4,0,0,0,0,0
2017,6,30,14,214,MUNICIPALIDAD DE ITANARA,Municipalidades,33,7,0,0,0,0,0
2017,6,30,14,215,MUNICIPALIDAD DE YPE JHU,Municipalidades,34,8,0,0,0,0,0
2017,6,30,14,216,MUNICIPALIDAD DE GENERAL FRANCISCO CABALLERO ALVAREZ,Municipalidades,70,20,1,0,0,0,1
2017,6,30,14,217,MUNICIPALIDAD DE KATUETE,Municipalidades,78,21,0,0,0,0,0
2017,6,30,14,219,MUNICIPALIDAD DE NUEVA ESPERANZA,Municipalidades,75,28,0,0,0,0,0
2017,6,30,14,244,MUNICIPALIDAD DE YVYRAROBANA,Municipalidades,71,23,1,0,1,0,0
2017,6,30,14,247,MUNICIPALIDAD DE YBY PYTA,Municipalidades,29,5,0,0,0,0,0
2017,6,30,14,251,MUNICIPALIDAD DE MARACANA,Municipalidades,10,5,0,0,0,0,0
2017,6,30,15,220,MUNICIPALIDAD DE BENJAMIN ACEVAL,Municipalidades,64,24,0,0,0,0,0
2017,6,30,15,221,MUNICIPALIDAD DE PUERTO PINASCO,Municipalidades,82,18,0,0,0,0,0
2017,6,30,15,222,MUNICIPALIDAD DE VILLA HAYES,Municipalidades,222,79,6,1,2,0,3
2017,6,30,15,223,MUNICIPALIDAD DE NANAWA,Municipalidades,50,14,3,1,1,0,1
2017,6,30,15,229,MUNICIPALIDAD DE TTE. 1RO. MANUEL IRALA FERNANDEZ,Municipalidades,53,22,1,0,1,0,0
2017,6,30,15,232,MUNICIPALIDAD DE TENIENTE ESTEBAN MARTINEZ,Municipalidades,46,19,0,0,0,0,0
2017,6,30,15,233,MUNICIPALIDAD DE GENERAL JOSE MARIA BRUGUEZ,Municipalidades,43,16,1,0,1,0,0
2017,6,30,16,228,MUNICIPALIDAD DE MARISCAL JOSE FELIX ESTIGARRIBIA,Municipalidades,104,26,0,0,0,0,0
2017,6,30,16,230,MUNICIPALIDAD DE FILADELFIA,Municipalidades,123,34,1,0,1,0,0
2017,6,30,16,231,MUNICIPALIDAD DE LOMA PLATA,Municipalidades,59,17,1,0,0,0,1
2017,6,30,17,226,MUNICIPALIDAD DE LA VICTORIA,Municipalidades,40,9,0,0,0,0,0
2017,6,30,17,227,MUNICIPALIDAD DE BAHIA NEGRA,Municipalidades,47,16,0,0,0,0,0
2017,6,40,1,1,COMPAÑIA PARAGUAYA DE COMUNICACIONES S.A.,SA del Estado,3768,1407,21,0,0,4,17
2017,6,40,2,1,EMPRESA DE SERVICIOS SANITARIOS DEL PARAGUAY S.A. (ESSAP),SA del Estado,1995,418,18,0,0,3,15
2017,6,40,3,1,CAÑAS PARAGUAYAS S.A. (CAPASA),SA del Estado,175,54,0,0,0,0,0
2018,6,11,1,1,CONGRESO NACIONAL (CN),Poder Legislativo,708,291,29,2,11,5,11
2018,6,11,2,1,HONORABLE CAMARA DE SENADORES (HCS),Poder Legislativo,868,348,34,5,13,4,12
2018,6,11,3,1,HONORABLE CAMARA DE DIPUTADOS (HCD),Poder Legislativo,2002,850,19,0,3,5,11
2018,6,12,1,2,PRESIDENCIA DE LA REPUBLICA / GABINETE CIVIL,Servicio civil del Ejecutivo,275,115,2,0,1,0,1
2018,6,12,1,3,GABINETE MILITAR (GM),Servicio civil del Ejecutivo,26,11,0,0,0,0,0
2018,6,12,1,4,PROCURADURIA GENERAL DE LA REPUBLICA (PGR),Servicio civil del Ejecutivo,117,52,5,2,0,0,3
2018,6,12,1,5,SECRETARIA DE ACCION SOCIAL (SAS),Servicio civil del Ejecutivo,1313,738,9,0,2,1,6
2018,6,12,1,6,AUDITORIA GENERAL DEL PODER EJECUTIVO (AGPE),Servicio civil del Ejecutivo,59,31,3,0,1,1,1
2018,6,12,1,7,SECRETARIA TECNICA DE PLANIFICACION DEL DESARROLLO ECONOMICO Y SOCIAL (STP),Servicio civil del Ejecutivo,250,126,8,0,0,4,4
2018,6,12,1,8,SECRETARIA DE LA FUNCION PUBLICA (SFP),Servicio civil del Ejecutivo,80,51,5,2,0,2,1
2018,6,12,1,9,"DIRECCION GENERAL DE ESTADISTICAS, ENCUESTAS Y CENSOS (DGEEC)",Servicio civil del Ejecutivo,353,192,5,1,1,0,3
2018,6,12,1,10,SECRETARIA NACIONAL ANTIDROGAS (SENAD),Servicio civil del Ejecutivo,391,123,11,0,0,6,5
2018,6,12,1,11,CONSEJO DE LA DEFENSA NACIONAL (CODENA),Servicio civil del Ejecutivo,12,1,0,0,0,0,0
2018,6,12,1,12,SECRETARIA DE DESARROLLO PARA REPATRIADOS Y REFUGIADOS CONNACIONALES (SEDEREC),Servicio civil del Ejecutivo,87,45,5,0,0,3,2
2018,6,12,1,13,SECRETARIA NACIONAL DE TURISMO (SENATUR),Servicio civil del Ejecutivo,275,163,7,0,1,4,2
2018,6,12,1,14,SECRETARIA DE PREVENCION DE LAVADO DE DINERO O BIENES (SEPRELAD),Servicio civil del Ejecutivo,58,29,2,1,0,1,0
2018,6,12,1,15,CONSEJO NACIONAL DE CIENCIA Y TECNOLOGIA (CONACYT),Servicio civil del Ejecutivo,118,61,2,0,1,1,0
2018,6,12,1,16,ESCRIBANIA MAYOR DE GOBIERNO (EMG),Servicio civil del Ejecutivo,33,18,1,0,0,0,1
2018,6,12,1,18,SECRETARIA NACIONAL DE LA NIÑEZ Y LA ADOLESCENCIA (SNNA),Servicio civil del Ejecutivo,679,476,13,3,2,4,4
2018,6,12,1,19,SECRETARIA DE EMERGENCIA NACIONAL (SEN),Servicio civil del Ejecutivo,245,70,9,2,6,1,0
2018,6,12,1,20,SECRETARIA NACIONAL DE DEPORTES (SND),Servicio civil del Ejecutivo,114,41,6,1,2,2,1
2018,6,12,1,22,SECRETARIA NACIONAL DE CULTURA (SNC),Servicio civil del Ejecutivo,248,141,7,1,0,3,3
2018,6,12,1,23,GABINETE SOCIAL (GS),Servicio civil del Ejecutivo,39,26,0,0,0,0,0
2018,6,12,1,24,SECRETARIA DE INFORMACION Y COMUNICACION (SICOM),Servicio civil del Ejecutivo,255,87,6,2,3,0,1
2018,6,12,1,25,SECRETARIA DE POLITICAS LINGUISTICAS (SPL),Servicio civil del Ejecutivo,43,25,2,0,0,0,2
2018,6,12,1,26,SECRETARIA NACIONAL POR LOS DERECHOS HUMANOS DE LAS PERSONAS CON DISCAPACIDAD (SENADIS),Servicio civil del Ejecutivo,521,291,54,9,13,18,14
2018,6,12,1,27,SECRETARIA NACIONAL DE TECNOLOGIAS DE LA INFORMACION Y COMUNICACION (SENATICS),Servicio civil del Ejecutivo,93,33,1,0,1,0,0
2018,6,12,1,28,SECRETARIA NACIONAL DE LA JUVENTUD (SNJ),Servicio civil del Ejecutivo,42,19,2,0,2,0,0
2018,6,12,1,29,SECRETARIA NACIONAL ANTICORRUPCION (SENAC),Servicio civil del Ejecutivo,16,9,0,0,0,0,0
2018,6,12,1,30,ORQUESTA SINFONICA NACIONAL (OSN),Servicio civil del Ejecutivo,129,42,3,2,1,0,0
2018,6,12,1,31,AGENCIA ESPACIAL DEL PARAGUAY(AEP),Servicio civil del Ejecutivo,9,1,0,0,0,0,0
2018,6,12,1,32,SECRETARIA NACIONAL DE ADMINISTRACION DE BIENES INCAUTADOS Y COMISADOS(SENABICO),Servicio civil del Ejecutivo,13,5,0,0,0,0,0
2018,6,12,2,1,VICEPRESIDENCIA DE LA REPUBLICA,Servicio civil del Ejecutivo,78,35,4,0,0,2,2
2018,6,12,3,1,MINISTERIO DEL INTERIOR (MI),Servicio civil del Ejecutivo,321,117,4,0,1,0,3
2018,6,12,3,2,POLICIA NACIONAL (PN),Fuerzas públicas,25162,4101,32,0,0,2,30
2018,6,12,3,3,DIRECCION GENERAL DE MIGRACIONES (DGM),Servicio civil del Ejecutivo,351,153,2,1,0,0,1
2018,6,12,4,1,MINISTERIO DE RELACIONES EXTERIORES (MRE),Servicio civil del Ejecutivo,1276,470,25,0,0,9,16
2018,6,12,5,1,MINISTERIO DE DEFENSA NACIONAL (MDN),Fuerzas públicas,319,155,9,0,0,4,5
2018,6,12,5,2,CENTRO FINANCIERO 1 - COMANDO EN JEFE,Servicio civil del Ejecutivo,338,130,0,0,0,0,0
2018,6,12,5,3,CENTRO FINANCIERO 2 - COMANDO DEL EJERCITO,Servicio civil del Ejecutivo,770,275,1,0,0,0,1
2018,6,12,5,4,CENTRO FINANCIERO 3 - COMANDO DE LA ARMADA,Servicio civil del Ejecutivo,540,159,0,0,0,0,0
2018,6,12,5,5,CENTRO FINANCIERO 4 - COMANDO DE LA FUERZA AEREA,Servicio civil del Ejecutivo,170,77,1,0,0,0,1
2018,6,12,5,6,CENTRO FINANCIERO 5 - COMANDO LOGISTICO,Servicio civil del Ejecutivo,785,380,1,0,0,1,0
2018,6,12,6,1,MINISTERIO DE ECONOMIA Y FINANZAS (MEF),Servicio civil del Ejecutivo,2270,1025,9,1,3,4,1
2018,6,12,7,1,MINISTERIO DE EDUCACION Y CIENCIAS (MEC),Educación,83167,56044,57,0,0,32,25
2018,6,12,7,2,CONSEJO NACIONAL DE EDUCACION Y CULTURA (CONEC),Servicio civil del Ejecutivo,14,5,0,0,0,0,0
2018,6,12,8,1,MINISTERIO DE SALUD PUBLICA Y BIENESTAR SOCIAL (MSPBS),Salud,41254,27749,188,16,17,81,74
2018,6,12,9,1,MINISTERIO DE JUSTICIA (MJ),Servicio civil del Ejecutivo,2995,1056,16,1,0,5,10
2018,6,12,10,1,MINISTERIO DE AGRICULTURA Y GANADERIA (MAG),Servicio civil del Ejecutivo,3006,1125,37,0,3,15,19
2018,6,12,11,1,MINISTERIO DE INDUSTRIA Y COMERCIO (MIC),Servicio civil del Ejecutivo,437,195,4,0,0,1,3
2018,6,12,13,1,MINISTERIO DE OBRAS PUBLICAS Y COMUNICACIONES (MOPC),Servicio civil del Ejecutivo,3911,902,57,6,19,5,27
2018,6,12,14,1,MINISTERIO DE LA MUJER (MM),Servicio civil del Ejecutivo,199,161,2,1,1,0,0
2018,6,12,15,1,"MINISTERIO DEL TRABAJO, EMPLEO Y SEGURIDAD SOCIAL (MTESS)",Servicio civil del Ejecutivo,404,211,13,1,1,1,10
2018,6,12,15,2,SERVICIO NACIONAL DE PROMOCION PROFESIONAL (SNPP),Servicio civil del Ejecutivo,1604,799,17,2,1,5,9
2018,6,12,15,3,SISTEMA NACIONAL DE FORMACION Y CAPACITACION LABORAL (SINAFOCAL),Servicio civil del Ejecutivo,133,71,6,0,0,1,5
2018,6,13,1,1,CORTE SUPREMA DE JUSTICIA (CSJ),Poder Judicial,13385,7360,56,4,10,11,31
2018,6,13,3,1,MINISTERIO PUBLICO (MP),Poder Judicial,5614,3071,21,1,0,7,13
2018,6,13,4,1,CONSEJO DE LA MAGISTRATURA (CM),Poder Judicial,109,53,1,0,1,0,0
2018,6,13,4,2,ESCUELA JUDICIAL (EJ),Poder Judicial,139,59,2,0,1,0,1
2018,6,13,5,1,JURADO DE ENJUICIAMIENTO DE MAGISTRADOS (JEM),Poder Judicial,234,121,1,0,0,0,1
2018,6,13,6,1,MINISTERIO DE LA DEFENSA PUBLICA (MDP),Poder Judicial,2507,1481,13,3,4,5,1
2018,6,14,1,1,CONTRALORIA GENERAL DE LA REPUBLICA (CGR),Otros organismos,916,495,3,0,0,2,1
2018,6,15,1,1,DEFENSORIA DEL PUEBLO (DP),Otros organismos,187,111,3,0,3,0,0
2018,6,15,2,1,MECANISMO NACIONAL DE PREVENCION CONTRA LA TORTURA Y OTROS TRATOS O PENAS CRUELES INHUMANOS O DEGRADANTES (MNP),Otros organismos,23,13,1,0,0,1,0
2018,6,21,1,1,BANCO CENTRAL DEL PARAGUAY (BCP),Otros organismos,886,285,9,0,0,2,7
2018,6,22,1,1,I DEPARTAMENTO: GOBERNACION DE CONCEPCION,Gobiernos departamentales,124,47,1,0,1,0,0
2018,6,22,2,1,II DEPARTAMENTO: GOBERNACION DE SAN PEDRO,Gobiernos departamentales,88,41,2,1,0,1,0
2018,6,22,3,1,III DEPARTAMENTO: GOBERNACION DE CORDILLERA,Gobiernos departamentales,97,38,1,0,0,0,1
2018,6,22,4,1,IV DEPARTAMENTO: GOBERNACION DE GUAIRA,Gobiernos departamentales,175,57,1,0,0,0,1
2018,6,22,5,1,V DEPARTAMENTO: GOBERNACION DE CAAGUAZU,Gobiernos departamentales,180,54,0,0,0,0,0
2018,6,22,6,1,VI DEPARTAMENTO: GOBERNACION DE CAAZAPA,Gobiernos departamentales,123,38,7,1,3,0,3
2018,6,22,7,1,VII DEPARTAMENTO: GOBERNACION DE ITAPUA,Gobiernos departamentales,247,81,5,0,3,0,2
2018,6,22,8,1,VIII DEPARTAMENTO: GOBERNACION DE MISIONES,Gobiernos departamentales,124,39,3,0,1,1,1
2018,6,22,9,1,IX DEPARTAMENTO: GOBERNACION DE PARAGUARI,Gobiernos departamentales,187,56,0,0,0,0,0
2018,6,22,10,1,X DEPARTAMENTO: GOBERNACION DE ALTO PARANA,Gobiernos departamentales,199,67,16,5,11,0,0
2018,6,22,11,1,XI DEPARTAMENTO: GOBERNACION CENTRAL,Gobiernos departamentales,178,77,9,3,1,1,4
2018,6,22,12,1,XII DEPARTAMENTO: GOBERNACION DE ÑEEMBUCU,Gobiernos departamentales,95,36,0,0,0,0,0
2018,6,22,13,1,XIII DEPARTAMENTO: GOBERNACION DE AMAMBAY,Gobiernos departamentales,211,121,4,2,2,0,0
2018,6,22,14,1,XIV DEPARTAMENTO: GOBERNACION DE CANINDEYU,Gobiernos departamentales,91,26,2,0,2,0,0
2018,6,22,15,1,XV DEPARTAMENTO: GOBERNACION DE PRESIDENTE HAYES,Gobiernos departamentales,88,28,2,0,0,1,1
2018,6,22,16,1,XVI DEPARTAMENTO: GOBERNACION DE BOQUERON,Gobiernos departamentales,166,67,0,0,0,0,0
2018,6,22,17,1,XVII DEPARTAMENTO: GOBERNACION DE ALTO PARAGUAY,Gobiernos departamentales,69,17,5,0,0,2,3
2018,6,23,1,1,"INSTITUTO NACIONAL DE TECNOLOGIA, NORMALIZACION Y METROLOGIA (INTN)",Entes autónomos y autárquicos,348,174,11,0,0,6,5
2018,6,23,3,1,INSTITUTO NACIONAL DE DESARROLLO RURAL Y DE LA TIERRA (INDERT),Entes autónomos y autárquicos,593,184,20,0,0,3,17
2018,6,23,4,1,DIRECCION DE BENEFICENCIA Y AYUDA SOCIAL (DIBEN),Entes autónomos y autárquicos,103,56,5,0,0,4,1
2018,6,23,6,1,INSTITUTO PARAGUAYO DEL INDIGENA (INDI),Entes autónomos y autárquicos,78,36,0,0,0,0,0
2018,6,23,8,1,FONDO NACIONAL DE LA CULTURA Y LAS ARTES (FONDEC),Entes autónomos y autárquicos,24,16,0,0,0,0,0
2018,6,23,9,1,COMISION NACIONAL DE VALORES (CNV),Entes autónomos y autárquicos,36,22,2,0,0,1,1
2018,6,23,10,1,COMISION NACIONAL DE TELECOMUNICACIONES (CONATEL),Entes autónomos y autárquicos,333,108,7,1,2,1,3
2018,6,23,11,1,DIRECCION NACIONAL DE TRANSPORTE (DINATRAN),Entes autónomos y autárquicos,315,68,2,0,0,0,2
2018,6,23,13,1,ENTE REGULADOR DE SERVICIOS SANITARIOS (ERSSAN),Entes autónomos y autárquicos,82,34,3,2,0,1,0
2018,6,23,14,1,INSTITUTO NACIONAL DE COOPERATIVISMO (INCOOP),Entes autónomos y autárquicos,206,111,8,0,0,4,4
2018,6,23,15,1,DIRECCION NACIONAL DE ADUANAS (DNA),Entes autónomos y autárquicos,1165,218,30,1,15,3,11
2018,6,23,16,1,SERVICIO NACIONAL DE CALIDAD Y SALUD ANIMAL (SENACSA),Entes autónomos y autárquicos,1590,592,57,2,0,11,44
2018,6,23,17,1,INSTITUTO PARAGUAYO DE ARTESANIA (IPA),Entes autónomos y autárquicos,81,48,2,0,0,0,2
2018,6,23,18,1,SERVICIO NACIONAL DE CALIDAD Y SANIDAD VEGETAL Y DE SEMILLA (SENAVE),Entes autónomos y autárquicos,598,232,16,9,5,1,1
2018,6,23,19,1,DIRECCION NACIONAL DE CONTRATACIONES PUBLICAS (DNCP),Entes autónomos y autárquicos,223,127,5,1,3,1,0
2018,6,23,20,1,INSTITUTO FORESTAL NACIONAL (INFONA),Entes autónomos y autárquicos,441,124,11,1,0,5,5
2018,6,23,21,1,SECRETARIA DEL AMBIENTE (SEAM),Entes autónomos y autárquicos,382,148,6,0,0,1,5
2018,6,23,22,1,INSTITUTO PARAGUAYO DE TECNOLOGIA AGRARIA (IPTA),Entes autónomos y autárquicos,563,184,11,0,2,2,7
2018,6,23,23,1,SECRETARIA NACIONAL DE LA VIVIENDA Y EL HABITAT (SENAVITAT),Entes autónomos y autárquicos,692,377,17,5,7,4,1
2018,6,23,24,1,DIRECCION NACIONAL DE CORREOS DEL PARAGUAY (DINACOPA),Entes autónomos y autárquicos,1287,651,23,0,0,11,12
2018,6,23,25,1,DIRECCION NACIONAL DE PROPIEDAD INTELECTUAL (DINAPI),Entes autónomos y autárquicos,115,49,6,0,0,2,4
2018,6,23,26,1,SECRETARIA DE DEFENSA DEL CONSUMIDOR Y EL USUARIO (SEDECO),Entes autónomos y autárquicos,24,11,0,0,0,0,0
2018,6,23,27,1,COMISION NACIONAL DE LA COMPETENCIA (CONACOM),Entes autónomos y autárquicos,10,4,0,0,0,0,0
2018,6,23,28,1,AGENCIA NACIONAL DE TRANSITO Y SEGURIDAD VIAL (ANTSV),Entes autónomos y autárquicos,27,14,0,0,0,0,0
2018,6,23,29,1,CONSEJO NACIONAL DE EDUCACION SUPERIOR (CONES),Entes autónomos y autárquicos,32,24,0,0,0,0,0
2018,6,23,30,1,AGENCIA NACIONAL DE EVALUACION Y ACREDITACION DE LA EDUCACION SUPERIOR (ANEAES),Entes autónomos y autárquicos,19,9,0,0,0,0,0
2018,6,23,31,1,AUTORIDAD REGULADORA RADIOLOGICA Y NUCLEAR (ARRN),Entes autónomos y autárquicos,27,10,0,0,0,0,0
2018,6,24,1,1,INSTITUTO DE PREVISION SOCIAL (IPS),Salud,16994,10873,93,3,5,29,56
2018,6,24,2,1,CAJA DE SEGURIDAD SOCIAL DE EMPLEADOS Y OBREROS FERROVIARIOS,Otros organismos,13,4,0,0,0,0,0
2018,6,24,3,1,CAJA DE JUBILACIONES Y PENSIONES DEL PERSONAL DE LA ANDE,Otros organismos,48,18,0,0,0,0,0
2018,6,24,4,1,CAJA DE JUBILACIONES Y PENSIONES DE EMPLEADOS DE BANCOS Y AFINES,Otros organismos,154,59,0,0,0,0,0
2018,6,24,5,1,CAJA DE JUBILACIONES Y PENSIONES DEL PERSONAL MUNICIPAL (CJPPM),Otros organismos,199,81,2,0,0,2,0
2018,6,25,2,1,ADMINISTRACION NACIONAL DE ELECTRICIDAD (ANDE),Empresas públicas,4998,1004,71,2,8,10,51
2018,6,25,4,1,ADMINISTRACION NACIONAL DE NAVEGACION Y PUERTOS (ANNP),Empresas públicas,1451,332,17,0,0,2,15
2018,6,25,5,1,DIRECCION NACIONAL DE AERONAUTICA CIVIL (DINAC),Empresas públicas,2036,685,25,0,1,7,17
2018,6,25,6,1,PETROLEOS PARAGUAYOS (PETROPAR),Empresas públicas,788,126,14,0,0,4,10
2018,6,25,7,1,INDUSTRIA NACIONAL DEL CEMENTO (INC),Empresas públicas,1045,173,12,3,0,1,8
2018,6,27,1,1,BANCO NACIONAL DE FOMENTO (BNF),Otros organismos,1381,432,21,0,0,7,14
2018,6,27,3,1,CREDITO AGRICOLA DE HABILITACION (CAH),Otros organismos,468,152,6,0,0,0,6
2018,6,27,4,1,FONDO GANADERO (FG),Otros organismos,127,44,4,1,2,1,0
2018,6,27,5,1,CAJA DE PRESTAMOS DEL MINISTERIO DE DEFENSA NACIONAL (CPMDN),Otros organismos,6,5,0,0,0,0,0
2018,6,27,7,1,AGENCIA FINANCIERA DE DESARROLLO (AFD),Otros organismos,79,35,1,1,0,0,0
2018,6,28,1,1,UNA RECTORADO (RECTORADO UNA),Educación,696,336,3,0,0,1,2
2018,6,28,1,2,FACULTAD DE ENFERMERIA Y OBSTETRICIA,Educación,622,455,0,0,0,0,0
2018,6,28,1,3,COLEGIO EXPERIMENTAL PARAGUAY-BRASIL (CEPB),Educación,180,126,0,0,0,0,0
2018,6,28,1,4,FACULTAD DE CIENCIAS AGRARIAS (FCA-UNA),Educación,988,430,6,0,0,1,5
2018,6,28,1,5,UNA FACULTAD CIENCIAS EXACTAS Y NATURALES (FACEN),Educación,661,336,0,0,0,0,0
2018,6,28,1,6,"UNA FACULTAD DE ARQUITECTURA, DISENO Y ARTE",Educación,789,393,1,0,0,0,1
2018,6,28,1,7,FACULTAD DE CIENCIAS ECONOMICAS (FCE),Educación,1539,689,4,0,1,2,1
2018,6,28,1,8,FACULTAD DE CIENCIAS MEDICAS (FCM),Educación,5340,3365,3,0,1,1,1
2018,6,28,1,9,FACULTAD DE CIENCIAS QUIMICAS (FCQ),Educación,385,237,0,0,0,0,0
2018,6,28,1,10,FACULTAD DE DERECHO Y CIENCIAS SOCIALES (FDCS),Educación,995,356,1,0,0,0,1
2018,6,28,1,11,FACULTAD DE FILOSOFIA (FIL),Educación,1051,625,0,0,0,0,0
2018,6,28,1,12,FACULTAD DE INGENIERIA (FIUNA),Educación,1100,321,0,0,0,0,0
2018,6,28,1,13,FACULTAD DE ODONTOLOGIA (FO),Educación,397,269,0,0,0,0,0
2018,6,28,1,14,FACULTAD DE POLITECNICA (FPUNA),Educación,1160,499,5,1,0,1,3
2018,6,28,1,15,FACULTAD DE CIENCIAS VETERINARIAS (FCV),Educación,883,401,0,0,0,0,0
2018,6,28,1,16,INSTITUTO DE INVESTIGACIONES EN CIENCIAS DE LA SALUD (IICS),Educación,151,116,0,0,0,0,0
2018,6,28,1,17,FACULTAD DE CIENCIAS SOCIALES,Educación,92,67,0,0,0,0,0
2018,6,28,2,1,UNIVERSIDAD NACIONAL DEL ESTE (UNE),Educación,1632,842,3,0,1,0,2
2018,6,28,3,1,UNIVERSIDAD NACIONAL DE PILAR (UNP),Educación,716,384,2,0,0,0,2
2018,6,28,4,1,UNIVERSIDAD NACIONAL DE ITAPUA (UNI),Educación,1087,613,3,0,1,1,1
2018,6,28,5,1,UNIVERSIDAD NACIONAL DE CONCEPCION (UNC),Educación,630,308,0,0,0,0,0
2018,6,28,6,1,UNIVERSIDAD NACIONAL DE VILLARRICA DEL ESPIRITU SANTO (UNVES),Educación,1403,795,2,0,1,1,0
2018,6,28,7,1,UNIVERSIDAD NACIONAL DE CAAGUAZU (UNCAA),Educación,966,455,4,0,0,2,2
2018,6,28,8,1,UNIVERSIDAD NACIONAL DE CANINDEYU (UNCAN),Educación,83,38,1,0,0,0,1
2018,6,30,1,3,MUNICIPALIDAD DE  BELEN,Municipalidades,57,23,1,0,0,0,1
2018,6,30,1,4,MUNICIPALIDAD DE HORQUETA,Municipalidades,72,15,0,0,0,0,0
2018,6,30,1,5,MUNICIPALIDAD DE LORETO,Municipalidades,41,14,1,0,0,0,1
2018,6,30,1,6,MUNICIPALIDAD DE SAN LAZARO,Municipalidades,44,19,0,0,0,0,0
2018,6,30,1,7,MUNICIPALIDAD DE YBYYAU,Municipalidades,22,7,0,0,0,0,0
2018,6,30,1,238,MUNICIPALIDAD DE AZOTEY,Municipalidades,39,9,0,0,0,0,0
2018,6,30,1,241,MUNICIPALIDAD DE SARGENTO JOSE FELIX LOPEZ,Municipalidades,31,5,0,0,0,0,0
2018,6,30,1,249,MUNICIPALIDAD DE SAN ALFREDO,Municipalidades,34,14,0,0,0,0,0
2018,6,30,1,524,MUNICIPALIDAD DE ARROYITO,Municipalidades,23,6,0,0,0,0,0
2018,6,30,2,8,MUNICIPALIDAD DE SAN PEDRO DEL YCUAMANDIYU,Municipalidades,113,41,1,0,1,0,0
2018,6,30,2,12,MUNICIPALIDAD DE ITACURUBI  DEL ROSARIO,Municipalidades,30,8,1,0,1,0,0
2018,6,30,2,13,MUNICIPALIDAD DE LIMA,Municipalidades,26,4,0,0,0,0,0
2018,6,30,2,14,MUNICIPALIDAD DE NUEVA GERMANIA,Municipalidades,28,9,0,0,0,0,0
2018,6,30,2,15,MUNICIPALIDAD DE SAN ESTANISLAO,Municipalidades,79,30,2,1,1,0,0
2018,6,30,2,16,MUNICIPALIDAD DE YRYBUCUA,Municipalidades,32,6,0,0,0,0,0
2018,6,30,2,17,MUNICIPALIDAD DE SAN PABLO,Municipalidades,29,9,0,0,0,0,0
2018,6,30,2,18,MUNICIPALIDAD DE TACUATI,Municipalidades,44,14,0,0,0,0,0
2018,6,30,2,19,MUNICIPALIDAD DE UNION,Municipalidades,47,8,1,0,1,0,0
2018,6,30,2,20,MUNICIPALIDAD DE 25 DE DICIEMBRE,Municipalidades,36,12,0,0,0,0,0
2018,6,30,2,22,MUNICIPALIDAD DE GRAL. F. RESQUIN,Municipalidades,50,15,0,0,0,0,0
2018,6,30,2,23,MUNICIPALIDAD DE YATAITY DEL NORTE,Municipalidades,34,3,0,0,0,0,0
2018,6,30,2,24,MUNICIPALIDAD DE GUAJAYVI,Municipalidades,45,14,4,0,3,0,1
2018,6,30,2,25,MUNICIPALIDAD DE CAPIIBARY,Municipalidades,50,7,1,0,1,0,0
2018,6,30,2,26,MUNICIPALIDAD DE SANTA ROSA DEL AGUARAY,Municipalidades,66,17,0,0,0,0,0
2018,6,30,2,239,MUNICIPALIDAD DE LIBERACION,Municipalidades,41,13,0,0,0,0,0
2018,6,30,2,253,MUNICIPALIDAD DE SAN VICENTE PANCHOLO,Municipalidades,19,4,0,0,0,0,0
2018,6,30,3,27,MUNICIPALIDAD DE CAACUPE,Municipalidades,227,97,3,1,2,0,0
2018,6,30,3,28,MUNICIPALIDAD DE ALTOS,Municipalidades,32,14,1,1,0,0,0
2018,6,30,3,29,MUNICIPALIDAD DE ARROYOS Y ESTEROS,Municipalidades,63,23,0,0,0,0,0
2018,6,30,3,30,MUNICIPALIDAD DE ATYRA,Municipalidades,45,13,2,0,2,0,0
2018,6,30,3,31,MUNICIPALIDAD DE CARAGUATAY,Municipalidades,43,13,1,0,1,0,0
2018,6,30,3,32,MUNICIPALIDAD DE EMBOSCADA,Municipalidades,61,26,1,1,0,0,0
2018,6,30,3,33,MUNICIPALIDAD DE EUSEBIO AYALA,Municipalidades,73,20,1,0,1,0,0
2018,6,30,3,34,MUNICIPALIDAD DE ISLA PUCU,Municipalidades,39,16,0,0,0,0,0
2018,6,30,3,35,MUNICIPALIDAD DE ITACURUBI DE LA CORDILLERA,Municipalidades,57,20,0,0,0,0,0
2018,6,30,3,36,MUNICIPALIDAD DE JUAN DE MENA,Municipalidades,23,9,0,0,0,0,0
2018,6,30,3,37,MUNICIPALIDAD DE LOMA GRANDE,Municipalidades,43,18,1,0,1,0,0
2018,6,30,3,39,MUNICIPALIDAD DE NUEVA COLOMBIA,Municipalidades,23,13,0,0,0,0,0
2018,6,30,3,41,MUNICIPALIDAD DE PRIMERO DE MARZO,Municipalidades,26,5,0,0,0,0,0
2018,6,30,3,42,MUNICIPALIDAD DE SAN BERNARDINO,Municipalidades,99,45,2,0,2,0,0
2018,6,30,3,43,MUNICIPALIDAD DE SANTA ELENA,Municipalidades,48,16,0,0,0,0,0
2018,6,30,3,44,MUNICIPALIDAD DE TOBATI,Municipalidades,102,30,4,0,4,0,0
2018,6,30,3,45,MUNICIPALIDAD DE VALENZUELA,Municipalidades,46,21,1,0,0,0,1
2018,6,30,3,46,MUNICIPALIDAD DE SAN JOSE OBRERO,Municipalidades,22,8,1,0,0,0,1
2018,6,30,4,47,MUNICIPALIDAD DE VILLARRICA DEL ESPIRITU SANTO,Municipalidades,293,100,4,1,3,0,0
2018,6,30,4,48,MUNICIPALIDAD DE BORJA,Municipalidades,29,9,0,0,0,0,0
2018,6,30,4,49,MUNICIPALIDAD DE CAPITAN MAURICIO JOSE TROCHE,Municipalidades,35,10,0,0,0,0,0
2018,6,30,4,50,MUNICIPALIDAD DE CORONEL MARTINEZ,Municipalidades,43,15,0,0,0,0,0
2018,6,30,4,51,MUNICIPALIDAD DE FELIX PEREZ CARDOZO,Municipalidades,27,7,0,0,0,0,0
2018,6,30,4,53,MUNICIPALIDAD DE INDEPENDENCIA,Municipalidades,44,9,1,0,0,0,1
2018,6,30,4,54,MUNICIPALIDAD DE ITAPE,Municipalidades,34,10,0,0,0,0,0
2018,6,30,4,55,MUNICIPALIDAD DE ITURBE,Municipalidades,50,13,0,0,0,0,0
2018,6,30,4,56,MUNICIPALIDAD DE JOSE A. FASSARDI,Municipalidades,27,7,0,0,0,0,0
2018,6,30,4,57,MUNICIPALIDAD DE MBOCAYATY DEL GUAIRA,Municipalidades,31,8,1,0,1,0,0
2018,6,30,4,58,MUNICIPALIDAD DE NATALICIO TALAVERA,Municipalidades,24,7,1,0,1,0,0
2018,6,30,4,59,MUNICIPALIDAD DE ÑUMI,Municipalidades,26,7,0,0,0,0,0
2018,6,30,4,60,MUNICIPALIDAD DE SAN SALVADOR,Municipalidades,27,11,1,0,1,0,0
2018,6,30,4,61,MUNICIPALIDAD DE YATAITY DEL GUAIRA,Municipalidades,51,28,0,0,0,0,0
2018,6,30,4,62,MUNICIPALIDAD DE DR. BOTRELL,Municipalidades,29,13,1,0,1,0,0
2018,6,30,4,63,MUNICIPALIDAD DE PASO YOBAI,Municipalidades,35,8,0,0,0,0,0
2018,6,30,4,234,MUNICIPALIDAD DE TEBICUARY,Municipalidades,41,10,2,0,2,0,0
2018,6,30,5,64,MUNICIPALIDAD DE CORONEL OVIEDO,Municipalidades,318,107,7,1,3,0,3
2018,6,30,5,65,MUNICIPALIDAD DE CAAGUAZU,Municipalidades,258,74,2,1,1,0,0
2018,6,30,5,66,MUNICIPALIDAD DE CARAYAO,Municipalidades,33,6,0,0,0,0,0
2018,6,30,5,67,MUNICIPALIDAD DE DR. CECILIO BAEZ,Municipalidades,33,11,0,0,0,0,0
2018,6,30,5,68,MUNICIPALIDAD DE SANTA.ROSA DEL MBUTUY,Municipalidades,31,13,1,0,1,0,0
2018,6,30,5,69,MUNICIPALIDAD DE DR. JUAN MANUEL FRUTOS,Municipalidades,51,17,2,0,1,0,1
2018,6,30,5,70,MUNICIPALIDAD DE REPATRIACION,Municipalidades,48,16,0,0,0,0,0
2018,6,30,5,72,MUNICIPALIDAD DE SAN JOAQUIN,Municipalidades,44,10,0,0,0,0,0
2018,6,30,5,73,MUNICIPALIDAD DE SAN JOSE DE LOS ARROYOS,Municipalidades,55,16,3,1,2,0,0
2018,6,30,5,74,MUNICIPALIDAD DE YHU,Municipalidades,58,23,0,0,0,0,0
2018,6,30,5,75,MUNICIPALIDAD DE DR. J. EULOGIO ESTIGARRIBIA,Municipalidades,144,50,0,0,0,0,0
2018,6,30,5,76,MUNICIPALIDAD DE R.I. 3 CORRALES,Municipalidades,30,7,0,0,0,0,0
2018,6,30,5,77,MUNICIPALIDAD DE RAUL ARSENIO OVIEDO,Municipalidades,38,10,0,0,0,0,0
2018,6,30,5,78,MUNICIPALIDAD DE JOSE DOMINGO OCAMPOS,Municipalidades,53,21,0,0,0,0,0
2018,6,30,5,79,MUNICIPALIDAD DE MARISCAL FRANCISCO SOLANO LOPEZ,Municipalidades,30,5,0,0,0,0,0
2018,6,30,5,81,MUNICIPALIDAD DE 3 DE FEBRERO,Municipalidades,43,12,1,0,0,1,0
2018,6,30,5,82,MUNICIPALIDAD DE SIMON BOLIVAR,Municipalidades,34,10,1,0,1,0,0
2018,6,30,5,83,MUNICIPALIDAD DE VAQUERIA,Municipalidades,33,13,0,0,0,0,0
2018,6,30,5,233,MUNICIPALIDAD DE TEMBIAPORA,Municipalidades,47,9,1,1,0,0,0
2018,6,30,5,243,MUNICIPALIDAD DE NUEVA TOLEDO,Municipalidades,30,8,0,0,0,0,0
2018,6,30,6,84,MUNICIPALIDAD DE CAAZAPA,Municipalidades,125,39,1,0,0,0,1
2018,6,30,6,85,MUNICIPALIDAD DE ABAI,Municipalidades,67,24,0,0,0,0,0
2018,6,30,6,86,MUNICIPALIDAD DE BUENA VISTA,Municipalidades,42,8,0,0,0,0,0
2018,6,30,6,87,MUNICIPALIDAD DE DR. MOISES BERTONI,Municipalidades,18,5,0,0,0,0,0
2018,6,30,6,89,MUNICIPALIDAD DE MACIEL,Municipalidades,34,15,0,0,0,0,0
2018,6,30,6,90,MUNICIPALIDAD DE SAN JUAN NEPOMUCENO,Municipalidades,58,23,0,0,0,0,0
2018,6,30,6,91,MUNICIPALIDAD DE TAVAI,Municipalidades,30,7,0,0,0,0,0
2018,6,30,6,92,MUNICIPALIDAD DE FULGENCIO YEGROS,Municipalidades,44,14,1,0,1,0,0
2018,6,30,6,93,MUNICIPALIDAD DE YUTY,Municipalidades,86,27,0,0,0,0,0
2018,6,30,6,245,MUNICIPALIDAD DE 3 DE MAYO,Municipalidades,18,4,0,0,0,0,0
2018,6,30,7,94,MUNICIPALIDAD DE ENCARNACION,Municipalidades,1402,480,12,2,9,0,1
2018,6,30,7,95,MUNICIPALIDAD DE BELLA VISTA,Municipalidades,82,31,2,1,1,0,0
2018,6,30,7,96,MUNICIPALIDAD DE CAMBYRETA,Municipalidades,157,54,5,2,3,0,0
2018,6,30,7,97,MUNICIPALIDAD DE CAPITAN MEZA,Municipalidades,77,27,3,0,3,0,0
2018,6,30,7,98,MUNICIPALIDAD DE CAPITAN MIRANDA,Municipalidades,64,23,2,0,2,0,0
2018,6,30,7,99,MUNICIPALIDAD DE NUEVA ALBORADA,Municipalidades,36,15,0,0,0,0,0
2018,6,30,7,100,MUNICIPALIDAD DE CARMEN DEL PARANA,Municipalidades,89,31,0,0,0,0,0
2018,6,30,7,101,MUNICIPALIDAD DE CORONEL BOGADO,Municipalidades,89,26,0,0,0,0,0
2018,6,30,7,102,MUNICIPALIDAD DE CARLOS ANTONIO LOPEZ,Municipalidades,73,13,4,0,3,0,1
2018,6,30,7,103,MUNICIPALIDAD DE NATALIO,Municipalidades,64,15,0,0,0,0,0
2018,6,30,7,104,MUNICIPALIDAD DE FRAM,Municipalidades,55,22,0,0,0,0,0
2018,6,30,7,105,MUNICIPALIDAD DE GENERAL ARTIGAS,Municipalidades,83,22,5,0,5,0,0
2018,6,30,7,106,MUNICIPALIDAD DE GENERAL DELGADO,Municipalidades,44,10,0,0,0,0,0
2018,6,30,7,107,MUNICIPALIDAD DE HOHENAU,Municipalidades,94,27,0,0,0,0,0
2018,6,30,7,108,MUNICIPALIDAD DE JESUS,Municipalidades,48,14,0,0,0,0,0
2018,6,30,7,109,MUNICIPALIDAD DE JOSE LEANDRO OVIEDO,Municipalidades,45,20,1,0,1,0,0
2018,6,30,7,110,MUNICIPALIDAD DE OBLIGADO,Municipalidades,98,40,5,0,5,0,0
2018,6,30,7,111,MUNICIPALIDAD DE MAYOR OTAÑO,Municipalidades,49,12,0,0,0,0,0
2018,6,30,7,112,MUNICIPALIDAD DE SAN COSME Y SAN DAMIAN,Municipalidades,47,15,1,1,0,0,0
2018,6,30,7,113,MUNICIPALIDAD DE SAN PEDRO DEL PARANA,Municipalidades,83,25,1,1,0,0,0
2018,6,30,7,114,MUNICIPALIDAD DE SAN RAFAEL DEL PARANA,Municipalidades,133,31,1,0,1,0,0
2018,6,30,7,115,MUNICIPALIDAD DE TRINIDAD,Municipalidades,54,23,0,0,0,0,0
2018,6,30,7,116,MUNICIPALIDAD DE EDELIRA,Municipalidades,63,26,2,2,0,0,0
2018,6,30,7,117,MUNICIPALIDAD DE TOMAS ROMERO PEREIRA,Municipalidades,100,31,1,0,1,0,0
2018,6,30,7,118,MUNICIPALIDAD DE ALTO VERA,Municipalidades,46,11,0,0,0,0,0
2018,6,30,7,119,MUNICIPALIDAD DE LA PAZ,Municipalidades,37,17,0,0,0,0,0
2018,6,30,7,120,MUNICIPALIDAD DE YATYTAY,Municipalidades,62,16,4,0,4,0,0
2018,6,30,7,121,MUNICIPALIDAD DE SAN JUAN DEL PARANA,Municipalidades,96,23,2,2,0,0,0
2018,6,30,7,122,MUNICIPALIDAD DE PIRAPO,Municipalidades,71,27,3,1,2,0,0
2018,6,30,7,123,MUNICIPALIDAD DE ITAPUA POTY,Municipalidades,48,11,1,0,1,0,0
2018,6,30,8,124,MUNICIPALIDAD DE SAN JUAN BAUSTISTA DE LAS MISIONES,Municipalidades,113,36,0,0,0,0,0
2018,6,30,8,125,MUNICIPALIDAD DE AYOLAS,Municipalidades,127,40,2,0,2,0,0
2018,6,30,8,126,MUNICIPALIDAD DE SAN IGNACIO GUAZU,Municipalidades,144,43,3,1,2,0,0
2018,6,30,8,127,MUNICIPALIDAD DE SAN MIGUEL MISIONES,Municipalidades,58,17,1,0,0,0,1
2018,6,30,8,129,MUNICIPALIDAD DE SANTA MARIA,Municipalidades,94,33,0,0,0,0,0
2018,6,30,8,130,MUNICIPALIDAD DE SANTA ROSA MISIONES,Municipalidades,133,35,0,0,0,0,0
2018,6,30,8,131,MUNICIPALIDAD DE SANTIAGO,Municipalidades,57,24,0,0,0,0,0
2018,6,30,8,132,MUNICIPALIDAD DE VILLA FLORIDA,Municipalidades,52,13,0,0,0,0,0
2018,6,30,8,133,MUNICIPALIDAD DE YABEBYRY,Municipalidades,33,10,0,0,0,0,0
2018,6,30,9,134,MUNICIPALIDAD DE PARAGUARI,Municipalidades,135,52,0,0,0,0,0
2018,6,30,9,136,MUNICIPALIDAD DE CAAPUCU,Municipalidades,77,29,1,0,1,0,0
2018,6,30,9,137,MUNICIPALIDAD DE GENERAL CABALLERO,Municipalidades,43,14,1,0,0,0,1
2018,6,30,9,138,MUNICIPALIDAD DE CARAPEGUA,Municipalidades,130,37,3,0,0,0,3
2018,6,30,9,139,MUNICIPALIDAD DE ESCOBAR,Municipalidades,53,18,0,0,0,0,0
2018,6,30,9,140,MUNICIPALIDAD DE LA COLMENA,Municipalidades,46,15,1,1,0,0,0
2018,6,30,9,141,MUNICIPALIDAD DE MBUYAPEY,Municipalidades,41,12,1,0,0,1,0
2018,6,30,9,142,MUNICIPALIDAD DE PIRAYU,Municipalidades,65,27,1,0,1,0,0
2018,6,30,9,143,MUNICIPALIDAD DE QUIINDY,Municipalidades,71,25,0,0,0,0,0
2018,6,30,9,144,MUNICIPALIDAD DE QUYQUYHO,Municipalidades,48,15,0,0,0,0,0
2018,6,30,9,145,MUNICIPALIDAD DE SAN ROQUE GONZALEZ DE SANTA CRUZ,Municipalidades,27,11,1,0,1,0,0
2018,6,30,9,146,MUNICIPALIDAD DE SAPUCAI,Municipalidades,31,14,1,0,1,0,0
2018,6,30,9,149,MUNICIPALIDAD DE YBYCUI,Municipalidades,66,22,2,0,2,0,0
2018,6,30,9,150,MUNICIPALIDAD DE YBYTYMI,Municipalidades,29,7,0,0,0,0,0
2018,6,30,10,151,MUNICIPALIDAD DE CIUDAD DEL ESTE,Municipalidades,1903,874,9,3,5,0,1
2018,6,30,10,152,MUNICIPALIDAD DE PRESIDENTE FRANCO,Municipalidades,333,100,4,0,4,0,0
2018,6,30,10,153,MUNICIPALIDAD DE DOMINGO MARTINEZ DE IRALA,Municipalidades,74,21,5,1,4,0,0
2018,6,30,10,154,MUNICIPALIDAD DE JUAN LEON MALLORQUIN,Municipalidades,71,25,3,2,1,0,0
2018,6,30,10,155,MUNICIPALIDAD DE HERNANDARIAS,Municipalidades,562,222,6,1,4,0,1
2018,6,30,10,156,MUNICIPALIDAD DE SANTA FE DEL PARANA,Municipalidades,52,21,0,0,0,0,0
2018,6,30,10,157,MUNICIPALIDAD DE ITAKYRY,Municipalidades,84,18,1,0,1,0,0
2018,6,30,10,158,MUNICIPALIDAD DE JUAN E. O'LEARY,Municipalidades,57,13,1,1,0,0,0
2018,6,30,10,159,MUNICIPALIDAD DE ÑACUNDAY,Municipalidades,33,8,0,0,0,0,0
2018,6,30,10,160,MUNICIPALIDAD DE YGUAZU,Municipalidades,52,12,2,1,0,0,1
2018,6,30,10,161,MUNICIPALIDAD DE LOS CEDRALES,Municipalidades,64,19,0,0,0,0,0
2018,6,30,10,162,MUNICIPALIDAD DE MINGA GUAZU,Municipalidades,191,55,8,0,7,0,1
2018,6,30,10,163,MUNICIPALIDAD DE SAN CRISTOBAL,Municipalidades,43,13,0,0,0,0,0
2018,6,30,10,164,MUNICIPALIDAD DE SANTA RITA,Municipalidades,143,44,6,0,4,1,1
2018,6,30,10,165,MUNICIPALIDAD DE NARANJAL,Municipalidades,37,19,0,0,0,0,0
2018,6,30,10,166,MUNICIPALIDAD DE STA. ROSA DEL MONDAY,Municipalidades,55,19,0,0,0,0,0
2018,6,30,10,167,MUNICIPALIDAD DE MINGA PORA,Municipalidades,74,30,3,0,3,0,0
2018,6,30,10,168,MUNICIPALIDAD DE MBARACAYU,Municipalidades,51,17,0,0,0,0,0
2018,6,30,10,169,MUNICIPALIDAD DE SAN ALBERTO,Municipalidades,90,19,0,0,0,0,0
2018,6,30,10,170,MUNICIPALIDAD DE IRUÑA,Municipalidades,39,14,1,1,0,0,0
2018,6,30,10,240,MUNICIPALIDAD DE TAVAPY,Municipalidades,42,10,2,0,2,0,0
2018,6,30,10,246,MUNICIPALIDAD DE DR. RAUL PENA,Municipalidades,37,9,1,0,1,0,0
2018,6,30,11,171,MUNICIPALIDAD DE AREGUA,Municipalidades,209,73,1,0,0,1,0
2018,6,30,11,172,MUNICIPALIDAD DE CAPIATA,Municipalidades,728,308,0,0,0,0,0
2018,6,30,11,173,MUNICIPALIDAD DE FERNANDO DE LA MORA,Municipalidades,982,399,10,3,5,0,2
2018,6,30,11,174,MUNICIPALIDAD DE GUARAMBARE,Municipalidades,105,44,1,0,1,0,0
2018,6,30,11,175,MUNICIPALIDAD DE ITA,Municipalidades,136,49,5,1,4,0,0
2018,6,30,11,176,MUNICIPALIDAD DE ITAUGUA,Municipalidades,266,104,3,0,3,0,0
2018,6,30,11,177,MUNICIPALIDAD DE LAMBARE,Municipalidades,822,350,10,2,5,0,3
2018,6,30,11,178,MUNICIPALIDAD DE LIMPIO,Municipalidades,236,104,5,3,2,0,0
2018,6,30,11,179,MUNICIPALIDAD DE LUQUE,Municipalidades,882,325,12,3,5,1,3
2018,6,30,11,180,MUNICIPALIDAD DE MARIANO ROQUE ALONSO,Municipalidades,610,288,7,1,2,1,3
2018,6,30,11,181,MUNICIPALIDAD DE NUEVA ITALIA,Municipalidades,54,19,2,0,1,0,1
2018,6,30,11,182,MUNICIPALIDAD DE ÑEMBY,Municipalidades,309,111,2,0,1,0,1
2018,6,30,11,183,MUNICIPALIDAD DE SAN ANTONIO,Municipalidades,126,48,4,2,2,0,0
2018,6,30,11,184,MUNICIPALIDAD DE SAN LORENZO,Municipalidades,1222,487,12,4,8,0,0
2018,6,30,11,185,MUNICIPALIDAD DE VILLA ELISA,Municipalidades,341,146,0,0,0,0,0
2018,6,30,11,186,MUNICIPALIDAD DE VILLETA,Municipalidades,160,70,4,1,3,0,0
2018,6,30,11,187,MUNICIPALIDAD DE YPACARAI,Municipalidades,133,35,0,0,0,0,0
2018,6,30,11,188,MUNICIPALIDAD DE YPANE,Municipalidades,119,47,2,0,2,0,0
2018,6,30,11,189,MUNICIPALIDAD DE J. AUGUSTO SALDIVAR,Municipalidades,106,41,1,0,1,0,0
2018,6,30,12,191,MUNICIPALIDAD DE ALBERDI,Municipalidades,34,11,0,0,0,0,0
2018,6,30,12,192,MUNICIPALIDAD DE CERRITO,Municipalidades,86,31,0,0,0,0,0
2018,6,30,12,193,MUNICIPALIDAD DE DESMOCHADOS,Municipalidades,31,12,0,0,0,0,0
2018,6,30,12,194,MUNICIPALIDAD DE GENERAL JOSE EDUVIGIS DIAZ,Municipalidades,60,18,2,1,0,0,1
2018,6,30,12,195,MUNICIPALIDAD DE GUAZU CUA,Municipalidades,50,16,0,0,0,0,0
2018,6,30,12,196,MUNICIPALIDAD DE HUMAITA,Municipalidades,17,4,0,0,0,0,0
2018,6,30,12,197,MUNICIPALIDAD DE ISLA UMBU,Municipalidades,46,14,0,0,0,0,0
2018,6,30,12,199,MUNICIPALIDAD DE MAYOR JOSE D. MARTINEZ,Municipalidades,32,14,0,0,0,0,0
2018,6,30,12,200,MUNICIPALIDAD DE PASO DE PATRIA,Municipalidades,30,13,0,0,0,0,0
2018,6,30,12,203,MUNICIPALIDAD DE VILLA FRANCA,Municipalidades,32,12,0,0,0,0,0
2018,6,30,12,204,MUNICIPALIDAD DE VILLA OLIVA,Municipalidades,12,5,0,0,0,0,0
2018,6,30,12,205,MUNICIPALIDAD DE VILLALBIN,Municipalidades,65,24,0,0,0,0,0
2018,6,30,13,206,MUNICIPALIDAD DE PEDRO J. CABALLERO,Municipalidades,432,137,3,0,1,1,1
2018,6,30,13,207,MUNICIPALIDAD DE BELLA VISTA - NORTE,Municipalidades,68,25,0,0,0,0,0
2018,6,30,13,208,MUNICIPALIDAD DE CAPITAN BADO,Municipalidades,100,24,1,0,0,0,1
2018,6,30,13,242,MUNICIPALIDAD DE ZANJA PYTA,Municipalidades,32,9,0,0,0,0,0
2018,6,30,13,250,MUNICIPALIDAD DE KARAPAI,Municipalidades,17,6,0,0,0,0,0
2018,6,30,14,209,MUNICIPALIDAD DE SALTO DEL GUAIRA,Municipalidades,252,75,1,0,1,0,0
2018,6,30,14,210,MUNICIPALIDAD DE CORPUS CHRISTI,Municipalidades,73,14,0,0,0,0,0
2018,6,30,14,211,MUNICIPALIDAD DE VILLA CURUGUATY,Municipalidades,110,35,0,0,0,0,0
2018,6,30,14,212,MUNICIPALIDAD DE YASY CAÑY,Municipalidades,52,19,1,0,1,0,0
2018,6,30,14,213,MUNICIPALIDAD DE VILLA YGATIMI,Municipalidades,37,4,0,0,0,0,0
2018,6,30,14,214,MUNICIPALIDAD DE ITANARA,Municipalidades,32,7,0,0,0,0,0
2018,6,30,14,215,MUNICIPALIDAD DE YPE JHU,Municipalidades,35,8,0,0,0,0,0
2018,6,30,14,216,MUNICIPALIDAD DE GENERAL FRANCISCO CABALLERO ALVAREZ,Municipalidades,50,15,1,0,0,0,1
2018,6,30,14,217,MUNICIPALIDAD DE KATUETE,Municipalidades,84,23,0,0,0,0,0
2018,6,30,14,218,MUNICIPALIDAD DE LA PALOMA,Municipalidades,45,22,0,0,0,0,0
2018,6,30,14,219,MUNICIPALIDAD DE NUEVA ESPERANZA,Municipalidades,79,31,0,0,0,0,0
2018,6,30,14,244,MUNICIPALIDAD DE YVYRAROBANA,Municipalidades,56,21,0,0,0,0,0
2018,6,30,14,247,MUNICIPALIDAD DE YBY PYTA,Municipalidades,33,5,0,0,0,0,0
2018,6,30,14,251,MUNICIPALIDAD DE MARACANA,Municipalidades,18,5,0,0,0,0,0
2018,6,30,15,220,MUNICIPALIDAD DE BENJAMIN ACEVAL,Municipalidades,72,27,0,0,0,0,0
2018,6,30,15,221,MUNICIPALIDAD DE PUERTO PINASCO,Municipalidades,68,18,0,0,0,0,0
2018,6,30,15,222,MUNICIPALIDAD DE VILLA HAYES,Municipalidades,235,81,5,1,1,0,3
2018,6,30,15,223,MUNICIPALIDAD DE NANAWA,Municipalidades,48,13,3,1,1,0,1
2018,6,30,15,229,MUNICIPALIDAD DE TTE. 1RO. MANUEL IRALA FERNANDEZ,Municipalidades,55,22,1,0,1,0,0
2018,6,30,15,232,MUNICIPALIDAD DE TENIENTE ESTEBAN MARTINEZ,Municipalidades,39,16,0,0,0,0,0
2018,6,30,15,233,MUNICIPALIDAD DE GENERAL JOSE MARIA BRUGUEZ,Municipalidades,44,16,1,0,1,0,0
2018,6,30,16,228,MUNICIPALIDAD DE MARISCAL JOSE FELIX ESTIGARRIBIA,Municipalidades,121,30,0,0,0,0,0
2018,6,30,16,230,MUNICIPALIDAD DE FILADELFIA,Municipalidades,116,32,1,0,1,0,0
2018,6,30,16,231,MUNICIPALIDAD DE LOMA PLATA,Municipalidades,72,22,3,1,1,0,1
2018,6,30,17,225,MUNICIPALIDAD DE FUERTE OLIMPO,Municipalidades,25,7,0,0,0,0,0
2018,6,30,17,226,MUNICIPALIDAD DE LA VICTORIA,Municipalidades,32,6,0,0,0,0,0
2018,6,30,17,227,MUNICIPALIDAD DE BAHIA NEGRA,Municipalidades,42,15,0,0,0,0,0
2018,6,40,1,1,COMPAÑIA PARAGUAYA DE COMUNICACIONES S.A.,SA del Estado,3583,1305,19,0,0,2,17
2018,6,40,2,1,EMPRESA DE SERVICIOS SANITARIOS DEL PARAGUAY S.A. (ESSAP),SA del Estado,2021,430,20,0,0,3,17
2018,6,40,3,1,CAÑAS PARAGUAYAS S.A. (CAPASA),SA del Estado,183,50,0,0,0,0,0
2019,6,11,1,1,CONGRESO NACIONAL (CN),Poder Legislativo,743,310,29,2,11,5,11
2019,6,11,2,1,HONORABLE CAMARA DE SENADORES (HCS),Poder Legislativo,935,384,31,4,13,4,10
2019,6,11,3,1,HONORABLE CAMARA DE DIPUTADOS (HCD),Poder Legislativo,2052,869,19,0,2,5,12
2019,6,12,1,2,PRESIDENCIA DE LA REPUBLICA / GABINETE CIVIL,Servicio civil del Ejecutivo,258,116,2,0,1,0,1
2019,6,12,1,4,PROCURADURIA GENERAL DE LA REPUBLICA (PGR),Servicio civil del Ejecutivo,123,56,4,1,0,0,3
2019,6,12,1,5,SECRETARIA DE ACCION SOCIAL (SAS),Servicio civil del Ejecutivo,1315,725,14,3,3,1,7
2019,6,12,1,6,AUDITORIA GENERAL DEL PODER EJECUTIVO (AGPE),Servicio civil del Ejecutivo,62,30,3,0,0,1,2
2019,6,12,1,7,SECRETARIA TECNICA DE PLANIFICACION DEL DESARROLLO ECONOMICO Y SOCIAL (STP),Servicio civil del Ejecutivo,206,102,8,0,0,4,4
2019,6,12,1,8,SECRETARIA DE LA FUNCION PUBLICA (SFP),Servicio civil del Ejecutivo,85,55,5,2,0,2,1
2019,6,12,1,9,"DIRECCION GENERAL DE ESTADISTICAS, ENCUESTAS Y CENSOS (DGEEC)",Servicio civil del Ejecutivo,333,179,5,1,1,0,3
2019,6,12,1,10,SECRETARIA NACIONAL ANTIDROGAS (SENAD),Servicio civil del Ejecutivo,397,126,11,0,0,6,5
2019,6,12,1,11,CONSEJO DE LA DEFENSA NACIONAL (CODENA),Servicio civil del Ejecutivo,12,1,0,0,0,0,0
2019,6,12,1,12,SECRETARIA DE DESARROLLO PARA REPATRIADOS Y REFUGIADOS CONNACIONALES (SEDEREC),Servicio civil del Ejecutivo,107,54,5,0,0,3,2
2019,6,12,1,13,SECRETARIA NACIONAL DE TURISMO (SENATUR),Servicio civil del Ejecutivo,253,150,7,0,1,4,2
2019,6,12,1,14,SECRETARIA DE PREVENCION DE LAVADO DE DINERO O BIENES (SEPRELAD),Servicio civil del Ejecutivo,61,30,2,1,0,1,0
2019,6,12,1,15,CONSEJO NACIONAL DE CIENCIA Y TECNOLOGIA (CONACYT),Servicio civil del Ejecutivo,131,70,2,0,1,1,0
2019,6,12,1,16,ESCRIBANIA MAYOR DE GOBIERNO (EMG),Servicio civil del Ejecutivo,34,18,0,0,0,0,0
2019,6,12,1,19,SECRETARIA DE EMERGENCIA NACIONAL (SEN),Servicio civil del Ejecutivo,235,69,9,2,6,1,0
2019,6,12,1,20,SECRETARIA NACIONAL DE DEPORTES (SND),Servicio civil del Ejecutivo,116,43,6,1,2,2,1
2019,6,12,1,22,SECRETARIA NACIONAL DE CULTURA (SNC),Servicio civil del Ejecutivo,243,137,7,1,0,3,3
2019,6,12,1,23,GABINETE SOCIAL (GS),Servicio civil del Ejecutivo,35,22,0,0,0,0,0
2019,6,12,1,25,SECRETARIA DE POLITICAS LINGUISTICAS (SPL),Servicio civil del Ejecutivo,42,24,2,0,0,0,2
2019,6,12,1,26,SECRETARIA NACIONAL POR LOS DERECHOS HUMANOS DE LAS PERSONAS CON DISCAPACIDAD (SENADIS),Servicio civil del Ejecutivo,534,304,56,6,8,22,20
2019,6,12,1,28,SECRETARIA NACIONAL DE LA JUVENTUD (SNJ),Servicio civil del Ejecutivo,33,15,2,0,2,0,0
2019,6,12,1,29,SECRETARIA NACIONAL ANTICORRUPCION (SENAC),Servicio civil del Ejecutivo,15,8,0,0,0,0,0
2019,6,12,1,30,ORQUESTA SINFONICA NACIONAL (OSN),Servicio civil del Ejecutivo,125,35,3,2,1,0,0
2019,6,12,1,31,AGENCIA ESPACIAL DEL PARAGUAY(AEP),Servicio civil del Ejecutivo,9,1,0,0,0,0,0
2019,6,12,1,32,SECRETARIA NACIONAL DE ADMINISTRACION DE BIENES INCAUTADOS Y COMISADOS(SENABICO),Servicio civil del Ejecutivo,11,5,0,0,0,0,0
2019,6,12,2,1,VICEPRESIDENCIA DE LA REPUBLICA,Servicio civil del Ejecutivo,82,35,4,0,0,2,2
2019,6,12,3,1,MINISTERIO DEL INTERIOR (MI),Servicio civil del Ejecutivo,282,108,5,0,0,0,5
2019,6,12,3,2,POLICIA NACIONAL (PN),Fuerzas públicas,24915,4156,29,0,0,2,27
2019,6,12,3,3,DIRECCION GENERAL DE MIGRACIONES (DGM),Servicio civil del Ejecutivo,360,165,5,0,0,1,4
2019,6,12,4,1,MINISTERIO DE RELACIONES EXTERIORES (MRE),Servicio civil del Ejecutivo,1248,482,26,0,0,10,16
2019,6,12,5,1,MINISTERIO DE DEFENSA NACIONAL (MDN),Fuerzas públicas,302,148,9,0,0,5,4
2019,6,12,5,2,CENTRO FINANCIERO 1 - COMANDO EN JEFE,Servicio civil del Ejecutivo,318,124,0,0,0,0,0
2019,6,12,5,3,CENTRO FINANCIERO 2 - COMANDO DEL EJERCITO,Servicio civil del Ejecutivo,696,261,1,0,0,0,1
2019,6,12,5,4,CENTRO FINANCIERO 3 - COMANDO DE LA ARMADA,Servicio civil del Ejecutivo,503,149,0,0,0,0,0
2019,6,12,5,5,CENTRO FINANCIERO 4 - COMANDO DE LA FUERZA AEREA,Servicio civil del Ejecutivo,165,75,1,0,0,0,1
2019,6,12,5,6,CENTRO FINANCIERO 5 - COMANDO LOGISTICO,Servicio civil del Ejecutivo,722,350,1,0,0,1,0
2019,6,12,6,1,MINISTERIO DE ECONOMIA Y FINANZAS (MEF),Servicio civil del Ejecutivo,2290,1048,16,1,1,7,7
2019,6,12,7,1,MINISTERIO DE EDUCACION Y CIENCIAS (MEC),Educación,81984,55621,133,0,0,78,55
2019,6,12,7,2,CONSEJO NACIONAL DE EDUCACION Y CULTURA (CONEC),Servicio civil del Ejecutivo,14,5,0,0,0,0,0
2019,6,12,8,1,MINISTERIO DE SALUD PUBLICA Y BIENESTAR SOCIAL (MSPBS),Salud,42781,28716,202,19,23,81,79
2019,6,12,9,1,MINISTERIO DE JUSTICIA (MJ),Servicio civil del Ejecutivo,2984,1045,16,1,0,5,10
2019,6,12,10,1,MINISTERIO DE AGRICULTURA Y GANADERIA (MAG),Servicio civil del Ejecutivo,2866,1090,37,0,4,14,19
2019,6,12,11,1,MINISTERIO DE INDUSTRIA Y COMERCIO (MIC),Servicio civil del Ejecutivo,420,189,4,0,0,1,3
2019,6,12,13,1,MINISTERIO DE OBRAS PUBLICAS Y COMUNICACIONES (MOPC),Servicio civil del Ejecutivo,3802,885,57,2,14,8,33
2019,6,12,14,1,MINISTERIO DE LA MUJER (MM),Servicio civil del Ejecutivo,193,162,2,1,1,0,0
2019,6,12,15,1,"MINISTERIO DEL TRABAJO, EMPLEO Y SEGURIDAD SOCIAL (MTESS)",Servicio civil del Ejecutivo,416,223,20,1,0,6,13
2019,6,12,15,2,SERVICIO NACIONAL DE PROMOCION PROFESIONAL (SNPP),Servicio civil del Ejecutivo,1898,988,26,1,0,9,16
2019,6,12,15,3,SISTEMA NACIONAL DE FORMACION Y CAPACITACION LABORAL (SINAFOCAL),Servicio civil del Ejecutivo,184,102,7,0,0,0,7
2019,6,12,19,1,"MINISTERIO DE URBANISMO, VIVIENDA Y HABITAT",Servicio civil del Ejecutivo,658,345,16,4,5,5,2
2019,6,12,20,1,MINISTERIO DE LA NIÑEZ Y ADOLESCENCIA,Servicio civil del Ejecutivo,687,478,14,3,2,5,4
2019,6,12,21,1,MINISTERIO DE TECNOLOGIAS DE LA INFORMACION Y COMUNICACION,Servicio civil del Ejecutivo,354,124,6,2,2,0,2
2019,6,13,1,1,CORTE SUPREMA DE JUSTICIA (CSJ),Poder Judicial,13438,7458,69,5,13,19,32
2019,6,13,3,1,MINISTERIO PUBLICO (MP),Poder Judicial,5720,3138,18,1,0,6,11
2019,6,13,4,1,CONSEJO DE LA MAGISTRATURA (CM),Poder Judicial,110,55,1,0,1,0,0
2019,6,13,4,2,ESCUELA JUDICIAL (EJ),Poder Judicial,139,56,3,1,1,0,1
2019,6,13,5,1,JURADO DE ENJUICIAMIENTO DE MAGISTRADOS (JEM),Poder Judicial,254,135,6,2,2,1,1
2019,6,13,6,1,MINISTERIO DE LA DEFENSA PUBLICA (MDP),Poder Judicial,2026,1244,9,0,0,8,1
2019,6,14,1,1,CONTRALORIA GENERAL DE LA REPUBLICA (CGR),Otros organismos,979,530,3,0,0,2,1
2019,6,15,1,1,DEFENSORIA DEL PUEBLO (DP),Otros organismos,204,122,3,0,3,0,0
2019,6,15,2,1,MECANISMO NACIONAL DE PREVENCION CONTRA LA TORTURA Y OTROS TRATOS O PENAS CRUELES INHUMANOS O DEGRADANTES (MNP),Otros organismos,25,14,1,0,0,1,0
2019,6,21,1,1,BANCO CENTRAL DEL PARAGUAY (BCP),Otros organismos,881,290,8,0,0,2,6
2019,6,22,1,1,I DEPARTAMENTO: GOBERNACION DE CONCEPCION,Gobiernos departamentales,133,44,3,0,2,0,1
2019,6,22,2,1,II DEPARTAMENTO: GOBERNACION DE SAN PEDRO,Gobiernos departamentales,93,38,3,1,1,1,0
2019,6,22,3,1,III DEPARTAMENTO: GOBERNACION DE CORDILLERA,Gobiernos departamentales,91,38,1,0,0,0,1
2019,6,22,4,1,IV DEPARTAMENTO: GOBERNACION DE GUAIRA,Gobiernos departamentales,188,64,1,0,0,0,1
2019,6,22,5,1,V DEPARTAMENTO: GOBERNACION DE CAAGUAZU,Gobiernos departamentales,152,58,3,0,2,0,1
2019,6,22,6,1,VI DEPARTAMENTO: GOBERNACION DE CAAZAPA,Gobiernos departamentales,121,31,7,1,2,0,4
2019,6,22,7,1,VII DEPARTAMENTO: GOBERNACION DE ITAPUA,Gobiernos departamentales,241,82,6,0,3,0,3
2019,6,22,8,1,VIII DEPARTAMENTO: GOBERNACION DE MISIONES,Gobiernos departamentales,126,39,3,0,1,1,1
2019,6,22,9,1,IX DEPARTAMENTO: GOBERNACION DE PARAGUARI,Gobiernos departamentales,180,58,0,0,0,0,0
2019,6,22,10,1,X DEPARTAMENTO: GOBERNACION DE ALTO PARANA,Gobiernos departamentales,220,67,13,3,10,0,0
2019,6,22,11,1,XI DEPARTAMENTO: GOBERNACION CENTRAL,Gobiernos departamentales,166,84,7,2,0,1,4
2019,6,22,12,1,XII DEPARTAMENTO: GOBERNACION DE ÑEEMBUCU,Gobiernos departamentales,110,42,1,0,0,0,1
2019,6,22,13,1,XIII DEPARTAMENTO: GOBERNACION DE AMAMBAY,Gobiernos departamentales,144,67,2,1,1,0,0
2019,6,22,14,1,XIV DEPARTAMENTO: GOBERNACION DE CANINDEYU,Gobiernos departamentales,89,27,2,0,2,0,0
2019,6,22,15,1,XV DEPARTAMENTO: GOBERNACION DE PRESIDENTE HAYES,Gobiernos departamentales,120,28,3,0,0,1,2
2019,6,22,16,1,XVI DEPARTAMENTO: GOBERNACION DE BOQUERON,Gobiernos departamentales,159,63,1,0,0,0,1
2019,6,22,17,1,XVII DEPARTAMENTO: GOBERNACION DE ALTO PARAGUAY,Gobiernos departamentales,54,12,4,0,0,1,3
2019,6,23,1,1,"INSTITUTO NACIONAL DE TECNOLOGIA, NORMALIZACION Y METROLOGIA (INTN)",Entes autónomos y autárquicos,391,194,10,0,0,5,5
2019,6,23,3,1,INSTITUTO NACIONAL DE DESARROLLO RURAL Y DE LA TIERRA (INDERT),Entes autónomos y autárquicos,595,180,20,0,0,3,17
2019,6,23,4,1,DIRECCION DE BENEFICENCIA Y AYUDA SOCIAL (DIBEN),Entes autónomos y autárquicos,111,61,6,0,0,4,2
2019,6,23,6,1,INSTITUTO PARAGUAYO DEL INDIGENA (INDI),Entes autónomos y autárquicos,75,37,0,0,0,0,0
2019,6,23,8,1,FONDO NACIONAL DE LA CULTURA Y LAS ARTES (FONDEC),Entes autónomos y autárquicos,26,16,0,0,0,0,0
2019,6,23,9,1,COMISION NACIONAL DE VALORES (CNV),Entes autónomos y autárquicos,39,21,2,0,0,1,1
2019,6,23,10,1,COMISION NACIONAL DE TELECOMUNICACIONES (CONATEL),Entes autónomos y autárquicos,325,107,7,1,2,1,3
2019,6,23,11,1,DIRECCION NACIONAL DE TRANSPORTE (DINATRAN),Entes autónomos y autárquicos,333,74,2,0,0,0,2
2019,6,23,13,1,ENTE REGULADOR DE SERVICIOS SANITARIOS (ERSSAN),Entes autónomos y autárquicos,77,31,3,2,0,1,0
2019,6,23,14,1,INSTITUTO NACIONAL DE COOPERATIVISMO (INCOOP),Entes autónomos y autárquicos,210,109,9,0,0,4,5
2019,6,23,15,1,DIRECCION NACIONAL DE ADUANAS (DNA),Entes autónomos y autárquicos,1160,220,30,1,15,3,11
2019,6,23,16,1,SERVICIO NACIONAL DE CALIDAD Y SALUD ANIMAL (SENACSA),Entes autónomos y autárquicos,1565,587,55,2,0,11,42
2019,6,23,17,1,INSTITUTO PARAGUAYO DE ARTESANIA (IPA),Entes autónomos y autárquicos,80,50,2,0,0,0,2
2019,6,23,18,1,SERVICIO NACIONAL DE CALIDAD Y SANIDAD VEGETAL Y DE SEMILLA (SENAVE),Entes autónomos y autárquicos,606,234,16,3,1,7,5
2019,6,23,19,1,DIRECCION NACIONAL DE CONTRATACIONES PUBLICAS (DNCP),Entes autónomos y autárquicos,220,122,7,1,0,2,4
2019,6,23,20,1,INSTITUTO FORESTAL NACIONAL (INFONA),Entes autónomos y autárquicos,447,134,9,1,0,5,3
2019,6,23,21,1,SECRETARIA DEL AMBIENTE (SEAM),Entes autónomos y autárquicos,384,143,7,0,0,1,6
2019,6,23,22,1,INSTITUTO PARAGUAYO DE TECNOLOGIA AGRARIA (IPTA),Entes autónomos y autárquicos,539,175,14,1,2,2,9
2019,6,23,24,1,DIRECCION NACIONAL DE CORREOS DEL PARAGUAY (DINACOPA),Entes autónomos y autárquicos,1224,619,32,0,0,13,19
2019,6,23,25,1,DIRECCION NACIONAL DE PROPIEDAD INTELECTUAL (DINAPI),Entes autónomos y autárquicos,115,48,5,0,0,1,4
2019,6,23,26,1,SECRETARIA DE DEFENSA DEL CONSUMIDOR Y EL USUARIO (SEDECO),Entes autónomos y autárquicos,26,11,0,0,0,0,0
2019,6,23,27,1,COMISION NACIONAL DE LA COMPETENCIA (CONACOM),Entes autónomos y autárquicos,14,5,0,0,0,0,0
2019,6,23,28,1,AGENCIA NACIONAL DE TRANSITO Y SEGURIDAD VIAL (ANTSV),Entes autónomos y autárquicos,28,19,0,0,0,0,0
2019,6,23,29,1,CONSEJO NACIONAL DE EDUCACION SUPERIOR (CONES),Entes autónomos y autárquicos,33,23,0,0,0,0,0
2019,6,23,30,1,AGENCIA NACIONAL DE EVALUACION Y ACREDITACION DE LA EDUCACION SUPERIOR (ANEAES),Entes autónomos y autárquicos,22,10,0,0,0,0,0
2019,6,23,31,1,AUTORIDAD REGULADORA RADIOLOGICA Y NUCLEAR (ARRN),Entes autónomos y autárquicos,28,8,0,0,0,0,0
2019,6,23,33,1,INSTITUTO SUPERIOR DE BELLAS ARTES,Entes autónomos y autárquicos,150,82,0,0,0,0,0
2019,6,23,34,1,INSTITUTO NACIONAL DE EDUCACIÓN SUPERIOR,Entes autónomos y autárquicos,231,153,3,0,0,2,1
2019,6,24,1,1,INSTITUTO DE PREVISION SOCIAL (IPS),Salud,17146,10970,89,0,2,30,57
2019,6,24,2,1,CAJA DE SEGURIDAD SOCIAL DE EMPLEADOS Y OBREROS FERROVIARIOS,Otros organismos,13,3,0,0,0,0,0
2019,6,24,3,1,CAJA DE JUBILACIONES Y PENSIONES DEL PERSONAL DE LA ANDE,Otros organismos,53,19,2,0,0,1,1
2019,6,24,4,1,CAJA DE JUBILACIONES Y PENSIONES DE EMPLEADOS DE BANCOS Y AFINES,Otros organismos,159,63,2,1,1,0,0
2019,6,24,5,1,CAJA DE JUBILACIONES Y PENSIONES DEL PERSONAL MUNICIPAL (CJPPM),Otros organismos,205,84,3,0,0,2,1
2019,6,25,2,1,ADMINISTRACION NACIONAL DE ELECTRICIDAD (ANDE),Empresas públicas,4856,990,75,1,4,15,55
2019,6,25,4,1,ADMINISTRACION NACIONAL DE NAVEGACION Y PUERTOS (ANNP),Empresas públicas,1432,340,15,0,0,2,13
2019,6,25,5,1,DIRECCION NACIONAL DE AERONAUTICA CIVIL (DINAC),Empresas públicas,2138,737,30,1,3,7,19
2019,6,25,6,1,PETROLEOS PARAGUAYOS (PETROPAR),Empresas públicas,747,131,26,0,0,4,22
2019,6,25,7,1,INDUSTRIA NACIONAL DEL CEMENTO (INC),Empresas públicas,1105,196,15,0,2,2,11
2019,6,27,1,1,BANCO NACIONAL DE FOMENTO (BNF),Otros organismos,1404,450,21,0,0,7,14
2019,6,27,3,1,CREDITO AGRICOLA DE HABILITACION (CAH),Otros organismos,474,160,16,0,1,2,13
2019,6,27,4,1,FONDO GANADERO (FG),Otros organismos,127,44,4,1,1,1,1
2019,6,27,5,1,CAJA DE PRESTAMOS DEL MINISTERIO DE DEFENSA NACIONAL (CPMDN),Otros organismos,6,5,0,0,0,0,0
2019,6,27,7,1,AGENCIA FINANCIERA DE DESARROLLO (AFD),Otros organismos,77,35,2,0,0,1,1
2019,6,28,1,1,UNA RECTORADO (RECTORADO UNA),Educación,675,335,5,0,0,2,3
2019,6,28,1,2,FACULTAD DE ENFERMERIA Y OBSTETRICIA,Educación,618,452,0,0,0,0,0
2019,6,28,1,3,COLEGIO EXPERIMENTAL PARAGUAY-BRASIL (CEPB),Educación,184,129,0,0,0,0,0
2019,6,28,1,4,FACULTAD DE CIENCIAS AGRARIAS (FCA-UNA),Educación,965,425,6,0,0,1,5
2019,6,28,1,5,UNA FACULTAD CIENCIAS EXACTAS Y NATURALES (FACEN),Educación,704,362,0,0,0,0,0
2019,6,28,1,6,"UNA FACULTAD DE ARQUITECTURA, DISENO Y ARTE",Educación,777,379,1,0,0,0,1
2019,6,28,1,7,FACULTAD DE CIENCIAS ECONOMICAS (FCE),Educación,1499,674,4,0,1,2,1
2019,6,28,1,8,FACULTAD DE CIENCIAS MEDICAS (FCM),Educación,5306,3355,4,0,0,1,3
2019,6,28,1,9,FACULTAD DE CIENCIAS QUIMICAS (FCQ),Educación,413,252,0,0,0,0,0
2019,6,28,1,10,FACULTAD DE DERECHO Y CIENCIAS SOCIALES (FDCS),Educación,1009,365,1,0,0,0,1
2019,6,28,1,11,FACULTAD DE FILOSOFIA (FIL),Educación,1001,590,0,0,0,0,0
2019,6,28,1,12,FACULTAD DE INGENIERIA (FIUNA),Educación,1118,333,0,0,0,0,0
2019,6,28,1,13,FACULTAD DE ODONTOLOGIA (FO),Educación,406,270,0,0,0,0,0
2019,6,28,1,14,FACULTAD DE POLITECNICA (FPUNA),Educación,1125,488,4,0,0,2,2
2019,6,28,1,15,FACULTAD DE CIENCIAS VETERINARIAS (FCV),Educación,868,396,0,0,0,0,0
2019,6,28,1,16,INSTITUTO DE INVESTIGACIONES EN CIENCIAS DE LA SALUD (IICS),Educación,163,122,0,0,0,0,0
2019,6,28,1,17,FACULTAD DE CIENCIAS SOCIALES,Educación,119,74,1,0,0,1,0
2019,6,28,2,1,UNIVERSIDAD NACIONAL DEL ESTE (UNE),Educación,1664,872,3,0,1,0,2
2019,6,28,3,1,UNIVERSIDAD NACIONAL DE PILAR (UNP),Educación,704,381,1,0,0,0,1
2019,6,28,4,1,UNIVERSIDAD NACIONAL DE ITAPUA (UNI),Educación,1088,624,15,0,0,4,11
2019,6,28,5,1,UNIVERSIDAD NACIONAL DE CONCEPCION (UNC),Educación,668,325,3,0,0,2,1
2019,6,28,6,1,UNIVERSIDAD NACIONAL DE VILLARRICA DEL ESPIRITU SANTO (UNVES),Educación,1421,808,1,0,0,1,0
2019,6,28,7,1,UNIVERSIDAD NACIONAL DE CAAGUAZU (UNCAA),Educación,1060,505,27,0,0,13,14
2019,6,28,8,1,UNIVERSIDAD NACIONAL DE CANINDEYU (UNCAN),Educación,84,43,2,0,0,2,0
2019,6,30,1,3,MUNICIPALIDAD DE  BELEN,Municipalidades,54,21,1,0,0,0,1
2019,6,30,1,4,MUNICIPALIDAD DE HORQUETA,Municipalidades,68,10,0,0,0,0,0
2019,6,30,1,5,MUNICIPALIDAD DE LORETO,Municipalidades,40,11,1,0,0,0,1
2019,6,30,1,6,MUNICIPALIDAD DE SAN LAZARO,Municipalidades,43,17,0,0,0,0,0
2019,6,30,1,7,MUNICIPALIDAD DE YBYYAU,Municipalidades,21,6,0,0,0,0,0
2019,6,30,1,238,MUNICIPALIDAD DE AZOTEY,Municipalidades,31,5,0,0,0,0,0
2019,6,30,1,241,MUNICIPALIDAD DE SARGENTO JOSE FELIX LOPEZ,Municipalidades,33,7,0,0,0,0,0
2019,6,30,1,249,MUNICIPALIDAD DE SAN ALFREDO,Municipalidades,13,2,0,0,0,0,0
2019,6,30,1,524,MUNICIPALIDAD DE ARROYITO,Municipalidades,18,3,0,0,0,0,0
2019,6,30,2,8,MUNICIPALIDAD DE SAN PEDRO DEL YCUAMANDIYU,Municipalidades,98,27,1,0,1,0,0
2019,6,30,2,11,MUNICIPALIDAD DE GRAL.ELIZARDO AQUINO,Municipalidades,39,12,0,0,0,0,0
2019,6,30,2,12,MUNICIPALIDAD DE ITACURUBI  DEL ROSARIO,Municipalidades,32,9,1,0,1,0,0
2019,6,30,2,13,MUNICIPALIDAD DE LIMA,Municipalidades,29,6,1,0,1,0,0
2019,6,30,2,14,MUNICIPALIDAD DE NUEVA GERMANIA,Municipalidades,27,8,0,0,0,0,0
2019,6,30,2,15,MUNICIPALIDAD DE SAN ESTANISLAO,Municipalidades,86,32,3,1,2,0,0
2019,6,30,2,16,MUNICIPALIDAD DE YRYBUCUA,Municipalidades,25,6,0,0,0,0,0
2019,6,30,2,17,MUNICIPALIDAD DE SAN PABLO,Municipalidades,26,10,0,0,0,0,0
2019,6,30,2,18,MUNICIPALIDAD DE TACUATI,Municipalidades,34,9,0,0,0,0,0
2019,6,30,2,19,MUNICIPALIDAD DE UNION,Municipalidades,51,9,1,0,1,0,0
2019,6,30,2,20,MUNICIPALIDAD DE 25 DE DICIEMBRE,Municipalidades,37,13,1,0,1,0,0
2019,6,30,2,22,MUNICIPALIDAD DE GRAL. F. RESQUIN,Municipalidades,52,16,0,0,0,0,0
2019,6,30,2,23,MUNICIPALIDAD DE YATAITY DEL NORTE,Municipalidades,42,4,0,0,0,0,0
2019,6,30,2,24,MUNICIPALIDAD DE GUAJAYVI,Municipalidades,41,15,4,0,3,0,1
2019,6,30,2,25,MUNICIPALIDAD DE CAPIIBARY,Municipalidades,49,7,1,0,1,0,0
2019,6,30,2,26,MUNICIPALIDAD DE SANTA ROSA DEL AGUARAY,Municipalidades,63,16,0,0,0,0,0
2019,6,30,2,239,MUNICIPALIDAD DE LIBERACION,Municipalidades,44,14,0,0,0,0,0
2019,6,30,2,253,MUNICIPALIDAD DE SAN VICENTE PANCHOLO,Municipalidades,17,4,0,0,0,0,0
2019,6,30,3,27,MUNICIPALIDAD DE CAACUPE,Municipalidades,256,105,4,1,3,0,0
2019,6,30,3,28,MUNICIPALIDAD DE ALTOS,Municipalidades,33,14,1,1,0,0,0
2019,6,30,3,29,MUNICIPALIDAD DE ARROYOS Y ESTEROS,Municipalidades,67,25,0,0,0,0,0
2019,6,30,3,30,MUNICIPALIDAD DE ATYRA,Municipalidades,42,12,2,0,2,0,0
2019,6,30,3,31,MUNICIPALIDAD DE CARAGUATAY,Municipalidades,44,15,3,2,1,0,0
2019,6,30,3,32,MUNICIPALIDAD DE EMBOSCADA,Municipalidades,62,28,1,1,0,0,0
2019,6,30,3,33,MUNICIPALIDAD DE EUSEBIO AYALA,Municipalidades,78,20,1,0,1,0,0
2019,6,30,3,34,MUNICIPALIDAD DE ISLA PUCU,Municipalidades,39,15,0,0,0,0,0
2019,6,30,3,35,MUNICIPALIDAD DE ITACURUBI DE LA CORDILLERA,Municipalidades,62,23,1,1,0,0,0
2019,6,30,3,36,MUNICIPALIDAD DE JUAN DE MENA,Municipalidades,18,6,0,0,0,0,0
2019,6,30,3,37,MUNICIPALIDAD DE LOMA GRANDE,Municipalidades,47,19,1,0,1,0,0
2019,6,30,3,39,MUNICIPALIDAD DE NUEVA COLOMBIA,Municipalidades,30,18,0,0,0,0,0
2019,6,30,3,41,MUNICIPALIDAD DE PRIMERO DE MARZO,Municipalidades,24,4,0,0,0,0,0
2019,6,30,3,42,MUNICIPALIDAD DE SAN BERNARDINO,Municipalidades,106,51,2,0,2,0,0
2019,6,30,3,43,MUNICIPALIDAD DE SANTA ELENA,Municipalidades,46,18,0,0,0,0,0
2019,6,30,3,44,MUNICIPALIDAD DE TOBATI,Municipalidades,96,27,3,0,3,0,0
2019,6,30,3,45,MUNICIPALIDAD DE VALENZUELA,Municipalidades,51,21,3,0,2,0,1
2019,6,30,3,46,MUNICIPALIDAD DE SAN JOSE OBRERO,Municipalidades,22,8,1,0,0,0,1
2019,6,30,4,47,MUNICIPALIDAD DE VILLARRICA DEL ESPIRITU SANTO,Municipalidades,293,102,1,0,1,0,0
2019,6,30,4,48,MUNICIPALIDAD DE BORJA,Municipalidades,28,9,0,0,0,0,0
2019,6,30,4,49,MUNICIPALIDAD DE CAPITAN MAURICIO JOSE TROCHE,Municipalidades,35,11,0,0,0,0,0
2019,6,30,4,50,MUNICIPALIDAD DE CORONEL MARTINEZ,Municipalidades,42,13,0,0,0,0,0
2019,6,30,4,51,MUNICIPALIDAD DE FELIX PEREZ CARDOZO,Municipalidades,28,7,0,0,0,0,0
2019,6,30,4,53,MUNICIPALIDAD DE INDEPENDENCIA,Municipalidades,41,7,1,0,0,0,1
2019,6,30,4,54,MUNICIPALIDAD DE ITAPE,Municipalidades,34,12,0,0,0,0,0
2019,6,30,4,55,MUNICIPALIDAD DE ITURBE,Municipalidades,50,13,0,0,0,0,0
2019,6,30,4,56,MUNICIPALIDAD DE JOSE A. FASSARDI,Municipalidades,28,8,0,0,0,0,0
2019,6,30,4,57,MUNICIPALIDAD DE MBOCAYATY DEL GUAIRA,Municipalidades,28,6,0,0,0,0,0
2019,6,30,4,58,MUNICIPALIDAD DE NATALICIO TALAVERA,Municipalidades,32,10,1,0,1,0,0
2019,6,30,4,59,MUNICIPALIDAD DE ÑUMI,Municipalidades,27,7,1,0,1,0,0
2019,6,30,4,60,MUNICIPALIDAD DE SAN SALVADOR,Municipalidades,24,10,0,0,0,0,0
2019,6,30,4,61,MUNICIPALIDAD DE YATAITY DEL GUAIRA,Municipalidades,25,11,0,0,0,0,0
2019,6,30,4,62,MUNICIPALIDAD DE DR. BOTRELL,Municipalidades,31,14,1,0,1,0,0
2019,6,30,4,63,MUNICIPALIDAD DE PASO YOBAI,Municipalidades,34,7,0,0,0,0,0
2019,6,30,4,234,MUNICIPALIDAD DE TEBICUARY,Municipalidades,43,12,1,0,1,0,0
2019,6,30,5,64,MUNICIPALIDAD DE CORONEL OVIEDO,Municipalidades,320,114,5,1,1,0,3
2019,6,30,5,65,MUNICIPALIDAD DE CAAGUAZU,Municipalidades,230,68,1,1,0,0,0
2019,6,30,5,66,MUNICIPALIDAD DE CARAYAO,Municipalidades,35,6,0,0,0,0,0
2019,6,30,5,67,MUNICIPALIDAD DE DR. CECILIO BAEZ,Municipalidades,28,8,0,0,0,0,0
2019,6,30,5,68,MUNICIPALIDAD DE SANTA.ROSA DEL MBUTUY,Municipalidades,33,13,2,1,1,0,0
2019,6,30,5,69,MUNICIPALIDAD DE DR. JUAN MANUEL FRUTOS,Municipalidades,43,17,2,0,1,0,1
2019,6,30,5,70,MUNICIPALIDAD DE REPATRIACION,Municipalidades,50,18,0,0,0,0,0
2019,6,30,5,71,MUNICIPALIDAD DE NUEVA LONDRES,Municipalidades,29,10,0,0,0,0,0
2019,6,30,5,72,MUNICIPALIDAD DE SAN JOAQUIN,Municipalidades,36,7,0,0,0,0,0
2019,6,30,5,73,MUNICIPALIDAD DE SAN JOSE DE LOS ARROYOS,Municipalidades,59,17,2,1,1,0,0
2019,6,30,5,74,MUNICIPALIDAD DE YHU,Municipalidades,62,23,0,0,0,0,0
2019,6,30,5,75,MUNICIPALIDAD DE DR. J. EULOGIO ESTIGARRIBIA,Municipalidades,143,49,0,0,0,0,0
2019,6,30,5,76,MUNICIPALIDAD DE R.I. 3 CORRALES,Municipalidades,31,7,0,0,0,0,0
2019,6,30,5,77,MUNICIPALIDAD DE RAUL ARSENIO OVIEDO,Municipalidades,41,10,0,0,0,0,0
2019,6,30,5,78,MUNICIPALIDAD DE JOSE DOMINGO OCAMPOS,Municipalidades,51,16,0,0,0,0,0
2019,6,30,5,79,MUNICIPALIDAD DE MARISCAL FRANCISCO SOLANO LOPEZ,Municipalidades,29,5,0,0,0,0,0
2019,6,30,5,81,MUNICIPALIDAD DE 3 DE FEBRERO,Municipalidades,40,10,1,0,0,1,0
2019,6,30,5,82,MUNICIPALIDAD DE SIMON BOLIVAR,Municipalidades,37,10,1,0,1,0,0
2019,6,30,5,83,MUNICIPALIDAD DE VAQUERIA,Municipalidades,28,10,0,0,0,0,0
2019,6,30,5,233,MUNICIPALIDAD DE TEMBIAPORA,Municipalidades,22,9,0,0,0,0,0
2019,6,30,5,243,MUNICIPALIDAD DE NUEVA TOLEDO,Municipalidades,28,8,0,0,0,0,0
2019,6,30,6,84,MUNICIPALIDAD DE CAAZAPA,Municipalidades,114,34,1,0,0,0,1
2019,6,30,6,86,MUNICIPALIDAD DE BUENA VISTA,Municipalidades,41,10,0,0,0,0,0
2019,6,30,6,87,MUNICIPALIDAD DE DR. MOISES BERTONI,Municipalidades,18,6,0,0,0,0,0
2019,6,30,6,88,MUNICIPALIDAD DE GRAL.MORINIGO,Municipalidades,34,8,2,0,2,0,0
2019,6,30,6,89,MUNICIPALIDAD DE MACIEL,Municipalidades,3,1,0,0,0,0,0
2019,6,30,6,90,MUNICIPALIDAD DE SAN JUAN NEPOMUCENO,Municipalidades,85,37,0,0,0,0,0
2019,6,30,6,91,MUNICIPALIDAD DE TAVAI,Municipalidades,35,8,0,0,0,0,0
2019,6,30,6,92,MUNICIPALIDAD DE FULGENCIO YEGROS,Municipalidades,45,13,1,0,1,0,0
2019,6,30,6,93,MUNICIPALIDAD DE YUTY,Municipalidades,92,30,0,0,0,0,0
2019,6,30,6,245,MUNICIPALIDAD DE 3 DE MAYO,Municipalidades,18,4,0,0,0,0,0
2019,6,30,7,94,MUNICIPALIDAD DE ENCARNACION,Municipalidades,1411,500,11,1,9,0,1
2019,6,30,7,95,MUNICIPALIDAD DE BELLA VISTA,Municipalidades,83,33,2,1,1,0,0
2019,6,30,7,96,MUNICIPALIDAD DE CAMBYRETA,Municipalidades,158,53,5,2,3,0,0
2019,6,30,7,97,MUNICIPALIDAD DE CAPITAN MEZA,Municipalidades,72,27,3,0,3,0,0
2019,6,30,7,98,MUNICIPALIDAD DE CAPITAN MIRANDA,Municipalidades,64,22,2,0,2,0,0
2019,6,30,7,99,MUNICIPALIDAD DE NUEVA ALBORADA,Municipalidades,37,15,0,0,0,0,0
2019,6,30,7,100,MUNICIPALIDAD DE CARMEN DEL PARANA,Municipalidades,80,25,0,0,0,0,0
2019,6,30,7,101,MUNICIPALIDAD DE CORONEL BOGADO,Municipalidades,95,25,0,0,0,0,0
2019,6,30,7,102,MUNICIPALIDAD DE CARLOS ANTONIO LOPEZ,Municipalidades,67,9,5,0,5,0,0
2019,6,30,7,103,MUNICIPALIDAD DE NATALIO,Municipalidades,65,15,0,0,0,0,0
2019,6,30,7,104,MUNICIPALIDAD DE FRAM,Municipalidades,58,21,0,0,0,0,0
2019,6,30,7,105,MUNICIPALIDAD DE GENERAL ARTIGAS,Municipalidades,68,20,4,0,3,0,1
2019,6,30,7,106,MUNICIPALIDAD DE GENERAL DELGADO,Municipalidades,44,12,0,0,0,0,0
2019,6,30,7,107,MUNICIPALIDAD DE HOHENAU,Municipalidades,92,30,0,0,0,0,0
2019,6,30,7,108,MUNICIPALIDAD DE JESUS,Municipalidades,47,13,0,0,0,0,0
2019,6,30,7,109,MUNICIPALIDAD DE JOSE LEANDRO OVIEDO,Municipalidades,42,17,1,0,1,0,0
2019,6,30,7,110,MUNICIPALIDAD DE OBLIGADO,Municipalidades,107,43,5,0,5,0,0
2019,6,30,7,111,MUNICIPALIDAD DE MAYOR OTAÑO,Municipalidades,54,16,1,0,1,0,0
2019,6,30,7,112,MUNICIPALIDAD DE SAN COSME Y SAN DAMIAN,Municipalidades,44,15,1,1,0,0,0
2019,6,30,7,113,MUNICIPALIDAD DE SAN PEDRO DEL PARANA,Municipalidades,86,27,1,1,0,0,0
2019,6,30,7,114,MUNICIPALIDAD DE SAN RAFAEL DEL PARANA,Municipalidades,136,31,1,0,1,0,0
2019,6,30,7,115,MUNICIPALIDAD DE TRINIDAD,Municipalidades,47,19,0,0,0,0,0
2019,6,30,7,116,MUNICIPALIDAD DE EDELIRA,Municipalidades,56,25,2,2,0,0,0
2019,6,30,7,117,MUNICIPALIDAD DE TOMAS ROMERO PEREIRA,Municipalidades,99,31,1,0,1,0,0
2019,6,30,7,118,MUNICIPALIDAD DE ALTO VERA,Municipalidades,46,10,0,0,0,0,0
2019,6,30,7,119,MUNICIPALIDAD DE LA PAZ,Municipalidades,38,17,0,0,0,0,0
2019,6,30,7,120,MUNICIPALIDAD DE YATYTAY,Municipalidades,64,17,4,0,4,0,0
2019,6,30,7,121,MUNICIPALIDAD DE SAN JUAN DEL PARANA,Municipalidades,104,23,3,0,2,0,1
2019,6,30,7,122,MUNICIPALIDAD DE PIRAPO,Municipalidades,68,26,3,1,2,0,0
2019,6,30,7,123,MUNICIPALIDAD DE ITAPUA POTY,Municipalidades,50,12,1,0,1,0,0
2019,6,30,8,124,MUNICIPALIDAD DE SAN JUAN BAUSTISTA DE LAS MISIONES,Municipalidades,116,32,0,0,0,0,0
2019,6,30,8,125,MUNICIPALIDAD DE AYOLAS,Municipalidades,153,50,2,0,2,0,0
2019,6,30,8,126,MUNICIPALIDAD DE SAN IGNACIO GUAZU,Municipalidades,161,45,3,1,2,0,0
2019,6,30,8,127,MUNICIPALIDAD DE SAN MIGUEL MISIONES,Municipalidades,59,18,1,0,0,0,1
2019,6,30,8,129,MUNICIPALIDAD DE SANTA MARIA,Municipalidades,44,19,0,0,0,0,0
2019,6,30,8,130,MUNICIPALIDAD DE SANTA ROSA MISIONES,Municipalidades,139,33,0,0,0,0,0
2019,6,30,8,131,MUNICIPALIDAD DE SANTIAGO,Municipalidades,64,28,0,0,0,0,0
2019,6,30,8,132,MUNICIPALIDAD DE VILLA FLORIDA,Municipalidades,53,14,0,0,0,0,0
2019,6,30,9,134,MUNICIPALIDAD DE PARAGUARI,Municipalidades,128,48,0,0,0,0,0
2019,6,30,9,136,MUNICIPALIDAD DE CAAPUCU,Municipalidades,73,27,1,0,1,0,0
2019,6,30,9,137,MUNICIPALIDAD DE GENERAL CABALLERO,Municipalidades,41,14,1,0,0,0,1
2019,6,30,9,138,MUNICIPALIDAD DE CARAPEGUA,Municipalidades,110,28,2,0,0,0,2
2019,6,30,9,139,MUNICIPALIDAD DE ESCOBAR,Municipalidades,57,22,0,0,0,0,0
2019,6,30,9,140,MUNICIPALIDAD DE LA COLMENA,Municipalidades,47,16,1,1,0,0,0
2019,6,30,9,141,MUNICIPALIDAD DE MBUYAPEY,Municipalidades,45,12,2,0,1,1,0
2019,6,30,9,142,MUNICIPALIDAD DE PIRAYU,Municipalidades,65,27,1,0,1,0,0
2019,6,30,9,143,MUNICIPALIDAD DE QUIINDY,Municipalidades,76,28,0,0,0,0,0
2019,6,30,9,144,MUNICIPALIDAD DE QUYQUYHO,Municipalidades,48,15,0,0,0,0,0
2019,6,30,9,145,MUNICIPALIDAD DE SAN ROQUE GONZALEZ DE SANTA CRUZ,Municipalidades,27,9,1,0,1,0,0
2019,6,30,9,146,MUNICIPALIDAD DE SAPUCAI,Municipalidades,33,16,1,0,1,0,0
2019,6,30,9,149,MUNICIPALIDAD DE YBYCUI,Municipalidades,57,22,2,0,2,0,0
2019,6,30,9,150,MUNICIPALIDAD DE YBYTYMI,Municipalidades,29,8,0,0,0,0,0
2019,6,30,10,151,MUNICIPALIDAD DE CIUDAD DEL ESTE,Municipalidades,2061,950,8,2,5,0,1
2019,6,30,10,152,MUNICIPALIDAD DE PRESIDENTE FRANCO,Municipalidades,336,98,3,0,3,0,0
2019,6,30,10,153,MUNICIPALIDAD DE DOMINGO MARTINEZ DE IRALA,Municipalidades,74,19,5,1,4,0,0
2019,6,30,10,154,MUNICIPALIDAD DE JUAN LEON MALLORQUIN,Municipalidades,58,22,2,1,1,0,0
2019,6,30,10,155,MUNICIPALIDAD DE HERNANDARIAS,Municipalidades,637,251,5,0,4,0,1
2019,6,30,10,156,MUNICIPALIDAD DE SANTA FE DEL PARANA,Municipalidades,51,21,2,0,2,0,0
2019,6,30,10,157,MUNICIPALIDAD DE ITAKYRY,Municipalidades,83,18,1,0,1,0,0
2019,6,30,10,158,MUNICIPALIDAD DE JUAN E. O'LEARY,Municipalidades,62,17,1,1,0,0,0
2019,6,30,10,159,MUNICIPALIDAD DE ÑACUNDAY,Municipalidades,38,11,1,0,0,0,1
2019,6,30,10,160,MUNICIPALIDAD DE YGUAZU,Municipalidades,55,10,4,0,3,0,1
2019,6,30,10,161,MUNICIPALIDAD DE LOS CEDRALES,Municipalidades,67,19,1,0,1,0,0
2019,6,30,10,162,MUNICIPALIDAD DE MINGA GUAZU,Municipalidades,186,53,9,0,8,0,1
2019,6,30,10,163,MUNICIPALIDAD DE SAN CRISTOBAL,Municipalidades,44,14,1,1,0,0,0
2019,6,30,10,164,MUNICIPALIDAD DE SANTA RITA,Municipalidades,155,47,4,0,2,1,1
2019,6,30,10,165,MUNICIPALIDAD DE NARANJAL,Municipalidades,22,7,0,0,0,0,0
2019,6,30,10,166,MUNICIPALIDAD DE STA. ROSA DEL MONDAY,Municipalidades,53,16,1,0,1,0,0
2019,6,30,10,167,MUNICIPALIDAD DE MINGA PORA,Municipalidades,77,32,3,0,3,0,0
2019,6,30,10,168,MUNICIPALIDAD DE MBARACAYU,Municipalidades,53,18,0,0,0,0,0
2019,6,30,10,169,MUNICIPALIDAD DE SAN ALBERTO,Municipalidades,89,18,1,0,1,0,0
2019,6,30,10,170,MUNICIPALIDAD DE IRUÑA,Municipalidades,41,16,1,1,0,0,0
2019,6,30,10,240,MUNICIPALIDAD DE TAVAPY,Municipalidades,43,11,2,0,2,0,0
2019,6,30,10,246,MUNICIPALIDAD DE DR. RAUL PENA,Municipalidades,36,8,1,0,1,0,0
2019,6,30,11,171,MUNICIPALIDAD DE AREGUA,Municipalidades,215,80,1,0,0,1,0
2019,6,30,11,172,MUNICIPALIDAD DE CAPIATA,Municipalidades,717,312,4,0,4,0,0
2019,6,30,11,173,MUNICIPALIDAD DE FERNANDO DE LA MORA,Municipalidades,976,405,10,3,4,0,3
2019,6,30,11,174,MUNICIPALIDAD DE GUARAMBARE,Municipalidades,114,45,1,0,1,0,0
2019,6,30,11,175,MUNICIPALIDAD DE ITA,Municipalidades,132,50,3,1,2,0,0
2019,6,30,11,176,MUNICIPALIDAD DE ITAUGUA,Municipalidades,263,102,3,0,3,0,0
2019,6,30,11,177,MUNICIPALIDAD DE LAMBARE,Municipalidades,789,345,11,2,7,0,2
2019,6,30,11,178,MUNICIPALIDAD DE LIMPIO,Municipalidades,239,109,10,3,7,0,0
2019,6,30,11,179,MUNICIPALIDAD DE LUQUE,Municipalidades,944,351,13,3,6,1,3
2019,6,30,11,180,MUNICIPALIDAD DE MARIANO ROQUE ALONSO,Municipalidades,657,309,6,1,2,0,3
2019,6,30,11,181,MUNICIPALIDAD DE NUEVA ITALIA,Municipalidades,56,21,3,0,2,0,1
2019,6,30,11,182,MUNICIPALIDAD DE ÑEMBY,Municipalidades,324,114,1,0,0,0,1
2019,6,30,11,183,MUNICIPALIDAD DE SAN ANTONIO,Municipalidades,123,46,4,1,3,0,0
2019,6,30,11,184,MUNICIPALIDAD DE SAN LORENZO,Municipalidades,1360,554,13,3,7,1,2
2019,6,30,11,185,MUNICIPALIDAD DE VILLA ELISA,Municipalidades,314,137,3,0,1,0,2
2019,6,30,11,186,MUNICIPALIDAD DE VILLETA,Municipalidades,164,71,4,1,3,0,0
2019,6,30,11,187,MUNICIPALIDAD DE YPACARAI,Municipalidades,126,35,0,0,0,0,0
2019,6,30,11,188,MUNICIPALIDAD DE YPANE,Municipalidades,96,39,5,0,5,0,0
2019,6,30,11,189,MUNICIPALIDAD DE J. AUGUSTO SALDIVAR,Municipalidades,115,41,1,0,1,0,0
2019,6,30,12,191,MUNICIPALIDAD DE ALBERDI,Municipalidades,34,11,0,0,0,0,0
2019,6,30,12,192,MUNICIPALIDAD DE CERRITO,Municipalidades,87,33,0,0,0,0,0
2019,6,30,12,193,MUNICIPALIDAD DE DESMOCHADOS,Municipalidades,29,12,0,0,0,0,0
2019,6,30,12,194,MUNICIPALIDAD DE GENERAL JOSE EDUVIGIS DIAZ,Municipalidades,62,18,2,1,0,0,1
2019,6,30,12,197,MUNICIPALIDAD DE ISLA UMBU,Municipalidades,33,13,0,0,0,0,0
2019,6,30,12,199,MUNICIPALIDAD DE MAYOR JOSE D. MARTINEZ,Municipalidades,32,14,0,0,0,0,0
2019,6,30,12,200,MUNICIPALIDAD DE PASO DE PATRIA,Municipalidades,30,13,0,0,0,0,0
2019,6,30,12,203,MUNICIPALIDAD DE VILLA FRANCA,Municipalidades,31,12,0,0,0,0,0
2019,6,30,12,205,MUNICIPALIDAD DE VILLALBIN,Municipalidades,81,34,0,0,0,0,0
2019,6,30,13,206,MUNICIPALIDAD DE PEDRO J. CABALLERO,Municipalidades,431,133,4,0,2,1,1
2019,6,30,13,207,MUNICIPALIDAD DE BELLA VISTA - NORTE,Municipalidades,47,19,0,0,0,0,0
2019,6,30,13,208,MUNICIPALIDAD DE CAPITAN BADO,Municipalidades,91,21,1,0,0,0,1
2019,6,30,13,242,MUNICIPALIDAD DE ZANJA PYTA,Municipalidades,32,9,0,0,0,0,0
2019,6,30,13,250,MUNICIPALIDAD DE KARAPAI,Municipalidades,17,6,0,0,0,0,0
2019,6,30,14,209,MUNICIPALIDAD DE SALTO DEL GUAIRA,Municipalidades,254,77,0,0,0,0,0
2019,6,30,14,210,MUNICIPALIDAD DE CORPUS CHRISTI,Municipalidades,70,13,0,0,0,0,0
2019,6,30,14,211,MUNICIPALIDAD DE VILLA CURUGUATY,Municipalidades,109,33,1,1,0,0,0
2019,6,30,14,212,MUNICIPALIDAD DE YASY CAÑY,Municipalidades,42,14,1,0,1,0,0
2019,6,30,14,213,MUNICIPALIDAD DE VILLA YGATIMI,Municipalidades,57,8,0,0,0,0,0
2019,6,30,14,214,MUNICIPALIDAD DE ITANARA,Municipalidades,37,7,0,0,0,0,0
2019,6,30,14,215,MUNICIPALIDAD DE YPE JHU,Municipalidades,41,10,0,0,0,0,0
2019,6,30,14,216,MUNICIPALIDAD DE GENERAL FRANCISCO CABALLERO ALVAREZ,Municipalidades,52,13,1,0,0,0,1
2019,6,30,14,217,MUNICIPALIDAD DE KATUETE,Municipalidades,96,26,0,0,0,0,0
2019,6,30,14,218,MUNICIPALIDAD DE LA PALOMA,Municipalidades,70,24,0,0,0,0,0
2019,6,30,14,219,MUNICIPALIDAD DE NUEVA ESPERANZA,Municipalidades,80,29,0,0,0,0,0
2019,6,30,14,244,MUNICIPALIDAD DE YVYRAROBANA,Municipalidades,56,21,0,0,0,0,0
2019,6,30,14,247,MUNICIPALIDAD DE YBY PYTA,Municipalidades,32,4,0,0,0,0,0
2019,6,30,14,251,MUNICIPALIDAD DE MARACANA,Municipalidades,30,9,0,0,0,0,0
2019,6,30,14,255,MUNICIPALIDAD DE PUERTO ADELA,Municipalidades,6,1,0,0,0,0,0
2019,6,30,15,220,MUNICIPALIDAD DE BENJAMIN ACEVAL,Municipalidades,84,30,0,0,0,0,0
2019,6,30,15,221,MUNICIPALIDAD DE PUERTO PINASCO,Municipalidades,78,23,0,0,0,0,0
2019,6,30,15,222,MUNICIPALIDAD DE VILLA HAYES,Municipalidades,251,88,8,0,4,0,4
2019,6,30,15,223,MUNICIPALIDAD DE NANAWA,Municipalidades,39,12,2,1,0,0,1
2019,6,30,15,224,MUNICIPALIDAD DE JOSE FALCON,Municipalidades,130,53,0,0,0,0,0
2019,6,30,15,229,MUNICIPALIDAD DE TTE. 1RO. MANUEL IRALA FERNANDEZ,Municipalidades,57,20,1,0,1,0,0
2019,6,30,15,232,MUNICIPALIDAD DE TENIENTE ESTEBAN MARTINEZ,Municipalidades,39,16,0,0,0,0,0
2019,6,30,15,233,MUNICIPALIDAD DE GENERAL JOSE MARIA BRUGUEZ,Municipalidades,46,16,1,0,1,0,0
2019,6,30,16,228,MUNICIPALIDAD DE MARISCAL JOSE FELIX ESTIGARRIBIA,Municipalidades,126,36,0,0,0,0,0
2019,6,30,16,230,MUNICIPALIDAD DE FILADELFIA,Municipalidades,125,32,0,0,0,0,0
2019,6,30,16,231,MUNICIPALIDAD DE LOMA PLATA,Municipalidades,74,24,3,1,1,0,1
2019,6,30,17,225,MUNICIPALIDAD DE FUERTE OLIMPO,Municipalidades,23,7,0,0,0,0,0
2019,6,30,17,226,MUNICIPALIDAD DE LA VICTORIA,Municipalidades,40,12,0,0,0,0,0
2019,6,30,17,227,MUNICIPALIDAD DE BAHIA NEGRA,Municipalidades,40,15,0,0,0,0,0
2019,6,40,1,1,COMPAÑIA PARAGUAYA DE COMUNICACIONES S.A.,SA del Estado,3409,1215,18,0,0,2,16
2019,6,40,2,1,EMPRESA DE SERVICIOS SANITARIOS DEL PARAGUAY S.A. (ESSAP),SA del Estado,2184,481,28,0,0,5,23
2019,6,40,3,1,CAÑAS PARAGUAYAS S.A. (CAPASA),SA del Estado,197,58,0,0,0,0,0
2020,6,11,1,1,CONGRESO NACIONAL (CN),Poder Legislativo,736,308,29,2,11,5,11
2020,6,11,2,1,HONORABLE CAMARA DE SENADORES (HCS),Poder Legislativo,929,382,31,4,13,4,10
2020,6,11,3,1,HONORABLE CAMARA DE DIPUTADOS (HCD),Poder Legislativo,2008,842,23,1,6,5,11
2020,6,12,1,2,PRESIDENCIA DE LA REPUBLICA / GABINETE CIVIL,Servicio civil del Ejecutivo,252,115,2,0,1,0,1
2020,6,12,1,4,PROCURADURIA GENERAL DE LA REPUBLICA (PGR),Servicio civil del Ejecutivo,123,55,4,1,0,0,3
2020,6,12,1,5,SECRETARIA DE ACCION SOCIAL (SAS),Servicio civil del Ejecutivo,1461,808,14,3,3,1,7
2020,6,12,1,6,AUDITORIA GENERAL DEL PODER EJECUTIVO (AGPE),Servicio civil del Ejecutivo,70,33,4,0,0,1,3
2020,6,12,1,7,SECRETARIA TECNICA DE PLANIFICACION DEL DESARROLLO ECONOMICO Y SOCIAL (STP),Servicio civil del Ejecutivo,176,86,8,0,0,4,4
2020,6,12,1,8,SECRETARIA DE LA FUNCION PUBLICA (SFP),Servicio civil del Ejecutivo,79,50,4,1,0,2,1
2020,6,12,1,9,"DIRECCION GENERAL DE ESTADISTICAS, ENCUESTAS Y CENSOS (DGEEC)",Servicio civil del Ejecutivo,392,206,6,0,0,1,5
2020,6,12,1,10,SECRETARIA NACIONAL ANTIDROGAS (SENAD),Servicio civil del Ejecutivo,394,126,12,0,0,6,6
2020,6,12,1,11,CONSEJO DE LA DEFENSA NACIONAL (CODENA),Servicio civil del Ejecutivo,11,1,0,0,0,0,0
2020,6,12,1,12,SECRETARIA DE DESARROLLO PARA REPATRIADOS Y REFUGIADOS CONNACIONALES (SEDEREC),Servicio civil del Ejecutivo,115,62,5,0,0,3,2
2020,6,12,1,13,SECRETARIA NACIONAL DE TURISMO (SENATUR),Servicio civil del Ejecutivo,254,150,7,0,1,4,2
2020,6,12,1,14,SECRETARIA DE PREVENCION DE LAVADO DE DINERO O BIENES (SEPRELAD),Servicio civil del Ejecutivo,64,32,3,0,0,3,0
2020,6,12,1,15,CONSEJO NACIONAL DE CIENCIA Y TECNOLOGIA (CONACYT),Servicio civil del Ejecutivo,125,70,2,0,0,1,1
2020,6,12,1,16,ESCRIBANIA MAYOR DE GOBIERNO (EMG),Servicio civil del Ejecutivo,33,17,0,0,0,0,0
2020,6,12,1,19,SECRETARIA DE EMERGENCIA NACIONAL (SEN),Servicio civil del Ejecutivo,228,67,8,2,5,1,0
2020,6,12,1,20,SECRETARIA NACIONAL DE DEPORTES (SND),Servicio civil del Ejecutivo,109,39,6,1,2,2,1
2020,6,12,1,22,SECRETARIA NACIONAL DE CULTURA (SNC),Servicio civil del Ejecutivo,229,132,6,1,0,3,2
2020,6,12,1,23,GABINETE SOCIAL (GS),Servicio civil del Ejecutivo,29,17,0,0,0,0,0
2020,6,12,1,25,SECRETARIA DE POLITICAS LINGUISTICAS (SPL),Servicio civil del Ejecutivo,41,22,2,0,0,0,2
2020,6,12,1,26,SECRETARIA NACIONAL POR LOS DERECHOS HUMANOS DE LAS PERSONAS CON DISCAPACIDAD (SENADIS),Servicio civil del Ejecutivo,531,306,58,6,8,22,22
2020,6,12,1,28,SECRETARIA NACIONAL DE LA JUVENTUD (SNJ),Servicio civil del Ejecutivo,29,14,1,0,0,0,1
2020,6,12,1,29,SECRETARIA NACIONAL ANTICORRUPCION (SENAC),Servicio civil del Ejecutivo,17,8,1,0,1,0,0
2020,6,12,1,30,ORQUESTA SINFONICA NACIONAL (OSN),Servicio civil del Ejecutivo,111,34,2,1,1,0,0
2020,6,12,1,31,AGENCIA ESPACIAL DEL PARAGUAY(AEP),Servicio civil del Ejecutivo,9,1,0,0,0,0,0
2020,6,12,1,32,SECRETARIA NACIONAL DE ADMINISTRACION DE BIENES INCAUTADOS Y COMISADOS(SENABICO),Servicio civil del Ejecutivo,12,6,0,0,0,0,0
2020,6,12,2,1,VICEPRESIDENCIA DE LA REPUBLICA,Servicio civil del Ejecutivo,81,35,4,0,0,2,2
2020,6,12,3,1,MINISTERIO DEL INTERIOR (MI),Servicio civil del Ejecutivo,279,106,4,0,0,0,4
2020,6,12,3,2,POLICIA NACIONAL (PN),Fuerzas públicas,25799,4496,29,0,0,2,27
2020,6,12,3,3,DIRECCION GENERAL DE MIGRACIONES (DGM),Servicio civil del Ejecutivo,365,170,8,0,0,1,7
2020,6,12,4,1,MINISTERIO DE RELACIONES EXTERIORES (MRE),Servicio civil del Ejecutivo,1231,476,26,0,0,10,16
2020,6,12,5,1,MINISTERIO DE DEFENSA NACIONAL (MDN),Fuerzas públicas,298,147,9,0,0,5,4
2020,6,12,5,2,CENTRO FINANCIERO 1 - COMANDO EN JEFE,Servicio civil del Ejecutivo,308,120,0,0,0,0,0
2020,6,12,5,3,CENTRO FINANCIERO 2 - COMANDO DEL EJERCITO,Servicio civil del Ejecutivo,648,252,1,0,0,0,1
2020,6,12,5,4,CENTRO FINANCIERO 3 - COMANDO DE LA ARMADA,Servicio civil del Ejecutivo,478,143,0,0,0,0,0
2020,6,12,5,5,CENTRO FINANCIERO 4 - COMANDO DE LA FUERZA AEREA,Servicio civil del Ejecutivo,153,72,1,0,0,0,1
2020,6,12,5,6,CENTRO FINANCIERO 5 - COMANDO LOGISTICO,Servicio civil del Ejecutivo,704,341,1,0,0,1,0
2020,6,12,6,1,MINISTERIO DE ECONOMIA Y FINANZAS (MEF),Servicio civil del Ejecutivo,2310,1068,22,2,0,12,8
2020,6,12,7,1,MINISTERIO DE EDUCACION Y CIENCIAS (MEC),Educación,81003,55036,241,0,1,147,93
2020,6,12,7,2,CONSEJO NACIONAL DE EDUCACION Y CULTURA (CONEC),Servicio civil del Ejecutivo,14,5,0,0,0,0,0
2020,6,12,8,1,MINISTERIO DE SALUD PUBLICA Y BIENESTAR SOCIAL (MSPBS),Salud,48278,32270,198,15,16,84,83
2020,6,12,9,1,MINISTERIO DE JUSTICIA (MJ),Servicio civil del Ejecutivo,3491,1211,46,1,0,12,33
2020,6,12,10,1,MINISTERIO DE AGRICULTURA Y GANADERIA (MAG),Servicio civil del Ejecutivo,2840,1087,38,0,3,14,21
2020,6,12,11,1,MINISTERIO DE INDUSTRIA Y COMERCIO (MIC),Servicio civil del Ejecutivo,420,184,4,0,0,1,3
2020,6,12,13,1,MINISTERIO DE OBRAS PUBLICAS Y COMUNICACIONES (MOPC),Servicio civil del Ejecutivo,3732,884,59,2,10,11,36
2020,6,12,14,1,MINISTERIO DE LA MUJER (MM),Servicio civil del Ejecutivo,181,151,2,1,1,0,0
2020,6,12,15,1,"MINISTERIO DEL TRABAJO, EMPLEO Y SEGURIDAD SOCIAL (MTESS)",Servicio civil del Ejecutivo,406,220,19,0,0,6,13
2020,6,12,15,2,SERVICIO NACIONAL DE PROMOCION PROFESIONAL (SNPP),Servicio civil del Ejecutivo,1820,970,34,2,2,10,20
2020,6,12,15,3,SISTEMA NACIONAL DE FORMACION Y CAPACITACION LABORAL (SINAFOCAL),Servicio civil del Ejecutivo,208,117,11,1,1,1,8
2020,6,12,19,1,"MINISTERIO DE URBANISMO, VIVIENDA Y HABITAT",Servicio civil del Ejecutivo,666,353,16,0,0,9,7
2020,6,12,20,1,MINISTERIO DE LA NIÑEZ Y ADOLESCENCIA,Servicio civil del Ejecutivo,677,469,13,3,1,5,4
2020,6,12,21,1,MINISTERIO DE TECNOLOGIAS DE LA INFORMACION Y COMUNICACION,Servicio civil del Ejecutivo,342,122,6,2,2,0,2
2020,6,13,1,1,CORTE SUPREMA DE JUSTICIA (CSJ),Poder Judicial,13265,7427,71,4,13,20,34
2020,6,13,3,1,MINISTERIO PUBLICO (MP),Poder Judicial,5795,3219,18,1,0,6,11
2020,6,13,4,1,CONSEJO DE LA MAGISTRATURA (CM),Poder Judicial,112,54,1,0,1,0,0
2020,6,13,4,2,ESCUELA JUDICIAL (EJ),Poder Judicial,145,55,2,0,1,0,1
2020,6,13,5,1,JURADO DE ENJUICIAMIENTO DE MAGISTRADOS (JEM),Poder Judicial,266,140,8,3,3,1,1
2020,6,13,6,1,MINISTERIO DE LA DEFENSA PUBLICA (MDP),Poder Judicial,2518,1530,17,2,4,8,3
2020,6,13,7,1,SINDICATURA GENERAL DE QUIEBRAS,Poder Judicial,65,32,0,0,0,0,0
2020,6,14,1,1,CONTRALORIA GENERAL DE LA REPUBLICA (CGR),Otros organismos,980,530,6,0,0,3,3
2020,6,15,1,1,DEFENSORIA DEL PUEBLO (DP),Otros organismos,195,122,3,0,3,0,0
2020,6,15,2,1,MECANISMO NACIONAL DE PREVENCION CONTRA LA TORTURA Y OTROS TRATOS O PENAS CRUELES INHUMANOS O DEGRADANTES (MNP),Otros organismos,23,13,1,0,0,1,0
2020,6,21,1,1,BANCO CENTRAL DEL PARAGUAY (BCP),Otros organismos,839,283,8,0,0,2,6
2020,6,22,1,1,I DEPARTAMENTO: GOBERNACION DE CONCEPCION,Gobiernos departamentales,129,43,2,0,1,0,1
2020,6,22,2,1,II DEPARTAMENTO: GOBERNACION DE SAN PEDRO,Gobiernos departamentales,95,41,3,1,1,1,0
2020,6,22,3,1,III DEPARTAMENTO: GOBERNACION DE CORDILLERA,Gobiernos departamentales,86,34,1,0,0,0,1
2020,6,22,4,1,IV DEPARTAMENTO: GOBERNACION DE GUAIRA,Gobiernos departamentales,199,78,3,0,2,0,1
2020,6,22,5,1,V DEPARTAMENTO: GOBERNACION DE CAAGUAZU,Gobiernos departamentales,162,60,3,0,2,0,1
2020,6,22,6,1,VI DEPARTAMENTO: GOBERNACION DE CAAZAPA,Gobiernos departamentales,93,26,5,1,1,0,3
2020,6,22,7,1,VII DEPARTAMENTO: GOBERNACION DE ITAPUA,Gobiernos departamentales,245,85,5,0,3,0,2
2020,6,22,8,1,VIII DEPARTAMENTO: GOBERNACION DE MISIONES,Gobiernos departamentales,126,39,3,0,1,1,1
2020,6,22,9,1,IX DEPARTAMENTO: GOBERNACION DE PARAGUARI,Gobiernos departamentales,174,57,0,0,0,0,0
2020,6,22,10,1,X DEPARTAMENTO: GOBERNACION DE ALTO PARANA,Gobiernos departamentales,245,74,15,4,11,0,0
2020,6,22,11,1,XI DEPARTAMENTO: GOBERNACION CENTRAL,Gobiernos departamentales,154,76,9,1,0,4,4
2020,6,22,12,1,XII DEPARTAMENTO: GOBERNACION DE ÑEEMBUCU,Gobiernos departamentales,111,43,1,0,0,0,1
2020,6,22,13,1,XIII DEPARTAMENTO: GOBERNACION DE AMAMBAY,Gobiernos departamentales,144,61,5,2,3,0,0
2020,6,22,14,1,XIV DEPARTAMENTO: GOBERNACION DE CANINDEYU,Gobiernos departamentales,92,29,2,0,2,0,0
2020,6,22,15,1,XV DEPARTAMENTO: GOBERNACION DE PRESIDENTE HAYES,Gobiernos departamentales,45,7,3,0,0,1,2
2020,6,22,16,1,XVI DEPARTAMENTO: GOBERNACION DE BOQUERON,Gobiernos departamentales,158,64,2,0,0,0,2
2020,6,22,17,1,XVII DEPARTAMENTO: GOBERNACION DE ALTO PARAGUAY,Gobiernos departamentales,51,10,4,0,0,1,3
2020,6,23,1,1,"INSTITUTO NACIONAL DE TECNOLOGIA, NORMALIZACION Y METROLOGIA (INTN)",Entes autónomos y autárquicos,326,163,16,0,0,6,10
2020,6,23,3,1,INSTITUTO NACIONAL DE DESARROLLO RURAL Y DE LA TIERRA (INDERT),Entes autónomos y autárquicos,597,185,21,0,0,3,18
2020,6,23,4,1,DIRECCION DE BENEFICENCIA Y AYUDA SOCIAL (DIBEN),Entes autónomos y autárquicos,102,55,5,0,0,3,2
2020,6,23,6,1,INSTITUTO PARAGUAYO DEL INDIGENA (INDI),Entes autónomos y autárquicos,77,30,0,0,0,0,0
2020,6,23,8,1,FONDO NACIONAL DE LA CULTURA Y LAS ARTES (FONDEC),Entes autónomos y autárquicos,26,17,1,1,0,0,0
2020,6,23,9,1,COMISION NACIONAL DE VALORES (CNV),Entes autónomos y autárquicos,41,22,2,0,0,1,1
2020,6,23,10,1,COMISION NACIONAL DE TELECOMUNICACIONES (CONATEL),Entes autónomos y autárquicos,337,110,7,1,2,1,3
2020,6,23,11,1,DIRECCION NACIONAL DE TRANSPORTE (DINATRAN),Entes autónomos y autárquicos,343,75,6,0,0,0,6
2020,6,23,13,1,ENTE REGULADOR DE SERVICIOS SANITARIOS (ERSSAN),Entes autónomos y autárquicos,97,40,4,2,1,1,0
2020,6,23,14,1,INSTITUTO NACIONAL DE COOPERATIVISMO (INCOOP),Entes autónomos y autárquicos,186,98,9,0,0,4,5
2020,6,23,15,1,DIRECCION NACIONAL DE ADUANAS (DNA),Entes autónomos y autárquicos,1145,220,29,1,12,3,13
2020,6,23,16,1,SERVICIO NACIONAL DE CALIDAD Y SALUD ANIMAL (SENACSA),Entes autónomos y autárquicos,1523,572,55,2,0,11,42
2020,6,23,17,1,INSTITUTO PARAGUAYO DE ARTESANIA (IPA),Entes autónomos y autárquicos,80,52,3,0,0,0,3
2020,6,23,18,1,SERVICIO NACIONAL DE CALIDAD Y SANIDAD VEGETAL Y DE SEMILLA (SENAVE),Entes autónomos y autárquicos,600,232,16,3,1,7,5
2020,6,23,19,1,DIRECCION NACIONAL DE CONTRATACIONES PUBLICAS (DNCP),Entes autónomos y autárquicos,229,130,9,1,2,2,4
2020,6,23,20,1,INSTITUTO FORESTAL NACIONAL (INFONA),Entes autónomos y autárquicos,436,130,9,1,0,5,3
2020,6,23,21,1,SECRETARIA DEL AMBIENTE (SEAM),Entes autónomos y autárquicos,384,148,8,0,0,1,7
2020,6,23,22,1,INSTITUTO PARAGUAYO DE TECNOLOGIA AGRARIA (IPTA),Entes autónomos y autárquicos,553,179,22,1,3,4,14
2020,6,23,24,1,DIRECCION NACIONAL DE CORREOS DEL PARAGUAY (DINACOPA),Entes autónomos y autárquicos,958,489,34,0,0,15,19
2020,6,23,25,1,DIRECCION NACIONAL DE PROPIEDAD INTELECTUAL (DINAPI),Entes autónomos y autárquicos,116,48,5,0,0,1,4
2020,6,23,26,1,SECRETARIA DE DEFENSA DEL CONSUMIDOR Y EL USUARIO (SEDECO),Entes autónomos y autárquicos,27,9,2,0,0,0,2
2020,6,23,27,1,COMISION NACIONAL DE LA COMPETENCIA (CONACOM),Entes autónomos y autárquicos,23,8,0,0,0,0,0
2020,6,23,28,1,AGENCIA NACIONAL DE TRANSITO Y SEGURIDAD VIAL (ANTSV),Entes autónomos y autárquicos,31,18,1,0,1,0,0
2020,6,23,29,1,CONSEJO NACIONAL DE EDUCACION SUPERIOR (CONES),Entes autónomos y autárquicos,35,21,1,0,0,0,1
2020,6,23,30,1,AGENCIA NACIONAL DE EVALUACION Y ACREDITACION DE LA EDUCACION SUPERIOR (ANEAES),Entes autónomos y autárquicos,24,13,1,0,0,0,1
2020,6,23,31,1,AUTORIDAD REGULADORA RADIOLOGICA Y NUCLEAR (ARRN),Entes autónomos y autárquicos,28,8,0,0,0,0,0
2020,6,23,32,1,SECRETARIA NACIONAL DE INTELIGENCIA (SNI),Entes autónomos y autárquicos,11,3,0,0,0,0,0
2020,6,23,33,1,INSTITUTO SUPERIOR DE BELLAS ARTES,Entes autónomos y autárquicos,153,81,0,0,0,0,0
2020,6,23,34,1,INSTITUTO NACIONAL DE EDUCACIÓN SUPERIOR,Entes autónomos y autárquicos,201,141,0,0,0,0,0
2020,6,24,1,1,INSTITUTO DE PREVISION SOCIAL (IPS),Salud,19382,12388,149,22,36,29,62
2020,6,24,2,1,CAJA DE SEGURIDAD SOCIAL DE EMPLEADOS Y OBREROS FERROVIARIOS,Otros organismos,13,3,0,0,0,0,0
2020,6,24,3,1,CAJA DE JUBILACIONES Y PENSIONES DEL PERSONAL DE LA ANDE,Otros organismos,49,19,2,0,0,1,1
2020,6,24,4,1,CAJA DE JUBILACIONES Y PENSIONES DE EMPLEADOS DE BANCOS Y AFINES,Otros organismos,142,57,1,0,1,0,0
2020,6,24,5,1,CAJA DE JUBILACIONES Y PENSIONES DEL PERSONAL MUNICIPAL (CJPPM),Otros organismos,211,91,3,0,0,2,1
2020,6,25,2,1,ADMINISTRACION NACIONAL DE ELECTRICIDAD (ANDE),Empresas públicas,4780,1002,154,32,53,15,54
2020,6,25,4,1,ADMINISTRACION NACIONAL DE NAVEGACION Y PUERTOS (ANNP),Empresas públicas,1473,362,14,0,0,2,12
2020,6,25,5,1,DIRECCION NACIONAL DE AERONAUTICA CIVIL (DINAC),Empresas públicas,2126,742,33,0,1,8,24
2020,6,25,6,1,PETROLEOS PARAGUAYOS (PETROPAR),Empresas públicas,885,148,27,0,0,4,23
2020,6,25,7,1,INDUSTRIA NACIONAL DEL CEMENTO (INC),Empresas públicas,1052,193,16,0,1,2,13
2020,6,27,1,1,BANCO NACIONAL DE FOMENTO (BNF),Otros organismos,1367,463,18,0,0,7,11
2020,6,27,3,1,CREDITO AGRICOLA DE HABILITACION (CAH),Otros organismos,455,152,18,0,1,2,15
2020,6,27,4,1,FONDO GANADERO (FG),Otros organismos,123,43,4,1,1,1,1
2020,6,27,5,1,CAJA DE PRESTAMOS DEL MINISTERIO DE DEFENSA NACIONAL (CPMDN),Otros organismos,4,4,0,0,0,0,0
2020,6,27,7,1,AGENCIA FINANCIERA DE DESARROLLO (AFD),Otros organismos,79,37,2,0,0,1,1
2020,6,28,1,1,UNA RECTORADO (RECTORADO UNA),Educación,695,348,5,0,0,2,3
2020,6,28,1,2,FACULTAD DE ENFERMERIA Y OBSTETRICIA,Educación,614,446,0,0,0,0,0
2020,6,28,1,3,COLEGIO EXPERIMENTAL PARAGUAY-BRASIL (CEPB),Educación,178,127,0,0,0,0,0
2020,6,28,1,4,FACULTAD DE CIENCIAS AGRARIAS (FCA-UNA),Educación,916,400,16,0,0,4,12
2020,6,28,1,5,UNA FACULTAD CIENCIAS EXACTAS Y NATURALES (FACEN),Educación,643,328,0,0,0,0,0
2020,6,28,1,6,"UNA FACULTAD DE ARQUITECTURA, DISENO Y ARTE",Educación,790,386,1,0,0,0,1
2020,6,28,1,7,FACULTAD DE CIENCIAS ECONOMICAS (FCE),Educación,1491,670,4,0,1,2,1
2020,6,28,1,8,FACULTAD DE CIENCIAS MEDICAS (FCM),Educación,5328,3392,4,0,0,1,3
2020,6,28,1,9,FACULTAD DE CIENCIAS QUIMICAS (FCQ),Educación,425,265,0,0,0,0,0
2020,6,28,1,10,FACULTAD DE DERECHO Y CIENCIAS SOCIALES (FDCS),Educación,1012,367,1,0,0,0,1
2020,6,28,1,11,FACULTAD DE FILOSOFIA (FIL),Educación,969,575,0,0,0,0,0
2020,6,28,1,12,FACULTAD DE INGENIERIA (FIUNA),Educación,1081,334,0,0,0,0,0
2020,6,28,1,13,FACULTAD DE ODONTOLOGIA (FO),Educación,397,265,0,0,0,0,0
2020,6,28,1,14,FACULTAD DE POLITECNICA (FPUNA),Educación,1109,483,4,0,0,2,2
2020,6,28,1,15,FACULTAD DE CIENCIAS VETERINARIAS (FCV),Educación,851,392,0,0,0,0,0
2020,6,28,1,16,INSTITUTO DE INVESTIGACIONES EN CIENCIAS DE LA SALUD (IICS),Educación,153,113,0,0,0,0,0
2020,6,28,1,17,FACULTAD DE CIENCIAS SOCIALES,Educación,111,67,1,0,0,1,0
2020,6,28,2,1,UNIVERSIDAD NACIONAL DEL ESTE (UNE),Educación,1639,852,4,1,1,0,2
2020,6,28,3,1,UNIVERSIDAD NACIONAL DE PILAR (UNP),Educación,712,386,1,0,0,0,1
2020,6,28,4,1,UNIVERSIDAD NACIONAL DE ITAPUA (UNI),Educación,1093,620,15,0,0,4,11
2020,6,28,5,1,UNIVERSIDAD NACIONAL DE CONCEPCION (UNC),Educación,666,322,4,0,0,3,1
2020,6,28,6,1,UNIVERSIDAD NACIONAL DE VILLARRICA DEL ESPIRITU SANTO (UNVES),Educación,1445,820,2,0,1,1,0
2020,6,28,7,1,UNIVERSIDAD NACIONAL DE CAAGUAZU (UNCAA),Educación,1069,513,26,0,0,14,12
2020,6,28,8,1,UNIVERSIDAD NACIONAL DE CANINDEYU (UNCAN),Educación,95,46,4,0,0,2,2
2020,6,30,1,3,MUNICIPALIDAD DE  BELEN,Municipalidades,54,20,1,0,0,0,1
2020,6,30,1,4,MUNICIPALIDAD DE HORQUETA,Municipalidades,62,11,0,0,0,0,0
2020,6,30,1,5,MUNICIPALIDAD DE LORETO,Municipalidades,41,11,1,0,0,0,1
2020,6,30,1,6,MUNICIPALIDAD DE SAN LAZARO,Municipalidades,41,19,0,0,0,0,0
2020,6,30,1,7,MUNICIPALIDAD DE YBYYAU,Municipalidades,20,5,0,0,0,0,0
2020,6,30,1,238,MUNICIPALIDAD DE AZOTEY,Municipalidades,31,5,0,0,0,0,0
2020,6,30,1,241,MUNICIPALIDAD DE SARGENTO JOSE FELIX LOPEZ,Municipalidades,22,4,0,0,0,0,0
2020,6,30,1,249,MUNICIPALIDAD DE SAN ALFREDO,Municipalidades,24,8,0,0,0,0,0
2020,6,30,1,524,MUNICIPALIDAD DE ARROYITO,Municipalidades,18,3,0,0,0,0,0
2020,6,30,2,8,MUNICIPALIDAD DE SAN PEDRO DEL YCUAMANDIYU,Municipalidades,88,23,1,0,1,0,0
2020,6,30,2,11,MUNICIPALIDAD DE GRAL.ELIZARDO AQUINO,Municipalidades,36,12,0,0,0,0,0
2020,6,30,2,12,MUNICIPALIDAD DE ITACURUBI  DEL ROSARIO,Municipalidades,33,9,2,0,2,0,0
2020,6,30,2,13,MUNICIPALIDAD DE LIMA,Municipalidades,28,6,1,0,1,0,0
2020,6,30,2,14,MUNICIPALIDAD DE NUEVA GERMANIA,Municipalidades,27,8,0,0,0,0,0
2020,6,30,2,15,MUNICIPALIDAD DE SAN ESTANISLAO,Municipalidades,83,31,3,1,2,0,0
2020,6,30,2,16,MUNICIPALIDAD DE YRYBUCUA,Municipalidades,29,6,0,0,0,0,0
2020,6,30,2,17,MUNICIPALIDAD DE SAN PABLO,Municipalidades,26,9,0,0,0,0,0
2020,6,30,2,18,MUNICIPALIDAD DE TACUATI,Municipalidades,39,13,0,0,0,0,0
2020,6,30,2,19,MUNICIPALIDAD DE UNION,Municipalidades,49,10,1,0,1,0,0
2020,6,30,2,20,MUNICIPALIDAD DE 25 DE DICIEMBRE,Municipalidades,35,13,1,0,1,0,0
2020,6,30,2,22,MUNICIPALIDAD DE GRAL. F. RESQUIN,Municipalidades,47,14,0,0,0,0,0
2020,6,30,2,23,MUNICIPALIDAD DE YATAITY DEL NORTE,Municipalidades,44,5,0,0,0,0,0
2020,6,30,2,24,MUNICIPALIDAD DE GUAJAYVI,Municipalidades,39,14,4,0,3,0,1
2020,6,30,2,25,MUNICIPALIDAD DE CAPIIBARY,Municipalidades,70,21,0,0,0,0,0
2020,6,30,2,26,MUNICIPALIDAD DE SANTA ROSA DEL AGUARAY,Municipalidades,67,18,0,0,0,0,0
2020,6,30,2,239,MUNICIPALIDAD DE LIBERACION,Municipalidades,43,13,0,0,0,0,0
2020,6,30,2,253,MUNICIPALIDAD DE SAN VICENTE PANCHOLO,Municipalidades,17,4,0,0,0,0,0
2020,6,30,3,27,MUNICIPALIDAD DE CAACUPE,Municipalidades,254,105,4,1,3,0,0
2020,6,30,3,28,MUNICIPALIDAD DE ALTOS,Municipalidades,33,14,1,1,0,0,0
2020,6,30,3,29,MUNICIPALIDAD DE ARROYOS Y ESTEROS,Municipalidades,63,24,0,0,0,0,0
2020,6,30,3,30,MUNICIPALIDAD DE ATYRA,Municipalidades,51,13,2,0,2,0,0
2020,6,30,3,31,MUNICIPALIDAD DE CARAGUATAY,Municipalidades,35,13,1,1,0,0,0
2020,6,30,3,32,MUNICIPALIDAD DE EMBOSCADA,Municipalidades,40,16,0,0,0,0,0
2020,6,30,3,33,MUNICIPALIDAD DE EUSEBIO AYALA,Municipalidades,82,21,2,0,2,0,0
2020,6,30,3,34,MUNICIPALIDAD DE ISLA PUCU,Municipalidades,40,14,0,0,0,0,0
2020,6,30,3,35,MUNICIPALIDAD DE ITACURUBI DE LA CORDILLERA,Municipalidades,46,13,1,1,0,0,0
2020,6,30,3,36,MUNICIPALIDAD DE JUAN DE MENA,Municipalidades,18,6,0,0,0,0,0
2020,6,30,3,37,MUNICIPALIDAD DE LOMA GRANDE,Municipalidades,36,14,1,0,1,0,0
2020,6,30,3,39,MUNICIPALIDAD DE NUEVA COLOMBIA,Municipalidades,33,17,0,0,0,0,0
2020,6,30,3,41,MUNICIPALIDAD DE PRIMERO DE MARZO,Municipalidades,24,4,0,0,0,0,0
2020,6,30,3,42,MUNICIPALIDAD DE SAN BERNARDINO,Municipalidades,175,64,2,0,2,0,0
2020,6,30,3,43,MUNICIPALIDAD DE SANTA ELENA,Municipalidades,43,17,0,0,0,0,0
2020,6,30,3,44,MUNICIPALIDAD DE TOBATI,Municipalidades,98,27,1,0,1,0,0
2020,6,30,3,45,MUNICIPALIDAD DE VALENZUELA,Municipalidades,23,12,1,0,0,0,1
2020,6,30,3,46,MUNICIPALIDAD DE SAN JOSE OBRERO,Municipalidades,21,8,1,0,0,0,1
2020,6,30,4,47,MUNICIPALIDAD DE VILLARRICA DEL ESPIRITU SANTO,Municipalidades,256,91,2,0,2,0,0
2020,6,30,4,48,MUNICIPALIDAD DE BORJA,Municipalidades,25,8,0,0,0,0,0
2020,6,30,4,49,MUNICIPALIDAD DE CAPITAN MAURICIO JOSE TROCHE,Municipalidades,35,11,0,0,0,0,0
2020,6,30,4,50,MUNICIPALIDAD DE CORONEL MARTINEZ,Municipalidades,42,13,0,0,0,0,0
2020,6,30,4,51,MUNICIPALIDAD DE FELIX PEREZ CARDOZO,Municipalidades,31,7,0,0,0,0,0
2020,6,30,4,53,MUNICIPALIDAD DE INDEPENDENCIA,Municipalidades,40,8,0,0,0,0,0
2020,6,30,4,54,MUNICIPALIDAD DE ITAPE,Municipalidades,39,14,0,0,0,0,0
2020,6,30,4,55,MUNICIPALIDAD DE ITURBE,Municipalidades,48,13,0,0,0,0,0
2020,6,30,4,56,MUNICIPALIDAD DE JOSE A. FASSARDI,Municipalidades,25,7,0,0,0,0,0
2020,6,30,4,57,MUNICIPALIDAD DE MBOCAYATY DEL GUAIRA,Municipalidades,27,6,0,0,0,0,0
2020,6,30,4,58,MUNICIPALIDAD DE NATALICIO TALAVERA,Municipalidades,33,10,1,0,1,0,0
2020,6,30,4,59,MUNICIPALIDAD DE ÑUMI,Municipalidades,27,7,0,0,0,0,0
2020,6,30,4,60,MUNICIPALIDAD DE SAN SALVADOR,Municipalidades,26,12,0,0,0,0,0
2020,6,30,4,61,MUNICIPALIDAD DE YATAITY DEL GUAIRA,Municipalidades,25,11,0,0,0,0,0
2020,6,30,4,62,MUNICIPALIDAD DE DR. BOTRELL,Municipalidades,32,15,0,0,0,0,0
2020,6,30,4,63,MUNICIPALIDAD DE PASO YOBAI,Municipalidades,27,5,0,0,0,0,0
2020,6,30,4,234,MUNICIPALIDAD DE TEBICUARY,Municipalidades,39,11,2,0,2,0,0
2020,6,30,5,64,MUNICIPALIDAD DE CORONEL OVIEDO,Municipalidades,318,114,10,2,4,1,3
2020,6,30,5,65,MUNICIPALIDAD DE CAAGUAZU,Municipalidades,214,62,1,1,0,0,0
2020,6,30,5,66,MUNICIPALIDAD DE CARAYAO,Municipalidades,31,6,0,0,0,0,0
2020,6,30,5,67,MUNICIPALIDAD DE DR. CECILIO BAEZ,Municipalidades,28,8,0,0,0,0,0
2020,6,30,5,68,MUNICIPALIDAD DE SANTA.ROSA DEL MBUTUY,Municipalidades,34,14,2,1,1,0,0
2020,6,30,5,69,MUNICIPALIDAD DE DR. JUAN MANUEL FRUTOS,Municipalidades,26,12,1,0,0,0,1
2020,6,30,5,70,MUNICIPALIDAD DE REPATRIACION,Municipalidades,52,17,0,0,0,0,0
2020,6,30,5,71,MUNICIPALIDAD DE NUEVA LONDRES,Municipalidades,23,10,0,0,0,0,0
2020,6,30,5,72,MUNICIPALIDAD DE SAN JOAQUIN,Municipalidades,34,6,0,0,0,0,0
2020,6,30,5,73,MUNICIPALIDAD DE SAN JOSE DE LOS ARROYOS,Municipalidades,56,14,2,1,1,0,0
2020,6,30,5,74,MUNICIPALIDAD DE YHU,Municipalidades,57,23,0,0,0,0,0
2020,6,30,5,75,MUNICIPALIDAD DE DR. J. EULOGIO ESTIGARRIBIA,Municipalidades,138,46,0,0,0,0,0
2020,6,30,5,76,MUNICIPALIDAD DE R.I. 3 CORRALES,Municipalidades,31,6,0,0,0,0,0
2020,6,30,5,77,MUNICIPALIDAD DE RAUL ARSENIO OVIEDO,Municipalidades,39,11,0,0,0,0,0
2020,6,30,5,78,MUNICIPALIDAD DE JOSE DOMINGO OCAMPOS,Municipalidades,55,17,0,0,0,0,0
2020,6,30,5,79,MUNICIPALIDAD DE MARISCAL FRANCISCO SOLANO LOPEZ,Municipalidades,29,5,0,0,0,0,0
2020,6,30,5,81,MUNICIPALIDAD DE 3 DE FEBRERO,Municipalidades,38,9,1,0,0,1,0
2020,6,30,5,82,MUNICIPALIDAD DE SIMON BOLIVAR,Municipalidades,36,10,1,0,1,0,0
2020,6,30,5,83,MUNICIPALIDAD DE VAQUERIA,Municipalidades,29,11,0,0,0,0,0
2020,6,30,5,233,MUNICIPALIDAD DE TEMBIAPORA,Municipalidades,38,11,1,1,0,0,0
2020,6,30,5,243,MUNICIPALIDAD DE NUEVA TOLEDO,Municipalidades,24,8,0,0,0,0,0
2020,6,30,6,84,MUNICIPALIDAD DE CAAZAPA,Municipalidades,83,23,1,0,0,0,1
2020,6,30,6,85,MUNICIPALIDAD DE ABAI,Municipalidades,51,17,0,0,0,0,0
2020,6,30,6,86,MUNICIPALIDAD DE BUENA VISTA,Municipalidades,32,7,0,0,0,0,0
2020,6,30,6,87,MUNICIPALIDAD DE DR. MOISES BERTONI,Municipalidades,20,6,0,0,0,0,0
2020,6,30,6,88,MUNICIPALIDAD DE GRAL.MORINIGO,Municipalidades,30,7,2,0,2,0,0
2020,6,30,6,89,MUNICIPALIDAD DE MACIEL,Municipalidades,28,9,0,0,0,0,0
2020,6,30,6,90,MUNICIPALIDAD DE SAN JUAN NEPOMUCENO,Municipalidades,83,36,0,0,0,0,0
2020,6,30,6,91,MUNICIPALIDAD DE TAVAI,Municipalidades,31,7,0,0,0,0,0
2020,6,30,6,92,MUNICIPALIDAD DE FULGENCIO YEGROS,Municipalidades,45,12,1,0,1,0,0
2020,6,30,6,93,MUNICIPALIDAD DE YUTY,Municipalidades,89,30,0,0,0,0,0
2020,6,30,6,245,MUNICIPALIDAD DE 3 DE MAYO,Municipalidades,18,4,0,0,0,0,0
2020,6,30,7,94,MUNICIPALIDAD DE ENCARNACION,Municipalidades,1440,515,11,1,9,0,1
2020,6,30,7,95,MUNICIPALIDAD DE BELLA VISTA,Municipalidades,82,29,2,1,1,0,0
2020,6,30,7,96,MUNICIPALIDAD DE CAMBYRETA,Municipalidades,160,53,3,1,2,0,0
2020,6,30,7,97,MUNICIPALIDAD DE CAPITAN MEZA,Municipalidades,64,21,3,0,2,0,1
2020,6,30,7,98,MUNICIPALIDAD DE CAPITAN MIRANDA,Municipalidades,61,21,2,0,2,0,0
2020,6,30,7,99,MUNICIPALIDAD DE NUEVA ALBORADA,Municipalidades,33,14,0,0,0,0,0
2020,6,30,7,100,MUNICIPALIDAD DE CARMEN DEL PARANA,Municipalidades,76,25,0,0,0,0,0
2020,6,30,7,101,MUNICIPALIDAD DE CORONEL BOGADO,Municipalidades,96,23,0,0,0,0,0
2020,6,30,7,102,MUNICIPALIDAD DE CARLOS ANTONIO LOPEZ,Municipalidades,62,9,5,0,4,0,1
2020,6,30,7,103,MUNICIPALIDAD DE NATALIO,Municipalidades,66,18,0,0,0,0,0
2020,6,30,7,104,MUNICIPALIDAD DE FRAM,Municipalidades,56,21,0,0,0,0,0
2020,6,30,7,105,MUNICIPALIDAD DE GENERAL ARTIGAS,Municipalidades,65,18,4,0,3,0,1
2020,6,30,7,106,MUNICIPALIDAD DE GENERAL DELGADO,Municipalidades,37,10,0,0,0,0,0
2020,6,30,7,107,MUNICIPALIDAD DE HOHENAU,Municipalidades,102,32,0,0,0,0,0
2020,6,30,7,109,MUNICIPALIDAD DE JOSE LEANDRO OVIEDO,Municipalidades,39,17,1,0,1,0,0
2020,6,30,7,110,MUNICIPALIDAD DE OBLIGADO,Municipalidades,130,44,1,0,1,0,0
2020,6,30,7,111,MUNICIPALIDAD DE MAYOR OTAÑO,Municipalidades,52,15,2,0,2,0,0
2020,6,30,7,113,MUNICIPALIDAD DE SAN PEDRO DEL PARANA,Municipalidades,85,29,1,1,0,0,0
2020,6,30,7,114,MUNICIPALIDAD DE SAN RAFAEL DEL PARANA,Municipalidades,88,17,1,0,1,0,0
2020,6,30,7,115,MUNICIPALIDAD DE TRINIDAD,Municipalidades,52,18,0,0,0,0,0
2020,6,30,7,116,MUNICIPALIDAD DE EDELIRA,Municipalidades,59,26,2,2,0,0,0
2020,6,30,7,117,MUNICIPALIDAD DE TOMAS ROMERO PEREIRA,Municipalidades,85,25,1,0,1,0,0
2020,6,30,7,118,MUNICIPALIDAD DE ALTO VERA,Municipalidades,48,9,0,0,0,0,0
2020,6,30,7,119,MUNICIPALIDAD DE LA PAZ,Municipalidades,25,12,0,0,0,0,0
2020,6,30,7,120,MUNICIPALIDAD DE YATYTAY,Municipalidades,61,17,4,0,4,0,0
2020,6,30,7,121,MUNICIPALIDAD DE SAN JUAN DEL PARANA,Municipalidades,94,23,3,0,2,0,1
2020,6,30,7,122,MUNICIPALIDAD DE PIRAPO,Municipalidades,66,25,3,1,2,0,0
2020,6,30,7,123,MUNICIPALIDAD DE ITAPUA POTY,Municipalidades,51,12,1,0,1,0,0
2020,6,30,8,124,MUNICIPALIDAD DE SAN JUAN BAUSTISTA DE LAS MISIONES,Municipalidades,110,30,0,0,0,0,0
2020,6,30,8,125,MUNICIPALIDAD DE AYOLAS,Municipalidades,161,60,2,0,2,0,0
2020,6,30,8,126,MUNICIPALIDAD DE SAN IGNACIO GUAZU,Municipalidades,149,45,3,0,2,1,0
2020,6,30,8,127,MUNICIPALIDAD DE SAN MIGUEL MISIONES,Municipalidades,59,19,1,0,0,0,1
2020,6,30,8,129,MUNICIPALIDAD DE SANTA MARIA,Municipalidades,46,21,0,0,0,0,0
2020,6,30,8,131,MUNICIPALIDAD DE SANTIAGO,Municipalidades,61,28,0,0,0,0,0
2020,6,30,8,132,MUNICIPALIDAD DE VILLA FLORIDA,Municipalidades,51,14,0,0,0,0,0
2020,6,30,8,133,MUNICIPALIDAD DE YABEBYRY,Municipalidades,35,12,0,0,0,0,0
2020,6,30,9,134,MUNICIPALIDAD DE PARAGUARI,Municipalidades,123,45,0,0,0,0,0
2020,6,30,9,135,MUNICIPALIDAD DE ACAHAY,Municipalidades,66,30,1,1,0,0,0
2020,6,30,9,136,MUNICIPALIDAD DE CAAPUCU,Municipalidades,79,30,1,0,1,0,0
2020,6,30,9,137,MUNICIPALIDAD DE GENERAL CABALLERO,Municipalidades,45,14,1,0,0,0,1
2020,6,30,9,138,MUNICIPALIDAD DE CARAPEGUA,Municipalidades,117,33,2,0,0,0,2
2020,6,30,9,139,MUNICIPALIDAD DE ESCOBAR,Municipalidades,48,19,0,0,0,0,0
2020,6,30,9,140,MUNICIPALIDAD DE LA COLMENA,Municipalidades,46,15,1,1,0,0,0
2020,6,30,9,141,MUNICIPALIDAD DE MBUYAPEY,Municipalidades,46,15,2,0,1,1,0
2020,6,30,9,142,MUNICIPALIDAD DE PIRAYU,Municipalidades,65,25,1,0,1,0,0
2020,6,30,9,143,MUNICIPALIDAD DE QUIINDY,Municipalidades,71,24,1,1,0,0,0
2020,6,30,9,144,MUNICIPALIDAD DE QUYQUYHO,Municipalidades,32,13,0,0,0,0,0
2020,6,30,9,145,MUNICIPALIDAD DE SAN ROQUE GONZALEZ DE SANTA CRUZ,Municipalidades,27,9,1,0,1,0,0
2020,6,30,9,146,MUNICIPALIDAD DE SAPUCAI,Municipalidades,30,13,1,0,1,0,0
2020,6,30,9,148,MUNICIPALIDAD DE YAGUARON,Municipalidades,88,22,0,0,0,0,0
2020,6,30,9,149,MUNICIPALIDAD DE YBYCUI,Municipalidades,51,22,1,0,1,0,0
2020,6,30,9,150,MUNICIPALIDAD DE YBYTYMI,Municipalidades,26,9,0,0,0,0,0
2020,6,30,10,151,MUNICIPALIDAD DE CIUDAD DEL ESTE,Municipalidades,2374,1082,6,2,3,0,1
2020,6,30,10,152,MUNICIPALIDAD DE PRESIDENTE FRANCO,Municipalidades,375,111,3,0,3,0,0
2020,6,30,10,153,MUNICIPALIDAD DE DOMINGO MARTINEZ DE IRALA,Municipalidades,64,17,2,0,2,0,0
2020,6,30,10,154,MUNICIPALIDAD DE JUAN LEON MALLORQUIN,Municipalidades,52,22,1,1,0,0,0
2020,6,30,10,155,MUNICIPALIDAD DE HERNANDARIAS,Municipalidades,499,198,10,2,7,0,1
2020,6,30,10,156,MUNICIPALIDAD DE SANTA FE DEL PARANA,Municipalidades,39,15,2,0,2,0,0
2020,6,30,10,157,MUNICIPALIDAD DE ITAKYRY,Municipalidades,83,17,1,0,1,0,0
2020,6,30,10,158,MUNICIPALIDAD DE JUAN E. O'LEARY,Municipalidades,55,17,1,0,1,0,0
2020,6,30,10,159,MUNICIPALIDAD DE ÑACUNDAY,Municipalidades,37,10,1,0,0,0,1
2020,6,30,10,160,MUNICIPALIDAD DE YGUAZU,Municipalidades,55,9,4,0,3,0,1
2020,6,30,10,161,MUNICIPALIDAD DE LOS CEDRALES,Municipalidades,72,21,0,0,0,0,0
2020,6,30,10,162,MUNICIPALIDAD DE MINGA GUAZU,Municipalidades,184,47,9,0,8,0,1
2020,6,30,10,163,MUNICIPALIDAD DE SAN CRISTOBAL,Municipalidades,44,14,1,1,0,0,0
2020,6,30,10,164,MUNICIPALIDAD DE SANTA RITA,Municipalidades,156,46,6,0,4,1,1
2020,6,30,10,165,MUNICIPALIDAD DE NARANJAL,Municipalidades,48,15,1,0,1,0,0
2020,6,30,10,166,MUNICIPALIDAD DE STA. ROSA DEL MONDAY,Municipalidades,53,16,1,0,1,0,0
2020,6,30,10,167,MUNICIPALIDAD DE MINGA PORA,Municipalidades,73,28,3,0,3,0,0
2020,6,30,10,168,MUNICIPALIDAD DE MBARACAYU,Municipalidades,52,17,0,0,0,0,0
2020,6,30,10,169,MUNICIPALIDAD DE SAN ALBERTO,Municipalidades,82,17,1,0,1,0,0
2020,6,30,10,170,MUNICIPALIDAD DE IRUÑA,Municipalidades,41,13,1,1,0,0,0
2020,6,30,10,240,MUNICIPALIDAD DE TAVAPY,Municipalidades,39,11,2,0,2,0,0
2020,6,30,10,246,MUNICIPALIDAD DE DR. RAUL PENA,Municipalidades,28,7,1,0,1,0,0
2020,6,30,11,171,MUNICIPALIDAD DE AREGUA,Municipalidades,209,81,4,2,1,1,0
2020,6,30,11,172,MUNICIPALIDAD DE CAPIATA,Municipalidades,784,336,4,0,4,0,0
2020,6,30,11,173,MUNICIPALIDAD DE FERNANDO DE LA MORA,Municipalidades,1042,444,11,3,5,0,3
2020,6,30,11,174,MUNICIPALIDAD DE GUARAMBARE,Municipalidades,114,47,1,0,1,0,0
2020,6,30,11,175,MUNICIPALIDAD DE ITA,Municipalidades,130,49,3,1,2,0,0
2020,6,30,11,176,MUNICIPALIDAD DE ITAUGUA,Municipalidades,275,109,4,0,4,0,0
2020,6,30,11,177,MUNICIPALIDAD DE LAMBARE,Municipalidades,461,175,10,2,6,0,2
2020,6,30,11,178,MUNICIPALIDAD DE LIMPIO,Municipalidades,185,83,0,0,0,0,0
2020,6,30,11,179,MUNICIPALIDAD DE LUQUE,Municipalidades,661,246,13,3,6,1,3
2020,6,30,11,180,MUNICIPALIDAD DE MARIANO ROQUE ALONSO,Municipalidades,477,258,2,0,0,0,2
2020,6,30,11,181,MUNICIPALIDAD DE NUEVA ITALIA,Municipalidades,55,23,0,0,0,0,0
2020,6,30,11,182,MUNICIPALIDAD DE ÑEMBY,Municipalidades,152,47,1,0,0,0,1
2020,6,30,11,183,MUNICIPALIDAD DE SAN ANTONIO,Municipalidades,120,42,3,0,3,0,0
2020,6,30,11,184,MUNICIPALIDAD DE SAN LORENZO,Municipalidades,1320,529,15,4,8,1,2
2020,6,30,11,185,MUNICIPALIDAD DE VILLA ELISA,Municipalidades,327,139,2,0,0,0,2
2020,6,30,11,186,MUNICIPALIDAD DE VILLETA,Municipalidades,173,79,4,1,3,0,0
2020,6,30,11,187,MUNICIPALIDAD DE YPACARAI,Municipalidades,122,32,0,0,0,0,0
2020,6,30,11,188,MUNICIPALIDAD DE YPANE,Municipalidades,60,24,2,0,2,0,0
2020,6,30,11,189,MUNICIPALIDAD DE J. AUGUSTO SALDIVAR,Municipalidades,80,31,0,0,0,0,0
2020,6,30,12,191,MUNICIPALIDAD DE ALBERDI,Municipalidades,34,11,0,0,0,0,0
2020,6,30,12,192,MUNICIPALIDAD DE CERRITO,Municipalidades,84,34,0,0,0,0,0
2020,6,30,12,193,MUNICIPALIDAD DE DESMOCHADOS,Municipalidades,26,12,0,0,0,0,0
2020,6,30,12,194,MUNICIPALIDAD DE GENERAL JOSE EDUVIGIS DIAZ,Municipalidades,52,13,3,1,1,0,1
2020,6,30,12,196,MUNICIPALIDAD DE HUMAITA,Municipalidades,39,12,0,0,0,0,0
2020,6,30,12,197,MUNICIPALIDAD DE ISLA UMBU,Municipalidades,33,12,0,0,0,0,0
2020,6,30,12,199,MUNICIPALIDAD DE MAYOR JOSE D. MARTINEZ,Municipalidades,32,14,0,0,0,0,0
2020,6,30,12,200,MUNICIPALIDAD DE PASO DE PATRIA,Municipalidades,24,11,0,0,0,0,0
2020,6,30,12,201,MUNICIPALIDAD DE SAN JUAN BAUTISTA DE ÑEEMBUCU,Municipalidades,45,11,0,0,0,0,0
2020,6,30,12,205,MUNICIPALIDAD DE VILLALBIN,Municipalidades,63,21,0,0,0,0,0
2020,6,30,13,206,MUNICIPALIDAD DE PEDRO J. CABALLERO,Municipalidades,433,132,2,0,1,0,1
2020,6,30,13,207,MUNICIPALIDAD DE BELLA VISTA - NORTE,Municipalidades,43,15,0,0,0,0,0
2020,6,30,13,208,MUNICIPALIDAD DE CAPITAN BADO,Municipalidades,94,21,1,0,0,0,1
2020,6,30,13,242,MUNICIPALIDAD DE ZANJA PYTA,Municipalidades,32,9,0,0,0,0,0
2020,6,30,13,250,MUNICIPALIDAD DE KARAPAI,Municipalidades,17,6,0,0,0,0,0
2020,6,30,14,209,MUNICIPALIDAD DE SALTO DEL GUAIRA,Municipalidades,257,82,0,0,0,0,0
2020,6,30,14,210,MUNICIPALIDAD DE CORPUS CHRISTI,Municipalidades,60,11,0,0,0,0,0
2020,6,30,14,211,MUNICIPALIDAD DE VILLA CURUGUATY,Municipalidades,104,31,1,1,0,0,0
2020,6,30,14,212,MUNICIPALIDAD DE YASY CAÑY,Municipalidades,26,8,1,0,1,0,0
2020,6,30,14,213,MUNICIPALIDAD DE VILLA YGATIMI,Municipalidades,33,6,0,0,0,0,0
2020,6,30,14,214,MUNICIPALIDAD DE ITANARA,Municipalidades,36,9,0,0,0,0,0
2020,6,30,14,215,MUNICIPALIDAD DE YPE JHU,Municipalidades,41,10,0,0,0,0,0
2020,6,30,14,216,MUNICIPALIDAD DE GENERAL FRANCISCO CABALLERO ALVAREZ,Municipalidades,69,20,0,0,0,0,0
2020,6,30,14,217,MUNICIPALIDAD DE KATUETE,Municipalidades,96,28,1,0,1,0,0
2020,6,30,14,218,MUNICIPALIDAD DE LA PALOMA,Municipalidades,63,28,0,0,0,0,0
2020,6,30,14,219,MUNICIPALIDAD DE NUEVA ESPERANZA,Municipalidades,86,29,0,0,0,0,0
2020,6,30,14,244,MUNICIPALIDAD DE YVYRAROBANA,Municipalidades,46,16,0,0,0,0,0
2020,6,30,14,247,MUNICIPALIDAD DE YBY PYTA,Municipalidades,32,4,0,0,0,0,0
2020,6,30,14,251,MUNICIPALIDAD DE MARACANA,Municipalidades,27,7,0,0,0,0,0
2020,6,30,14,255,MUNICIPALIDAD DE PUERTO ADELA,Municipalidades,21,6,0,0,0,0,0
2020,6,30,15,220,MUNICIPALIDAD DE BENJAMIN ACEVAL,Municipalidades,85,29,0,0,0,0,0
2020,6,30,15,221,MUNICIPALIDAD DE PUERTO PINASCO,Municipalidades,80,21,2,0,1,0,1
2020,6,30,15,222,MUNICIPALIDAD DE VILLA HAYES,Municipalidades,222,74,9,0,5,0,4
2020,6,30,15,223,MUNICIPALIDAD DE NANAWA,Municipalidades,37,11,2,1,0,0,1
2020,6,30,15,224,MUNICIPALIDAD DE JOSE FALCON,Municipalidades,119,49,0,0,0,0,0
2020,6,30,15,229,MUNICIPALIDAD DE TTE. 1RO. MANUEL IRALA FERNANDEZ,Municipalidades,55,21,1,0,1,0,0
2020,6,30,15,232,MUNICIPALIDAD DE TENIENTE ESTEBAN MARTINEZ,Municipalidades,39,16,0,0,0,0,0
2020,6,30,15,233,MUNICIPALIDAD DE GENERAL JOSE MARIA BRUGUEZ,Municipalidades,49,16,1,0,1,0,0
2020,6,30,16,228,MUNICIPALIDAD DE MARISCAL JOSE FELIX ESTIGARRIBIA,Municipalidades,108,32,0,0,0,0,0
2020,6,30,16,230,MUNICIPALIDAD DE FILADELFIA,Municipalidades,109,30,0,0,0,0,0
2020,6,30,16,231,MUNICIPALIDAD DE LOMA PLATA,Municipalidades,67,21,4,1,2,0,1
2020,6,30,17,226,MUNICIPALIDAD DE LA VICTORIA,Municipalidades,37,12,0,0,0,0,0
2020,6,30,17,227,MUNICIPALIDAD DE BAHIA NEGRA,Municipalidades,28,8,0,0,0,0,0
2020,6,40,1,1,COMPAÑIA PARAGUAYA DE COMUNICACIONES S.A.,SA del Estado,3622,1187,17,0,0,2,15
2020,6,40,2,1,EMPRESA DE SERVICIOS SANITARIOS DEL PARAGUAY S.A. (ESSAP),SA del Estado,2228,519,29,0,0,5,24
2020,6,40,3,1,CAÑAS PARAGUAYAS S.A. (CAPASA),SA del Estado,191,58,0,0,0,0,0
2021,6,11,1,1,CONGRESO NACIONAL (CN),Poder Legislativo,752,313,28,2,10,5,11
2021,6,11,2,1,HONORABLE CAMARA DE SENADORES (HCS),Poder Legislativo,961,398,33,4,15,4,10
2021,6,11,3,1,HONORABLE CAMARA DE DIPUTADOS (HCD),Poder Legislativo,2027,850,31,2,11,5,13
2021,6,12,1,2,PRESIDENCIA DE LA REPUBLICA / GABINETE CIVIL,Servicio civil del Ejecutivo,253,118,2,0,1,0,1
2021,6,12,1,4,PROCURADURIA GENERAL DE LA REPUBLICA (PGR),Servicio civil del Ejecutivo,120,53,4,1,0,0,3
2021,6,12,1,5,SECRETARIA DE ACCION SOCIAL (SAS),Servicio civil del Ejecutivo,1459,804,14,3,3,1,7
2021,6,12,1,6,AUDITORIA GENERAL DEL PODER EJECUTIVO (AGPE),Servicio civil del Ejecutivo,70,33,4,0,0,1,3
2021,6,12,1,7,SECRETARIA TECNICA DE PLANIFICACION DEL DESARROLLO ECONOMICO Y SOCIAL (STP),Servicio civil del Ejecutivo,172,86,8,0,0,4,4
2021,6,12,1,8,SECRETARIA DE LA FUNCION PUBLICA (SFP),Servicio civil del Ejecutivo,79,50,5,1,0,3,1
2021,6,12,1,10,SECRETARIA NACIONAL ANTIDROGAS (SENAD),Servicio civil del Ejecutivo,373,127,12,0,0,6,6
2021,6,12,1,11,CONSEJO DE LA DEFENSA NACIONAL (CODENA),Servicio civil del Ejecutivo,11,1,0,0,0,0,0
2021,6,12,1,12,SECRETARIA DE DESARROLLO PARA REPATRIADOS Y REFUGIADOS CONNACIONALES (SEDEREC),Servicio civil del Ejecutivo,113,60,5,0,0,3,2
2021,6,12,1,13,SECRETARIA NACIONAL DE TURISMO (SENATUR),Servicio civil del Ejecutivo,256,149,8,0,1,4,3
2021,6,12,1,14,SECRETARIA DE PREVENCION DE LAVADO DE DINERO O BIENES (SEPRELAD),Servicio civil del Ejecutivo,75,39,3,0,0,3,0
2021,6,12,1,15,CONSEJO NACIONAL DE CIENCIA Y TECNOLOGIA (CONACYT),Servicio civil del Ejecutivo,119,70,2,0,0,1,1
2021,6,12,1,16,ESCRIBANIA MAYOR DE GOBIERNO (EMG),Servicio civil del Ejecutivo,32,17,0,0,0,0,0
2021,6,12,1,19,SECRETARIA DE EMERGENCIA NACIONAL (SEN),Servicio civil del Ejecutivo,222,68,8,2,5,1,0
2021,6,12,1,20,SECRETARIA NACIONAL DE DEPORTES (SND),Servicio civil del Ejecutivo,109,39,6,1,2,2,1
2021,6,12,1,22,SECRETARIA NACIONAL DE CULTURA (SNC),Servicio civil del Ejecutivo,229,130,7,1,0,4,2
2021,6,12,1,23,GABINETE SOCIAL (GS),Servicio civil del Ejecutivo,31,18,0,0,0,0,0
2021,6,12,1,25,SECRETARIA DE POLITICAS LINGUISTICAS (SPL),Servicio civil del Ejecutivo,38,21,2,0,0,0,2
2021,6,12,1,26,SECRETARIA NACIONAL POR LOS DERECHOS HUMANOS DE LAS PERSONAS CON DISCAPACIDAD (SENADIS),Servicio civil del Ejecutivo,521,303,57,5,8,22,22
2021,6,12,1,28,SECRETARIA NACIONAL DE LA JUVENTUD (SNJ),Servicio civil del Ejecutivo,28,14,1,0,0,0,1
2021,6,12,1,29,SECRETARIA NACIONAL ANTICORRUPCION (SENAC),Servicio civil del Ejecutivo,18,9,1,1,0,0,0
2021,6,12,1,30,ORQUESTA SINFONICA NACIONAL (OSN),Servicio civil del Ejecutivo,82,27,2,1,1,0,0
2021,6,12,1,31,AGENCIA ESPACIAL DEL PARAGUAY(AEP),Servicio civil del Ejecutivo,11,2,0,0,0,0,0
2021,6,12,1,32,SECRETARIA NACIONAL DE ADMINISTRACION DE BIENES INCAUTADOS Y COMISADOS(SENABICO),Servicio civil del Ejecutivo,13,6,0,0,0,0,0
2021,6,12,2,1,VICEPRESIDENCIA DE LA REPUBLICA,Servicio civil del Ejecutivo,80,36,4,0,0,2,2
2021,6,12,3,1,MINISTERIO DEL INTERIOR (MI),Servicio civil del Ejecutivo,270,104,7,0,0,0,7
2021,6,12,3,2,POLICIA NACIONAL (PN),Fuerzas públicas,27402,4778,28,0,0,2,26
2021,6,12,3,3,DIRECCION GENERAL DE MIGRACIONES (DGM),Servicio civil del Ejecutivo,378,177,8,0,0,1,7
2021,6,12,4,1,MINISTERIO DE RELACIONES EXTERIORES (MRE),Servicio civil del Ejecutivo,1225,477,25,0,0,10,15
2021,6,12,5,1,MINISTERIO DE DEFENSA NACIONAL (MDN),Fuerzas públicas,288,140,9,0,0,5,4
2021,6,12,5,2,CENTRO FINANCIERO 1 - COMANDO EN JEFE,Servicio civil del Ejecutivo,289,116,0,0,0,0,0
2021,6,12,5,3,CENTRO FINANCIERO 2 - COMANDO DEL EJERCITO,Servicio civil del Ejecutivo,614,240,1,0,0,0,1
2021,6,12,5,4,CENTRO FINANCIERO 3 - COMANDO DE LA ARMADA,Servicio civil del Ejecutivo,455,137,0,0,0,0,0
2021,6,12,5,5,CENTRO FINANCIERO 4 - COMANDO DE LA FUERZA AEREA,Servicio civil del Ejecutivo,152,72,3,0,0,1,2
2021,6,12,5,6,CENTRO FINANCIERO 5 - COMANDO LOGISTICO,Servicio civil del Ejecutivo,659,325,1,0,0,1,0
2021,6,12,6,1,MINISTERIO DE ECONOMIA Y FINANZAS (MEF),Servicio civil del Ejecutivo,2295,1058,23,2,0,12,9
2021,6,12,7,1,MINISTERIO DE EDUCACION Y CIENCIAS (MEC),Educación,80790,55132,356,0,1,223,132
2021,6,12,7,2,CONSEJO NACIONAL DE EDUCACION Y CULTURA (CONEC),Servicio civil del Ejecutivo,14,5,0,0,0,0,0
2021,6,12,8,1,MINISTERIO DE SALUD PUBLICA Y BIENESTAR SOCIAL (MSPBS),Salud,53554,36138,197,15,16,84,82
2021,6,12,9,1,MINISTERIO DE JUSTICIA (MJ),Servicio civil del Ejecutivo,3602,1278,21,0,0,7,14
2021,6,12,10,1,MINISTERIO DE AGRICULTURA Y GANADERIA (MAG),Servicio civil del Ejecutivo,2672,1052,38,0,3,13,22
2021,6,12,11,1,MINISTERIO DE INDUSTRIA Y COMERCIO (MIC),Servicio civil del Ejecutivo,408,176,4,0,0,1,3
2021,6,12,13,1,MINISTERIO DE OBRAS PUBLICAS Y COMUNICACIONES (MOPC),Servicio civil del Ejecutivo,3748,910,58,2,9,11,36
2021,6,12,14,1,MINISTERIO DE LA MUJER (MM),Servicio civil del Ejecutivo,171,142,2,1,1,0,0
2021,6,12,15,1,"MINISTERIO DEL TRABAJO, EMPLEO Y SEGURIDAD SOCIAL (MTESS)",Servicio civil del Ejecutivo,400,223,19,0,0,6,13
2021,6,12,15,2,SERVICIO NACIONAL DE PROMOCION PROFESIONAL (SNPP),Servicio civil del Ejecutivo,2034,1088,30,2,0,10,18
2021,6,12,15,3,SISTEMA NACIONAL DE FORMACION Y CAPACITACION LABORAL (SINAFOCAL),Servicio civil del Ejecutivo,202,114,11,1,1,1,8
2021,6,12,19,1,"MINISTERIO DE URBANISMO, VIVIENDA Y HABITAT",Servicio civil del Ejecutivo,661,356,16,0,0,9,7
2021,6,12,20,1,MINISTERIO DE LA NIÑEZ Y ADOLESCENCIA,Servicio civil del Ejecutivo,679,470,13,3,1,5,4
2021,6,12,21,1,MINISTERIO DE TECNOLOGIAS DE LA INFORMACION Y COMUNICACION,Servicio civil del Ejecutivo,363,138,6,2,2,0,2
2021,6,13,1,1,CORTE SUPREMA DE JUSTICIA (CSJ),Poder Judicial,13271,7489,71,4,13,23,31
2021,6,13,3,1,MINISTERIO PUBLICO (MP),Poder Judicial,5793,3227,18,1,0,6,11
2021,6,13,4,1,CONSEJO DE LA MAGISTRATURA (CM),Poder Judicial,111,55,0,0,0,0,0
2021,6,13,4,2,ESCUELA JUDICIAL (EJ),Poder Judicial,91,43,2,0,1,0,1
2021,6,13,5,1,JURADO DE ENJUICIAMIENTO DE MAGISTRADOS (JEM),Poder Judicial,261,134,8,3,3,1,1
2021,6,13,6,1,MINISTERIO DE LA DEFENSA PUBLICA (MDP),Poder Judicial,2481,1509,17,1,4,9,3
2021,6,13,7,1,SINDICATURA GENERAL DE QUIEBRAS,Poder Judicial,64,31,0,0,0,0,0
2021,6,14,1,1,CONTRALORIA GENERAL DE LA REPUBLICA (CGR),Otros organismos,975,528,6,0,0,3,3
2021,6,15,1,1,DEFENSORIA DEL PUEBLO (DP),Otros organismos,183,119,3,0,3,0,0
2021,6,15,2,1,MECANISMO NACIONAL DE PREVENCION CONTRA LA TORTURA Y OTROS TRATOS O PENAS CRUELES INHUMANOS O DEGRADANTES (MNP),Otros organismos,22,12,1,0,0,1,0
2021,6,21,1,1,BANCO CENTRAL DEL PARAGUAY (BCP),Otros organismos,718,268,6,0,0,2,4
2021,6,22,1,1,I DEPARTAMENTO: GOBERNACION DE CONCEPCION,Gobiernos departamentales,130,43,4,1,2,0,1
2021,6,22,2,1,II DEPARTAMENTO: GOBERNACION DE SAN PEDRO,Gobiernos departamentales,98,42,3,1,1,1,0
2021,6,22,3,1,III DEPARTAMENTO: GOBERNACION DE CORDILLERA,Gobiernos departamentales,88,36,1,0,0,0,1
2021,6,22,4,1,IV DEPARTAMENTO: GOBERNACION DE GUAIRA,Gobiernos departamentales,198,76,3,0,2,0,1
2021,6,22,5,1,V DEPARTAMENTO: GOBERNACION DE CAAGUAZU,Gobiernos departamentales,152,58,3,0,2,0,1
2021,6,22,6,1,VI DEPARTAMENTO: GOBERNACION DE CAAZAPA,Gobiernos departamentales,106,29,6,1,2,0,3
2021,6,22,7,1,VII DEPARTAMENTO: GOBERNACION DE ITAPUA,Gobiernos departamentales,242,85,5,0,3,0,2
2021,6,22,8,1,VIII DEPARTAMENTO: GOBERNACION DE MISIONES,Gobiernos departamentales,125,39,3,0,1,1,1
2021,6,22,9,1,IX DEPARTAMENTO: GOBERNACION DE PARAGUARI,Gobiernos departamentales,172,57,0,0,0,0,0
2021,6,22,10,1,X DEPARTAMENTO: GOBERNACION DE ALTO PARANA,Gobiernos departamentales,223,69,15,4,11,0,0
2021,6,22,11,1,XI DEPARTAMENTO: GOBERNACION CENTRAL,Gobiernos departamentales,144,70,9,1,0,4,4
2021,6,22,12,1,XII DEPARTAMENTO: GOBERNACION DE ÑEEMBUCU,Gobiernos departamentales,112,43,1,0,0,0,1
2021,6,22,13,1,XIII DEPARTAMENTO: GOBERNACION DE AMAMBAY,Gobiernos departamentales,140,62,5,2,3,0,0
2021,6,22,14,1,XIV DEPARTAMENTO: GOBERNACION DE CANINDEYU,Gobiernos departamentales,78,23,2,0,2,0,0
2021,6,22,15,1,XV DEPARTAMENTO: GOBERNACION DE PRESIDENTE HAYES,Gobiernos departamentales,129,32,4,0,1,1,2
2021,6,22,16,1,XVI DEPARTAMENTO: GOBERNACION DE BOQUERON,Gobiernos departamentales,155,62,2,0,0,0,2
2021,6,22,17,1,XVII DEPARTAMENTO: GOBERNACION DE ALTO PARAGUAY,Gobiernos departamentales,50,10,4,0,0,1,3
2021,6,23,1,1,"INSTITUTO NACIONAL DE TECNOLOGIA, NORMALIZACION Y METROLOGIA (INTN)",Entes autónomos y autárquicos,321,160,15,0,0,6,9
2021,6,23,3,1,INSTITUTO NACIONAL DE DESARROLLO RURAL Y DE LA TIERRA (INDERT),Entes autónomos y autárquicos,577,183,23,0,0,3,20
2021,6,23,4,1,DIRECCION DE BENEFICENCIA Y AYUDA SOCIAL (DIBEN),Entes autónomos y autárquicos,101,55,5,0,0,3,2
2021,6,23,6,1,INSTITUTO PARAGUAYO DEL INDIGENA (INDI),Entes autónomos y autárquicos,75,27,0,0,0,0,0
2021,6,23,8,1,FONDO NACIONAL DE LA CULTURA Y LAS ARTES (FONDEC),Entes autónomos y autárquicos,26,15,1,1,0,0,0
2021,6,23,9,1,COMISION NACIONAL DE VALORES (CNV),Entes autónomos y autárquicos,40,23,2,0,0,1,1
2021,6,23,10,1,COMISION NACIONAL DE TELECOMUNICACIONES (CONATEL),Entes autónomos y autárquicos,325,108,14,1,6,2,5
2021,6,23,11,1,DIRECCION NACIONAL DE TRANSPORTE (DINATRAN),Entes autónomos y autárquicos,341,75,5,0,0,0,5
2021,6,23,13,1,ENTE REGULADOR DE SERVICIOS SANITARIOS (ERSSAN),Entes autónomos y autárquicos,123,51,4,2,1,1,0
2021,6,23,14,1,INSTITUTO NACIONAL DE COOPERATIVISMO (INCOOP),Entes autónomos y autárquicos,192,103,9,0,0,4,5
2021,6,23,15,1,DIRECCION NACIONAL DE ADUANAS (DNA),Entes autónomos y autárquicos,1113,216,27,1,10,3,13
2021,6,23,16,1,SERVICIO NACIONAL DE CALIDAD Y SALUD ANIMAL (SENACSA),Entes autónomos y autárquicos,1494,564,54,2,0,11,41
2021,6,23,17,1,INSTITUTO PARAGUAYO DE ARTESANIA (IPA),Entes autónomos y autárquicos,78,51,2,0,0,0,2
2021,6,23,18,1,SERVICIO NACIONAL DE CALIDAD Y SANIDAD VEGETAL Y DE SEMILLA (SENAVE),Entes autónomos y autárquicos,593,231,16,3,1,7,5
2021,6,23,19,1,DIRECCION NACIONAL DE CONTRATACIONES PUBLICAS (DNCP),Entes autónomos y autárquicos,223,125,10,1,3,2,4
2021,6,23,20,1,INSTITUTO FORESTAL NACIONAL (INFONA),Entes autónomos y autárquicos,430,128,10,1,0,5,4
2021,6,23,21,1,SECRETARIA DEL AMBIENTE (SEAM),Entes autónomos y autárquicos,424,162,8,0,0,1,7
2021,6,23,22,1,INSTITUTO PARAGUAYO DE TECNOLOGIA AGRARIA (IPTA),Entes autónomos y autárquicos,527,183,26,1,4,5,16
2021,6,23,24,1,DIRECCION NACIONAL DE CORREOS DEL PARAGUAY (DINACOPA),Entes autónomos y autárquicos,939,480,33,0,0,15,18
2021,6,23,25,1,DIRECCION NACIONAL DE PROPIEDAD INTELECTUAL (DINAPI),Entes autónomos y autárquicos,117,47,5,0,0,1,4
2021,6,23,26,1,SECRETARIA DE DEFENSA DEL CONSUMIDOR Y EL USUARIO (SEDECO),Entes autónomos y autárquicos,27,8,1,0,0,0,1
2021,6,23,27,1,COMISION NACIONAL DE LA COMPETENCIA (CONACOM),Entes autónomos y autárquicos,24,9,1,0,0,0,1
2021,6,23,28,1,AGENCIA NACIONAL DE TRANSITO Y SEGURIDAD VIAL (ANTSV),Entes autónomos y autárquicos,38,21,1,0,1,0,0
2021,6,23,29,1,CONSEJO NACIONAL DE EDUCACION SUPERIOR (CONES),Entes autónomos y autárquicos,28,15,1,0,0,0,1
2021,6,23,30,1,AGENCIA NACIONAL DE EVALUACION Y ACREDITACION DE LA EDUCACION SUPERIOR (ANEAES),Entes autónomos y autárquicos,21,12,1,0,0,0,1
2021,6,23,31,1,AUTORIDAD REGULADORA RADIOLOGICA Y NUCLEAR (ARRN),Entes autónomos y autárquicos,30,10,0,0,0,0,0
2021,6,23,32,1,SECRETARIA NACIONAL DE INTELIGENCIA (SNI),Entes autónomos y autárquicos,21,8,0,0,0,0,0
2021,6,23,33,1,INSTITUTO SUPERIOR DE BELLAS ARTES,Entes autónomos y autárquicos,162,88,1,0,0,1,0
2021,6,23,34,1,INSTITUTO NACIONAL DE EDUCACIÓN SUPERIOR,Entes autónomos y autárquicos,228,153,4,0,0,2,2
2021,6,23,36,1,INSTITUTO NACIONAL DE ESTADISTICAS,Entes autónomos y autárquicos,378,197,6,0,0,1,5
2021,6,24,1,1,INSTITUTO DE PREVISION SOCIAL (IPS),Salud,23582,15186,184,19,16,50,99
2021,6,24,2,1,CAJA DE SEGURIDAD SOCIAL DE EMPLEADOS Y OBREROS FERROVIARIOS,Otros organismos,13,3,0,0,0,0,0
2021,6,24,3,1,CAJA DE JUBILACIONES Y PENSIONES DEL PERSONAL DE LA ANDE,Otros organismos,51,21,2,0,0,1,1
2021,6,24,4,1,CAJA DE JUBILACIONES Y PENSIONES DE EMPLEADOS DE BANCOS Y AFINES,Otros organismos,134,53,1,0,1,0,0
2021,6,24,5,1,CAJA DE JUBILACIONES Y PENSIONES DEL PERSONAL MUNICIPAL (CJPPM),Otros organismos,204,88,3,0,0,2,1
2021,6,25,2,1,ADMINISTRACION NACIONAL DE ELECTRICIDAD (ANDE),Empresas públicas,4939,1024,148,32,52,15,49
2021,6,25,4,1,ADMINISTRACION NACIONAL DE NAVEGACION Y PUERTOS (ANNP),Empresas públicas,1435,348,14,0,0,2,12
2021,6,25,5,1,DIRECCION NACIONAL DE AERONAUTICA CIVIL (DINAC),Empresas públicas,2050,723,34,0,1,8,25
2021,6,25,6,1,PETROLEOS PARAGUAYOS (PETROPAR),Empresas públicas,872,148,27,0,0,4,23
2021,6,25,7,1,INDUSTRIA NACIONAL DEL CEMENTO (INC),Empresas públicas,987,179,17,0,1,3,13
2021,6,27,1,1,BANCO NACIONAL DE FOMENTO (BNF),Otros organismos,1433,524,18,0,0,7,11
2021,6,27,3,1,CREDITO AGRICOLA DE HABILITACION (CAH),Otros organismos,447,149,18,0,1,2,15
2021,6,27,4,1,FONDO GANADERO (FG),Otros organismos,119,42,4,1,1,1,1
2021,6,27,5,1,CAJA DE PRESTAMOS DEL MINISTERIO DE DEFENSA NACIONAL (CPMDN),Otros organismos,4,4,0,0,0,0,0
2021,6,27,7,1,AGENCIA FINANCIERA DE DESARROLLO (AFD),Otros organismos,82,40,2,0,0,1,1
2021,6,28,1,1,UNA RECTORADO (RECTORADO UNA),Educación,675,343,5,0,0,2,3
2021,6,28,1,2,FACULTAD DE ENFERMERIA Y OBSTETRICIA,Educación,613,446,0,0,0,0,0
2021,6,28,1,3,COLEGIO EXPERIMENTAL PARAGUAY-BRASIL (CEPB),Educación,180,130,0,0,0,0,0
2021,6,28,1,4,FACULTAD DE CIENCIAS AGRARIAS (FCA-UNA),Educación,868,382,7,0,0,2,5
2021,6,28,1,5,UNA FACULTAD CIENCIAS EXACTAS Y NATURALES (FACEN),Educación,661,340,0,0,0,0,0
2021,6,28,1,6,"UNA FACULTAD DE ARQUITECTURA, DISENO Y ARTE",Educación,796,399,1,0,0,0,1
2021,6,28,1,7,FACULTAD DE CIENCIAS ECONOMICAS (FCE),Educación,1472,664,4,0,1,2,1
2021,6,28,1,8,FACULTAD DE CIENCIAS MEDICAS (FCM),Educación,5476,3471,4,0,0,1,3
2021,6,28,1,9,FACULTAD DE CIENCIAS QUIMICAS (FCQ),Educación,439,271,0,0,0,0,0
2021,6,28,1,10,FACULTAD DE DERECHO Y CIENCIAS SOCIALES (FDCS),Educación,1018,373,1,0,0,0,1
2021,6,28,1,11,FACULTAD DE FILOSOFIA (FIL),Educación,975,582,0,0,0,0,0
2021,6,28,1,12,FACULTAD DE INGENIERIA (FIUNA),Educación,1036,330,0,0,0,0,0
2021,6,28,1,13,FACULTAD DE ODONTOLOGIA (FO),Educación,375,258,0,0,0,0,0
2021,6,28,1,14,FACULTAD DE POLITECNICA (FPUNA),Educación,1128,489,3,0,0,2,1
2021,6,28,1,15,FACULTAD DE CIENCIAS VETERINARIAS (FCV),Educación,850,396,0,0,0,0,0
2021,6,28,1,16,INSTITUTO DE INVESTIGACIONES EN CIENCIAS DE LA SALUD (IICS),Educación,152,112,0,0,0,0,0
2021,6,28,1,17,FACULTAD DE CIENCIAS SOCIALES,Educación,80,53,1,0,0,1,0
2021,6,28,2,1,UNIVERSIDAD NACIONAL DEL ESTE (UNE),Educación,1622,853,4,1,1,0,2
2021,6,28,3,1,UNIVERSIDAD NACIONAL DE PILAR (UNP),Educación,715,390,1,0,0,0,1
2021,6,28,4,1,UNIVERSIDAD NACIONAL DE ITAPUA (UNI),Educación,1138,653,15,0,0,4,11
2021,6,28,5,1,UNIVERSIDAD NACIONAL DE CONCEPCION (UNC),Educación,662,320,4,0,0,3,1
2021,6,28,6,1,UNIVERSIDAD NACIONAL DE VILLARRICA DEL ESPIRITU SANTO (UNVES),Educación,1436,818,2,0,1,1,0
2021,6,28,7,1,UNIVERSIDAD NACIONAL DE CAAGUAZU (UNCAA),Educación,1056,515,26,0,0,14,12
2021,6,28,8,1,UNIVERSIDAD NACIONAL DE CANINDEYU (UNCAN),Educación,102,52,4,0,0,2,2
2021,6,30,1,3,MUNICIPALIDAD DE  BELEN,Municipalidades,51,21,1,0,0,0,1
2021,6,30,1,4,MUNICIPALIDAD DE HORQUETA,Municipalidades,60,11,0,0,0,0,0
2021,6,30,1,5,MUNICIPALIDAD DE LORETO,Municipalidades,43,12,1,0,0,0,1
2021,6,30,1,6,MUNICIPALIDAD DE SAN LAZARO,Municipalidades,41,19,0,0,0,0,0
2021,6,30,1,7,MUNICIPALIDAD DE YBYYAU,Municipalidades,21,6,0,0,0,0,0
2021,6,30,1,238,MUNICIPALIDAD DE AZOTEY,Municipalidades,28,4,0,0,0,0,0
2021,6,30,1,241,MUNICIPALIDAD DE SARGENTO JOSE FELIX LOPEZ,Municipalidades,22,4,0,0,0,0,0
2021,6,30,1,249,MUNICIPALIDAD DE SAN ALFREDO,Municipalidades,20,6,0,0,0,0,0
2021,6,30,1,524,MUNICIPALIDAD DE ARROYITO,Municipalidades,18,3,0,0,0,0,0
2021,6,30,2,8,MUNICIPALIDAD DE SAN PEDRO DEL YCUAMANDIYU,Municipalidades,106,36,1,0,1,0,0
2021,6,30,2,11,MUNICIPALIDAD DE GRAL.ELIZARDO AQUINO,Municipalidades,16,4,0,0,0,0,0
2021,6,30,2,12,MUNICIPALIDAD DE ITACURUBI  DEL ROSARIO,Municipalidades,34,8,2,0,2,0,0
2021,6,30,2,13,MUNICIPALIDAD DE LIMA,Municipalidades,43,12,1,0,1,0,0
2021,6,30,2,14,MUNICIPALIDAD DE NUEVA GERMANIA,Municipalidades,27,8,0,0,0,0,0
2021,6,30,2,15,MUNICIPALIDAD DE SAN ESTANISLAO,Municipalidades,87,33,3,1,2,0,0
2021,6,30,2,16,MUNICIPALIDAD DE YRYBUCUA,Municipalidades,27,6,0,0,0,0,0
2021,6,30,2,17,MUNICIPALIDAD DE SAN PABLO,Municipalidades,24,8,0,0,0,0,0
2021,6,30,2,18,MUNICIPALIDAD DE TACUATI,Municipalidades,40,13,0,0,0,0,0
2021,6,30,2,19,MUNICIPALIDAD DE UNION,Municipalidades,31,9,1,0,1,0,0
2021,6,30,2,20,MUNICIPALIDAD DE 25 DE DICIEMBRE,Municipalidades,37,14,0,0,0,0,0
2021,6,30,2,22,MUNICIPALIDAD DE GRAL. F. RESQUIN,Municipalidades,45,13,0,0,0,0,0
2021,6,30,2,23,MUNICIPALIDAD DE YATAITY DEL NORTE,Municipalidades,47,8,0,0,0,0,0
2021,6,30,2,24,MUNICIPALIDAD DE GUAJAYVI,Municipalidades,15,7,2,0,1,0,1
2021,6,30,2,25,MUNICIPALIDAD DE CAPIIBARY,Municipalidades,70,21,0,0,0,0,0
2021,6,30,2,26,MUNICIPALIDAD DE SANTA ROSA DEL AGUARAY,Municipalidades,60,14,0,0,0,0,0
2021,6,30,2,239,MUNICIPALIDAD DE LIBERACION,Municipalidades,42,13,0,0,0,0,0
2021,6,30,2,253,MUNICIPALIDAD DE SAN VICENTE PANCHOLO,Municipalidades,17,4,0,0,0,0,0
2021,6,30,3,27,MUNICIPALIDAD DE CAACUPE,Municipalidades,277,125,4,1,3,0,0
2021,6,30,3,28,MUNICIPALIDAD DE ALTOS,Municipalidades,33,14,1,1,0,0,0
2021,6,30,3,29,MUNICIPALIDAD DE ARROYOS Y ESTEROS,Municipalidades,65,28,0,0,0,0,0
2021,6,30,3,30,MUNICIPALIDAD DE ATYRA,Municipalidades,52,16,2,0,2,0,0
2021,6,30,3,31,MUNICIPALIDAD DE CARAGUATAY,Municipalidades,39,13,3,1,1,1,0
2021,6,30,3,32,MUNICIPALIDAD DE EMBOSCADA,Municipalidades,69,33,1,1,0,0,0
2021,6,30,3,33,MUNICIPALIDAD DE EUSEBIO AYALA,Municipalidades,69,17,2,0,2,0,0
2021,6,30,3,34,MUNICIPALIDAD DE ISLA PUCU,Municipalidades,41,15,0,0,0,0,0
2021,6,30,3,35,MUNICIPALIDAD DE ITACURUBI DE LA CORDILLERA,Municipalidades,46,15,1,1,0,0,0
2021,6,30,3,36,MUNICIPALIDAD DE JUAN DE MENA,Municipalidades,19,6,0,0,0,0,0
2021,6,30,3,37,MUNICIPALIDAD DE LOMA GRANDE,Municipalidades,35,15,1,0,1,0,0
2021,6,30,3,39,MUNICIPALIDAD DE NUEVA COLOMBIA,Municipalidades,32,16,0,0,0,0,0
2021,6,30,3,40,MUNICIPALIDAD DE PIRIBEBUY,Municipalidades,82,30,0,0,0,0,0
2021,6,30,3,41,MUNICIPALIDAD DE PRIMERO DE MARZO,Municipalidades,24,4,0,0,0,0,0
2021,6,30,3,42,MUNICIPALIDAD DE SAN BERNARDINO,Municipalidades,207,82,4,0,4,0,0
2021,6,30,3,43,MUNICIPALIDAD DE SANTA ELENA,Municipalidades,41,15,0,0,0,0,0
2021,6,30,3,44,MUNICIPALIDAD DE TOBATI,Municipalidades,103,29,1,0,1,0,0
2021,6,30,3,45,MUNICIPALIDAD DE VALENZUELA,Municipalidades,21,11,1,0,0,0,1
2021,6,30,3,46,MUNICIPALIDAD DE SAN JOSE OBRERO,Municipalidades,22,8,1,0,0,0,1
2021,6,30,4,47,MUNICIPALIDAD DE VILLARRICA DEL ESPIRITU SANTO,Municipalidades,316,122,2,0,2,0,0
2021,6,30,4,48,MUNICIPALIDAD DE BORJA,Municipalidades,24,8,0,0,0,0,0
2021,6,30,4,49,MUNICIPALIDAD DE CAPITAN MAURICIO JOSE TROCHE,Municipalidades,34,11,0,0,0,0,0
2021,6,30,4,51,MUNICIPALIDAD DE FELIX PEREZ CARDOZO,Municipalidades,30,7,0,0,0,0,0
2021,6,30,4,54,MUNICIPALIDAD DE ITAPE,Municipalidades,38,13,0,0,0,0,0
2021,6,30,4,55,MUNICIPALIDAD DE ITURBE,Municipalidades,42,10,0,0,0,0,0
2021,6,30,4,56,MUNICIPALIDAD DE JOSE A. FASSARDI,Municipalidades,27,7,0,0,0,0,0
2021,6,30,4,57,MUNICIPALIDAD DE MBOCAYATY DEL GUAIRA,Municipalidades,27,6,0,0,0,0,0
2021,6,30,4,58,MUNICIPALIDAD DE NATALICIO TALAVERA,Municipalidades,38,13,1,0,1,0,0
2021,6,30,4,59,MUNICIPALIDAD DE ÑUMI,Municipalidades,27,7,0,0,0,0,0
2021,6,30,4,60,MUNICIPALIDAD DE SAN SALVADOR,Municipalidades,21,10,0,0,0,0,0
2021,6,30,4,61,MUNICIPALIDAD DE YATAITY DEL GUAIRA,Municipalidades,27,12,0,0,0,0,0
2021,6,30,4,62,MUNICIPALIDAD DE DR. BOTRELL,Municipalidades,32,15,0,0,0,0,0
2021,6,30,4,63,MUNICIPALIDAD DE PASO YOBAI,Municipalidades,26,4,0,0,0,0,0
2021,6,30,4,234,MUNICIPALIDAD DE TEBICUARY,Municipalidades,55,19,2,0,2,0,0
2021,6,30,5,64,MUNICIPALIDAD DE CORONEL OVIEDO,Municipalidades,328,122,10,2,4,1,3
2021,6,30,5,65,MUNICIPALIDAD DE CAAGUAZU,Municipalidades,245,77,2,1,1,0,0
2021,6,30,5,66,MUNICIPALIDAD DE CARAYAO,Municipalidades,33,6,0,0,0,0,0
2021,6,30,5,67,MUNICIPALIDAD DE DR. CECILIO BAEZ,Municipalidades,37,14,0,0,0,0,0
2021,6,30,5,68,MUNICIPALIDAD DE SANTA.ROSA DEL MBUTUY,Municipalidades,31,12,2,1,1,0,0
2021,6,30,5,69,MUNICIPALIDAD DE DR. JUAN MANUEL FRUTOS,Municipalidades,29,12,1,0,0,0,1
2021,6,30,5,70,MUNICIPALIDAD DE REPATRIACION,Municipalidades,58,21,0,0,0,0,0
2021,6,30,5,72,MUNICIPALIDAD DE SAN JOAQUIN,Municipalidades,29,4,0,0,0,0,0
2021,6,30,5,73,MUNICIPALIDAD DE SAN JOSE DE LOS ARROYOS,Municipalidades,53,14,2,1,1,0,0
2021,6,30,5,74,MUNICIPALIDAD DE YHU,Municipalidades,68,25,0,0,0,0,0
2021,6,30,5,75,MUNICIPALIDAD DE DR. J. EULOGIO ESTIGARRIBIA,Municipalidades,156,54,0,0,0,0,0
2021,6,30,5,76,MUNICIPALIDAD DE R.I. 3 CORRALES,Municipalidades,27,5,0,0,0,0,0
2021,6,30,5,77,MUNICIPALIDAD DE RAUL ARSENIO OVIEDO,Municipalidades,39,9,0,0,0,0,0
2021,6,30,5,78,MUNICIPALIDAD DE JOSE DOMINGO OCAMPOS,Municipalidades,61,20,0,0,0,0,0
2021,6,30,5,79,MUNICIPALIDAD DE MARISCAL FRANCISCO SOLANO LOPEZ,Municipalidades,30,5,0,0,0,0,0
2021,6,30,5,81,MUNICIPALIDAD DE 3 DE FEBRERO,Municipalidades,38,9,1,0,0,1,0
2021,6,30,5,82,MUNICIPALIDAD DE SIMON BOLIVAR,Municipalidades,36,10,1,0,1,0,0
2021,6,30,5,83,MUNICIPALIDAD DE VAQUERIA,Municipalidades,27,10,0,0,0,0,0
2021,6,30,5,233,MUNICIPALIDAD DE TEMBIAPORA,Municipalidades,42,12,1,1,0,0,0
2021,6,30,6,84,MUNICIPALIDAD DE CAAZAPA,Municipalidades,73,16,1,0,0,0,1
2021,6,30,6,85,MUNICIPALIDAD DE ABAI,Municipalidades,50,17,0,0,0,0,0
2021,6,30,6,86,MUNICIPALIDAD DE BUENA VISTA,Municipalidades,37,9,0,0,0,0,0
2021,6,30,6,87,MUNICIPALIDAD DE DR. MOISES BERTONI,Municipalidades,17,5,0,0,0,0,0
2021,6,30,6,88,MUNICIPALIDAD DE GRAL.MORINIGO,Municipalidades,32,9,2,0,2,0,0
2021,6,30,6,89,MUNICIPALIDAD DE MACIEL,Municipalidades,29,8,0,0,0,0,0
2021,6,30,6,90,MUNICIPALIDAD DE SAN JUAN NEPOMUCENO,Municipalidades,77,30,0,0,0,0,0
2021,6,30,6,91,MUNICIPALIDAD DE TAVAI,Municipalidades,34,8,0,0,0,0,0
2021,6,30,6,92,MUNICIPALIDAD DE FULGENCIO YEGROS,Municipalidades,43,13,1,0,1,0,0
2021,6,30,6,93,MUNICIPALIDAD DE YUTY,Municipalidades,88,31,0,0,0,0,0
2021,6,30,6,245,MUNICIPALIDAD DE 3 DE MAYO,Municipalidades,18,4,0,0,0,0,0
2021,6,30,7,94,MUNICIPALIDAD DE ENCARNACION,Municipalidades,1470,529,11,1,9,0,1
2021,6,30,7,95,MUNICIPALIDAD DE BELLA VISTA,Municipalidades,84,29,1,1,0,0,0
2021,6,30,7,96,MUNICIPALIDAD DE CAMBYRETA,Municipalidades,162,53,3,1,2,0,0
2021,6,30,7,97,MUNICIPALIDAD DE CAPITAN MEZA,Municipalidades,62,17,4,0,3,0,1
2021,6,30,7,98,MUNICIPALIDAD DE CAPITAN MIRANDA,Municipalidades,63,21,1,0,1,0,0
2021,6,30,7,99,MUNICIPALIDAD DE NUEVA ALBORADA,Municipalidades,31,12,0,0,0,0,0
2021,6,30,7,100,MUNICIPALIDAD DE CARMEN DEL PARANA,Municipalidades,78,28,0,0,0,0,0
2021,6,30,7,101,MUNICIPALIDAD DE CORONEL BOGADO,Municipalidades,97,22,0,0,0,0,0
2021,6,30,7,102,MUNICIPALIDAD DE CARLOS ANTONIO LOPEZ,Municipalidades,62,9,5,0,4,0,1
2021,6,30,7,103,MUNICIPALIDAD DE NATALIO,Municipalidades,64,16,0,0,0,0,0
2021,6,30,7,104,MUNICIPALIDAD DE FRAM,Municipalidades,59,20,0,0,0,0,0
2021,6,30,7,105,MUNICIPALIDAD DE GENERAL ARTIGAS,Municipalidades,62,18,4,0,3,0,1
2021,6,30,7,106,MUNICIPALIDAD DE GENERAL DELGADO,Municipalidades,34,10,1,0,1,0,0
2021,6,30,7,107,MUNICIPALIDAD DE HOHENAU,Municipalidades,93,34,0,0,0,0,0
2021,6,30,7,108,MUNICIPALIDAD DE JESUS,Municipalidades,23,6,0,0,0,0,0
2021,6,30,7,109,MUNICIPALIDAD DE JOSE LEANDRO OVIEDO,Municipalidades,35,16,1,0,1,0,0
2021,6,30,7,110,MUNICIPALIDAD DE OBLIGADO,Municipalidades,129,47,1,0,1,0,0
2021,6,30,7,111,MUNICIPALIDAD DE MAYOR OTAÑO,Municipalidades,52,17,2,0,2,0,0
2021,6,30,7,113,MUNICIPALIDAD DE SAN PEDRO DEL PARANA,Municipalidades,87,30,1,1,0,0,0
2021,6,30,7,114,MUNICIPALIDAD DE SAN RAFAEL DEL PARANA,Municipalidades,100,28,1,0,1,0,0
2021,6,30,7,115,MUNICIPALIDAD DE TRINIDAD,Municipalidades,38,15,0,0,0,0,0
2021,6,30,7,116,MUNICIPALIDAD DE EDELIRA,Municipalidades,59,25,2,1,1,0,0
2021,6,30,7,117,MUNICIPALIDAD DE TOMAS ROMERO PEREIRA,Municipalidades,93,33,1,0,1,0,0
2021,6,30,7,118,MUNICIPALIDAD DE ALTO VERA,Municipalidades,46,8,0,0,0,0,0
2021,6,30,7,119,MUNICIPALIDAD DE LA PAZ,Municipalidades,33,17,0,0,0,0,0
2021,6,30,7,120,MUNICIPALIDAD DE YATYTAY,Municipalidades,60,17,3,0,3,0,0
2021,6,30,7,121,MUNICIPALIDAD DE SAN JUAN DEL PARANA,Municipalidades,103,28,5,1,3,0,1
2021,6,30,7,122,MUNICIPALIDAD DE PIRAPO,Municipalidades,66,25,3,1,2,0,0
2021,6,30,7,123,MUNICIPALIDAD DE ITAPUA POTY,Municipalidades,52,12,2,0,2,0,0
2021,6,30,8,124,MUNICIPALIDAD DE SAN JUAN BAUSTISTA DE LAS MISIONES,Municipalidades,124,36,0,0,0,0,0
2021,6,30,8,125,MUNICIPALIDAD DE AYOLAS,Municipalidades,160,57,2,0,2,0,0
2021,6,30,8,126,MUNICIPALIDAD DE SAN IGNACIO GUAZU,Municipalidades,147,45,2,0,2,0,0
2021,6,30,8,127,MUNICIPALIDAD DE SAN MIGUEL MISIONES,Municipalidades,56,16,1,0,0,0,1
2021,6,30,8,129,MUNICIPALIDAD DE SANTA MARIA,Municipalidades,49,22,0,0,0,0,0
2021,6,30,8,131,MUNICIPALIDAD DE SANTIAGO,Municipalidades,56,25,0,0,0,0,0
2021,6,30,8,132,MUNICIPALIDAD DE VILLA FLORIDA,Municipalidades,51,14,0,0,0,0,0
2021,6,30,8,133,MUNICIPALIDAD DE YABEBYRY,Municipalidades,36,13,0,0,0,0,0
2021,6,30,9,134,MUNICIPALIDAD DE PARAGUARI,Municipalidades,126,45,0,0,0,0,0
2021,6,30,9,136,MUNICIPALIDAD DE CAAPUCU,Municipalidades,77,28,1,0,0,0,1
2021,6,30,9,137,MUNICIPALIDAD DE GENERAL CABALLERO,Municipalidades,44,13,1,0,0,0,1
2021,6,30,9,138,MUNICIPALIDAD DE CARAPEGUA,Municipalidades,120,34,3,0,1,0,2
2021,6,30,9,139,MUNICIPALIDAD DE ESCOBAR,Municipalidades,32,16,0,0,0,0,0
2021,6,30,9,140,MUNICIPALIDAD DE LA COLMENA,Municipalidades,44,15,1,1,0,0,0
2021,6,30,9,141,MUNICIPALIDAD DE MBUYAPEY,Municipalidades,44,16,2,0,1,1,0
2021,6,30,9,142,MUNICIPALIDAD DE PIRAYU,Municipalidades,56,20,1,0,1,0,0
2021,6,30,9,143,MUNICIPALIDAD DE QUIINDY,Municipalidades,70,23,1,1,0,0,0
2021,6,30,9,144,MUNICIPALIDAD DE QUYQUYHO,Municipalidades,31,12,0,0,0,0,0
2021,6,30,9,145,MUNICIPALIDAD DE SAN ROQUE GONZALEZ DE SANTA CRUZ,Municipalidades,27,9,1,0,1,0,0
2021,6,30,9,146,MUNICIPALIDAD DE SAPUCAI,Municipalidades,29,12,1,0,1,0,0
2021,6,30,9,148,MUNICIPALIDAD DE YAGUARON,Municipalidades,90,23,0,0,0,0,0
2021,6,30,9,149,MUNICIPALIDAD DE YBYCUI,Municipalidades,53,22,2,0,2,0,0
2021,6,30,9,150,MUNICIPALIDAD DE YBYTYMI,Municipalidades,29,11,0,0,0,0,0
2021,6,30,10,151,MUNICIPALIDAD DE CIUDAD DEL ESTE,Municipalidades,2343,1052,6,2,3,0,1
2021,6,30,10,152,MUNICIPALIDAD DE PRESIDENTE FRANCO,Municipalidades,407,126,3,0,3,0,0
2021,6,30,10,153,MUNICIPALIDAD DE DOMINGO MARTINEZ DE IRALA,Municipalidades,59,15,5,0,5,0,0
2021,6,30,10,154,MUNICIPALIDAD DE JUAN LEON MALLORQUIN,Municipalidades,63,28,1,1,0,0,0
2021,6,30,10,155,MUNICIPALIDAD DE HERNANDARIAS,Municipalidades,541,220,9,2,6,0,1
2021,6,30,10,156,MUNICIPALIDAD DE SANTA FE DEL PARANA,Municipalidades,48,20,2,0,1,0,1
2021,6,30,10,157,MUNICIPALIDAD DE ITAKYRY,Municipalidades,83,17,1,0,1,0,0
2021,6,30,10,158,MUNICIPALIDAD DE JUAN E. O'LEARY,Municipalidades,61,18,0,0,0,0,0
2021,6,30,10,159,MUNICIPALIDAD DE ÑACUNDAY,Municipalidades,20,7,0,0,0,0,0
2021,6,30,10,160,MUNICIPALIDAD DE YGUAZU,Municipalidades,53,9,4,0,3,0,1
2021,6,30,10,161,MUNICIPALIDAD DE LOS CEDRALES,Municipalidades,76,25,0,0,0,0,0
2021,6,30,10,162,MUNICIPALIDAD DE MINGA GUAZU,Municipalidades,250,95,8,0,7,0,1
2021,6,30,10,163,MUNICIPALIDAD DE SAN CRISTOBAL,Municipalidades,56,19,1,1,0,0,0
2021,6,30,10,164,MUNICIPALIDAD DE SANTA RITA,Municipalidades,167,53,5,0,3,1,1
2021,6,30,10,165,MUNICIPALIDAD DE NARANJAL,Municipalidades,49,15,1,0,1,0,0
2021,6,30,10,166,MUNICIPALIDAD DE STA. ROSA DEL MONDAY,Municipalidades,53,16,1,0,1,0,0
2021,6,30,10,167,MUNICIPALIDAD DE MINGA PORA,Municipalidades,72,31,3,0,3,0,0
2021,6,30,10,168,MUNICIPALIDAD DE MBARACAYU,Municipalidades,53,17,0,0,0,0,0
2021,6,30,10,169,MUNICIPALIDAD DE SAN ALBERTO,Municipalidades,92,20,1,0,1,0,0
2021,6,30,10,170,MUNICIPALIDAD DE IRUÑA,Municipalidades,35,12,1,1,0,0,0
2021,6,30,10,240,MUNICIPALIDAD DE TAVAPY,Municipalidades,42,12,2,0,2,0,0
2021,6,30,10,246,MUNICIPALIDAD DE DR. RAUL PENA,Municipalidades,29,5,1,0,1,0,0
2021,6,30,11,171,MUNICIPALIDAD DE AREGUA,Municipalidades,227,92,4,2,1,1,0
2021,6,30,11,172,MUNICIPALIDAD DE CAPIATA,Municipalidades,769,350,4,0,4,0,0
2021,6,30,11,173,MUNICIPALIDAD DE FERNANDO DE LA MORA,Municipalidades,1082,459,14,4,7,1,2
2021,6,30,11,174,MUNICIPALIDAD DE GUARAMBARE,Municipalidades,112,45,1,0,1,0,0
2021,6,30,11,175,MUNICIPALIDAD DE ITA,Municipalidades,93,35,2,1,1,0,0
2021,6,30,11,176,MUNICIPALIDAD DE ITAUGUA,Municipalidades,268,103,3,0,3,0,0
2021,6,30,11,177,MUNICIPALIDAD DE LAMBARE,Municipalidades,748,296,15,2,7,2,4
2021,6,30,11,178,MUNICIPALIDAD DE LIMPIO,Municipalidades,293,142,12,0,0,4,8
2021,6,30,11,179,MUNICIPALIDAD DE LUQUE,Municipalidades,702,268,13,3,6,1,3
2021,6,30,11,180,MUNICIPALIDAD DE MARIANO ROQUE ALONSO,Municipalidades,722,342,2,0,0,0,2
2021,6,30,11,181,MUNICIPALIDAD DE NUEVA ITALIA,Municipalidades,50,23,2,0,1,0,1
2021,6,30,11,182,MUNICIPALIDAD DE ÑEMBY,Municipalidades,248,81,1,0,0,0,1
2021,6,30,11,183,MUNICIPALIDAD DE SAN ANTONIO,Municipalidades,140,47,3,1,2,0,0
2021,6,30,11,184,MUNICIPALIDAD DE SAN LORENZO,Municipalidades,1599,687,16,4,9,1,2
2021,6,30,11,185,MUNICIPALIDAD DE VILLA ELISA,Municipalidades,365,146,2,0,0,0,2
2021,6,30,11,186,MUNICIPALIDAD DE VILLETA,Municipalidades,198,93,2,0,2,0,0
2021,6,30,11,187,MUNICIPALIDAD DE YPACARAI,Municipalidades,123,36,0,0,0,0,0
2021,6,30,11,188,MUNICIPALIDAD DE YPANE,Municipalidades,98,44,3,0,3,0,0
2021,6,30,11,189,MUNICIPALIDAD DE J. AUGUSTO SALDIVAR,Municipalidades,90,33,0,0,0,0,0
2021,6,30,12,191,MUNICIPALIDAD DE ALBERDI,Municipalidades,34,11,0,0,0,0,0
2021,6,30,12,192,MUNICIPALIDAD DE CERRITO,Municipalidades,81,31,0,0,0,0,0
2021,6,30,12,193,MUNICIPALIDAD DE DESMOCHADOS,Municipalidades,26,12,0,0,0,0,0
2021,6,30,12,194,MUNICIPALIDAD DE GENERAL JOSE EDUVIGIS DIAZ,Municipalidades,49,12,1,0,1,0,0
2021,6,30,12,196,MUNICIPALIDAD DE HUMAITA,Municipalidades,37,12,0,0,0,0,0
2021,6,30,12,197,MUNICIPALIDAD DE ISLA UMBU,Municipalidades,30,11,0,0,0,0,0
2021,6,30,12,201,MUNICIPALIDAD DE SAN JUAN BAUTISTA DE ÑEEMBUCU,Municipalidades,50,12,0,0,0,0,0
2021,6,30,12,204,MUNICIPALIDAD DE VILLA OLIVA,Municipalidades,12,5,0,0,0,0,0
2021,6,30,12,205,MUNICIPALIDAD DE VILLALBIN,Municipalidades,69,28,0,0,0,0,0
2021,6,30,13,206,MUNICIPALIDAD DE PEDRO J. CABALLERO,Municipalidades,432,132,3,0,2,0,1
2021,6,30,13,207,MUNICIPALIDAD DE BELLA VISTA - NORTE,Municipalidades,40,14,0,0,0,0,0
2021,6,30,13,208,MUNICIPALIDAD DE CAPITAN BADO,Municipalidades,92,20,1,0,0,0,1
2021,6,30,13,242,MUNICIPALIDAD DE ZANJA PYTA,Municipalidades,33,9,0,0,0,0,0
2021,6,30,13,250,MUNICIPALIDAD DE KARAPAI,Municipalidades,13,4,0,0,0,0,0
2021,6,30,14,209,MUNICIPALIDAD DE SALTO DEL GUAIRA,Municipalidades,244,79,0,0,0,0,0
2021,6,30,14,210,MUNICIPALIDAD DE CORPUS CHRISTI,Municipalidades,62,10,0,0,0,0,0
2021,6,30,14,211,MUNICIPALIDAD DE VILLA CURUGUATY,Municipalidades,102,30,1,1,0,0,0
2021,6,30,14,212,MUNICIPALIDAD DE YASY CAÑY,Municipalidades,31,11,1,0,1,0,0
2021,6,30,14,213,MUNICIPALIDAD DE VILLA YGATIMI,Municipalidades,40,8,0,0,0,0,0
2021,6,30,14,214,MUNICIPALIDAD DE ITANARA,Municipalidades,36,9,0,0,0,0,0
2021,6,30,14,215,MUNICIPALIDAD DE YPE JHU,Municipalidades,41,10,0,0,0,0,0
2021,6,30,14,216,MUNICIPALIDAD DE GENERAL FRANCISCO CABALLERO ALVAREZ,Municipalidades,76,22,0,0,0,0,0
2021,6,30,14,217,MUNICIPALIDAD DE KATUETE,Municipalidades,90,29,1,0,1,0,0
2021,6,30,14,218,MUNICIPALIDAD DE LA PALOMA,Municipalidades,62,26,0,0,0,0,0
2021,6,30,14,219,MUNICIPALIDAD DE NUEVA ESPERANZA,Municipalidades,72,24,0,0,0,0,0
2021,6,30,14,244,MUNICIPALIDAD DE YVYRAROBANA,Municipalidades,46,16,0,0,0,0,0
2021,6,30,14,247,MUNICIPALIDAD DE YBY PYTA,Municipalidades,29,4,0,0,0,0,0
2021,6,30,14,251,MUNICIPALIDAD DE MARACANA,Municipalidades,38,12,0,0,0,0,0
2021,6,30,14,255,MUNICIPALIDAD DE PUERTO ADELA,Municipalidades,25,7,0,0,0,0,0
2021,6,30,15,220,MUNICIPALIDAD DE BENJAMIN ACEVAL,Municipalidades,88,31,0,0,0,0,0
2021,6,30,15,221,MUNICIPALIDAD DE PUERTO PINASCO,Municipalidades,92,27,2,0,1,0,1
2021,6,30,15,222,MUNICIPALIDAD DE VILLA HAYES,Municipalidades,261,98,9,0,5,0,4
2021,6,30,15,223,MUNICIPALIDAD DE NANAWA,Municipalidades,37,11,2,1,0,0,1
2021,6,30,15,224,MUNICIPALIDAD DE JOSE FALCON,Municipalidades,119,49,0,0,0,0,0
2021,6,30,15,229,MUNICIPALIDAD DE TTE. 1RO. MANUEL IRALA FERNANDEZ,Municipalidades,55,21,1,0,1,0,0
2021,6,30,15,232,MUNICIPALIDAD DE TENIENTE ESTEBAN MARTINEZ,Municipalidades,39,16,0,0,0,0,0
2021,6,30,15,233,MUNICIPALIDAD DE GENERAL JOSE MARIA BRUGUEZ,Municipalidades,60,22,0,0,0,0,0
2021,6,30,16,228,MUNICIPALIDAD DE MARISCAL JOSE FELIX ESTIGARRIBIA,Municipalidades,119,33,0,0,0,0,0
2021,6,30,16,230,MUNICIPALIDAD DE FILADELFIA,Municipalidades,121,32,0,0,0,0,0
2021,6,30,16,231,MUNICIPALIDAD DE LOMA PLATA,Municipalidades,73,26,3,1,1,0,1
2021,6,30,17,226,MUNICIPALIDAD DE LA VICTORIA,Municipalidades,38,12,0,0,0,0,0
2021,6,30,17,227,MUNICIPALIDAD DE BAHIA NEGRA,Municipalidades,27,8,0,0,0,0,0
2021,6,40,1,1,COMPAÑIA PARAGUAYA DE COMUNICACIONES S.A.,SA del Estado,3512,1124,17,0,0,2,15
2021,6,40,2,1,EMPRESA DE SERVICIOS SANITARIOS DEL PARAGUAY S.A. (ESSAP),SA del Estado,2309,550,29,0,0,5,24
2021,6,40,3,1,CAÑAS PARAGUAYAS S.A. (CAPASA),SA del Estado,188,64,0,0,0,0,0
2022,6,11,1,1,CONGRESO NACIONAL (CN),Poder Legislativo,788,333,28,2,10,5,11
2022,6,11,2,1,HONORABLE CAMARA DE SENADORES (HCS),Poder Legislativo,977,411,31,4,14,4,9
2022,6,11,3,1,HONORABLE CAMARA DE DIPUTADOS (HCD),Poder Legislativo,2076,878,33,2,12,5,14
2022,6,12,1,2,PRESIDENCIA DE LA REPUBLICA / GABINETE CIVIL,Servicio civil del Ejecutivo,252,118,2,0,1,0,1
2022,6,12,1,3,GABINETE MILITAR (GM),Servicio civil del Ejecutivo,24,11,0,0,0,0,0
2022,6,12,1,4,PROCURADURIA GENERAL DE LA REPUBLICA (PGR),Servicio civil del Ejecutivo,116,52,4,1,0,0,3
2022,6,12,1,6,AUDITORIA GENERAL DEL PODER EJECUTIVO (AGPE),Servicio civil del Ejecutivo,69,31,4,0,0,1,3
2022,6,12,1,7,SECRETARIA TECNICA DE PLANIFICACION DEL DESARROLLO ECONOMICO Y SOCIAL (STP),Servicio civil del Ejecutivo,170,85,8,0,0,4,4
2022,6,12,1,8,SECRETARIA DE LA FUNCION PUBLICA (SFP),Servicio civil del Ejecutivo,78,49,5,1,0,3,1
2022,6,12,1,10,SECRETARIA NACIONAL ANTIDROGAS (SENAD),Servicio civil del Ejecutivo,403,131,14,0,0,7,7
2022,6,12,1,11,CONSEJO DE LA DEFENSA NACIONAL (CODENA),Servicio civil del Ejecutivo,11,1,0,0,0,0,0
2022,6,12,1,12,SECRETARIA DE DESARROLLO PARA REPATRIADOS Y REFUGIADOS CONNACIONALES (SEDEREC),Servicio civil del Ejecutivo,118,62,5,0,0,3,2
2022,6,12,1,13,SECRETARIA NACIONAL DE TURISMO (SENATUR),Servicio civil del Ejecutivo,253,152,5,0,0,2,3
2022,6,12,1,14,SECRETARIA DE PREVENCION DE LAVADO DE DINERO O BIENES (SEPRELAD),Servicio civil del Ejecutivo,79,39,3,0,0,3,0
2022,6,12,1,15,CONSEJO NACIONAL DE CIENCIA Y TECNOLOGIA (CONACYT),Servicio civil del Ejecutivo,102,59,2,0,0,1,1
2022,6,12,1,16,ESCRIBANIA MAYOR DE GOBIERNO (EMG),Servicio civil del Ejecutivo,32,17,0,0,0,0,0
2022,6,12,1,19,SECRETARIA DE EMERGENCIA NACIONAL (SEN),Servicio civil del Ejecutivo,211,64,8,2,5,1,0
2022,6,12,1,20,SECRETARIA NACIONAL DE DEPORTES (SND),Servicio civil del Ejecutivo,106,38,5,1,2,2,0
2022,6,12,1,22,SECRETARIA NACIONAL DE CULTURA (SNC),Servicio civil del Ejecutivo,220,125,7,1,0,4,2
2022,6,12,1,23,GABINETE SOCIAL (GS),Servicio civil del Ejecutivo,29,17,0,0,0,0,0
2022,6,12,1,25,SECRETARIA DE POLITICAS LINGUISTICAS (SPL),Servicio civil del Ejecutivo,38,20,2,0,0,0,2
2022,6,12,1,26,SECRETARIA NACIONAL POR LOS DERECHOS HUMANOS DE LAS PERSONAS CON DISCAPACIDAD (SENADIS),Servicio civil del Ejecutivo,509,296,57,5,8,22,22
2022,6,12,1,28,SECRETARIA NACIONAL DE LA JUVENTUD (SNJ),Servicio civil del Ejecutivo,28,14,1,0,0,0,1
2022,6,12,1,29,SECRETARIA NACIONAL ANTICORRUPCION (SENAC),Servicio civil del Ejecutivo,17,8,1,1,0,0,0
2022,6,12,1,30,ORQUESTA SINFONICA NACIONAL (OSN),Servicio civil del Ejecutivo,84,30,3,1,2,0,0
2022,6,12,1,31,AGENCIA ESPACIAL DEL PARAGUAY(AEP),Servicio civil del Ejecutivo,12,3,0,0,0,0,0
2022,6,12,1,32,SECRETARIA NACIONAL DE ADMINISTRACION DE BIENES INCAUTADOS Y COMISADOS(SENABICO),Servicio civil del Ejecutivo,14,6,0,0,0,0,0
2022,6,12,2,1,VICEPRESIDENCIA DE LA REPUBLICA,Servicio civil del Ejecutivo,79,36,4,0,0,2,2
2022,6,12,3,1,MINISTERIO DEL INTERIOR (MI),Servicio civil del Ejecutivo,261,101,7,0,0,0,7
2022,6,12,3,2,POLICIA NACIONAL (PN),Fuerzas públicas,28929,4981,24,0,0,2,22
2022,6,12,3,3,DIRECCION GENERAL DE MIGRACIONES (DGM),Servicio civil del Ejecutivo,410,186,8,0,0,1,7
2022,6,12,4,1,MINISTERIO DE RELACIONES EXTERIORES (MRE),Servicio civil del Ejecutivo,1260,503,25,0,0,10,15
2022,6,12,5,1,MINISTERIO DE DEFENSA NACIONAL (MDN),Fuerzas públicas,273,130,8,0,0,4,4
2022,6,12,5,2,CENTRO FINANCIERO 1 - COMANDO EN JEFE,Servicio civil del Ejecutivo,276,111,0,0,0,0,0
2022,6,12,5,3,CENTRO FINANCIERO 2 - COMANDO DEL EJERCITO,Servicio civil del Ejecutivo,574,227,1,0,0,0,1
2022,6,12,5,4,CENTRO FINANCIERO 3 - COMANDO DE LA ARMADA,Servicio civil del Ejecutivo,423,127,0,0,0,0,0
2022,6,12,5,5,CENTRO FINANCIERO 4 - COMANDO DE LA FUERZA AEREA,Servicio civil del Ejecutivo,143,67,8,0,0,3,5
2022,6,12,5,6,CENTRO FINANCIERO 5 - COMANDO LOGISTICO,Servicio civil del Ejecutivo,617,295,1,0,0,1,0
2022,6,12,6,1,MINISTERIO DE ECONOMIA Y FINANZAS (MEF),Servicio civil del Ejecutivo,2298,1074,24,2,0,12,10
2022,6,12,7,1,MINISTERIO DE EDUCACION Y CIENCIAS (MEC),Educación,80679,55126,382,0,1,238,143
2022,6,12,7,2,CONSEJO NACIONAL DE EDUCACION Y CULTURA (CONEC),Servicio civil del Ejecutivo,14,5,0,0,0,0,0
2022,6,12,8,1,MINISTERIO DE SALUD PUBLICA Y BIENESTAR SOCIAL (MSPBS),Salud,54503,36943,188,12,13,82,81
2022,6,12,9,1,MINISTERIO DE JUSTICIA (MJ),Servicio civil del Ejecutivo,3121,1028,20,0,0,7,13
2022,6,12,10,1,MINISTERIO DE AGRICULTURA Y GANADERIA (MAG),Servicio civil del Ejecutivo,2578,1016,38,0,3,13,22
2022,6,12,11,1,MINISTERIO DE INDUSTRIA Y COMERCIO (MIC),Servicio civil del Ejecutivo,386,161,4,0,0,1,3
2022,6,12,13,1,MINISTERIO DE OBRAS PUBLICAS Y COMUNICACIONES (MOPC),Servicio civil del Ejecutivo,3655,891,58,2,9,11,36
2022,6,12,14,1,MINISTERIO DE LA MUJER (MM),Servicio civil del Ejecutivo,167,141,3,2,1,0,0
2022,6,12,15,1,"MINISTERIO DEL TRABAJO, EMPLEO Y SEGURIDAD SOCIAL (MTESS)",Servicio civil del Ejecutivo,396,220,19,0,0,6,13
2022,6,12,15,2,SERVICIO NACIONAL DE PROMOCION PROFESIONAL (SNPP),Servicio civil del Ejecutivo,1978,1053,36,2,4,11,19
2022,6,12,15,3,SISTEMA NACIONAL DE FORMACION Y CAPACITACION LABORAL (SINAFOCAL),Servicio civil del Ejecutivo,199,114,11,1,1,1,8
2022,6,12,17,1,MINISTERIO DEL AMBIENTE Y DESARROLLO SOSTENIBLE (MADES),Servicio civil del Ejecutivo,416,156,8,0,0,1,7
2022,6,12,18,1,MINISTERIO DE DESARROLLO SOCIAL,Servicio civil del Ejecutivo,1367,758,13,2,3,1,7
2022,6,12,19,1,"MINISTERIO DE URBANISMO, VIVIENDA Y HABITAT",Servicio civil del Ejecutivo,646,346,16,0,0,9,7
2022,6,12,20,1,MINISTERIO DE LA NIÑEZ Y ADOLESCENCIA,Servicio civil del Ejecutivo,701,483,13,3,1,5,4
2022,6,12,21,1,MINISTERIO DE TECNOLOGIAS DE LA INFORMACION Y COMUNICACION,Servicio civil del Ejecutivo,374,143,6,2,2,0,2
2022,6,13,1,1,CORTE SUPREMA DE JUSTICIA (CSJ),Poder Judicial,13273,7554,68,3,12,23,30
2022,6,13,3,1,MINISTERIO PUBLICO (MP),Poder Judicial,5788,3230,18,1,0,6,11
2022,6,13,4,1,CONSEJO DE LA MAGISTRATURA (CM),Poder Judicial,119,53,0,0,0,0,0
2022,6,13,4,2,ESCUELA JUDICIAL (EJ),Poder Judicial,127,58,3,0,2,0,1
2022,6,13,5,1,JURADO DE ENJUICIAMIENTO DE MAGISTRADOS (JEM),Poder Judicial,271,137,10,4,4,1,1
2022,6,13,6,1,MINISTERIO DE LA DEFENSA PUBLICA (MDP),Poder Judicial,2531,1538,16,2,3,8,3
2022,6,13,7,1,SINDICATURA GENERAL DE QUIEBRAS,Poder Judicial,66,32,0,0,0,0,0
2022,6,14,1,1,CONTRALORIA GENERAL DE LA REPUBLICA (CGR),Otros organismos,988,539,8,0,0,5,3
2022,6,15,1,1,DEFENSORIA DEL PUEBLO (DP),Otros organismos,202,133,2,0,2,0,0
2022,6,15,2,1,MECANISMO NACIONAL DE PREVENCION CONTRA LA TORTURA Y OTROS TRATOS O PENAS CRUELES INHUMANOS O DEGRADANTES (MNP),Otros organismos,23,12,0,0,0,0,0
2022,6,21,1,1,BANCO CENTRAL DEL PARAGUAY (BCP),Otros organismos,714,274,6,0,0,2,4
2022,6,22,1,1,I DEPARTAMENTO: GOBERNACION DE CONCEPCION,Gobiernos departamentales,114,38,4,1,2,0,1
2022,6,22,2,1,II DEPARTAMENTO: GOBERNACION DE SAN PEDRO,Gobiernos departamentales,92,41,3,1,1,1,0
2022,6,22,3,1,III DEPARTAMENTO: GOBERNACION DE CORDILLERA,Gobiernos departamentales,95,41,1,0,0,0,1
2022,6,22,4,1,IV DEPARTAMENTO: GOBERNACION DE GUAIRA,Gobiernos departamentales,198,73,3,0,2,0,1
2022,6,22,5,1,V DEPARTAMENTO: GOBERNACION DE CAAGUAZU,Gobiernos departamentales,151,50,3,0,2,0,1
2022,6,22,6,1,VI DEPARTAMENTO: GOBERNACION DE CAAZAPA,Gobiernos departamentales,101,31,6,1,2,0,3
2022,6,22,7,1,VII DEPARTAMENTO: GOBERNACION DE ITAPUA,Gobiernos departamentales,238,85,5,0,3,0,2
2022,6,22,8,1,VIII DEPARTAMENTO: GOBERNACION DE MISIONES,Gobiernos departamentales,114,35,3,0,1,1,1
2022,6,22,9,1,IX DEPARTAMENTO: GOBERNACION DE PARAGUARI,Gobiernos departamentales,178,58,0,0,0,0,0
2022,6,22,10,1,X DEPARTAMENTO: GOBERNACION DE ALTO PARANA,Gobiernos departamentales,220,72,14,4,10,0,0
2022,6,22,11,1,XI DEPARTAMENTO: GOBERNACION CENTRAL,Gobiernos departamentales,147,68,9,1,0,4,4
2022,6,22,12,1,XII DEPARTAMENTO: GOBERNACION DE ÑEEMBUCU,Gobiernos departamentales,111,43,1,0,0,0,1
2022,6,22,13,1,XIII DEPARTAMENTO: GOBERNACION DE AMAMBAY,Gobiernos departamentales,139,62,5,2,3,0,0
2022,6,22,14,1,XIV DEPARTAMENTO: GOBERNACION DE CANINDEYU,Gobiernos departamentales,84,29,2,0,2,0,0
2022,6,22,15,1,XV DEPARTAMENTO: GOBERNACION DE PRESIDENTE HAYES,Gobiernos departamentales,130,37,5,0,2,1,2
2022,6,22,16,1,XVI DEPARTAMENTO: GOBERNACION DE BOQUERON,Gobiernos departamentales,151,61,2,0,0,0,2
2022,6,22,17,1,XVII DEPARTAMENTO: GOBERNACION DE ALTO PARAGUAY,Gobiernos departamentales,49,12,4,0,0,1,3
2022,6,23,1,1,"INSTITUTO NACIONAL DE TECNOLOGIA, NORMALIZACION Y METROLOGIA (INTN)",Entes autónomos y autárquicos,185,89,8,0,0,2,6
2022,6,23,3,1,INSTITUTO NACIONAL DE DESARROLLO RURAL Y DE LA TIERRA (INDERT),Entes autónomos y autárquicos,568,179,23,0,0,3,20
2022,6,23,4,1,DIRECCION DE BENEFICENCIA Y AYUDA SOCIAL (DIBEN),Entes autónomos y autárquicos,96,55,5,0,0,3,2
2022,6,23,6,1,INSTITUTO PARAGUAYO DEL INDIGENA (INDI),Entes autónomos y autárquicos,71,27,0,0,0,0,0
2022,6,23,8,1,FONDO NACIONAL DE LA CULTURA Y LAS ARTES (FONDEC),Entes autónomos y autárquicos,23,11,1,1,0,0,0
2022,6,23,9,1,COMISION NACIONAL DE VALORES (CNV),Entes autónomos y autárquicos,41,23,2,0,0,1,1
2022,6,23,10,1,COMISION NACIONAL DE TELECOMUNICACIONES (CONATEL),Entes autónomos y autárquicos,321,106,12,1,4,2,5
2022,6,23,11,1,DIRECCION NACIONAL DE TRANSPORTE (DINATRAN),Entes autónomos y autárquicos,339,75,9,0,0,1,8
2022,6,23,13,1,ENTE REGULADOR DE SERVICIOS SANITARIOS (ERSSAN),Entes autónomos y autárquicos,114,44,5,3,1,1,0
2022,6,23,14,1,INSTITUTO NACIONAL DE COOPERATIVISMO (INCOOP),Entes autónomos y autárquicos,190,101,9,0,0,4,5
2022,6,23,15,1,DIRECCION NACIONAL DE ADUANAS (DNA),Entes autónomos y autárquicos,1091,217,27,1,10,3,13
2022,6,23,16,1,SERVICIO NACIONAL DE CALIDAD Y SALUD ANIMAL (SENACSA),Entes autónomos y autárquicos,1469,561,54,2,0,10,42
2022,6,23,17,1,INSTITUTO PARAGUAYO DE ARTESANIA (IPA),Entes autónomos y autárquicos,75,49,2,0,0,0,2
2022,6,23,18,1,SERVICIO NACIONAL DE CALIDAD Y SANIDAD VEGETAL Y DE SEMILLA (SENAVE),Entes autónomos y autárquicos,576,223,16,3,1,7,5
2022,6,23,19,1,DIRECCION NACIONAL DE CONTRATACIONES PUBLICAS (DNCP),Entes autónomos y autárquicos,210,115,9,1,2,2,4
2022,6,23,20,1,INSTITUTO FORESTAL NACIONAL (INFONA),Entes autónomos y autárquicos,401,124,10,1,0,5,4
2022,6,23,22,1,INSTITUTO PARAGUAYO DE TECNOLOGIA AGRARIA (IPTA),Entes autónomos y autárquicos,520,184,25,0,4,5,16
2022,6,23,24,1,DIRECCION NACIONAL DE CORREOS DEL PARAGUAY (DINACOPA),Entes autónomos y autárquicos,893,455,32,0,0,15,17
2022,6,23,25,1,DIRECCION NACIONAL DE PROPIEDAD INTELECTUAL (DINAPI),Entes autónomos y autárquicos,116,48,4,0,0,1,3
2022,6,23,26,1,SECRETARIA DE DEFENSA DEL CONSUMIDOR Y EL USUARIO (SEDECO),Entes autónomos y autárquicos,29,13,0,0,0,0,0
2022,6,23,27,1,COMISION NACIONAL DE LA COMPETENCIA (CONACOM),Entes autónomos y autárquicos,28,10,1,0,0,0,1
2022,6,23,28,1,AGENCIA NACIONAL DE TRANSITO Y SEGURIDAD VIAL (ANTSV),Entes autónomos y autárquicos,40,20,1,0,1,0,0
2022,6,23,29,1,CONSEJO NACIONAL DE EDUCACION SUPERIOR (CONES),Entes autónomos y autárquicos,29,15,1,0,0,0,1
2022,6,23,30,1,AGENCIA NACIONAL DE EVALUACION Y ACREDITACION DE LA EDUCACION SUPERIOR (ANEAES),Entes autónomos y autárquicos,20,12,1,0,0,0,1
2022,6,23,31,1,AUTORIDAD REGULADORA RADIOLOGICA Y NUCLEAR (ARRN),Entes autónomos y autárquicos,27,10,0,0,0,0,0
2022,6,23,32,1,SECRETARIA NACIONAL DE INTELIGENCIA (SNI),Entes autónomos y autárquicos,19,9,0,0,0,0,0
2022,6,23,33,1,INSTITUTO SUPERIOR DE BELLAS ARTES,Entes autónomos y autárquicos,164,84,1,0,0,1,0
2022,6,23,34,1,INSTITUTO NACIONAL DE EDUCACIÓN SUPERIOR,Entes autónomos y autárquicos,297,202,4,0,0,2,2
2022,6,23,35,1,"DIRECCIÓN NACIONAL DE DEFENSA, SALUD Y BIENESTAR ANIMAL",Entes autónomos y autárquicos,14,7,0,0,0,0,0
2022,6,23,36,1,INSTITUTO NACIONAL DE ESTADISTICAS,Entes autónomos y autárquicos,968,438,6,0,0,1,5
2022,6,23,37,1,INSTITUTO NACIONAL DEL AUDIOVISUAL PARAGUAYO,Entes autónomos y autárquicos,3,1,0,0,0,0,0
2022,6,24,1,1,INSTITUTO DE PREVISION SOCIAL (IPS),Salud,25481,16571,219,3,7,74,135
2022,6,24,2,1,CAJA DE SEGURIDAD SOCIAL DE EMPLEADOS Y OBREROS FERROVIARIOS,Otros organismos,12,3,0,0,0,0,0
2022,6,24,3,1,CAJA DE JUBILACIONES Y PENSIONES DEL PERSONAL DE LA ANDE,Otros organismos,58,21,2,0,0,1,1
2022,6,24,4,1,CAJA DE JUBILACIONES Y PENSIONES DE EMPLEADOS DE BANCOS Y AFINES,Otros organismos,150,59,2,1,1,0,0
2022,6,24,5,1,CAJA DE JUBILACIONES Y PENSIONES DEL PERSONAL MUNICIPAL (CJPPM),Otros organismos,192,92,3,0,0,2,1
2022,6,25,2,1,ADMINISTRACION NACIONAL DE ELECTRICIDAD (ANDE),Empresas públicas,4764,997,143,30,49,16,48
2022,6,25,4,1,ADMINISTRACION NACIONAL DE NAVEGACION Y PUERTOS (ANNP),Empresas públicas,1422,348,14,0,0,2,12
2022,6,25,5,1,DIRECCION NACIONAL DE AERONAUTICA CIVIL (DINAC),Empresas públicas,2066,730,37,0,1,9,27
2022,6,25,6,1,PETROLEOS PARAGUAYOS (PETROPAR),Empresas públicas,843,150,27,0,0,4,23
2022,6,25,7,1,INDUSTRIA NACIONAL DEL CEMENTO (INC),Empresas públicas,958,168,18,0,0,4,14
2022,6,27,1,1,BANCO NACIONAL DE FOMENTO (BNF),Otros organismos,1575,614,18,0,0,6,12
2022,6,27,3,1,CREDITO AGRICOLA DE HABILITACION (CAH),Otros organismos,461,157,18,0,1,2,15
2022,6,27,4,1,FONDO GANADERO (FG),Otros organismos,112,40,4,1,1,1,1
2022,6,27,5,1,CAJA DE PRESTAMOS DEL MINISTERIO DE DEFENSA NACIONAL (CPMDN),Otros organismos,3,3,0,0,0,0,0
2022,6,27,7,1,AGENCIA FINANCIERA DE DESARROLLO (AFD),Otros organismos,88,45,2,0,0,1,1
2022,6,28,1,1,UNA RECTORADO (RECTORADO UNA),Educación,667,339,6,0,0,2,4
2022,6,28,1,2,FACULTAD DE ENFERMERIA Y OBSTETRICIA,Educación,606,435,0,0,0,0,0
2022,6,28,1,3,COLEGIO EXPERIMENTAL PARAGUAY-BRASIL (CEPB),Educación,179,129,0,0,0,0,0
2022,6,28,1,4,FACULTAD DE CIENCIAS AGRARIAS (FCA-UNA),Educación,940,417,7,0,0,2,5
2022,6,28,1,5,UNA FACULTAD CIENCIAS EXACTAS Y NATURALES (FACEN),Educación,634,324,0,0,0,0,0
2022,6,28,1,6,"UNA FACULTAD DE ARQUITECTURA, DISENO Y ARTE",Educación,802,407,1,0,0,0,1
2022,6,28,1,7,FACULTAD DE CIENCIAS ECONOMICAS (FCE),Educación,1530,691,4,0,1,2,1
2022,6,28,1,8,FACULTAD DE CIENCIAS MEDICAS (FCM),Educación,5443,3468,9,0,0,2,7
2022,6,28,1,9,FACULTAD DE CIENCIAS QUIMICAS (FCQ),Educación,432,269,0,0,0,0,0
2022,6,28,1,10,FACULTAD DE DERECHO Y CIENCIAS SOCIALES (FDCS),Educación,1010,381,0,0,0,0,0
2022,6,28,1,11,FACULTAD DE FILOSOFIA (FIL),Educación,1057,624,0,0,0,0,0
2022,6,28,1,12,FACULTAD DE INGENIERIA (FIUNA),Educación,1078,355,0,0,0,0,0
2022,6,28,1,13,FACULTAD DE ODONTOLOGIA (FO),Educación,387,261,0,0,0,0,0
2022,6,28,1,14,FACULTAD DE POLITECNICA (FPUNA),Educación,1060,458,4,0,0,2,2
2022,6,28,1,15,FACULTAD DE CIENCIAS VETERINARIAS (FCV),Educación,854,397,0,0,0,0,0
2022,6,28,1,16,INSTITUTO DE INVESTIGACIONES EN CIENCIAS DE LA SALUD (IICS),Educación,155,113,0,0,0,0,0
2022,6,28,1,17,FACULTAD DE CIENCIAS SOCIALES,Educación,115,71,1,0,0,1,0
2022,6,28,2,1,UNIVERSIDAD NACIONAL DEL ESTE (UNE),Educación,1622,859,4,1,0,0,3
2022,6,28,3,1,UNIVERSIDAD NACIONAL DE PILAR (UNP),Educación,738,407,1,0,0,0,1
2022,6,28,4,1,UNIVERSIDAD NACIONAL DE ITAPUA (UNI),Educación,1154,657,15,0,0,4,11
2022,6,28,6,1,UNIVERSIDAD NACIONAL DE VILLARRICA DEL ESPIRITU SANTO (UNVES),Educación,1447,826,2,0,1,1,0
2022,6,28,7,1,UNIVERSIDAD NACIONAL DE CAAGUAZU (UNCAA),Educación,1059,520,25,0,0,14,11
2022,6,28,8,1,UNIVERSIDAD NACIONAL DE CANINDEYU (UNCAN),Educación,92,48,3,0,0,2,1
2022,6,30,1,2,MUNICIPALIDAD DE CONCEPCION,Municipalidades,347,135,2,0,2,0,0
2022,6,30,1,3,MUNICIPALIDAD DE  BELEN,Municipalidades,48,22,0,0,0,0,0
2022,6,30,1,4,MUNICIPALIDAD DE HORQUETA,Municipalidades,87,26,0,0,0,0,0
2022,6,30,1,5,MUNICIPALIDAD DE LORETO,Municipalidades,45,12,1,0,0,0,1
2022,6,30,1,6,MUNICIPALIDAD DE SAN LAZARO,Municipalidades,56,21,2,0,2,0,0
2022,6,30,1,237,MUNICIPALIDAD DE SAN CARLOS DEL APA,Municipalidades,36,17,0,0,0,0,0
2022,6,30,1,238,MUNICIPALIDAD DE AZOTEY,Municipalidades,47,9,0,0,0,0,0
2022,6,30,1,241,MUNICIPALIDAD DE SARGENTO JOSE FELIX LOPEZ,Municipalidades,23,7,0,0,0,0,0
2022,6,30,1,249,MUNICIPALIDAD DE SAN ALFREDO,Municipalidades,31,15,0,0,0,0,0
2022,6,30,1,257,MUNICIPALIDAD DE PASO HORQUETA,Municipalidades,20,7,0,0,0,0,0
2022,6,30,1,263,MUNICIPALIDAD DE ITACUA,Municipalidades,13,1,0,0,0,0,0
2022,6,30,1,524,MUNICIPALIDAD DE ARROYITO,Municipalidades,19,5,0,0,0,0,0
2022,6,30,2,8,MUNICIPALIDAD DE SAN PEDRO DEL YCUAMANDIYU,Municipalidades,87,27,1,0,1,0,0
2022,6,30,2,11,MUNICIPALIDAD DE GRAL.ELIZARDO AQUINO,Municipalidades,52,21,0,0,0,0,0
2022,6,30,2,12,MUNICIPALIDAD DE ITACURUBI  DEL ROSARIO,Municipalidades,39,15,1,0,1,0,0
2022,6,30,2,13,MUNICIPALIDAD DE LIMA,Municipalidades,46,17,1,0,1,0,0
2022,6,30,2,14,MUNICIPALIDAD DE NUEVA GERMANIA,Municipalidades,12,5,0,0,0,0,0
2022,6,30,2,15,MUNICIPALIDAD DE SAN ESTANISLAO,Municipalidades,97,46,4,1,2,0,1
2022,6,30,2,16,MUNICIPALIDAD DE YRYBUCUA,Municipalidades,53,13,0,0,0,0,0
2022,6,30,2,17,MUNICIPALIDAD DE SAN PABLO,Municipalidades,29,12,0,0,0,0,0
2022,6,30,2,18,MUNICIPALIDAD DE TACUATI,Municipalidades,22,7,0,0,0,0,0
2022,6,30,2,19,MUNICIPALIDAD DE UNION,Municipalidades,31,8,1,0,1,0,0
2022,6,30,2,22,MUNICIPALIDAD DE GRAL. F. RESQUIN,Municipalidades,55,18,0,0,0,0,0
2022,6,30,2,23,MUNICIPALIDAD DE YATAITY DEL NORTE,Municipalidades,37,12,0,0,0,0,0
2022,6,30,2,24,MUNICIPALIDAD DE GUAJAYVI,Municipalidades,16,6,2,0,1,0,1
2022,6,30,2,25,MUNICIPALIDAD DE CAPIIBARY,Municipalidades,71,20,0,0,0,0,0
2022,6,30,2,26,MUNICIPALIDAD DE SANTA ROSA DEL AGUARAY,Municipalidades,78,23,0,0,0,0,0
2022,6,30,2,239,MUNICIPALIDAD DE LIBERACION,Municipalidades,10,0,0,0,0,0,0
2022,6,30,2,260,MUNICIPALIDAD DE SAN JOSE DEL ROSARIO,Municipalidades,26,9,0,0,0,0,0
2022,6,30,3,27,MUNICIPALIDAD DE CAACUPE,Municipalidades,264,116,3,1,2,0,0
2022,6,30,3,28,MUNICIPALIDAD DE ALTOS,Municipalidades,56,16,1,0,1,0,0
2022,6,30,3,29,MUNICIPALIDAD DE ARROYOS Y ESTEROS,Municipalidades,61,29,0,0,0,0,0
2022,6,30,3,30,MUNICIPALIDAD DE ATYRA,Municipalidades,55,17,3,0,3,0,0
2022,6,30,3,31,MUNICIPALIDAD DE CARAGUATAY,Municipalidades,49,20,2,1,0,1,0
2022,6,30,3,32,MUNICIPALIDAD DE EMBOSCADA,Municipalidades,95,52,1,1,0,0,0
2022,6,30,3,33,MUNICIPALIDAD DE EUSEBIO AYALA,Municipalidades,100,22,2,0,2,0,0
2022,6,30,3,34,MUNICIPALIDAD DE ISLA PUCU,Municipalidades,44,17,0,0,0,0,0
2022,6,30,3,35,MUNICIPALIDAD DE ITACURUBI DE LA CORDILLERA,Municipalidades,60,28,2,1,1,0,0
2022,6,30,3,36,MUNICIPALIDAD DE JUAN DE MENA,Municipalidades,28,9,0,0,0,0,0
2022,6,30,3,37,MUNICIPALIDAD DE LOMA GRANDE,Municipalidades,40,16,0,0,0,0,0
2022,6,30,3,38,MUNICIPALIDAD DE MBOCAYATY DEL YHAGUY,Municipalidades,18,7,0,0,0,0,0
2022,6,30,3,39,MUNICIPALIDAD DE NUEVA COLOMBIA,Municipalidades,37,18,0,0,0,0,0
2022,6,30,3,41,MUNICIPALIDAD DE PRIMERO DE MARZO,Municipalidades,25,5,0,0,0,0,0
2022,6,30,3,42,MUNICIPALIDAD DE SAN BERNARDINO,Municipalidades,286,120,3,0,3,0,0
2022,6,30,3,43,MUNICIPALIDAD DE SANTA ELENA,Municipalidades,38,16,0,0,0,0,0
2022,6,30,3,44,MUNICIPALIDAD DE TOBATI,Municipalidades,95,34,1,0,1,0,0
2022,6,30,3,45,MUNICIPALIDAD DE VALENZUELA,Municipalidades,24,12,1,0,0,0,1
2022,6,30,4,47,MUNICIPALIDAD DE VILLARRICA DEL ESPIRITU SANTO,Municipalidades,330,147,4,0,2,1,1
2022,6,30,4,48,MUNICIPALIDAD DE BORJA,Municipalidades,24,9,0,0,0,0,0
2022,6,30,4,49,MUNICIPALIDAD DE CAPITAN MAURICIO JOSE TROCHE,Municipalidades,37,18,0,0,0,0,0
2022,6,30,4,50,MUNICIPALIDAD DE CORONEL MARTINEZ,Municipalidades,57,31,0,0,0,0,0
2022,6,30,4,51,MUNICIPALIDAD DE FELIX PEREZ CARDOZO,Municipalidades,37,13,0,0,0,0,0
2022,6,30,4,53,MUNICIPALIDAD DE INDEPENDENCIA,Municipalidades,37,16,0,0,0,0,0
2022,6,30,4,54,MUNICIPALIDAD DE ITAPE,Municipalidades,49,19,0,0,0,0,0
2022,6,30,4,55,MUNICIPALIDAD DE ITURBE,Municipalidades,59,18,0,0,0,0,0
2022,6,30,4,56,MUNICIPALIDAD DE JOSE A. FASSARDI,Municipalidades,28,8,0,0,0,0,0
2022,6,30,4,57,MUNICIPALIDAD DE MBOCAYATY DEL GUAIRA,Municipalidades,26,5,0,0,0,0,0
2022,6,30,4,58,MUNICIPALIDAD DE NATALICIO TALAVERA,Municipalidades,40,12,1,0,1,0,0
2022,6,30,4,59,MUNICIPALIDAD DE ÑUMI,Municipalidades,34,12,0,0,0,0,0
2022,6,30,4,60,MUNICIPALIDAD DE SAN SALVADOR,Municipalidades,57,19,0,0,0,0,0
2022,6,30,4,61,MUNICIPALIDAD DE YATAITY DEL GUAIRA,Municipalidades,37,15,2,1,1,0,0
2022,6,30,4,62,MUNICIPALIDAD DE DR. BOTRELL,Municipalidades,39,17,1,0,0,0,1
2022,6,30,4,63,MUNICIPALIDAD DE PASO YOBAI,Municipalidades,36,9,0,0,0,0,0
2022,6,30,4,234,MUNICIPALIDAD DE TEBICUARY,Municipalidades,50,20,2,0,2,0,0
2022,6,30,5,64,MUNICIPALIDAD DE CORONEL OVIEDO,Municipalidades,343,133,9,2,2,2,3
2022,6,30,5,65,MUNICIPALIDAD DE CAAGUAZU,Municipalidades,215,66,2,1,1,0,0
2022,6,30,5,66,MUNICIPALIDAD DE CARAYAO,Municipalidades,33,7,0,0,0,0,0
2022,6,30,5,67,MUNICIPALIDAD DE DR. CECILIO BAEZ,Municipalidades,35,10,0,0,0,0,0
2022,6,30,5,68,MUNICIPALIDAD DE SANTA.ROSA DEL MBUTUY,Municipalidades,29,10,1,0,1,0,0
2022,6,30,5,69,MUNICIPALIDAD DE DR. JUAN MANUEL FRUTOS,Municipalidades,31,13,1,0,0,0,1
2022,6,30,5,70,MUNICIPALIDAD DE REPATRIACION,Municipalidades,16,4,0,0,0,0,0
2022,6,30,5,71,MUNICIPALIDAD DE NUEVA LONDRES,Municipalidades,28,10,1,1,0,0,0
2022,6,30,5,72,MUNICIPALIDAD DE SAN JOAQUIN,Municipalidades,27,6,0,0,0,0,0
2022,6,30,5,73,MUNICIPALIDAD DE SAN JOSE DE LOS ARROYOS,Municipalidades,49,14,1,1,0,0,0
2022,6,30,5,74,MUNICIPALIDAD DE YHU,Municipalidades,58,23,0,0,0,0,0
2022,6,30,5,75,MUNICIPALIDAD DE DR. J. EULOGIO ESTIGARRIBIA,Municipalidades,123,42,0,0,0,0,0
2022,6,30,5,76,MUNICIPALIDAD DE R.I. 3 CORRALES,Municipalidades,26,7,0,0,0,0,0
2022,6,30,5,77,MUNICIPALIDAD DE RAUL ARSENIO OVIEDO,Municipalidades,43,11,0,0,0,0,0
2022,6,30,5,78,MUNICIPALIDAD DE JOSE DOMINGO OCAMPOS,Municipalidades,60,19,0,0,0,0,0
2022,6,30,5,79,MUNICIPALIDAD DE MARISCAL FRANCISCO SOLANO LOPEZ,Municipalidades,30,7,0,0,0,0,0
2022,6,30,5,81,MUNICIPALIDAD DE 3 DE FEBRERO,Municipalidades,51,16,1,1,0,0,0
2022,6,30,5,82,MUNICIPALIDAD DE SIMON BOLIVAR,Municipalidades,34,8,1,0,1,0,0
2022,6,30,5,83,MUNICIPALIDAD DE VAQUERIA,Municipalidades,27,10,0,0,0,0,0
2022,6,30,5,233,MUNICIPALIDAD DE TEMBIAPORA,Municipalidades,36,10,0,0,0,0,0
2022,6,30,5,243,MUNICIPALIDAD DE NUEVA TOLEDO,Municipalidades,27,10,0,0,0,0,0
2022,6,30,6,84,MUNICIPALIDAD DE CAAZAPA,Municipalidades,115,30,1,0,0,0,1
2022,6,30,6,85,MUNICIPALIDAD DE ABAI,Municipalidades,49,18,0,0,0,0,0
2022,6,30,6,86,MUNICIPALIDAD DE BUENA VISTA,Municipalidades,34,6,0,0,0,0,0
2022,6,30,6,87,MUNICIPALIDAD DE DR. MOISES BERTONI,Municipalidades,31,10,0,0,0,0,0
2022,6,30,6,88,MUNICIPALIDAD DE GRAL.MORINIGO,Municipalidades,35,11,2,0,2,0,0
2022,6,30,6,89,MUNICIPALIDAD DE MACIEL,Municipalidades,39,11,0,0,0,0,0
2022,6,30,6,90,MUNICIPALIDAD DE SAN JUAN NEPOMUCENO,Municipalidades,69,27,0,0,0,0,0
2022,6,30,6,91,MUNICIPALIDAD DE TAVAI,Municipalidades,34,7,0,0,0,0,0
2022,6,30,6,92,MUNICIPALIDAD DE FULGENCIO YEGROS,Municipalidades,46,14,1,0,1,0,0
2022,6,30,6,93,MUNICIPALIDAD DE YUTY,Municipalidades,85,32,0,0,0,0,0
2022,6,30,6,245,MUNICIPALIDAD DE 3 DE MAYO,Municipalidades,36,7,0,0,0,0,0
2022,6,30,7,94,MUNICIPALIDAD DE ENCARNACION,Municipalidades,1464,542,11,0,10,0,1
2022,6,30,7,95,MUNICIPALIDAD DE BELLA VISTA,Municipalidades,70,20,2,1,1,0,0
2022,6,30,7,96,MUNICIPALIDAD DE CAMBYRETA,Municipalidades,169,61,3,1,2,0,0
2022,6,30,7,97,MUNICIPALIDAD DE CAPITAN MEZA,Municipalidades,71,22,4,0,3,0,1
2022,6,30,7,98,MUNICIPALIDAD DE CAPITAN MIRANDA,Municipalidades,68,22,1,0,1,0,0
2022,6,30,7,99,MUNICIPALIDAD DE NUEVA ALBORADA,Municipalidades,35,14,0,0,0,0,0
2022,6,30,7,100,MUNICIPALIDAD DE CARMEN DEL PARANA,Municipalidades,79,26,0,0,0,0,0
2022,6,30,7,101,MUNICIPALIDAD DE CORONEL BOGADO,Municipalidades,100,23,0,0,0,0,0
2022,6,30,7,102,MUNICIPALIDAD DE CARLOS ANTONIO LOPEZ,Municipalidades,78,17,2,0,1,0,1
2022,6,30,7,103,MUNICIPALIDAD DE NATALIO,Municipalidades,72,21,0,0,0,0,0
2022,6,30,7,104,MUNICIPALIDAD DE FRAM,Municipalidades,61,20,0,0,0,0,0
2022,6,30,7,105,MUNICIPALIDAD DE GENERAL ARTIGAS,Municipalidades,68,27,3,0,2,0,1
2022,6,30,7,106,MUNICIPALIDAD DE GENERAL DELGADO,Municipalidades,30,11,1,0,1,0,0
2022,6,30,7,107,MUNICIPALIDAD DE HOHENAU,Municipalidades,105,36,0,0,0,0,0
2022,6,30,7,108,MUNICIPALIDAD DE JESUS,Municipalidades,40,21,0,0,0,0,0
2022,6,30,7,109,MUNICIPALIDAD DE JOSE LEANDRO OVIEDO,Municipalidades,34,17,1,0,1,0,0
2022,6,30,7,110,MUNICIPALIDAD DE OBLIGADO,Municipalidades,122,45,1,0,1,0,0
2022,6,30,7,111,MUNICIPALIDAD DE MAYOR OTAÑO,Municipalidades,58,19,0,0,0,0,0
2022,6,30,7,112,MUNICIPALIDAD DE SAN COSME Y SAN DAMIAN,Municipalidades,79,34,3,0,3,0,0
2022,6,30,7,113,MUNICIPALIDAD DE SAN PEDRO DEL PARANA,Municipalidades,91,24,1,1,0,0,0
2022,6,30,7,114,MUNICIPALIDAD DE SAN RAFAEL DEL PARANA,Municipalidades,128,36,1,0,1,0,0
2022,6,30,7,115,MUNICIPALIDAD DE TRINIDAD,Municipalidades,42,19,0,0,0,0,0
2022,6,30,7,116,MUNICIPALIDAD DE EDELIRA,Municipalidades,64,29,1,1,0,0,0
2022,6,30,7,117,MUNICIPALIDAD DE TOMAS ROMERO PEREIRA,Municipalidades,140,48,1,0,1,0,0
2022,6,30,7,118,MUNICIPALIDAD DE ALTO VERA,Municipalidades,44,7,0,0,0,0,0
2022,6,30,7,119,MUNICIPALIDAD DE LA PAZ,Municipalidades,35,15,0,0,0,0,0
2022,6,30,7,120,MUNICIPALIDAD DE YATYTAY,Municipalidades,66,19,0,0,0,0,0
2022,6,30,7,121,MUNICIPALIDAD DE SAN JUAN DEL PARANA,Municipalidades,105,36,0,0,0,0,0
2022,6,30,7,122,MUNICIPALIDAD DE PIRAPO,Municipalidades,67,25,3,1,2,0,0
2022,6,30,7,123,MUNICIPALIDAD DE ITAPUA POTY,Municipalidades,53,14,2,0,2,0,0
2022,6,30,8,124,MUNICIPALIDAD DE SAN JUAN BAUSTISTA DE LAS MISIONES,Municipalidades,100,26,0,0,0,0,0
2022,6,30,8,125,MUNICIPALIDAD DE AYOLAS,Municipalidades,136,54,2,0,2,0,0
2022,6,30,8,126,MUNICIPALIDAD DE SAN IGNACIO GUAZU,Municipalidades,163,54,0,0,0,0,0
2022,6,30,8,127,MUNICIPALIDAD DE SAN MIGUEL MISIONES,Municipalidades,59,18,1,0,0,0,1
2022,6,30,8,129,MUNICIPALIDAD DE SANTA MARIA,Municipalidades,50,19,0,0,0,0,0
2022,6,30,8,130,MUNICIPALIDAD DE SANTA ROSA MISIONES,Municipalidades,88,34,0,0,0,0,0
2022,6,30,8,131,MUNICIPALIDAD DE SANTIAGO,Municipalidades,56,25,0,0,0,0,0
2022,6,30,8,132,MUNICIPALIDAD DE VILLA FLORIDA,Municipalidades,75,18,0,0,0,0,0
2022,6,30,8,133,MUNICIPALIDAD DE YABEBYRY,Municipalidades,35,13,0,0,0,0,0
2022,6,30,9,134,MUNICIPALIDAD DE PARAGUARI,Municipalidades,232,107,1,0,1,0,0
2022,6,30,9,135,MUNICIPALIDAD DE ACAHAY,Municipalidades,53,21,0,0,0,0,0
2022,6,30,9,137,MUNICIPALIDAD DE GENERAL CABALLERO,Municipalidades,42,10,1,0,0,0,1
2022,6,30,9,138,MUNICIPALIDAD DE CARAPEGUA,Municipalidades,115,36,3,0,1,0,2
2022,6,30,9,139,MUNICIPALIDAD DE ESCOBAR,Municipalidades,50,23,0,0,0,0,0
2022,6,30,9,140,MUNICIPALIDAD DE LA COLMENA,Municipalidades,47,17,1,1,0,0,0
2022,6,30,9,141,MUNICIPALIDAD DE MBUYAPEY,Municipalidades,45,12,2,0,0,1,1
2022,6,30,9,142,MUNICIPALIDAD DE PIRAYU,Municipalidades,56,25,0,0,0,0,0
2022,6,30,9,143,MUNICIPALIDAD DE QUIINDY,Municipalidades,101,35,1,1,0,0,0
2022,6,30,9,144,MUNICIPALIDAD DE QUYQUYHO,Municipalidades,27,9,0,0,0,0,0
2022,6,30,9,145,MUNICIPALIDAD DE SAN ROQUE GONZALEZ DE SANTA CRUZ,Municipalidades,30,11,1,0,1,0,0
2022,6,30,9,146,MUNICIPALIDAD DE SAPUCAI,Municipalidades,37,14,1,0,1,0,0
2022,6,30,9,147,MUNICIPALIDAD DE TEBICUARYMI,Municipalidades,33,11,0,0,0,0,0
2022,6,30,9,148,MUNICIPALIDAD DE YAGUARON,Municipalidades,87,25,0,0,0,0,0
2022,6,30,9,149,MUNICIPALIDAD DE YBYCUI,Municipalidades,64,30,2,0,2,0,0
2022,6,30,9,150,MUNICIPALIDAD DE YBYTYMI,Municipalidades,36,14,0,0,0,0,0
2022,6,30,9,252,MUNICIPALIDAD DE MARÍA ANTONIA,Municipalidades,42,10,1,0,1,0,0
2022,6,30,10,151,MUNICIPALIDAD DE CIUDAD DEL ESTE,Municipalidades,2152,1022,17,9,7,0,1
2022,6,30,10,152,MUNICIPALIDAD DE PRESIDENTE FRANCO,Municipalidades,517,175,3,0,3,0,0
2022,6,30,10,153,MUNICIPALIDAD DE DOMINGO MARTINEZ DE IRALA,Municipalidades,56,15,4,0,4,0,0
2022,6,30,10,154,MUNICIPALIDAD DE JUAN LEON MALLORQUIN,Municipalidades,74,28,1,1,0,0,0
2022,6,30,10,155,MUNICIPALIDAD DE HERNANDARIAS,Municipalidades,632,284,9,2,6,0,1
2022,6,30,10,156,MUNICIPALIDAD DE SANTA FE DEL PARANA,Municipalidades,53,27,1,0,0,0,1
2022,6,30,10,157,MUNICIPALIDAD DE ITAKYRY,Municipalidades,90,22,1,0,1,0,0
2022,6,30,10,158,MUNICIPALIDAD DE JUAN E. O'LEARY,Municipalidades,60,24,0,0,0,0,0
2022,6,30,10,159,MUNICIPALIDAD DE ÑACUNDAY,Municipalidades,58,17,2,0,0,0,2
2022,6,30,10,160,MUNICIPALIDAD DE YGUAZU,Municipalidades,54,11,3,0,3,0,0
2022,6,30,10,161,MUNICIPALIDAD DE LOS CEDRALES,Municipalidades,77,25,0,0,0,0,0
2022,6,30,10,162,MUNICIPALIDAD DE MINGA GUAZU,Municipalidades,253,80,13,0,12,0,1
2022,6,30,10,163,MUNICIPALIDAD DE SAN CRISTOBAL,Municipalidades,46,13,0,0,0,0,0
2022,6,30,10,164,MUNICIPALIDAD DE SANTA RITA,Municipalidades,180,64,6,0,4,1,1
2022,6,30,10,165,MUNICIPALIDAD DE NARANJAL,Municipalidades,55,15,1,0,1,0,0
2022,6,30,10,166,MUNICIPALIDAD DE STA. ROSA DEL MONDAY,Municipalidades,56,18,1,0,1,0,0
2022,6,30,10,167,MUNICIPALIDAD DE MINGA PORA,Municipalidades,76,34,3,0,3,0,0
2022,6,30,10,168,MUNICIPALIDAD DE MBARACAYU,Municipalidades,65,23,0,0,0,0,0
2022,6,30,10,169,MUNICIPALIDAD DE SAN ALBERTO,Municipalidades,107,39,4,0,3,0,1
2022,6,30,10,170,MUNICIPALIDAD DE IRUÑA,Municipalidades,41,12,1,1,0,0,0
2022,6,30,10,240,MUNICIPALIDAD DE TAVAPY,Municipalidades,52,18,1,0,1,0,0
2022,6,30,10,246,MUNICIPALIDAD DE DR. RAUL PENA,Municipalidades,26,5,0,0,0,0,0
2022,6,30,11,171,MUNICIPALIDAD DE AREGUA,Municipalidades,207,87,4,2,1,1,0
2022,6,30,11,172,MUNICIPALIDAD DE CAPIATA,Municipalidades,943,472,3,0,3,0,0
2022,6,30,11,173,MUNICIPALIDAD DE FERNANDO DE LA MORA,Municipalidades,1143,501,14,4,7,1,2
2022,6,30,11,174,MUNICIPALIDAD DE GUARAMBARE,Municipalidades,143,65,1,0,1,0,0
2022,6,30,11,175,MUNICIPALIDAD DE ITA,Municipalidades,137,46,1,0,1,0,0
2022,6,30,11,176,MUNICIPALIDAD DE ITAUGUA,Municipalidades,387,187,2,0,2,0,0
2022,6,30,11,177,MUNICIPALIDAD DE LAMBARE,Municipalidades,787,320,10,2,6,1,1
2022,6,30,11,178,MUNICIPALIDAD DE LIMPIO,Municipalidades,333,153,12,0,0,4,8
2022,6,30,11,179,MUNICIPALIDAD DE LUQUE,Municipalidades,855,358,13,3,6,1,3
2022,6,30,11,180,MUNICIPALIDAD DE MARIANO ROQUE ALONSO,Municipalidades,588,303,0,0,0,0,0
2022,6,30,11,181,MUNICIPALIDAD DE NUEVA ITALIA,Municipalidades,62,25,2,0,2,0,0
2022,6,30,11,182,MUNICIPALIDAD DE ÑEMBY,Municipalidades,393,120,6,0,4,0,2
2022,6,30,11,183,MUNICIPALIDAD DE SAN ANTONIO,Municipalidades,210,83,2,1,1,0,0
2022,6,30,11,184,MUNICIPALIDAD DE SAN LORENZO,Municipalidades,1400,606,25,9,12,1,3
2022,6,30,11,185,MUNICIPALIDAD DE VILLA ELISA,Municipalidades,377,177,2,0,0,0,2
2022,6,30,11,186,MUNICIPALIDAD DE VILLETA,Municipalidades,203,86,1,1,0,0,0
2022,6,30,11,187,MUNICIPALIDAD DE YPACARAI,Municipalidades,138,42,0,0,0,0,0
2022,6,30,11,188,MUNICIPALIDAD DE YPANE,Municipalidades,131,73,1,0,1,0,0
2022,6,30,11,189,MUNICIPALIDAD DE J. AUGUSTO SALDIVAR,Municipalidades,134,59,0,0,0,0,0
2022,6,30,12,191,MUNICIPALIDAD DE ALBERDI,Municipalidades,33,12,0,0,0,0,0
2022,6,30,12,192,MUNICIPALIDAD DE CERRITO,Municipalidades,89,43,0,0,0,0,0
2022,6,30,12,193,MUNICIPALIDAD DE DESMOCHADOS,Municipalidades,26,9,0,0,0,0,0
2022,6,30,12,194,MUNICIPALIDAD DE GENERAL JOSE EDUVIGIS DIAZ,Municipalidades,33,10,0,0,0,0,0
2022,6,30,12,195,MUNICIPALIDAD DE GUAZU CUA,Municipalidades,41,13,0,0,0,0,0
2022,6,30,12,196,MUNICIPALIDAD DE HUMAITA,Municipalidades,83,34,0,0,0,0,0
2022,6,30,12,197,MUNICIPALIDAD DE ISLA UMBU,Municipalidades,29,11,0,0,0,0,0
2022,6,30,12,199,MUNICIPALIDAD DE MAYOR JOSE D. MARTINEZ,Municipalidades,46,21,0,0,0,0,0
2022,6,30,12,200,MUNICIPALIDAD DE PASO DE PATRIA,Municipalidades,37,14,0,0,0,0,0
2022,6,30,12,201,MUNICIPALIDAD DE SAN JUAN BAUTISTA DE ÑEEMBUCU,Municipalidades,50,20,0,0,0,0,0
2022,6,30,12,202,MUNICIPALIDAD DE TACUARAS,Municipalidades,41,19,0,0,0,0,0
2022,6,30,12,203,MUNICIPALIDAD DE VILLA FRANCA,Municipalidades,36,16,1,1,0,0,0
2022,6,30,12,204,MUNICIPALIDAD DE VILLA OLIVA,Municipalidades,12,6,0,0,0,0,0
2022,6,30,12,205,MUNICIPALIDAD DE VILLALBIN,Municipalidades,48,19,1,0,0,1,0
2022,6,30,13,206,MUNICIPALIDAD DE PEDRO J. CABALLERO,Municipalidades,427,138,2,0,2,0,0
2022,6,30,13,207,MUNICIPALIDAD DE BELLA VISTA - NORTE,Municipalidades,42,12,0,0,0,0,0
2022,6,30,13,208,MUNICIPALIDAD DE CAPITAN BADO,Municipalidades,78,26,1,0,0,0,1
2022,6,30,13,242,MUNICIPALIDAD DE ZANJA PYTA,Municipalidades,34,13,0,0,0,0,0
2022,6,30,13,250,MUNICIPALIDAD DE KARAPAI,Municipalidades,30,8,0,0,0,0,0
2022,6,30,13,259,MUNICIPALIDAD DE CERRO CORÁ,Municipalidades,29,12,0,0,0,0,0
2022,6,30,14,209,MUNICIPALIDAD DE SALTO DEL GUAIRA,Municipalidades,314,124,0,0,0,0,0
2022,6,30,14,210,MUNICIPALIDAD DE CORPUS CHRISTI,Municipalidades,62,9,0,0,0,0,0
2022,6,30,14,211,MUNICIPALIDAD DE VILLA CURUGUATY,Municipalidades,107,32,1,1,0,0,0
2022,6,30,14,212,MUNICIPALIDAD DE YASY CAÑY,Municipalidades,64,24,0,0,0,0,0
2022,6,30,14,213,MUNICIPALIDAD DE VILLA YGATIMI,Municipalidades,51,12,0,0,0,0,0
2022,6,30,14,214,MUNICIPALIDAD DE ITANARA,Municipalidades,27,7,0,0,0,0,0
2022,6,30,14,215,MUNICIPALIDAD DE YPE JHU,Municipalidades,47,11,0,0,0,0,0
2022,6,30,14,216,MUNICIPALIDAD DE GENERAL FRANCISCO CABALLERO ALVAREZ,Municipalidades,60,23,0,0,0,0,0
2022,6,30,14,217,MUNICIPALIDAD DE KATUETE,Municipalidades,98,33,1,0,1,0,0
2022,6,30,14,218,MUNICIPALIDAD DE LA PALOMA,Municipalidades,64,24,0,0,0,0,0
2022,6,30,14,219,MUNICIPALIDAD DE NUEVA ESPERANZA,Municipalidades,81,30,0,0,0,0,0
2022,6,30,14,244,MUNICIPALIDAD DE YVYRAROBANA,Municipalidades,36,14,0,0,0,0,0
2022,6,30,14,247,MUNICIPALIDAD DE YBY PYTA,Municipalidades,41,12,0,0,0,0,0
2022,6,30,14,251,MUNICIPALIDAD DE MARACANA,Municipalidades,37,12,0,0,0,0,0
2022,6,30,14,255,MUNICIPALIDAD DE PUERTO ADELA,Municipalidades,24,6,0,0,0,0,0
2022,6,30,14,256,MUNICIPALIDAD DE LAUREL,Municipalidades,31,10,0,0,0,0,0
2022,6,30,15,220,MUNICIPALIDAD DE BENJAMIN ACEVAL,Municipalidades,118,38,2,0,2,0,0
2022,6,30,15,221,MUNICIPALIDAD DE PUERTO PINASCO,Municipalidades,86,27,2,0,1,0,1
2022,6,30,15,222,MUNICIPALIDAD DE VILLA HAYES,Municipalidades,255,105,11,0,7,0,4
2022,6,30,15,223,MUNICIPALIDAD DE NANAWA,Municipalidades,60,18,2,1,0,0,1
2022,6,30,15,224,MUNICIPALIDAD DE JOSE FALCON,Municipalidades,109,50,0,0,0,0,0
2022,6,30,15,229,MUNICIPALIDAD DE TTE. 1RO. MANUEL IRALA FERNANDEZ,Municipalidades,59,20,0,0,0,0,0
2022,6,30,15,232,MUNICIPALIDAD DE TENIENTE ESTEBAN MARTINEZ,Municipalidades,51,21,0,0,0,0,0
2022,6,30,15,233,MUNICIPALIDAD DE GENERAL JOSE MARIA BRUGUEZ,Municipalidades,55,22,0,0,0,0,0
2022,6,30,15,258,MUNICIPALIDAD DE CAMPO ACEVAL,Municipalidades,19,6,0,0,0,0,0
2022,6,30,16,228,MUNICIPALIDAD DE MARISCAL JOSE FELIX ESTIGARRIBIA,Municipalidades,132,36,0,0,0,0,0
2022,6,30,16,230,MUNICIPALIDAD DE FILADELFIA,Municipalidades,152,46,1,0,1,0,0
2022,6,30,16,231,MUNICIPALIDAD DE LOMA PLATA,Municipalidades,116,44,2,1,0,0,1
2022,6,30,16,261,MUNICIPALIDAD DE BOQUERON,Municipalidades,50,13,0,0,0,0,0
2022,6,30,17,225,MUNICIPALIDAD DE FUERTE OLIMPO,Municipalidades,50,15,0,0,0,0,0
2022,6,30,17,226,MUNICIPALIDAD DE LA VICTORIA,Municipalidades,54,18,0,0,0,0,0
2022,6,30,17,227,MUNICIPALIDAD DE BAHIA NEGRA,Municipalidades,36,14,0,0,0,0,0
2022,6,30,17,235,MUNICIPALIDAD DE CARMELO PERALTA,Municipalidades,24,4,0,0,0,0,0
2022,6,40,1,1,COMPAÑIA PARAGUAYA DE COMUNICACIONES S.A.,SA del Estado,3547,1148,16,0,0,2,14
2022,6,40,2,1,EMPRESA DE SERVICIOS SANITARIOS DEL PARAGUAY S.A. (ESSAP),SA del Estado,2384,585,29,0,0,5,24
2022,6,40,3,1,CAÑAS PARAGUAYAS S.A. (CAPASA),SA del Estado,159,54,0,0,0,0,0
2023,6,11,1,1,CONGRESO NACIONAL (CN),Poder Legislativo,795,340,19,0,3,5,11
2023,6,11,2,1,HONORABLE CAMARA DE SENADORES (HCS),Poder Legislativo,1002,438,15,0,2,4,9
2023,6,11,3,1,HONORABLE CAMARA DE DIPUTADOS (HCD),Poder Legislativo,2151,917,34,2,12,5,15
2023,6,12,1,2,PRESIDENCIA DE LA REPUBLICA / GABINETE CIVIL,Servicio civil del Ejecutivo,241,116,2,0,1,0,1
2023,6,12,1,3,GABINETE MILITAR (GM),Servicio civil del Ejecutivo,23,11,0,0,0,0,0
2023,6,12,1,4,PROCURADURIA GENERAL DE LA REPUBLICA (PGR),Servicio civil del Ejecutivo,120,52,4,0,0,1,3
2023,6,12,1,6,AUDITORIA GENERAL DEL PODER EJECUTIVO (AGPE),Servicio civil del Ejecutivo,68,31,4,0,0,1,3
2023,6,12,1,7,SECRETARIA TECNICA DE PLANIFICACION DEL DESARROLLO ECONOMICO Y SOCIAL (STP),Servicio civil del Ejecutivo,151,78,7,0,0,3,4
2023,6,12,1,8,SECRETARIA DE LA FUNCION PUBLICA (SFP),Servicio civil del Ejecutivo,85,52,5,1,0,3,1
2023,6,12,1,10,SECRETARIA NACIONAL ANTIDROGAS (SENAD),Servicio civil del Ejecutivo,437,140,5,0,0,3,2
2023,6,12,1,11,CONSEJO DE LA DEFENSA NACIONAL (CODENA),Servicio civil del Ejecutivo,11,1,0,0,0,0,0
2023,6,12,1,12,SECRETARIA DE DESARROLLO PARA REPATRIADOS Y REFUGIADOS CONNACIONALES (SEDEREC),Servicio civil del Ejecutivo,123,63,5,0,0,3,2
2023,6,12,1,13,SECRETARIA NACIONAL DE TURISMO (SENATUR),Servicio civil del Ejecutivo,255,151,8,0,1,4,3
2023,6,12,1,14,SECRETARIA DE PREVENCION DE LAVADO DE DINERO O BIENES (SEPRELAD),Servicio civil del Ejecutivo,76,37,3,0,0,3,0
2023,6,12,1,15,CONSEJO NACIONAL DE CIENCIA Y TECNOLOGIA (CONACYT),Servicio civil del Ejecutivo,124,76,2,0,0,1,1
2023,6,12,1,16,ESCRIBANIA MAYOR DE GOBIERNO (EMG),Servicio civil del Ejecutivo,29,15,0,0,0,0,0
2023,6,12,1,19,SECRETARIA DE EMERGENCIA NACIONAL (SEN),Servicio civil del Ejecutivo,201,59,7,2,4,1,0
2023,6,12,1,20,SECRETARIA NACIONAL DE DEPORTES (SND),Servicio civil del Ejecutivo,108,38,5,1,2,2,0
2023,6,12,1,22,SECRETARIA NACIONAL DE CULTURA (SNC),Servicio civil del Ejecutivo,218,123,8,1,0,4,3
2023,6,12,1,23,GABINETE SOCIAL (GS),Servicio civil del Ejecutivo,26,15,0,0,0,0,0
2023,6,12,1,25,SECRETARIA DE POLITICAS LINGUISTICAS (SPL),Servicio civil del Ejecutivo,35,19,2,0,0,0,2
2023,6,12,1,26,SECRETARIA NACIONAL POR LOS DERECHOS HUMANOS DE LAS PERSONAS CON DISCAPACIDAD (SENADIS),Servicio civil del Ejecutivo,501,293,56,4,7,24,21
2023,6,12,1,28,SECRETARIA NACIONAL DE LA JUVENTUD (SNJ),Servicio civil del Ejecutivo,29,14,2,1,0,0,1
2023,6,12,1,29,SECRETARIA NACIONAL ANTICORRUPCION (SENAC),Servicio civil del Ejecutivo,15,7,0,0,0,0,0
2023,6,12,1,30,ORQUESTA SINFONICA NACIONAL (OSN),Servicio civil del Ejecutivo,81,31,2,1,1,0,0
2023,6,12,1,31,AGENCIA ESPACIAL DEL PARAGUAY(AEP),Servicio civil del Ejecutivo,17,6,0,0,0,0,0
2023,6,12,1,32,SECRETARIA NACIONAL DE ADMINISTRACION DE BIENES INCAUTADOS Y COMISADOS(SENABICO),Servicio civil del Ejecutivo,14,6,0,0,0,0,0
2023,6,12,2,1,VICEPRESIDENCIA DE LA REPUBLICA,Servicio civil del Ejecutivo,77,35,4,0,0,2,2
2023,6,12,3,1,MINISTERIO DEL INTERIOR (MI),Servicio civil del Ejecutivo,247,95,7,0,0,0,7
2023,6,12,3,2,POLICIA NACIONAL (PN),Fuerzas públicas,28271,4974,20,0,0,2,18
2023,6,12,4,1,MINISTERIO DE RELACIONES EXTERIORES (MRE),Servicio civil del Ejecutivo,1298,523,25,0,0,10,15
2023,6,12,5,1,MINISTERIO DE DEFENSA NACIONAL (MDN),Fuerzas públicas,255,122,8,0,0,4,4
2023,6,12,5,2,CENTRO FINANCIERO 1 - COMANDO EN JEFE,Servicio civil del Ejecutivo,262,109,0,0,0,0,0
2023,6,12,5,3,CENTRO FINANCIERO 2 - COMANDO DEL EJERCITO,Servicio civil del Ejecutivo,542,220,1,0,0,0,1
2023,6,12,5,4,CENTRO FINANCIERO 3 - COMANDO DE LA ARMADA,Servicio civil del Ejecutivo,386,115,0,0,0,0,0
2023,6,12,5,5,CENTRO FINANCIERO 4 - COMANDO DE LA FUERZA AEREA,Servicio civil del Ejecutivo,131,62,7,0,0,3,4
2023,6,12,5,6,CENTRO FINANCIERO 5 - COMANDO LOGISTICO,Servicio civil del Ejecutivo,569,272,1,0,0,1,0
2023,6,12,6,1,MINISTERIO DE ECONOMIA Y FINANZAS (MEF),Servicio civil del Ejecutivo,2210,1037,25,2,0,12,11
2023,6,12,7,1,MINISTERIO DE EDUCACION Y CIENCIAS (MEC),Educación,81108,55680,411,0,0,259,152
2023,6,12,8,1,MINISTERIO DE SALUD PUBLICA Y BIENESTAR SOCIAL (MSPBS),Salud,58992,40055,185,11,11,79,84
2023,6,12,9,1,MINISTERIO DE JUSTICIA (MJ),Servicio civil del Ejecutivo,3757,1362,25,1,2,8,14
2023,6,12,10,1,MINISTERIO DE AGRICULTURA Y GANADERIA (MAG),Servicio civil del Ejecutivo,2541,1012,34,0,1,12,21
2023,6,12,11,1,MINISTERIO DE INDUSTRIA Y COMERCIO (MIC),Servicio civil del Ejecutivo,370,158,2,0,0,0,2
2023,6,12,13,1,MINISTERIO DE OBRAS PUBLICAS Y COMUNICACIONES (MOPC),Servicio civil del Ejecutivo,3583,882,57,2,8,11,36
2023,6,12,14,1,MINISTERIO DE LA MUJER (MM),Servicio civil del Ejecutivo,165,140,3,2,1,0,0
2023,6,12,15,1,"MINISTERIO DEL TRABAJO, EMPLEO Y SEGURIDAD SOCIAL (MTESS)",Servicio civil del Ejecutivo,389,211,18,0,0,6,12
2023,6,12,15,2,SERVICIO NACIONAL DE PROMOCION PROFESIONAL (SNPP),Servicio civil del Ejecutivo,2089,1124,35,0,4,13,18
2023,6,12,15,3,SISTEMA NACIONAL DE FORMACION Y CAPACITACION LABORAL (SINAFOCAL),Servicio civil del Ejecutivo,190,111,10,1,1,1,7
2023,6,12,17,1,MINISTERIO DEL AMBIENTE Y DESARROLLO SOSTENIBLE (MADES),Servicio civil del Ejecutivo,383,149,7,0,0,1,6
2023,6,12,18,1,MINISTERIO DE DESARROLLO SOCIAL,Servicio civil del Ejecutivo,1390,766,13,2,3,1,7
2023,6,12,19,1,"MINISTERIO DE URBANISMO, VIVIENDA Y HABITAT",Servicio civil del Ejecutivo,659,352,17,0,0,8,9
2023,6,12,20,1,MINISTERIO DE LA NIÑEZ Y ADOLESCENCIA,Servicio civil del Ejecutivo,750,533,12,3,0,5,4
2023,6,12,21,1,MINISTERIO DE TECNOLOGIAS DE LA INFORMACION Y COMUNICACION,Servicio civil del Ejecutivo,404,162,6,2,2,0,2
2023,6,13,1,1,CORTE SUPREMA DE JUSTICIA (CSJ),Poder Judicial,13723,7888,72,1,6,26,39
2023,6,13,3,1,MINISTERIO PUBLICO (MP),Poder Judicial,5865,3287,17,1,0,5,11
2023,6,13,4,1,CONSEJO DE LA MAGISTRATURA (CM),Poder Judicial,111,52,0,0,0,0,0
2023,6,13,4,2,ESCUELA JUDICIAL (EJ),Poder Judicial,117,53,3,0,2,0,1
2023,6,13,5,1,JURADO DE ENJUICIAMIENTO DE MAGISTRADOS (JEM),Poder Judicial,304,152,11,4,5,1,1
2023,6,13,6,1,MINISTERIO DE LA DEFENSA PUBLICA (MDP),Poder Judicial,2524,1546,18,2,5,8,3
2023,6,13,7,1,SINDICATURA GENERAL DE QUIEBRAS,Poder Judicial,97,40,0,0,0,0,0
2023,6,14,1,1,CONTRALORIA GENERAL DE LA REPUBLICA (CGR),Otros organismos,995,541,7,0,0,4,3
2023,6,15,1,1,DEFENSORIA DEL PUEBLO (DP),Otros organismos,189,128,2,0,2,0,0
2023,6,15,2,1,MECANISMO NACIONAL DE PREVENCION CONTRA LA TORTURA Y OTROS TRATOS O PENAS CRUELES INHUMANOS O DEGRADANTES (MNP),Otros organismos,23,12,0,0,0,0,0
2023,6,21,1,1,BANCO CENTRAL DEL PARAGUAY (BCP),Otros organismos,701,284,7,0,1,2,4
2023,6,22,1,1,I DEPARTAMENTO: GOBERNACION DE CONCEPCION,Gobiernos departamentales,133,55,4,1,2,0,1
2023,6,22,2,1,II DEPARTAMENTO: GOBERNACION DE SAN PEDRO,Gobiernos departamentales,99,47,3,0,1,2,0
2023,6,22,3,1,III DEPARTAMENTO: GOBERNACION DE CORDILLERA,Gobiernos departamentales,90,36,1,0,0,0,1
2023,6,22,4,1,IV DEPARTAMENTO: GOBERNACION DE GUAIRA,Gobiernos departamentales,202,71,3,0,2,0,1
2023,6,22,5,1,V DEPARTAMENTO: GOBERNACION DE CAAGUAZU,Gobiernos departamentales,145,47,3,0,2,0,1
2023,6,22,6,1,VI DEPARTAMENTO: GOBERNACION DE CAAZAPA,Gobiernos departamentales,101,31,6,1,2,0,3
2023,6,22,7,1,VII DEPARTAMENTO: GOBERNACION DE ITAPUA,Gobiernos departamentales,233,87,6,0,3,0,3
2023,6,22,8,1,VIII DEPARTAMENTO: GOBERNACION DE MISIONES,Gobiernos departamentales,115,35,3,0,1,1,1
2023,6,22,9,1,IX DEPARTAMENTO: GOBERNACION DE PARAGUARI,Gobiernos departamentales,172,58,0,0,0,0,0
2023,6,22,10,1,X DEPARTAMENTO: GOBERNACION DE ALTO PARANA,Gobiernos departamentales,212,72,14,4,10,0,0
2023,6,22,11,1,XI DEPARTAMENTO: GOBERNACION CENTRAL,Gobiernos departamentales,153,70,9,1,0,4,4
2023,6,22,12,1,XII DEPARTAMENTO: GOBERNACION DE ÑEEMBUCU,Gobiernos departamentales,107,42,0,0,0,0,0
2023,6,22,13,1,XIII DEPARTAMENTO: GOBERNACION DE AMAMBAY,Gobiernos departamentales,134,61,5,2,3,0,0
2023,6,22,14,1,XIV DEPARTAMENTO: GOBERNACION DE CANINDEYU,Gobiernos departamentales,81,28,2,0,2,0,0
2023,6,22,15,1,XV DEPARTAMENTO: GOBERNACION DE PRESIDENTE HAYES,Gobiernos departamentales,134,50,5,0,2,1,2
2023,6,22,16,1,XVI DEPARTAMENTO: GOBERNACION DE BOQUERON,Gobiernos departamentales,149,61,2,0,0,0,2
2023,6,22,17,1,XVII DEPARTAMENTO: GOBERNACION DE ALTO PARAGUAY,Gobiernos departamentales,48,14,3,0,0,1,2
2023,6,23,1,1,"INSTITUTO NACIONAL DE TECNOLOGIA, NORMALIZACION Y METROLOGIA (INTN)",Entes autónomos y autárquicos,302,158,14,0,0,6,8
2023,6,23,3,1,INSTITUTO NACIONAL DE DESARROLLO RURAL Y DE LA TIERRA (INDERT),Entes autónomos y autárquicos,554,175,22,0,0,3,19
2023,6,23,4,1,DIRECCION DE BENEFICENCIA Y AYUDA SOCIAL (DIBEN),Entes autónomos y autárquicos,93,52,5,0,0,3,2
2023,6,23,6,1,INSTITUTO PARAGUAYO DEL INDIGENA (INDI),Entes autónomos y autárquicos,70,27,0,0,0,0,0
2023,6,23,8,1,FONDO NACIONAL DE LA CULTURA Y LAS ARTES (FONDEC),Entes autónomos y autárquicos,25,12,1,1,0,0,0
2023,6,23,9,1,COMISION NACIONAL DE VALORES (CNV),Entes autónomos y autárquicos,46,23,2,0,0,1,1
2023,6,23,10,1,COMISION NACIONAL DE TELECOMUNICACIONES (CONATEL),Entes autónomos y autárquicos,309,106,13,2,4,2,5
2023,6,23,11,1,DIRECCION NACIONAL DE TRANSPORTE (DINATRAN),Entes autónomos y autárquicos,365,78,9,0,0,1,8
2023,6,23,13,1,ENTE REGULADOR DE SERVICIOS SANITARIOS (ERSSAN),Entes autónomos y autárquicos,108,39,4,2,1,1,0
2023,6,23,14,1,INSTITUTO NACIONAL DE COOPERATIVISMO (INCOOP),Entes autónomos y autárquicos,184,102,9,0,0,4,5
2023,6,23,15,1,DIRECCION NACIONAL DE ADUANAS (DNA),Entes autónomos y autárquicos,1047,208,27,1,10,3,13
2023,6,23,16,1,SERVICIO NACIONAL DE CALIDAD Y SALUD ANIMAL (SENACSA),Entes autónomos y autárquicos,1413,546,51,1,0,11,39
2023,6,23,17,1,INSTITUTO PARAGUAYO DE ARTESANIA (IPA),Entes autónomos y autárquicos,75,48,2,0,0,0,2
2023,6,23,18,1,SERVICIO NACIONAL DE CALIDAD Y SANIDAD VEGETAL Y DE SEMILLA (SENAVE),Entes autónomos y autárquicos,580,225,16,1,1,9,5
2023,6,23,19,1,DIRECCION NACIONAL DE CONTRATACIONES PUBLICAS (DNCP),Entes autónomos y autárquicos,198,107,9,1,2,2,4
2023,6,23,20,1,INSTITUTO FORESTAL NACIONAL (INFONA),Entes autónomos y autárquicos,388,119,10,1,0,5,4
2023,6,23,22,1,INSTITUTO PARAGUAYO DE TECNOLOGIA AGRARIA (IPTA),Entes autónomos y autárquicos,503,177,24,0,4,5,15
2023,6,23,24,1,DIRECCION NACIONAL DE CORREOS DEL PARAGUAY (DINACOPA),Entes autónomos y autárquicos,862,443,32,0,0,15,17
2023,6,23,25,1,DIRECCION NACIONAL DE PROPIEDAD INTELECTUAL (DINAPI),Entes autónomos y autárquicos,122,53,5,0,0,1,4
2023,6,23,26,1,SECRETARIA DE DEFENSA DEL CONSUMIDOR Y EL USUARIO (SEDECO),Entes autónomos y autárquicos,28,13,0,0,0,0,0
2023,6,23,27,1,COMISION NACIONAL DE LA COMPETENCIA (CONACOM),Entes autónomos y autárquicos,30,13,1,0,0,0,1
2023,6,23,28,1,AGENCIA NACIONAL DE TRANSITO Y SEGURIDAD VIAL (ANTSV),Entes autónomos y autárquicos,40,20,1,0,1,0,0
2023,6,23,29,1,CONSEJO NACIONAL DE EDUCACION SUPERIOR (CONES),Entes autónomos y autárquicos,32,18,1,0,0,0,1
2023,6,23,30,1,AGENCIA NACIONAL DE EVALUACION Y ACREDITACION DE LA EDUCACION SUPERIOR (ANEAES),Entes autónomos y autárquicos,31,21,1,0,0,0,1
2023,6,23,31,1,AUTORIDAD REGULADORA RADIOLOGICA Y NUCLEAR (ARRN),Entes autónomos y autárquicos,25,11,0,0,0,0,0
2023,6,23,32,1,SECRETARIA NACIONAL DE INTELIGENCIA (SNI),Entes autónomos y autárquicos,20,10,0,0,0,0,0
2023,6,23,33,1,INSTITUTO SUPERIOR DE BELLAS ARTES,Entes autónomos y autárquicos,170,94,1,0,0,1,0
2023,6,23,34,1,INSTITUTO NACIONAL DE EDUCACIÓN SUPERIOR,Entes autónomos y autárquicos,288,193,4,0,0,2,2
2023,6,23,35,1,"DIRECCIÓN NACIONAL DE DEFENSA, SALUD Y BIENESTAR ANIMAL",Entes autónomos y autárquicos,16,8,0,0,0,0,0
2023,6,23,36,1,INSTITUTO NACIONAL DE ESTADISTICAS,Entes autónomos y autárquicos,1061,563,6,0,0,1,5
2023,6,23,37,1,INSTITUTO NACIONAL DEL AUDIOVISUAL PARAGUAYO,Entes autónomos y autárquicos,5,2,0,0,0,0,0
2023,6,23,38,1,DIRECCIÓN NACIONAL DE VIGILANCIA SANITARIA,Entes autónomos y autárquicos,138,99,3,0,0,2,1
2023,6,23,39,1,DIRECCIÓN NACIONAL DE MIGRACIONES,Entes autónomos y autárquicos,404,188,8,0,0,1,7
2023,6,24,1,1,INSTITUTO DE PREVISION SOCIAL (IPS),Salud,26211,17113,261,2,5,92,162
2023,6,24,2,1,CAJA DE SEGURIDAD SOCIAL DE EMPLEADOS Y OBREROS FERROVIARIOS,Otros organismos,12,3,0,0,0,0,0
2023,6,24,3,1,CAJA DE JUBILACIONES Y PENSIONES DEL PERSONAL DE LA ANDE,Otros organismos,56,21,2,0,0,1,1
2023,6,24,4,1,CAJA DE JUBILACIONES Y PENSIONES DE EMPLEADOS DE BANCOS Y AFINES,Otros organismos,149,60,3,1,1,0,1
2023,6,24,5,1,CAJA DE JUBILACIONES Y PENSIONES DEL PERSONAL MUNICIPAL (CJPPM),Otros organismos,187,91,3,0,0,2,1
2023,6,25,2,1,ADMINISTRACION NACIONAL DE ELECTRICIDAD (ANDE),Empresas públicas,4747,981,143,30,49,16,48
2023,6,25,4,1,ADMINISTRACION NACIONAL DE NAVEGACION Y PUERTOS (ANNP),Empresas públicas,1428,353,14,0,0,2,12
2023,6,25,5,1,DIRECCION NACIONAL DE AERONAUTICA CIVIL (DINAC),Empresas públicas,2155,780,40,1,3,9,27
2023,6,25,6,1,PETROLEOS PARAGUAYOS (PETROPAR),Empresas públicas,821,152,28,0,1,4,23
2023,6,25,7,1,INDUSTRIA NACIONAL DEL CEMENTO (INC),Empresas públicas,905,157,17,0,0,4,13
2023,6,27,1,1,BANCO NACIONAL DE FOMENTO (BNF),Otros organismos,1560,615,18,0,0,7,11
2023,6,27,3,1,CREDITO AGRICOLA DE HABILITACION (CAH),Otros organismos,457,155,17,0,0,2,15
2023,6,27,4,1,FONDO GANADERO (FG),Otros organismos,108,39,3,1,1,1,0
2023,6,27,5,1,CAJA DE PRESTAMOS DEL MINISTERIO DE DEFENSA NACIONAL (CPMDN),Otros organismos,3,3,0,0,0,0,0
2023,6,27,7,1,AGENCIA FINANCIERA DE DESARROLLO (AFD),Otros organismos,95,48,2,0,0,1,1
2023,6,28,1,1,UNA RECTORADO (RECTORADO UNA),Educación,686,353,5,0,0,2,3
2023,6,28,1,2,FACULTAD DE ENFERMERIA Y OBSTETRICIA,Educación,596,427,0,0,0,0,0
2023,6,28,1,3,COLEGIO EXPERIMENTAL PARAGUAY-BRASIL (CEPB),Educación,178,125,0,0,0,0,0
2023,6,28,1,4,FACULTAD DE CIENCIAS AGRARIAS (FCA-UNA),Educación,901,399,7,0,0,2,5
2023,6,28,1,5,UNA FACULTAD CIENCIAS EXACTAS Y NATURALES (FACEN),Educación,670,339,0,0,0,0,0
2023,6,28,1,6,"UNA FACULTAD DE ARQUITECTURA, DISENO Y ARTE",Educación,822,429,1,0,0,0,1
2023,6,28,1,7,FACULTAD DE CIENCIAS ECONOMICAS (FCE),Educación,1581,727,3,0,1,1,1
2023,6,28,1,8,FACULTAD DE CIENCIAS MEDICAS (FCM),Educación,5343,3408,8,0,0,2,6
2023,6,28,1,9,FACULTAD DE CIENCIAS QUIMICAS (FCQ),Educación,444,275,0,0,0,0,0
2023,6,28,1,10,FACULTAD DE DERECHO Y CIENCIAS SOCIALES (FDCS),Educación,1132,438,0,0,0,0,0
2023,6,28,1,11,FACULTAD DE FILOSOFIA (FIL),Educación,991,593,0,0,0,0,0
2023,6,28,1,12,FACULTAD DE INGENIERIA (FIUNA),Educación,1042,331,0,0,0,0,0
2023,6,28,1,13,FACULTAD DE ODONTOLOGIA (FO),Educación,385,265,0,0,0,0,0
2023,6,28,1,14,FACULTAD DE POLITECNICA (FPUNA),Educación,1048,453,4,0,0,2,2
2023,6,28,1,15,FACULTAD DE CIENCIAS VETERINARIAS (FCV),Educación,848,396,0,0,0,0,0
2023,6,28,1,16,INSTITUTO DE INVESTIGACIONES EN CIENCIAS DE LA SALUD (IICS),Educación,151,107,0,0,0,0,0
2023,6,28,1,17,FACULTAD DE CIENCIAS SOCIALES,Educación,110,68,1,0,0,1,0
2023,6,28,2,1,UNIVERSIDAD NACIONAL DEL ESTE (UNE),Educación,1655,888,4,1,0,0,3
2023,6,28,3,1,UNIVERSIDAD NACIONAL DE PILAR (UNP),Educación,750,422,1,0,0,0,1
2023,6,28,4,1,UNIVERSIDAD NACIONAL DE ITAPUA (UNI),Educación,1124,642,15,0,0,4,11
2023,6,28,6,1,UNIVERSIDAD NACIONAL DE VILLARRICA DEL ESPIRITU SANTO (UNVES),Educación,1452,829,1,0,0,1,0
2023,6,28,8,1,UNIVERSIDAD NACIONAL DE CANINDEYU (UNCAN),Educación,90,47,3,0,0,2,1
2023,6,28,10,1,UNIVERSIDAD NACIONAL DE  MISIONES,Educación,79,46,0,0,0,0,0
2023,6,30,1,2,MUNICIPALIDAD DE CONCEPCION,Municipalidades,339,138,2,0,2,0,0
2023,6,30,1,3,MUNICIPALIDAD DE  BELEN,Municipalidades,48,22,0,0,0,0,0
2023,6,30,1,4,MUNICIPALIDAD DE HORQUETA,Municipalidades,82,24,0,0,0,0,0
2023,6,30,1,5,MUNICIPALIDAD DE LORETO,Municipalidades,43,12,1,0,0,0,1
2023,6,30,1,6,MUNICIPALIDAD DE SAN LAZARO,Municipalidades,58,22,2,0,2,0,0
2023,6,30,1,7,MUNICIPALIDAD DE YBYYAU,Municipalidades,18,4,0,0,0,0,0
2023,6,30,1,237,MUNICIPALIDAD DE SAN CARLOS DEL APA,Municipalidades,36,17,0,0,0,0,0
2023,6,30,1,238,MUNICIPALIDAD DE AZOTEY,Municipalidades,45,8,0,0,0,0,0
2023,6,30,1,241,MUNICIPALIDAD DE SARGENTO JOSE FELIX LOPEZ,Municipalidades,28,10,0,0,0,0,0
2023,6,30,1,249,MUNICIPALIDAD DE SAN ALFREDO,Municipalidades,31,16,0,0,0,0,0
2023,6,30,1,257,MUNICIPALIDAD DE PASO HORQUETA,Municipalidades,30,13,0,0,0,0,0
2023,6,30,1,263,MUNICIPALIDAD DE ITACUA,Municipalidades,13,1,0,0,0,0,0
2023,6,30,1,524,MUNICIPALIDAD DE ARROYITO,Municipalidades,22,6,0,0,0,0,0
2023,6,30,2,8,MUNICIPALIDAD DE SAN PEDRO DEL YCUAMANDIYU,Municipalidades,73,29,0,0,0,0,0
2023,6,30,2,11,MUNICIPALIDAD DE GRAL.ELIZARDO AQUINO,Municipalidades,49,16,0,0,0,0,0
2023,6,30,2,12,MUNICIPALIDAD DE ITACURUBI  DEL ROSARIO,Municipalidades,33,13,1,0,1,0,0
2023,6,30,2,13,MUNICIPALIDAD DE LIMA,Municipalidades,47,16,1,0,1,0,0
2023,6,30,2,14,MUNICIPALIDAD DE NUEVA GERMANIA,Municipalidades,12,5,0,0,0,0,0
2023,6,30,2,15,MUNICIPALIDAD DE SAN ESTANISLAO,Municipalidades,91,42,3,1,2,0,0
2023,6,30,2,16,MUNICIPALIDAD DE YRYBUCUA,Municipalidades,50,13,0,0,0,0,0
2023,6,30,2,17,MUNICIPALIDAD DE SAN PABLO,Municipalidades,26,10,0,0,0,0,0
2023,6,30,2,18,MUNICIPALIDAD DE TACUATI,Municipalidades,36,8,0,0,0,0,0
2023,6,30,2,19,MUNICIPALIDAD DE UNION,Municipalidades,37,9,1,0,1,0,0
2023,6,30,2,20,MUNICIPALIDAD DE 25 DE DICIEMBRE,Municipalidades,38,15,1,0,1,0,0
2023,6,30,2,22,MUNICIPALIDAD DE GRAL. F. RESQUIN,Municipalidades,49,15,0,0,0,0,0
2023,6,30,2,23,MUNICIPALIDAD DE YATAITY DEL NORTE,Municipalidades,34,11,0,0,0,0,0
2023,6,30,2,24,MUNICIPALIDAD DE GUAJAYVI,Municipalidades,16,6,2,0,1,0,1
2023,6,30,2,25,MUNICIPALIDAD DE CAPIIBARY,Municipalidades,63,17,0,0,0,0,0
2023,6,30,2,26,MUNICIPALIDAD DE SANTA ROSA DEL AGUARAY,Municipalidades,72,21,1,0,1,0,0
2023,6,30,2,239,MUNICIPALIDAD DE LIBERACION,Municipalidades,48,13,0,0,0,0,0
2023,6,30,2,260,MUNICIPALIDAD DE SAN JOSE DEL ROSARIO,Municipalidades,34,14,0,0,0,0,0
2023,6,30,3,27,MUNICIPALIDAD DE CAACUPE,Municipalidades,243,114,3,1,2,0,0
2023,6,30,3,28,MUNICIPALIDAD DE ALTOS,Municipalidades,51,13,1,0,1,0,0
2023,6,30,3,29,MUNICIPALIDAD DE ARROYOS Y ESTEROS,Municipalidades,63,29,0,0,0,0,0
2023,6,30,3,30,MUNICIPALIDAD DE ATYRA,Municipalidades,55,15,4,0,4,0,0
2023,6,30,3,31,MUNICIPALIDAD DE CARAGUATAY,Municipalidades,46,19,2,1,0,1,0
2023,6,30,3,32,MUNICIPALIDAD DE EMBOSCADA,Municipalidades,67,31,0,0,0,0,0
2023,6,30,3,33,MUNICIPALIDAD DE EUSEBIO AYALA,Municipalidades,86,19,2,0,2,0,0
2023,6,30,3,34,MUNICIPALIDAD DE ISLA PUCU,Municipalidades,38,13,0,0,0,0,0
2023,6,30,3,35,MUNICIPALIDAD DE ITACURUBI DE LA CORDILLERA,Municipalidades,58,29,2,1,1,0,0
2023,6,30,3,36,MUNICIPALIDAD DE JUAN DE MENA,Municipalidades,28,9,0,0,0,0,0
2023,6,30,3,37,MUNICIPALIDAD DE LOMA GRANDE,Municipalidades,34,14,1,0,1,0,0
2023,6,30,3,38,MUNICIPALIDAD DE MBOCAYATY DEL YHAGUY,Municipalidades,18,7,0,0,0,0,0
2023,6,30,3,39,MUNICIPALIDAD DE NUEVA COLOMBIA,Municipalidades,35,18,0,0,0,0,0
2023,6,30,3,42,MUNICIPALIDAD DE SAN BERNARDINO,Municipalidades,261,107,3,0,3,0,0
2023,6,30,3,43,MUNICIPALIDAD DE SANTA ELENA,Municipalidades,41,17,0,0,0,0,0
2023,6,30,3,44,MUNICIPALIDAD DE TOBATI,Municipalidades,98,36,1,0,1,0,0
2023,6,30,3,45,MUNICIPALIDAD DE VALENZUELA,Municipalidades,26,12,1,0,0,0,1
2023,6,30,4,47,MUNICIPALIDAD DE VILLARRICA DEL ESPIRITU SANTO,Municipalidades,334,144,3,0,2,1,0
2023,6,30,4,48,MUNICIPALIDAD DE BORJA,Municipalidades,24,9,0,0,0,0,0
2023,6,30,4,49,MUNICIPALIDAD DE CAPITAN MAURICIO JOSE TROCHE,Municipalidades,38,22,0,0,0,0,0
2023,6,30,4,50,MUNICIPALIDAD DE CORONEL MARTINEZ,Municipalidades,39,20,0,0,0,0,0
2023,6,30,4,51,MUNICIPALIDAD DE FELIX PEREZ CARDOZO,Municipalidades,36,13,0,0,0,0,0
2023,6,30,4,53,MUNICIPALIDAD DE INDEPENDENCIA,Municipalidades,44,23,0,0,0,0,0
2023,6,30,4,54,MUNICIPALIDAD DE ITAPE,Municipalidades,32,11,0,0,0,0,0
2023,6,30,4,55,MUNICIPALIDAD DE ITURBE,Municipalidades,51,16,0,0,0,0,0
2023,6,30,4,56,MUNICIPALIDAD DE JOSE A. FASSARDI,Municipalidades,34,11,0,0,0,0,0
2023,6,30,4,57,MUNICIPALIDAD DE MBOCAYATY DEL GUAIRA,Municipalidades,29,8,0,0,0,0,0
2023,6,30,4,58,MUNICIPALIDAD DE NATALICIO TALAVERA,Municipalidades,34,10,1,0,1,0,0
2023,6,30,4,59,MUNICIPALIDAD DE ÑUMI,Municipalidades,31,9,0,0,0,0,0
2023,6,30,4,60,MUNICIPALIDAD DE SAN SALVADOR,Municipalidades,40,13,0,0,0,0,0
2023,6,30,4,61,MUNICIPALIDAD DE YATAITY DEL GUAIRA,Municipalidades,24,10,1,1,0,0,0
2023,6,30,4,62,MUNICIPALIDAD DE DR. BOTRELL,Municipalidades,39,19,1,0,0,0,1
2023,6,30,4,63,MUNICIPALIDAD DE PASO YOBAI,Municipalidades,37,8,0,0,0,0,0
2023,6,30,4,234,MUNICIPALIDAD DE TEBICUARY,Municipalidades,50,20,2,0,2,0,0
2023,6,30,5,64,MUNICIPALIDAD DE CORONEL OVIEDO,Municipalidades,343,130,7,0,1,2,4
2023,6,30,5,65,MUNICIPALIDAD DE CAAGUAZU,Municipalidades,201,62,2,1,1,0,0
2023,6,30,5,66,MUNICIPALIDAD DE CARAYAO,Municipalidades,40,10,0,0,0,0,0
2023,6,30,5,67,MUNICIPALIDAD DE DR. CECILIO BAEZ,Municipalidades,41,14,0,0,0,0,0
2023,6,30,5,68,MUNICIPALIDAD DE SANTA.ROSA DEL MBUTUY,Municipalidades,28,9,1,0,1,0,0
2023,6,30,5,69,MUNICIPALIDAD DE DR. JUAN MANUEL FRUTOS,Municipalidades,19,5,1,0,0,0,1
2023,6,30,5,70,MUNICIPALIDAD DE REPATRIACION,Municipalidades,56,16,0,0,0,0,0
2023,6,30,5,71,MUNICIPALIDAD DE NUEVA LONDRES,Municipalidades,27,10,1,1,0,0,0
2023,6,30,5,72,MUNICIPALIDAD DE SAN JOAQUIN,Municipalidades,28,5,0,0,0,0,0
2023,6,30,5,73,MUNICIPALIDAD DE SAN JOSE DE LOS ARROYOS,Municipalidades,65,16,2,1,1,0,0
2023,6,30,5,74,MUNICIPALIDAD DE YHU,Municipalidades,59,21,0,0,0,0,0
2023,6,30,5,75,MUNICIPALIDAD DE DR. J. EULOGIO ESTIGARRIBIA,Municipalidades,123,42,0,0,0,0,0
2023,6,30,5,76,MUNICIPALIDAD DE R.I. 3 CORRALES,Municipalidades,37,9,0,0,0,0,0
2023,6,30,5,77,MUNICIPALIDAD DE RAUL ARSENIO OVIEDO,Municipalidades,43,10,0,0,0,0,0
2023,6,30,5,78,MUNICIPALIDAD DE JOSE DOMINGO OCAMPOS,Municipalidades,62,23,0,0,0,0,0
2023,6,30,5,79,MUNICIPALIDAD DE MARISCAL FRANCISCO SOLANO LOPEZ,Municipalidades,38,10,0,0,0,0,0
2023,6,30,5,81,MUNICIPALIDAD DE 3 DE FEBRERO,Municipalidades,50,15,1,1,0,0,0
2023,6,30,5,82,MUNICIPALIDAD DE SIMON BOLIVAR,Municipalidades,37,10,0,0,0,0,0
2023,6,30,5,83,MUNICIPALIDAD DE VAQUERIA,Municipalidades,25,8,0,0,0,0,0
2023,6,30,5,233,MUNICIPALIDAD DE TEMBIAPORA,Municipalidades,32,9,0,0,0,0,0
2023,6,30,5,243,MUNICIPALIDAD DE NUEVA TOLEDO,Municipalidades,27,10,0,0,0,0,0
2023,6,30,6,84,MUNICIPALIDAD DE CAAZAPA,Municipalidades,107,25,1,0,0,0,1
2023,6,30,6,85,MUNICIPALIDAD DE ABAI,Municipalidades,86,43,0,0,0,0,0
2023,6,30,6,86,MUNICIPALIDAD DE BUENA VISTA,Municipalidades,46,7,1,0,1,0,0
2023,6,30,6,87,MUNICIPALIDAD DE DR. MOISES BERTONI,Municipalidades,30,10,0,0,0,0,0
2023,6,30,6,88,MUNICIPALIDAD DE GRAL.MORINIGO,Municipalidades,31,10,2,0,2,0,0
2023,6,30,6,89,MUNICIPALIDAD DE MACIEL,Municipalidades,41,13,0,0,0,0,0
2023,6,30,6,90,MUNICIPALIDAD DE SAN JUAN NEPOMUCENO,Municipalidades,74,31,0,0,0,0,0
2023,6,30,6,91,MUNICIPALIDAD DE TAVAI,Municipalidades,32,6,0,0,0,0,0
2023,6,30,6,92,MUNICIPALIDAD DE FULGENCIO YEGROS,Municipalidades,40,10,1,0,1,0,0
2023,6,30,6,93,MUNICIPALIDAD DE YUTY,Municipalidades,84,35,0,0,0,0,0
2023,6,30,6,245,MUNICIPALIDAD DE 3 DE MAYO,Municipalidades,38,9,0,0,0,0,0
2023,6,30,7,94,MUNICIPALIDAD DE ENCARNACION,Municipalidades,1460,552,13,0,11,0,2
2023,6,30,7,95,MUNICIPALIDAD DE BELLA VISTA,Municipalidades,75,22,1,1,0,0,0
2023,6,30,7,96,MUNICIPALIDAD DE CAMBYRETA,Municipalidades,200,74,4,1,3,0,0
2023,6,30,7,97,MUNICIPALIDAD DE CAPITAN MEZA,Municipalidades,71,23,2,0,1,0,1
2023,6,30,7,98,MUNICIPALIDAD DE CAPITAN MIRANDA,Municipalidades,71,25,1,0,1,0,0
2023,6,30,7,99,MUNICIPALIDAD DE NUEVA ALBORADA,Municipalidades,38,16,0,0,0,0,0
2023,6,30,7,100,MUNICIPALIDAD DE CARMEN DEL PARANA,Municipalidades,80,23,0,0,0,0,0
2023,6,30,7,101,MUNICIPALIDAD DE CORONEL BOGADO,Municipalidades,95,20,0,0,0,0,0
2023,6,30,7,102,MUNICIPALIDAD DE CARLOS ANTONIO LOPEZ,Municipalidades,76,16,2,0,1,0,1
2023,6,30,7,103,MUNICIPALIDAD DE NATALIO,Municipalidades,75,24,0,0,0,0,0
2023,6,30,7,104,MUNICIPALIDAD DE FRAM,Municipalidades,64,22,0,0,0,0,0
2023,6,30,7,105,MUNICIPALIDAD DE GENERAL ARTIGAS,Municipalidades,56,25,3,0,2,0,1
2023,6,30,7,106,MUNICIPALIDAD DE GENERAL DELGADO,Municipalidades,47,15,1,0,1,0,0
2023,6,30,7,107,MUNICIPALIDAD DE HOHENAU,Municipalidades,120,36,2,0,2,0,0
2023,6,30,7,108,MUNICIPALIDAD DE JESUS,Municipalidades,39,21,0,0,0,0,0
2023,6,30,7,109,MUNICIPALIDAD DE JOSE LEANDRO OVIEDO,Municipalidades,45,23,1,0,1,0,0
2023,6,30,7,110,MUNICIPALIDAD DE OBLIGADO,Municipalidades,120,42,1,0,1,0,0
2023,6,30,7,111,MUNICIPALIDAD DE MAYOR OTAÑO,Municipalidades,53,20,0,0,0,0,0
2023,6,30,7,112,MUNICIPALIDAD DE SAN COSME Y SAN DAMIAN,Municipalidades,72,31,2,0,2,0,0
2023,6,30,7,113,MUNICIPALIDAD DE SAN PEDRO DEL PARANA,Municipalidades,111,36,1,1,0,0,0
2023,6,30,7,114,MUNICIPALIDAD DE SAN RAFAEL DEL PARANA,Municipalidades,105,29,1,0,1,0,0
2023,6,30,7,115,MUNICIPALIDAD DE TRINIDAD,Municipalidades,40,20,0,0,0,0,0
2023,6,30,7,116,MUNICIPALIDAD DE EDELIRA,Municipalidades,65,26,0,0,0,0,0
2023,6,30,7,117,MUNICIPALIDAD DE TOMAS ROMERO PEREIRA,Municipalidades,117,38,0,0,0,0,0
2023,6,30,7,118,MUNICIPALIDAD DE ALTO VERA,Municipalidades,48,8,0,0,0,0,0
2023,6,30,7,119,MUNICIPALIDAD DE LA PAZ,Municipalidades,34,15,0,0,0,0,0
2023,6,30,7,120,MUNICIPALIDAD DE YATYTAY,Municipalidades,67,18,0,0,0,0,0
2023,6,30,7,121,MUNICIPALIDAD DE SAN JUAN DEL PARANA,Municipalidades,115,41,0,0,0,0,0
2023,6,30,7,122,MUNICIPALIDAD DE PIRAPO,Municipalidades,69,26,3,1,2,0,0
2023,6,30,7,123,MUNICIPALIDAD DE ITAPUA POTY,Municipalidades,48,13,1,0,1,0,0
2023,6,30,8,124,MUNICIPALIDAD DE SAN JUAN BAUSTISTA DE LAS MISIONES,Municipalidades,97,30,0,0,0,0,0
2023,6,30,8,125,MUNICIPALIDAD DE AYOLAS,Municipalidades,129,52,2,0,2,0,0
2023,6,30,8,126,MUNICIPALIDAD DE SAN IGNACIO GUAZU,Municipalidades,164,56,3,0,3,0,0
2023,6,30,8,127,MUNICIPALIDAD DE SAN MIGUEL MISIONES,Municipalidades,59,18,3,1,1,0,1
2023,6,30,8,129,MUNICIPALIDAD DE SANTA MARIA,Municipalidades,50,19,0,0,0,0,0
2023,6,30,8,130,MUNICIPALIDAD DE SANTA ROSA MISIONES,Municipalidades,95,39,0,0,0,0,0
2023,6,30,8,131,MUNICIPALIDAD DE SANTIAGO,Municipalidades,59,26,0,0,0,0,0
2023,6,30,8,132,MUNICIPALIDAD DE VILLA FLORIDA,Municipalidades,80,22,0,0,0,0,0
2023,6,30,8,133,MUNICIPALIDAD DE YABEBYRY,Municipalidades,49,21,0,0,0,0,0
2023,6,30,9,134,MUNICIPALIDAD DE PARAGUARI,Municipalidades,199,98,0,0,0,0,0
2023,6,30,9,135,MUNICIPALIDAD DE ACAHAY,Municipalidades,56,20,0,0,0,0,0
2023,6,30,9,137,MUNICIPALIDAD DE GENERAL CABALLERO,Municipalidades,44,13,1,0,0,0,1
2023,6,30,9,138,MUNICIPALIDAD DE CARAPEGUA,Municipalidades,126,40,0,0,0,0,0
2023,6,30,9,139,MUNICIPALIDAD DE ESCOBAR,Municipalidades,38,21,0,0,0,0,0
2023,6,30,9,140,MUNICIPALIDAD DE LA COLMENA,Municipalidades,53,16,1,1,0,0,0
2023,6,30,9,141,MUNICIPALIDAD DE MBUYAPEY,Municipalidades,41,10,3,0,0,1,2
2023,6,30,9,142,MUNICIPALIDAD DE PIRAYU,Municipalidades,60,29,1,1,0,0,0
2023,6,30,9,143,MUNICIPALIDAD DE QUIINDY,Municipalidades,91,33,1,1,0,0,0
2023,6,30,9,144,MUNICIPALIDAD DE QUYQUYHO,Municipalidades,26,9,0,0,0,0,0
2023,6,30,9,145,MUNICIPALIDAD DE SAN ROQUE GONZALEZ DE SANTA CRUZ,Municipalidades,30,11,0,0,0,0,0
2023,6,30,9,146,MUNICIPALIDAD DE SAPUCAI,Municipalidades,37,15,1,0,1,0,0
2023,6,30,9,147,MUNICIPALIDAD DE TEBICUARYMI,Municipalidades,36,12,0,0,0,0,0
2023,6,30,9,148,MUNICIPALIDAD DE YAGUARON,Municipalidades,87,31,0,0,0,0,0
2023,6,30,9,149,MUNICIPALIDAD DE YBYCUI,Municipalidades,66,27,2,0,2,0,0
2023,6,30,9,150,MUNICIPALIDAD DE YBYTYMI,Municipalidades,28,9,0,0,0,0,0
2023,6,30,9,252,MUNICIPALIDAD DE MARÍA ANTONIA,Municipalidades,40,9,0,0,0,0,0
2023,6,30,10,151,MUNICIPALIDAD DE CIUDAD DEL ESTE,Municipalidades,2248,1079,19,8,10,0,1
2023,6,30,10,152,MUNICIPALIDAD DE PRESIDENTE FRANCO,Municipalidades,463,167,3,0,3,0,0
2023,6,30,10,153,MUNICIPALIDAD DE DOMINGO MARTINEZ DE IRALA,Municipalidades,58,14,3,0,3,0,0
2023,6,30,10,154,MUNICIPALIDAD DE JUAN LEON MALLORQUIN,Municipalidades,64,27,2,1,1,0,0
2023,6,30,10,155,MUNICIPALIDAD DE HERNANDARIAS,Municipalidades,614,285,9,2,6,0,1
2023,6,30,10,156,MUNICIPALIDAD DE SANTA FE DEL PARANA,Municipalidades,60,32,1,0,0,0,1
2023,6,30,10,157,MUNICIPALIDAD DE ITAKYRY,Municipalidades,88,23,1,0,1,0,0
2023,6,30,10,158,MUNICIPALIDAD DE JUAN E. O'LEARY,Municipalidades,54,19,0,0,0,0,0
2023,6,30,10,159,MUNICIPALIDAD DE ÑACUNDAY,Municipalidades,48,17,2,0,0,0,2
2023,6,30,10,160,MUNICIPALIDAD DE YGUAZU,Municipalidades,48,12,3,0,3,0,0
2023,6,30,10,161,MUNICIPALIDAD DE LOS CEDRALES,Municipalidades,77,27,0,0,0,0,0
2023,6,30,10,162,MUNICIPALIDAD DE MINGA GUAZU,Municipalidades,238,88,12,1,10,0,1
2023,6,30,10,163,MUNICIPALIDAD DE SAN CRISTOBAL,Municipalidades,55,15,0,0,0,0,0
2023,6,30,10,164,MUNICIPALIDAD DE SANTA RITA,Municipalidades,180,63,6,0,4,1,1
2023,6,30,10,165,MUNICIPALIDAD DE NARANJAL,Municipalidades,75,29,1,0,1,0,0
2023,6,30,10,166,MUNICIPALIDAD DE STA. ROSA DEL MONDAY,Municipalidades,56,17,1,0,1,0,0
2023,6,30,10,167,MUNICIPALIDAD DE MINGA PORA,Municipalidades,77,31,2,0,2,0,0
2023,6,30,10,168,MUNICIPALIDAD DE MBARACAYU,Municipalidades,68,27,0,0,0,0,0
2023,6,30,10,169,MUNICIPALIDAD DE SAN ALBERTO,Municipalidades,102,34,4,0,3,0,1
2023,6,30,10,170,MUNICIPALIDAD DE IRUÑA,Municipalidades,46,13,1,1,0,0,0
2023,6,30,10,240,MUNICIPALIDAD DE TAVAPY,Municipalidades,56,18,1,0,1,0,0
2023,6,30,10,246,MUNICIPALIDAD DE DR. RAUL PENA,Municipalidades,28,4,1,0,1,0,0
2023,6,30,11,171,MUNICIPALIDAD DE AREGUA,Municipalidades,182,83,4,2,1,1,0
2023,6,30,11,172,MUNICIPALIDAD DE CAPIATA,Municipalidades,760,376,2,0,2,0,0
2023,6,30,11,173,MUNICIPALIDAD DE FERNANDO DE LA MORA,Municipalidades,1132,516,14,4,7,1,2
2023,6,30,11,174,MUNICIPALIDAD DE GUARAMBARE,Municipalidades,150,69,1,0,1,0,0
2023,6,30,11,175,MUNICIPALIDAD DE ITA,Municipalidades,156,54,1,0,1,0,0
2023,6,30,11,176,MUNICIPALIDAD DE ITAUGUA,Municipalidades,313,140,2,0,2,0,0
2023,6,30,11,177,MUNICIPALIDAD DE LAMBARE,Municipalidades,790,333,3,0,3,0,0
2023,6,30,11,178,MUNICIPALIDAD DE LIMPIO,Municipalidades,328,169,12,0,0,4,8
2023,6,30,11,179,MUNICIPALIDAD DE LUQUE,Municipalidades,953,406,15,3,8,1,3
2023,6,30,11,180,MUNICIPALIDAD DE MARIANO ROQUE ALONSO,Municipalidades,493,271,0,0,0,0,0
2023,6,30,11,181,MUNICIPALIDAD DE NUEVA ITALIA,Municipalidades,58,25,2,0,2,0,0
2023,6,30,11,182,MUNICIPALIDAD DE ÑEMBY,Municipalidades,397,142,7,1,4,0,2
2023,6,30,11,183,MUNICIPALIDAD DE SAN ANTONIO,Municipalidades,160,60,2,1,1,0,0
2023,6,30,11,184,MUNICIPALIDAD DE SAN LORENZO,Municipalidades,1418,650,18,8,6,1,3
2023,6,30,11,185,MUNICIPALIDAD DE VILLA ELISA,Municipalidades,394,178,2,0,0,0,2
2023,6,30,11,186,MUNICIPALIDAD DE VILLETA,Municipalidades,190,83,1,1,0,0,0
2023,6,30,11,187,MUNICIPALIDAD DE YPACARAI,Municipalidades,121,38,0,0,0,0,0
2023,6,30,11,188,MUNICIPALIDAD DE YPANE,Municipalidades,124,56,0,0,0,0,0
2023,6,30,11,189,MUNICIPALIDAD DE J. AUGUSTO SALDIVAR,Municipalidades,125,45,0,0,0,0,0
2023,6,30,12,190,MUNICIPALIDAD DE PILAR,Municipalidades,155,66,1,0,1,0,0
2023,6,30,12,191,MUNICIPALIDAD DE ALBERDI,Municipalidades,34,13,0,0,0,0,0
2023,6,30,12,192,MUNICIPALIDAD DE CERRITO,Municipalidades,104,49,0,0,0,0,0
2023,6,30,12,193,MUNICIPALIDAD DE DESMOCHADOS,Municipalidades,24,8,0,0,0,0,0
2023,6,30,12,194,MUNICIPALIDAD DE GENERAL JOSE EDUVIGIS DIAZ,Municipalidades,34,11,0,0,0,0,0
2023,6,30,12,195,MUNICIPALIDAD DE GUAZU CUA,Municipalidades,44,14,0,0,0,0,0
2023,6,30,12,196,MUNICIPALIDAD DE HUMAITA,Municipalidades,57,21,0,0,0,0,0
2023,6,30,12,197,MUNICIPALIDAD DE ISLA UMBU,Municipalidades,26,10,0,0,0,0,0
2023,6,30,12,199,MUNICIPALIDAD DE MAYOR JOSE D. MARTINEZ,Municipalidades,44,20,0,0,0,0,0
2023,6,30,12,200,MUNICIPALIDAD DE PASO DE PATRIA,Municipalidades,37,12,0,0,0,0,0
2023,6,30,12,201,MUNICIPALIDAD DE SAN JUAN BAUTISTA DE ÑEEMBUCU,Municipalidades,39,17,0,0,0,0,0
2023,6,30,12,202,MUNICIPALIDAD DE TACUARAS,Municipalidades,44,17,0,0,0,0,0
2023,6,30,12,203,MUNICIPALIDAD DE VILLA FRANCA,Municipalidades,39,16,1,1,0,0,0
2023,6,30,12,204,MUNICIPALIDAD DE VILLA OLIVA,Municipalidades,13,7,0,0,0,0,0
2023,6,30,12,205,MUNICIPALIDAD DE VILLALBIN,Municipalidades,42,18,1,0,0,1,0
2023,6,30,13,206,MUNICIPALIDAD DE PEDRO J. CABALLERO,Municipalidades,463,147,2,0,2,0,0
2023,6,30,13,207,MUNICIPALIDAD DE BELLA VISTA - NORTE,Municipalidades,44,12,1,0,1,0,0
2023,6,30,13,208,MUNICIPALIDAD DE CAPITAN BADO,Municipalidades,78,26,1,0,0,0,1
2023,6,30,13,242,MUNICIPALIDAD DE ZANJA PYTA,Municipalidades,30,10,0,0,0,0,0
2023,6,30,13,250,MUNICIPALIDAD DE KARAPAI,Municipalidades,28,7,0,0,0,0,0
2023,6,30,13,259,MUNICIPALIDAD DE CERRO CORÁ,Municipalidades,33,15,0,0,0,0,0
2023,6,30,14,209,MUNICIPALIDAD DE SALTO DEL GUAIRA,Municipalidades,266,105,0,0,0,0,0
2023,6,30,14,210,MUNICIPALIDAD DE CORPUS CHRISTI,Municipalidades,62,10,0,0,0,0,0
2023,6,30,14,211,MUNICIPALIDAD DE VILLA CURUGUATY,Municipalidades,107,33,1,1,0,0,0
2023,6,30,14,212,MUNICIPALIDAD DE YASY CAÑY,Municipalidades,51,17,0,0,0,0,0
2023,6,30,14,213,MUNICIPALIDAD DE VILLA YGATIMI,Municipalidades,49,12,0,0,0,0,0
2023,6,30,14,214,MUNICIPALIDAD DE ITANARA,Municipalidades,33,9,0,0,0,0,0
2023,6,30,14,215,MUNICIPALIDAD DE YPE JHU,Municipalidades,36,6,0,0,0,0,0
2023,6,30,14,216,MUNICIPALIDAD DE GENERAL FRANCISCO CABALLERO ALVAREZ,Municipalidades,59,24,0,0,0,0,0
2023,6,30,14,217,MUNICIPALIDAD DE KATUETE,Municipalidades,112,37,2,0,2,0,0
2023,6,30,14,218,MUNICIPALIDAD DE LA PALOMA,Municipalidades,61,22,0,0,0,0,0
2023,6,30,14,219,MUNICIPALIDAD DE NUEVA ESPERANZA,Municipalidades,84,29,0,0,0,0,0
2023,6,30,14,244,MUNICIPALIDAD DE YVYRAROBANA,Municipalidades,25,7,0,0,0,0,0
2023,6,30,14,247,MUNICIPALIDAD DE YBY PYTA,Municipalidades,36,10,0,0,0,0,0
2023,6,30,14,251,MUNICIPALIDAD DE MARACANA,Municipalidades,37,12,0,0,0,0,0
2023,6,30,14,255,MUNICIPALIDAD DE PUERTO ADELA,Municipalidades,26,6,0,0,0,0,0
2023,6,30,14,256,MUNICIPALIDAD DE LAUREL,Municipalidades,32,10,0,0,0,0,0
2023,6,30,15,220,MUNICIPALIDAD DE BENJAMIN ACEVAL,Municipalidades,111,35,2,0,2,0,0
2023,6,30,15,221,MUNICIPALIDAD DE PUERTO PINASCO,Municipalidades,92,30,2,0,1,0,1
2023,6,30,15,222,MUNICIPALIDAD DE VILLA HAYES,Municipalidades,281,111,10,0,6,0,4
2023,6,30,15,223,MUNICIPALIDAD DE NANAWA,Municipalidades,58,18,2,1,0,0,1
2023,6,30,15,224,MUNICIPALIDAD DE JOSE FALCON,Municipalidades,113,55,0,0,0,0,0
2023,6,30,15,229,MUNICIPALIDAD DE TTE. 1RO. MANUEL IRALA FERNANDEZ,Municipalidades,55,19,0,0,0,0,0
2023,6,30,15,232,MUNICIPALIDAD DE TENIENTE ESTEBAN MARTINEZ,Municipalidades,47,17,0,0,0,0,0
2023,6,30,15,233,MUNICIPALIDAD DE GENERAL JOSE MARIA BRUGUEZ,Municipalidades,50,18,0,0,0,0,0
2023,6,30,15,258,MUNICIPALIDAD DE CAMPO ACEVAL,Municipalidades,25,8,0,0,0,0,0
2023,6,30,15,262,MUNICIPALIDAD DE NUEVA ASUNCION,Municipalidades,32,16,0,0,0,0,0
2023,6,30,16,228,MUNICIPALIDAD DE MARISCAL JOSE FELIX ESTIGARRIBIA,Municipalidades,118,31,0,0,0,0,0
2023,6,30,16,230,MUNICIPALIDAD DE FILADELFIA,Municipalidades,164,48,1,0,1,0,0
2023,6,30,16,231,MUNICIPALIDAD DE LOMA PLATA,Municipalidades,126,50,2,1,0,0,1
2023,6,30,16,261,MUNICIPALIDAD DE BOQUERON,Municipalidades,59,22,0,0,0,0,0
2023,6,30,17,225,MUNICIPALIDAD DE FUERTE OLIMPO,Municipalidades,48,14,0,0,0,0,0
2023,6,30,17,226,MUNICIPALIDAD DE LA VICTORIA,Municipalidades,55,19,0,0,0,0,0
2023,6,30,17,227,MUNICIPALIDAD DE BAHIA NEGRA,Municipalidades,35,14,0,0,0,0,0
2023,6,30,17,235,MUNICIPALIDAD DE CARMELO PERALTA,Municipalidades,25,5,0,0,0,0,0
2023,6,40,1,1,COMPAÑIA PARAGUAYA DE COMUNICACIONES S.A.,SA del Estado,3011,1100,16,0,0,2,14
2023,6,40,2,1,EMPRESA DE SERVICIOS SANITARIOS DEL PARAGUAY S.A. (ESSAP),SA del Estado,2208,519,29,0,0,5,24
2023,6,40,3,1,CAÑAS PARAGUAYAS S.A. (CAPASA),SA del Estado,169,58,0,0,0,0,0
2024,6,11,1,1,CONGRESO NACIONAL (CN),Poder Legislativo,762,338,42,0,2,9,31
2024,6,11,2,1,HONORABLE CAMARA DE SENADORES (HCS),Poder Legislativo,1082,469,29,4,4,6,15
2024,6,11,3,1,HONORABLE CAMARA DE DIPUTADOS (HCD),Poder Legislativo,2163,946,32,3,9,5,15
2024,6,12,1,2,PRESIDENCIA DE LA REPUBLICA / GABINETE CIVIL,Servicio civil del Ejecutivo,260,122,2,0,1,0,1
2024,6,12,1,3,GABINETE MILITAR (GM),Servicio civil del Ejecutivo,19,9,0,0,0,0,0
2024,6,12,1,4,PROCURADURIA GENERAL DE LA REPUBLICA (PGR),Servicio civil del Ejecutivo,106,47,4,0,0,1,3
2024,6,12,1,10,SECRETARIA NACIONAL ANTIDROGAS (SENAD),Servicio civil del Ejecutivo,458,142,5,0,0,3,2
2024,6,12,1,11,CONSEJO DE LA DEFENSA NACIONAL (CODENA),Servicio civil del Ejecutivo,12,1,0,0,0,0,0
2024,6,12,1,12,SECRETARIA DE DESARROLLO PARA REPATRIADOS Y REFUGIADOS CONNACIONALES (SEDEREC),Servicio civil del Ejecutivo,121,64,5,0,0,3,2
2024,6,12,1,13,SECRETARIA NACIONAL DE TURISMO (SENATUR),Servicio civil del Ejecutivo,247,140,8,0,1,4,3
2024,6,12,1,14,SECRETARIA DE PREVENCION DE LAVADO DE DINERO O BIENES (SEPRELAD),Servicio civil del Ejecutivo,76,39,3,0,0,3,0
2024,6,12,1,15,CONSEJO NACIONAL DE CIENCIA Y TECNOLOGIA (CONACYT),Servicio civil del Ejecutivo,121,74,2,0,0,1,1
2024,6,12,1,16,ESCRIBANIA MAYOR DE GOBIERNO (EMG),Servicio civil del Ejecutivo,28,14,0,0,0,0,0
2024,6,12,1,19,SECRETARIA DE EMERGENCIA NACIONAL (SEN),Servicio civil del Ejecutivo,190,54,6,1,4,1,0
2024,6,12,1,20,SECRETARIA NACIONAL DE DEPORTES (SND),Servicio civil del Ejecutivo,109,37,6,1,2,2,1
2024,6,12,1,22,SECRETARIA NACIONAL DE CULTURA (SNC),Servicio civil del Ejecutivo,216,123,5,0,0,3,2
2024,6,12,1,25,SECRETARIA DE POLITICAS LINGUISTICAS (SPL),Servicio civil del Ejecutivo,36,18,2,0,0,0,2
2024,6,12,1,26,SECRETARIA NACIONAL POR LOS DERECHOS HUMANOS DE LAS PERSONAS CON DISCAPACIDAD (SENADIS),Servicio civil del Ejecutivo,484,285,54,4,7,24,19
2024,6,12,1,28,SECRETARIA NACIONAL DE LA JUVENTUD (SNJ),Servicio civil del Ejecutivo,30,19,1,0,0,0,1
2024,6,12,1,29,SECRETARIA NACIONAL ANTICORRUPCION (SENAC),Servicio civil del Ejecutivo,13,7,0,0,0,0,0
2024,6,12,1,30,ORQUESTA SINFONICA NACIONAL (OSN),Servicio civil del Ejecutivo,85,35,2,1,1,0,0
2024,6,12,1,31,AGENCIA ESPACIAL DEL PARAGUAY(AEP),Servicio civil del Ejecutivo,17,6,0,0,0,0,0
2024,6,12,1,32,SECRETARIA NACIONAL DE ADMINISTRACION DE BIENES INCAUTADOS Y COMISADOS(SENABICO),Servicio civil del Ejecutivo,19,8,0,0,0,0,0
2024,6,12,2,1,VICEPRESIDENCIA DE LA REPUBLICA,Servicio civil del Ejecutivo,79,37,4,0,0,2,2
2024,6,12,3,1,MINISTERIO DEL INTERIOR (MI),Servicio civil del Ejecutivo,243,92,6,0,0,0,6
2024,6,12,3,2,POLICIA NACIONAL (PN),Fuerzas públicas,28611,5091,17,0,0,2,15
2024,6,12,4,1,MINISTERIO DE RELACIONES EXTERIORES (MRE),Servicio civil del Ejecutivo,1105,433,24,0,0,10,14
2024,6,12,5,1,MINISTERIO DE DEFENSA NACIONAL (MDN),Fuerzas públicas,248,117,8,0,0,4,4
2024,6,12,5,2,CENTRO FINANCIERO 1 - COMANDO EN JEFE,Servicio civil del Ejecutivo,246,100,0,0,0,0,0
2024,6,12,5,3,CENTRO FINANCIERO 2 - COMANDO DEL EJERCITO,Servicio civil del Ejecutivo,509,209,1,0,0,0,1
2024,6,12,5,4,CENTRO FINANCIERO 3 - COMANDO DE LA ARMADA,Servicio civil del Ejecutivo,354,109,0,0,0,0,0
2024,6,12,5,5,CENTRO FINANCIERO 4 - COMANDO DE LA FUERZA AEREA,Servicio civil del Ejecutivo,119,59,5,0,0,3,2
2024,6,12,5,6,CENTRO FINANCIERO 5 - COMANDO LOGISTICO,Servicio civil del Ejecutivo,553,261,1,0,0,1,0
2024,6,12,6,1,MINISTERIO DE ECONOMIA Y FINANZAS (MEF),Servicio civil del Ejecutivo,1401,672,31,1,0,16,14
2024,6,12,7,1,MINISTERIO DE EDUCACION Y CIENCIAS (MEC),Educación,82930,57373,447,3,0,281,163
2024,6,12,8,1,MINISTERIO DE SALUD PUBLICA Y BIENESTAR SOCIAL (MSPBS),Salud,59483,40371,180,11,10,79,80
2024,6,12,9,1,MINISTERIO DE JUSTICIA (MJ),Servicio civil del Ejecutivo,4025,1467,20,0,0,7,13
2024,6,12,10,1,MINISTERIO DE AGRICULTURA Y GANADERIA (MAG),Servicio civil del Ejecutivo,2423,972,0,0,0,0,0
2024,6,12,11,1,MINISTERIO DE INDUSTRIA Y COMERCIO (MIC),Servicio civil del Ejecutivo,363,154,2,0,0,0,2
2024,6,12,13,1,MINISTERIO DE OBRAS PUBLICAS Y COMUNICACIONES (MOPC),Servicio civil del Ejecutivo,3515,880,56,2,8,11,35
2024,6,12,14,1,MINISTERIO DE LA MUJER (MM),Servicio civil del Ejecutivo,159,136,3,1,0,1,1
2024,6,12,15,1,"MINISTERIO DEL TRABAJO, EMPLEO Y SEGURIDAD SOCIAL (MTESS)",Servicio civil del Ejecutivo,363,193,17,0,0,5,12
2024,6,12,15,2,SERVICIO NACIONAL DE PROMOCION PROFESIONAL (SNPP),Servicio civil del Ejecutivo,1800,960,32,0,1,13,18
2024,6,12,15,3,SISTEMA NACIONAL DE FORMACION Y CAPACITACION LABORAL (SINAFOCAL),Servicio civil del Ejecutivo,206,118,10,1,1,1,7
2024,6,12,17,1,MINISTERIO DEL AMBIENTE Y DESARROLLO SOSTENIBLE (MADES),Servicio civil del Ejecutivo,418,158,8,0,0,1,7
2024,6,12,18,1,MINISTERIO DE DESARROLLO SOCIAL,Servicio civil del Ejecutivo,1227,738,13,2,3,1,7
2024,6,12,19,1,"MINISTERIO DE URBANISMO, VIVIENDA Y HABITAT",Servicio civil del Ejecutivo,629,333,17,0,0,8,9
2024,6,12,20,1,MINISTERIO DE LA NIÑEZ Y ADOLESCENCIA,Servicio civil del Ejecutivo,886,664,12,3,0,5,4
2024,6,12,21,1,MINISTERIO DE TECNOLOGIAS DE LA INFORMACION Y COMUNICACION,Servicio civil del Ejecutivo,396,161,8,2,3,1,2
2024,6,13,1,1,CORTE SUPREMA DE JUSTICIA (CSJ),Poder Judicial,13636,7854,74,1,6,27,40
2024,6,13,3,1,MINISTERIO PUBLICO (MP),Poder Judicial,5988,3371,17,1,0,5,11
2024,6,13,4,1,CONSEJO DE LA MAGISTRATURA (CM),Poder Judicial,125,60,0,0,0,0,0
2024,6,13,4,2,ESCUELA JUDICIAL (EJ),Poder Judicial,123,54,3,0,2,0,1
2024,6,13,5,1,JURADO DE ENJUICIAMIENTO DE MAGISTRADOS (JEM),Poder Judicial,309,154,11,4,4,1,2
2024,6,13,6,1,MINISTERIO DE LA DEFENSA PUBLICA (MDP),Poder Judicial,2606,1599,24,2,7,11,4
2024,6,13,7,1,SINDICATURA GENERAL DE QUIEBRAS,Poder Judicial,98,41,0,0,0,0,0
2024,6,14,1,1,CONTRALORIA GENERAL DE LA REPUBLICA (CGR),Otros organismos,997,541,8,0,0,5,3
2024,6,15,1,1,DEFENSORIA DEL PUEBLO (DP),Otros organismos,184,119,3,0,2,0,1
2024,6,15,2,1,MECANISMO NACIONAL DE PREVENCION CONTRA LA TORTURA Y OTROS TRATOS O PENAS CRUELES INHUMANOS O DEGRADANTES (MNP),Otros organismos,23,12,0,0,0,0,0
2024,6,21,1,1,BANCO CENTRAL DEL PARAGUAY (BCP),Otros organismos,701,303,8,0,1,2,5
2024,6,22,1,1,I DEPARTAMENTO: GOBERNACION DE CONCEPCION,Gobiernos departamentales,128,55,4,1,2,0,1
2024,6,22,2,1,II DEPARTAMENTO: GOBERNACION DE SAN PEDRO,Gobiernos departamentales,93,48,4,1,1,2,0
2024,6,22,3,1,III DEPARTAMENTO: GOBERNACION DE CORDILLERA,Gobiernos departamentales,80,30,1,0,0,0,1
2024,6,22,4,1,IV DEPARTAMENTO: GOBERNACION DE GUAIRA,Gobiernos departamentales,198,70,5,0,4,0,1
2024,6,22,5,1,V DEPARTAMENTO: GOBERNACION DE CAAGUAZU,Gobiernos departamentales,165,48,3,0,2,0,1
2024,6,22,6,1,VI DEPARTAMENTO: GOBERNACION DE CAAZAPA,Gobiernos departamentales,89,28,5,1,1,0,3
2024,6,22,7,1,VII DEPARTAMENTO: GOBERNACION DE ITAPUA,Gobiernos departamentales,191,73,6,0,3,0,3
2024,6,22,8,1,VIII DEPARTAMENTO: GOBERNACION DE MISIONES,Gobiernos departamentales,110,35,3,0,1,1,1
2024,6,22,9,1,IX DEPARTAMENTO: GOBERNACION DE PARAGUARI,Gobiernos departamentales,157,54,0,0,0,0,0
2024,6,22,10,1,X DEPARTAMENTO: GOBERNACION DE ALTO PARANA,Gobiernos departamentales,201,75,13,4,8,0,1
2024,6,22,11,1,XI DEPARTAMENTO: GOBERNACION CENTRAL,Gobiernos departamentales,151,74,10,1,1,4,4
2024,6,22,12,1,XII DEPARTAMENTO: GOBERNACION DE ÑEEMBUCU,Gobiernos departamentales,112,47,0,0,0,0,0
2024,6,22,13,1,XIII DEPARTAMENTO: GOBERNACION DE AMAMBAY,Gobiernos departamentales,132,61,4,2,2,0,0
2024,6,22,14,1,XIV DEPARTAMENTO: GOBERNACION DE CANINDEYU,Gobiernos departamentales,84,30,2,0,2,0,0
2024,6,22,15,1,XV DEPARTAMENTO: GOBERNACION DE PRESIDENTE HAYES,Gobiernos departamentales,137,49,4,0,1,1,2
2024,6,22,16,1,XVI DEPARTAMENTO: GOBERNACION DE BOQUERON,Gobiernos departamentales,155,71,2,0,0,0,2
2024,6,22,17,1,XVII DEPARTAMENTO: GOBERNACION DE ALTO PARAGUAY,Gobiernos departamentales,47,10,3,0,0,1,2
2024,6,23,1,1,"INSTITUTO NACIONAL DE TECNOLOGIA, NORMALIZACION Y METROLOGIA (INTN)",Entes autónomos y autárquicos,299,159,15,0,0,6,9
2024,6,23,3,1,INSTITUTO NACIONAL DE DESARROLLO RURAL Y DE LA TIERRA (INDERT),Entes autónomos y autárquicos,476,157,18,0,0,2,16
2024,6,23,4,1,DIRECCION DE BENEFICENCIA Y AYUDA SOCIAL (DIBEN),Entes autónomos y autárquicos,111,66,5,0,0,3,2
2024,6,23,6,1,INSTITUTO PARAGUAYO DEL INDIGENA (INDI),Entes autónomos y autárquicos,72,26,0,0,0,0,0
2024,6,23,8,1,FONDO NACIONAL DE LA CULTURA Y LAS ARTES (FONDEC),Entes autónomos y autárquicos,23,14,1,1,0,0,0
2024,6,23,10,1,COMISION NACIONAL DE TELECOMUNICACIONES (CONATEL),Entes autónomos y autárquicos,306,104,14,1,6,2,5
2024,6,23,11,1,DIRECCION NACIONAL DE TRANSPORTE (DINATRAN),Entes autónomos y autárquicos,352,79,0,0,0,0,0
2024,6,23,13,1,ENTE REGULADOR DE SERVICIOS SANITARIOS (ERSSAN),Entes autónomos y autárquicos,104,37,5,2,1,1,1
2024,6,23,14,1,INSTITUTO NACIONAL DE COOPERATIVISMO (INCOOP),Entes autónomos y autárquicos,173,101,9,0,0,4,5
2024,6,23,16,1,SERVICIO NACIONAL DE CALIDAD Y SALUD ANIMAL (SENACSA),Entes autónomos y autárquicos,1374,535,50,1,0,11,38
2024,6,23,17,1,INSTITUTO PARAGUAYO DE ARTESANIA (IPA),Entes autónomos y autárquicos,73,48,2,0,0,0,2
2024,6,23,18,1,SERVICIO NACIONAL DE CALIDAD Y SANIDAD VEGETAL Y DE SEMILLA (SENAVE),Entes autónomos y autárquicos,552,217,16,1,1,9,5
2024,6,23,19,1,DIRECCION NACIONAL DE CONTRATACIONES PUBLICAS (DNCP),Entes autónomos y autárquicos,235,131,9,1,2,2,4
2024,6,23,20,1,INSTITUTO FORESTAL NACIONAL (INFONA),Entes autónomos y autárquicos,371,116,10,1,0,5,4
2024,6,23,22,1,INSTITUTO PARAGUAYO DE TECNOLOGIA AGRARIA (IPTA),Entes autónomos y autárquicos,538,183,24,0,4,5,15
2024,6,23,24,1,DIRECCION NACIONAL DE CORREOS DEL PARAGUAY (DINACOPA),Entes autónomos y autárquicos,812,412,31,0,0,14,17
2024,6,23,25,1,DIRECCION NACIONAL DE PROPIEDAD INTELECTUAL (DINAPI),Entes autónomos y autárquicos,124,60,5,0,0,1,4
2024,6,23,26,1,SECRETARIA DE DEFENSA DEL CONSUMIDOR Y EL USUARIO (SEDECO),Entes autónomos y autárquicos,29,15,2,0,0,1,1
2024,6,23,27,1,COMISION NACIONAL DE LA COMPETENCIA (CONACOM),Entes autónomos y autárquicos,30,12,1,0,0,0,1
2024,6,23,28,1,AGENCIA NACIONAL DE TRANSITO Y SEGURIDAD VIAL (ANTSV),Entes autónomos y autárquicos,40,20,1,0,1,0,0
2024,6,23,29,1,CONSEJO NACIONAL DE EDUCACION SUPERIOR (CONES),Entes autónomos y autárquicos,32,16,1,0,0,0,1
2024,6,23,30,1,AGENCIA NACIONAL DE EVALUACION Y ACREDITACION DE LA EDUCACION SUPERIOR (ANEAES),Entes autónomos y autárquicos,31,20,1,0,0,0,1
2024,6,23,31,1,AUTORIDAD REGULADORA RADIOLOGICA Y NUCLEAR (ARRN),Entes autónomos y autárquicos,24,10,0,0,0,0,0
2024,6,23,32,1,SECRETARIA NACIONAL DE INTELIGENCIA (SNI),Entes autónomos y autárquicos,23,12,0,0,0,0,0
2024,6,23,33,1,INSTITUTO SUPERIOR DE BELLAS ARTES,Entes autónomos y autárquicos,179,96,1,0,0,1,0
2024,6,23,34,1,INSTITUTO NACIONAL DE EDUCACIÓN SUPERIOR,Entes autónomos y autárquicos,266,171,5,0,0,2,3
2024,6,23,35,1,"DIRECCIÓN NACIONAL DE DEFENSA, SALUD Y BIENESTAR ANIMAL",Entes autónomos y autárquicos,17,8,0,0,0,0,0
2024,6,23,36,1,INSTITUTO NACIONAL DE ESTADISTICAS,Entes autónomos y autárquicos,657,346,6,0,0,1,5
2024,6,23,37,1,INSTITUTO NACIONAL DEL AUDIOVISUAL PARAGUAYO,Entes autónomos y autárquicos,5,2,0,0,0,0,0
2024,6,23,38,1,DIRECCIÓN NACIONAL DE VIGILANCIA SANITARIA,Entes autónomos y autárquicos,133,95,2,0,0,1,1
2024,6,23,39,1,DIRECCIÓN NACIONAL DE MIGRACIONES,Entes autónomos y autárquicos,459,219,9,0,1,1,7
2024,6,23,40,1,DIRECCIÓN NACIONAL DE INGRESOS TRIBUTARIOS,Entes autónomos y autárquicos,1923,648,31,2,10,6,13
2024,6,24,1,1,INSTITUTO DE PREVISION SOCIAL (IPS),Salud,25713,16820,266,10,8,92,156
2024,6,24,2,1,CAJA DE SEGURIDAD SOCIAL DE EMPLEADOS Y OBREROS FERROVIARIOS,Otros organismos,12,3,0,0,0,0,0
2024,6,24,4,1,CAJA DE JUBILACIONES Y PENSIONES DE EMPLEADOS DE BANCOS Y AFINES,Otros organismos,141,60,1,0,0,0,1
2024,6,24,5,1,CAJA DE JUBILACIONES Y PENSIONES DEL PERSONAL MUNICIPAL (CJPPM),Otros organismos,174,86,3,0,0,2,1
2024,6,25,2,1,ADMINISTRACION NACIONAL DE ELECTRICIDAD (ANDE),Empresas públicas,4828,1023,18,3,9,2,4
2024,6,25,4,1,ADMINISTRACION NACIONAL DE NAVEGACION Y PUERTOS (ANNP),Empresas públicas,1323,341,12,0,0,1,11
2024,6,25,5,1,DIRECCION NACIONAL DE AERONAUTICA CIVIL (DINAC),Empresas públicas,2113,780,39,2,3,9,25
2024,6,25,6,1,PETROLEOS PARAGUAYOS (PETROPAR),Empresas públicas,672,138,28,0,1,4,23
2024,6,25,7,1,INDUSTRIA NACIONAL DEL CEMENTO (INC),Empresas públicas,905,163,11,0,0,3,8
2024,6,27,1,1,BANCO NACIONAL DE FOMENTO (BNF),Otros organismos,1612,647,19,1,1,7,10
2024,6,27,3,1,CREDITO AGRICOLA DE HABILITACION (CAH),Otros organismos,444,152,17,0,0,2,15
2024,6,27,5,1,CAJA DE PRESTAMOS DEL MINISTERIO DE DEFENSA NACIONAL (CPMDN),Otros organismos,3,3,0,0,0,0,0
2024,6,27,7,1,AGENCIA FINANCIERA DE DESARROLLO (AFD),Otros organismos,93,48,2,0,0,1,1
2024,6,28,1,1,UNA RECTORADO (RECTORADO UNA),Educación,698,364,5,0,0,2,3
2024,6,28,1,2,FACULTAD DE ENFERMERIA Y OBSTETRICIA,Educación,588,417,0,0,0,0,0
2024,6,28,1,3,COLEGIO EXPERIMENTAL PARAGUAY-BRASIL (CEPB),Educación,178,124,0,0,0,0,0
2024,6,28,1,4,FACULTAD DE CIENCIAS AGRARIAS (FCA-UNA),Educación,925,407,7,0,0,2,5
2024,6,28,1,5,UNA FACULTAD CIENCIAS EXACTAS Y NATURALES (FACEN),Educación,663,334,0,0,0,0,0
2024,6,28,1,6,"UNA FACULTAD DE ARQUITECTURA, DISENO Y ARTE",Educación,801,416,1,0,0,0,1
2024,6,28,1,7,FACULTAD DE CIENCIAS ECONOMICAS (FCE),Educación,1629,762,4,1,1,1,1
2024,6,28,1,8,FACULTAD DE CIENCIAS MEDICAS (FCM),Educación,5403,3432,9,0,0,2,7
2024,6,28,1,9,FACULTAD DE CIENCIAS QUIMICAS (FCQ),Educación,451,281,0,0,0,0,0
2024,6,28,1,10,FACULTAD DE DERECHO Y CIENCIAS SOCIALES (FDCS),Educación,1172,445,1,1,0,0,0
2024,6,28,1,11,FACULTAD DE FILOSOFIA (FIL),Educación,976,581,0,0,0,0,0
2024,6,28,1,12,FACULTAD DE INGENIERIA (FIUNA),Educación,1025,338,0,0,0,0,0
2024,6,28,1,13,FACULTAD DE ODONTOLOGIA (FO),Educación,393,273,0,0,0,0,0
2024,6,28,1,14,FACULTAD DE POLITECNICA (FPUNA),Educación,1031,452,4,0,0,2,2
2024,6,28,1,15,FACULTAD DE CIENCIAS VETERINARIAS (FCV),Educación,830,388,0,0,0,0,0
2024,6,28,1,16,INSTITUTO DE INVESTIGACIONES EN CIENCIAS DE LA SALUD (IICS),Educación,150,107,0,0,0,0,0
2024,6,28,1,17,FACULTAD DE CIENCIAS SOCIALES,Educación,134,81,1,0,0,1,0
2024,6,28,2,1,UNIVERSIDAD NACIONAL DEL ESTE (UNE),Educación,1660,898,4,1,0,0,3
2024,6,28,3,1,UNIVERSIDAD NACIONAL DE PILAR (UNP),Educación,780,444,1,0,0,0,1
2024,6,28,4,1,UNIVERSIDAD NACIONAL DE ITAPUA (UNI),Educación,1112,647,15,0,0,4,11
2024,6,28,5,1,UNIVERSIDAD NACIONAL DE CONCEPCION (UNC),Educación,659,316,4,0,0,3,1
2024,6,28,6,1,UNIVERSIDAD NACIONAL DE VILLARRICA DEL ESPIRITU SANTO (UNVES),Educación,1511,878,2,0,0,1,1
2024,6,28,7,1,UNIVERSIDAD NACIONAL DE CAAGUAZU (UNCAA),Educación,1063,527,24,0,0,13,11
2024,6,28,8,1,UNIVERSIDAD NACIONAL DE CANINDEYU (UNCAN),Educación,88,44,3,0,0,2,1
2024,6,28,9,9,UNIVERSIDAD POLITECNICA TAIWAN-PARAGUAY,Educación,25,11,0,0,0,0,0
2024,6,28,10,1,UNIVERSIDAD NACIONAL DE  MISIONES,Educación,181,111,0,0,0,0,0
2024,6,30,1,2,MUNICIPALIDAD DE CONCEPCION,Municipalidades,347,144,2,0,2,0,0
2024,6,30,1,3,MUNICIPALIDAD DE  BELEN,Municipalidades,48,22,0,0,0,0,0
2024,6,30,1,4,MUNICIPALIDAD DE HORQUETA,Municipalidades,80,22,0,0,0,0,0
2024,6,30,1,5,MUNICIPALIDAD DE LORETO,Municipalidades,43,13,0,0,0,0,0
2024,6,30,1,6,MUNICIPALIDAD DE SAN LAZARO,Municipalidades,55,16,0,0,0,0,0
2024,6,30,1,7,MUNICIPALIDAD DE YBYYAU,Municipalidades,17,4,0,0,0,0,0
2024,6,30,1,237,MUNICIPALIDAD DE SAN CARLOS DEL APA,Municipalidades,31,15,0,0,0,0,0
2024,6,30,1,238,MUNICIPALIDAD DE AZOTEY,Municipalidades,44,8,0,0,0,0,0
2024,6,30,1,241,MUNICIPALIDAD DE SARGENTO JOSE FELIX LOPEZ,Municipalidades,24,7,0,0,0,0,0
2024,6,30,1,249,MUNICIPALIDAD DE SAN ALFREDO,Municipalidades,26,13,0,0,0,0,0
2024,6,30,1,257,MUNICIPALIDAD DE PASO HORQUETA,Municipalidades,31,14,0,0,0,0,0
2024,6,30,1,263,MUNICIPALIDAD DE ITACUA,Municipalidades,13,1,0,0,0,0,0
2024,6,30,1,524,MUNICIPALIDAD DE ARROYITO,Municipalidades,21,6,0,0,0,0,0
2024,6,30,2,8,MUNICIPALIDAD DE SAN PEDRO DEL YCUAMANDIYU,Municipalidades,110,44,1,0,1,0,0
2024,6,30,2,10,MUNICIPALIDAD DE CHORE,Municipalidades,55,20,1,0,1,0,0
2024,6,30,2,11,MUNICIPALIDAD DE GRAL.ELIZARDO AQUINO,Municipalidades,38,11,0,0,0,0,0
2024,6,30,2,12,MUNICIPALIDAD DE ITACURUBI  DEL ROSARIO,Municipalidades,32,12,1,0,1,0,0
2024,6,30,2,13,MUNICIPALIDAD DE LIMA,Municipalidades,49,17,1,0,1,0,0
2024,6,30,2,14,MUNICIPALIDAD DE NUEVA GERMANIA,Municipalidades,25,10,0,0,0,0,0
2024,6,30,2,15,MUNICIPALIDAD DE SAN ESTANISLAO,Municipalidades,93,40,2,1,1,0,0
2024,6,30,2,16,MUNICIPALIDAD DE YRYBUCUA,Municipalidades,48,13,0,0,0,0,0
2024,6,30,2,17,MUNICIPALIDAD DE SAN PABLO,Municipalidades,28,10,0,0,0,0,0
2024,6,30,2,18,MUNICIPALIDAD DE TACUATI,Municipalidades,32,7,0,0,0,0,0
2024,6,30,2,19,MUNICIPALIDAD DE UNION,Municipalidades,33,8,1,0,1,0,0
2024,6,30,2,20,MUNICIPALIDAD DE 25 DE DICIEMBRE,Municipalidades,39,17,1,0,1,0,0
2024,6,30,2,22,MUNICIPALIDAD DE GRAL. F. RESQUIN,Municipalidades,46,14,0,0,0,0,0
2024,6,30,2,23,MUNICIPALIDAD DE YATAITY DEL NORTE,Municipalidades,34,11,0,0,0,0,0
2024,6,30,2,24,MUNICIPALIDAD DE GUAJAYVI,Municipalidades,57,23,0,0,0,0,0
2024,6,30,2,25,MUNICIPALIDAD DE CAPIIBARY,Municipalidades,63,17,0,0,0,0,0
2024,6,30,2,26,MUNICIPALIDAD DE SANTA ROSA DEL AGUARAY,Municipalidades,71,20,1,0,1,0,0
2024,6,30,2,239,MUNICIPALIDAD DE LIBERACION,Municipalidades,55,10,0,0,0,0,0
2024,6,30,2,260,MUNICIPALIDAD DE SAN JOSE DEL ROSARIO,Municipalidades,34,14,0,0,0,0,0
2024,6,30,3,27,MUNICIPALIDAD DE CAACUPE,Municipalidades,252,110,3,1,2,0,0
2024,6,30,3,28,MUNICIPALIDAD DE ALTOS,Municipalidades,75,20,0,0,0,0,0
2024,6,30,3,29,MUNICIPALIDAD DE ARROYOS Y ESTEROS,Municipalidades,57,24,0,0,0,0,0
2024,6,30,3,30,MUNICIPALIDAD DE ATYRA,Municipalidades,50,13,3,0,3,0,0
2024,6,30,3,31,MUNICIPALIDAD DE CARAGUATAY,Municipalidades,50,21,2,1,0,1,0
2024,6,30,3,32,MUNICIPALIDAD DE EMBOSCADA,Municipalidades,66,30,0,0,0,0,0
2024,6,30,3,33,MUNICIPALIDAD DE EUSEBIO AYALA,Municipalidades,86,19,2,0,2,0,0
2024,6,30,3,34,MUNICIPALIDAD DE ISLA PUCU,Municipalidades,44,17,0,0,0,0,0
2024,6,30,3,35,MUNICIPALIDAD DE ITACURUBI DE LA CORDILLERA,Municipalidades,58,28,2,1,1,0,0
2024,6,30,3,37,MUNICIPALIDAD DE LOMA GRANDE,Municipalidades,34,12,1,0,1,0,0
2024,6,30,3,38,MUNICIPALIDAD DE MBOCAYATY DEL YHAGUY,Municipalidades,27,11,0,0,0,0,0
2024,6,30,3,39,MUNICIPALIDAD DE NUEVA COLOMBIA,Municipalidades,37,18,0,0,0,0,0
2024,6,30,3,42,MUNICIPALIDAD DE SAN BERNARDINO,Municipalidades,271,111,3,0,3,0,0
2024,6,30,3,43,MUNICIPALIDAD DE SANTA ELENA,Municipalidades,38,15,0,0,0,0,0
2024,6,30,3,44,MUNICIPALIDAD DE TOBATI,Municipalidades,84,30,0,0,0,0,0
2024,6,30,3,45,MUNICIPALIDAD DE VALENZUELA,Municipalidades,26,12,2,0,0,1,1
2024,6,30,4,47,MUNICIPALIDAD DE VILLARRICA DEL ESPIRITU SANTO,Municipalidades,339,149,3,0,2,1,0
2024,6,30,4,48,MUNICIPALIDAD DE BORJA,Municipalidades,23,9,0,0,0,0,0
2024,6,30,4,49,MUNICIPALIDAD DE CAPITAN MAURICIO JOSE TROCHE,Municipalidades,28,14,0,0,0,0,0
2024,6,30,4,50,MUNICIPALIDAD DE CORONEL MARTINEZ,Municipalidades,49,24,0,0,0,0,0
2024,6,30,4,51,MUNICIPALIDAD DE FELIX PEREZ CARDOZO,Municipalidades,45,14,0,0,0,0,0
2024,6,30,4,53,MUNICIPALIDAD DE INDEPENDENCIA,Municipalidades,69,25,0,0,0,0,0
2024,6,30,4,54,MUNICIPALIDAD DE ITAPE,Municipalidades,37,12,0,0,0,0,0
2024,6,30,4,55,MUNICIPALIDAD DE ITURBE,Municipalidades,41,12,0,0,0,0,0
2024,6,30,4,56,MUNICIPALIDAD DE JOSE A. FASSARDI,Municipalidades,32,9,0,0,0,0,0
2024,6,30,4,57,MUNICIPALIDAD DE MBOCAYATY DEL GUAIRA,Municipalidades,29,8,0,0,0,0,0
2024,6,30,4,58,MUNICIPALIDAD DE NATALICIO TALAVERA,Municipalidades,39,11,1,0,1,0,0
2024,6,30,4,59,MUNICIPALIDAD DE ÑUMI,Municipalidades,32,10,1,0,1,0,0
2024,6,30,4,60,MUNICIPALIDAD DE SAN SALVADOR,Municipalidades,43,17,0,0,0,0,0
2024,6,30,4,61,MUNICIPALIDAD DE YATAITY DEL GUAIRA,Municipalidades,42,21,2,0,1,1,0
2024,6,30,4,62,MUNICIPALIDAD DE DR. BOTRELL,Municipalidades,39,19,1,0,0,0,1
2024,6,30,4,63,MUNICIPALIDAD DE PASO YOBAI,Municipalidades,39,10,0,0,0,0,0
2024,6,30,4,234,MUNICIPALIDAD DE TEBICUARY,Municipalidades,50,17,1,0,1,0,0
2024,6,30,5,64,MUNICIPALIDAD DE CORONEL OVIEDO,Municipalidades,351,136,3,1,1,0,1
2024,6,30,5,65,MUNICIPALIDAD DE CAAGUAZU,Municipalidades,202,63,2,1,1,0,0
2024,6,30,5,66,MUNICIPALIDAD DE CARAYAO,Municipalidades,39,13,0,0,0,0,0
2024,6,30,5,67,MUNICIPALIDAD DE DR. CECILIO BAEZ,Municipalidades,40,14,0,0,0,0,0
2024,6,30,5,68,MUNICIPALIDAD DE SANTA.ROSA DEL MBUTUY,Municipalidades,25,7,1,0,1,0,0
2024,6,30,5,69,MUNICIPALIDAD DE DR. JUAN MANUEL FRUTOS,Municipalidades,24,11,1,0,0,0,1
2024,6,30,5,70,MUNICIPALIDAD DE REPATRIACION,Municipalidades,57,17,0,0,0,0,0
2024,6,30,5,71,MUNICIPALIDAD DE NUEVA LONDRES,Municipalidades,33,13,1,1,0,0,0
2024,6,30,5,72,MUNICIPALIDAD DE SAN JOAQUIN,Municipalidades,32,6,0,0,0,0,0
2024,6,30,5,73,MUNICIPALIDAD DE SAN JOSE DE LOS ARROYOS,Municipalidades,62,16,2,1,1,0,0
2024,6,30,5,74,MUNICIPALIDAD DE YHU,Municipalidades,55,17,0,0,0,0,0
2024,6,30,5,75,MUNICIPALIDAD DE DR. J. EULOGIO ESTIGARRIBIA,Municipalidades,123,42,0,0,0,0,0
2024,6,30,5,76,MUNICIPALIDAD DE R.I. 3 CORRALES,Municipalidades,35,8,0,0,0,0,0
2024,6,30,5,77,MUNICIPALIDAD DE RAUL ARSENIO OVIEDO,Municipalidades,45,12,0,0,0,0,0
2024,6,30,5,78,MUNICIPALIDAD DE JOSE DOMINGO OCAMPOS,Municipalidades,71,26,0,0,0,0,0
2024,6,30,5,79,MUNICIPALIDAD DE MARISCAL FRANCISCO SOLANO LOPEZ,Municipalidades,40,13,0,0,0,0,0
2024,6,30,5,81,MUNICIPALIDAD DE 3 DE FEBRERO,Municipalidades,38,12,1,1,0,0,0
2024,6,30,5,82,MUNICIPALIDAD DE SIMON BOLIVAR,Municipalidades,34,7,0,0,0,0,0
2024,6,30,5,83,MUNICIPALIDAD DE VAQUERIA,Municipalidades,24,7,0,0,0,0,0
2024,6,30,5,233,MUNICIPALIDAD DE TEMBIAPORA,Municipalidades,36,11,0,0,0,0,0
2024,6,30,5,243,MUNICIPALIDAD DE NUEVA TOLEDO,Municipalidades,42,19,0,0,0,0,0
2024,6,30,6,84,MUNICIPALIDAD DE CAAZAPA,Municipalidades,103,30,1,0,0,0,1
2024,6,30,6,85,MUNICIPALIDAD DE ABAI,Municipalidades,77,33,0,0,0,0,0
2024,6,30,6,86,MUNICIPALIDAD DE BUENA VISTA,Municipalidades,37,7,1,0,1,0,0
2024,6,30,6,87,MUNICIPALIDAD DE DR. MOISES BERTONI,Municipalidades,34,11,0,0,0,0,0
2024,6,30,6,88,MUNICIPALIDAD DE GRAL.MORINIGO,Municipalidades,28,5,2,0,2,0,0
2024,6,30,6,89,MUNICIPALIDAD DE MACIEL,Municipalidades,33,11,0,0,0,0,0
2024,6,30,6,90,MUNICIPALIDAD DE SAN JUAN NEPOMUCENO,Municipalidades,77,33,0,0,0,0,0
2024,6,30,6,91,MUNICIPALIDAD DE TAVAI,Municipalidades,28,4,0,0,0,0,0
2024,6,30,6,92,MUNICIPALIDAD DE FULGENCIO YEGROS,Municipalidades,40,11,0,0,0,0,0
2024,6,30,6,93,MUNICIPALIDAD DE YUTY,Municipalidades,80,31,0,0,0,0,0
2024,6,30,6,245,MUNICIPALIDAD DE 3 DE MAYO,Municipalidades,37,9,0,0,0,0,0
2024,6,30,7,94,MUNICIPALIDAD DE ENCARNACION,Municipalidades,1371,512,13,0,11,0,2
2024,6,30,7,95,MUNICIPALIDAD DE BELLA VISTA,Municipalidades,77,25,1,1,0,0,0
2024,6,30,7,96,MUNICIPALIDAD DE CAMBYRETA,Municipalidades,190,77,0,0,0,0,0
2024,6,30,7,97,MUNICIPALIDAD DE CAPITAN MEZA,Municipalidades,74,24,2,0,1,0,1
2024,6,30,7,98,MUNICIPALIDAD DE CAPITAN MIRANDA,Municipalidades,75,28,1,0,1,0,0
2024,6,30,7,99,MUNICIPALIDAD DE NUEVA ALBORADA,Municipalidades,38,13,0,0,0,0,0
2024,6,30,7,100,MUNICIPALIDAD DE CARMEN DEL PARANA,Municipalidades,88,26,0,0,0,0,0
2024,6,30,7,101,MUNICIPALIDAD DE CORONEL BOGADO,Municipalidades,95,23,0,0,0,0,0
2024,6,30,7,102,MUNICIPALIDAD DE CARLOS ANTONIO LOPEZ,Municipalidades,80,17,2,0,1,0,1
2024,6,30,7,103,MUNICIPALIDAD DE NATALIO,Municipalidades,90,29,0,0,0,0,0
2024,6,30,7,104,MUNICIPALIDAD DE FRAM,Municipalidades,70,24,0,0,0,0,0
2024,6,30,7,105,MUNICIPALIDAD DE GENERAL ARTIGAS,Municipalidades,56,24,3,0,2,0,1
2024,6,30,7,106,MUNICIPALIDAD DE GENERAL DELGADO,Municipalidades,46,14,1,0,1,0,0
2024,6,30,7,107,MUNICIPALIDAD DE HOHENAU,Municipalidades,138,36,2,0,2,0,0
2024,6,30,7,108,MUNICIPALIDAD DE JESUS,Municipalidades,39,21,0,0,0,0,0
2024,6,30,7,109,MUNICIPALIDAD DE JOSE LEANDRO OVIEDO,Municipalidades,47,25,1,0,1,0,0
2024,6,30,7,110,MUNICIPALIDAD DE OBLIGADO,Municipalidades,118,43,1,0,1,0,0
2024,6,30,7,111,MUNICIPALIDAD DE MAYOR OTAÑO,Municipalidades,56,19,0,0,0,0,0
2024,6,30,7,112,MUNICIPALIDAD DE SAN COSME Y SAN DAMIAN,Municipalidades,70,26,2,0,2,0,0
2024,6,30,7,113,MUNICIPALIDAD DE SAN PEDRO DEL PARANA,Municipalidades,104,31,1,1,0,0,0
2024,6,30,7,114,MUNICIPALIDAD DE SAN RAFAEL DEL PARANA,Municipalidades,111,32,1,0,1,0,0
2024,6,30,7,115,MUNICIPALIDAD DE TRINIDAD,Municipalidades,40,20,0,0,0,0,0
2024,6,30,7,116,MUNICIPALIDAD DE EDELIRA,Municipalidades,64,28,1,1,0,0,0
2024,6,30,7,117,MUNICIPALIDAD DE TOMAS ROMERO PEREIRA,Municipalidades,111,36,0,0,0,0,0
2024,6,30,7,118,MUNICIPALIDAD DE ALTO VERA,Municipalidades,49,8,0,0,0,0,0
2024,6,30,7,119,MUNICIPALIDAD DE LA PAZ,Municipalidades,33,13,0,0,0,0,0
2024,6,30,7,120,MUNICIPALIDAD DE YATYTAY,Municipalidades,63,15,0,0,0,0,0
2024,6,30,7,121,MUNICIPALIDAD DE SAN JUAN DEL PARANA,Municipalidades,113,42,0,0,0,0,0
2024,6,30,7,122,MUNICIPALIDAD DE PIRAPO,Municipalidades,67,25,3,1,2,0,0
2024,6,30,7,123,MUNICIPALIDAD DE ITAPUA POTY,Municipalidades,48,12,0,0,0,0,0
2024,6,30,8,124,MUNICIPALIDAD DE SAN JUAN BAUSTISTA DE LAS MISIONES,Municipalidades,91,28,0,0,0,0,0
2024,6,30,8,125,MUNICIPALIDAD DE AYOLAS,Municipalidades,129,50,1,0,1,0,0
2024,6,30,8,126,MUNICIPALIDAD DE SAN IGNACIO GUAZU,Municipalidades,186,62,1,0,1,0,0
2024,6,30,8,127,MUNICIPALIDAD DE SAN MIGUEL MISIONES,Municipalidades,57,18,3,1,1,0,1
2024,6,30,8,129,MUNICIPALIDAD DE SANTA MARIA,Municipalidades,46,17,0,0,0,0,0
2024,6,30,8,130,MUNICIPALIDAD DE SANTA ROSA MISIONES,Municipalidades,97,34,0,0,0,0,0
2024,6,30,8,131,MUNICIPALIDAD DE SANTIAGO,Municipalidades,57,24,0,0,0,0,0
2024,6,30,8,132,MUNICIPALIDAD DE VILLA FLORIDA,Municipalidades,77,20,0,0,0,0,0
2024,6,30,8,133,MUNICIPALIDAD DE YABEBYRY,Municipalidades,41,20,0,0,0,0,0
2024,6,30,9,134,MUNICIPALIDAD DE PARAGUARI,Municipalidades,173,79,0,0,0,0,0
2024,6,30,9,135,MUNICIPALIDAD DE ACAHAY,Municipalidades,41,15,0,0,0,0,0
2024,6,30,9,136,MUNICIPALIDAD DE CAAPUCU,Municipalidades,20,10,0,0,0,0,0
2024,6,30,9,137,MUNICIPALIDAD DE GENERAL CABALLERO,Municipalidades,45,13,1,0,0,0,1
2024,6,30,9,138,MUNICIPALIDAD DE CARAPEGUA,Municipalidades,124,43,1,0,0,0,1
2024,6,30,9,139,MUNICIPALIDAD DE ESCOBAR,Municipalidades,35,20,0,0,0,0,0
2024,6,30,9,140,MUNICIPALIDAD DE LA COLMENA,Municipalidades,48,13,0,0,0,0,0
2024,6,30,9,141,MUNICIPALIDAD DE MBUYAPEY,Municipalidades,38,9,3,0,0,1,2
2024,6,30,9,142,MUNICIPALIDAD DE PIRAYU,Municipalidades,61,27,1,1,0,0,0
2024,6,30,9,143,MUNICIPALIDAD DE QUIINDY,Municipalidades,83,31,1,1,0,0,0
2024,6,30,9,144,MUNICIPALIDAD DE QUYQUYHO,Municipalidades,47,10,0,0,0,0,0
2024,6,30,9,145,MUNICIPALIDAD DE SAN ROQUE GONZALEZ DE SANTA CRUZ,Municipalidades,30,11,0,0,0,0,0
2024,6,30,9,146,MUNICIPALIDAD DE SAPUCAI,Municipalidades,31,10,1,0,1,0,0
2024,6,30,9,147,MUNICIPALIDAD DE TEBICUARYMI,Municipalidades,33,12,0,0,0,0,0
2024,6,30,9,148,MUNICIPALIDAD DE YAGUARON,Municipalidades,99,43,1,0,1,0,0
2024,6,30,9,149,MUNICIPALIDAD DE YBYCUI,Municipalidades,54,21,1,0,1,0,0
2024,6,30,9,150,MUNICIPALIDAD DE YBYTYMI,Municipalidades,30,10,0,0,0,0,0
2024,6,30,10,151,MUNICIPALIDAD DE CIUDAD DEL ESTE,Municipalidades,2073,983,20,9,10,0,1
2024,6,30,10,152,MUNICIPALIDAD DE PRESIDENTE FRANCO,Municipalidades,452,167,2,0,2,0,0
2024,6,30,10,153,MUNICIPALIDAD DE DOMINGO MARTINEZ DE IRALA,Municipalidades,60,15,2,0,2,0,0
2024,6,30,10,154,MUNICIPALIDAD DE JUAN LEON MALLORQUIN,Municipalidades,70,25,2,1,1,0,0
2024,6,30,10,155,MUNICIPALIDAD DE HERNANDARIAS,Municipalidades,485,214,5,0,4,0,1
2024,6,30,10,156,MUNICIPALIDAD DE SANTA FE DEL PARANA,Municipalidades,61,29,1,0,0,0,1
2024,6,30,10,157,MUNICIPALIDAD DE ITAKYRY,Municipalidades,89,27,0,0,0,0,0
2024,6,30,10,158,MUNICIPALIDAD DE JUAN E. O'LEARY,Municipalidades,54,20,0,0,0,0,0
2024,6,30,10,159,MUNICIPALIDAD DE ÑACUNDAY,Municipalidades,50,15,2,0,0,0,2
2024,6,30,10,160,MUNICIPALIDAD DE YGUAZU,Municipalidades,53,11,3,0,3,0,0
2024,6,30,10,161,MUNICIPALIDAD DE LOS CEDRALES,Municipalidades,77,28,0,0,0,0,0
2024,6,30,10,162,MUNICIPALIDAD DE MINGA GUAZU,Municipalidades,259,105,13,1,10,0,2
2024,6,30,10,163,MUNICIPALIDAD DE SAN CRISTOBAL,Municipalidades,58,17,0,0,0,0,0
2024,6,30,10,164,MUNICIPALIDAD DE SANTA RITA,Municipalidades,158,55,6,0,4,1,1
2024,6,30,10,165,MUNICIPALIDAD DE NARANJAL,Municipalidades,109,43,0,0,0,0,0
2024,6,30,10,166,MUNICIPALIDAD DE STA. ROSA DEL MONDAY,Municipalidades,62,20,1,0,1,0,0
2024,6,30,10,167,MUNICIPALIDAD DE MINGA PORA,Municipalidades,88,30,2,0,2,0,0
2024,6,30,10,168,MUNICIPALIDAD DE MBARACAYU,Municipalidades,72,27,0,0,0,0,0
2024,6,30,10,169,MUNICIPALIDAD DE SAN ALBERTO,Municipalidades,105,40,3,0,2,0,1
2024,6,30,10,170,MUNICIPALIDAD DE IRUÑA,Municipalidades,53,16,1,1,0,0,0
2024,6,30,10,240,MUNICIPALIDAD DE TAVAPY,Municipalidades,60,18,1,0,1,0,0
2024,6,30,10,246,MUNICIPALIDAD DE DR. RAUL PENA,Municipalidades,29,5,1,0,1,0,0
2024,6,30,11,171,MUNICIPALIDAD DE AREGUA,Municipalidades,194,92,5,2,2,1,0
2024,6,30,11,172,MUNICIPALIDAD DE CAPIATA,Municipalidades,977,468,1,0,1,0,0
2024,6,30,11,173,MUNICIPALIDAD DE FERNANDO DE LA MORA,Municipalidades,1082,500,14,4,7,1,2
2024,6,30,11,174,MUNICIPALIDAD DE GUARAMBARE,Municipalidades,147,69,1,0,1,0,0
2024,6,30,11,175,MUNICIPALIDAD DE ITA,Municipalidades,156,51,1,0,1,0,0
2024,6,30,11,176,MUNICIPALIDAD DE ITAUGUA,Municipalidades,306,138,2,0,2,0,0
2024,6,30,11,177,MUNICIPALIDAD DE LAMBARE,Municipalidades,811,343,3,0,3,0,0
2024,6,30,11,178,MUNICIPALIDAD DE LIMPIO,Municipalidades,251,137,12,0,0,4,8
2024,6,30,11,179,MUNICIPALIDAD DE LUQUE,Municipalidades,968,418,18,3,11,1,3
2024,6,30,11,180,MUNICIPALIDAD DE MARIANO ROQUE ALONSO,Municipalidades,562,287,0,0,0,0,0
2024,6,30,11,181,MUNICIPALIDAD DE NUEVA ITALIA,Municipalidades,71,29,3,1,2,0,0
2024,6,30,11,182,MUNICIPALIDAD DE ÑEMBY,Municipalidades,262,97,5,1,3,0,1
2024,6,30,11,183,MUNICIPALIDAD DE SAN ANTONIO,Municipalidades,172,72,2,1,1,0,0
2024,6,30,11,184,MUNICIPALIDAD DE SAN LORENZO,Municipalidades,1310,592,16,6,7,1,2
2024,6,30,11,185,MUNICIPALIDAD DE VILLA ELISA,Municipalidades,380,164,0,0,0,0,0
2024,6,30,11,186,MUNICIPALIDAD DE VILLETA,Municipalidades,191,84,1,1,0,0,0
2024,6,30,11,187,MUNICIPALIDAD DE YPACARAI,Municipalidades,130,41,0,0,0,0,0
2024,6,30,11,188,MUNICIPALIDAD DE YPANE,Municipalidades,114,52,0,0,0,0,0
2024,6,30,11,189,MUNICIPALIDAD DE J. AUGUSTO SALDIVAR,Municipalidades,108,35,0,0,0,0,0
2024,6,30,12,190,MUNICIPALIDAD DE PILAR,Municipalidades,145,69,1,0,1,0,0
2024,6,30,12,191,MUNICIPALIDAD DE ALBERDI,Municipalidades,37,15,0,0,0,0,0
2024,6,30,12,192,MUNICIPALIDAD DE CERRITO,Municipalidades,103,47,0,0,0,0,0
2024,6,30,12,193,MUNICIPALIDAD DE DESMOCHADOS,Municipalidades,22,7,0,0,0,0,0
2024,6,30,12,194,MUNICIPALIDAD DE GENERAL JOSE EDUVIGIS DIAZ,Municipalidades,34,11,0,0,0,0,0
2024,6,30,12,195,MUNICIPALIDAD DE GUAZU CUA,Municipalidades,36,10,0,0,0,0,0
2024,6,30,12,196,MUNICIPALIDAD DE HUMAITA,Municipalidades,80,32,0,0,0,0,0
2024,6,30,12,197,MUNICIPALIDAD DE ISLA UMBU,Municipalidades,25,9,0,0,0,0,0
2024,6,30,12,198,MUNICIPALIDAD DE LAURELES,Municipalidades,35,11,0,0,0,0,0
2024,6,30,12,199,MUNICIPALIDAD DE MAYOR JOSE D. MARTINEZ,Municipalidades,27,10,0,0,0,0,0
2024,6,30,12,200,MUNICIPALIDAD DE PASO DE PATRIA,Municipalidades,47,14,0,0,0,0,0
2024,6,30,12,201,MUNICIPALIDAD DE SAN JUAN BAUTISTA DE ÑEEMBUCU,Municipalidades,34,12,0,0,0,0,0
2024,6,30,12,202,MUNICIPALIDAD DE TACUARAS,Municipalidades,46,19,0,0,0,0,0
2024,6,30,12,203,MUNICIPALIDAD DE VILLA FRANCA,Municipalidades,43,16,1,1,0,0,0
2024,6,30,12,204,MUNICIPALIDAD DE VILLA OLIVA,Municipalidades,39,16,0,0,0,0,0
2024,6,30,12,205,MUNICIPALIDAD DE VILLALBIN,Municipalidades,43,18,1,0,0,1,0
2024,6,30,13,206,MUNICIPALIDAD DE PEDRO J. CABALLERO,Municipalidades,458,147,2,0,2,0,0
2024,6,30,13,207,MUNICIPALIDAD DE BELLA VISTA - NORTE,Municipalidades,44,12,1,0,1,0,0
2024,6,30,13,208,MUNICIPALIDAD DE CAPITAN BADO,Municipalidades,78,27,1,0,0,0,1
2024,6,30,13,242,MUNICIPALIDAD DE ZANJA PYTA,Municipalidades,32,12,0,0,0,0,0
2024,6,30,13,250,MUNICIPALIDAD DE KARAPAI,Municipalidades,27,8,0,0,0,0,0
2024,6,30,13,259,MUNICIPALIDAD DE CERRO CORÁ,Municipalidades,33,12,0,0,0,0,0
2024,6,30,14,209,MUNICIPALIDAD DE SALTO DEL GUAIRA,Municipalidades,246,87,1,0,1,0,0
2024,6,30,14,210,MUNICIPALIDAD DE CORPUS CHRISTI,Municipalidades,60,10,0,0,0,0,0
2024,6,30,14,211,MUNICIPALIDAD DE VILLA CURUGUATY,Municipalidades,97,30,1,1,0,0,0
2024,6,30,14,212,MUNICIPALIDAD DE YASY CAÑY,Municipalidades,41,12,0,0,0,0,0
2024,6,30,14,213,MUNICIPALIDAD DE VILLA YGATIMI,Municipalidades,43,10,0,0,0,0,0
2024,6,30,14,214,MUNICIPALIDAD DE ITANARA,Municipalidades,21,7,0,0,0,0,0
2024,6,30,14,215,MUNICIPALIDAD DE YPE JHU,Municipalidades,36,6,0,0,0,0,0
2024,6,30,14,216,MUNICIPALIDAD DE GENERAL FRANCISCO CABALLERO ALVAREZ,Municipalidades,56,23,0,0,0,0,0
2024,6,30,14,217,MUNICIPALIDAD DE KATUETE,Municipalidades,114,35,2,0,2,0,0
2024,6,30,14,218,MUNICIPALIDAD DE LA PALOMA,Municipalidades,64,23,0,0,0,0,0
2024,6,30,14,219,MUNICIPALIDAD DE NUEVA ESPERANZA,Municipalidades,96,35,0,0,0,0,0
2024,6,30,14,244,MUNICIPALIDAD DE YVYRAROBANA,Municipalidades,25,8,0,0,0,0,0
2024,6,30,14,247,MUNICIPALIDAD DE YBY PYTA,Municipalidades,36,10,0,0,0,0,0
2024,6,30,14,251,MUNICIPALIDAD DE MARACANA,Municipalidades,41,11,0,0,0,0,0
2024,6,30,14,255,MUNICIPALIDAD DE PUERTO ADELA,Municipalidades,26,5,0,0,0,0,0
2024,6,30,14,256,MUNICIPALIDAD DE LAUREL,Municipalidades,32,10,0,0,0,0,0
2024,6,30,15,220,MUNICIPALIDAD DE BENJAMIN ACEVAL,Municipalidades,103,32,2,0,2,0,0
2024,6,30,15,221,MUNICIPALIDAD DE PUERTO PINASCO,Municipalidades,134,58,2,0,1,0,1
2024,6,30,15,222,MUNICIPALIDAD DE VILLA HAYES,Municipalidades,278,110,11,0,7,0,4
2024,6,30,15,223,MUNICIPALIDAD DE NANAWA,Municipalidades,57,18,2,1,0,0,1
2024,6,30,15,224,MUNICIPALIDAD DE JOSE FALCON,Municipalidades,115,57,0,0,0,0,0
2024,6,30,15,229,MUNICIPALIDAD DE TTE. 1RO. MANUEL IRALA FERNANDEZ,Municipalidades,54,18,0,0,0,0,0
2024,6,30,15,232,MUNICIPALIDAD DE TENIENTE ESTEBAN MARTINEZ,Municipalidades,47,17,0,0,0,0,0
2024,6,30,15,233,MUNICIPALIDAD DE GENERAL JOSE MARIA BRUGUEZ,Municipalidades,63,22,0,0,0,0,0
2024,6,30,15,258,MUNICIPALIDAD DE CAMPO ACEVAL,Municipalidades,28,7,0,0,0,0,0
2024,6,30,15,262,MUNICIPALIDAD DE NUEVA ASUNCION,Municipalidades,49,20,0,0,0,0,0
2024,6,30,16,228,MUNICIPALIDAD DE MARISCAL JOSE FELIX ESTIGARRIBIA,Municipalidades,131,31,0,0,0,0,0
2024,6,30,16,230,MUNICIPALIDAD DE FILADELFIA,Municipalidades,179,49,0,0,0,0,0
2024,6,30,16,231,MUNICIPALIDAD DE LOMA PLATA,Municipalidades,147,66,1,0,0,0,1
2024,6,30,16,261,MUNICIPALIDAD DE BOQUERON,Municipalidades,70,22,0,0,0,0,0
2024,6,30,17,225,MUNICIPALIDAD DE FUERTE OLIMPO,Municipalidades,45,12,0,0,0,0,0
2024,6,30,17,226,MUNICIPALIDAD DE LA VICTORIA,Municipalidades,49,13,0,0,0,0,0
2024,6,30,17,227,MUNICIPALIDAD DE BAHIA NEGRA,Municipalidades,34,14,0,0,0,0,0
2024,6,40,1,1,COMPAÑIA PARAGUAYA DE COMUNICACIONES S.A.,SA del Estado,2540,892,18,0,0,2,16
2024,6,40,2,1,EMPRESA DE SERVICIOS SANITARIOS DEL PARAGUAY S.A. (ESSAP),SA del Estado,1922,474,28,0,0,5,23
2024,6,40,3,1,CAÑAS PARAGUAYAS S.A. (CAPASA),SA del Estado,182,61,0,0,0,0,0
2025,6,11,1,1,CONGRESO NACIONAL (CN),Poder Legislativo,875,373,44,0,2,9,33
2025,6,11,2,1,HONORABLE CAMARA DE SENADORES (HCS),Poder Legislativo,1190,512,25,3,4,6,12
2025,6,11,3,1,HONORABLE CAMARA DE DIPUTADOS (HCD),Poder Legislativo,2184,970,32,3,9,5,15
2025,6,12,1,2,PRESIDENCIA DE LA REPUBLICA / GABINETE CIVIL,Servicio civil del Ejecutivo,258,118,2,0,1,0,1
2025,6,12,1,3,GABINETE MILITAR (GM),Servicio civil del Ejecutivo,19,9,0,0,0,0,0
2025,6,12,1,4,PROCURADURIA GENERAL DE LA REPUBLICA (PGR),Servicio civil del Ejecutivo,111,52,3,0,0,1,2
2025,6,12,1,6,AUDITORIA GENERAL DEL PODER EJECUTIVO (AGPE),Servicio civil del Ejecutivo,66,31,4,0,0,1,3
2025,6,12,1,10,SECRETARIA NACIONAL ANTIDROGAS (SENAD),Servicio civil del Ejecutivo,447,143,5,0,0,3,2
2025,6,12,1,12,SECRETARIA DE DESARROLLO PARA REPATRIADOS Y REFUGIADOS CONNACIONALES (SEDEREC),Servicio civil del Ejecutivo,119,64,5,0,0,3,2
2025,6,12,1,13,SECRETARIA NACIONAL DE TURISMO (SENATUR),Servicio civil del Ejecutivo,241,135,8,0,1,4,3
2025,6,12,1,14,SECRETARIA DE PREVENCION DE LAVADO DE DINERO O BIENES (SEPRELAD),Servicio civil del Ejecutivo,71,34,3,0,0,3,0
2025,6,12,1,15,CONSEJO NACIONAL DE CIENCIA Y TECNOLOGIA (CONACYT),Servicio civil del Ejecutivo,134,79,2,0,0,1,1
2025,6,12,1,16,ESCRIBANIA MAYOR DE GOBIERNO (EMG),Servicio civil del Ejecutivo,25,11,1,0,1,0,0
2025,6,12,1,19,SECRETARIA DE EMERGENCIA NACIONAL (SEN),Servicio civil del Ejecutivo,181,51,6,1,3,1,1
2025,6,12,1,22,SECRETARIA NACIONAL DE CULTURA (SNC),Servicio civil del Ejecutivo,209,118,5,0,0,3,2
2025,6,12,1,25,SECRETARIA DE POLITICAS LINGUISTICAS (SPL),Servicio civil del Ejecutivo,37,18,2,0,0,0,2
2025,6,12,1,26,SECRETARIA NACIONAL POR LOS DERECHOS HUMANOS DE LAS PERSONAS CON DISCAPACIDAD (SENADIS),Servicio civil del Ejecutivo,473,276,63,5,6,28,24
2025,6,12,1,28,SECRETARIA NACIONAL DE LA JUVENTUD (SNJ),Servicio civil del Ejecutivo,31,18,1,0,0,0,1
2025,6,12,1,30,ORQUESTA SINFONICA NACIONAL (OSN),Servicio civil del Ejecutivo,87,35,3,1,0,1,1
2025,6,12,1,31,AGENCIA ESPACIAL DEL PARAGUAY(AEP),Servicio civil del Ejecutivo,21,8,0,0,0,0,0
2025,6,12,1,32,SECRETARIA NACIONAL DE ADMINISTRACION DE BIENES INCAUTADOS Y COMISADOS(SENABICO),Servicio civil del Ejecutivo,21,8,0,0,0,0,0
2025,6,12,2,1,VICEPRESIDENCIA DE LA REPUBLICA,Servicio civil del Ejecutivo,77,36,4,0,0,2,2
2025,6,12,3,1,MINISTERIO DEL INTERIOR (MI),Servicio civil del Ejecutivo,295,111,6,0,0,0,6
2025,6,12,3,2,POLICIA NACIONAL (PN),Fuerzas públicas,33029,5761,0,0,0,0,0
2025,6,12,4,1,MINISTERIO DE RELACIONES EXTERIORES (MRE),Servicio civil del Ejecutivo,1115,442,24,0,1,10,13
2025,6,12,5,1,MINISTERIO DE DEFENSA NACIONAL (MDN),Fuerzas públicas,239,114,8,0,0,4,4
2025,6,12,5,2,CENTRO FINANCIERO 1 - COMANDO EN JEFE,Servicio civil del Ejecutivo,228,95,0,0,0,0,0
2025,6,12,5,3,CENTRO FINANCIERO 2 - COMANDO DEL EJERCITO,Servicio civil del Ejecutivo,481,197,1,0,0,0,1
2025,6,12,5,4,CENTRO FINANCIERO 3 - COMANDO DE LA ARMADA,Servicio civil del Ejecutivo,330,105,0,0,0,0,0
2025,6,12,5,5,CENTRO FINANCIERO 4 - COMANDO DE LA FUERZA AEREA,Servicio civil del Ejecutivo,115,58,4,0,0,3,1
2025,6,12,5,6,CENTRO FINANCIERO 5 - COMANDO LOGISTICO,Servicio civil del Ejecutivo,511,238,1,0,0,1,0
2025,6,12,6,1,MINISTERIO DE ECONOMIA Y FINANZAS (MEF),Servicio civil del Ejecutivo,1421,699,32,1,0,16,15
2025,6,12,7,1,MINISTERIO DE EDUCACION Y CIENCIAS (MEC),Educación,82417,57297,470,3,0,305,162
2025,6,12,8,1,MINISTERIO DE SALUD PUBLICA Y BIENESTAR SOCIAL (MSPBS),Salud,62651,42620,178,11,10,78,79
2025,6,12,9,1,MINISTERIO DE JUSTICIA (MJ),Servicio civil del Ejecutivo,3828,1350,19,0,0,6,13
2025,6,12,10,1,MINISTERIO DE AGRICULTURA Y GANADERIA (MAG),Servicio civil del Ejecutivo,2431,981,34,0,0,10,24
2025,6,12,11,1,MINISTERIO DE INDUSTRIA Y COMERCIO (MIC),Servicio civil del Ejecutivo,360,153,3,0,0,0,3
2025,6,12,13,1,MINISTERIO DE OBRAS PUBLICAS Y COMUNICACIONES (MOPC),Servicio civil del Ejecutivo,3425,856,56,2,8,11,35
2025,6,12,14,1,MINISTERIO DE LA MUJER (MM),Servicio civil del Ejecutivo,166,140,3,1,0,1,1
2025,6,12,15,1,"MINISTERIO DEL TRABAJO, EMPLEO Y SEGURIDAD SOCIAL (MTESS)",Servicio civil del Ejecutivo,351,185,15,0,0,5,10
2025,6,12,15,2,SERVICIO NACIONAL DE PROMOCION PROFESIONAL (SNPP),Servicio civil del Ejecutivo,1845,1006,32,0,0,14,18
2025,6,12,15,3,SISTEMA NACIONAL DE FORMACION Y CAPACITACION LABORAL (SINAFOCAL),Servicio civil del Ejecutivo,219,128,8,1,1,1,5
2025,6,12,17,1,MINISTERIO DEL AMBIENTE Y DESARROLLO SOSTENIBLE (MADES),Servicio civil del Ejecutivo,407,154,8,0,0,1,7
2025,6,12,18,1,MINISTERIO DE DESARROLLO SOCIAL,Servicio civil del Ejecutivo,1297,785,16,4,4,1,7
2025,6,12,19,1,"MINISTERIO DE URBANISMO, VIVIENDA Y HABITAT",Servicio civil del Ejecutivo,636,339,17,0,0,8,9
2025,6,12,20,1,MINISTERIO DE LA NIÑEZ Y ADOLESCENCIA,Servicio civil del Ejecutivo,988,758,12,1,0,7,4
2025,6,12,21,1,MINISTERIO DE TECNOLOGIAS DE LA INFORMACION Y COMUNICACION,Servicio civil del Ejecutivo,391,160,9,0,2,4,3
2025,6,12,40,1,ORQUESTA NACIONAL DE MÚSICA POPULAR,Servicio civil del Ejecutivo,56,19,0,0,0,0,0
2025,6,13,1,1,CORTE SUPREMA DE JUSTICIA (CSJ),Poder Judicial,13983,8083,77,1,7,28,41
2025,6,13,3,1,MINISTERIO PUBLICO (MP),Poder Judicial,6210,3512,17,1,0,5,11
2025,6,13,4,1,CONSEJO DE LA MAGISTRATURA (CM),Poder Judicial,116,54,0,0,0,0,0
2025,6,13,4,2,ESCUELA JUDICIAL (EJ),Poder Judicial,111,54,3,0,2,0,1
2025,6,13,5,1,JURADO DE ENJUICIAMIENTO DE MAGISTRADOS (JEM),Poder Judicial,281,142,6,1,2,1,2
2025,6,13,6,1,MINISTERIO DE LA DEFENSA PUBLICA (MDP),Poder Judicial,2822,1750,25,1,4,12,8
2025,6,13,7,1,SINDICATURA GENERAL DE QUIEBRAS,Poder Judicial,100,44,0,0,0,0,0
2025,6,14,1,1,CONTRALORIA GENERAL DE LA REPUBLICA (CGR),Otros organismos,1003,551,7,0,0,4,3
2025,6,15,1,1,DEFENSORIA DEL PUEBLO (DP),Otros organismos,182,119,3,0,2,0,1
2025,6,15,2,1,MECANISMO NACIONAL DE PREVENCION CONTRA LA TORTURA Y OTROS TRATOS O PENAS CRUELES INHUMANOS O DEGRADANTES (MNP),Otros organismos,30,15,2,0,0,1,1
2025,6,21,1,1,BANCO CENTRAL DEL PARAGUAY (BCP),Otros organismos,772,346,11,0,0,2,9
2025,6,22,1,1,I DEPARTAMENTO: GOBERNACION DE CONCEPCION,Gobiernos departamentales,132,48,5,1,2,0,2
2025,6,22,2,1,II DEPARTAMENTO: GOBERNACION DE SAN PEDRO,Gobiernos departamentales,129,65,4,1,1,2,0
2025,6,22,3,1,III DEPARTAMENTO: GOBERNACION DE CORDILLERA,Gobiernos departamentales,86,30,1,0,0,0,1
2025,6,22,4,1,IV DEPARTAMENTO: GOBERNACION DE GUAIRA,Gobiernos departamentales,205,79,5,0,4,0,1
2025,6,22,5,1,V DEPARTAMENTO: GOBERNACION DE CAAGUAZU,Gobiernos departamentales,221,73,3,0,2,0,1
2025,6,22,6,1,VI DEPARTAMENTO: GOBERNACION DE CAAZAPA,Gobiernos departamentales,84,25,5,1,1,0,3
2025,6,22,7,1,VII DEPARTAMENTO: GOBERNACION DE ITAPUA,Gobiernos departamentales,221,92,6,1,2,0,3
2025,6,22,8,1,VIII DEPARTAMENTO: GOBERNACION DE MISIONES,Gobiernos departamentales,110,35,2,0,0,1,1
2025,6,22,9,1,IX DEPARTAMENTO: GOBERNACION DE PARAGUARI,Gobiernos departamentales,157,56,0,0,0,0,0
2025,6,22,10,1,X DEPARTAMENTO: GOBERNACION DE ALTO PARANA,Gobiernos departamentales,246,88,13,4,8,0,1
2025,6,22,11,1,XI DEPARTAMENTO: GOBERNACION CENTRAL,Gobiernos departamentales,150,73,10,1,1,4,4
2025,6,22,12,1,XII DEPARTAMENTO: GOBERNACION DE ÑEEMBUCU,Gobiernos departamentales,115,50,0,0,0,0,0
2025,6,22,13,1,XIII DEPARTAMENTO: GOBERNACION DE AMAMBAY,Gobiernos departamentales,131,59,4,2,2,0,0
2025,6,22,14,1,XIV DEPARTAMENTO: GOBERNACION DE CANINDEYU,Gobiernos departamentales,81,27,2,0,2,0,0
2025,6,22,15,1,XV DEPARTAMENTO: GOBERNACION DE PRESIDENTE HAYES,Gobiernos departamentales,129,47,4,0,1,1,2
2025,6,22,16,1,XVI DEPARTAMENTO: GOBERNACION DE BOQUERON,Gobiernos departamentales,154,72,2,0,0,0,2
2025,6,22,17,1,XVII DEPARTAMENTO: GOBERNACION DE ALTO PARAGUAY,Gobiernos departamentales,46,9,3,0,0,1,2
2025,6,23,1,1,"INSTITUTO NACIONAL DE TECNOLOGIA, NORMALIZACION Y METROLOGIA (INTN)",Entes autónomos y autárquicos,309,160,14,0,0,6,8
2025,6,23,3,1,INSTITUTO NACIONAL DE DESARROLLO RURAL Y DE LA TIERRA (INDERT),Entes autónomos y autárquicos,490,168,18,0,0,2,16
2025,6,23,4,1,DIRECCION DE BENEFICENCIA Y AYUDA SOCIAL (DIBEN),Entes autónomos y autárquicos,104,59,5,0,0,3,2
2025,6,23,6,1,INSTITUTO PARAGUAYO DEL INDIGENA (INDI),Entes autónomos y autárquicos,69,28,0,0,0,0,0
2025,6,23,8,1,FONDO NACIONAL DE LA CULTURA Y LAS ARTES (FONDEC),Entes autónomos y autárquicos,22,13,1,1,0,0,0
2025,6,23,10,1,COMISION NACIONAL DE TELECOMUNICACIONES (CONATEL),Entes autónomos y autárquicos,296,99,13,1,6,2,4
2025,6,23,11,1,DIRECCION NACIONAL DE TRANSPORTE (DINATRAN),Entes autónomos y autárquicos,343,80,0,0,0,0,0
2025,6,23,13,1,ENTE REGULADOR DE SERVICIOS SANITARIOS (ERSSAN),Entes autónomos y autárquicos,98,38,4,1,1,1,1
2025,6,23,14,1,INSTITUTO NACIONAL DE COOPERATIVISMO (INCOOP),Entes autónomos y autárquicos,173,101,9,0,0,4,5
2025,6,23,16,1,SERVICIO NACIONAL DE CALIDAD Y SALUD ANIMAL (SENACSA),Entes autónomos y autárquicos,1342,531,48,1,0,10,37
2025,6,23,17,1,INSTITUTO PARAGUAYO DE ARTESANIA (IPA),Entes autónomos y autárquicos,72,47,2,0,0,0,2
2025,6,23,18,1,SERVICIO NACIONAL DE CALIDAD Y SANIDAD VEGETAL Y DE SEMILLA (SENAVE),Entes autónomos y autárquicos,528,212,14,1,1,8,4
2025,6,23,19,1,DIRECCION NACIONAL DE CONTRATACIONES PUBLICAS (DNCP),Entes autónomos y autárquicos,236,133,9,1,2,2,4
2025,6,23,20,1,INSTITUTO FORESTAL NACIONAL (INFONA),Entes autónomos y autárquicos,362,116,10,1,0,5,4
2025,6,23,22,1,INSTITUTO PARAGUAYO DE TECNOLOGIA AGRARIA (IPTA),Entes autónomos y autárquicos,529,183,24,0,5,5,14
2025,6,23,24,1,DIRECCION NACIONAL DE CORREOS DEL PARAGUAY (DINACOPA),Entes autónomos y autárquicos,792,400,29,0,0,13,16
2025,6,23,25,1,DIRECCION NACIONAL DE PROPIEDAD INTELECTUAL (DINAPI),Entes autónomos y autárquicos,120,59,5,0,0,1,4
2025,6,23,26,1,SECRETARIA DE DEFENSA DEL CONSUMIDOR Y EL USUARIO (SEDECO),Entes autónomos y autárquicos,30,14,1,0,0,1,0
2025,6,23,27,1,COMISION NACIONAL DE LA COMPETENCIA (CONACOM),Entes autónomos y autárquicos,28,11,1,0,0,0,1
2025,6,23,28,1,AGENCIA NACIONAL DE TRANSITO Y SEGURIDAD VIAL (ANTSV),Entes autónomos y autárquicos,33,18,1,0,1,0,0
2025,6,23,29,1,CONSEJO NACIONAL DE EDUCACION SUPERIOR (CONES),Entes autónomos y autárquicos,26,17,1,0,0,0,1
2025,6,23,30,1,AGENCIA NACIONAL DE EVALUACION Y ACREDITACION DE LA EDUCACION SUPERIOR (ANEAES),Entes autónomos y autárquicos,37,24,1,0,0,0,1
2025,6,23,31,1,AUTORIDAD REGULADORA RADIOLOGICA Y NUCLEAR (ARRN),Entes autónomos y autárquicos,26,10,0,0,0,0,0
2025,6,23,32,1,SECRETARIA NACIONAL DE INTELIGENCIA (SNI),Entes autónomos y autárquicos,27,12,0,0,0,0,0
2025,6,23,33,1,INSTITUTO SUPERIOR DE BELLAS ARTES,Entes autónomos y autárquicos,188,107,1,0,0,1,0
2025,6,23,34,1,INSTITUTO NACIONAL DE EDUCACIÓN SUPERIOR,Entes autónomos y autárquicos,279,188,5,0,0,2,3
2025,6,23,35,1,"DIRECCIÓN NACIONAL DE DEFENSA, SALUD Y BIENESTAR ANIMAL",Entes autónomos y autárquicos,26,10,0,0,0,0,0
2025,6,23,36,1,INSTITUTO NACIONAL DE ESTADISTICAS,Entes autónomos y autárquicos,528,266,6,0,0,1,5
2025,6,23,37,1,INSTITUTO NACIONAL DEL AUDIOVISUAL PARAGUAYO,Entes autónomos y autárquicos,5,2,0,0,0,0,0
2025,6,23,38,1,DIRECCIÓN NACIONAL DE VIGILANCIA SANITARIA,Entes autónomos y autárquicos,220,156,2,0,0,1,1
2025,6,23,39,1,DIRECCIÓN NACIONAL DE MIGRACIONES,Entes autónomos y autárquicos,485,232,10,0,2,1,7
2025,6,23,40,1,DIRECCIÓN NACIONAL DE INGRESOS TRIBUTARIOS,Entes autónomos y autárquicos,1872,634,32,2,8,9,13
2025,6,24,1,1,INSTITUTO DE PREVISION SOCIAL (IPS),Salud,25485,16813,206,0,0,76,130
2025,6,24,2,1,CAJA DE SEGURIDAD SOCIAL DE EMPLEADOS Y OBREROS FERROVIARIOS,Otros organismos,12,3,0,0,0,0,0
2025,6,24,4,1,CAJA DE JUBILACIONES Y PENSIONES DE EMPLEADOS DE BANCOS Y AFINES,Otros organismos,133,58,1,0,0,0,1
2025,6,24,5,1,CAJA DE JUBILACIONES Y PENSIONES DEL PERSONAL MUNICIPAL (CJPPM),Otros organismos,170,83,3,0,0,2,1
2025,6,25,2,1,ADMINISTRACION NACIONAL DE ELECTRICIDAD (ANDE),Empresas públicas,4898,1054,182,31,57,27,67
2025,6,25,4,1,ADMINISTRACION NACIONAL DE NAVEGACION Y PUERTOS (ANNP),Empresas públicas,1143,318,13,0,0,1,12
2025,6,25,5,1,DIRECCION NACIONAL DE AERONAUTICA CIVIL (DINAC),Empresas públicas,2009,751,41,3,3,9,26
2025,6,25,6,1,PETROLEOS PARAGUAYOS (PETROPAR),Empresas públicas,653,139,29,0,1,4,24
2025,6,25,7,1,INDUSTRIA NACIONAL DEL CEMENTO (INC),Empresas públicas,880,166,11,0,0,3,8
2025,6,27,1,1,BANCO NACIONAL DE FOMENTO (BNF),Otros organismos,1608,671,23,2,1,9,11
2025,6,27,3,1,CREDITO AGRICOLA DE HABILITACION (CAH),Otros organismos,433,146,16,0,0,2,14
2025,6,27,5,1,CAJA DE PRESTAMOS DEL MINISTERIO DE DEFENSA NACIONAL (CPMDN),Otros organismos,3,3,0,0,0,0,0
2025,6,27,7,1,AGENCIA FINANCIERA DE DESARROLLO (AFD),Otros organismos,108,56,2,0,0,1,1
2025,6,28,1,1,UNA RECTORADO (RECTORADO UNA),Educación,717,365,5,0,0,2,3
2025,6,28,1,2,FACULTAD DE ENFERMERIA Y OBSTETRICIA,Educación,605,428,0,0,0,0,0
2025,6,28,1,3,COLEGIO EXPERIMENTAL PARAGUAY-BRASIL (CEPB),Educación,178,121,0,0,0,0,0
2025,6,28,1,4,FACULTAD DE CIENCIAS AGRARIAS (FCA-UNA),Educación,964,434,7,0,0,2,5
2025,6,28,1,5,UNA FACULTAD CIENCIAS EXACTAS Y NATURALES (FACEN),Educación,660,330,0,0,0,0,0
2025,6,28,1,6,"UNA FACULTAD DE ARQUITECTURA, DISENO Y ARTE",Educación,824,428,0,0,0,0,0
2025,6,28,1,7,FACULTAD DE CIENCIAS ECONOMICAS (FCE),Educación,1683,796,4,1,1,1,1
2025,6,28,1,8,FACULTAD DE CIENCIAS MEDICAS (FCM),Educación,5433,3465,8,0,0,1,7
2025,6,28,1,9,FACULTAD DE CIENCIAS QUIMICAS (FCQ),Educación,480,296,0,0,0,0,0
2025,6,28,1,10,FACULTAD DE DERECHO Y CIENCIAS SOCIALES (FDCS),Educación,1183,456,1,1,0,0,0
2025,6,28,1,11,FACULTAD DE FILOSOFIA (FIL),Educación,997,579,0,0,0,0,0
2025,6,28,1,12,FACULTAD DE INGENIERIA (FIUNA),Educación,1075,349,0,0,0,0,0
2025,6,28,1,13,FACULTAD DE ODONTOLOGIA (FO),Educación,389,267,0,0,0,0,0
2025,6,28,1,14,FACULTAD DE POLITECNICA (FPUNA),Educación,1033,463,4,0,0,2,2
2025,6,28,1,15,FACULTAD DE CIENCIAS VETERINARIAS (FCV),Educación,849,402,0,0,0,0,0
2025,6,28,1,16,INSTITUTO DE INVESTIGACIONES EN CIENCIAS DE LA SALUD (IICS),Educación,152,112,0,0,0,0,0
2025,6,28,1,17,FACULTAD DE CIENCIAS SOCIALES,Educación,136,82,1,0,0,1,0
2025,6,28,2,1,UNIVERSIDAD NACIONAL DEL ESTE (UNE),Educación,1746,934,3,0,0,0,3
2025,6,28,3,1,UNIVERSIDAD NACIONAL DE PILAR (UNP),Educación,829,482,0,0,0,0,0
2025,6,28,4,1,UNIVERSIDAD NACIONAL DE ITAPUA (UNI),Educación,1162,674,15,0,0,4,11
2025,6,28,5,1,UNIVERSIDAD NACIONAL DE CONCEPCION (UNC),Educación,661,318,4,0,0,3,1
2025,6,28,6,1,UNIVERSIDAD NACIONAL DE VILLARRICA DEL ESPIRITU SANTO (UNVES),Educación,1553,916,2,0,0,1,1
2025,6,28,7,1,UNIVERSIDAD NACIONAL DE CAAGUAZU (UNCAA),Educación,1134,573,25,0,0,15,10
2025,6,28,8,1,UNIVERSIDAD NACIONAL DE CANINDEYU (UNCAN),Educación,124,69,3,0,0,2,1
2025,6,28,9,9,UNIVERSIDAD POLITECNICA TAIWAN-PARAGUAY,Educación,29,15,0,0,0,0,0
2025,6,28,10,1,UNIVERSIDAD NACIONAL DE  MISIONES,Educación,272,159,0,0,0,0,0
2025,6,30,1,2,MUNICIPALIDAD DE CONCEPCION,Municipalidades,355,143,1,0,1,0,0
2025,6,30,1,3,MUNICIPALIDAD DE  BELEN,Municipalidades,48,22,0,0,0,0,0
2025,6,30,1,4,MUNICIPALIDAD DE HORQUETA,Municipalidades,74,22,0,0,0,0,0
2025,6,30,1,5,MUNICIPALIDAD DE LORETO,Municipalidades,41,12,0,0,0,0,0
2025,6,30,1,6,MUNICIPALIDAD DE SAN LAZARO,Municipalidades,55,16,0,0,0,0,0
2025,6,30,1,7,MUNICIPALIDAD DE YBYYAU,Municipalidades,17,4,0,0,0,0,0
2025,6,30,1,237,MUNICIPALIDAD DE SAN CARLOS DEL APA,Municipalidades,32,15,0,0,0,0,0
2025,6,30,1,238,MUNICIPALIDAD DE AZOTEY,Municipalidades,41,7,0,0,0,0,0
2025,6,30,1,241,MUNICIPALIDAD DE SARGENTO JOSE FELIX LOPEZ,Municipalidades,23,7,0,0,0,0,0
2025,6,30,1,249,MUNICIPALIDAD DE SAN ALFREDO,Municipalidades,20,12,0,0,0,0,0
2025,6,30,1,257,MUNICIPALIDAD DE PASO HORQUETA,Municipalidades,37,16,0,0,0,0,0
2025,6,30,1,263,MUNICIPALIDAD DE ITACUA,Municipalidades,13,1,0,0,0,0,0
2025,6,30,1,524,MUNICIPALIDAD DE ARROYITO,Municipalidades,20,6,0,0,0,0,0
2025,6,30,2,8,MUNICIPALIDAD DE SAN PEDRO DEL YCUAMANDIYU,Municipalidades,91,35,1,0,1,0,0
2025,6,30,2,10,MUNICIPALIDAD DE CHORE,Municipalidades,55,20,1,0,1,0,0
2025,6,30,2,11,MUNICIPALIDAD DE GRAL.ELIZARDO AQUINO,Municipalidades,37,12,0,0,0,0,0
2025,6,30,2,12,MUNICIPALIDAD DE ITACURUBI  DEL ROSARIO,Municipalidades,29,9,1,0,1,0,0
2025,6,30,2,13,MUNICIPALIDAD DE LIMA,Municipalidades,48,17,1,0,1,0,0
2025,6,30,2,14,MUNICIPALIDAD DE NUEVA GERMANIA,Municipalidades,24,10,0,0,0,0,0
2025,6,30,2,15,MUNICIPALIDAD DE SAN ESTANISLAO,Municipalidades,94,41,3,1,2,0,0
2025,6,30,2,16,MUNICIPALIDAD DE YRYBUCUA,Municipalidades,46,13,0,0,0,0,0
2025,6,30,2,17,MUNICIPALIDAD DE SAN PABLO,Municipalidades,27,10,0,0,0,0,0
2025,6,30,2,18,MUNICIPALIDAD DE TACUATI,Municipalidades,32,12,0,0,0,0,0
2025,6,30,2,19,MUNICIPALIDAD DE UNION,Municipalidades,37,10,1,0,1,0,0
2025,6,30,2,20,MUNICIPALIDAD DE 25 DE DICIEMBRE,Municipalidades,44,21,1,0,1,0,0
2025,6,30,2,22,MUNICIPALIDAD DE GRAL. F. RESQUIN,Municipalidades,44,14,0,0,0,0,0
2025,6,30,2,23,MUNICIPALIDAD DE YATAITY DEL NORTE,Municipalidades,34,11,0,0,0,0,0
2025,6,30,2,24,MUNICIPALIDAD DE GUAJAYVI,Municipalidades,58,23,0,0,0,0,0
2025,6,30,2,25,MUNICIPALIDAD DE CAPIIBARY,Municipalidades,60,15,0,0,0,0,0
2025,6,30,2,26,MUNICIPALIDAD DE SANTA ROSA DEL AGUARAY,Municipalidades,67,17,1,0,1,0,0
2025,6,30,2,239,MUNICIPALIDAD DE LIBERACION,Municipalidades,50,8,1,0,1,0,0
2025,6,30,2,260,MUNICIPALIDAD DE SAN JOSE DEL ROSARIO,Municipalidades,35,16,0,0,0,0,0
2025,6,30,3,27,MUNICIPALIDAD DE CAACUPE,Municipalidades,257,113,2,1,1,0,0
2025,6,30,3,28,MUNICIPALIDAD DE ALTOS,Municipalidades,79,22,0,0,0,0,0
2025,6,30,3,29,MUNICIPALIDAD DE ARROYOS Y ESTEROS,Municipalidades,65,27,0,0,0,0,0
2025,6,30,3,30,MUNICIPALIDAD DE ATYRA,Municipalidades,57,17,3,0,3,0,0
2025,6,30,3,31,MUNICIPALIDAD DE CARAGUATAY,Municipalidades,55,22,2,1,0,1,0
2025,6,30,3,32,MUNICIPALIDAD DE EMBOSCADA,Municipalidades,71,37,0,0,0,0,0
2025,6,30,3,33,MUNICIPALIDAD DE EUSEBIO AYALA,Municipalidades,88,21,2,0,1,0,1
2025,6,30,3,34,MUNICIPALIDAD DE ISLA PUCU,Municipalidades,42,17,0,0,0,0,0
2025,6,30,3,35,MUNICIPALIDAD DE ITACURUBI DE LA CORDILLERA,Municipalidades,56,27,2,1,1,0,0
2025,6,30,3,37,MUNICIPALIDAD DE LOMA GRANDE,Municipalidades,36,12,1,0,1,0,0
2025,6,30,3,38,MUNICIPALIDAD DE MBOCAYATY DEL YHAGUY,Municipalidades,29,12,0,0,0,0,0
2025,6,30,3,39,MUNICIPALIDAD DE NUEVA COLOMBIA,Municipalidades,38,17,0,0,0,0,0
2025,6,30,3,40,MUNICIPALIDAD DE PIRIBEBUY,Municipalidades,69,27,0,0,0,0,0
2025,6,30,3,42,MUNICIPALIDAD DE SAN BERNARDINO,Municipalidades,266,115,3,0,2,0,1
2025,6,30,3,43,MUNICIPALIDAD DE SANTA ELENA,Municipalidades,39,17,0,0,0,0,0
2025,6,30,3,44,MUNICIPALIDAD DE TOBATI,Municipalidades,73,23,0,0,0,0,0
2025,6,30,3,45,MUNICIPALIDAD DE VALENZUELA,Municipalidades,25,12,2,0,0,1,1
2025,6,30,3,46,MUNICIPALIDAD DE SAN JOSE OBRERO,Municipalidades,22,7,1,0,0,0,1
2025,6,30,4,47,MUNICIPALIDAD DE VILLARRICA DEL ESPIRITU SANTO,Municipalidades,333,145,3,0,3,0,0
2025,6,30,4,48,MUNICIPALIDAD DE BORJA,Municipalidades,21,8,0,0,0,0,0
2025,6,30,4,49,MUNICIPALIDAD DE CAPITAN MAURICIO JOSE TROCHE,Municipalidades,38,20,0,0,0,0,0
2025,6,30,4,50,MUNICIPALIDAD DE CORONEL MARTINEZ,Municipalidades,45,22,0,0,0,0,0
2025,6,30,4,51,MUNICIPALIDAD DE FELIX PEREZ CARDOZO,Municipalidades,48,15,0,0,0,0,0
2025,6,30,4,53,MUNICIPALIDAD DE INDEPENDENCIA,Municipalidades,62,22,0,0,0,0,0
2025,6,30,4,54,MUNICIPALIDAD DE ITAPE,Municipalidades,39,12,0,0,0,0,0
2025,6,30,4,55,MUNICIPALIDAD DE ITURBE,Municipalidades,39,12,0,0,0,0,0
2025,6,30,4,56,MUNICIPALIDAD DE JOSE A. FASSARDI,Municipalidades,33,9,0,0,0,0,0
2025,6,30,4,57,MUNICIPALIDAD DE MBOCAYATY DEL GUAIRA,Municipalidades,27,7,0,0,0,0,0
2025,6,30,4,58,MUNICIPALIDAD DE NATALICIO TALAVERA,Municipalidades,43,15,1,0,1,0,0
2025,6,30,4,59,MUNICIPALIDAD DE ÑUMI,Municipalidades,31,9,1,0,1,0,0
2025,6,30,4,60,MUNICIPALIDAD DE SAN SALVADOR,Municipalidades,44,16,0,0,0,0,0
2025,6,30,4,61,MUNICIPALIDAD DE YATAITY DEL GUAIRA,Municipalidades,45,24,2,0,1,1,0
2025,6,30,4,62,MUNICIPALIDAD DE DR. BOTRELL,Municipalidades,42,21,1,0,0,0,1
2025,6,30,4,63,MUNICIPALIDAD DE PASO YOBAI,Municipalidades,42,12,0,0,0,0,0
2025,6,30,4,234,MUNICIPALIDAD DE TEBICUARY,Municipalidades,59,22,1,0,1,0,0
2025,6,30,5,64,MUNICIPALIDAD DE CORONEL OVIEDO,Municipalidades,373,152,5,1,2,0,2
2025,6,30,5,65,MUNICIPALIDAD DE CAAGUAZU,Municipalidades,168,55,1,1,0,0,0
2025,6,30,5,66,MUNICIPALIDAD DE CARAYAO,Municipalidades,35,10,0,0,0,0,0
2025,6,30,5,67,MUNICIPALIDAD DE DR. CECILIO BAEZ,Municipalidades,34,10,0,0,0,0,0
2025,6,30,5,68,MUNICIPALIDAD DE SANTA.ROSA DEL MBUTUY,Municipalidades,26,8,1,0,1,0,0
2025,6,30,5,69,MUNICIPALIDAD DE DR. JUAN MANUEL FRUTOS,Municipalidades,24,10,1,0,0,0,1
2025,6,30,5,70,MUNICIPALIDAD DE REPATRIACION,Municipalidades,58,16,0,0,0,0,0
2025,6,30,5,71,MUNICIPALIDAD DE NUEVA LONDRES,Municipalidades,34,14,1,1,0,0,0
2025,6,30,5,72,MUNICIPALIDAD DE SAN JOAQUIN,Municipalidades,33,5,0,0,0,0,0
2025,6,30,5,73,MUNICIPALIDAD DE SAN JOSE DE LOS ARROYOS,Municipalidades,61,14,2,1,1,0,0
2025,6,30,5,74,MUNICIPALIDAD DE YHU,Municipalidades,61,19,0,0,0,0,0
2025,6,30,5,76,MUNICIPALIDAD DE R.I. 3 CORRALES,Municipalidades,47,12,0,0,0,0,0
2025,6,30,5,77,MUNICIPALIDAD DE RAUL ARSENIO OVIEDO,Municipalidades,50,12,0,0,0,0,0
2025,6,30,5,78,MUNICIPALIDAD DE JOSE DOMINGO OCAMPOS,Municipalidades,66,25,0,0,0,0,0
2025,6,30,5,79,MUNICIPALIDAD DE MARISCAL FRANCISCO SOLANO LOPEZ,Municipalidades,40,13,0,0,0,0,0
2025,6,30,5,81,MUNICIPALIDAD DE 3 DE FEBRERO,Municipalidades,35,12,1,1,0,0,0
2025,6,30,5,82,MUNICIPALIDAD DE SIMON BOLIVAR,Municipalidades,34,7,0,0,0,0,0
2025,6,30,5,83,MUNICIPALIDAD DE VAQUERIA,Municipalidades,20,6,0,0,0,0,0
2025,6,30,5,233,MUNICIPALIDAD DE TEMBIAPORA,Municipalidades,37,10,0,0,0,0,0
2025,6,30,5,243,MUNICIPALIDAD DE NUEVA TOLEDO,Municipalidades,35,17,0,0,0,0,0
2025,6,30,6,84,MUNICIPALIDAD DE CAAZAPA,Municipalidades,83,26,1,0,0,0,1
2025,6,30,6,85,MUNICIPALIDAD DE ABAI,Municipalidades,67,29,0,0,0,0,0
2025,6,30,6,86,MUNICIPALIDAD DE BUENA VISTA,Municipalidades,35,9,1,0,1,0,0
2025,6,30,6,87,MUNICIPALIDAD DE DR. MOISES BERTONI,Municipalidades,34,10,0,0,0,0,0
2025,6,30,6,88,MUNICIPALIDAD DE GRAL.MORINIGO,Municipalidades,29,4,2,0,2,0,0
2025,6,30,6,89,MUNICIPALIDAD DE MACIEL,Municipalidades,34,12,0,0,0,0,0
2025,6,30,6,90,MUNICIPALIDAD DE SAN JUAN NEPOMUCENO,Municipalidades,82,32,0,0,0,0,0
2025,6,30,6,91,MUNICIPALIDAD DE TAVAI,Municipalidades,28,5,0,0,0,0,0
2025,6,30,6,92,MUNICIPALIDAD DE FULGENCIO YEGROS,Municipalidades,47,16,0,0,0,0,0
2025,6,30,6,93,MUNICIPALIDAD DE YUTY,Municipalidades,77,29,0,0,0,0,0
2025,6,30,7,94,MUNICIPALIDAD DE ENCARNACION,Municipalidades,1337,493,13,0,11,0,2
2025,6,30,7,95,MUNICIPALIDAD DE BELLA VISTA,Municipalidades,78,24,1,1,0,0,0
2025,6,30,7,96,MUNICIPALIDAD DE CAMBYRETA,Municipalidades,206,88,2,0,2,0,0
2025,6,30,7,97,MUNICIPALIDAD DE CAPITAN MEZA,Municipalidades,81,26,2,0,1,0,1
2025,6,30,7,98,MUNICIPALIDAD DE CAPITAN MIRANDA,Municipalidades,72,27,1,0,1,0,0
2025,6,30,7,99,MUNICIPALIDAD DE NUEVA ALBORADA,Municipalidades,32,10,0,0,0,0,0
2025,6,30,7,100,MUNICIPALIDAD DE CARMEN DEL PARANA,Municipalidades,92,27,0,0,0,0,0
2025,6,30,7,101,MUNICIPALIDAD DE CORONEL BOGADO,Municipalidades,94,23,0,0,0,0,0
2025,6,30,7,102,MUNICIPALIDAD DE CARLOS ANTONIO LOPEZ,Municipalidades,92,26,2,0,1,0,1
2025,6,30,7,103,MUNICIPALIDAD DE NATALIO,Municipalidades,88,29,0,0,0,0,0
2025,6,30,7,104,MUNICIPALIDAD DE FRAM,Municipalidades,73,26,0,0,0,0,0
2025,6,30,7,105,MUNICIPALIDAD DE GENERAL ARTIGAS,Municipalidades,56,23,3,0,2,0,1
2025,6,30,7,106,MUNICIPALIDAD DE GENERAL DELGADO,Municipalidades,27,7,0,0,0,0,0
2025,6,30,7,107,MUNICIPALIDAD DE HOHENAU,Municipalidades,105,31,3,0,3,0,0
2025,6,30,7,108,MUNICIPALIDAD DE JESUS,Municipalidades,56,16,0,0,0,0,0
2025,6,30,7,109,MUNICIPALIDAD DE JOSE LEANDRO OVIEDO,Municipalidades,57,29,1,0,1,0,0
2025,6,30,7,110,MUNICIPALIDAD DE OBLIGADO,Municipalidades,123,45,1,0,1,0,0
2025,6,30,7,111,MUNICIPALIDAD DE MAYOR OTAÑO,Municipalidades,48,17,0,0,0,0,0
2025,6,30,7,112,MUNICIPALIDAD DE SAN COSME Y SAN DAMIAN,Municipalidades,68,23,2,0,2,0,0
2025,6,30,7,113,MUNICIPALIDAD DE SAN PEDRO DEL PARANA,Municipalidades,102,34,1,1,0,0,0
2025,6,30,7,114,MUNICIPALIDAD DE SAN RAFAEL DEL PARANA,Municipalidades,107,31,1,0,1,0,0
2025,6,30,7,115,MUNICIPALIDAD DE TRINIDAD,Municipalidades,40,16,0,0,0,0,0
2025,6,30,7,116,MUNICIPALIDAD DE EDELIRA,Municipalidades,69,29,0,0,0,0,0
2025,6,30,7,117,MUNICIPALIDAD DE TOMAS ROMERO PEREIRA,Municipalidades,117,35,0,0,0,0,0
2025,6,30,7,118,MUNICIPALIDAD DE ALTO VERA,Municipalidades,47,8,0,0,0,0,0
2025,6,30,7,119,MUNICIPALIDAD DE LA PAZ,Municipalidades,32,14,0,0,0,0,0
2025,6,30,7,120,MUNICIPALIDAD DE YATYTAY,Municipalidades,59,15,0,0,0,0,0
2025,6,30,7,121,MUNICIPALIDAD DE SAN JUAN DEL PARANA,Municipalidades,109,41,0,0,0,0,0
2025,6,30,7,122,MUNICIPALIDAD DE PIRAPO,Municipalidades,70,26,3,1,2,0,0
2025,6,30,7,123,MUNICIPALIDAD DE ITAPUA POTY,Municipalidades,47,13,2,0,2,0,0
2025,6,30,8,124,MUNICIPALIDAD DE SAN JUAN BAUSTISTA DE LAS MISIONES,Municipalidades,87,26,0,0,0,0,0
2025,6,30,8,125,MUNICIPALIDAD DE AYOLAS,Municipalidades,134,46,0,0,0,0,0
2025,6,30,8,126,MUNICIPALIDAD DE SAN IGNACIO GUAZU,Municipalidades,176,60,1,0,1,0,0
2025,6,30,8,127,MUNICIPALIDAD DE SAN MIGUEL MISIONES,Municipalidades,57,17,3,1,1,0,1
2025,6,30,8,129,MUNICIPALIDAD DE SANTA MARIA,Municipalidades,44,16,0,0,0,0,0
2025,6,30,8,130,MUNICIPALIDAD DE SANTA ROSA MISIONES,Municipalidades,100,33,0,0,0,0,0
2025,6,30,8,131,MUNICIPALIDAD DE SANTIAGO,Municipalidades,56,23,0,0,0,0,0
2025,6,30,8,132,MUNICIPALIDAD DE VILLA FLORIDA,Municipalidades,54,13,0,0,0,0,0
2025,6,30,8,133,MUNICIPALIDAD DE YABEBYRY,Municipalidades,42,22,0,0,0,0,0
2025,6,30,9,134,MUNICIPALIDAD DE PARAGUARI,Municipalidades,172,74,0,0,0,0,0
2025,6,30,9,135,MUNICIPALIDAD DE ACAHAY,Municipalidades,34,13,0,0,0,0,0
2025,6,30,9,136,MUNICIPALIDAD DE CAAPUCU,Municipalidades,19,9,0,0,0,0,0
2025,6,30,9,137,MUNICIPALIDAD DE GENERAL CABALLERO,Municipalidades,44,12,1,0,0,0,1
2025,6,30,9,138,MUNICIPALIDAD DE CARAPEGUA,Municipalidades,126,43,1,0,0,0,1
2025,6,30,9,139,MUNICIPALIDAD DE ESCOBAR,Municipalidades,32,18,0,0,0,0,0
2025,6,30,9,140,MUNICIPALIDAD DE LA COLMENA,Municipalidades,44,12,0,0,0,0,0
2025,6,30,9,141,MUNICIPALIDAD DE MBUYAPEY,Municipalidades,36,7,3,0,0,1,2
2025,6,30,9,142,MUNICIPALIDAD DE PIRAYU,Municipalidades,63,28,1,1,0,0,0
2025,6,30,9,143,MUNICIPALIDAD DE QUIINDY,Municipalidades,76,28,1,1,0,0,0
2025,6,30,9,144,MUNICIPALIDAD DE QUYQUYHO,Municipalidades,51,12,0,0,0,0,0
2025,6,30,9,145,MUNICIPALIDAD DE SAN ROQUE GONZALEZ DE SANTA CRUZ,Municipalidades,30,11,0,0,0,0,0
2025,6,30,9,146,MUNICIPALIDAD DE SAPUCAI,Municipalidades,30,10,1,0,1,0,0
2025,6,30,9,147,MUNICIPALIDAD DE TEBICUARYMI,Municipalidades,30,11,0,0,0,0,0
2025,6,30,9,148,MUNICIPALIDAD DE YAGUARON,Municipalidades,99,43,1,0,1,0,0
2025,6,30,9,149,MUNICIPALIDAD DE YBYCUI,Municipalidades,57,25,1,0,1,0,0
2025,6,30,9,150,MUNICIPALIDAD DE YBYTYMI,Municipalidades,29,10,0,0,0,0,0
2025,6,30,10,151,MUNICIPALIDAD DE CIUDAD DEL ESTE,Municipalidades,2196,1060,20,9,10,0,1
2025,6,30,10,152,MUNICIPALIDAD DE PRESIDENTE FRANCO,Municipalidades,469,178,2,0,2,0,0
2025,6,30,10,153,MUNICIPALIDAD DE DOMINGO MARTINEZ DE IRALA,Municipalidades,64,14,2,0,2,0,0
2025,6,30,10,154,MUNICIPALIDAD DE JUAN LEON MALLORQUIN,Municipalidades,65,24,2,1,1,0,0
2025,6,30,10,155,MUNICIPALIDAD DE HERNANDARIAS,Municipalidades,477,229,5,0,4,0,1
2025,6,30,10,156,MUNICIPALIDAD DE SANTA FE DEL PARANA,Municipalidades,68,34,1,0,0,0,1
2025,6,30,10,157,MUNICIPALIDAD DE ITAKYRY,Municipalidades,93,29,1,0,1,0,0
2025,6,30,10,158,MUNICIPALIDAD DE JUAN E. O'LEARY,Municipalidades,52,18,0,0,0,0,0
2025,6,30,10,159,MUNICIPALIDAD DE ÑACUNDAY,Municipalidades,58,19,2,0,0,0,2
2025,6,30,10,160,MUNICIPALIDAD DE YGUAZU,Municipalidades,57,13,3,0,3,0,0
2025,6,30,10,161,MUNICIPALIDAD DE LOS CEDRALES,Municipalidades,79,29,0,0,0,0,0
2025,6,30,10,162,MUNICIPALIDAD DE MINGA GUAZU,Municipalidades,262,114,12,1,9,0,2
2025,6,30,10,163,MUNICIPALIDAD DE SAN CRISTOBAL,Municipalidades,58,17,0,0,0,0,0
2025,6,30,10,164,MUNICIPALIDAD DE SANTA RITA,Municipalidades,194,78,8,0,5,1,2
2025,6,30,10,165,MUNICIPALIDAD DE NARANJAL,Municipalidades,62,18,0,0,0,0,0
2025,6,30,10,166,MUNICIPALIDAD DE STA. ROSA DEL MONDAY,Municipalidades,66,23,1,0,1,0,0
2025,6,30,10,167,MUNICIPALIDAD DE MINGA PORA,Municipalidades,86,33,2,0,2,0,0
2025,6,30,10,168,MUNICIPALIDAD DE MBARACAYU,Municipalidades,77,25,0,0,0,0,0
2025,6,30,10,169,MUNICIPALIDAD DE SAN ALBERTO,Municipalidades,110,41,3,0,2,0,1
2025,6,30,10,170,MUNICIPALIDAD DE IRUÑA,Municipalidades,50,18,1,1,0,0,0
2025,6,30,10,240,MUNICIPALIDAD DE TAVAPY,Municipalidades,61,20,1,0,1,0,0
2025,6,30,10,246,MUNICIPALIDAD DE DR. RAUL PENA,Municipalidades,28,5,1,0,1,0,0
2025,6,30,11,171,MUNICIPALIDAD DE AREGUA,Municipalidades,194,90,5,1,2,2,0
2025,6,30,11,172,MUNICIPALIDAD DE CAPIATA,Municipalidades,1047,499,0,0,0,0,0
2025,6,30,11,173,MUNICIPALIDAD DE FERNANDO DE LA MORA,Municipalidades,1124,523,16,4,9,1,2
2025,6,30,11,174,MUNICIPALIDAD DE GUARAMBARE,Municipalidades,142,61,1,0,1,0,0
2025,6,30,11,175,MUNICIPALIDAD DE ITA,Municipalidades,175,58,1,0,1,0,0
2025,6,30,11,176,MUNICIPALIDAD DE ITAUGUA,Municipalidades,361,169,3,0,3,0,0
2025,6,30,11,177,MUNICIPALIDAD DE LAMBARE,Municipalidades,794,325,5,1,4,0,0
2025,6,30,11,178,MUNICIPALIDAD DE LIMPIO,Municipalidades,284,141,12,0,0,4,8
2025,6,30,11,179,MUNICIPALIDAD DE LUQUE,Municipalidades,973,424,19,4,11,1,3
2025,6,30,11,180,MUNICIPALIDAD DE MARIANO ROQUE ALONSO,Municipalidades,543,284,0,0,0,0,0
2025,6,30,11,181,MUNICIPALIDAD DE NUEVA ITALIA,Municipalidades,68,26,1,0,1,0,0
2025,6,30,11,182,MUNICIPALIDAD DE ÑEMBY,Municipalidades,280,102,4,1,2,0,1
2025,6,30,11,183,MUNICIPALIDAD DE SAN ANTONIO,Municipalidades,182,76,2,1,1,0,0
2025,6,30,11,184,MUNICIPALIDAD DE SAN LORENZO,Municipalidades,1242,568,15,5,8,1,1
2025,6,30,11,185,MUNICIPALIDAD DE VILLA ELISA,Municipalidades,345,154,0,0,0,0,0
2025,6,30,11,186,MUNICIPALIDAD DE VILLETA,Municipalidades,190,84,1,1,0,0,0
2025,6,30,11,187,MUNICIPALIDAD DE YPACARAI,Municipalidades,114,38,0,0,0,0,0
2025,6,30,11,188,MUNICIPALIDAD DE YPANE,Municipalidades,123,59,0,0,0,0,0
2025,6,30,11,189,MUNICIPALIDAD DE J. AUGUSTO SALDIVAR,Municipalidades,116,44,0,0,0,0,0
2025,6,30,12,190,MUNICIPALIDAD DE PILAR,Municipalidades,154,72,1,0,1,0,0
2025,6,30,12,191,MUNICIPALIDAD DE ALBERDI,Municipalidades,39,13,0,0,0,0,0
2025,6,30,12,192,MUNICIPALIDAD DE CERRITO,Municipalidades,116,54,0,0,0,0,0
2025,6,30,12,193,MUNICIPALIDAD DE DESMOCHADOS,Municipalidades,22,7,0,0,0,0,0
2025,6,30,12,194,MUNICIPALIDAD DE GENERAL JOSE EDUVIGIS DIAZ,Municipalidades,34,11,0,0,0,0,0
2025,6,30,12,195,MUNICIPALIDAD DE GUAZU CUA,Municipalidades,39,12,0,0,0,0,0
2025,6,30,12,196,MUNICIPALIDAD DE HUMAITA,Municipalidades,71,35,0,0,0,0,0
2025,6,30,12,197,MUNICIPALIDAD DE ISLA UMBU,Municipalidades,47,15,0,0,0,0,0
2025,6,30,12,198,MUNICIPALIDAD DE LAURELES,Municipalidades,76,29,0,0,0,0,0
2025,6,30,12,199,MUNICIPALIDAD DE MAYOR JOSE D. MARTINEZ,Municipalidades,27,10,0,0,0,0,0
2025,6,30,12,200,MUNICIPALIDAD DE PASO DE PATRIA,Municipalidades,48,15,0,0,0,0,0
2025,6,30,12,201,MUNICIPALIDAD DE SAN JUAN BAUTISTA DE ÑEEMBUCU,Municipalidades,29,9,0,0,0,0,0
2025,6,30,12,202,MUNICIPALIDAD DE TACUARAS,Municipalidades,50,22,0,0,0,0,0
2025,6,30,12,203,MUNICIPALIDAD DE VILLA FRANCA,Municipalidades,44,16,1,1,0,0,0
2025,6,30,12,204,MUNICIPALIDAD DE VILLA OLIVA,Municipalidades,40,15,0,0,0,0,0
2025,6,30,12,205,MUNICIPALIDAD DE VILLALBIN,Municipalidades,44,19,0,0,0,0,0
2025,6,30,13,206,MUNICIPALIDAD DE PEDRO J. CABALLERO,Municipalidades,488,151,2,0,2,0,0
2025,6,30,13,207,MUNICIPALIDAD DE BELLA VISTA - NORTE,Municipalidades,40,11,1,0,1,0,0
2025,6,30,13,208,MUNICIPALIDAD DE CAPITAN BADO,Municipalidades,78,27,1,0,0,0,1
2025,6,30,13,242,MUNICIPALIDAD DE ZANJA PYTA,Municipalidades,37,12,0,0,0,0,0
2025,6,30,13,250,MUNICIPALIDAD DE KARAPAI,Municipalidades,27,8,0,0,0,0,0
2025,6,30,13,259,MUNICIPALIDAD DE CERRO CORÁ,Municipalidades,35,13,0,0,0,0,0
2025,6,30,14,209,MUNICIPALIDAD DE SALTO DEL GUAIRA,Municipalidades,214,85,0,0,0,0,0
2025,6,30,14,210,MUNICIPALIDAD DE CORPUS CHRISTI,Municipalidades,61,13,0,0,0,0,0
2025,6,30,14,211,MUNICIPALIDAD DE VILLA CURUGUATY,Municipalidades,98,33,1,1,0,0,0
2025,6,30,14,212,MUNICIPALIDAD DE YASY CAÑY,Municipalidades,43,12,0,0,0,0,0
2025,6,30,14,213,MUNICIPALIDAD DE VILLA YGATIMI,Municipalidades,48,12,0,0,0,0,0
2025,6,30,14,214,MUNICIPALIDAD DE ITANARA,Municipalidades,28,13,1,0,0,0,1
2025,6,30,14,215,MUNICIPALIDAD DE YPE JHU,Municipalidades,36,6,0,0,0,0,0
2025,6,30,14,216,MUNICIPALIDAD DE GENERAL FRANCISCO CABALLERO ALVAREZ,Municipalidades,50,18,1,0,0,0,1
2025,6,30,14,217,MUNICIPALIDAD DE KATUETE,Municipalidades,116,35,3,0,3,0,0
2025,6,30,14,218,MUNICIPALIDAD DE LA PALOMA,Municipalidades,65,24,0,0,0,0,0
2025,6,30,14,219,MUNICIPALIDAD DE NUEVA ESPERANZA,Municipalidades,103,41,0,0,0,0,0
2025,6,30,14,244,MUNICIPALIDAD DE YVYRAROBANA,Municipalidades,23,7,0,0,0,0,0
2025,6,30,14,247,MUNICIPALIDAD DE YBY PYTA,Municipalidades,36,9,1,0,1,0,0
2025,6,30,14,251,MUNICIPALIDAD DE MARACANA,Municipalidades,41,11,0,0,0,0,0
2025,6,30,14,255,MUNICIPALIDAD DE PUERTO ADELA,Municipalidades,27,5,0,0,0,0,0
2025,6,30,14,256,MUNICIPALIDAD DE LAUREL,Municipalidades,31,9,0,0,0,0,0
2025,6,30,15,220,MUNICIPALIDAD DE BENJAMIN ACEVAL,Municipalidades,104,33,2,0,2,0,0
2025,6,30,15,221,MUNICIPALIDAD DE PUERTO PINASCO,Municipalidades,134,57,2,0,1,0,1
2025,6,30,15,222,MUNICIPALIDAD DE VILLA HAYES,Municipalidades,276,108,13,0,8,1,4
2025,6,30,15,223,MUNICIPALIDAD DE NANAWA,Municipalidades,52,21,1,0,0,0,1
2025,6,30,15,224,MUNICIPALIDAD DE JOSE FALCON,Municipalidades,115,58,0,0,0,0,0
2025,6,30,15,229,MUNICIPALIDAD DE TTE. 1RO. MANUEL IRALA FERNANDEZ,Municipalidades,45,12,0,0,0,0,0
2025,6,30,15,232,MUNICIPALIDAD DE TENIENTE ESTEBAN MARTINEZ,Municipalidades,53,23,0,0,0,0,0
2025,6,30,15,233,MUNICIPALIDAD DE GENERAL JOSE MARIA BRUGUEZ,Municipalidades,60,20,0,0,0,0,0
2025,6,30,15,258,MUNICIPALIDAD DE CAMPO ACEVAL,Municipalidades,34,9,0,0,0,0,0
2025,6,30,15,262,MUNICIPALIDAD DE NUEVA ASUNCION,Municipalidades,95,56,0,0,0,0,0
2025,6,30,16,228,MUNICIPALIDAD DE MARISCAL JOSE FELIX ESTIGARRIBIA,Municipalidades,142,37,0,0,0,0,0
2025,6,30,16,230,MUNICIPALIDAD DE FILADELFIA,Municipalidades,186,48,0,0,0,0,0
2025,6,30,16,231,MUNICIPALIDAD DE LOMA PLATA,Municipalidades,149,75,1,0,0,0,1
2025,6,30,16,261,MUNICIPALIDAD DE BOQUERON,Municipalidades,73,23,0,0,0,0,0
2025,6,30,17,226,MUNICIPALIDAD DE LA VICTORIA,Municipalidades,48,13,0,0,0,0,0
2025,6,30,17,227,MUNICIPALIDAD DE BAHIA NEGRA,Municipalidades,33,14,0,0,0,0,0
2025,6,30,17,235,MUNICIPALIDAD DE CARMELO PERALTA,Municipalidades,31,7,0,0,0,0,0
2025,6,40,1,1,COMPAÑIA PARAGUAYA DE COMUNICACIONES S.A.,SA del Estado,2399,849,18,0,0,2,16
2025,6,40,2,1,EMPRESA DE SERVICIOS SANITARIOS DEL PARAGUAY S.A. (ESSAP),SA del Estado,1875,453,27,0,0,5,22
2025,6,40,3,1,CAÑAS PARAGUAYAS S.A. (CAPASA),SA del Estado,154,50,0,0,0,0,0
2026,6,11,1,1,CONGRESO NACIONAL (CN),Poder Legislativo,921,412,43,0,2,9,32
2026,6,11,2,1,HONORABLE CAMARA DE SENADORES (HCS),Poder Legislativo,1284,544,21,3,2,5,11
2026,6,11,3,1,HONORABLE CAMARA DE DIPUTADOS (HCD),Poder Legislativo,2217,978,33,3,9,5,16
2026,6,12,1,2,PRESIDENCIA DE LA REPUBLICA / GABINETE CIVIL,Servicio civil del Ejecutivo,258,120,1,0,1,0,0
2026,6,12,1,3,GABINETE MILITAR (GM),Servicio civil del Ejecutivo,19,9,0,0,0,0,0
2026,6,12,1,4,PROCURADURIA GENERAL DE LA REPUBLICA (PGR),Servicio civil del Ejecutivo,101,49,3,0,0,1,2
2026,6,12,1,6,AUDITORIA GENERAL DEL PODER EJECUTIVO (AGPE),Servicio civil del Ejecutivo,68,31,4,0,0,1,3
2026,6,12,1,10,SECRETARIA NACIONAL ANTIDROGAS (SENAD),Servicio civil del Ejecutivo,437,139,4,0,0,3,1
2026,6,12,1,12,SECRETARIA DE DESARROLLO PARA REPATRIADOS Y REFUGIADOS CONNACIONALES (SEDEREC),Servicio civil del Ejecutivo,125,65,5,0,0,3,2
2026,6,12,1,13,SECRETARIA NACIONAL DE TURISMO (SENATUR),Servicio civil del Ejecutivo,244,134,8,0,1,4,3
2026,6,12,1,14,SECRETARIA DE PREVENCION DE LAVADO DE DINERO O BIENES (SEPRELAD),Servicio civil del Ejecutivo,71,33,3,0,0,3,0
2026,6,12,1,15,CONSEJO NACIONAL DE CIENCIA Y TECNOLOGIA (CONACYT),Servicio civil del Ejecutivo,125,69,2,0,0,1,1
2026,6,12,1,16,ESCRIBANIA MAYOR DE GOBIERNO (EMG),Servicio civil del Ejecutivo,26,10,1,0,1,0,0
2026,6,12,1,19,SECRETARIA DE EMERGENCIA NACIONAL (SEN),Servicio civil del Ejecutivo,182,51,7,1,2,1,3
2026,6,12,1,22,SECRETARIA NACIONAL DE CULTURA (SNC),Servicio civil del Ejecutivo,164,96,4,0,0,2,2
2026,6,12,1,26,SECRETARIA NACIONAL POR LOS DERECHOS HUMANOS DE LAS PERSONAS CON DISCAPACIDAD (SENADIS),Servicio civil del Ejecutivo,456,268,55,5,5,23,22
2026,6,12,1,28,SECRETARIA NACIONAL DE LA JUVENTUD (SNJ),Servicio civil del Ejecutivo,26,16,1,0,0,0,1
2026,6,12,1,30,ORQUESTA SINFONICA NACIONAL (OSN),Servicio civil del Ejecutivo,87,32,2,0,0,1,1
2026,6,12,1,31,AGENCIA ESPACIAL DEL PARAGUAY(AEP),Servicio civil del Ejecutivo,20,7,0,0,0,0,0
2026,6,12,1,32,SECRETARIA NACIONAL DE ADMINISTRACION DE BIENES INCAUTADOS Y COMISADOS(SENABICO),Servicio civil del Ejecutivo,20,8,0,0,0,0,0
2026,6,12,2,1,VICEPRESIDENCIA DE LA REPUBLICA,Servicio civil del Ejecutivo,75,34,4,0,0,2,2
2026,6,12,3,1,MINISTERIO DEL INTERIOR (MI),Servicio civil del Ejecutivo,291,110,7,0,0,0,7
2026,6,12,3,2,POLICIA NACIONAL (PN),Fuerzas públicas,37741,6801,0,0,0,0,0
2026,6,12,4,1,MINISTERIO DE RELACIONES EXTERIORES (MRE),Servicio civil del Ejecutivo,1149,451,23,0,0,10,13
2026,6,12,5,1,MINISTERIO DE DEFENSA NACIONAL (MDN),Fuerzas públicas,219,103,9,0,0,4,5
2026,6,12,5,2,CENTRO FINANCIERO 1 - COMANDO EN JEFE,Servicio civil del Ejecutivo,213,88,0,0,0,0,0
2026,6,12,5,3,CENTRO FINANCIERO 2 - COMANDO DEL EJERCITO,Servicio civil del Ejecutivo,455,187,1,0,0,0,1
2026,6,12,5,4,CENTRO FINANCIERO 3 - COMANDO DE LA ARMADA,Servicio civil del Ejecutivo,301,96,0,0,0,0,0
2026,6,12,5,5,CENTRO FINANCIERO 4 - COMANDO DE LA FUERZA AEREA,Servicio civil del Ejecutivo,110,56,3,0,0,2,1
2026,6,12,5,6,CENTRO FINANCIERO 5 - COMANDO LOGISTICO,Servicio civil del Ejecutivo,506,239,1,0,0,1,0
2026,6,12,6,1,MINISTERIO DE ECONOMIA Y FINANZAS (MEF),Servicio civil del Ejecutivo,1266,632,32,0,0,16,16
2026,6,12,7,1,MINISTERIO DE EDUCACION Y CIENCIAS (MEC),Educación,84115,58669,500,0,0,326,174
2026,6,12,8,1,MINISTERIO DE SALUD PUBLICA Y BIENESTAR SOCIAL (MSPBS),Salud,65837,45194,170,10,9,75,76
2026,6,12,9,1,MINISTERIO DE JUSTICIA (MJ),Servicio civil del Ejecutivo,4408,1660,27,0,0,11,16
2026,6,12,10,1,MINISTERIO DE AGRICULTURA Y GANADERIA (MAG),Servicio civil del Ejecutivo,2329,955,37,1,4,13,19
2026,6,12,11,1,MINISTERIO DE INDUSTRIA Y COMERCIO (MIC),Servicio civil del Ejecutivo,341,152,3,0,0,0,3
2026,6,12,13,1,MINISTERIO DE OBRAS PUBLICAS Y COMUNICACIONES (MOPC),Servicio civil del Ejecutivo,3316,831,55,2,7,11,35
2026,6,12,14,1,MINISTERIO DE LA MUJER (MM),Servicio civil del Ejecutivo,157,133,3,1,0,1,1
2026,6,12,15,1,"MINISTERIO DEL TRABAJO, EMPLEO Y SEGURIDAD SOCIAL (MTESS)",Servicio civil del Ejecutivo,365,197,16,0,0,5,11
2026,6,12,15,2,SERVICIO NACIONAL DE PROMOCION PROFESIONAL (SNPP),Servicio civil del Ejecutivo,1850,1021,32,1,2,12,17
2026,6,12,15,3,SISTEMA NACIONAL DE FORMACION Y CAPACITACION LABORAL (SINAFOCAL),Servicio civil del Ejecutivo,234,135,8,1,1,1,5
2026,6,12,17,1,MINISTERIO DEL AMBIENTE Y DESARROLLO SOSTENIBLE (MADES),Servicio civil del Ejecutivo,398,151,7,0,0,1,6
2026,6,12,18,1,MINISTERIO DE DESARROLLO SOCIAL,Servicio civil del Ejecutivo,1275,778,16,4,4,1,7
2026,6,12,19,1,"MINISTERIO DE URBANISMO, VIVIENDA Y HABITAT",Servicio civil del Ejecutivo,604,318,17,0,0,8,9
2026,6,12,20,1,MINISTERIO DE LA NIÑEZ Y ADOLESCENCIA,Servicio civil del Ejecutivo,969,745,10,1,0,6,3
2026,6,12,21,1,MINISTERIO DE TECNOLOGIAS DE LA INFORMACION Y COMUNICACION,Servicio civil del Ejecutivo,400,165,11,0,2,5,4
2026,6,12,40,1,ORQUESTA NACIONAL DE MÚSICA POPULAR,Servicio civil del Ejecutivo,55,20,0,0,0,0,0
2026,6,13,1,1,CORTE SUPREMA DE JUSTICIA (CSJ),Poder Judicial,14341,8321,76,1,8,29,38
2026,6,13,3,1,MINISTERIO PUBLICO (MP),Poder Judicial,6227,3527,17,0,0,6,11
2026,6,13,4,1,CONSEJO DE LA MAGISTRATURA (CM),Poder Judicial,121,58,0,0,0,0,0
2026,6,13,4,2,ESCUELA JUDICIAL (EJ),Poder Judicial,123,63,3,0,2,0,1
2026,6,13,5,1,JURADO DE ENJUICIAMIENTO DE MAGISTRADOS (JEM),Poder Judicial,241,124,3,0,0,1,2
2026,6,13,6,1,MINISTERIO DE LA DEFENSA PUBLICA (MDP),Poder Judicial,2773,1731,27,1,5,13,8
2026,6,13,7,1,SINDICATURA GENERAL DE QUIEBRAS,Poder Judicial,103,45,1,0,1,0,0
2026,6,14,1,1,CONTRALORIA GENERAL DE LA REPUBLICA (CGR),Otros organismos,1016,558,8,0,0,5,3
2026,6,15,1,1,DEFENSORIA DEL PUEBLO (DP),Otros organismos,180,122,3,0,2,0,1
2026,6,15,2,1,MECANISMO NACIONAL DE PREVENCION CONTRA LA TORTURA Y OTROS TRATOS O PENAS CRUELES INHUMANOS O DEGRADANTES (MNP),Otros organismos,30,15,2,0,0,1,1
2026,6,21,1,1,BANCO CENTRAL DEL PARAGUAY (BCP),Otros organismos,769,368,12,0,0,2,10
2026,6,22,1,1,I DEPARTAMENTO: GOBERNACION DE CONCEPCION,Gobiernos departamentales,116,45,5,1,2,0,2
2026,6,22,2,1,II DEPARTAMENTO: GOBERNACION DE SAN PEDRO,Gobiernos departamentales,135,68,4,1,1,2,0
2026,6,22,3,1,III DEPARTAMENTO: GOBERNACION DE CORDILLERA,Gobiernos departamentales,93,31,1,0,0,0,1
2026,6,22,4,1,IV DEPARTAMENTO: GOBERNACION DE GUAIRA,Gobiernos departamentales,195,74,3,0,2,0,1
2026,6,22,5,1,V DEPARTAMENTO: GOBERNACION DE CAAGUAZU,Gobiernos departamentales,252,86,3,0,2,0,1
2026,6,22,6,1,VI DEPARTAMENTO: GOBERNACION DE CAAZAPA,Gobiernos departamentales,83,23,5,1,1,0,3
2026,6,22,7,1,VII DEPARTAMENTO: GOBERNACION DE ITAPUA,Gobiernos departamentales,207,86,5,0,2,0,3
2026,6,22,9,1,IX DEPARTAMENTO: GOBERNACION DE PARAGUARI,Gobiernos departamentales,153,53,0,0,0,0,0
2026,6,22,10,1,X DEPARTAMENTO: GOBERNACION DE ALTO PARANA,Gobiernos departamentales,256,91,14,4,8,0,2
2026,6,22,11,1,XI DEPARTAMENTO: GOBERNACION CENTRAL,Gobiernos departamentales,148,75,10,1,1,4,4
2026,6,22,12,1,XII DEPARTAMENTO: GOBERNACION DE ÑEEMBUCU,Gobiernos departamentales,111,47,0,0,0,0,0
2026,6,22,13,1,XIII DEPARTAMENTO: GOBERNACION DE AMAMBAY,Gobiernos departamentales,132,61,4,2,2,0,0
2026,6,22,14,1,XIV DEPARTAMENTO: GOBERNACION DE CANINDEYU,Gobiernos departamentales,79,27,2,0,2,0,0
2026,6,22,15,1,XV DEPARTAMENTO: GOBERNACION DE PRESIDENTE HAYES,Gobiernos departamentales,135,56,4,0,1,1,2
2026,6,22,16,1,XVI DEPARTAMENTO: GOBERNACION DE BOQUERON,Gobiernos departamentales,181,84,2,0,0,0,2
2026,6,22,17,1,XVII DEPARTAMENTO: GOBERNACION DE ALTO PARAGUAY,Gobiernos departamentales,45,8,3,0,0,1,2
2026,6,23,1,1,"INSTITUTO NACIONAL DE TECNOLOGIA, NORMALIZACION Y METROLOGIA (INTN)",Entes autónomos y autárquicos,303,159,13,0,0,6,7
2026,6,23,3,1,INSTITUTO NACIONAL DE DESARROLLO RURAL Y DE LA TIERRA (INDERT),Entes autónomos y autárquicos,469,167,18,0,0,2,16
2026,6,23,4,1,DIRECCION DE BENEFICENCIA Y AYUDA SOCIAL (DIBEN),Entes autónomos y autárquicos,100,57,4,0,0,3,1
2026,6,23,6,1,INSTITUTO PARAGUAYO DEL INDIGENA (INDI),Entes autónomos y autárquicos,71,27,1,0,1,0,0
2026,6,23,8,1,FONDO NACIONAL DE LA CULTURA Y LAS ARTES (FONDEC),Entes autónomos y autárquicos,23,13,1,1,0,0,0
2026,6,23,10,1,COMISION NACIONAL DE TELECOMUNICACIONES (CONATEL),Entes autónomos y autárquicos,313,112,13,1,6,2,4
2026,6,23,13,1,ENTE REGULADOR DE SERVICIOS SANITARIOS (ERSSAN),Entes autónomos y autárquicos,116,47,4,1,0,1,2
2026,6,23,14,1,INSTITUTO NACIONAL DE COOPERATIVISMO (INCOOP),Entes autónomos y autárquicos,182,104,1,0,0,1,0
2026,6,23,16,1,SERVICIO NACIONAL DE CALIDAD Y SALUD ANIMAL (SENACSA),Entes autónomos y autárquicos,1274,512,51,1,1,11,38
2026,6,23,17,1,INSTITUTO PARAGUAYO DE ARTESANIA (IPA),Entes autónomos y autárquicos,70,47,2,0,0,0,2
2026,6,23,18,1,SERVICIO NACIONAL DE CALIDAD Y SANIDAD VEGETAL Y DE SEMILLA (SENAVE),Entes autónomos y autárquicos,506,204,12,0,1,6,5
2026,6,23,19,1,DIRECCION NACIONAL DE CONTRATACIONES PUBLICAS (DNCP),Entes autónomos y autárquicos,242,135,9,1,2,2,4
2026,6,23,20,1,INSTITUTO FORESTAL NACIONAL (INFONA),Entes autónomos y autárquicos,337,113,10,1,0,5,4
2026,6,23,22,1,INSTITUTO PARAGUAYO DE TECNOLOGIA AGRARIA (IPTA),Entes autónomos y autárquicos,507,176,29,0,5,5,19
2026,6,23,24,1,DIRECCION NACIONAL DE CORREOS DEL PARAGUAY (DINACOPA),Entes autónomos y autárquicos,764,379,34,0,0,14,20
2026,6,23,25,1,DIRECCION NACIONAL DE PROPIEDAD INTELECTUAL (DINAPI),Entes autónomos y autárquicos,117,59,5,0,0,1,4
2026,6,23,26,1,SECRETARIA DE DEFENSA DEL CONSUMIDOR Y EL USUARIO (SEDECO),Entes autónomos y autárquicos,29,15,2,0,0,1,1
2026,6,23,27,1,COMISION NACIONAL DE LA COMPETENCIA (CONACOM),Entes autónomos y autárquicos,29,10,1,0,0,0,1
2026,6,23,28,1,AGENCIA NACIONAL DE TRANSITO Y SEGURIDAD VIAL (ANTSV),Entes autónomos y autárquicos,38,19,1,0,0,0,1
2026,6,23,29,1,CONSEJO NACIONAL DE EDUCACION SUPERIOR (CONES),Entes autónomos y autárquicos,29,14,1,0,0,0,1
2026,6,23,30,1,AGENCIA NACIONAL DE EVALUACION Y ACREDITACION DE LA EDUCACION SUPERIOR (ANEAES),Entes autónomos y autárquicos,47,25,1,0,0,0,1
2026,6,23,31,1,AUTORIDAD REGULADORA RADIOLOGICA Y NUCLEAR (ARRN),Entes autónomos y autárquicos,31,14,0,0,0,0,0
2026,6,23,32,1,SECRETARIA NACIONAL DE INTELIGENCIA (SNI),Entes autónomos y autárquicos,29,15,0,0,0,0,0
2026,6,23,33,1,INSTITUTO SUPERIOR DE BELLAS ARTES,Entes autónomos y autárquicos,199,121,1,0,0,1,0
2026,6,23,34,1,INSTITUTO NACIONAL DE EDUCACIÓN SUPERIOR,Entes autónomos y autárquicos,278,188,5,0,0,2,3
2026,6,23,35,1,"DIRECCIÓN NACIONAL DE DEFENSA, SALUD Y BIENESTAR ANIMAL",Entes autónomos y autárquicos,25,9,0,0,0,0,0
2026,6,23,36,1,INSTITUTO NACIONAL DE ESTADISTICAS,Entes autónomos y autárquicos,569,296,5,0,0,0,5
2026,6,23,37,1,INSTITUTO NACIONAL DEL AUDIOVISUAL PARAGUAYO,Entes autónomos y autárquicos,6,2,0,0,0,0,0
2026,6,23,38,1,DIRECCIÓN NACIONAL DE VIGILANCIA SANITARIA,Entes autónomos y autárquicos,247,175,1,0,0,1,0
2026,6,23,39,1,DIRECCIÓN NACIONAL DE MIGRACIONES,Entes autónomos y autárquicos,587,302,13,0,1,3,9
2026,6,23,40,1,DIRECCIÓN NACIONAL DE INGRESOS TRIBUTARIOS,Entes autónomos y autárquicos,1781,621,28,1,8,5,14
2026,6,24,1,1,INSTITUTO DE PREVISION SOCIAL (IPS),Salud,25587,16853,131,0,0,40,91
2026,6,24,2,1,CAJA DE SEGURIDAD SOCIAL DE EMPLEADOS Y OBREROS FERROVIARIOS,Otros organismos,12,3,0,0,0,0,0
2026,6,24,4,1,CAJA DE JUBILACIONES Y PENSIONES DE EMPLEADOS DE BANCOS Y AFINES,Otros organismos,129,56,1,0,0,0,1
2026,6,24,5,1,CAJA DE JUBILACIONES Y PENSIONES DEL PERSONAL MUNICIPAL (CJPPM),Otros organismos,167,82,3,0,0,2,1
2026,6,25,2,1,ADMINISTRACION NACIONAL DE ELECTRICIDAD (ANDE),Empresas públicas,4764,1036,179,16,31,43,89
2026,6,25,4,1,ADMINISTRACION NACIONAL DE NAVEGACION Y PUERTOS (ANNP),Empresas públicas,1118,314,12,0,0,1,11
2026,6,25,5,1,DIRECCION NACIONAL DE AERONAUTICA CIVIL (DINAC),Empresas públicas,1922,733,40,2,4,9,25
2026,6,25,6,1,PETROLEOS PARAGUAYOS (PETROPAR),Empresas públicas,822,171,28,0,1,4,23
2026,6,25,7,1,INDUSTRIA NACIONAL DEL CEMENTO (INC),Empresas públicas,906,174,11,0,0,3,8
2026,6,27,1,1,BANCO NACIONAL DE FOMENTO (BNF),Otros organismos,1657,702,27,3,2,10,12
2026,6,27,3,1,CREDITO AGRICOLA DE HABILITACION (CAH),Otros organismos,401,151,15,0,0,2,13
2026,6,27,7,1,AGENCIA FINANCIERA DE DESARROLLO (AFD),Otros organismos,101,55,2,0,0,1,1
2026,6,28,1,1,UNA RECTORADO (RECTORADO UNA),Educación,683,348,4,0,0,1,3
2026,6,28,1,2,FACULTAD DE ENFERMERIA Y OBSTETRICIA,Educación,610,428,0,0,0,0,0
2026,6,28,1,3,COLEGIO EXPERIMENTAL PARAGUAY-BRASIL (CEPB),Educación,174,115,0,0,0,0,0
2026,6,28,1,4,FACULTAD DE CIENCIAS AGRARIAS (FCA-UNA),Educación,965,438,7,0,0,2,5
2026,6,28,1,5,UNA FACULTAD CIENCIAS EXACTAS Y NATURALES (FACEN),Educación,670,333,0,0,0,0,0
2026,6,28,1,6,"UNA FACULTAD DE ARQUITECTURA, DISENO Y ARTE",Educación,771,408,0,0,0,0,0
2026,6,28,1,7,FACULTAD DE CIENCIAS ECONOMICAS (FCE),Educación,1521,708,3,0,1,1,1
2026,6,28,1,8,FACULTAD DE CIENCIAS MEDICAS (FCM),Educación,5361,3405,8,0,0,2,6
2026,6,28,1,9,FACULTAD DE CIENCIAS QUIMICAS (FCQ),Educación,479,297,0,0,0,0,0
2026,6,28,1,10,FACULTAD DE DERECHO Y CIENCIAS SOCIALES (FDCS),Educación,1119,433,1,1,0,0,0
2026,6,28,1,11,FACULTAD DE FILOSOFIA (FIL),Educación,1021,603,0,0,0,0,0
2026,6,28,1,12,FACULTAD DE INGENIERIA (FIUNA),Educación,1248,462,0,0,0,0,0
2026,6,28,1,13,FACULTAD DE ODONTOLOGIA (FO),Educación,388,270,0,0,0,0,0
2026,6,28,1,14,FACULTAD DE POLITECNICA (FPUNA),Educación,1028,448,4,0,0,2,2
2026,6,28,1,15,FACULTAD DE CIENCIAS VETERINARIAS (FCV),Educación,842,402,0,0,0,0,0
2026,6,28,1,16,INSTITUTO DE INVESTIGACIONES EN CIENCIAS DE LA SALUD (IICS),Educación,139,101,0,0,0,0,0
2026,6,28,1,17,FACULTAD DE CIENCIAS SOCIALES,Educación,140,83,1,0,0,1,0
2026,6,28,2,1,UNIVERSIDAD NACIONAL DEL ESTE (UNE),Educación,1747,943,3,0,0,0,3
2026,6,28,3,1,UNIVERSIDAD NACIONAL DE PILAR (UNP),Educación,851,493,1,0,0,0,1
2026,6,28,4,1,UNIVERSIDAD NACIONAL DE ITAPUA (UNI),Educación,980,566,14,0,2,3,9
2026,6,28,6,1,UNIVERSIDAD NACIONAL DE VILLARRICA DEL ESPIRITU SANTO (UNVES),Educación,1588,929,2,0,0,1,1
2026,6,28,7,1,UNIVERSIDAD NACIONAL DE CAAGUAZU (UNCAA),Educación,1133,586,26,0,0,14,12
2026,6,28,8,1,UNIVERSIDAD NACIONAL DE CANINDEYU (UNCAN),Educación,126,71,0,0,0,0,0
2026,6,28,9,9,UNIVERSIDAD POLITECNICA TAIWAN-PARAGUAY,Educación,37,15,0,0,0,0,0
2026,6,28,10,1,UNIVERSIDAD NACIONAL DE  MISIONES,Educación,341,202,0,0,0,0,0
2026,6,30,1,2,MUNICIPALIDAD DE CONCEPCION,Municipalidades,399,166,2,0,2,0,0
2026,6,30,1,3,MUNICIPALIDAD DE  BELEN,Municipalidades,47,22,0,0,0,0,0
2026,6,30,1,4,MUNICIPALIDAD DE HORQUETA,Municipalidades,75,28,0,0,0,0,0
2026,6,30,1,5,MUNICIPALIDAD DE LORETO,Municipalidades,42,11,0,0,0,0,0
2026,6,30,1,6,MUNICIPALIDAD DE SAN LAZARO,Municipalidades,55,16,0,0,0,0,0
2026,6,30,1,237,MUNICIPALIDAD DE SAN CARLOS DEL APA,Municipalidades,31,14,0,0,0,0,0
2026,6,30,1,238,MUNICIPALIDAD DE AZOTEY,Municipalidades,28,4,0,0,0,0,0
2026,6,30,1,241,MUNICIPALIDAD DE SARGENTO JOSE FELIX LOPEZ,Municipalidades,23,7,0,0,0,0,0
2026,6,30,1,249,MUNICIPALIDAD DE SAN ALFREDO,Municipalidades,30,15,0,0,0,0,0
2026,6,30,1,257,MUNICIPALIDAD DE PASO HORQUETA,Municipalidades,40,18,0,0,0,0,0
2026,6,30,1,263,MUNICIPALIDAD DE ITACUA,Municipalidades,13,1,0,0,0,0,0
2026,6,30,1,524,MUNICIPALIDAD DE ARROYITO,Municipalidades,18,5,0,0,0,0,0
2026,6,30,2,10,MUNICIPALIDAD DE CHORE,Municipalidades,54,19,1,0,1,0,0
2026,6,30,2,12,MUNICIPALIDAD DE ITACURUBI  DEL ROSARIO,Municipalidades,28,7,0,0,0,0,0
2026,6,30,2,13,MUNICIPALIDAD DE LIMA,Municipalidades,44,16,1,0,1,0,0
2026,6,30,2,14,MUNICIPALIDAD DE NUEVA GERMANIA,Municipalidades,23,9,0,0,0,0,0
2026,6,30,2,15,MUNICIPALIDAD DE SAN ESTANISLAO,Municipalidades,95,44,3,1,2,0,0
2026,6,30,2,16,MUNICIPALIDAD DE YRYBUCUA,Municipalidades,47,14,0,0,0,0,0
2026,6,30,2,17,MUNICIPALIDAD DE SAN PABLO,Municipalidades,27,10,0,0,0,0,0
2026,6,30,2,18,MUNICIPALIDAD DE TACUATI,Municipalidades,62,24,0,0,0,0,0
2026,6,30,2,19,MUNICIPALIDAD DE UNION,Municipalidades,40,10,1,0,1,0,0
2026,6,30,2,20,MUNICIPALIDAD DE 25 DE DICIEMBRE,Municipalidades,44,21,0,0,0,0,0
2026,6,30,2,22,MUNICIPALIDAD DE GRAL. F. RESQUIN,Municipalidades,44,14,0,0,0,0,0
2026,6,30,2,23,MUNICIPALIDAD DE YATAITY DEL NORTE,Municipalidades,33,11,0,0,0,0,0
2026,6,30,2,24,MUNICIPALIDAD DE GUAJAYVI,Municipalidades,54,21,0,0,0,0,0
2026,6,30,2,25,MUNICIPALIDAD DE CAPIIBARY,Municipalidades,60,15,0,0,0,0,0
2026,6,30,2,26,MUNICIPALIDAD DE SANTA ROSA DEL AGUARAY,Municipalidades,84,21,1,0,1,0,0
2026,6,30,2,239,MUNICIPALIDAD DE LIBERACION,Municipalidades,47,4,0,0,0,0,0
2026,6,30,2,260,MUNICIPALIDAD DE SAN JOSE DEL ROSARIO,Municipalidades,38,18,0,0,0,0,0
2026,6,30,3,27,MUNICIPALIDAD DE CAACUPE,Municipalidades,248,112,2,1,1,0,0
2026,6,30,3,28,MUNICIPALIDAD DE ALTOS,Municipalidades,88,27,0,0,0,0,0
2026,6,30,3,31,MUNICIPALIDAD DE CARAGUATAY,Municipalidades,57,21,2,1,0,1,0
2026,6,30,3,32,MUNICIPALIDAD DE EMBOSCADA,Municipalidades,80,38,0,0,0,0,0
2026,6,30,3,33,MUNICIPALIDAD DE EUSEBIO AYALA,Municipalidades,85,21,2,0,1,0,1
2026,6,30,3,34,MUNICIPALIDAD DE ISLA PUCU,Municipalidades,45,19,0,0,0,0,0
2026,6,30,3,35,MUNICIPALIDAD DE ITACURUBI DE LA CORDILLERA,Municipalidades,63,28,2,1,1,0,0
2026,6,30,3,37,MUNICIPALIDAD DE LOMA GRANDE,Municipalidades,31,9,1,0,1,0,0
2026,6,30,3,38,MUNICIPALIDAD DE MBOCAYATY DEL YHAGUY,Municipalidades,37,15,0,0,0,0,0
2026,6,30,3,39,MUNICIPALIDAD DE NUEVA COLOMBIA,Municipalidades,36,16,0,0,0,0,0
2026,6,30,3,40,MUNICIPALIDAD DE PIRIBEBUY,Municipalidades,71,27,0,0,0,0,0
2026,6,30,3,42,MUNICIPALIDAD DE SAN BERNARDINO,Municipalidades,273,119,3,0,2,0,1
2026,6,30,3,43,MUNICIPALIDAD DE SANTA ELENA,Municipalidades,37,17,0,0,0,0,0
2026,6,30,3,46,MUNICIPALIDAD DE SAN JOSE OBRERO,Municipalidades,23,8,1,0,0,0,1
2026,6,30,4,47,MUNICIPALIDAD DE VILLARRICA DEL ESPIRITU SANTO,Municipalidades,383,178,7,0,7,0,0
2026,6,30,4,48,MUNICIPALIDAD DE BORJA,Municipalidades,21,8,0,0,0,0,0
2026,6,30,4,49,MUNICIPALIDAD DE CAPITAN MAURICIO JOSE TROCHE,Municipalidades,37,19,0,0,0,0,0
2026,6,30,4,50,MUNICIPALIDAD DE CORONEL MARTINEZ,Municipalidades,37,17,0,0,0,0,0
2026,6,30,4,51,MUNICIPALIDAD DE FELIX PEREZ CARDOZO,Municipalidades,48,16,0,0,0,0,0
2026,6,30,4,53,MUNICIPALIDAD DE INDEPENDENCIA,Municipalidades,68,30,0,0,0,0,0
2026,6,30,4,54,MUNICIPALIDAD DE ITAPE,Municipalidades,36,11,0,0,0,0,0
2026,6,30,4,55,MUNICIPALIDAD DE ITURBE,Municipalidades,39,13,0,0,0,0,0
2026,6,30,4,56,MUNICIPALIDAD DE JOSE A. FASSARDI,Municipalidades,36,10,0,0,0,0,0
2026,6,30,4,57,MUNICIPALIDAD DE MBOCAYATY DEL GUAIRA,Municipalidades,28,7,1,0,1,0,0
2026,6,30,4,58,MUNICIPALIDAD DE NATALICIO TALAVERA,Municipalidades,43,16,1,0,1,0,0
2026,6,30,4,59,MUNICIPALIDAD DE ÑUMI,Municipalidades,28,8,1,0,1,0,0
2026,6,30,4,60,MUNICIPALIDAD DE SAN SALVADOR,Municipalidades,45,16,0,0,0,0,0
2026,6,30,4,61,MUNICIPALIDAD DE YATAITY DEL GUAIRA,Municipalidades,41,23,2,0,1,1,0
2026,6,30,4,62,MUNICIPALIDAD DE DR. BOTRELL,Municipalidades,36,19,0,0,0,0,0
2026,6,30,4,63,MUNICIPALIDAD DE PASO YOBAI,Municipalidades,42,13,0,0,0,0,0
2026,6,30,4,234,MUNICIPALIDAD DE TEBICUARY,Municipalidades,57,22,0,0,0,0,0
2026,6,30,5,64,MUNICIPALIDAD DE CORONEL OVIEDO,Municipalidades,444,183,5,1,2,0,2
2026,6,30,5,67,MUNICIPALIDAD DE DR. CECILIO BAEZ,Municipalidades,33,12,0,0,0,0,0
2026,6,30,5,68,MUNICIPALIDAD DE SANTA.ROSA DEL MBUTUY,Municipalidades,26,8,1,0,1,0,0
2026,6,30,5,69,MUNICIPALIDAD DE DR. JUAN MANUEL FRUTOS,Municipalidades,21,7,1,0,0,0,1
2026,6,30,5,70,MUNICIPALIDAD DE REPATRIACION,Municipalidades,57,19,0,0,0,0,0
2026,6,30,5,71,MUNICIPALIDAD DE NUEVA LONDRES,Municipalidades,34,14,1,1,0,0,0
2026,6,30,5,72,MUNICIPALIDAD DE SAN JOAQUIN,Municipalidades,34,5,0,0,0,0,0
2026,6,30,5,73,MUNICIPALIDAD DE SAN JOSE DE LOS ARROYOS,Municipalidades,53,12,1,0,1,0,0
2026,6,30,5,74,MUNICIPALIDAD DE YHU,Municipalidades,65,20,0,0,0,0,0
2026,6,30,5,76,MUNICIPALIDAD DE R.I. 3 CORRALES,Municipalidades,33,7,0,0,0,0,0
2026,6,30,5,77,MUNICIPALIDAD DE RAUL ARSENIO OVIEDO,Municipalidades,43,10,0,0,0,0,0
2026,6,30,5,78,MUNICIPALIDAD DE JOSE DOMINGO OCAMPOS,Municipalidades,65,23,0,0,0,0,0
2026,6,30,5,79,MUNICIPALIDAD DE MARISCAL FRANCISCO SOLANO LOPEZ,Municipalidades,40,12,0,0,0,0,0
2026,6,30,5,81,MUNICIPALIDAD DE 3 DE FEBRERO,Municipalidades,35,11,1,1,0,0,0
2026,6,30,5,82,MUNICIPALIDAD DE SIMON BOLIVAR,Municipalidades,34,7,0,0,0,0,0
2026,6,30,5,83,MUNICIPALIDAD DE VAQUERIA,Municipalidades,20,6,0,0,0,0,0
2026,6,30,5,233,MUNICIPALIDAD DE TEMBIAPORA,Municipalidades,38,10,0,0,0,0,0
2026,6,30,5,243,MUNICIPALIDAD DE NUEVA TOLEDO,Municipalidades,32,14,0,0,0,0,0
2026,6,30,6,84,MUNICIPALIDAD DE CAAZAPA,Municipalidades,81,26,1,0,0,0,1
2026,6,30,6,85,MUNICIPALIDAD DE ABAI,Municipalidades,62,28,0,0,0,0,0
2026,6,30,6,86,MUNICIPALIDAD DE BUENA VISTA,Municipalidades,34,9,2,0,2,0,0
2026,6,30,6,87,MUNICIPALIDAD DE DR. MOISES BERTONI,Municipalidades,26,7,0,0,0,0,0
2026,6,30,6,88,MUNICIPALIDAD DE GRAL.MORINIGO,Municipalidades,30,5,2,0,2,0,0
2026,6,30,6,89,MUNICIPALIDAD DE MACIEL,Municipalidades,33,11,0,0,0,0,0
2026,6,30,6,90,MUNICIPALIDAD DE SAN JUAN NEPOMUCENO,Municipalidades,80,33,0,0,0,0,0
2026,6,30,6,91,MUNICIPALIDAD DE TAVAI,Municipalidades,27,5,0,0,0,0,0
2026,6,30,6,92,MUNICIPALIDAD DE FULGENCIO YEGROS,Municipalidades,45,14,0,0,0,0,0
2026,6,30,6,93,MUNICIPALIDAD DE YUTY,Municipalidades,75,27,0,0,0,0,0
2026,6,30,7,94,MUNICIPALIDAD DE ENCARNACION,Municipalidades,1285,474,17,0,15,0,2
2026,6,30,7,95,MUNICIPALIDAD DE BELLA VISTA,Municipalidades,78,23,1,1,0,0,0
2026,6,30,7,96,MUNICIPALIDAD DE CAMBYRETA,Municipalidades,231,97,1,0,1,0,0
2026,6,30,7,97,MUNICIPALIDAD DE CAPITAN MEZA,Municipalidades,76,26,2,0,1,0,1
2026,6,30,7,98,MUNICIPALIDAD DE CAPITAN MIRANDA,Municipalidades,66,22,1,0,1,0,0
2026,6,30,7,100,MUNICIPALIDAD DE CARMEN DEL PARANA,Municipalidades,85,26,0,0,0,0,0
2026,6,30,7,101,MUNICIPALIDAD DE CORONEL BOGADO,Municipalidades,94,26,0,0,0,0,0
2026,6,30,7,102,MUNICIPALIDAD DE CARLOS ANTONIO LOPEZ,Municipalidades,89,27,2,0,1,0,1
2026,6,30,7,103,MUNICIPALIDAD DE NATALIO,Municipalidades,81,26,0,0,0,0,0
2026,6,30,7,104,MUNICIPALIDAD DE FRAM,Municipalidades,72,27,0,0,0,0,0
2026,6,30,7,106,MUNICIPALIDAD DE GENERAL DELGADO,Municipalidades,25,6,0,0,0,0,0
2026,6,30,7,107,MUNICIPALIDAD DE HOHENAU,Municipalidades,113,37,3,0,3,0,0
2026,6,30,7,108,MUNICIPALIDAD DE JESUS,Municipalidades,44,11,0,0,0,0,0
2026,6,30,7,109,MUNICIPALIDAD DE JOSE LEANDRO OVIEDO,Municipalidades,51,25,1,0,1,0,0
2026,6,30,7,110,MUNICIPALIDAD DE OBLIGADO,Municipalidades,125,44,1,0,1,0,0
2026,6,30,7,111,MUNICIPALIDAD DE MAYOR OTAÑO,Municipalidades,60,21,0,0,0,0,0
2026,6,30,7,112,MUNICIPALIDAD DE SAN COSME Y SAN DAMIAN,Municipalidades,71,24,2,0,2,0,0
2026,6,30,7,113,MUNICIPALIDAD DE SAN PEDRO DEL PARANA,Municipalidades,98,30,1,1,0,0,0
2026,6,30,7,114,MUNICIPALIDAD DE SAN RAFAEL DEL PARANA,Municipalidades,101,33,1,0,1,0,0
2026,6,30,7,115,MUNICIPALIDAD DE TRINIDAD,Municipalidades,25,16,0,0,0,0,0
2026,6,30,7,116,MUNICIPALIDAD DE EDELIRA,Municipalidades,74,30,0,0,0,0,0
2026,6,30,7,117,MUNICIPALIDAD DE TOMAS ROMERO PEREIRA,Municipalidades,112,32,0,0,0,0,0
2026,6,30,7,118,MUNICIPALIDAD DE ALTO VERA,Municipalidades,45,6,0,0,0,0,0
2026,6,30,7,119,MUNICIPALIDAD DE LA PAZ,Municipalidades,29,13,0,0,0,0,0
2026,6,30,7,120,MUNICIPALIDAD DE YATYTAY,Municipalidades,55,14,0,0,0,0,0
2026,6,30,7,121,MUNICIPALIDAD DE SAN JUAN DEL PARANA,Municipalidades,108,39,0,0,0,0,0
2026,6,30,7,122,MUNICIPALIDAD DE PIRAPO,Municipalidades,67,25,3,1,2,0,0
2026,6,30,7,123,MUNICIPALIDAD DE ITAPUA POTY,Municipalidades,44,13,1,0,1,0,0
2026,6,30,8,124,MUNICIPALIDAD DE SAN JUAN BAUSTISTA DE LAS MISIONES,Municipalidades,78,24,0,0,0,0,0
2026,6,30,8,125,MUNICIPALIDAD DE AYOLAS,Municipalidades,139,52,0,0,0,0,0
2026,6,30,8,126,MUNICIPALIDAD DE SAN IGNACIO GUAZU,Municipalidades,177,65,1,0,1,0,0
2026,6,30,8,127,MUNICIPALIDAD DE SAN MIGUEL MISIONES,Municipalidades,58,18,3,1,1,0,1
2026,6,30,8,129,MUNICIPALIDAD DE SANTA MARIA,Municipalidades,44,16,0,0,0,0,0
2026,6,30,8,130,MUNICIPALIDAD DE SANTA ROSA MISIONES,Municipalidades,108,38,0,0,0,0,0
2026,6,30,8,131,MUNICIPALIDAD DE SANTIAGO,Municipalidades,58,23,0,0,0,0,0
2026,6,30,9,135,MUNICIPALIDAD DE ACAHAY,Municipalidades,29,11,0,0,0,0,0
2026,6,30,9,137,MUNICIPALIDAD DE GENERAL CABALLERO,Municipalidades,45,13,1,0,0,0,1
2026,6,30,9,138,MUNICIPALIDAD DE CARAPEGUA,Municipalidades,124,43,1,0,0,0,1
2026,6,30,9,139,MUNICIPALIDAD DE ESCOBAR,Municipalidades,35,22,0,0,0,0,0
2026,6,30,9,140,MUNICIPALIDAD DE LA COLMENA,Municipalidades,49,12,0,0,0,0,0
2026,6,30,9,141,MUNICIPALIDAD DE MBUYAPEY,Municipalidades,36,7,3,0,0,1,2
2026,6,30,9,142,MUNICIPALIDAD DE PIRAYU,Municipalidades,64,27,2,1,1,0,0
2026,6,30,9,143,MUNICIPALIDAD DE QUIINDY,Municipalidades,76,27,1,1,0,0,0
2026,6,30,9,144,MUNICIPALIDAD DE QUYQUYHO,Municipalidades,50,11,0,0,0,0,0
2026,6,30,9,146,MUNICIPALIDAD DE SAPUCAI,Municipalidades,27,8,1,0,1,0,0
2026,6,30,9,147,MUNICIPALIDAD DE TEBICUARYMI,Municipalidades,29,10,0,0,0,0,0
2026,6,30,9,148,MUNICIPALIDAD DE YAGUARON,Municipalidades,103,45,1,0,1,0,0
2026,6,30,9,149,MUNICIPALIDAD DE YBYCUI,Municipalidades,62,31,1,0,1,0,0
2026,6,30,9,150,MUNICIPALIDAD DE YBYTYMI,Municipalidades,24,7,0,0,0,0,0
2026,6,30,10,151,MUNICIPALIDAD DE CIUDAD DEL ESTE,Municipalidades,2335,1151,18,9,8,0,1
2026,6,30,10,152,MUNICIPALIDAD DE PRESIDENTE FRANCO,Municipalidades,553,215,2,0,2,0,0
2026,6,30,10,153,MUNICIPALIDAD DE DOMINGO MARTINEZ DE IRALA,Municipalidades,64,15,2,0,2,0,0
2026,6,30,10,154,MUNICIPALIDAD DE JUAN LEON MALLORQUIN,Municipalidades,70,26,2,1,1,0,0
2026,6,30,10,155,MUNICIPALIDAD DE HERNANDARIAS,Municipalidades,424,199,7,0,6,0,1
2026,6,30,10,156,MUNICIPALIDAD DE SANTA FE DEL PARANA,Municipalidades,68,36,1,0,0,0,1
2026,6,30,10,157,MUNICIPALIDAD DE ITAKYRY,Municipalidades,91,27,1,0,1,0,0
2026,6,30,10,158,MUNICIPALIDAD DE JUAN E. O'LEARY,Municipalidades,56,21,0,0,0,0,0
2026,6,30,10,159,MUNICIPALIDAD DE ÑACUNDAY,Municipalidades,57,17,2,0,0,0,2
2026,6,30,10,160,MUNICIPALIDAD DE YGUAZU,Municipalidades,68,16,3,0,3,0,0
2026,6,30,10,161,MUNICIPALIDAD DE LOS CEDRALES,Municipalidades,83,31,1,0,1,0,0
2026,6,30,10,162,MUNICIPALIDAD DE MINGA GUAZU,Municipalidades,269,121,12,1,9,0,2
2026,6,30,10,163,MUNICIPALIDAD DE SAN CRISTOBAL,Municipalidades,56,16,0,0,0,0,0
2026,6,30,10,164,MUNICIPALIDAD DE SANTA RITA,Municipalidades,225,91,9,0,5,1,3
2026,6,30,10,165,MUNICIPALIDAD DE NARANJAL,Municipalidades,86,27,0,0,0,0,0
2026,6,30,10,166,MUNICIPALIDAD DE STA. ROSA DEL MONDAY,Municipalidades,66,25,1,0,1,0,0
2026,6,30,10,167,MUNICIPALIDAD DE MINGA PORA,Municipalidades,89,31,2,0,2,0,0
2026,6,30,10,170,MUNICIPALIDAD DE IRUÑA,Municipalidades,45,15,1,1,0,0,0
2026,6,30,10,240,MUNICIPALIDAD DE TAVAPY,Municipalidades,63,24,1,0,1,0,0
2026,6,30,10,246,MUNICIPALIDAD DE DR. RAUL PENA,Municipalidades,26,4,1,0,1,0,0
2026,6,30,11,171,MUNICIPALIDAD DE AREGUA,Municipalidades,188,92,5,1,2,2,0
2026,6,30,11,172,MUNICIPALIDAD DE CAPIATA,Municipalidades,1181,560,0,0,0,0,0
2026,6,30,11,173,MUNICIPALIDAD DE FERNANDO DE LA MORA,Municipalidades,1159,547,15,3,9,1,2
2026,6,30,11,174,MUNICIPALIDAD DE GUARAMBARE,Municipalidades,164,72,1,0,1,0,0
2026,6,30,11,175,MUNICIPALIDAD DE ITA,Municipalidades,196,74,1,0,1,0,0
2026,6,30,11,176,MUNICIPALIDAD DE ITAUGUA,Municipalidades,434,213,3,0,2,0,1
2026,6,30,11,177,MUNICIPALIDAD DE LAMBARE,Municipalidades,861,363,3,1,2,0,0
2026,6,30,11,178,MUNICIPALIDAD DE LIMPIO,Municipalidades,301,148,12,0,0,4,8
2026,6,30,11,179,MUNICIPALIDAD DE LUQUE,Municipalidades,1002,454,19,4,10,1,4
2026,6,30,11,180,MUNICIPALIDAD DE MARIANO ROQUE ALONSO,Municipalidades,644,335,0,0,0,0,0
2026,6,30,11,181,MUNICIPALIDAD DE NUEVA ITALIA,Municipalidades,71,25,2,1,1,0,0
2026,6,30,11,182,MUNICIPALIDAD DE ÑEMBY,Municipalidades,448,188,6,2,3,0,1
2026,6,30,11,183,MUNICIPALIDAD DE SAN ANTONIO,Municipalidades,207,90,2,1,1,0,0
2026,6,30,11,184,MUNICIPALIDAD DE SAN LORENZO,Municipalidades,1316,601,17,5,10,1,1
2026,6,30,11,185,MUNICIPALIDAD DE VILLA ELISA,Municipalidades,370,156,0,0,0,0,0
2026,6,30,11,186,MUNICIPALIDAD DE VILLETA,Municipalidades,180,82,1,0,1,0,0
2026,6,30,11,187,MUNICIPALIDAD DE YPACARAI,Municipalidades,115,41,0,0,0,0,0
2026,6,30,11,188,MUNICIPALIDAD DE YPANE,Municipalidades,145,65,0,0,0,0,0
2026,6,30,12,191,MUNICIPALIDAD DE ALBERDI,Municipalidades,39,14,0,0,0,0,0
2026,6,30,12,192,MUNICIPALIDAD DE CERRITO,Municipalidades,127,60,0,0,0,0,0
2026,6,30,12,193,MUNICIPALIDAD DE DESMOCHADOS,Municipalidades,21,7,0,0,0,0,0
2026,6,30,12,194,MUNICIPALIDAD DE GENERAL JOSE EDUVIGIS DIAZ,Municipalidades,34,11,0,0,0,0,0
2026,6,30,12,195,MUNICIPALIDAD DE GUAZU CUA,Municipalidades,40,11,0,0,0,0,0
2026,6,30,12,196,MUNICIPALIDAD DE HUMAITA,Municipalidades,67,36,0,0,0,0,0
2026,6,30,12,197,MUNICIPALIDAD DE ISLA UMBU,Municipalidades,45,13,0,0,0,0,0
2026,6,30,12,198,MUNICIPALIDAD DE LAURELES,Municipalidades,62,22,0,0,0,0,0
2026,6,30,12,199,MUNICIPALIDAD DE MAYOR JOSE D. MARTINEZ,Municipalidades,27,10,0,0,0,0,0
2026,6,30,12,200,MUNICIPALIDAD DE PASO DE PATRIA,Municipalidades,139,77,0,0,0,0,0
2026,6,30,12,201,MUNICIPALIDAD DE SAN JUAN BAUTISTA DE ÑEEMBUCU,Municipalidades,28,9,0,0,0,0,0
2026,6,30,12,202,MUNICIPALIDAD DE TACUARAS,Municipalidades,50,21,0,0,0,0,0
2026,6,30,12,203,MUNICIPALIDAD DE VILLA FRANCA,Municipalidades,44,17,1,1,0,0,0
2026,6,30,12,205,MUNICIPALIDAD DE VILLALBIN,Municipalidades,43,18,0,0,0,0,0
2026,6,30,13,206,MUNICIPALIDAD DE PEDRO J. CABALLERO,Municipalidades,480,145,2,0,2,0,0
2026,6,30,13,207,MUNICIPALIDAD DE BELLA VISTA - NORTE,Municipalidades,36,9,0,0,0,0,0
2026,6,30,13,208,MUNICIPALIDAD DE CAPITAN BADO,Municipalidades,77,27,1,0,0,0,1
2026,6,30,13,242,MUNICIPALIDAD DE ZANJA PYTA,Municipalidades,33,9,0,0,0,0,0
2026,6,30,13,250,MUNICIPALIDAD DE KARAPAI,Municipalidades,27,8,0,0,0,0,0
2026,6,30,14,209,MUNICIPALIDAD DE SALTO DEL GUAIRA,Municipalidades,249,107,0,0,0,0,0
2026,6,30,14,210,MUNICIPALIDAD DE CORPUS CHRISTI,Municipalidades,60,11,0,0,0,0,0
2026,6,30,14,211,MUNICIPALIDAD DE VILLA CURUGUATY,Municipalidades,93,33,1,1,0,0,0
2026,6,30,14,212,MUNICIPALIDAD DE YASY CAÑY,Municipalidades,30,7,0,0,0,0,0
2026,6,30,14,213,MUNICIPALIDAD DE VILLA YGATIMI,Municipalidades,48,12,0,0,0,0,0
2026,6,30,14,214,MUNICIPALIDAD DE ITANARA,Municipalidades,28,13,1,0,0,0,1
2026,6,30,14,215,MUNICIPALIDAD DE YPE JHU,Municipalidades,36,6,0,0,0,0,0
2026,6,30,14,216,MUNICIPALIDAD DE GENERAL FRANCISCO CABALLERO ALVAREZ,Municipalidades,51,18,1,0,0,0,1
2026,6,30,14,217,MUNICIPALIDAD DE KATUETE,Municipalidades,118,37,2,0,2,0,0
2026,6,30,14,218,MUNICIPALIDAD DE LA PALOMA,Municipalidades,32,16,0,0,0,0,0
2026,6,30,14,219,MUNICIPALIDAD DE NUEVA ESPERANZA,Municipalidades,85,29,0,0,0,0,0
2026,6,30,14,244,MUNICIPALIDAD DE YVYRAROBANA,Municipalidades,19,5,0,0,0,0,0
2026,6,30,14,247,MUNICIPALIDAD DE YBY PYTA,Municipalidades,39,10,1,0,1,0,0
2026,6,30,14,251,MUNICIPALIDAD DE MARACANA,Municipalidades,41,11,0,0,0,0,0
2026,6,30,14,255,MUNICIPALIDAD DE PUERTO ADELA,Municipalidades,29,6,0,0,0,0,0
2026,6,30,14,256,MUNICIPALIDAD DE LAUREL,Municipalidades,30,8,0,0,0,0,0
2026,6,30,15,220,MUNICIPALIDAD DE BENJAMIN ACEVAL,Municipalidades,103,34,2,0,2,0,0
2026,6,30,15,221,MUNICIPALIDAD DE PUERTO PINASCO,Municipalidades,148,67,2,0,1,0,1
2026,6,30,15,222,MUNICIPALIDAD DE VILLA HAYES,Municipalidades,298,115,13,0,8,0,5
2026,6,30,15,223,MUNICIPALIDAD DE NANAWA,Municipalidades,51,21,1,0,0,0,1
2026,6,30,15,224,MUNICIPALIDAD DE JOSE FALCON,Municipalidades,117,60,0,0,0,0,0
2026,6,30,15,229,MUNICIPALIDAD DE TTE. 1RO. MANUEL IRALA FERNANDEZ,Municipalidades,44,11,0,0,0,0,0
2026,6,30,15,232,MUNICIPALIDAD DE TENIENTE ESTEBAN MARTINEZ,Municipalidades,57,21,0,0,0,0,0
2026,6,30,15,233,MUNICIPALIDAD DE GENERAL JOSE MARIA BRUGUEZ,Municipalidades,59,21,0,0,0,0,0
2026,6,30,15,258,MUNICIPALIDAD DE CAMPO ACEVAL,Municipalidades,33,10,1,0,1,0,0
2026,6,30,15,262,MUNICIPALIDAD DE NUEVA ASUNCION,Municipalidades,145,85,0,0,0,0,0
2026,6,30,16,228,MUNICIPALIDAD DE MARISCAL JOSE FELIX ESTIGARRIBIA,Municipalidades,151,43,0,0,0,0,0
2026,6,30,16,230,MUNICIPALIDAD DE FILADELFIA,Municipalidades,208,50,0,0,0,0,0
2026,6,30,16,231,MUNICIPALIDAD DE LOMA PLATA,Municipalidades,145,71,1,0,0,0,1
2026,6,30,16,261,MUNICIPALIDAD DE BOQUERON,Municipalidades,81,27,0,0,0,0,0
2026,6,30,17,226,MUNICIPALIDAD DE LA VICTORIA,Municipalidades,46,13,0,0,0,0,0
2026,6,30,17,227,MUNICIPALIDAD DE BAHIA NEGRA,Municipalidades,33,14,0,0,0,0,0
2026,6,30,17,235,MUNICIPALIDAD DE CARMELO PERALTA,Municipalidades,30,6,0,0,0,0,0
2026,6,40,1,1,COMPAÑIA PARAGUAYA DE COMUNICACIONES S.A.,SA del Estado,2222,796,18,2,12,0,4
2026,6,40,2,1,EMPRESA DE SERVICIOS SANITARIOS DEL PARAGUAY S.A. (ESSAP),SA del Estado,2001,514,29,0,2,5,22
2026,6,40,3,1,CAÑAS PARAGUAYAS S.A. (CAPASA),SA del Estado,109,41,0,0,0,0,0
2026,8,11,1,1,CONGRESO NACIONAL (CN),Poder Legislativo,909,409,42,0,1,9,32
2026,8,11,2,1,HONORABLE CAMARA DE SENADORES (HCS),Poder Legislativo,1271,534,21,3,2,5,11
2026,8,11,3,1,HONORABLE CAMARA DE DIPUTADOS (HCD),Poder Legislativo,2227,983,33,3,9,5,16
2026,8,12,1,2,PRESIDENCIA DE LA REPUBLICA / GABINETE CIVIL,Servicio civil del Ejecutivo,256,119,1,0,1,0,0
2026,8,12,1,3,GABINETE MILITAR (GM),Servicio civil del Ejecutivo,18,9,0,0,0,0,0
2026,8,12,1,4,PROCURADURIA GENERAL DE LA REPUBLICA (PGR),Servicio civil del Ejecutivo,101,49,3,0,0,1,2
2026,8,12,1,6,AUDITORIA GENERAL DEL PODER EJECUTIVO (AGPE),Servicio civil del Ejecutivo,67,31,4,0,0,1,3
2026,8,12,1,10,SECRETARIA NACIONAL ANTIDROGAS (SENAD),Servicio civil del Ejecutivo,433,139,3,0,0,2,1
2026,8,12,1,13,SECRETARIA NACIONAL DE TURISMO (SENATUR),Servicio civil del Ejecutivo,238,131,8,0,1,4,3
2026,8,12,1,14,SECRETARIA DE PREVENCION DE LAVADO DE DINERO O BIENES (SEPRELAD),Servicio civil del Ejecutivo,68,32,3,0,0,3,0
2026,8,12,1,15,CONSEJO NACIONAL DE CIENCIA Y TECNOLOGIA (CONACYT),Servicio civil del Ejecutivo,126,68,2,0,0,1,1
2026,8,12,1,16,ESCRIBANIA MAYOR DE GOBIERNO (EMG),Servicio civil del Ejecutivo,28,12,1,0,1,0,0
2026,8,12,1,19,SECRETARIA DE EMERGENCIA NACIONAL (SEN),Servicio civil del Ejecutivo,183,51,7,1,2,1,3
2026,8,12,1,22,SECRETARIA NACIONAL DE CULTURA (SNC),Servicio civil del Ejecutivo,159,93,4,0,0,2,2
2026,8,12,1,26,SECRETARIA NACIONAL POR LOS DERECHOS HUMANOS DE LAS PERSONAS CON DISCAPACIDAD (SENADIS),Servicio civil del Ejecutivo,453,266,55,5,5,23,22
2026,8,12,1,28,SECRETARIA NACIONAL DE LA JUVENTUD (SNJ),Servicio civil del Ejecutivo,27,17,1,0,0,0,1
2026,8,12,1,30,ORQUESTA SINFONICA NACIONAL (OSN),Servicio civil del Ejecutivo,88,33,2,0,0,1,1
2026,8,12,1,31,AGENCIA ESPACIAL DEL PARAGUAY(AEP),Servicio civil del Ejecutivo,20,7,0,0,0,0,0
2026,8,12,1,32,SECRETARIA NACIONAL DE ADMINISTRACION DE BIENES INCAUTADOS Y COMISADOS(SENABICO),Servicio civil del Ejecutivo,20,8,0,0,0,0,0
2026,8,12,2,1,VICEPRESIDENCIA DE LA REPUBLICA,Servicio civil del Ejecutivo,74,34,4,0,0,2,2
2026,8,12,3,1,MINISTERIO DEL INTERIOR (MI),Servicio civil del Ejecutivo,290,109,7,0,0,0,7
2026,8,12,4,1,MINISTERIO DE RELACIONES EXTERIORES (MRE),Servicio civil del Ejecutivo,1136,450,23,0,0,10,13
2026,8,12,5,1,MINISTERIO DE DEFENSA NACIONAL (MDN),Fuerzas públicas,214,103,9,0,0,4,5
2026,8,12,5,2,CENTRO FINANCIERO 1 - COMANDO EN JEFE,Servicio civil del Ejecutivo,213,88,0,0,0,0,0
2026,8,12,5,3,CENTRO FINANCIERO 2 - COMANDO DEL EJERCITO,Servicio civil del Ejecutivo,449,185,1,0,0,0,1
2026,8,12,5,4,CENTRO FINANCIERO 3 - COMANDO DE LA ARMADA,Servicio civil del Ejecutivo,290,96,0,0,0,0,0
2026,8,12,5,5,CENTRO FINANCIERO 4 - COMANDO DE LA FUERZA AEREA,Servicio civil del Ejecutivo,106,52,3,0,0,2,1
2026,8,12,5,6,CENTRO FINANCIERO 5 - COMANDO LOGISTICO,Servicio civil del Ejecutivo,503,237,1,0,0,1,0
2026,8,12,6,1,MINISTERIO DE ECONOMIA Y FINANZAS (MEF),Servicio civil del Ejecutivo,1262,631,32,0,0,16,16
2026,8,12,7,1,MINISTERIO DE EDUCACION Y CIENCIAS (MEC),Educación,84798,59230,509,0,0,329,180
2026,8,12,8,1,MINISTERIO DE SALUD PUBLICA Y BIENESTAR SOCIAL (MSPBS),Salud,64900,44521,170,10,9,75,76
2026,8,12,9,1,MINISTERIO DE JUSTICIA (MJ),Servicio civil del Ejecutivo,4932,1956,27,0,0,11,16
2026,8,12,10,1,MINISTERIO DE AGRICULTURA Y GANADERIA (MAG),Servicio civil del Ejecutivo,2363,969,37,1,4,13,19
2026,8,12,11,1,MINISTERIO DE INDUSTRIA Y COMERCIO (MIC),Servicio civil del Ejecutivo,343,154,3,0,0,0,3
2026,8,12,13,1,MINISTERIO DE OBRAS PUBLICAS Y COMUNICACIONES (MOPC),Servicio civil del Ejecutivo,3300,827,55,2,7,11,35
2026,8,12,14,1,MINISTERIO DE LA MUJER (MM),Servicio civil del Ejecutivo,190,165,3,1,0,1,1
2026,8,12,15,2,SERVICIO NACIONAL DE PROMOCION PROFESIONAL (SNPP),Servicio civil del Ejecutivo,1853,1025,32,1,2,12,17
2026,8,12,15,3,SISTEMA NACIONAL DE FORMACION Y CAPACITACION LABORAL (SINAFOCAL),Servicio civil del Ejecutivo,245,141,8,1,1,1,5
2026,8,12,17,1,MINISTERIO DEL AMBIENTE Y DESARROLLO SOSTENIBLE (MADES),Servicio civil del Ejecutivo,398,150,7,0,0,1,6
2026,8,12,19,1,"MINISTERIO DE URBANISMO, VIVIENDA Y HABITAT",Servicio civil del Ejecutivo,602,317,17,0,0,8,9
2026,8,12,20,1,MINISTERIO DE LA NIÑEZ Y ADOLESCENCIA,Servicio civil del Ejecutivo,1014,780,10,1,0,6,3
2026,8,12,21,1,MINISTERIO DE TECNOLOGIAS DE LA INFORMACION Y COMUNICACION,Servicio civil del Ejecutivo,404,168,11,0,2,5,4
2026,8,13,1,1,CORTE SUPREMA DE JUSTICIA (CSJ),Poder Judicial,14076,8239,76,0,7,29,40
2026,8,13,3,1,MINISTERIO PUBLICO (MP),Poder Judicial,6231,3527,16,0,0,6,10
2026,8,13,4,1,CONSEJO DE LA MAGISTRATURA (CM),Poder Judicial,132,64,1,0,1,0,0
2026,8,13,4,2,ESCUELA JUDICIAL (EJ),Poder Judicial,144,71,3,0,2,0,1
2026,8,13,5,1,JURADO DE ENJUICIAMIENTO DE MAGISTRADOS (JEM),Poder Judicial,305,154,11,3,5,1,2
2026,8,13,6,1,MINISTERIO DE LA DEFENSA PUBLICA (MDP),Poder Judicial,2712,1700,28,1,5,14,8
2026,8,13,7,1,SINDICATURA GENERAL DE QUIEBRAS,Poder Judicial,103,45,1,0,1,0,0
2026,8,14,1,1,CONTRALORIA GENERAL DE LA REPUBLICA (CGR),Otros organismos,1015,559,7,0,0,4,3
2026,8,15,1,1,DEFENSORIA DEL PUEBLO (DP),Otros organismos,174,116,3,0,2,0,1
2026,8,15,2,1,MECANISMO NACIONAL DE PREVENCION CONTRA LA TORTURA Y OTROS TRATOS O PENAS CRUELES INHUMANOS O DEGRADANTES (MNP),Otros organismos,30,15,2,0,0,1,1
2026,8,21,1,1,BANCO CENTRAL DEL PARAGUAY (BCP),Otros organismos,762,365,12,0,0,2,10
2026,8,22,1,1,I DEPARTAMENTO: GOBERNACION DE CONCEPCION,Gobiernos departamentales,116,45,6,1,3,0,2
2026,8,22,2,1,II DEPARTAMENTO: GOBERNACION DE SAN PEDRO,Gobiernos departamentales,116,63,4,1,1,2,0
2026,8,22,3,1,III DEPARTAMENTO: GOBERNACION DE CORDILLERA,Gobiernos departamentales,93,31,1,0,0,0,1
2026,8,22,4,1,IV DEPARTAMENTO: GOBERNACION DE GUAIRA,Gobiernos departamentales,195,73,3,0,2,0,1
2026,8,22,5,1,V DEPARTAMENTO: GOBERNACION DE CAAGUAZU,Gobiernos departamentales,256,85,3,0,2,0,1
2026,8,22,6,1,VI DEPARTAMENTO: GOBERNACION DE CAAZAPA,Gobiernos departamentales,83,23,5,1,1,0,3
2026,8,22,7,1,VII DEPARTAMENTO: GOBERNACION DE ITAPUA,Gobiernos departamentales,206,84,5,0,2,0,3
2026,8,22,9,1,IX DEPARTAMENTO: GOBERNACION DE PARAGUARI,Gobiernos departamentales,151,53,0,0,0,0,0
2026,8,22,10,1,X DEPARTAMENTO: GOBERNACION DE ALTO PARANA,Gobiernos departamentales,256,91,14,4,8,0,2
2026,8,22,11,1,XI DEPARTAMENTO: GOBERNACION CENTRAL,Gobiernos departamentales,149,76,10,1,1,4,4
2026,8,22,12,1,XII DEPARTAMENTO: GOBERNACION DE ÑEEMBUCU,Gobiernos departamentales,110,47,0,0,0,0,0
2026,8,22,13,1,XIII DEPARTAMENTO: GOBERNACION DE AMAMBAY,Gobiernos departamentales,130,61,4,2,2,0,0
2026,8,22,14,1,XIV DEPARTAMENTO: GOBERNACION DE CANINDEYU,Gobiernos departamentales,79,27,2,0,2,0,0
2026,8,22,15,1,XV DEPARTAMENTO: GOBERNACION DE PRESIDENTE HAYES,Gobiernos departamentales,133,55,4,0,1,1,2
2026,8,22,16,1,XVI DEPARTAMENTO: GOBERNACION DE BOQUERON,Gobiernos departamentales,178,82,2,0,0,0,2
2026,8,22,17,1,XVII DEPARTAMENTO: GOBERNACION DE ALTO PARAGUAY,Gobiernos departamentales,45,8,3,0,0,1,2
2026,8,23,1,1,"INSTITUTO NACIONAL DE TECNOLOGIA, NORMALIZACION Y METROLOGIA (INTN)",Entes autónomos y autárquicos,256,125,13,0,0,6,7
2026,8,23,3,1,INSTITUTO NACIONAL DE DESARROLLO RURAL Y DE LA TIERRA (INDERT),Entes autónomos y autárquicos,466,166,18,0,0,2,16
2026,8,23,4,1,DIRECCION DE BENEFICENCIA Y AYUDA SOCIAL (DIBEN),Entes autónomos y autárquicos,99,56,4,0,0,3,1
2026,8,23,6,1,INSTITUTO PARAGUAYO DEL INDIGENA (INDI),Entes autónomos y autárquicos,71,27,1,0,1,0,0
2026,8,23,8,1,FONDO NACIONAL DE LA CULTURA Y LAS ARTES (FONDEC),Entes autónomos y autárquicos,22,12,1,1,0,0,0
2026,8,23,13,1,ENTE REGULADOR DE SERVICIOS SANITARIOS (ERSSAN),Entes autónomos y autárquicos,117,47,4,1,0,1,2
2026,8,23,14,1,INSTITUTO NACIONAL DE COOPERATIVISMO (INCOOP),Entes autónomos y autárquicos,182,104,1,0,0,1,0
2026,8,23,16,1,SERVICIO NACIONAL DE CALIDAD Y SALUD ANIMAL (SENACSA),Entes autónomos y autárquicos,1257,505,51,1,1,11,38
2026,8,23,17,1,INSTITUTO PARAGUAYO DE ARTESANIA (IPA),Entes autónomos y autárquicos,71,47,2,0,0,0,2
2026,8,23,18,1,SERVICIO NACIONAL DE CALIDAD Y SANIDAD VEGETAL Y DE SEMILLA (SENAVE),Entes autónomos y autárquicos,502,204,11,0,1,6,4
2026,8,23,19,1,DIRECCION NACIONAL DE CONTRATACIONES PUBLICAS (DNCP),Entes autónomos y autárquicos,247,138,9,1,2,2,4
2026,8,23,20,1,INSTITUTO FORESTAL NACIONAL (INFONA),Entes autónomos y autárquicos,339,112,10,1,0,5,4
2026,8,23,22,1,INSTITUTO PARAGUAYO DE TECNOLOGIA AGRARIA (IPTA),Entes autónomos y autárquicos,505,176,29,0,5,5,19
2026,8,23,24,1,DIRECCION NACIONAL DE CORREOS DEL PARAGUAY (DINACOPA),Entes autónomos y autárquicos,756,377,34,0,0,14,20
2026,8,23,25,1,DIRECCION NACIONAL DE PROPIEDAD INTELECTUAL (DINAPI),Entes autónomos y autárquicos,116,59,5,0,0,1,4
2026,8,23,26,1,SECRETARIA DE DEFENSA DEL CONSUMIDOR Y EL USUARIO (SEDECO),Entes autónomos y autárquicos,27,15,2,0,0,1,1
2026,8,23,27,1,COMISION NACIONAL DE LA COMPETENCIA (CONACOM),Entes autónomos y autárquicos,29,10,1,0,0,0,1
2026,8,23,28,1,AGENCIA NACIONAL DE TRANSITO Y SEGURIDAD VIAL (ANTSV),Entes autónomos y autárquicos,40,20,1,0,0,0,1
2026,8,23,29,1,CONSEJO NACIONAL DE EDUCACION SUPERIOR (CONES),Entes autónomos y autárquicos,30,15,1,0,0,0,1
2026,8,23,30,1,AGENCIA NACIONAL DE EVALUACION Y ACREDITACION DE LA EDUCACION SUPERIOR (ANEAES),Entes autónomos y autárquicos,47,25,1,0,0,0,1
2026,8,23,31,1,AUTORIDAD REGULADORA RADIOLOGICA Y NUCLEAR (ARRN),Entes autónomos y autárquicos,31,14,0,0,0,0,0
2026,8,23,32,1,SECRETARIA NACIONAL DE INTELIGENCIA (SNI),Entes autónomos y autárquicos,29,15,0,0,0,0,0
2026,8,23,33,1,INSTITUTO SUPERIOR DE BELLAS ARTES,Entes autónomos y autárquicos,200,121,1,0,0,1,0
2026,8,23,34,1,INSTITUTO NACIONAL DE EDUCACIÓN SUPERIOR,Entes autónomos y autárquicos,262,176,5,0,0,2,3
2026,8,23,35,1,"DIRECCIÓN NACIONAL DE DEFENSA, SALUD Y BIENESTAR ANIMAL",Entes autónomos y autárquicos,27,8,0,0,0,0,0
2026,8,23,36,1,INSTITUTO NACIONAL DE ESTADISTICAS,Entes autónomos y autárquicos,612,314,5,0,0,0,5
2026,8,23,38,1,DIRECCIÓN NACIONAL DE VIGILANCIA SANITARIA,Entes autónomos y autárquicos,250,176,1,0,0,1,0
2026,8,23,39,1,DIRECCIÓN NACIONAL DE MIGRACIONES,Entes autónomos y autárquicos,589,303,16,1,3,3,9
2026,8,23,40,1,DIRECCIÓN NACIONAL DE INGRESOS TRIBUTARIOS,Entes autónomos y autárquicos,1770,616,27,1,7,5,14
2026,8,24,1,1,INSTITUTO DE PREVISION SOCIAL (IPS),Salud,25568,16834,130,0,0,39,91
2026,8,24,2,1,CAJA DE SEGURIDAD SOCIAL DE EMPLEADOS Y OBREROS FERROVIARIOS,Otros organismos,12,3,0,0,0,0,0
2026,8,24,4,1,CAJA DE JUBILACIONES Y PENSIONES DE EMPLEADOS DE BANCOS Y AFINES,Otros organismos,128,56,1,0,0,0,1
2026,8,24,5,1,CAJA DE JUBILACIONES Y PENSIONES DEL PERSONAL MUNICIPAL (CJPPM),Otros organismos,165,81,3,0,0,2,1
2026,8,25,2,1,ADMINISTRACION NACIONAL DE ELECTRICIDAD (ANDE),Empresas públicas,4736,1028,177,16,31,43,87
2026,8,25,4,1,ADMINISTRACION NACIONAL DE NAVEGACION Y PUERTOS (ANNP),Empresas públicas,1109,315,12,0,0,1,11
2026,8,25,5,1,DIRECCION NACIONAL DE AERONAUTICA CIVIL (DINAC),Empresas públicas,1915,735,40,2,4,9,25
2026,8,25,6,1,PETROLEOS PARAGUAYOS (PETROPAR),Empresas públicas,789,171,44,0,12,7,25
2026,8,25,7,1,INDUSTRIA NACIONAL DEL CEMENTO (INC),Empresas públicas,989,184,11,0,0,3,8
2026,8,27,1,1,BANCO NACIONAL DE FOMENTO (BNF),Otros organismos,1650,699,27,3,1,10,13
2026,8,27,3,1,CREDITO AGRICOLA DE HABILITACION (CAH),Otros organismos,398,150,16,0,0,2,14
2026,8,27,7,1,AGENCIA FINANCIERA DE DESARROLLO (AFD),Otros organismos,100,55,2,0,0,1,1
2026,8,28,1,2,FACULTAD DE ENFERMERIA Y OBSTETRICIA,Educación,627,449,0,0,0,0,0
2026,8,28,1,3,COLEGIO EXPERIMENTAL PARAGUAY-BRASIL (CEPB),Educación,175,117,0,0,0,0,0
2026,8,28,1,4,FACULTAD DE CIENCIAS AGRARIAS (FCA-UNA),Educación,915,417,10,0,0,5,5
2026,8,28,1,5,UNA FACULTAD CIENCIAS EXACTAS Y NATURALES (FACEN),Educación,652,321,0,0,0,0,0
2026,8,28,1,6,"UNA FACULTAD DE ARQUITECTURA, DISENO Y ARTE",Educación,777,407,0,0,0,0,0
2026,8,28,1,7,FACULTAD DE CIENCIAS ECONOMICAS (FCE),Educación,1489,692,3,0,1,1,1
2026,8,28,1,8,FACULTAD DE CIENCIAS MEDICAS (FCM),Educación,5423,3451,8,0,0,2,6
2026,8,28,1,9,FACULTAD DE CIENCIAS QUIMICAS (FCQ),Educación,475,294,0,0,0,0,0
2026,8,28,1,10,FACULTAD DE DERECHO Y CIENCIAS SOCIALES (FDCS),Educación,1112,425,1,1,0,0,0
2026,8,28,1,11,FACULTAD DE FILOSOFIA (FIL),Educación,1049,616,0,0,0,0,0
2026,8,28,1,12,FACULTAD DE INGENIERIA (FIUNA),Educación,998,322,0,0,0,0,0
2026,8,28,1,13,FACULTAD DE ODONTOLOGIA (FO),Educación,393,273,0,0,0,0,0
2026,8,28,1,14,FACULTAD DE POLITECNICA (FPUNA),Educación,1023,446,4,0,0,2,2
2026,8,28,1,15,FACULTAD DE CIENCIAS VETERINARIAS (FCV),Educación,856,413,0,0,0,0,0
2026,8,28,1,16,INSTITUTO DE INVESTIGACIONES EN CIENCIAS DE LA SALUD (IICS),Educación,150,112,0,0,0,0,0
2026,8,28,1,17,FACULTAD DE CIENCIAS SOCIALES,Educación,142,85,0,0,0,0,0
2026,8,28,2,1,UNIVERSIDAD NACIONAL DEL ESTE (UNE),Educación,1766,953,3,0,0,0,3
2026,8,28,3,1,UNIVERSIDAD NACIONAL DE PILAR (UNP),Educación,850,491,1,0,0,0,1
2026,8,28,4,1,UNIVERSIDAD NACIONAL DE ITAPUA (UNI),Educación,1218,702,17,0,2,4,11
2026,8,28,6,1,UNIVERSIDAD NACIONAL DE VILLARRICA DEL ESPIRITU SANTO (UNVES),Educación,1595,932,2,0,0,1,1
2026,8,28,7,1,UNIVERSIDAD NACIONAL DE CAAGUAZU (UNCAA),Educación,1142,592,25,0,0,13,12
2026,8,28,8,1,UNIVERSIDAD NACIONAL DE CANINDEYU (UNCAN),Educación,126,71,0,0,0,0,0
2026,8,28,9,9,UNIVERSIDAD POLITECNICA TAIWAN-PARAGUAY,Educación,36,16,0,0,0,0,0
2026,8,28,10,1,UNIVERSIDAD NACIONAL DE  MISIONES,Educación,359,213,0,0,0,0,0
2026,8,30,1,2,MUNICIPALIDAD DE CONCEPCION,Municipalidades,403,159,2,0,2,0,0
2026,8,30,1,3,MUNICIPALIDAD DE  BELEN,Municipalidades,47,22,0,0,0,0,0
2026,8,30,1,4,MUNICIPALIDAD DE HORQUETA,Municipalidades,75,28,0,0,0,0,0
2026,8,30,1,5,MUNICIPALIDAD DE LORETO,Municipalidades,41,11,0,0,0,0,0
2026,8,30,1,6,MUNICIPALIDAD DE SAN LAZARO,Municipalidades,55,16,0,0,0,0,0
2026,8,30,1,237,MUNICIPALIDAD DE SAN CARLOS DEL APA,Municipalidades,31,14,0,0,0,0,0
2026,8,30,1,238,MUNICIPALIDAD DE AZOTEY,Municipalidades,28,4,0,0,0,0,0
2026,8,30,1,241,MUNICIPALIDAD DE SARGENTO JOSE FELIX LOPEZ,Municipalidades,23,7,0,0,0,0,0
2026,8,30,1,248,MUNICIPALIDAD DE PASO BARRETO,Municipalidades,29,11,0,0,0,0,0
2026,8,30,1,249,MUNICIPALIDAD DE SAN ALFREDO,Municipalidades,29,15,0,0,0,0,0
2026,8,30,1,257,MUNICIPALIDAD DE PASO HORQUETA,Municipalidades,40,18,0,0,0,0,0
2026,8,30,1,263,MUNICIPALIDAD DE ITACUA,Municipalidades,13,1,0,0,0,0,0
2026,8,30,1,524,MUNICIPALIDAD DE ARROYITO,Municipalidades,18,5,0,0,0,0,0
2026,8,30,2,10,MUNICIPALIDAD DE CHORE,Municipalidades,54,19,1,0,1,0,0
2026,8,30,2,13,MUNICIPALIDAD DE LIMA,Municipalidades,44,16,1,0,1,0,0
2026,8,30,2,14,MUNICIPALIDAD DE NUEVA GERMANIA,Municipalidades,23,9,0,0,0,0,0
2026,8,30,2,15,MUNICIPALIDAD DE SAN ESTANISLAO,Municipalidades,94,44,3,1,2,0,0
2026,8,30,2,16,MUNICIPALIDAD DE YRYBUCUA,Municipalidades,46,13,0,0,0,0,0
2026,8,30,2,17,MUNICIPALIDAD DE SAN PABLO,Municipalidades,27,10,0,0,0,0,0
2026,8,30,2,18,MUNICIPALIDAD DE TACUATI,Municipalidades,60,23,0,0,0,0,0
2026,8,30,2,19,MUNICIPALIDAD DE UNION,Municipalidades,40,10,1,0,1,0,0
2026,8,30,2,22,MUNICIPALIDAD DE GRAL. F. RESQUIN,Municipalidades,43,14,0,0,0,0,0
2026,8,30,2,23,MUNICIPALIDAD DE YATAITY DEL NORTE,Municipalidades,33,11,0,0,0,0,0
2026,8,30,2,24,MUNICIPALIDAD DE GUAJAYVI,Municipalidades,55,21,0,0,0,0,0
2026,8,30,2,25,MUNICIPALIDAD DE CAPIIBARY,Municipalidades,60,15,0,0,0,0,0
2026,8,30,2,26,MUNICIPALIDAD DE SANTA ROSA DEL AGUARAY,Municipalidades,84,21,1,0,1,0,0
2026,8,30,2,239,MUNICIPALIDAD DE LIBERACION,Municipalidades,47,4,0,0,0,0,0
2026,8,30,2,260,MUNICIPALIDAD DE SAN JOSE DEL ROSARIO,Municipalidades,33,15,0,0,0,0,0
2026,8,30,3,27,MUNICIPALIDAD DE CAACUPE,Municipalidades,249,113,2,1,1,0,0
2026,8,30,3,28,MUNICIPALIDAD DE ALTOS,Municipalidades,83,27,0,0,0,0,0
2026,8,30,3,31,MUNICIPALIDAD DE CARAGUATAY,Municipalidades,57,22,2,1,0,1,0
2026,8,30,3,32,MUNICIPALIDAD DE EMBOSCADA,Municipalidades,81,39,0,0,0,0,0
2026,8,30,3,33,MUNICIPALIDAD DE EUSEBIO AYALA,Municipalidades,86,22,2,0,1,0,1
2026,8,30,3,34,MUNICIPALIDAD DE ISLA PUCU,Municipalidades,44,18,0,0,0,0,0
2026,8,30,3,35,MUNICIPALIDAD DE ITACURUBI DE LA CORDILLERA,Municipalidades,63,28,2,1,1,0,0
2026,8,30,3,37,MUNICIPALIDAD DE LOMA GRANDE,Municipalidades,34,10,1,0,1,0,0
2026,8,30,3,38,MUNICIPALIDAD DE MBOCAYATY DEL YHAGUY,Municipalidades,37,15,0,0,0,0,0
2026,8,30,3,39,MUNICIPALIDAD DE NUEVA COLOMBIA,Municipalidades,37,16,0,0,0,0,0
2026,8,30,3,40,MUNICIPALIDAD DE PIRIBEBUY,Municipalidades,70,27,0,0,0,0,0
2026,8,30,3,42,MUNICIPALIDAD DE SAN BERNARDINO,Municipalidades,275,120,3,0,2,0,1
2026,8,30,3,43,MUNICIPALIDAD DE SANTA ELENA,Municipalidades,38,17,0,0,0,0,0
2026,8,30,3,45,MUNICIPALIDAD DE VALENZUELA,Municipalidades,24,11,2,0,0,1,1
2026,8,30,4,47,MUNICIPALIDAD DE VILLARRICA DEL ESPIRITU SANTO,Municipalidades,422,184,7,0,7,0,0
2026,8,30,4,48,MUNICIPALIDAD DE BORJA,Municipalidades,21,8,0,0,0,0,0
2026,8,30,4,49,MUNICIPALIDAD DE CAPITAN MAURICIO JOSE TROCHE,Municipalidades,19,8,0,0,0,0,0
2026,8,30,4,50,MUNICIPALIDAD DE CORONEL MARTINEZ,Municipalidades,37,17,0,0,0,0,0
2026,8,30,4,51,MUNICIPALIDAD DE FELIX PEREZ CARDOZO,Municipalidades,51,18,0,0,0,0,0
2026,8,30,4,53,MUNICIPALIDAD DE INDEPENDENCIA,Municipalidades,69,30,0,0,0,0,0
2026,8,30,4,54,MUNICIPALIDAD DE ITAPE,Municipalidades,37,11,0,0,0,0,0
2026,8,30,4,55,MUNICIPALIDAD DE ITURBE,Municipalidades,39,13,0,0,0,0,0
2026,8,30,4,56,MUNICIPALIDAD DE JOSE A. FASSARDI,Municipalidades,36,10,0,0,0,0,0
2026,8,30,4,57,MUNICIPALIDAD DE MBOCAYATY DEL GUAIRA,Municipalidades,28,7,1,0,1,0,0
2026,8,30,4,58,MUNICIPALIDAD DE NATALICIO TALAVERA,Municipalidades,42,16,1,0,1,0,0
2026,8,30,4,59,MUNICIPALIDAD DE ÑUMI,Municipalidades,28,8,1,0,1,0,0
2026,8,30,4,60,MUNICIPALIDAD DE SAN SALVADOR,Municipalidades,45,16,0,0,0,0,0
2026,8,30,4,61,MUNICIPALIDAD DE YATAITY DEL GUAIRA,Municipalidades,27,15,1,0,1,0,0
2026,8,30,4,62,MUNICIPALIDAD DE DR. BOTRELL,Municipalidades,34,19,0,0,0,0,0
2026,8,30,4,63,MUNICIPALIDAD DE PASO YOBAI,Municipalidades,41,12,0,0,0,0,0
2026,8,30,4,234,MUNICIPALIDAD DE TEBICUARY,Municipalidades,53,20,0,0,0,0,0
2026,8,30,5,64,MUNICIPALIDAD DE CORONEL OVIEDO,Municipalidades,395,163,5,1,2,0,2
2026,8,30,5,67,MUNICIPALIDAD DE DR. CECILIO BAEZ,Municipalidades,29,12,0,0,0,0,0
2026,8,30,5,68,MUNICIPALIDAD DE SANTA.ROSA DEL MBUTUY,Municipalidades,26,8,1,0,1,0,0
2026,8,30,5,69,MUNICIPALIDAD DE DR. JUAN MANUEL FRUTOS,Municipalidades,61,26,1,0,0,0,1
2026,8,30,5,70,MUNICIPALIDAD DE REPATRIACION,Municipalidades,58,19,0,0,0,0,0
2026,8,30,5,71,MUNICIPALIDAD DE NUEVA LONDRES,Municipalidades,34,14,1,1,0,0,0
2026,8,30,5,72,MUNICIPALIDAD DE SAN JOAQUIN,Municipalidades,34,5,0,0,0,0,0
2026,8,30,5,73,MUNICIPALIDAD DE SAN JOSE DE LOS ARROYOS,Municipalidades,53,12,1,0,1,0,0
2026,8,30,5,74,MUNICIPALIDAD DE YHU,Municipalidades,61,18,0,0,0,0,0
2026,8,30,5,76,MUNICIPALIDAD DE R.I. 3 CORRALES,Municipalidades,33,7,0,0,0,0,0
2026,8,30,5,77,MUNICIPALIDAD DE RAUL ARSENIO OVIEDO,Municipalidades,36,7,0,0,0,0,0
2026,8,30,5,79,MUNICIPALIDAD DE MARISCAL FRANCISCO SOLANO LOPEZ,Municipalidades,40,13,0,0,0,0,0
2026,8,30,5,81,MUNICIPALIDAD DE 3 DE FEBRERO,Municipalidades,26,8,1,1,0,0,0
2026,8,30,5,82,MUNICIPALIDAD DE SIMON BOLIVAR,Municipalidades,34,7,0,0,0,0,0
2026,8,30,5,83,MUNICIPALIDAD DE VAQUERIA,Municipalidades,20,6,0,0,0,0,0
2026,8,30,5,233,MUNICIPALIDAD DE TEMBIAPORA,Municipalidades,35,9,0,0,0,0,0
2026,8,30,6,84,MUNICIPALIDAD DE CAAZAPA,Municipalidades,83,26,2,0,0,0,2
2026,8,30,6,85,MUNICIPALIDAD DE ABAI,Municipalidades,66,31,0,0,0,0,0
2026,8,30,6,86,MUNICIPALIDAD DE BUENA VISTA,Municipalidades,34,9,2,0,2,0,0
2026,8,30,6,87,MUNICIPALIDAD DE DR. MOISES BERTONI,Municipalidades,21,6,0,0,0,0,0
2026,8,30,6,89,MUNICIPALIDAD DE MACIEL,Municipalidades,33,11,0,0,0,0,0
2026,8,30,6,90,MUNICIPALIDAD DE SAN JUAN NEPOMUCENO,Municipalidades,81,33,0,0,0,0,0
2026,8,30,6,92,MUNICIPALIDAD DE FULGENCIO YEGROS,Municipalidades,48,16,0,0,0,0,0
2026,8,30,6,93,MUNICIPALIDAD DE YUTY,Municipalidades,75,27,0,0,0,0,0
2026,8,30,7,94,MUNICIPALIDAD DE ENCARNACION,Municipalidades,1287,488,16,0,14,0,2
2026,8,30,7,95,MUNICIPALIDAD DE BELLA VISTA,Municipalidades,78,24,1,1,0,0,0
2026,8,30,7,96,MUNICIPALIDAD DE CAMBYRETA,Municipalidades,243,103,1,0,1,0,0
2026,8,30,7,97,MUNICIPALIDAD DE CAPITAN MEZA,Municipalidades,75,26,2,0,1,0,1
2026,8,30,7,98,MUNICIPALIDAD DE CAPITAN MIRANDA,Municipalidades,66,22,1,0,1,0,0
2026,8,30,7,100,MUNICIPALIDAD DE CARMEN DEL PARANA,Municipalidades,85,26,0,0,0,0,0
2026,8,30,7,101,MUNICIPALIDAD DE CORONEL BOGADO,Municipalidades,94,26,0,0,0,0,0
2026,8,30,7,102,MUNICIPALIDAD DE CARLOS ANTONIO LOPEZ,Municipalidades,89,27,2,0,1,0,1
2026,8,30,7,103,MUNICIPALIDAD DE NATALIO,Municipalidades,81,26,0,0,0,0,0
2026,8,30,7,104,MUNICIPALIDAD DE FRAM,Municipalidades,70,27,0,0,0,0,0
2026,8,30,7,106,MUNICIPALIDAD DE GENERAL DELGADO,Municipalidades,25,6,0,0,0,0,0
2026,8,30,7,107,MUNICIPALIDAD DE HOHENAU,Municipalidades,117,39,3,0,3,0,0
2026,8,30,7,108,MUNICIPALIDAD DE JESUS,Municipalidades,18,3,0,0,0,0,0
2026,8,30,7,109,MUNICIPALIDAD DE JOSE LEANDRO OVIEDO,Municipalidades,52,26,1,0,1,0,0
2026,8,30,7,110,MUNICIPALIDAD DE OBLIGADO,Municipalidades,126,44,1,0,1,0,0
2026,8,30,7,112,MUNICIPALIDAD DE SAN COSME Y SAN DAMIAN,Municipalidades,75,24,2,0,2,0,0
2026,8,30,7,113,MUNICIPALIDAD DE SAN PEDRO DEL PARANA,Municipalidades,96,30,1,1,0,0,0
2026,8,30,7,114,MUNICIPALIDAD DE SAN RAFAEL DEL PARANA,Municipalidades,97,32,1,0,1,0,0
2026,8,30,7,115,MUNICIPALIDAD DE TRINIDAD,Municipalidades,44,17,0,0,0,0,0
2026,8,30,7,116,MUNICIPALIDAD DE EDELIRA,Municipalidades,58,28,0,0,0,0,0
2026,8,30,7,118,MUNICIPALIDAD DE ALTO VERA,Municipalidades,45,6,0,0,0,0,0
2026,8,30,7,119,MUNICIPALIDAD DE LA PAZ,Municipalidades,29,13,0,0,0,0,0
2026,8,30,7,120,MUNICIPALIDAD DE YATYTAY,Municipalidades,55,14,0,0,0,0,0
2026,8,30,7,121,MUNICIPALIDAD DE SAN JUAN DEL PARANA,Municipalidades,129,56,0,0,0,0,0
2026,8,30,7,122,MUNICIPALIDAD DE PIRAPO,Municipalidades,67,25,3,1,2,0,0
2026,8,30,8,126,MUNICIPALIDAD DE SAN IGNACIO GUAZU,Municipalidades,173,63,1,0,1,0,0
2026,8,30,8,127,MUNICIPALIDAD DE SAN MIGUEL MISIONES,Municipalidades,58,18,3,1,1,0,1
2026,8,30,8,129,MUNICIPALIDAD DE SANTA MARIA,Municipalidades,44,16,0,0,0,0,0
2026,8,30,8,130,MUNICIPALIDAD DE SANTA ROSA MISIONES,Municipalidades,114,42,0,0,0,0,0
2026,8,30,8,131,MUNICIPALIDAD DE SANTIAGO,Municipalidades,57,23,0,0,0,0,0
2026,8,30,9,137,MUNICIPALIDAD DE GENERAL CABALLERO,Municipalidades,47,15,1,0,0,0,1
2026,8,30,9,140,MUNICIPALIDAD DE LA COLMENA,Municipalidades,48,12,0,0,0,0,0
2026,8,30,9,141,MUNICIPALIDAD DE MBUYAPEY,Municipalidades,36,7,3,0,0,1,2
2026,8,30,9,142,MUNICIPALIDAD DE PIRAYU,Municipalidades,66,29,3,2,1,0,0
2026,8,30,9,143,MUNICIPALIDAD DE QUIINDY,Municipalidades,77,27,1,1,0,0,0
2026,8,30,9,144,MUNICIPALIDAD DE QUYQUYHO,Municipalidades,46,8,0,0,0,0,0
2026,8,30,9,146,MUNICIPALIDAD DE SAPUCAI,Municipalidades,25,7,1,0,1,0,0
2026,8,30,9,148,MUNICIPALIDAD DE YAGUARON,Municipalidades,104,45,1,0,1,0,0
2026,8,30,9,149,MUNICIPALIDAD DE YBYCUI,Municipalidades,63,32,1,0,1,0,0
2026,8,30,10,151,MUNICIPALIDAD DE CIUDAD DEL ESTE,Municipalidades,2372,1167,18,9,8,0,1
2026,8,30,10,152,MUNICIPALIDAD DE PRESIDENTE FRANCO,Municipalidades,564,226,2,0,2,0,0
2026,8,30,10,153,MUNICIPALIDAD DE DOMINGO MARTINEZ DE IRALA,Municipalidades,60,12,2,0,2,0,0
2026,8,30,10,154,MUNICIPALIDAD DE JUAN LEON MALLORQUIN,Municipalidades,71,28,2,1,1,0,0
2026,8,30,10,155,MUNICIPALIDAD DE HERNANDARIAS,Municipalidades,453,220,7,0,6,0,1
2026,8,30,10,156,MUNICIPALIDAD DE SANTA FE DEL PARANA,Municipalidades,72,38,2,0,1,0,1
2026,8,30,10,157,MUNICIPALIDAD DE ITAKYRY,Municipalidades,102,30,1,0,1,0,0
2026,8,30,10,158,MUNICIPALIDAD DE JUAN E. O'LEARY,Municipalidades,56,23,0,0,0,0,0
2026,8,30,10,159,MUNICIPALIDAD DE ÑACUNDAY,Municipalidades,48,14,2,0,0,0,2
2026,8,30,10,160,MUNICIPALIDAD DE YGUAZU,Municipalidades,68,16,3,0,3,0,0
2026,8,30,10,161,MUNICIPALIDAD DE LOS CEDRALES,Municipalidades,83,32,1,0,1,0,0
2026,8,30,10,162,MUNICIPALIDAD DE MINGA GUAZU,Municipalidades,265,119,12,1,9,0,2
2026,8,30,10,163,MUNICIPALIDAD DE SAN CRISTOBAL,Municipalidades,58,16,0,0,0,0,0
2026,8,30,10,164,MUNICIPALIDAD DE SANTA RITA,Municipalidades,232,92,9,0,5,1,3
2026,8,30,10,165,MUNICIPALIDAD DE NARANJAL,Municipalidades,86,27,0,0,0,0,0
2026,8,30,10,166,MUNICIPALIDAD DE STA. ROSA DEL MONDAY,Municipalidades,68,27,1,0,1,0,0
2026,8,30,10,167,MUNICIPALIDAD DE MINGA PORA,Municipalidades,88,30,2,0,2,0,0
2026,8,30,10,170,MUNICIPALIDAD DE IRUÑA,Municipalidades,45,15,1,1,0,0,0
2026,8,30,10,240,MUNICIPALIDAD DE TAVAPY,Municipalidades,52,22,1,0,1,0,0
2026,8,30,10,246,MUNICIPALIDAD DE DR. RAUL PENA,Municipalidades,26,4,1,0,1,0,0
2026,8,30,11,171,MUNICIPALIDAD DE AREGUA,Municipalidades,182,87,5,1,2,2,0
2026,8,30,11,172,MUNICIPALIDAD DE CAPIATA,Municipalidades,1218,578,1,0,1,0,0
2026,8,30,11,173,MUNICIPALIDAD DE FERNANDO DE LA MORA,Municipalidades,1104,515,15,3,9,1,2
2026,8,30,11,174,MUNICIPALIDAD DE GUARAMBARE,Municipalidades,163,72,1,0,1,0,0
2026,8,30,11,175,MUNICIPALIDAD DE ITA,Municipalidades,222,84,1,0,1,0,0
2026,8,30,11,176,MUNICIPALIDAD DE ITAUGUA,Municipalidades,417,204,3,0,2,0,1
2026,8,30,11,177,MUNICIPALIDAD DE LAMBARE,Municipalidades,863,366,3,1,2,0,0
2026,8,30,11,178,MUNICIPALIDAD DE LIMPIO,Municipalidades,293,145,12,0,0,4,8
2026,8,30,11,179,MUNICIPALIDAD DE LUQUE,Municipalidades,1085,504,19,4,10,1,4
2026,8,30,11,180,MUNICIPALIDAD DE MARIANO ROQUE ALONSO,Municipalidades,655,343,0,0,0,0,0
2026,8,30,11,181,MUNICIPALIDAD DE NUEVA ITALIA,Municipalidades,72,26,2,1,1,0,0
2026,8,30,11,182,MUNICIPALIDAD DE ÑEMBY,Municipalidades,460,208,6,2,3,0,1
2026,8,30,11,183,MUNICIPALIDAD DE SAN ANTONIO,Municipalidades,212,92,2,1,1,0,0
2026,8,30,11,184,MUNICIPALIDAD DE SAN LORENZO,Municipalidades,1387,633,17,5,10,1,1
2026,8,30,11,185,MUNICIPALIDAD DE VILLA ELISA,Municipalidades,383,163,0,0,0,0,0
2026,8,30,11,186,MUNICIPALIDAD DE VILLETA,Municipalidades,180,82,1,0,1,0,0
2026,8,30,11,188,MUNICIPALIDAD DE YPANE,Municipalidades,147,68,0,0,0,0,0
2026,8,30,12,191,MUNICIPALIDAD DE ALBERDI,Municipalidades,42,17,0,0,0,0,0
2026,8,30,12,192,MUNICIPALIDAD DE CERRITO,Municipalidades,129,61,0,0,0,0,0
2026,8,30,12,195,MUNICIPALIDAD DE GUAZU CUA,Municipalidades,40,11,0,0,0,0,0
2026,8,30,12,196,MUNICIPALIDAD DE HUMAITA,Municipalidades,50,30,0,0,0,0,0
2026,8,30,12,197,MUNICIPALIDAD DE ISLA UMBU,Municipalidades,45,13,0,0,0,0,0
2026,8,30,12,200,MUNICIPALIDAD DE PASO DE PATRIA,Municipalidades,139,76,0,0,0,0,0
2026,8,30,12,202,MUNICIPALIDAD DE TACUARAS,Municipalidades,51,22,0,0,0,0,0
2026,8,30,12,203,MUNICIPALIDAD DE VILLA FRANCA,Municipalidades,44,18,1,1,0,0,0
2026,8,30,12,205,MUNICIPALIDAD DE VILLALBIN,Municipalidades,45,20,0,0,0,0,0
2026,8,30,13,206,MUNICIPALIDAD DE PEDRO J. CABALLERO,Municipalidades,477,144,2,0,2,0,0
2026,8,30,13,207,MUNICIPALIDAD DE BELLA VISTA - NORTE,Municipalidades,36,9,0,0,0,0,0
2026,8,30,13,208,MUNICIPALIDAD DE CAPITAN BADO,Municipalidades,77,27,1,0,0,0,1
2026,8,30,13,242,MUNICIPALIDAD DE ZANJA PYTA,Municipalidades,33,9,0,0,0,0,0
2026,8,30,14,209,MUNICIPALIDAD DE SALTO DEL GUAIRA,Municipalidades,249,107,0,0,0,0,0
2026,8,30,14,210,MUNICIPALIDAD DE CORPUS CHRISTI,Municipalidades,50,10,0,0,0,0,0
2026,8,30,14,211,MUNICIPALIDAD DE VILLA CURUGUATY,Municipalidades,93,33,1,1,0,0,0
2026,8,30,14,212,MUNICIPALIDAD DE YASY CAÑY,Municipalidades,29,7,0,0,0,0,0
2026,8,30,14,213,MUNICIPALIDAD DE VILLA YGATIMI,Municipalidades,48,12,0,0,0,0,0
2026,8,30,14,214,MUNICIPALIDAD DE ITANARA,Municipalidades,28,13,1,0,0,0,1
2026,8,30,14,215,MUNICIPALIDAD DE YPE JHU,Municipalidades,36,6,0,0,0,0,0
2026,8,30,14,216,MUNICIPALIDAD DE GENERAL FRANCISCO CABALLERO ALVAREZ,Municipalidades,51,18,1,0,0,0,1
2026,8,30,14,217,MUNICIPALIDAD DE KATUETE,Municipalidades,119,38,2,0,2,0,0
2026,8,30,14,218,MUNICIPALIDAD DE LA PALOMA,Municipalidades,42,20,0,0,0,0,0
2026,8,30,14,219,MUNICIPALIDAD DE NUEVA ESPERANZA,Municipalidades,105,42,0,0,0,0,0
2026,8,30,14,244,MUNICIPALIDAD DE YVYRAROBANA,Municipalidades,19,5,0,0,0,0,0
2026,8,30,14,247,MUNICIPALIDAD DE YBY PYTA,Municipalidades,39,10,1,0,1,0,0
2026,8,30,14,251,MUNICIPALIDAD DE MARACANA,Municipalidades,41,11,0,0,0,0,0
2026,8,30,14,255,MUNICIPALIDAD DE PUERTO ADELA,Municipalidades,27,6,0,0,0,0,0
2026,8,30,14,256,MUNICIPALIDAD DE LAUREL,Municipalidades,29,8,0,0,0,0,0
2026,8,30,15,220,MUNICIPALIDAD DE BENJAMIN ACEVAL,Municipalidades,110,40,2,0,0,0,2
2026,8,30,15,221,MUNICIPALIDAD DE PUERTO PINASCO,Municipalidades,138,64,2,0,1,0,1
2026,8,30,15,222,MUNICIPALIDAD DE VILLA HAYES,Municipalidades,302,118,13,0,8,0,5
2026,8,30,15,223,MUNICIPALIDAD DE NANAWA,Municipalidades,51,21,1,0,0,0,1
2026,8,30,15,224,MUNICIPALIDAD DE JOSE FALCON,Municipalidades,117,60,0,0,0,0,0
2026,8,30,15,229,MUNICIPALIDAD DE TTE. 1RO. MANUEL IRALA FERNANDEZ,Municipalidades,44,11,0,0,0,0,0
2026,8,30,15,232,MUNICIPALIDAD DE TENIENTE ESTEBAN MARTINEZ,Municipalidades,63,25,0,0,0,0,0
2026,8,30,15,258,MUNICIPALIDAD DE CAMPO ACEVAL,Municipalidades,32,11,1,0,1,0,0
2026,8,30,15,262,MUNICIPALIDAD DE NUEVA ASUNCION,Municipalidades,140,81,0,0,0,0,0
2026,8,30,16,230,MUNICIPALIDAD DE FILADELFIA,Municipalidades,202,49,0,0,0,0,0
2026,8,30,16,231,MUNICIPALIDAD DE LOMA PLATA,Municipalidades,148,75,1,0,0,0,1
2026,8,30,16,261,MUNICIPALIDAD DE BOQUERON,Municipalidades,83,30,0,0,0,0,0
2026,8,30,17,226,MUNICIPALIDAD DE LA VICTORIA,Municipalidades,46,13,0,0,0,0,0
2026,8,30,17,227,MUNICIPALIDAD DE BAHIA NEGRA,Municipalidades,33,14,0,0,0,0,0
2026,8,30,17,235,MUNICIPALIDAD DE CARMELO PERALTA,Municipalidades,29,6,0,0,0,0,0
2026,8,40,1,1,COMPAÑIA PARAGUAYA DE COMUNICACIONES S.A.,SA del Estado,2215,792,18,2,12,0,4
2026,8,40,2,1,EMPRESA DE SERVICIOS SANITARIOS DEL PARAGUAY S.A. (ESSAP),SA del Estado,2046,530,29,0,2,5,22
2026,8,40,3,1,CAÑAS PARAGUAYAS S.A. (CAPASA),SA del Estado,111,42,0,0,0,0,0
