anho,escenario_vinculos,aumento_real_anual,sector,vinculos,masa_real,base
2025,Tendencia larga,0.0,Educación,105760.66666666669,9876774435037.25,2025
2025,Tendencia larga,0.0,Empresas públicas,9583.666666666666,1225848042202.3333,2025
2025,Tendencia larga,0.0,Entes autónomos y autárquicos,9641.916666666666,995253203319.9167,2025
2025,Tendencia larga,0.0,Fuerzas públicas,59036.583333333336,5538779160494.667,2025
2025,Tendencia larga,0.0,Gobiernos departamentales,2367.333333333333,151828701146.41666,2025
2025,Tendencia larga,0.0,Municipalidades,27958.0,1039647456654.0833,2025
2025,Tendencia larga,0.0,Otros organismos,4482.333333333333,703245393310.4166,2025
2025,Tendencia larga,0.0,Poder Judicial,28267.83333333333,2314527446960.0835,2025
2025,Tendencia larga,0.0,Poder Legislativo,4290.666666666667,577834819019.25,2025
2025,Tendencia larga,0.0,SA del Estado,4614.416666666667,350484066313.3333,2025
2025,Tendencia larga,0.0,Salud,87372.16666666667,6469351145556.0,2025
2025,Tendencia larga,0.0,Servicio civil del Ejecutivo,21875.166666666668,2045243621625.75,2025
2025,Tendencia larga,0.01,Educación,105760.66666666669,9876774435037.25,2025
2025,Tendencia larga,0.01,Empresas públicas,9583.666666666666,1225848042202.3333,2025
2025,Tendencia larga,0.01,Entes autónomos y autárquicos,9641.916666666666,995253203319.9167,2025
2025,Tendencia larga,0.01,Fuerzas públicas,59036.583333333336,5538779160494.667,2025
2025,Tendencia larga,0.01,Gobiernos departamentales,2367.333333333333,151828701146.41666,2025
2025,Tendencia larga,0.01,Municipalidades,27958.0,1039647456654.0833,2025
2025,Tendencia larga,0.01,Otros organismos,4482.333333333333,703245393310.4166,2025
2025,Tendencia larga,0.01,Poder Judicial,28267.83333333333,2314527446960.0835,2025
2025,Tendencia larga,0.01,Poder Legislativo,4290.666666666667,577834819019.25,2025
2025,Tendencia larga,0.01,SA del Estado,4614.416666666667,350484066313.3333,2025
2025,Tendencia larga,0.01,Salud,87372.16666666667,6469351145556.0,2025
2025,Tendencia larga,0.01,Servicio civil del Ejecutivo,21875.166666666668,2045243621625.75,2025
2025,Tendencia larga,0.02,Educación,105760.66666666669,9876774435037.25,2025
2025,Tendencia larga,0.02,Empresas públicas,9583.666666666666,1225848042202.3333,2025
2025,Tendencia larga,0.02,Entes autónomos y autárquicos,9641.916666666666,995253203319.9167,2025
2025,Tendencia larga,0.02,Fuerzas públicas,59036.583333333336,5538779160494.667,2025
2025,Tendencia larga,0.02,Gobiernos departamentales,2367.333333333333,151828701146.41666,2025
2025,Tendencia larga,0.02,Municipalidades,27958.0,1039647456654.0833,2025
2025,Tendencia larga,0.02,Otros organismos,4482.333333333333,703245393310.4166,2025
2025,Tendencia larga,0.02,Poder Judicial,28267.83333333333,2314527446960.0835,2025
2025,Tendencia larga,0.02,Poder Legislativo,4290.666666666667,577834819019.25,2025
2025,Tendencia larga,0.02,SA del Estado,4614.416666666667,350484066313.3333,2025
2025,Tendencia larga,0.02,Salud,87372.16666666667,6469351145556.0,2025
2025,Tendencia larga,0.02,Servicio civil del Ejecutivo,21875.166666666668,2045243621625.75,2025
2025,Tendencia reciente,0.0,Educación,105760.66666666669,9876774435037.25,2025
2025,Tendencia reciente,0.0,Empresas públicas,9583.666666666666,1225848042202.3333,2025
2025,Tendencia reciente,0.0,Entes autónomos y autárquicos,9641.916666666666,995253203319.9167,2025
2025,Tendencia reciente,0.0,Fuerzas públicas,59036.583333333336,5538779160494.667,2025
2025,Tendencia reciente,0.0,Gobiernos departamentales,2367.333333333333,151828701146.41666,2025
2025,Tendencia reciente,0.0,Municipalidades,27958.0,1039647456654.0833,2025
2025,Tendencia reciente,0.0,Otros organismos,4482.333333333333,703245393310.4166,2025
2025,Tendencia reciente,0.0,Poder Judicial,28267.83333333333,2314527446960.0835,2025
2025,Tendencia reciente,0.0,Poder Legislativo,4290.666666666667,577834819019.25,2025
2025,Tendencia reciente,0.0,SA del Estado,4614.416666666667,350484066313.3333,2025
2025,Tendencia reciente,0.0,Salud,87372.16666666667,6469351145556.0,2025
2025,Tendencia reciente,0.0,Servicio civil del Ejecutivo,21875.166666666668,2045243621625.75,2025
2025,Tendencia reciente,0.01,Educación,105760.66666666669,9876774435037.25,2025
2025,Tendencia reciente,0.01,Empresas públicas,9583.666666666666,1225848042202.3333,2025
2025,Tendencia reciente,0.01,Entes autónomos y autárquicos,9641.916666666666,995253203319.9167,2025
2025,Tendencia reciente,0.01,Fuerzas públicas,59036.583333333336,5538779160494.667,2025
2025,Tendencia reciente,0.01,Gobiernos departamentales,2367.333333333333,151828701146.41666,2025
2025,Tendencia reciente,0.01,Municipalidades,27958.0,1039647456654.0833,2025
2025,Tendencia reciente,0.01,Otros organismos,4482.333333333333,703245393310.4166,2025
2025,Tendencia reciente,0.01,Poder Judicial,28267.83333333333,2314527446960.0835,2025
2025,Tendencia reciente,0.01,Poder Legislativo,4290.666666666667,577834819019.25,2025
2025,Tendencia reciente,0.01,SA del Estado,4614.416666666667,350484066313.3333,2025
2025,Tendencia reciente,0.01,Salud,87372.16666666667,6469351145556.0,2025
2025,Tendencia reciente,0.01,Servicio civil del Ejecutivo,21875.166666666668,2045243621625.75,2025
2025,Tendencia reciente,0.02,Educación,105760.66666666669,9876774435037.25,2025
2025,Tendencia reciente,0.02,Empresas públicas,9583.666666666666,1225848042202.3333,2025
2025,Tendencia reciente,0.02,Entes autónomos y autárquicos,9641.916666666666,995253203319.9167,2025
2025,Tendencia reciente,0.02,Fuerzas públicas,59036.583333333336,5538779160494.667,2025
2025,Tendencia reciente,0.02,Gobiernos departamentales,2367.333333333333,151828701146.41666,2025
2025,Tendencia reciente,0.02,Municipalidades,27958.0,1039647456654.0833,2025
2025,Tendencia reciente,0.02,Otros organismos,4482.333333333333,703245393310.4166,2025
2025,Tendencia reciente,0.02,Poder Judicial,28267.83333333333,2314527446960.0835,2025
2025,Tendencia reciente,0.02,Poder Legislativo,4290.666666666667,577834819019.25,2025
2025,Tendencia reciente,0.02,SA del Estado,4614.416666666667,350484066313.3333,2025
2025,Tendencia reciente,0.02,Salud,87372.16666666667,6469351145556.0,2025
2025,Tendencia reciente,0.02,Servicio civil del Ejecutivo,21875.166666666668,2045243621625.75,2025
2025,"Contención (0,5% anual)",0.0,Educación,105760.66666666669,9876774435037.25,2025
2025,"Contención (0,5% anual)",0.0,Empresas públicas,9583.666666666666,1225848042202.3333,2025
2025,"Contención (0,5% anual)",0.0,Entes autónomos y autárquicos,9641.916666666666,995253203319.9167,2025
2025,"Contención (0,5% anual)",0.0,Fuerzas públicas,59036.58333333334,5538779160494.668,2025
2025,"Contención (0,5% anual)",0.0,Gobiernos departamentales,2367.333333333333,151828701146.41666,2025
2025,"Contención (0,5% anual)",0.0,Municipalidades,27958.0,1039647456654.0833,2025
2025,"Contención (0,5% anual)",0.0,Otros organismos,4482.333333333333,703245393310.4166,2025
2025,"Contención (0,5% anual)",0.0,Poder Judicial,28267.833333333325,2314527446960.083,2025
2025,"Contención (0,5% anual)",0.0,Poder Legislativo,4290.666666666667,577834819019.25,2025
2025,"Contención (0,5% anual)",0.0,SA del Estado,4614.416666666667,350484066313.3333,2025
2025,"Contención (0,5% anual)",0.0,Salud,87372.16666666667,6469351145556.0,2025
2025,"Contención (0,5% anual)",0.0,Servicio civil del Ejecutivo,21875.166666666668,2045243621625.75,2025
2025,"Contención (0,5% anual)",0.01,Educación,105760.66666666669,9876774435037.25,2025
2025,"Contención (0,5% anual)",0.01,Empresas públicas,9583.666666666666,1225848042202.3333,2025
2025,"Contención (0,5% anual)",0.01,Entes autónomos y autárquicos,9641.916666666666,995253203319.9167,2025
2025,"Contención (0,5% anual)",0.01,Fuerzas públicas,59036.58333333334,5538779160494.668,2025
2025,"Contención (0,5% anual)",0.01,Gobiernos departamentales,2367.333333333333,151828701146.41666,2025
2025,"Contención (0,5% anual)",0.01,Municipalidades,27958.0,1039647456654.0833,2025
2025,"Contención (0,5% anual)",0.01,Otros organismos,4482.333333333333,703245393310.4166,2025
2025,"Contención (0,5% anual)",0.01,Poder Judicial,28267.833333333325,2314527446960.083,2025
2025,"Contención (0,5% anual)",0.01,Poder Legislativo,4290.666666666667,577834819019.25,2025
2025,"Contención (0,5% anual)",0.01,SA del Estado,4614.416666666667,350484066313.3333,2025
2025,"Contención (0,5% anual)",0.01,Salud,87372.16666666667,6469351145556.0,2025
2025,"Contención (0,5% anual)",0.01,Servicio civil del Ejecutivo,21875.166666666668,2045243621625.75,2025
2025,"Contención (0,5% anual)",0.02,Educación,105760.66666666669,9876774435037.25,2025
2025,"Contención (0,5% anual)",0.02,Empresas públicas,9583.666666666666,1225848042202.3333,2025
2025,"Contención (0,5% anual)",0.02,Entes autónomos y autárquicos,9641.916666666666,995253203319.9167,2025
2025,"Contención (0,5% anual)",0.02,Fuerzas públicas,59036.58333333334,5538779160494.668,2025
2025,"Contención (0,5% anual)",0.02,Gobiernos departamentales,2367.333333333333,151828701146.41666,2025
2025,"Contención (0,5% anual)",0.02,Municipalidades,27958.0,1039647456654.0833,2025
2025,"Contención (0,5% anual)",0.02,Otros organismos,4482.333333333333,703245393310.4166,2025
2025,"Contención (0,5% anual)",0.02,Poder Judicial,28267.833333333325,2314527446960.083,2025
2025,"Contención (0,5% anual)",0.02,Poder Legislativo,4290.666666666667,577834819019.25,2025
2025,"Contención (0,5% anual)",0.02,SA del Estado,4614.416666666667,350484066313.3333,2025
2025,"Contención (0,5% anual)",0.02,Salud,87372.16666666667,6469351145556.0,2025
2025,"Contención (0,5% anual)",0.02,Servicio civil del Ejecutivo,21875.166666666668,2045243621625.75,2025
2026,Tendencia larga,0.0,Educación,105772.64151574964,9877892741937.287,2025
2026,Tendencia larga,0.0,Empresas públicas,9488.310883348307,1213651071631.5554,2025
2026,Tendencia larga,0.0,Entes autónomos y autárquicos,9674.4037585656,998606570020.4135,2025
2026,Tendencia larga,0.0,Fuerzas públicas,61053.845744718594,5728037589329.271,2025
2026,Tendencia larga,0.0,Gobiernos departamentales,2367.3854218237575,151832041836.86124,2025
2026,Tendencia larga,0.0,Municipalidades,28617.456089216,1064170020711.9008,2025
2026,Tendencia larga,0.0,Otros organismos,4484.253697050817,703546684365.18,2025
2026,Tendencia larga,0.0,Poder Judicial,28412.581323016617,2326379193468.6924,2025
2026,Tendencia larga,0.0,Poder Legislativo,4425.969424156645,596056380016.8479,2025
2026,Tendencia larga,0.0,SA del Estado,4468.314271210994,339386983982.7918,2025
2026,Tendencia larga,0.0,Salud,92045.54486867755,6815384965915.9795,2025
2026,Tendencia larga,0.0,Servicio civil del Ejecutivo,21798.595337933,2038084498036.9644,2025
2026,Tendencia larga,0.01,Educación,105772.64151574964,9976671669356.66,2025
2026,Tendencia larga,0.01,Empresas públicas,9488.310883348307,1225787582347.8708,2025
2026,Tendencia larga,0.01,Entes autónomos y autárquicos,9674.4037585656,1008592635720.6176,2025
2026,Tendencia larga,0.01,Fuerzas públicas,61053.845744718594,5785317965222.564,2025
2026,Tendencia larga,0.01,Gobiernos departamentales,2367.3854218237575,153350362255.2299,2025
2026,Tendencia larga,0.01,Municipalidades,28617.456089216,1074811720919.0198,2025
2026,Tendencia larga,0.01,Otros organismos,4484.253697050817,710582151208.8319,2025
2026,Tendencia larga,0.01,Poder Judicial,28412.581323016617,2349642985403.379,2025
2026,Tendencia larga,0.01,Poder Legislativo,4425.969424156645,602016943817.0165,2025
2026,Tendencia larga,0.01,SA del Estado,4468.314271210994,342780853822.6197,2025
2026,Tendencia larga,0.01,Salud,92045.54486867755,6883538815575.139,2025
2026,Tendencia larga,0.01,Servicio civil del Ejecutivo,21798.595337933,2058465343017.334,2025
2026,Tendencia larga,0.02,Educación,105772.64151574964,10075450596776.033,2025
2026,Tendencia larga,0.02,Empresas públicas,9488.310883348307,1237924093064.1865,2025
2026,Tendencia larga,0.02,Entes autónomos y autárquicos,9674.4037585656,1018578701420.8217,2025
2026,Tendencia larga,0.02,Fuerzas públicas,61053.845744718594,5842598341115.857,2025
2026,Tendencia larga,0.02,Gobiernos departamentales,2367.3854218237575,154868682673.59848,2025
2026,Tendencia larga,0.02,Municipalidades,28617.456089216,1085453421126.1388,2025
2026,Tendencia larga,0.02,Otros organismos,4484.253697050817,717617618052.4836,2025
2026,Tendencia larga,0.02,Poder Judicial,28412.581323016617,2372906777338.066,2025
2026,Tendencia larga,0.02,Poder Legislativo,4425.969424156645,607977507617.1849,2025
2026,Tendencia larga,0.02,SA del Estado,4468.314271210994,346174723662.44763,2025
2026,Tendencia larga,0.02,Salud,92045.54486867755,6951692665234.299,2025
2026,Tendencia larga,0.02,Servicio civil del Ejecutivo,21798.595337933,2078846187997.7036,2025
2026,Tendencia reciente,0.0,Educación,107014.89250501338,9993904045566.174,2025
2026,Tendencia reciente,0.0,Empresas públicas,9427.196274484624,1205833894111.59,2025
2026,Tendencia reciente,0.0,Entes autónomos y autárquicos,9837.749178089076,1015467330971.6462,2025
2026,Tendencia reciente,0.0,Fuerzas públicas,61589.42300326662,5778285147554.846,2025
2026,Tendencia reciente,0.0,Gobiernos departamentales,2407.0757388353327,154377576593.24973,2025
2026,Tendencia reciente,0.0,Municipalidades,28025.154655219587,1042144672710.3651,2025
2026,Tendencia reciente,0.0,Otros organismos,4466.03590128665,700688445141.3932,2025
2026,Tendencia reciente,0.0,Poder Judicial,28520.88040787067,2335246558767.602,2025
2026,Tendencia reciente,0.0,Poder Legislativo,4464.786762903381,601284008180.9706,2025
2026,Tendencia reciente,0.0,SA del Estado,4205.803593712951,319448210277.1557,2025
2026,Tendencia reciente,0.0,Salud,88673.78402485335,6565727601222.78,2025
2026,Tendencia reciente,0.0,Servicio civil del Ejecutivo,21289.21212317782,1990459134225.2793,2025
2026,Tendencia reciente,0.01,Educación,107014.89250501338,10093843086021.834,2025
2026,Tendencia reciente,0.01,Empresas públicas,9427.196274484624,1217892233052.706,2025
2026,Tendencia reciente,0.01,Entes autónomos y autárquicos,9837.749178089076,1025622004281.3627,2025
2026,Tendencia reciente,0.01,Fuerzas públicas,61589.42300326662,5836067999030.395,2025
2026,Tendencia reciente,0.01,Gobiernos departamentales,2407.0757388353327,155921352359.18222,2025
2026,Tendencia reciente,0.01,Municipalidades,28025.154655219587,1052566119437.4688,2025
2026,Tendencia reciente,0.01,Otros organismos,4466.03590128665,707695329592.8071,2025
2026,Tendencia reciente,0.01,Poder Judicial,28520.88040787067,2358599024355.2783,2025
2026,Tendencia reciente,0.01,Poder Legislativo,4464.786762903381,607296848262.7803,2025
2026,Tendencia reciente,0.01,SA del Estado,4205.803593712951,322642692379.9273,2025
2026,Tendencia reciente,0.01,Salud,88673.78402485335,6631384877235.008,2025
2026,Tendencia reciente,0.01,Servicio civil del Ejecutivo,21289.21212317782,2010363725567.5322,2025
2026,Tendencia reciente,0.02,Educación,107014.89250501338,10193782126477.496,2025
2026,Tendencia reciente,0.02,Empresas públicas,9427.196274484624,1229950571993.8218,2025
2026,Tendencia reciente,0.02,Entes autónomos y autárquicos,9837.749178089076,1035776677591.0791,2025
2026,Tendencia reciente,0.02,Fuerzas públicas,61589.42300326662,5893850850505.942,2025
2026,Tendencia reciente,0.02,Gobiernos departamentales,2407.0757388353327,157465128125.11472,2025
2026,Tendencia reciente,0.02,Municipalidades,28025.154655219587,1062987566164.5725,2025
2026,Tendencia reciente,0.02,Otros organismos,4466.03590128665,714702214044.2211,2025
2026,Tendencia reciente,0.02,Poder Judicial,28520.88040787067,2381951489942.954,2025
2026,Tendencia reciente,0.02,Poder Legislativo,4464.786762903381,613309688344.5901,2025
2026,Tendencia reciente,0.02,SA del Estado,4205.803593712951,325837174482.69885,2025
2026,Tendencia reciente,0.02,Salud,88673.78402485335,6697042153247.235,2025
2026,Tendencia reciente,0.02,Servicio civil del Ejecutivo,21289.21212317782,2030268316909.785,2025
2026,"Contención (0,5% anual)",0.0,Educación,106289.47000000002,9926158307212.438,2025
2026,"Contención (0,5% anual)",0.0,Empresas públicas,9631.584999999997,1231977282413.3447,2025
2026,"Contención (0,5% anual)",0.0,Entes autónomos y autárquicos,9690.126249999998,1000229469336.5162,2025
2026,"Contención (0,5% anual)",0.0,Fuerzas públicas,59331.76625,5566473056297.14,2025
2026,"Contención (0,5% anual)",0.0,Gobiernos departamentales,2379.1699999999996,152587844652.14874,2025
2026,"Contención (0,5% anual)",0.0,Municipalidades,28097.79,1044845693937.3536,2025
2026,"Contención (0,5% anual)",0.0,Otros organismos,4504.745,706761620276.9688,2025
2026,"Contención (0,5% anual)",0.0,Poder Judicial,28409.17249999999,2326100084194.884,2025
2026,"Contención (0,5% anual)",0.0,Poder Legislativo,4312.12,580723993114.3461,2025
2026,"Contención (0,5% anual)",0.0,SA del Estado,4637.48875,352236486644.89996,2025
2026,"Contención (0,5% anual)",0.0,Salud,87809.0275,6501697901283.779,2025
2026,"Contención (0,5% anual)",0.0,Servicio civil del Ejecutivo,21984.5425,2055469839733.8784,2025
2026,"Contención (0,5% anual)",0.01,Educación,106289.47000000002,10025419890284.562,2025
2026,"Contención (0,5% anual)",0.01,Empresas públicas,9631.584999999997,1244297055237.4783,2025
2026,"Contención (0,5% anual)",0.01,Entes autónomos y autárquicos,9690.126249999998,1010231764029.8813,2025
2026,"Contención (0,5% anual)",0.01,Fuerzas públicas,59331.76625,5622137786860.111,2025
2026,"Contención (0,5% anual)",0.01,Gobiernos departamentales,2379.1699999999996,154113723098.67023,2025
2026,"Contención (0,5% anual)",0.01,Municipalidades,28097.79,1055294150876.7272,2025
2026,"Contención (0,5% anual)",0.01,Otros organismos,4504.745,713829236479.7384,2025
2026,"Contención (0,5% anual)",0.01,Poder Judicial,28409.17249999999,2349361085036.8325,2025
2026,"Contención (0,5% anual)",0.01,Poder Legislativo,4312.12,586531233045.4896,2025
2026,"Contención (0,5% anual)",0.01,SA del Estado,4637.48875,355758851511.349,2025
2026,"Contención (0,5% anual)",0.01,Salud,87809.0275,6566714880296.617,2025
2026,"Contención (0,5% anual)",0.01,Servicio civil del Ejecutivo,21984.5425,2076024538131.217,2025
2026,"Contención (0,5% anual)",0.02,Educación,106289.47000000002,10124681473356.686,2025
2026,"Contención (0,5% anual)",0.02,Empresas públicas,9631.584999999997,1256616828061.6118,2025
2026,"Contención (0,5% anual)",0.02,Entes autónomos y autárquicos,9690.126249999998,1020234058723.2466,2025
2026,"Contención (0,5% anual)",0.02,Fuerzas públicas,59331.76625,5677802517423.082,2025
2026,"Contención (0,5% anual)",0.02,Gobiernos departamentales,2379.1699999999996,155639601545.1917,2025
2026,"Contención (0,5% anual)",0.02,Municipalidades,28097.79,1065742607816.1006,2025
2026,"Contención (0,5% anual)",0.02,Otros organismos,4504.745,720896852682.5082,2025
2026,"Contención (0,5% anual)",0.02,Poder Judicial,28409.17249999999,2372622085878.7812,2025
2026,"Contención (0,5% anual)",0.02,Poder Legislativo,4312.12,592338472976.633,2025
2026,"Contención (0,5% anual)",0.02,SA del Estado,4637.48875,359281216377.798,2025
2026,"Contención (0,5% anual)",0.02,Salud,87809.0275,6631731859309.455,2025
2026,"Contención (0,5% anual)",0.02,Servicio civil del Ejecutivo,21984.5425,2096579236528.5562,2025
2027,Tendencia larga,0.0,Educación,105784.61772069593,9879011175458.656,2025
2027,Tendencia larga,0.0,Empresas públicas,9393.903873159117,1201575458754.376,2025
2027,Tendencia larga,0.0,Entes autónomos y autárquicos,9707.000311184487,1001971235421.7738,2025
2027,Tendencia larga,0.0,Fuerzas públicas,63140.037409909266,5923762922123.583,2025
2027,Tendencia larga,0.0,Gobiernos departamentales,2367.437511460286,151835382600.8111,2025
2027,Tendencia larga,0.0,Municipalidades,29292.467022612702,1089271007911.2563,2025
2027,Tendencia larga,0.0,Otros organismos,4486.17488350872,703848104501.9117,2025
2027,Tendencia larga,0.0,Poder Judicial,28558.070507833978,2338291627914.05,2025
2027,Tendencia larga,0.0,Poder Legislativo,4565.538846388168,614852543434.135,2025
2027,Tendencia larga,0.0,SA del Estado,4326.837793070522,328641259240.4743,2025
2027,Tendencia larga,0.0,Salud,96968.89356646832,7179927505641.914,2025
2027,Tendencia larga,0.0,Servicio civil del Ejecutivo,21722.292037711908,2030950434079.2266,2025
2027,Tendencia larga,0.01,Educación,105784.61772069593,10077579300085.375,2025
2027,Tendencia larga,0.01,Empresas públicas,9393.903873159117,1225727125475.3389,2025
2027,Tendencia larga,0.01,Entes autónomos y autárquicos,9707.000311184487,1022110857253.7516,2025
2027,Tendencia larga,0.01,Fuerzas públicas,63140.037409909266,6042830556858.268,2025
2027,Tendencia larga,0.01,Gobiernos departamentales,2367.437511460286,154887273791.0874,2025
2027,Tendencia larga,0.01,Municipalidades,29292.467022612702,1111165355170.2725,2025
2027,Tendencia larga,0.01,Otros organismos,4486.17488350872,717995451402.4003,2025
2027,Tendencia larga,0.01,Poder Judicial,28558.070507833978,2385291289635.1226,2025
2027,Tendencia larga,0.01,Poder Legislativo,4565.538846388168,627211079557.1611,2025
2027,Tendencia larga,0.01,SA del Estado,4326.837793070522,335246948551.2079,2025
2027,Tendencia larga,0.01,Salud,96968.89356646832,7324244048505.315,2025
2027,Tendencia larga,0.01,Servicio civil del Ejecutivo,21722.292037711908,2071772537804.219,2025
2027,Tendencia larga,0.02,Educación,105784.61772069593,10278123226947.186,2025
2027,Tendencia larga,0.02,Empresas públicas,9393.903873159117,1250119107288.0527,2025
2027,Tendencia larga,0.02,Entes autónomos y autárquicos,9707.000311184487,1042450873332.8134,2025
2027,Tendencia larga,0.02,Fuerzas públicas,63140.037409909266,6163082944177.376,2025
2027,Tendencia larga,0.02,Gobiernos departamentales,2367.437511460286,157969532057.88385,2025
2027,Tendencia larga,0.02,Municipalidades,29292.467022612702,1133277556630.871,2025
2027,Tendencia larga,0.02,Otros organismos,4486.17488350872,732283567923.789,2025
2027,Tendencia larga,0.02,Poder Judicial,28558.070507833978,2432758609681.7773,2025
2027,Tendencia larga,0.02,Poder Legislativo,4565.538846388168,639692586188.8741,2025
2027,Tendencia larga,0.02,SA del Estado,4326.837793070522,341918366113.7895,2025
2027,Tendencia larga,0.02,Salud,96968.89356646832,7469996576869.847,2025
2027,Tendencia larga,0.02,Servicio civil del Ejecutivo,21722.292037711908,2113000831616.0273,2025
2027,Tendencia reciente,0.0,Educación,108283.99232726313,10112422707323.6,2025
2027,Tendencia reciente,0.0,Empresas públicas,9273.28053956281,1186146512561.2397,2025
2027,Tendencia reciente,0.0,Entes autónomos y autárquicos,10037.559153106728,1036092018423.9946,2025
2027,Tendencia reciente,0.0,Fuerzas públicas,64252.65168984724,6028147770287.887,2025
2027,Tendencia reciente,0.0,Gobiernos departamentales,2447.4853333524347,156969242144.9471,2025
2027,Tendencia reciente,0.0,Municipalidades,28092.470614814225,1044647887038.4569,2025
2027,Tendencia reciente,0.0,Otros organismos,4449.7977254959305,698140793846.5493,2025
2027,Tendencia reciente,0.0,Poder Judicial,28776.19270101097,2356151143248.886,2025
2027,Tendencia reciente,0.0,Poder Legislativo,4645.972849175866,625684791906.1262,2025
2027,Tendencia reciente,0.0,SA del Estado,3833.3737819273874,291160622857.09607,2025
2027,Tendencia reciente,0.0,Salud,89994.7920861869,6663539814664.631,2025
2027,Tendencia reciente,0.0,Servicio civil del Ejecutivo,20718.953127625453,1937142119955.1472,2025
2027,Tendencia reciente,0.01,Educación,108283.99232726313,10315682403740.805,2025
2027,Tendencia reciente,0.01,Empresas públicas,9273.28053956281,1209988057463.7207,2025
2027,Tendencia reciente,0.01,Entes autónomos y autárquicos,10037.559153106728,1056917467994.3169,2025
2027,Tendencia reciente,0.01,Fuerzas públicas,64252.65168984724,6149313540470.673,2025
2027,Tendencia reciente,0.01,Gobiernos departamentales,2447.4853333524347,160124323912.06055,2025
2027,Tendencia reciente,0.01,Municipalidades,28092.470614814225,1065645309567.93,2025
2027,Tendencia reciente,0.01,Otros organismos,4449.7977254959305,712173423802.865,2025
2027,Tendencia reciente,0.01,Poder Judicial,28776.19270101097,2403509781228.189,2025
2027,Tendencia reciente,0.01,Poder Legislativo,4645.972849175866,638261056223.4393,2025
2027,Tendencia reciente,0.01,SA del Estado,3833.3737819273874,297012951376.5237,2025
2027,Tendencia reciente,0.01,Salud,89994.7920861869,6797476964939.39,2025
2027,Tendencia reciente,0.01,Servicio civil del Ejecutivo,20718.953127625453,1976078676566.2458,2025
2027,Tendencia reciente,0.02,Educación,108283.99232726313,10520964584699.473,2025
2027,Tendencia reciente,0.02,Empresas públicas,9273.28053956281,1234066831668.7139,2025
2027,Tendencia reciente,0.02,Entes autónomos y autárquicos,10037.559153106728,1077950135968.3241,2025
2027,Tendencia reciente,0.02,Fuerzas públicas,64252.65168984724,6271684940207.517,2025
2027,Tendencia reciente,0.02,Gobiernos departamentales,2447.4853333524347,163310799527.60297,2025
2027,Tendencia reciente,0.02,Municipalidades,28092.470614814225,1086851661674.8105,2025
2027,Tendencia reciente,0.02,Otros organismos,4449.7977254959305,726345681917.95,2025
2027,Tendencia reciente,0.02,Poder Judicial,28776.19270101097,2451339649436.1416,2025
2027,Tendencia reciente,0.02,Poder Legislativo,4645.972849175866,650962457499.1338,2025
2027,Tendencia reciente,0.02,SA del Estado,3833.3737819273874,302923512020.5227,2025
2027,Tendencia reciente,0.02,Salud,89994.7920861869,6932746823177.082,2025
2027,Tendencia reciente,0.02,Servicio civil del Ejecutivo,20718.953127625453,2015402661601.335,2025
2027,"Contención (0,5% anual)",0.0,Educación,106820.91734999999,9975789098748.496,2025
2027,"Contención (0,5% anual)",0.0,Empresas públicas,9679.742924999997,1238137168825.4116,2025
2027,"Contención (0,5% anual)",0.0,Entes autónomos y autárquicos,9738.576881249995,1005230616683.1986,2025
2027,"Contención (0,5% anual)",0.0,Fuerzas públicas,59628.42508124999,5594305421578.625,2025
2027,"Contención (0,5% anual)",0.0,Gobiernos departamentales,2391.065849999999,153350783875.40942,2025
2027,"Contención (0,5% anual)",0.0,Municipalidades,28238.278949999993,1050069922407.0402,2025
2027,"Contención (0,5% anual)",0.0,Otros organismos,4527.268724999998,710295428378.3534,2025
2027,"Contención (0,5% anual)",0.0,Poder Judicial,28551.218362499985,2337730584615.8574,2025
2027,"Contención (0,5% anual)",0.0,Poder Legislativo,4333.680599999999,583627613079.9177,2025
2027,"Contención (0,5% anual)",0.0,SA del Estado,4660.67619375,353997669078.12445,2025
2027,"Contención (0,5% anual)",0.0,Salud,88248.07263749998,6534206390790.197,2025
2027,"Contención (0,5% anual)",0.0,Servicio civil del Ejecutivo,22094.465212499996,2065747188932.5476,2025
2027,"Contención (0,5% anual)",0.01,Educación,106820.91734999999,10176302459633.34,2025
2027,"Contención (0,5% anual)",0.01,Empresas públicas,9679.742924999997,1263023725918.8022,2025
2027,"Contención (0,5% anual)",0.01,Entes autónomos y autárquicos,9738.576881249995,1025435752078.531,2025
2027,"Contención (0,5% anual)",0.01,Fuerzas públicas,59628.42508124999,5706750960552.355,2025
2027,"Contención (0,5% anual)",0.01,Gobiernos departamentales,2391.065849999999,156433134631.30518,2025
2027,"Contención (0,5% anual)",0.01,Municipalidades,28238.278949999993,1071176327847.4216,2025
2027,"Contención (0,5% anual)",0.01,Otros organismos,4527.268724999998,724572366488.7582,2025
2027,"Contención (0,5% anual)",0.01,Poder Judicial,28551.218362499985,2384718969366.6367,2025
2027,"Contención (0,5% anual)",0.01,Poder Legislativo,4333.680599999999,595358528102.8241,2025
2027,"Contención (0,5% anual)",0.01,SA del Estado,4660.67619375,361113022226.5947,2025
2027,"Contención (0,5% anual)",0.01,Salud,88248.07263749998,6665543939245.079,2025
2027,"Contención (0,5% anual)",0.01,Servicio civil del Ejecutivo,22094.465212499996,2107268707430.0918,2025
2027,"Contención (0,5% anual)",0.02,Educación,106820.91734999999,10378810978337.934,2025
2027,"Contención (0,5% anual)",0.02,Empresas públicas,9679.742924999997,1288157910445.9583,2025
2027,"Contención (0,5% anual)",0.02,Entes autónomos y autárquicos,9738.576881249995,1045841933597.1998,2025
2027,"Contención (0,5% anual)",0.02,Fuerzas públicas,59628.42508124999,5820315360610.4,2025
2027,"Contención (0,5% anual)",0.02,Gobiernos departamentales,2391.065849999999,159546155543.97598,2025
2027,"Contención (0,5% anual)",0.02,Municipalidades,28238.278949999993,1092492747272.2844,2025
2027,"Contención (0,5% anual)",0.02,Otros organismos,4527.268724999998,738991363684.8387,2025
2027,"Contención (0,5% anual)",0.02,Poder Judicial,28551.218362499985,2432174900234.3384,2025
2027,"Contención (0,5% anual)",0.02,Poder Legislativo,4333.680599999999,607206168648.3464,2025
2027,"Contención (0,5% anual)",0.02,SA del Estado,4660.67619375,368299174908.8806,2025
2027,"Contención (0,5% anual)",0.02,Salud,88248.07263749998,6798188328978.12,2025
2027,"Contención (0,5% anual)",0.02,Servicio civil del Ejecutivo,22094.465212499996,2149203375365.4224,2025
2028,Tendencia larga,0.0,Educación,105796.59528165906,9880129735615.691,2025
2028,Tendencia larga,0.0,Empresas públicas,9300.436195974764,1189619996083.2717,2025
2028,Tendencia larga,0.0,Entes autónomos y autárquicos,9739.706693335938,1005347237593.393,2025
2028,Tendencia larga,0.0,Fuerzas públicas,65297.513620910664,6126176131053.484,2025
2028,Tendencia larga,0.0,Gobiernos departamentales,2367.4896022429443,151838723438.26788,2025
2028,Tendencia larga,0.0,Municipalidades,29983.39969827694,1114964061741.0552,2025
2028,Tendencia larga,0.0,Otros organismos,4488.09689305953,704149653775.9148,2025
2028,Tendencia larga,0.0,Poder Judicial,28704.30468314193,2350265061054.209,2025
2028,Tendencia larga,0.0,Poder Legislativo,4709.5094792371265,634241428900.9696,2025
2028,Tendencia larga,0.0,SA del Estado,4189.840765714429,318235767346.46045,2025
2028,Tendencia larga,0.0,Salud,102155.58322698162,7563968762451.9795,2025
2028,Tendencia larga,0.0,Servicio civil del Ejecutivo,21646.255827802568,2023841342034.3809,2025
2028,Tendencia larga,0.01,Educación,105796.59528165906,10179507546734.584,2025
2028,Tendencia larga,0.01,Empresas públicas,9300.436195974764,1225666671584.591,2025
2028,Tendencia larga,0.01,Entes autónomos y autárquicos,9739.706693335938,1035810264239.7104,2025
2028,Tendencia larga,0.01,Fuerzas públicas,65297.513620910664,6311805394000.537,2025
2028,Tendencia larga,0.01,Gobiernos departamentales,2367.4896022429443,156439588597.17087,2025
2028,Tendencia larga,0.01,Municipalidades,29983.39969827694,1148748587775.871,2025
2028,Tendencia larga,0.01,Otros organismos,4488.09689305953,725486092434.9789,2025
2028,Tendencia larga,0.01,Poder Judicial,28704.30468314193,2421480442669.2124,2025
2028,Tendencia larga,0.01,Poder Legislativo,4709.5094792371265,653459578438.0979,2025
2028,Tendencia larga,0.01,SA del Estado,4189.840765714429,327878629332.8256,2025
2028,Tendencia larga,0.01,Salud,102155.58322698162,7793164579923.038,2025
2028,Tendencia larga,0.01,Servicio civil del Ejecutivo,21646.255827802568,2085165758539.3647,2025
2028,Tendencia larga,0.02,Educación,105796.59528165906,10484872716473.258,2025
2028,Tendencia larga,0.02,Empresas públicas,9300.436195974764,1262434256803.5369,2025
2028,Tendencia larga,0.02,Entes autónomos y autárquicos,9739.706693335938,1066882531312.0095,2025
2028,Tendencia larga,0.02,Fuerzas públicas,65297.513620910664,6501147119683.008,2025
2028,Tendencia larga,0.02,Gobiernos departamentales,2367.4896022429443,161132468022.47742,2025
2028,Tendencia larga,0.02,Municipalidades,29983.39969827694,1183208782032.102,2025
2028,Tendencia larga,0.02,Otros organismos,4488.09689305953,747249245784.231,2025
2028,Tendencia larga,0.02,Poder Judicial,28704.30468314193,2494120084911.215,2025
2028,Tendencia larga,0.02,Poder Legislativo,4709.5094792371265,673062078281.1401,2025
2028,Tendencia larga,0.02,SA del Estado,4189.840765714429,337714342194.20264,2025
2028,Tendencia larga,0.02,Salud,102155.58322698162,8026944162464.142,2025
2028,Tendencia larga,0.02,Servicio civil del Ejecutivo,21646.255827802568,2147716622897.6213,2025
2028,Tendencia reciente,0.0,Educación,109568.1425254104,10232346893200.602,2025
2028,Tendencia reciente,0.0,Empresas públicas,9121.877752580845,1166780562506.7217,2025
2028,Tendencia reciente,0.0,Entes autónomos y autárquicos,10241.4273761437,1057135604367.248,2025
2028,Tendencia reciente,0.0,Fuerzas públicas,67031.0427970378,6288814866778.238,2025
2028,Tendencia reciente,0.0,Gobiernos departamentales,2488.573317544897,159604416154.8032,2025
2028,Tendencia reciente,0.0,Municipalidades,28159.94826623436,1047157114046.1089,2025
2028,Tendencia reciente,0.0,Otros organismos,4433.618590509817,695602405623.1394,2025
2028,Tendencia reciente,0.0,Poder Judicial,29033.790490464715,2377242860712.2085,2025
2028,Tendencia reciente,0.0,Poder Legislativo,4834.511671335202,651075786976.1718,2025
2028,Tendencia reciente,0.0,SA del Estado,3493.9231527441625,265377941009.53363,2025
2028,Tendencia reciente,0.0,Salud,91335.47972156029,6762809174926.982,2025
2028,Tendencia reciente,0.0,Servicio civil del Ejecutivo,20163.969254521344,1885253270655.5,2025
2028,Tendencia reciente,0.01,Educación,109568.1425254104,10542397236411.475,2025
2028,Tendencia reciente,0.01,Empresas públicas,9121.877752580845,1202135180331.2378,2025
2028,Tendencia reciente,0.01,Entes autónomos y autárquicos,10241.4273761437,1089167870315.18,2025
2028,Tendencia reciente,0.01,Fuerzas públicas,67031.0427970378,6479372246056.486,2025
2028,Tendencia reciente,0.01,Gobiernos departamentales,2488.573317544897,164440589568.70993,2025
2028,Tendencia reciente,0.01,Municipalidades,28159.94826623436,1078887021758.8202,2025
2028,Tendencia reciente,0.01,Otros organismos,4433.618590509817,716679854115.9261,2025
2028,Tendencia reciente,0.01,Poder Judicial,29033.790490464715,2449275696634.6494,2025
2028,Tendencia reciente,0.01,Poder Legislativo,4834.511671335202,670804034397.3369,2025
2028,Tendencia reciente,0.01,SA del Estado,3493.9231527441625,273419158000.06357,2025
2028,Tendencia reciente,0.01,Salud,91335.47972156029,6967729055736.445,2025
2028,Tendencia reciente,0.01,Servicio civil del Ejecutivo,20163.969254521344,1942378330009.6328,2025
2028,Tendencia reciente,0.02,Educación,109568.1425254104,10858648381839.625,2025
2028,Tendencia reciente,0.02,Empresas públicas,9121.877752580845,1238196867176.633,2025
2028,Tendencia reciente,0.02,Entes autónomos y autárquicos,10241.4273761437,1121840760439.3586,2025
2028,Tendencia reciente,0.02,Fuerzas públicas,67031.0427970378,6673740647144.002,2025
2028,Tendencia reciente,0.02,Gobiernos departamentales,2488.573317544897,169373483258.80643,2025
2028,Tendencia reciente,0.02,Municipalidades,28159.94826623436,1111251506682.6433,2025
2028,Tendencia reciente,0.02,Otros organismos,4433.618590509817,738178837666.5206,2025
2028,Tendencia reciente,0.02,Poder Judicial,29033.790490464715,2522749141730.6816,2025
2028,Tendencia reciente,0.02,Poder Legislativo,4834.511671335202,690926833745.4094,2025
2028,Tendencia reciente,0.02,SA del Estado,3493.9231527441625,281621194022.8452,2025
2028,Tendencia reciente,0.02,Salud,91335.47972156029,7176747198905.914,2025
2028,Tendencia reciente,0.02,Servicio civil del Ejecutivo,20163.969254521344,2000645852845.782,2025
2028,"Contención (0,5% anual)",0.0,Educación,107355.02193674998,10025668044242.238,2025
2028,"Contención (0,5% anual)",0.0,Empresas públicas,9728.141639624995,1244327854669.5383,2025
2028,"Contención (0,5% anual)",0.0,Entes autónomos y autárquicos,9787.269765656245,1010256769766.6145,2025
2028,"Contención (0,5% anual)",0.0,Fuerzas públicas,59926.56720665623,5622276948686.517,2025
2028,"Contención (0,5% anual)",0.0,Gobiernos departamentales,2403.021179249999,154117537794.7865,2025
2028,"Contención (0,5% anual)",0.0,Municipalidades,28379.470344749992,1055320272019.0754,2025
2028,"Contención (0,5% anual)",0.0,Otros organismos,4549.905068624998,713846905520.2451,2025
2028,"Contención (0,5% anual)",0.0,Poder Judicial,28693.974454312483,2349419237538.9365,2025
2028,"Contención (0,5% anual)",0.0,Poder Legislativo,4355.349002999998,586545751145.3173,2025
2028,"Contención (0,5% anual)",0.0,SA del Estado,4683.979574718749,355767657423.515,2025
2028,"Contención (0,5% anual)",0.0,Salud,88689.31300068749,6566877422744.148,2025
2028,"Contención (0,5% anual)",0.0,Servicio civil del Ejecutivo,22204.937538562495,2076075924877.2104,2025
2028,"Contención (0,5% anual)",0.01,Educación,107355.02193674998,10329455811650.824,2025
2028,"Contención (0,5% anual)",0.01,Empresas públicas,9728.141639624995,1282032232993.8801,2025
2028,"Contención (0,5% anual)",0.01,Entes autónomos y autárquicos,9787.269765656245,1040868560147.3129,2025
2028,"Contención (0,5% anual)",0.01,Fuerzas públicas,59926.56720665623,5792637562508.668,2025
2028,"Contención (0,5% anual)",0.01,Gobiernos departamentales,2403.021179249999,158787453307.50635,2025
2028,"Contención (0,5% anual)",0.01,Municipalidades,28379.470344749992,1087297531581.5256,2025
2028,"Contención (0,5% anual)",0.01,Otros organismos,4549.905068624998,735477180604.4141,2025
2028,"Contención (0,5% anual)",0.01,Poder Judicial,28693.974454312483,2420608989855.604,2025
2028,"Contención (0,5% anual)",0.01,Poder Legislativo,4355.349002999998,604318673950.7716,2025
2028,"Contención (0,5% anual)",0.01,SA del Estado,4683.979574718749,366547773211.105,2025
2028,"Contención (0,5% anual)",0.01,Salud,88689.31300068749,6765860375530.72,2025
2028,"Contención (0,5% anual)",0.01,Servicio civil del Ejecutivo,22204.937538562495,2138983101476.9148,2025
2028,"Contención (0,5% anual)",0.02,Educación,107355.02193674998,10639319133894.219,2025
2028,"Contención (0,5% anual)",0.02,Empresas públicas,9728.141639624995,1320490673998.1514,2025
2028,"Contención (0,5% anual)",0.02,Entes autónomos y autárquicos,9787.269765656245,1072092566130.4895,2025
2028,"Contención (0,5% anual)",0.02,Fuerzas públicas,59926.56720665623,5966405276161.723,2025
2028,"Contención (0,5% anual)",0.02,Gobiernos departamentales,2403.021179249999,163550764048.1298,2025
2028,"Contención (0,5% anual)",0.02,Municipalidades,28379.470344749992,1119914315228.819,2025
2028,"Contención (0,5% anual)",0.02,Otros organismos,4549.905068624998,757540046913.3284,2025
2028,"Contención (0,5% anual)",0.02,Poder Judicial,28693.974454312483,2493222490230.22,2025
2028,"Contención (0,5% anual)",0.02,Poder Legislativo,4355.349002999998,622447043481.4199,2025
2028,"Contención (0,5% anual)",0.02,SA del Estado,4683.979574718749,377543484199.09357,2025
2028,"Contención (0,5% anual)",0.02,Salud,88689.31300068749,6968822856035.474,2025
2028,"Contención (0,5% anual)",0.02,Servicio civil del Ejecutivo,22204.937538562495,2203148380087.095,2025
2029,Tendencia larga,0.0,Educación,105808.5741987926,9881248422422.732,2025
2029,Tendencia larga,0.0,Empresas públicas,9207.89850559847,1177783488145.005,2025
2029,Tendencia larga,0.0,Entes autónomos y autárquicos,9772.523275075228,1008734614732.935,2025
2029,Tendencia larga,0.0,Fuerzas públicas,67528.71014935216,6335505738848.083,2025
2029,Tendencia larga,0.0,Gobiernos departamentales,2367.541694171757,151842064349.23322,2025
2029,Tendencia larga,0.0,Municipalidades,30690.62966846171,1141263147504.4197,2025
2029,Tendencia larga,0.0,Otros organismos,4490.019726055883,704451332242.5149,2025
2029,Tendencia larga,0.0,Poder Judicial,28851.287663731462,2362299805238.487,2025
2029,Tendencia larga,0.0,Poder Legislativo,4858.0201113764915,654241727435.3119,2025
2029,Tendencia larga,0.0,SA del Estado,4057.181360058523,308159735794.1172,2025
2029,Tendencia larga,0.0,Salud,107619.69947910635,7968551687240.777,2025
2029,Tendencia larga,0.0,Servicio civil del Ejecutivo,21570.48577328822,2016757134491.3203,2025
2029,Tendencia larga,0.01,Educación,105808.5741987926,10282466732179.27,2025
2029,Tendencia larga,0.01,Empresas públicas,9207.89850559847,1225606220675.4795,2025
2029,Tendencia larga,0.01,Entes autónomos y autárquicos,9772.523275075228,1049693285116.8975,2025
2029,Tendencia larga,0.01,Fuerzas públicas,67528.71014935216,6592752677223.328,2025
2029,Tendencia larga,0.01,Gobiernos departamentales,2367.541694171757,158007461048.4901,2025
2029,Tendencia larga,0.01,Municipalidades,30690.62966846171,1187603007758.3206,2025
2029,Tendencia larga,0.01,Otros organismos,4490.019726055883,733054881181.4033,2025
2029,Tendencia larga,0.01,Poder Judicial,28851.287663731462,2458218650153.3887,2025
2029,Tendencia larga,0.01,Poder Legislativo,4858.0201113764915,680806565078.5126,2025
2029,Tendencia larga,0.01,SA del Estado,4057.181360058523,320672256787.89886,2025
2029,Tendencia larga,0.01,Salud,107619.69947910635,8292106839635.019,2025
2029,Tendencia larga,0.01,Servicio civil del Ejecutivo,21570.48577328822,2098645561347.777,2025
2029,Tendencia larga,0.02,Educación,105808.5741987926,10695781073379.633,2025
2029,Tendencia larga,0.02,Empresas públicas,9207.89850559847,1274870725085.1318,2025
2029,Tendencia larga,0.02,Entes autónomos y autárquicos,9772.523275075228,1091886787892.1387,2025
2029,Tendencia larga,0.02,Fuerzas públicas,67528.71014935216,6857755161593.727,2025
2029,Tendencia larga,0.02,Gobiernos departamentales,2367.541694171757,164358733692.3995,2025
2029,Tendencia larga,0.02,Municipalidades,30690.62966846171,1235339933881.6074,2025
2029,Tendencia larga,0.02,Otros organismos,4490.019726055883,762520777174.1431,2025
2029,Tendencia larga,0.02,Poder Judicial,28851.287663731462,2557029280751.8745,2025
2029,Tendencia larga,0.02,Poder Legislativo,4858.0201113764915,708172286189.9359,2025
2029,Tendencia larga,0.02,SA del Estado,4057.181360058523,333562008440.6556,2025
2029,Tendencia larga,0.02,Salud,107619.69947910635,8625416614891.678,2025
2029,Tendencia larga,0.02,Servicio civil del Ejecutivo,21570.48577328822,2183002781282.8503,2025
2029,Tendencia reciente,0.0,Educación,110867.52158329918,10353693271441.838,2025
2029,Tendencia reciente,0.0,Empresas públicas,8972.94688519714,1147730796007.5586,2025
2029,Tendencia reciente,0.0,Entes autónomos y autárquicos,10449.436272399158,1078606596854.9745,2025
2029,Tendencia reciente,0.0,Fuerzas públicas,69929.5761386964,6560753640371.07,2025
2029,Tendencia reciente,0.0,Gobiernos departamentales,2530.351080107834,162283829035.71036,2025
2029,Tendencia reciente,0.0,Municipalidades,28227.5879978611,1049672368175.6785,2025
2029,Tendencia reciente,0.0,Otros organismos,4417.498281660317,693073246791.3214,2025
2029,Tendencia reciente,0.0,Poder Judicial,29293.69423546376,2398523386328.533,2025
2029,Tendencia reciente,0.0,Poder Legislativo,5030.70161170276,677497177285.1414,2025
2029,Tendencia reciente,0.0,SA del Estado,3184.531353251934,241878351829.96185,2025
2029,Tendencia reciente,0.0,Salud,92696.14010528917,6863557389696.245,2025
2029,Tendencia reciente,0.0,Servicio civil del Ejecutivo,19623.851340016026,1834754331086.2256,2025
2029,Tendencia reciente,0.01,Educación,110867.52158329918,10774094736572.396,2025
2029,Tendencia reciente,0.01,Empresas públicas,8972.94688519714,1194333268725.9575,2025
2029,Tendencia reciente,0.01,Entes autónomos y autárquicos,10449.436272399158,1122402349899.7397,2025
2029,Tendencia reciente,0.01,Fuerzas públicas,69929.5761386964,6827146546792.234,2025
2029,Tendencia reciente,0.01,Gobiernos departamentales,2530.351080107834,168873203252.71463,2025
2029,Tendencia reciente,0.01,Municipalidades,28227.5879978611,1092293275509.8074,2025
2029,Tendencia reciente,0.01,Otros organismos,4417.498281660317,721214799834.7688,2025
2029,Tendencia reciente,0.01,Poder Judicial,29293.69423546376,2495913053892.251,2025
2029,Tendencia reciente,0.01,Poder Legislativo,5030.70161170276,705006279446.599,2025
2029,Tendencia reciente,0.01,SA del Estado,3184.531353251934,251699582846.44913,2025
2029,Tendencia reciente,0.01,Salud,92696.14010528917,7142245342583.045,2025
2029,Tendencia reciente,0.01,Servicio civil del Ejecutivo,19623.851340016026,1909252714293.1938,2025
2029,Tendencia reciente,0.02,Educación,110867.52158329918,11207170571784.254,2025
2029,Tendencia reciente,0.02,Empresas públicas,8972.94688519714,1242340724620.9812,2025
2029,Tendencia reciente,0.02,Entes autónomos y autárquicos,10449.436272399158,1167518468423.9792,2025
2029,Tendencia reciente,0.02,Fuerzas públicas,69929.5761386964,7101570734174.721,2025
2029,Tendencia reciente,0.02,Gobiernos departamentales,2530.351080107834,175661235596.19467,2025
2029,Tendencia reciente,0.02,Municipalidades,28227.5879978611,1136199128776.7148,2025
2029,Tendencia reciente,0.02,Otros organismos,4417.498281660317,750204771562.5431,2025
2029,Tendencia reciente,0.02,Poder Judicial,29293.69423546376,2596238849874.109,2025
2029,Tendencia reciente,0.02,Poder Legislativo,5030.70161170276,733344733002.6584,2025
2029,Tendencia reciente,0.02,SA del Estado,3184.531353251934,261816906828.54553,2025
2029,Tendencia reciente,0.02,Salud,92696.14010528917,7429335250612.867,2025
2029,Tendencia reciente,0.02,Servicio civil del Ejecutivo,19623.851340016026,1985997093667.018,2025
2029,"Contención (0,5% anual)",0.0,Educación,107891.79704643373,10075796384463.447,2025
2029,"Contención (0,5% anual)",0.0,Empresas públicas,9776.78234782312,1250549493942.886,2025
2029,"Contención (0,5% anual)",0.0,Entes autónomos y autárquicos,9836.206114484527,1015308053615.4476,2025
2029,"Contención (0,5% anual)",0.0,Fuerzas públicas,60226.20004268951,5650388333429.949,2025
2029,"Contención (0,5% anual)",0.0,Gobiernos departamentales,2415.0362851462487,154888125483.7604,2025
2029,"Contención (0,5% anual)",0.0,Municipalidades,28521.36769647374,1060596873379.1707,2025
2029,"Contención (0,5% anual)",0.0,Otros organismos,4572.654593968123,717416140047.8463,2025
2029,"Contención (0,5% anual)",0.0,Poder Judicial,28837.444326584042,2361166333726.6313,2025
2029,"Contención (0,5% anual)",0.0,Poder Legislativo,4377.125748014998,589478479901.0438,2025
2029,"Contención (0,5% anual)",0.0,SA del Estado,4707.399472592342,357546495710.63257,2025
2029,"Contención (0,5% anual)",0.0,Salud,89132.75956569091,6599711809857.868,2025
2029,"Contención (0,5% anual)",0.0,Servicio civil del Ejecutivo,22315.962226255306,2086456304501.5962,2025
2029,"Contención (0,5% anual)",0.01,Educación,107891.79704643373,10484914121616.166,2025
2029,"Contención (0,5% anual)",0.01,Empresas públicas,9776.78234782312,1301326818100.438,2025
2029,"Contención (0,5% anual)",0.01,Entes autónomos y autárquicos,9836.206114484527,1056533631977.5298,2025
2029,"Contención (0,5% anual)",0.01,Fuerzas públicas,60226.20004268951,5879816757824.422,2025
2029,"Contención (0,5% anual)",0.01,Gobiernos departamentales,2415.0362851462487,161177204479.78427,2025
2029,"Contención (0,5% anual)",0.01,Municipalidades,28521.36769647374,1103661359431.8271,2025
2029,"Contención (0,5% anual)",0.01,Otros organismos,4572.654593968123,746546112172.5105,2025
2029,"Contención (0,5% anual)",0.01,Poder Judicial,28837.444326584042,2457039155152.9307,2025
2029,"Contención (0,5% anual)",0.01,Poder Legislativo,4377.125748014998,613413669993.7306,2025
2029,"Contención (0,5% anual)",0.01,SA del Estado,4707.399472592342,372064317197.932,2025
2029,"Contención (0,5% anual)",0.01,Salud,89132.75956569091,6867686574182.455,2025
2029,"Contención (0,5% anual)",0.01,Servicio civil del Ejecutivo,22315.962226255306,2171174797154.1423,2025
2029,"Contención (0,5% anual)",0.02,Educación,107891.79704643373,10906366044154.96,2025
2029,"Contención (0,5% anual)",0.02,Empresas públicas,9776.78234782312,1353634989915.505,2025
2029,"Contención (0,5% anual)",0.02,Entes autónomos y autárquicos,9836.206114484527,1099002089540.3647,2025
2029,"Contención (0,5% anual)",0.02,Fuerzas públicas,60226.20004268951,6116162048593.38,2025
2029,"Contención (0,5% anual)",0.02,Gobiernos departamentales,2415.0362851462487,167655888225.73782,2025
2029,"Contención (0,5% anual)",0.02,Municipalidades,28521.36769647374,1148024164541.0623,2025
2029,"Contención (0,5% anual)",0.02,Otros organismos,4572.654593968123,776554302090.8528,2025
2029,"Contención (0,5% anual)",0.02,Poder Judicial,28837.444326584042,2555802374734.998,2025
2029,"Contención (0,5% anual)",0.02,Poder Legislativo,4377.125748014998,638070464272.8033,2025
2029,"Contención (0,5% anual)",0.02,SA del Estado,4707.399472592342,387019825652.4907,2025
2029,"Contención (0,5% anual)",0.02,Salud,89132.75956569091,7143740309721.961,2025
2029,"Contención (0,5% anual)",0.02,Servicio civil del Ejecutivo,22315.962226255306,2258447404427.281,2025
2030,Tendencia larga,0.0,Educación,105820.55447225008,9882367235894.121,2025
2030,Tendencia larga,0.0,Empresas públicas,9116.281548826466,1166064751361.0845,2025
2030,Tendencia larga,0.0,Entes autónomos y autárquicos,9805.450427704478,1012133405166.7662,2025
2030,Tendencia larga,0.0,Fuerzas públicas,69836.1459964518,6551988076789.848,2025
2030,Tendencia larga,0.0,Gobiernos departamentales,2367.59378724675,151845405333.70865,2025
2030,Tendencia larga,0.0,Municipalidades,31414.54134371532,1168182559909.442,2025
2030,Tendencia larga,0.0,Otros organismos,4491.943382850566,704753139957.0618,2025
2030,Tendencia larga,0.0,Poder Judicial,28999.02328392754,2374396174415.6143,2025
2030,Tendencia larga,0.0,Poder Legislativo,5011.213908069548,674872719461.4937,2025
2030,Tendencia larga,0.0,SA del Estado,3928.7222376336604,298402733157.63196,2025
2030,Tendencia larga,0.0,Salud,113376.08136638871,8394775016448.377,2025
2030,Tendencia larga,0.0,Servicio civil del Ejecutivo,21494.98094252466,2009697724344.909,2025
2030,Tendencia larga,0.01,Educación,105820.55447225008,10386467283703.68,2025
2030,Tendencia larga,0.01,Empresas públicas,9116.281548826466,1225545772747.8574,2025
2030,Tendencia larga,0.01,Entes autónomos y autárquicos,9805.450427704478,1063762380872.2067,2025
2030,Tendencia larga,0.01,Fuerzas públicas,69836.1459964518,6886205316841.502,2025
2030,Tendencia larga,0.01,Gobiernos departamentales,2367.59378724675,159591047067.23596,2025
2030,Tendencia larga,0.01,Municipalidades,31414.54134371532,1227771610816.369,2025
2030,Tendencia larga,0.01,Otros organismos,4491.943382850566,740702632934.4039,2025
2030,Tendencia larga,0.01,Poder Judicial,28999.02328392754,2495514242229.803,2025
2030,Tendencia larga,0.01,Poder Legislativo,5011.213908069548,709298010692.3478,2025
2030,Tendencia larga,0.01,SA del Estado,3928.7222376336604,313624271525.97974,2025
2030,Tendencia larga,0.01,Salud,113376.08136638871,8822992910615.639,2025
2030,Tendencia larga,0.01,Servicio civil del Ejecutivo,21494.98094252466,2112212505949.599,2025
2030,Tendencia larga,0.02,Educación,105820.55447225008,10910931955323.346,2025
2030,Tendencia larga,0.02,Empresas públicas,9116.281548826466,1287429707265.9543,2025
2030,Tendencia larga,0.02,Entes autónomos y autárquicos,9805.450427704478,1117477062922.0745,2025
2030,Tendencia larga,0.02,Fuerzas públicas,69836.1459964518,7233924258378.959,2025
2030,Tendencia larga,0.02,Gobiernos departamentales,2367.59378724675,167649597083.07062,2025
2030,Tendencia larga,0.02,Municipalidades,31414.54134371532,1289767939029.0486,2025
2030,Tendencia larga,0.02,Otros organismos,4491.943382850566,778104412821.5148,2025
2030,Tendencia larga,0.02,Poder Judicial,28999.02328392754,2621525235363.799,2025
2030,Tendencia larga,0.02,Poder Legislativo,5011.213908069548,745114014160.8142,2025
2030,Tendencia larga,0.02,SA del Estado,3928.7222376336604,329460729301.7536,2025
2030,Tendencia larga,0.02,Salud,113376.08136638871,9268509942843.617,2025
2030,Tendencia larga,0.02,Servicio civil del Ejecutivo,21494.98094252466,2218868677683.9395,2025
2030,Tendencia reciente,0.0,Educación,112182.31010143037,10476478707962.27,2025
2030,Tendencia reciente,0.0,Empresas públicas,8826.447578930705,1128992050805.231,2025
2030,Tendencia reciente,0.0,Entes autónomos y autárquicos,10661.669941172384,1100513676743.8857,2025
2030,Tendencia reciente,0.0,Fuerzas públicas,72953.4468640825,6844451497058.211,2025
2030,Tendencia reciente,0.0,Gobiernos departamentales,2572.8302009279137,165008223462.6131,2025
2030,Tendencia reciente,0.0,Municipalidades,28295.390199008423,1052193663904.2128,2025
2030,Tendencia reciente,0.0,Otros organismos,4401.436585059952,690553283793.7109,2025
2030,Tendencia reciente,0.0,Poder Judicial,29555.924578386243,2419994410264.568,2025
2030,Tendencia reciente,0.0,Poder Legislativo,5234.853161291295,704990777434.8439,2025
2030,Tendencia reciente,0.0,SA del Estado,2902.5366318888737,220459684257.92044,2025
2030,Tendencia reciente,0.0,Salud,94077.07077922176,6965806490046.729,2025
2030,Tendencia reciente,0.0,Servicio civil del Ejecutivo,19098.2011802413,1785608070723.1436,2025
2030,Tendencia reciente,0.01,Educación,112182.31010143037,11010884411727.01,2025
2030,Tendencia reciente,0.01,Empresas públicas,8826.447578930705,1186581991879.3079,2025
2030,Tendencia reciente,0.01,Entes autónomos y autárquicos,10661.669941172384,1156650934530.3267,2025
2030,Tendencia reciente,0.01,Fuerzas públicas,72953.4468640825,7193587310830.172,2025
2030,Tendencia reciente,0.01,Gobiernos departamentales,2572.8302009279137,173425301208.353,2025
2030,Tendencia reciente,0.01,Municipalidades,28295.390199008423,1105866115414.8694,2025
2030,Tendencia reciente,0.01,Otros organismos,4401.436585059952,725778441396.7478,2025
2030,Tendencia reciente,0.01,Poder Judicial,29555.924578386243,2543438446373.884,2025
2030,Tendencia reciente,0.01,Poder Legislativo,5234.853161291295,740952392311.8333,2025
2030,Tendencia reciente,0.01,SA del Estado,2902.5366318888737,231705343796.94714,2025
2030,Tendencia reciente,0.01,Salud,94077.07077922176,7321132628090.918,2025
2030,Tendencia reciente,0.01,Servicio civil del Ejecutivo,19098.2011802413,1876692027869.6956,2025
2030,Tendencia reciente,0.02,Educación,112182.31010143037,11566879026594.68,2025
2030,Tendencia reciente,0.02,Empresas públicas,8826.447578930705,1246498450259.4546,2025
2030,Tendencia reciente,0.02,Entes autónomos y autárquicos,10661.669941172384,1215056024151.9746,2025
2030,Tendencia reciente,0.02,Fuerzas públicas,72953.4468640825,7556827506335.473,2025
2030,Tendencia reciente,0.02,Gobiernos departamentales,2572.8302009279137,182182411895.20694,2025
2030,Tendencia reciente,0.02,Municipalidades,28295.390199008423,1161706825565.314,2025
2030,Tendencia reciente,0.02,Otros organismos,4401.436585059952,762426624223.3579,2025
2030,Tendencia reciente,0.02,Poder Judicial,29555.924578386243,2671869372224.4146,2025
2030,Tendencia reciente,0.02,Poder Legislativo,5234.853161291295,778366783798.8549,2025
2030,Tendencia reciente,0.02,SA del Estado,2902.5366318888737,243405305268.7032,2025
2030,Tendencia reciente,0.02,Salud,94077.07077922176,7690813224466.566,2025
2030,Tendencia reciente,0.02,Servicio civil del Ejecutivo,19098.2011802413,1971455592924.411,2025
2030,"Contención (0,5% anual)",0.0,Educación,108431.25603166588,10126175366385.766,2025
2030,"Contención (0,5% anual)",0.0,Empresas públicas,9825.666259562233,1256802241412.6,2025
2030,"Contención (0,5% anual)",0.0,Entes autónomos y autárquicos,9885.387145056948,1020384593883.5247,2025
2030,"Contención (0,5% anual)",0.0,Fuerzas públicas,60527.33104290295,5678640275097.099,2025
2030,"Contención (0,5% anual)",0.0,Gobiernos departamentales,2427.1114665719797,155662566111.17917,2025
2030,"Contención (0,5% anual)",0.0,Municipalidades,28663.974534956105,1065899857746.0664,2025
2030,"Contención (0,5% anual)",0.0,Otros organismos,4595.517866937963,721003220748.0854,2025
2030,"Contención (0,5% anual)",0.0,Poder Judicial,28981.63154821696,2372972165395.2637,2025
2030,"Contención (0,5% anual)",0.0,Poder Legislativo,4399.011376755073,592425872300.549,2025
2030,"Contención (0,5% anual)",0.0,SA del Estado,4730.936469955303,359334228189.1856,2025
2030,"Contención (0,5% anual)",0.0,Salud,89578.42336351935,6632710368907.156,2025
2030,"Contención (0,5% anual)",0.0,Servicio civil del Ejecutivo,22427.542037386578,2096888586024.1035,2025
2030,"Contención (0,5% anual)",0.01,Educación,108431.25603166588,10642712079146.49,2025
2030,"Contención (0,5% anual)",0.01,Empresas públicas,9825.666259562233,1320911786712.8494,2025
2030,"Contención (0,5% anual)",0.01,Entes autónomos y autárquicos,9885.387145056948,1072434463138.7915,2025
2030,"Contención (0,5% anual)",0.01,Fuerzas públicas,60527.33104290295,5968308000029.68,2025
2030,"Contención (0,5% anual)",0.01,Gobiernos departamentales,2427.1114665719797,163602921407.205,2025
2030,"Contención (0,5% anual)",0.01,Municipalidades,28663.974534956105,1120271462891.2764,2025
2030,"Contención (0,5% anual)",0.01,Otros organismos,4595.517866937963,757781631160.7068,2025
2030,"Contención (0,5% anual)",0.01,Poder Judicial,28981.63154821696,2494017594437.982,2025
2030,"Contención (0,5% anual)",0.01,Poder Legislativo,4399.011376755073,622645545727.1364,2025
2030,"Contención (0,5% anual)",0.01,SA del Estado,4730.936469955303,377663885171.76086,2025
2030,"Contención (0,5% anual)",0.01,Salud,89578.42336351935,6971045257123.9,2025
2030,"Contención (0,5% anual)",0.01,Servicio civil del Ejecutivo,22427.542037386578,2203850977851.3115,2025
2030,"Contención (0,5% anual)",0.02,Educación,108431.25603166588,11180115831863.25,2025
2030,"Contención (0,5% anual)",0.02,Empresas públicas,9825.666259562233,1387611228162.3838,2025
2030,"Contención (0,5% anual)",0.02,Entes autónomos y autárquicos,9885.387145056948,1126587041987.828,2025
2030,"Contención (0,5% anual)",0.02,Fuerzas públicas,60527.33104290295,6269677716013.074,2025
2030,"Contención (0,5% anual)",0.02,Gobiernos departamentales,2427.1114665719797,171864051020.20383,2025
2030,"Contención (0,5% anual)",0.02,Municipalidades,28663.974534956105,1176839571071.043,2025
2030,"Contención (0,5% anual)",0.02,Otros organismos,4595.517866937963,796045815073.3331,2025
2030,"Contención (0,5% anual)",0.02,Poder Judicial,28981.63154821696,2619953014340.846,2025
2030,"Contención (0,5% anual)",0.02,Poder Legislativo,4399.011376755073,654086032926.0508,2025
2030,"Contención (0,5% anual)",0.02,SA del Estado,4730.936469955303,396734023276.36816,2025
2030,"Contención (0,5% anual)",0.02,Salud,89578.42336351935,7323048191495.981,2025
2030,"Contención (0,5% anual)",0.02,Servicio civil del Ejecutivo,22427.542037386578,2315134434278.405,2025
2031,Tendencia larga,0.0,Educación,105832.53610218507,9883486176044.195,2025
2031,Tendencia larga,0.0,Empresas públicas,9025.576164522716,1154462613929.4163,2025
2031,Tendencia larga,0.0,Entes autónomos y autárquicos,9838.488523776865,1015543647350.3883,2025
2031,Tendencia larga,0.0,Fuerzas públicas,72222.42623694654,6775867551530.553,2025
2031,Tendencia larga,0.0,Gobiernos departamentales,2367.645881467948,151848746391.69586,2025
2031,Tendencia larga,0.0,Municipalidades,32155.528201825367,1195736930838.9868,2025
2031,Tendencia larga,0.0,Otros organismos,4493.867863796521,705055076974.9297,2025
2031,Tendencia larga,0.0,Poder Judicial,29147.515397689145,2386554484141.923,2025
2031,Tendencia larga,0.0,Poder Legislativo,5169.2385491821815,696154293396.6787,2025
2031,Tendencia larga,0.0,SA del Estado,3804.3304084031874,288954658292.6581,2025
2031,Tendencia larga,0.0,Salud,119440.36164581134,8843796255927.64,2025
2031,Tendencia larga,0.0,Servicio civil del Ejecutivo,21419.740407128786,2002663024794.9116,2025
2031,Tendencia larga,0.01,Educación,105832.53610218507,10491519734057.336,2025
2031,Tendencia larga,0.01,Empresas públicas,9025.576164522716,1225485327801.5784,2025
2031,Tendencia larga,0.01,Entes autónomos y autárquicos,9838.488523776865,1078020045477.2732,2025
2031,Tendencia larga,0.01,Fuerzas públicas,72222.42623694654,7192719943753.142,2025
2031,Tendencia larga,0.01,Gobiernos departamentales,2367.645881467948,161190504138.2861,2025
2031,Tendencia larga,0.01,Municipalidades,32155.528201825367,1269298846903.379,2025
2031,Tendencia larga,0.01,Otros organismos,4493.867863796521,748430171492.4271,2025
2031,Tendencia larga,0.01,Poder Judicial,29147.515397689145,2533375675423.826,2025
2031,Tendencia larga,0.01,Poder Legislativo,5169.2385491821815,738981810367.9752,2025
2031,Tendencia larga,0.01,SA del Estado,3804.3304084031874,306731192387.683,2025
2031,Tendencia larga,0.01,Salud,119440.36164581134,9387867933476.87,2025
2031,Tendencia larga,0.01,Servicio civil del Ejecutivo,21419.740407128786,2125867155683.349,2025
2031,Tendencia larga,0.02,Educación,105832.53610218507,11130410702776.23,2025
2031,Tendencia larga,0.02,Empresas públicas,9025.576164522716,1300112410252.5928,2025
2031,Tendencia larga,0.02,Entes autónomos y autárquicos,9838.488523776865,1143667090768.2998,2025
2031,Tendencia larga,0.02,Fuerzas públicas,72222.42623694654,7630727394444.083,2025
2031,Tendencia larga,0.02,Gobiernos departamentales,2367.645881467948,171006351598.67783,2025
2031,Tendencia larga,0.02,Municipalidades,32155.528201825367,1346593994836.9436,2025
2031,Tendencia larga,0.02,Otros organismos,4493.867863796521,794006531200.4526,2025
2031,Tendencia larga,0.02,Poder Judicial,29147.515397689145,2687647971566.6157,2025
2031,Tendencia larga,0.02,Poder Legislativo,5169.2385491821815,783982803232.6241,2025
2031,Tendencia larga,0.02,SA del Estado,3804.3304084031874,325409877040.4623,2025
2031,Tendencia larga,0.02,Salud,119440.36164581134,9959550987053.379,2025
2031,Tendencia larga,0.02,Servicio civil del Ejecutivo,21419.740407128786,2255323836973.598,2025
2031,Tendencia reciente,0.0,Educación,113512.69082206344,10600720268691.355,2025
2031,Tendencia reciente,0.0,Empresas públicas,8682.340134224483,1110559248924.263,2025
2031,Tendencia reciente,0.0,Entes autónomos y autárquicos,10878.214189864631,1122865701203.559,2025
2031,Tendencia reciente,0.0,Fuerzas públicas,76108.0747693164,7140416919074.07,2025
2031,Tendencia reciente,0.0,Gobiernos departamentales,2616.0224542930505,167778354578.36172,2025
2031,Tendencia reciente,0.0,Municipalidades,28363.355259925447,1054721015743.5333,2025
2031,Tendencia reciente,0.0,Otros organismos,4385.433287598928,688042483194.936,2025
2031,Tendencia reciente,0.0,Poder Judicial,29820.502346396057,2441657637816.9976,2025
2031,Tendencia reciente,0.0,Poder Legislativo,5447.289411189315,733600098910.8268,2025
2031,Tendencia reciente,0.0,SA del Estado,2645.5129389301733,200937669764.13428,2025
2031,Tendencia reciente,0.0,Salud,95478.57371780355,7069578835258.276,2025
2031,Tendencia reciente,0.0,Servicio civil del Ejecutivo,18586.631237732985,1737778256309.6648,2025
2031,Tendencia reciente,0.01,Educación,113512.69082206344,11252878176100.322,2025
2031,Tendencia reciente,0.01,Empresas públicas,8682.340134224483,1178881021169.417,2025
2031,Tendencia reciente,0.01,Entes autónomos y autárquicos,10878.214189864631,1191944568246.2996,2025
2031,Tendencia reciente,0.01,Fuerzas públicas,76108.0747693164,7579696443289.4375,2025
2031,Tendencia reciente,0.01,Gobiernos departamentales,2616.0224542930505,178100104219.61053,2025
2031,Tendencia reciente,0.01,Municipalidades,28363.355259925447,1119607611474.1155,2025
2031,Tendencia reciente,0.01,Otros organismos,4385.433287598928,730370960380.9746,2025
2031,Tendencia reciente,0.01,Poder Judicial,29820.502346396057,2591868783411.5815,2025
2031,Tendencia reciente,0.01,Poder Legislativo,5447.289411189315,778731287476.7295,2025
2031,Tendencia reciente,0.01,SA del Estado,2645.5129389301733,213299385469.43787,2025
2031,Tendencia reciente,0.01,Salud,95478.57371780355,7504500389889.009,2025
2031,Tendencia reciente,0.01,Servicio civil del Ejecutivo,18586.631237732985,1844686636348.9788,2025
2031,Tendencia reciente,0.02,Educación,113512.69082206344,11938132783730.377,2025
2031,Tendencia reciente,0.02,Empresas públicas,8682.340134224483,1250670090504.5586,2025
2031,Tendencia reciente,0.02,Entes autónomos y autárquicos,10878.214189864631,1264529154575.968,2025
2031,Tendencia reciente,0.02,Fuerzas públicas,76108.0747693164,8041269192138.053,2025
2031,Tendencia reciente,0.02,Gobiernos departamentales,2616.0224542930505,188945677692.10107,2025
2031,Tendencia reciente,0.02,Municipalidades,28363.355259925447,1187787170738.321,2025
2031,Tendencia reciente,0.02,Otros organismos,4385.433287598928,774847587431.2194,2025
2031,Tendencia reciente,0.02,Poder Judicial,29820.502346396057,2749703072418.414,2025
2031,Tendencia reciente,0.02,Poder Legislativo,5447.289411189315,826152862161.7263,2025
2031,Tendencia reciente,0.02,SA del Estado,2645.5129389301733,226288452302.8482,2025
2031,Tendencia reciente,0.02,Salud,95478.57371780355,7961494004292.032,2025
2031,Tendencia reciente,0.02,Servicio civil del Ejecutivo,18586.631237732985,1957020565270.0676,2025
2031,"Contención (0,5% anual)",0.0,Educación,108973.41231182421,10176806243217.693,2025
2031,"Contención (0,5% anual)",0.0,Empresas públicas,9874.794590860045,1263086252619.663,2025
2031,"Contención (0,5% anual)",0.0,Entes autónomos y autárquicos,9934.814080782233,1025486516852.9424,2025
2031,"Contención (0,5% anual)",0.0,Fuerzas públicas,60829.96769811747,5707033476472.584,2025
2031,"Contención (0,5% anual)",0.0,Gobiernos departamentales,2439.24702390484,156440878941.7351,2025
2031,"Contención (0,5% anual)",0.0,Municipalidades,28807.294407630885,1071229357034.7966,2025
2031,"Contención (0,5% anual)",0.0,Otros organismos,4618.4954562726525,724608236851.8258,2025
2031,"Contención (0,5% anual)",0.0,Poder Judicial,29126.539705958046,2384837026222.2407,2025
2031,"Contención (0,5% anual)",0.0,Poder Legislativo,4421.006433638848,595388001662.0518,2025
2031,"Contención (0,5% anual)",0.0,SA del Estado,4754.59115230508,361130899330.1316,2025
2031,"Contención (0,5% anual)",0.0,Salud,90026.31548033695,6665873920751.692,2025
2031,"Contención (0,5% anual)",0.0,Servicio civil del Ejecutivo,22539.67974757351,2107373028954.224,2025
2031,"Contención (0,5% anual)",0.01,Educación,108973.41231182421,10802884895937.643,2025
2031,"Contención (0,5% anual)",0.01,Empresas públicas,9874.794590860045,1340791509102.8777,2025
2031,"Contención (0,5% anual)",0.01,Entes autónomos y autárquicos,9934.814080782233,1088574601809.0305,2025
2031,"Contención (0,5% anual)",0.01,Fuerzas públicas,60829.96769811747,6058131035430.127,2025
2031,"Contención (0,5% anual)",0.01,Gobiernos departamentales,2439.24702390484,166065145374.38348,2025
2031,"Contención (0,5% anual)",0.01,Municipalidades,28807.294407630885,1137131548407.7898,2025
2031,"Contención (0,5% anual)",0.01,Otros organismos,4618.4954562726525,769186244709.6754,2025
2031,"Contención (0,5% anual)",0.01,Poder Judicial,29126.539705958046,2531552559234.274,2025
2031,"Contención (0,5% anual)",0.01,Poder Legislativo,4421.006433638848,632016361190.3297,2025
2031,"Contención (0,5% anual)",0.01,SA del Estado,4754.59115230508,383347726643.5959,2025
2031,"Contención (0,5% anual)",0.01,Salud,90026.31548033695,7075959488243.616,2025
2031,"Contención (0,5% anual)",0.01,Servicio civil del Ejecutivo,22539.67974757351,2237018935067.9736,2025
2031,"Contención (0,5% anual)",0.02,Educación,108973.41231182421,11460736739243.016,2025
2031,"Contención (0,5% anual)",0.02,Empresas públicas,9874.794590860045,1422440269989.2598,2025
2031,"Contención (0,5% anual)",0.02,Entes autónomos y autárquicos,9934.814080782233,1154864376741.7224,2025
2031,"Contención (0,5% anual)",0.02,Fuerzas públicas,60829.96769811747,6427046626685.002,2025
2031,"Contención (0,5% anual)",0.02,Gobiernos departamentales,2439.24702390484,176177838700.81097,2025
2031,"Contención (0,5% anual)",0.02,Municipalidades,28807.294407630885,1206378244304.9258,2025
2031,"Contención (0,5% anual)",0.02,Otros organismos,4618.4954562726525,816026565031.6737,2025
2031,"Contención (0,5% anual)",0.02,Poder Judicial,29126.539705958046,2685713835000.802,2025
2031,"Contención (0,5% anual)",0.02,Poder Legislativo,4421.006433638848,670503592352.4948,2025
2031,"Contención (0,5% anual)",0.02,SA del Estado,4754.59115230508,406692047260.60504,2025
2031,"Contención (0,5% anual)",0.02,Salud,90026.31548033695,7506856701102.532,2025
2031,"Contención (0,5% anual)",0.02,Servicio civil del Ejecutivo,22539.67974757351,2373244308578.7925,2025
2032,Tendencia larga,0.0,Educación,105844.51908875117,9884605242887.303,2025
2032,Tendencia larga,0.0,Empresas públicas,8935.773282702858,1142975915707.1284,2025
2032,Tendencia larga,0.0,Entes autónomos y autárquicos,9871.63793710083,1018965379868.8729,2025
2032,Tendencia larga,0.0,Fuerzas públicas,74690.2449601987,7007396921024.2295,2025
2032,Tendencia larga,0.0,Gobiernos departamentales,2367.6979768353763,151852087523.19644,2025
2032,Tendencia larga,0.0,Municipalidades,32913.993001691255,1223941237303.7632,2025
2032,Tendencia larga,0.0,Otros organismos,4495.793169246838,705357143351.5159,2025
2032,Tendencia larga,0.0,Poder Judicial,29296.767878709794,2398775051589.582,2025
2032,Tendencia larga,0.0,Poder Legislativo,5332.246371547277,718106964823.4321,2025
2032,Tendencia larga,0.0,SA del Estado,3683.8770930821684,279805729878.8898,2025
2032,Tendencia larga,0.0,Salud,125829.0092420805,9316834824413.15,2025
2032,Tendencia larga,0.0,Servicio civil del Ejecutivo,21344.763241967186,1995652949344.9258,2025
2032,Tendencia larga,0.01,Educación,105844.51908875117,10597634722521.775,2025
2032,Tendencia larga,0.01,Empresas públicas,8935.773282702858,1225424885836.4944,2025
2032,Tendencia larga,0.01,Entes autónomos y autárquicos,9871.63793710083,1092468806330.5673,2025
2032,Tendencia larga,0.01,Fuerzas públicas,74690.2449601987,7512877965275.891,2025
2032,Tendencia larga,0.01,Gobiernos departamentales,2367.6979768353763,162805991324.86673,2025
2032,Tendencia larga,0.01,Municipalidades,32913.993001691255,1312230669414.9595,2025
2032,Tendencia larga,0.01,Otros organismos,4495.793169246838,756238329248.3722,2025
2032,Tendencia larga,0.01,Poder Judicial,29296.767878709794,2571811534561.508,2025
2032,Tendencia larga,0.01,Poder Legislativo,5332.246371547277,769907863581.4666,2025
2032,Tendencia larga,0.01,SA del Estado,3683.8770930821684,299989614725.2624,2025
2032,Tendencia larga,0.01,Salud,125829.0092420805,9988907984995.047,2025
2032,Tendencia larga,0.01,Servicio civil del Ejecutivo,21344.763241967186,2139610077529.3154,2025
2032,Tendencia larga,0.02,Educación,105844.51908875117,11354304372875.574,2025
2032,Tendencia larga,0.02,Empresas públicas,8935.773282702858,1312920052841.09,2025
2032,Tendencia larga,0.02,Entes autónomos y autárquicos,9871.63793710083,1170470927686.1785,2025
2032,Tendencia larga,0.02,Fuerzas públicas,74690.2449601987,8049296410710.227,2025
2032,Tendencia larga,0.02,Gobiernos departamentales,2367.6979768353763,174430316540.51984,2025
2032,Tendencia larga,0.02,Municipalidades,32913.993001691255,1405923757335.759,2025
2032,Tendencia larga,0.02,Otros organismos,4495.793169246838,810233641141.9249,2025
2032,Tendencia larga,0.02,Poder Judicial,29296.767878709794,2755438521675.6147,2025
2032,Tendencia larga,0.02,Poder Legislativo,5332.246371547277,824879178331.8022,2025
2032,Tendencia larga,0.02,SA del Estado,3683.8770930821684,321408831638.02655,2025
2032,Tendencia larga,0.02,Salud,125829.0092420805,10702114630659.084,2025
2032,Tendencia larga,0.02,Servicio civil del Ejecutivo,21344.763241967186,2292377940514.5312,2025
2032,Tendencia reciente,0.0,Educación,114858.8486546158,10726435221945.037,2025
2032,Tendencia reciente,0.0,Empresas públicas,8540.585499687251,1092427395296.1554,2025
2032,Tendencia reciente,0.0,Entes autónomos y autárquicos,11099.156568671622,1145671707297.4492,2025
2032,Tendencia reciente,0.0,Fuerzas públicas,79399.11401148167,7449180376267.281,2025
2032,Tendencia reciente,0.0,Gobiernos departamentales,2659.939812155984,170594990203.02164,2025
2032,Tendencia reciente,0.0,Municipalidades,28431.483571798646,1057254438240.3181,2025
2032,Tendencia reciente,0.0,Otros organismos,4369.488176942296,685540811681.193,2025
2032,Tendencia reciente,0.0,Poder Judicial,30087.44855309706,2463514789547.929,2025
2032,Tendencia reciente,0.0,Poder Legislativo,5668.346563886374,763370418943.8324,2025
2032,Tendencia reciente,0.0,SA del Estado,2411.249054759532,183144357056.24808,2025
2032,Tendencia reciente,0.0,Salud,96900.95539411159,7174897117705.677,2025
2032,Tendencia reciente,0.0,Servicio civil del Ejecutivo,18088.764355717547,1691229625143.6953,2025
2032,Tendencia reciente,0.01,Educación,114858.8486546158,11500190403533.078,2025
2032,Tendencia reciente,0.01,Empresas públicas,8540.585499687251,1171230030107.1873,2025
2032,Tendencia reciente,0.01,Entes autónomos y autárquicos,11099.156568671622,1228315139302.39,2025
2032,Tendencia reciente,0.01,Fuerzas públicas,79399.11401148167,7986529625617.951,2025
2032,Tendencia reciente,0.01,Gobiernos departamentales,2659.939812155984,182900919889.00854,2025
2032,Tendencia reciente,0.01,Municipalidades,28431.483571798646,1133519859409.4827,2025
2032,Tendencia reciente,0.01,Otros organismos,4369.488176942296,734992539515.5414,2025
2032,Tendencia reciente,0.01,Poder Judicial,30087.44855309706,2641221296312.796,2025
2032,Tendencia reciente,0.01,Poder Legislativo,5668.346563886374,818436412902.4214,2025
2032,Tendencia reciente,0.01,SA del Estado,2411.249054759532,196355539738.9125,2025
2032,Tendencia reciente,0.01,Salud,96900.95539411159,7692460847622.946,2025
2032,Tendencia reciente,0.01,Servicio civil del Ejecutivo,18088.764355717547,1813227069647.2424,2025
2032,Tendencia reciente,0.02,Educación,114858.8486546158,12321302404416.69,2025
2032,Tendencia reciente,0.02,Empresas públicas,8540.585499687251,1254855691924.1282,2025
2032,Tendencia reciente,0.02,Entes autónomos y autárquicos,11099.156568671622,1316016670003.8608,2025
2032,Tendencia reciente,0.02,Fuerzas públicas,79399.11401148167,8556766733952.496,2025
2032,Tendencia reciente,0.02,Gobiernos departamentales,2659.939812155984,195960020218.98032,2025
2032,Tendencia reciente,0.02,Municipalidades,28431.483571798646,1214453020265.2444,2025
2032,Tendencia reciente,0.02,Otros organismos,4369.488176942296,787470904966.8406,2025
2032,Tendencia reciente,0.02,Poder Judicial,30087.44855309706,2829804130795.739,2025
2032,Tendencia reciente,0.02,Poder Legislativo,5668.346563886374,876872659348.2067,2025
2032,Tendencia reciente,0.02,SA del Estado,2411.249054759532,210375298061.35446,2025
2032,Tendencia reciente,0.02,Salud,96900.95539411159,8241701485966.64,2025
2032,Tendencia reciente,0.02,Servicio civil del Ejecutivo,18088.764355717547,1942691231106.4272,2025
2032,"Contención (0,5% anual)",0.0,Educación,109518.27937338332,10227690274433.781,2025
2032,"Contención (0,5% anual)",0.0,Empresas públicas,9924.168563814344,1269401683882.7615,2025
2032,"Contención (0,5% anual)",0.0,Entes autónomos y autárquicos,9984.488151186142,1030613949437.2068,2025
2032,"Contención (0,5% anual)",0.0,Fuerzas públicas,61134.11753660805,5735568643854.946,2025
2032,"Contención (0,5% anual)",0.0,Gobiernos departamentales,2451.4432590243637,157223083336.44376,2025
2032,"Contención (0,5% anual)",0.0,Municipalidades,28951.330879669036,1076585503819.9705,2025
2032,"Contención (0,5% anual)",0.0,Otros organismos,4641.587933554016,728231278036.085,2025
2032,"Contención (0,5% anual)",0.0,Poder Judicial,29272.172404487832,2396761211353.3516,2025
2032,"Contención (0,5% anual)",0.0,Poder Legislativo,4443.111465807042,598364941670.3619,2025
2032,"Contención (0,5% anual)",0.0,SA del Estado,4778.364108066605,362936553826.7822,2025
2032,"Contención (0,5% anual)",0.0,Salud,90476.44705773862,6699203290355.449,2025
2032,"Contención (0,5% anual)",0.0,Servicio civil del Ejecutivo,22652.378146311377,2117909894098.995,2025
2032,"Contención (0,5% anual)",0.01,Educación,109518.27937338332,10965468313621.504,2025
2032,"Contención (0,5% anual)",0.01,Empresas públicas,9924.168563814344,1360970421314.876,2025
2032,"Contención (0,5% anual)",0.01,Entes autónomos y autárquicos,9984.488151186142,1104957649566.2559,2025
2032,"Contención (0,5% anual)",0.01,Fuerzas públicas,61134.11753660805,6149305907513.35,2025
2032,"Contención (0,5% anual)",0.01,Gobiernos departamentales,2451.4432590243637,168564425812.2679,2025
2032,"Contención (0,5% anual)",0.01,Municipalidades,28951.330879669036,1154245378211.3267,2025
2032,"Contención (0,5% anual)",0.01,Otros organismos,4641.587933554016,780762497692.5559,2025
2032,"Contención (0,5% anual)",0.01,Poder Judicial,29272.172404487832,2569652425250.749,2025
2032,"Contención (0,5% anual)",0.01,Poder Legislativo,4443.111465807042,641528207426.244,2025
2032,"Contención (0,5% anual)",0.01,SA del Estado,4778.364108066605,389117109929.582,2025
2032,"Contención (0,5% anual)",0.01,Salud,90476.44705773862,7182452678541.68,2025
2032,"Contención (0,5% anual)",0.01,Servicio civil del Ejecutivo,22652.378146311377,2270686070040.746,2025
2032,"Contención (0,5% anual)",0.02,Educación,109518.27937338332,11748401231398.016,2025
2032,"Contención (0,5% anual)",0.02,Empresas públicas,9924.168563814344,1458143520765.99,2025
2032,"Contención (0,5% anual)",0.02,Entes autónomos y autárquicos,9984.488151186142,1183851472597.9392,2025
2032,"Contención (0,5% anual)",0.02,Fuerzas públicas,61134.11753660805,6588365497014.795,2025
2032,"Contención (0,5% anual)",0.02,Gobiernos departamentales,2451.4432590243637,180599902452.20126,2025
2032,"Contención (0,5% anual)",0.02,Municipalidades,28951.330879669036,1236658338236.9792,2025
2032,"Contención (0,5% anual)",0.02,Otros organismos,4641.587933554016,836508831813.9686,2025
2032,"Contención (0,5% anual)",0.02,Poder Judicial,29272.172404487832,2753125252259.322,2025
2032,"Contención (0,5% anual)",0.02,Poder Legislativo,4443.111465807042,687333232520.5422,2025
2032,"Contención (0,5% anual)",0.02,SA del Estado,4778.364108066605,416900017646.8462,2025
2032,"Contención (0,5% anual)",0.02,Salud,90476.44705773862,7695278804300.204,2025
2032,"Contención (0,5% anual)",0.02,Servicio civil del Ejecutivo,22652.378146311377,2432812740724.12,2025
2033,Tendencia larga,0.0,Educación,105856.50343210199,9885724436437.785,2025
2033,Tendencia larga,0.0,Empresas públicas,8846.86392362727,1131603508094.5647,2025
2033,Tendencia larga,0.0,Entes autónomos y autárquicos,9904.899042744308,1022398641437.299,2025
2033,Tendencia larga,0.0,Fuerzas públicas,77242.38831179903,7246837579888.672,2025
2033,Tendencia larga,0.0,Gobiernos departamentales,2367.75007334906,151855428728.212,2025
2033,Tendencia larga,0.0,Municipalidades,33690.3480022413,1252810809582.9868,2025
2033,Tendencia larga,0.0,Otros organismos,4497.719299554759,705659339142.2411,2025
2033,Tendencia larga,0.0,Poder Judicial,29446.784620518607,2411058195554.867,2025
2033,Tendencia larga,0.0,Poder Legislativo,5500.394515818472,740751896266.8835,2025
2033,Tendencia larga,0.0,SA del Estado,3567.2375898159003,270946476293.74268,2025
2033,Tendencia larga,0.0,Salud,132559.37397271628,9815175365128.615,2025
2033,Tendencia larga,0.0,Servicio civil del Ejecutivo,21270.048525144775,1988667411801.3213,2025
2033,Tendencia larga,0.01,Educación,105856.50343210199,10704822995988.03,2025
2033,Tendencia larga,0.01,Empresas públicas,8846.86392362727,1225364446852.4587,2025
2033,Tendencia larga,0.01,Entes autónomos y autárquicos,9904.899042744308,1107111224705.4182,2025
2033,Tendencia larga,0.01,Fuerzas públicas,77242.38831179903,7847286667980.018,2025
2033,Tendencia larga,0.01,Gobiernos departamentales,2367.75007334906,164437669284.37137,2025
2033,Tendencia larga,0.01,Municipalidades,33690.3480022413,1356614586040.2812,2025
2033,Tendencia larga,0.01,Otros organismos,4497.719299554759,764127947279.2554,2025
2033,Tendencia larga,0.01,Poder Judicial,29446.784620518607,2610830534716.127,2025
2033,Tendencia larga,0.01,Poder Legislativo,5500.394515818472,802128158079.311,2025
2033,Tendencia larga,0.01,SA del Estado,3567.2375898159003,293396208720.97894,2025
2033,Tendencia larga,0.01,Salud,132559.37397271628,10628428461045.062,2025
2033,Tendencia larga,0.01,Servicio civil del Ejecutivo,21270.048525144775,2153441842133.0996,2025
2033,Tendencia larga,0.02,Educación,105856.50343210199,11582701773955.666,2025
2033,Tendencia larga,0.02,Empresas públicas,8846.86392362727,1325853865834.07,2025
2033,Tendencia larga,0.02,Entes autónomos y autárquicos,9904.899042744308,1197902959363.9832,2025
2033,Tendencia larga,0.02,Fuerzas públicas,77242.38831179903,8490825233076.319,2025
2033,Tendencia larga,0.02,Gobiernos departamentales,2367.75007334906,177922837625.53058,2025
2033,Tendencia larga,0.02,Municipalidades,33690.3480022413,1467867537668.9497,2025
2033,Tendencia larga,0.02,Otros organismos,4497.719299554759,826792384497.8661,2025
2033,Tendencia larga,0.02,Poder Judicial,29446.784620518607,2824938952964.2554,2025
2033,Tendencia larga,0.02,Poder Legislativo,5500.394515818472,867908908256.3114,2025
2033,Tendencia larga,0.02,SA del Estado,3567.2375898159003,317456980699.0716,2025
2033,Tendencia larga,0.02,Salud,132559.37397271628,11500042292735.281,2025
2033,Tendencia larga,0.02,Servicio civil del Ejecutivo,21270.048525144775,2330040828730.514,2025
2033,Tendencia reciente,0.0,Educación,116220.97070136321,10853641040825.863,2025
2033,Tendencia reciente,0.0,Empresas públicas,8401.145261511154,1074591576405.7798,2025
2033,Tendencia reciente,0.0,Entes autónomos y autárquicos,11324.586405980612,1168940915636.627,2025
2033,Tendencia reciente,0.0,Fuerzas públicas,82832.46324278145,7771295276881.566,2025
2033,Tendencia reciente,0.0,Gobiernos departamentales,2704.59444745264,173458911046.69592,2025
2033,Tendencia reciente,0.0,Municipalidades,28499.77552675413,1059793945976.1863,2025
2033,Tendencia reciente,0.0,Otros organismos,4353.601041527147,683048236059.8047,2025
2033,Tendencia reciente,0.0,Poder Judicial,30356.78440020198,2485567601421.54,2025
2033,Tendencia reciente,0.0,Poder Legislativo,5898.3744653485255,794348852165.7311,2025
2033,Tendencia reciente,0.0,SA del Estado,2197.7295663614964,166926667164.59268,2025
2033,Tendencia reciente,0.0,Salud,98344.52684687228,7281784367820.902,2025
2033,Tendencia reciente,0.0,Servicio civil del Ejecutivo,17604.233480051906,1645927859080.0818,2025
2033,Tendencia reciente,0.01,Educación,116220.97070136321,11752937981538.422,2025
2033,Tendencia reciente,0.01,Empresas públicas,8401.145261511154,1163628694322.4482,2025
2033,Tendencia reciente,0.01,Entes autónomos y autárquicos,11324.586405980612,1265795508980.1497,2025
2033,Tendencia reciente,0.01,Fuerzas públicas,82832.46324278145,8415199201987.033,2025
2033,Tendencia reciente,0.01,Gobiernos departamentales,2704.59444745264,187831144977.85938,2025
2033,Tendencia reciente,0.01,Municipalidades,28499.77552675413,1147604980984.3567,2025
2033,Tendencia reciente,0.01,Otros organismos,4353.601041527147,739643362684.7915,2025
2033,Tendencia reciente,0.01,Poder Judicial,30356.78440020198,2691513544491.218,2025
2033,Tendencia reciente,0.01,Poder Legislativo,5898.3744653485255,860165981175.6305,2025
2033,Tendencia reciente,0.01,SA del Estado,2197.7295663614964,180757660887.32587,2025
2033,Tendencia reciente,0.01,Salud,98344.52684687228,7885129031632.597,2025
2033,Tendencia reciente,0.01,Servicio civil del Ejecutivo,17604.233480051906,1782304019184.9365,2025
2033,Tendencia reciente,0.02,Educación,116220.97070136321,12716770343514.818,2025
2033,Tendencia reciente,0.02,Empresas públicas,8401.145261511154,1259055301241.8447,2025
2033,Tendencia reciente,0.02,Entes autónomos y autárquicos,11324.586405980612,1369600589643.0322,2025
2033,Tendencia reciente,0.02,Fuerzas públicas,82832.46324278145,9105311013696.889,2025
2033,Tendencia reciente,0.02,Gobiernos departamentales,2704.59444745264,203234760346.29883,2025
2033,Tendencia reciente,0.02,Municipalidades,28499.77552675413,1241717518732.4072,2025
2033,Tendencia reciente,0.02,Otros organismos,4353.601041527147,800299873456.5203,2025
2033,Tendencia reciente,0.02,Poder Judicial,30356.78440020198,2912238597320.8477,2025
2033,Tendencia reciente,0.02,Poder Legislativo,5898.3744653485255,930706284428.3607,2025
2033,Tendencia reciente,0.02,SA del Estado,2197.7295663614964,195581195522.8379,2025
2033,Tendencia reciente,0.02,Salud,98344.52684687228,8531770964993.014,2025
2033,Tendencia reciente,0.02,Servicio civil del Ejecutivo,17604.233480051906,1928466816544.153,2025
2033,"Contención (0,5% anual)",0.0,Educación,110065.87077025021,10278828725805.95,2025
2033,"Contención (0,5% anual)",0.0,Empresas públicas,9973.789406633414,1275748692302.1748,2025
2033,"Contención (0,5% anual)",0.0,Entes autónomos y autárquicos,10034.41059194207,1035767019184.3927,2025
2033,"Contención (0,5% anual)",0.0,Fuerzas públicas,61439.78812429108,5764246487074.221,2025
2033,"Contención (0,5% anual)",0.0,Gobiernos departamentales,2463.700475319485,158009198753.12595,2025
2033,"Contención (0,5% anual)",0.0,Municipalidades,29096.087534067377,1081968431339.0703,2025
2033,"Contención (0,5% anual)",0.0,Otros organismos,4664.795873221785,731872434426.2651,2025
2033,"Contención (0,5% anual)",0.0,Poder Judicial,29418.533266510265,2408745017410.1177,2025
2033,"Contención (0,5% anual)",0.0,Poder Legislativo,4465.327023136077,601356766378.7136,2025
2033,"Contención (0,5% anual)",0.0,SA del Estado,4802.255928606937,364751236595.9161,2025
2033,"Contención (0,5% anual)",0.0,Salud,90928.8292930273,6732699306807.227,2025
2033,"Contención (0,5% anual)",0.0,Servicio civil del Ejecutivo,22765.64003704293,2128499443569.4895,2025
2033,"Contención (0,5% anual)",0.01,Educación,110065.87077025021,11130498611741.508,2025
2033,"Contención (0,5% anual)",0.01,Empresas públicas,9973.789406633414,1381453026155.6643,2025
2033,"Contención (0,5% anual)",0.01,Entes autónomos y autárquicos,10034.41059194207,1121587262192.228,2025
2033,"Contención (0,5% anual)",0.01,Fuerzas públicas,61439.78812429108,6241852961421.425,2025
2033,"Contención (0,5% anual)",0.01,Gobiernos departamentales,2463.700475319485,171101320420.74252,2025
2033,"Contención (0,5% anual)",0.01,Municipalidades,29096.087534067377,1171616771153.4075,2025
2033,"Contención (0,5% anual)",0.01,Otros organismos,4664.795873221785,792512973282.8287,2025
2033,"Contención (0,5% anual)",0.01,Poder Judicial,29418.533266510265,2608325694250.773,2025
2033,"Contención (0,5% anual)",0.01,Poder Legislativo,4465.327023136077,651183206948.0089,2025
2033,"Contención (0,5% anual)",0.01,SA del Estado,4802.255928606937,394973322434.0221,2025
2033,"Contención (0,5% anual)",0.01,Salud,90928.8292930273,7290548591353.732,2025
2033,"Contención (0,5% anual)",0.01,Servicio civil del Ejecutivo,22765.64003704293,2304859895394.8594,2025
2033,"Contención (0,5% anual)",0.02,Educación,110065.87077025021,12043286102306.105,2025
2033,"Contención (0,5% anual)",0.02,Empresas públicas,9973.789406633414,1494742923137.2163,2025
2033,"Contención (0,5% anual)",0.02,Entes autónomos y autárquicos,10034.41059194207,1213566144560.1475,2025
2033,"Contención (0,5% anual)",0.02,Fuerzas públicas,61439.78812429108,6753733470989.866,2025
2033,"Contención (0,5% anual)",0.02,Gobiernos departamentales,2463.700475319485,185132960003.75153,2025
2033,"Contención (0,5% anual)",0.02,Municipalidades,29096.087534067377,1267698462526.7275,2025
2033,"Contención (0,5% anual)",0.02,Otros organismos,4664.795873221785,857505203492.4991,2025
2033,"Contención (0,5% anual)",0.02,Poder Judicial,29418.533266510265,2822228696091.0303,2025
2033,"Contención (0,5% anual)",0.02,Poder Legislativo,4465.327023136077,704585296656.8077,2025
2033,"Contención (0,5% anual)",0.02,SA del Estado,4802.255928606937,427364208089.782,2025
2033,"Contención (0,5% anual)",0.02,Salud,90928.8292930273,7888430302288.139,2025
2033,"Contención (0,5% anual)",0.02,Servicio civil del Ejecutivo,22765.64003704293,2493876340516.295,2025
2034,Tendencia larga,0.0,Educación,105868.48913239116,9886843756709.99,2025
2034,Tendencia larga,0.0,Empresas públicas,8758.839196903149,1120344253920.4324,2025
2034,Tendencia larga,0.0,Entes autónomos y autárquicos,9938.272217038973,1025843470901.1906,2025
2034,Tendencia larga,0.0,Fuerzas públicas,79881.73763910061,7494459854517.657,2025
2034,Tendencia larga,0.0,Gobiernos departamentales,2367.8021710090247,151858770006.74423,2025
2034,Tendencia larga,0.0,Municipalidades,34485.01518651356,1282361339557.059,2025
2034,Tendencia larga,0.0,Otros organismos,4499.646255073676,705961664402.5503,2025
2034,Tendencia larga,0.0,Poder Judicial,29597.56953658187,2423404236466.48,2025
2034,Tendencia larga,0.0,Poder Legislativo,5673.845077954813,764110917595.5441,2025
2034,Tendencia larga,0.0,SA del Estado,3454.2911450796664,262367725806.6556,2025
2034,Tendencia larga,0.0,Salud,139649.73366540598,10340171234526.072,2025
2034,Tendencia larga,0.0,Servicio civil del Ejecutivo,21195.595337993444,1981706326272.1765,2025
2034,Tendencia larga,0.01,Educación,105868.48913239116,10813095410045.04,2025
2034,Tendencia larga,0.01,Empresas públicas,8758.839196903149,1225304010849.3252,2025
2034,Tendencia larga,0.01,Entes autónomos y autárquicos,9938.272217038973,1121949896204.0398,2025
2034,Tendencia larga,0.01,Fuerzas públicas,79881.73763910061,8196580369610.139,2025
2034,Tendencia larga,0.01,Gobiernos departamentales,2367.8021710090247,166085700284.3377,2025
2034,Tendencia larga,0.01,Municipalidades,34485.01518651356,1402499711333.3445,2025
2034,Tendencia larga,0.01,Otros organismos,4499.646255073676,772099875436.8085,2025
2034,Tendencia larga,0.01,Poder Judicial,29597.56953658187,2650441523184.278,2025
2034,Tendencia larga,0.01,Poder Legislativo,5673.845077954813,835696857271.5798,2025
2034,Tendencia larga,0.01,SA del Estado,3454.2911450796664,286947717742.42773,2025
2034,Tendencia larga,0.01,Salud,139649.73366540598,11308892996235.633,2025
2034,Tendencia larga,0.01,Servicio civil del Ejecutivo,21195.595337993444,2167363023829.3083,2025
2034,Tendencia larga,0.02,Educación,105868.48913239116,11815693500774.004,2025
2034,Tendencia larga,0.02,Empresas públicas,8758.839196903149,1338915092159.0164,2025
2034,Tendencia larga,0.02,Entes autónomos y autárquicos,9938.272217038973,1225977908643.731,2025
2034,Tendencia larga,0.02,Fuerzas públicas,79881.73763910061,8956573277972.299,2025
2034,Tendencia larga,0.02,Gobiernos departamentales,2367.8021710090247,181485287515.18472,2025
2034,Tendencia larga,0.02,Municipalidades,34485.01518651356,1532540507193.1934,2025
2034,Tendencia larga,0.02,Otros organismos,4499.646255073676,843689538859.7257,2025
2034,Tendencia larga,0.02,Poder Judicial,29597.56953658187,2896192393768.916,2025
2034,Tendencia larga,0.02,Poder Legislativo,5673.845077954813,913183279221.6097,2025
2034,Tendencia larga,0.02,SA del Estado,3454.2911450796664,313553719357.87024,2025
2034,Tendencia larga,0.02,Salud,139649.73366540598,12357461800664.297,2025
2034,Tendencia larga,0.02,Servicio civil del Ejecutivo,21195.595337993444,2368322503719.699,2025
2034,Tendencia reciente,0.0,Educación,117599.24628344525,10982355405651.576,2025
2034,Tendencia reciente,0.0,Empresas públicas,8263.981633062027,1057046958959.8756,2025
2034,Tendencia reciente,0.0,Entes autónomos y autárquicos,11554.594844486435,1192682734107.7332,2025
2034,Tendencia reciente,0.0,Fuerzas públicas,86414.27618291257,8107338959449.947,2025
2034,Tendencia reciente,0.0,Gobiernos departamentales,2749.9987374762045,176370910925.92136,2025
2034,Tendencia reciente,0.0,Municipalidades,28568.231517859895,1062339553567.7825,2025
2034,Tendencia reciente,0.0,Otros organismos,4337.771670559796,680564723258.7805,2025
2034,Tendencia reciente,0.0,Poder Judicial,30628.53127921636,2507817824941.9556,2025
2034,Tendencia reciente,0.0,Poder Legislativo,6137.737158686001,826584425173.3337,2025
2034,Tendencia reciente,0.0,SA del Estado,2003.117528372106,152145076477.13568,2025
2034,Tendencia reciente,0.0,Salud,99809.60374847763,7390263959129.289,2025
2034,Tendencia reciente,0.0,Servicio civil del Ejecutivo,17132.68138861146,1601839559229.436,2025
2034,Tendencia reciente,0.01,Educación,117599.24628344525,12011240366546.607,2025
2034,Tendencia reciente,0.01,Empresas públicas,8263.981633062027,1156076691550.206,2025
2034,Tendencia reciente,0.01,Entes autónomos y autárquicos,11554.594844486435,1304419541278.5454,2025
2034,Tendencia reciente,0.01,Fuerzas públicas,86414.27618291257,8866877220610.557,2025
2034,Tendencia reciente,0.01,Gobiernos departamentales,2749.9987374762045,192894267809.6054,2025
2034,Tendencia reciente,0.01,Municipalidades,28568.231517859895,1161865124327.1624,2025
2034,Tendencia reciente,0.01,Otros organismos,4337.771670559796,744323614936.636,2025
2034,Tendencia reciente,0.01,Poder Judicial,30628.53127921636,2742763421714.3438,2025
2034,Tendencia reciente,0.01,Poder Legislativo,6137.737158686001,904023212442.3433,2025
2034,Tendencia reciente,0.01,SA del Estado,2003.117528372106,166398829454.47906,2025
2034,Tendencia reciente,0.01,Salud,99809.60374847763,8082622853349.721,2025
2034,Tendencia reciente,0.01,Servicio civil del Ejecutivo,17132.68138861146,1751908335132.4421,2025
2034,Tendencia reciente,0.02,Educación,117599.24628344525,13124931331263.266,2025
2034,Tendencia reciente,0.02,Empresas públicas,8263.981633062027,1263268965337.7605,2025
2034,Tendencia reciente,0.02,Entes autónomos y autárquicos,11554.594844486435,1425366272256.2917,2025
2034,Tendencia reciente,0.02,Fuerzas públicas,86414.27618291257,9689020541740.771,2025
2034,Tendencia reciente,0.02,Gobiernos departamentales,2749.9987374762045,210779564968.7162,2025
2034,Tendencia reciente,0.02,Municipalidades,28568.231517859895,1269594105822.4004,2025
2034,Tendencia reciente,0.02,Otros organismos,4337.771670559796,813337843233.0682,2025
2034,Tendencia reciente,0.02,Poder Judicial,30628.53127921636,2997074446046.699,2025
2034,Tendencia reciente,0.02,Poder Legislativo,6137.737158686001,987844903863.596,2025
2034,Tendencia reciente,0.02,SA del Estado,2003.117528372106,181827450250.29803,2025
2034,Tendencia reciente,0.02,Salud,99809.60374847763,8832049537712.71,2025
2034,Tendencia reciente,0.02,Servicio civil del Ejecutivo,17132.68138861146,1914346553360.3372,2025
2034,"Contención (0,5% anual)",0.0,Educación,110616.20012410144,10330222869434.975,2025
2034,"Contención (0,5% anual)",0.0,Empresas públicas,10023.658353666578,1282127435763.6855,2025
2034,"Contención (0,5% anual)",0.0,Entes autónomos y autárquicos,10084.582644901779,1040945854280.3145,2025
2034,"Contención (0,5% anual)",0.0,Fuerzas públicas,61746.987064912515,5793067719509.589,2025
2034,"Contención (0,5% anual)",0.0,Gobiernos departamentales,2476.018977696082,158799244746.8915,2025
2034,"Contención (0,5% anual)",0.0,Municipalidades,29241.567971737706,1087378273495.7654,2025
2034,"Contención (0,5% anual)",0.0,Otros organismos,4688.119852587893,735531796598.3964,2025
2034,"Contención (0,5% anual)",0.0,Poder Judicial,29565.62593284281,2420788742497.1675,2025
2034,"Contención (0,5% anual)",0.0,Poder Legislativo,4487.653658251756,604363550210.607,2025
2034,"Contención (0,5% anual)",0.0,SA del Estado,4826.26720824997,366574992778.8955,2025
2034,"Contención (0,5% anual)",0.0,Salud,91383.47343949242,6766362803341.261,2025
2034,"Contención (0,5% anual)",0.0,Servicio civil del Ejecutivo,22879.46823722814,2139141940787.3367,2025
2034,"Contención (0,5% anual)",0.01,Educación,110616.20012410144,11298012615848.21,2025
2034,"Contención (0,5% anual)",0.01,Empresas públicas,10023.658353666578,1402243894199.307,2025
2034,"Contención (0,5% anual)",0.01,Entes autónomos y autárquicos,10084.582644901779,1138467150488.2207,2025
2034,"Contención (0,5% anual)",0.01,Fuerzas públicas,61746.987064912515,6335792848490.813,2025
2034,"Contención (0,5% anual)",0.01,Gobiernos departamentales,2476.018977696082,173676395293.07462,2025
2034,"Contención (0,5% anual)",0.01,Municipalidades,29241.567971737706,1189249603559.2656,2025
2034,"Contención (0,5% anual)",0.01,Otros organismos,4688.119852587893,804440293530.735,2025
2034,"Contención (0,5% anual)",0.01,Poder Judicial,29565.62593284281,2647580995949.2456,2025
2034,"Contención (0,5% anual)",0.01,Poder Legislativo,4487.653658251756,660983514212.5762,2025
2034,"Contención (0,5% anual)",0.01,SA del Estado,4826.26720824997,400917670936.65393,2025
2034,"Contención (0,5% anual)",0.01,Salud,91383.47343949242,7400271347653.603,2025
2034,"Contención (0,5% anual)",0.01,Servicio civil del Ejecutivo,22879.46823722814,2339548036820.5513,2025
2034,"Contención (0,5% anual)",0.02,Educación,110616.20012410144,12345572583473.984,2025
2034,"Contención (0,5% anual)",0.02,Empresas públicas,10023.658353666578,1532260970507.96,2025
2034,"Contención (0,5% anual)",0.02,Entes autónomos y autárquicos,10084.582644901779,1244026654788.607,2025
2034,"Contención (0,5% anual)",0.02,Fuerzas públicas,61746.987064912515,6923252181111.709,2025
2034,"Contención (0,5% anual)",0.02,Gobiernos departamentales,2476.018977696082,189779797299.84564,2025
2034,"Contención (0,5% anual)",0.02,Municipalidades,29241.567971737706,1299517693936.148,2025
2034,"Contención (0,5% anual)",0.02,Otros organismos,4688.119852587893,879028584100.1608,2025
2034,"Contención (0,5% anual)",0.02,Poder Judicial,29565.62593284281,2893066636362.914,2025
2034,"Contención (0,5% anual)",0.02,Poder Legislativo,4487.653658251756,722270387602.8933,2025
2034,"Contención (0,5% anual)",0.02,SA del Estado,4826.26720824997,438091049712.8353,2025
2034,"Contención (0,5% anual)",0.02,Salud,91383.47343949242,8086429902875.568,2025
2034,"Contención (0,5% anual)",0.02,Servicio civil del Ejecutivo,22879.46823722814,2556472636663.254,2025
2035,Tendencia larga,0.0,Educación,105880.47618977228,9887963203718.266,2025
2035,Tendencia larga,0.0,Empresas públicas,8671.690300595516,1109197027328.0903,2025
2035,Tendencia larga,0.0,Entes autónomos y autárquicos,9971.757837584497,1029299907236.9558,2025
2035,Tendencia larga,0.0,Fuerzas públicas,82611.2727442345,7750543308277.05,2025
2035,Tendencia larga,0.0,Gobiernos departamentales,2367.854269815296,151862111358.79465,2025
2035,Tendencia larga,0.0,Municipalidades,35298.42649102221,1312608889236.7966,2025
2035,Tendencia larga,0.0,Otros organismos,4501.574036157135,706264119187.912,2025
2035,Tendencia larga,0.0,Poder Judicial,29749.126560405115,2435813496393.906,2025
2035,Tendencia larga,0.0,Poder Legislativo,5852.765265482366,788206547065.4495,2025
2035,Tendencia larga,0.0,SA del Estado,3344.9208286660796,254060597083.86078,2025
2035,Tendencia larga,0.0,Salud,147119.3437955794,10893248177631.455,2025
2035,Tendencia larga,0.0,Servicio civil del Ejecutivo,21121.402765060757,1974769607166.223,2025
2035,Tendencia larga,0.01,Educación,105880.47618977228,10922462930079.055,2025
2035,Tendencia larga,0.01,Empresas públicas,8671.690300595516,1225243577826.9453,2025
2035,Tendencia larga,0.01,Entes autónomos y autárquicos,9971.757837584497,1136987451217.6418,2025
2035,Tendencia larga,0.01,Fuerzas públicas,82611.2727442345,8561421622280.584,2025
2035,Tendencia larga,0.01,Gobiernos departamentales,2367.854269815296,167750248218.58478,2025
2035,Tendencia larga,0.01,Municipalidades,35298.42649102221,1449936821062.3906,2025
2035,Tendencia larga,0.01,Otros organismos,4501.574036157135,780154972439.0237,2025
2035,Tendencia larga,0.01,Poder Judicial,29749.126560405115,2690653481491.9336,2025
2035,Tendencia larga,0.01,Poder Legislativo,5852.765265482366,870670391282.4634,2025
2035,Tendencia larga,0.01,SA del Estado,3344.9208286660796,280640956734.014,2025
2035,Tendencia larga,0.01,Salud,147119.3437955794,12032922954606.988,2025
2035,Tendencia larga,0.01,Servicio civil del Ejecutivo,21121.402765060757,2181374200665.4026,2025
2035,Tendencia larga,0.02,Educación,105880.47618977228,12053371970446.05,2025
2035,Tendencia larga,0.02,Empresas públicas,8671.690300595516,1352104986987.7146,2025
2035,Tendencia larga,0.02,Entes autónomos y autárquicos,9971.757837584497,1254710843422.9702,2025
2035,Tendencia larga,0.02,Fuerzas públicas,82611.2727442345,9447869044717.43,2025
2035,Tendencia larga,0.02,Gobiernos departamentales,2367.854269815296,185119066354.99313,2025
2035,Tendencia larga,0.02,Municipalidades,35298.42649102221,1600062911615.1716,2025
2035,Tendencia larga,0.02,Otros organismos,4501.574036157135,860932020332.577,2025
2035,Tendencia larga,0.02,Poder Judicial,29749.126560405115,2969243060252.0913,2025
2035,Tendencia larga,0.02,Poder Legislativo,5852.765265482366,960819382676.1179,2025
2035,Tendencia larga,0.02,SA del Estado,3344.9208286660796,309698450185.7626,2025
2035,Tendencia larga,0.02,Salud,147119.3437955794,13278808744150.803,2025
2035,Tendencia larga,0.02,Servicio civil del Ejecutivo,21121.402765060757,2407233131910.8647,2025
2035,Tendencia reciente,0.0,Educación,118993.8669671789,11112596206412.488,2025
2035,Tendencia reciente,0.0,Empresas públicas,8129.057444639669,1039788788577.2852,2025
2035,Tendencia reciente,0.0,Entes autónomos y autárquicos,11789.27487804106,1216906761676.643,2025
2035,Tendencia reciente,0.0,Fuerzas públicas,90150.97264860646,8457913727580.093,2025
2035,Tendencia reciente,0.0,Gobiernos departamentales,2796.165267307844,179331796983.6974,2025
2035,Tendencia reciente,0.0,Municipalidades,28636.85193912805,1064891275666.8584,2025
2035,Tendencia reciente,0.0,Otros organismos,4321.999854012987,678090240326.3762,2025
2035,Tendencia reciente,0.0,Poder Judicial,30902.71077313752,2530267227292.3594,2025
2035,Tendencia reciente,0.0,Poder Legislativo,6386.81346028934,860128154118.0857,2025
2035,Tendencia reciente,0.0,SA del Estado,1825.738659517846,138672416393.53525,2025
2035,Tendencia reciente,0.0,Salud,101296.50647401478,7500359613360.718,2025
2035,Tendencia reciente,0.0,Servicio civil del Ejecutivo,16673.760427926805,1558932221334.6855,2025
2035,Tendencia reciente,0.01,Educación,118993.8669671789,12275219640363.854,2025
2035,Tendencia reciente,0.01,Empresas públicas,8129.057444639669,1148573701616.9824,2025
2035,Tendencia reciente,0.01,Entes autónomos y autárquicos,11789.27487804106,1344222133510.5198,2025
2035,Tendencia reciente,0.01,Fuerzas públicas,90150.97264860646,9342798638304.125,2025
2035,Tendencia reciente,0.01,Gobiernos departamentales,2796.165267307844,198093870737.94244,2025
2035,Tendencia reciente,0.01,Municipalidades,28636.85193912805,1176302464258.974,2025
2035,Tendencia reciente,0.01,Otros organismos,4321.999854012987,749033482489.916,2025
2035,Tendencia reciente,0.01,Poder Judicial,30902.71077313752,2794989162470.0015,2025
2035,Tendencia reciente,0.01,Poder Legislativo,6386.81346028934,950116589727.936,2025
2035,Tendencia reciente,0.01,SA del Estado,1825.738659517846,153180619332.53445,2025
2035,Tendencia reciente,0.01,Salud,101296.50647401478,8285063177458.877,2025
2035,Tendencia reciente,0.01,Servicio civil del Ejecutivo,16673.760427926805,1722031023702.7305,2025
2035,Tendencia reciente,0.02,Educación,118993.8669671789,13546192767271.732,2025
2035,Tendencia reciente,0.02,Empresas públicas,8129.057444639669,1267496731248.819,2025
2035,Tendencia reciente,0.02,Entes autónomos y autárquicos,11789.27487804106,1483402552137.718,2025
2035,Tendencia reciente,0.02,Fuerzas públicas,90150.97264860646,10310149638717.191,2025
2035,Tendencia reciente,0.02,Gobiernos departamentales,2796.165267307844,218604459850.75974,2025
2035,Tendencia reciente,0.02,Municipalidades,28636.85193912805,1298096522938.9995,2025
2035,Tendencia reciente,0.02,Otros organismos,4321.999854012987,826588219210.7566,2025
2035,Tendencia reciente,0.02,Poder Judicial,30902.71077313752,3084381631164.992,2025
2035,Tendencia reciente,0.02,Poder Legislativo,6386.81346028934,1048491420350.3372,2025
2035,Tendencia reciente,0.02,SA del Estado,1825.738659517846,169040901790.909,2025
2035,Tendencia reciente,0.02,Salud,101296.50647401478,9142896516640.752,2025
2035,Tendencia reciente,0.02,Servicio civil del Ejecutivo,16673.760427926805,1900329678957.0134,2025
2035,"Contención (0,5% anual)",0.0,Educación,111169.28112472195,10381873983782.15,2025
2035,"Contención (0,5% anual)",0.0,Empresas públicas,10073.776645434913,1288538072942.5042,2025
2035,"Contención (0,5% anual)",0.0,Entes autónomos y autárquicos,10135.005558126288,1046150583551.716,2025
2035,"Contención (0,5% anual)",0.0,Fuerzas públicas,62055.72200023708,5822033058107.138,2025
2035,"Contención (0,5% anual)",0.0,Gobiernos departamentales,2488.3990725845624,159593240970.62598,2025
2035,"Contención (0,5% anual)",0.0,Municipalidades,29387.775811596395,1092815164863.2441,2025
2035,"Contención (0,5% anual)",0.0,Otros organismos,4711.560451850832,739209455581.3882,2025
2035,"Contención (0,5% anual)",0.0,Poder Judicial,29713.454062507026,2432892686209.6533,2025
2035,"Contención (0,5% anual)",0.0,Poder Legislativo,4510.091926543015,607385367961.6602,2025
2035,"Contención (0,5% anual)",0.0,SA del Estado,4850.398544291221,368407867742.79004,2025
2035,"Contención (0,5% anual)",0.0,Salud,91840.39080668989,6800194617357.968,2025
2035,"Contención (0,5% anual)",0.0,Servicio civil del Ejecutivo,22993.86557841428,2149837650491.2734,2025
2035,"Contención (0,5% anual)",0.01,Educación,111169.28112472195,11468047705716.727,2025
2035,"Contención (0,5% anual)",0.01,Empresas públicas,10073.776645434913,1423347664807.0066,2025
2035,"Contención (0,5% anual)",0.01,Entes autónomos y autárquicos,10135.005558126288,1155601081103.0684,2025
2035,"Contención (0,5% anual)",0.01,Fuerzas públicas,62055.72200023708,6431146530860.601,2025
2035,"Contención (0,5% anual)",0.01,Gobiernos departamentales,2488.3990725845624,176290225042.2354,2025
2035,"Contención (0,5% anual)",0.01,Municipalidades,29387.775811596395,1207147810092.8325,2025
2035,"Contención (0,5% anual)",0.01,Otros organismos,4711.560451850832,816547119948.3724,2025
2035,"Contención (0,5% anual)",0.01,Poder Judicial,29713.454062507026,2687427089938.282,2025
2035,"Contención (0,5% anual)",0.01,Poder Legislativo,4510.091926543015,670931316101.4757,2025
2035,"Contención (0,5% anual)",0.01,SA del Estado,4850.398544291221,406951481884.2507,2025
2035,"Contención (0,5% anual)",0.01,Salud,91840.39080668989,7511645431435.791,2025
2035,"Contención (0,5% anual)",0.01,Servicio civil del Ejecutivo,22993.86557841428,2374758234774.7007,2025
2035,"Contención (0,5% anual)",0.02,Educación,111169.28112472195,12655446455319.184,2025
2035,"Contención (0,5% anual)",0.02,Empresas públicas,10073.776645434913,1570720720867.7102,2025
2035,"Contención (0,5% anual)",0.02,Entes autónomos y autárquicos,10135.005558126288,1275251723823.8008,2025
2035,"Contención (0,5% anual)",0.02,Fuerzas públicas,62055.72200023708,7097025810857.613,2025
2035,"Contención (0,5% anual)",0.02,Gobiernos departamentales,2488.3990725845624,194543270212.07178,2025
2035,"Contención (0,5% anual)",0.02,Municipalidades,29387.775811596395,1332135588053.9453,2025
2035,"Contención (0,5% anual)",0.02,Otros organismos,4711.560451850832,901092201561.0747,2025
2035,"Contención (0,5% anual)",0.02,Poder Judicial,29713.454062507026,2965682608935.6235,2025
2035,"Contención (0,5% anual)",0.02,Poder Legislativo,4510.091926543015,740399374331.7262,2025
2035,"Contención (0,5% anual)",0.02,SA del Estado,4850.398544291221,449087135060.62756,2025
2035,"Contención (0,5% anual)",0.02,Salud,91840.39080668989,8289399293437.747,2025
2035,"Contención (0,5% anual)",0.02,Servicio civil del Ejecutivo,22993.86557841428,2620640099843.502,2025
