anho,mes,sector,vinculo,sexo,total
2015,1,Educación,CONTRATADO,FEMENINO,175
2015,1,Educación,CONTRATADO,MASCULINO,166
2015,1,Educación,PERMANENTE,FEMENINO,57670
2015,1,Educación,PERMANENTE,MASCULINO,28803
2015,1,Entes autónomos y autárquicos,CONTRATADO,FEMENINO,73
2015,1,Entes autónomos y autárquicos,CONTRATADO,MASCULINO,85
2015,1,Entes autónomos y autárquicos,PERMANENTE,FEMENINO,633
2015,1,Entes autónomos y autárquicos,PERMANENTE,MASCULINO,1280
2015,1,Fuerzas públicas,CONTRATADO,FEMENINO,174
2015,1,Fuerzas públicas,CONTRATADO,MASCULINO,164
2015,1,Fuerzas públicas,PERMANENTE,FEMENINO,6185
2015,1,Fuerzas públicas,PERMANENTE,MASCULINO,35862
2015,1,Gobiernos departamentales,CONTRATADO,FEMENINO,172
2015,1,Gobiernos departamentales,CONTRATADO,MASCULINO,245
2015,1,Gobiernos departamentales,PERMANENTE,FEMENINO,105
2015,1,Gobiernos departamentales,PERMANENTE,MASCULINO,188
2015,1,Municipalidades,CONTRATADO,FEMENINO,159
2015,1,Municipalidades,CONTRATADO,MASCULINO,356
2015,1,Municipalidades,PERMANENTE,FEMENINO,92
2015,1,Municipalidades,PERMANENTE,MASCULINO,175
2015,1,Otros organismos,CONTRATADO,FEMENINO,82
2015,1,Otros organismos,CONTRATADO,MASCULINO,70
2015,1,Otros organismos,PERMANENTE,FEMENINO,831
2015,1,Otros organismos,PERMANENTE,MASCULINO,1131
2015,1,Poder Judicial,CONTRATADO,FEMENINO,3549
2015,1,Poder Judicial,CONTRATADO,MASCULINO,3103
2015,1,Poder Judicial,PERMANENTE,FEMENINO,10696
2015,1,Poder Judicial,PERMANENTE,MASCULINO,9878
2015,1,Poder Legislativo,CONTRATADO,FEMENINO,477
2015,1,Poder Legislativo,CONTRATADO,MASCULINO,697
2015,1,Poder Legislativo,PERMANENTE,FEMENINO,892
2015,1,Poder Legislativo,PERMANENTE,MASCULINO,1233
2015,1,SA del Estado,CONTRATADO,FEMENINO,113
2015,1,SA del Estado,CONTRATADO,MASCULINO,527
2015,1,SA del Estado,PERMANENTE,FEMENINO,270
2015,1,SA del Estado,PERMANENTE,MASCULINO,1035
2015,1,Salud,CONTRATADO,FEMENINO,11566
2015,1,Salud,CONTRATADO,MASCULINO,6453
2015,1,Salud,PERMANENTE,FEMENINO,14140
2015,1,Salud,PERMANENTE,MASCULINO,6610
2015,1,Servicio civil del Ejecutivo,CONTRATADO,FEMENINO,3452
2015,1,Servicio civil del Ejecutivo,CONTRATADO,MASCULINO,4313
2015,1,Servicio civil del Ejecutivo,PERMANENTE,FEMENINO,4597
2015,1,Servicio civil del Ejecutivo,PERMANENTE,MASCULINO,8094
2015,2,Educación,CONTRATADO,FEMENINO,187
2015,2,Educación,CONTRATADO,MASCULINO,174
2015,2,Educación,PERMANENTE,FEMENINO,57132
2015,2,Educación,PERMANENTE,MASCULINO,28208
2015,2,Empresas públicas,PERMANENTE,FEMENINO,1
2015,2,Entes autónomos y autárquicos,CONTRATADO,FEMENINO,75
2015,2,Entes autónomos y autárquicos,CONTRATADO,MASCULINO,86
2015,2,Entes autónomos y autárquicos,PERMANENTE,FEMENINO,634
2015,2,Entes autónomos y autárquicos,PERMANENTE,MASCULINO,1283
2015,2,Fuerzas públicas,CONTRATADO,FEMENINO,170
2015,2,Fuerzas públicas,CONTRATADO,MASCULINO,161
2015,2,Fuerzas públicas,PERMANENTE,FEMENINO,6189
2015,2,Fuerzas públicas,PERMANENTE,MASCULINO,36862
2015,2,Gobiernos departamentales,CONTRATADO,FEMENINO,162
2015,2,Gobiernos departamentales,CONTRATADO,MASCULINO,233
2015,2,Gobiernos departamentales,PERMANENTE,FEMENINO,112
2015,2,Gobiernos departamentales,PERMANENTE,MASCULINO,198
2015,2,Municipalidades,CONTRATADO,FEMENINO,160
2015,2,Municipalidades,CONTRATADO,MASCULINO,357
2015,2,Municipalidades,PERMANENTE,FEMENINO,92
2015,2,Municipalidades,PERMANENTE,MASCULINO,175
2015,2,Otros organismos,CONTRATADO,FEMENINO,82
2015,2,Otros organismos,CONTRATADO,MASCULINO,72
2015,2,Otros organismos,PERMANENTE,FEMENINO,835
2015,2,Otros organismos,PERMANENTE,MASCULINO,1133
2015,2,Poder Judicial,CONTRATADO,FEMENINO,3805
2015,2,Poder Judicial,CONTRATADO,MASCULINO,3327
2015,2,Poder Judicial,PERMANENTE,FEMENINO,10750
2015,2,Poder Judicial,PERMANENTE,MASCULINO,9893
2015,2,Poder Legislativo,CONTRATADO,FEMENINO,483
2015,2,Poder Legislativo,CONTRATADO,MASCULINO,718
2015,2,Poder Legislativo,PERMANENTE,FEMENINO,894
2015,2,Poder Legislativo,PERMANENTE,MASCULINO,1232
2015,2,SA del Estado,CONTRATADO,FEMENINO,122
2015,2,SA del Estado,CONTRATADO,MASCULINO,532
2015,2,SA del Estado,PERMANENTE,FEMENINO,268
2015,2,SA del Estado,PERMANENTE,MASCULINO,1016
2015,2,Salud,CONTRATADO,FEMENINO,12223
2015,2,Salud,CONTRATADO,MASCULINO,6639
2015,2,Salud,PERMANENTE,FEMENINO,14136
2015,2,Salud,PERMANENTE,MASCULINO,6604
2015,2,Servicio civil del Ejecutivo,CONTRATADO,FEMENINO,3924
2015,2,Servicio civil del Ejecutivo,CONTRATADO,MASCULINO,4846
2015,2,Servicio civil del Ejecutivo,PERMANENTE,FEMENINO,4603
2015,2,Servicio civil del Ejecutivo,PERMANENTE,MASCULINO,8113
2015,3,Educación,CONTRATADO,FEMENINO,187
2015,3,Educación,CONTRATADO,MASCULINO,173
2015,3,Educación,PERMANENTE,FEMENINO,56908
2015,3,Educación,PERMANENTE,MASCULINO,28151
2015,3,Entes autónomos y autárquicos,CONTRATADO,FEMENINO,73
2015,3,Entes autónomos y autárquicos,CONTRATADO,MASCULINO,86
2015,3,Entes autónomos y autárquicos,PERMANENTE,FEMENINO,634
2015,3,Entes autónomos y autárquicos,PERMANENTE,MASCULINO,1279
2015,3,Fuerzas públicas,CONTRATADO,FEMENINO,168
2015,3,Fuerzas públicas,CONTRATADO,MASCULINO,158
2015,3,Fuerzas públicas,PERMANENTE,FEMENINO,6199
2015,3,Fuerzas públicas,PERMANENTE,MASCULINO,37722
2015,3,Gobiernos departamentales,CONTRATADO,FEMENINO,175
2015,3,Gobiernos departamentales,CONTRATADO,MASCULINO,258
2015,3,Gobiernos departamentales,PERMANENTE,FEMENINO,137
2015,3,Gobiernos departamentales,PERMANENTE,MASCULINO,257
2015,3,Municipalidades,CONTRATADO,FEMENINO,162
2015,3,Municipalidades,CONTRATADO,MASCULINO,367
2015,3,Municipalidades,PERMANENTE,FEMENINO,92
2015,3,Municipalidades,PERMANENTE,MASCULINO,176
2015,3,Otros organismos,CONTRATADO,FEMENINO,82
2015,3,Otros organismos,CONTRATADO,MASCULINO,73
2015,3,Otros organismos,PERMANENTE,FEMENINO,835
2015,3,Otros organismos,PERMANENTE,MASCULINO,1131
2015,3,Poder Judicial,CONTRATADO,FEMENINO,3966
2015,3,Poder Judicial,CONTRATADO,MASCULINO,3462
2015,3,Poder Judicial,PERMANENTE,FEMENINO,10756
2015,3,Poder Judicial,PERMANENTE,MASCULINO,9908
2015,3,Poder Legislativo,CONTRATADO,FEMENINO,480
2015,3,Poder Legislativo,CONTRATADO,MASCULINO,719
2015,3,Poder Legislativo,PERMANENTE,FEMENINO,894
2015,3,Poder Legislativo,PERMANENTE,MASCULINO,1233
2015,3,SA del Estado,CONTRATADO,FEMENINO,142
2015,3,SA del Estado,CONTRATADO,MASCULINO,580
2015,3,SA del Estado,PERMANENTE,FEMENINO,268
2015,3,SA del Estado,PERMANENTE,MASCULINO,1017
2015,3,Salud,CONTRATADO,FEMENINO,12009
2015,3,Salud,CONTRATADO,MASCULINO,6616
2015,3,Salud,PERMANENTE,FEMENINO,14120
2015,3,Salud,PERMANENTE,MASCULINO,6588
2015,3,Servicio civil del Ejecutivo,CONTRATADO,FEMENINO,3978
2015,3,Servicio civil del Ejecutivo,CONTRATADO,MASCULINO,4930
2015,3,Servicio civil del Ejecutivo,PERMANENTE,FEMENINO,4607
2015,3,Servicio civil del Ejecutivo,PERMANENTE,MASCULINO,8098
2015,4,Educación,CONTRATADO,FEMENINO,185
2015,4,Educación,CONTRATADO,MASCULINO,172
2015,4,Educación,PERMANENTE,FEMENINO,56805
2015,4,Educación,PERMANENTE,MASCULINO,28113
2015,4,Entes autónomos y autárquicos,CONTRATADO,FEMENINO,73
2015,4,Entes autónomos y autárquicos,CONTRATADO,MASCULINO,86
2015,4,Entes autónomos y autárquicos,PERMANENTE,FEMENINO,644
2015,4,Entes autónomos y autárquicos,PERMANENTE,MASCULINO,1291
2015,4,Fuerzas públicas,CONTRATADO,FEMENINO,182
2015,4,Fuerzas públicas,CONTRATADO,MASCULINO,167
2015,4,Fuerzas públicas,PERMANENTE,FEMENINO,6234
2015,4,Fuerzas públicas,PERMANENTE,MASCULINO,38575
2015,4,Gobiernos departamentales,CONTRATADO,FEMENINO,158
2015,4,Gobiernos departamentales,CONTRATADO,MASCULINO,224
2015,4,Gobiernos departamentales,PERMANENTE,FEMENINO,111
2015,4,Gobiernos departamentales,PERMANENTE,MASCULINO,199
2015,4,Municipalidades,CONTRATADO,FEMENINO,164
2015,4,Municipalidades,CONTRATADO,MASCULINO,371
2015,4,Municipalidades,PERMANENTE,FEMENINO,92
2015,4,Municipalidades,PERMANENTE,MASCULINO,176
2015,4,Otros organismos,CONTRATADO,FEMENINO,83
2015,4,Otros organismos,CONTRATADO,MASCULINO,73
2015,4,Otros organismos,PERMANENTE,FEMENINO,835
2015,4,Otros organismos,PERMANENTE,MASCULINO,1130
2015,4,Poder Judicial,CONTRATADO,FEMENINO,4137
2015,4,Poder Judicial,CONTRATADO,MASCULINO,3609
2015,4,Poder Judicial,PERMANENTE,FEMENINO,10812
2015,4,Poder Judicial,PERMANENTE,MASCULINO,9931
2015,4,Poder Legislativo,CONTRATADO,FEMENINO,480
2015,4,Poder Legislativo,CONTRATADO,MASCULINO,715
2015,4,Poder Legislativo,PERMANENTE,FEMENINO,895
2015,4,Poder Legislativo,PERMANENTE,MASCULINO,1234
2015,4,SA del Estado,CONTRATADO,FEMENINO,142
2015,4,SA del Estado,CONTRATADO,MASCULINO,580
2015,4,SA del Estado,PERMANENTE,FEMENINO,268
2015,4,SA del Estado,PERMANENTE,MASCULINO,1017
2015,4,Salud,CONTRATADO,FEMENINO,12173
2015,4,Salud,CONTRATADO,MASCULINO,6730
2015,4,Salud,PERMANENTE,FEMENINO,14106
2015,4,Salud,PERMANENTE,MASCULINO,6582
2015,4,Servicio civil del Ejecutivo,CONTRATADO,FEMENINO,3938
2015,4,Servicio civil del Ejecutivo,CONTRATADO,MASCULINO,4896
2015,4,Servicio civil del Ejecutivo,PERMANENTE,FEMENINO,4607
2015,4,Servicio civil del Ejecutivo,PERMANENTE,MASCULINO,8081
2015,5,Educación,CONTRATADO,FEMENINO,1422
2015,5,Educación,CONTRATADO,MASCULINO,1332
2015,5,Educación,PERMANENTE,FEMENINO,64868
2015,5,Educación,PERMANENTE,MASCULINO,35160
2015,5,Empresas públicas,CONTRATADO,FEMENINO,325
2015,5,Empresas públicas,CONTRATADO,MASCULINO,1528
2015,5,Empresas públicas,PERMANENTE,FEMENINO,1362
2015,5,Empresas públicas,PERMANENTE,MASCULINO,5496
2015,5,Entes autónomos y autárquicos,CONTRATADO,FEMENINO,804
2015,5,Entes autónomos y autárquicos,CONTRATADO,MASCULINO,1188
2015,5,Entes autónomos y autárquicos,PERMANENTE,FEMENINO,2523
2015,5,Entes autónomos y autárquicos,PERMANENTE,MASCULINO,4327
2015,5,Fuerzas públicas,CONTRATADO,FEMENINO,188
2015,5,Fuerzas públicas,CONTRATADO,MASCULINO,168
2015,5,Fuerzas públicas,PERMANENTE,FEMENINO,6242
2015,5,Fuerzas públicas,PERMANENTE,MASCULINO,38768
2015,5,Gobiernos departamentales,CONTRATADO,FEMENINO,459
2015,5,Gobiernos departamentales,CONTRATADO,MASCULINO,756
2015,5,Gobiernos departamentales,PERMANENTE,FEMENINO,348
2015,5,Gobiernos departamentales,PERMANENTE,MASCULINO,727
2015,5,Municipalidades,CONTRATADO,FEMENINO,685
2015,5,Municipalidades,CONTRATADO,MASCULINO,1522
2015,5,Municipalidades,PERMANENTE,FEMENINO,345
2015,5,Municipalidades,PERMANENTE,MASCULINO,689
2015,5,Otros organismos,CONTRATADO,FEMENINO,206
2015,5,Otros organismos,CONTRATADO,MASCULINO,254
2015,5,Otros organismos,PERMANENTE,FEMENINO,1264
2015,5,Otros organismos,PERMANENTE,MASCULINO,2288
2015,5,Poder Judicial,CONTRATADO,FEMENINO,4170
2015,5,Poder Judicial,CONTRATADO,MASCULINO,3628
2015,5,Poder Judicial,PERMANENTE,FEMENINO,10851
2015,5,Poder Judicial,PERMANENTE,MASCULINO,9951
2015,5,Poder Legislativo,CONTRATADO,FEMENINO,483
2015,5,Poder Legislativo,CONTRATADO,MASCULINO,720
2015,5,Poder Legislativo,PERMANENTE,FEMENINO,895
2015,5,Poder Legislativo,PERMANENTE,MASCULINO,1233
2015,5,SA del Estado,CONTRATADO,FEMENINO,157
2015,5,SA del Estado,CONTRATADO,MASCULINO,614
2015,5,SA del Estado,PERMANENTE,FEMENINO,340
2015,5,SA del Estado,PERMANENTE,MASCULINO,1144
2015,5,Salud,CONTRATADO,FEMENINO,14695
2015,5,Salud,CONTRATADO,MASCULINO,8054
2015,5,Salud,PERMANENTE,FEMENINO,21850
2015,5,Salud,PERMANENTE,MASCULINO,11200
2015,5,Servicio civil del Ejecutivo,CONTRATADO,FEMENINO,3931
2015,5,Servicio civil del Ejecutivo,CONTRATADO,MASCULINO,4855
2015,5,Servicio civil del Ejecutivo,PERMANENTE,FEMENINO,4613
2015,5,Servicio civil del Ejecutivo,PERMANENTE,MASCULINO,8093
2015,6,Educación,CONTRATADO,FEMENINO,267
2015,6,Educación,CONTRATADO,MASCULINO,272
2015,6,Educación,PERMANENTE,FEMENINO,57544
2015,6,Educación,PERMANENTE,MASCULINO,28886
2015,6,Empresas públicas,CONTRATADO,FEMENINO,36
2015,6,Empresas públicas,CONTRATADO,MASCULINO,180
2015,6,Empresas públicas,PERMANENTE,FEMENINO,402
2015,6,Empresas públicas,PERMANENTE,MASCULINO,1581
2015,6,Entes autónomos y autárquicos,CONTRATADO,FEMENINO,619
2015,6,Entes autónomos y autárquicos,CONTRATADO,MASCULINO,953
2015,6,Entes autónomos y autárquicos,PERMANENTE,FEMENINO,1983
2015,6,Entes autónomos y autárquicos,PERMANENTE,MASCULINO,3604
2015,6,Fuerzas públicas,CONTRATADO,FEMENINO,187
2015,6,Fuerzas públicas,CONTRATADO,MASCULINO,168
2015,6,Fuerzas públicas,PERMANENTE,FEMENINO,6283
2015,6,Fuerzas públicas,PERMANENTE,MASCULINO,38737
2015,6,Gobiernos departamentales,CONTRATADO,FEMENINO,367
2015,6,Gobiernos departamentales,CONTRATADO,MASCULINO,576
2015,6,Gobiernos departamentales,PERMANENTE,FEMENINO,203
2015,6,Gobiernos departamentales,PERMANENTE,MASCULINO,444
2015,6,Municipalidades,CONTRATADO,FEMENINO,190
2015,6,Municipalidades,CONTRATADO,MASCULINO,427
2015,6,Municipalidades,PERMANENTE,FEMENINO,113
2015,6,Municipalidades,PERMANENTE,MASCULINO,203
2015,6,Otros organismos,CONTRATADO,FEMENINO,146
2015,6,Otros organismos,CONTRATADO,MASCULINO,161
2015,6,Otros organismos,PERMANENTE,FEMENINO,1060
2015,6,Otros organismos,PERMANENTE,MASCULINO,1564
2015,6,Poder Judicial,CONTRATADO,FEMENINO,4087
2015,6,Poder Judicial,CONTRATADO,MASCULINO,3590
2015,6,Poder Judicial,PERMANENTE,FEMENINO,10922
2015,6,Poder Judicial,PERMANENTE,MASCULINO,10003
2015,6,Poder Legislativo,CONTRATADO,FEMENINO,484
2015,6,Poder Legislativo,CONTRATADO,MASCULINO,718
2015,6,Poder Legislativo,PERMANENTE,FEMENINO,897
2015,6,Poder Legislativo,PERMANENTE,MASCULINO,1233
2015,6,SA del Estado,CONTRATADO,FEMENINO,164
2015,6,SA del Estado,CONTRATADO,MASCULINO,638
2015,6,SA del Estado,PERMANENTE,FEMENINO,278
2015,6,SA del Estado,PERMANENTE,MASCULINO,1021
2015,6,Salud,CONTRATADO,FEMENINO,12277
2015,6,Salud,CONTRATADO,MASCULINO,6787
2015,6,Salud,PERMANENTE,FEMENINO,14053
2015,6,Salud,PERMANENTE,MASCULINO,6558
2015,6,Servicio civil del Ejecutivo,CONTRATADO,FEMENINO,3958
2015,6,Servicio civil del Ejecutivo,CONTRATADO,MASCULINO,4890
2015,6,Servicio civil del Ejecutivo,PERMANENTE,FEMENINO,4619
2015,6,Servicio civil del Ejecutivo,PERMANENTE,MASCULINO,8097
2015,7,Educación,CONTRATADO,FEMENINO,1245
2015,7,Educación,CONTRATADO,MASCULINO,1186
2015,7,Educación,PERMANENTE,FEMENINO,64243
2015,7,Educación,PERMANENTE,MASCULINO,33871
2015,7,Empresas públicas,CONTRATADO,FEMENINO,258
2015,7,Empresas públicas,CONTRATADO,MASCULINO,755
2015,7,Empresas públicas,PERMANENTE,FEMENINO,938
2015,7,Empresas públicas,PERMANENTE,MASCULINO,2783
2015,7,Entes autónomos y autárquicos,CONTRATADO,FEMENINO,750
2015,7,Entes autónomos y autárquicos,CONTRATADO,MASCULINO,1147
2015,7,Entes autónomos y autárquicos,PERMANENTE,FEMENINO,2363
2015,7,Entes autónomos y autárquicos,PERMANENTE,MASCULINO,4107
2015,7,Fuerzas públicas,CONTRATADO,FEMENINO,186
2015,7,Fuerzas públicas,CONTRATADO,MASCULINO,168
2015,7,Fuerzas públicas,PERMANENTE,FEMENINO,6331
2015,7,Fuerzas públicas,PERMANENTE,MASCULINO,38207
2015,7,Gobiernos departamentales,CONTRATADO,FEMENINO,390
2015,7,Gobiernos departamentales,CONTRATADO,MASCULINO,582
2015,7,Gobiernos departamentales,PERMANENTE,FEMENINO,266
2015,7,Gobiernos departamentales,PERMANENTE,MASCULINO,524
2015,7,Municipalidades,CONTRATADO,FEMENINO,358
2015,7,Municipalidades,CONTRATADO,MASCULINO,905
2015,7,Municipalidades,PERMANENTE,FEMENINO,196
2015,7,Municipalidades,PERMANENTE,MASCULINO,351
2015,7,Otros organismos,CONTRATADO,FEMENINO,219
2015,7,Otros organismos,CONTRATADO,MASCULINO,298
2015,7,Otros organismos,PERMANENTE,FEMENINO,1316
2015,7,Otros organismos,PERMANENTE,MASCULINO,2349
2015,7,Poder Judicial,CONTRATADO,FEMENINO,3748
2015,7,Poder Judicial,CONTRATADO,MASCULINO,3304
2015,7,Poder Judicial,PERMANENTE,FEMENINO,11001
2015,7,Poder Judicial,PERMANENTE,MASCULINO,10075
2015,7,Poder Legislativo,CONTRATADO,FEMENINO,480
2015,7,Poder Legislativo,CONTRATADO,MASCULINO,713
2015,7,Poder Legislativo,PERMANENTE,FEMENINO,899
2015,7,Poder Legislativo,PERMANENTE,MASCULINO,1229
2015,7,SA del Estado,CONTRATADO,FEMENINO,178
2015,7,SA del Estado,CONTRATADO,MASCULINO,681
2015,7,SA del Estado,PERMANENTE,FEMENINO,1929
2015,7,SA del Estado,PERMANENTE,MASCULINO,3756
2015,7,Salud,CONTRATADO,FEMENINO,9787
2015,7,Salud,CONTRATADO,MASCULINO,5687
2015,7,Salud,PERMANENTE,FEMENINO,17350
2015,7,Salud,PERMANENTE,MASCULINO,8200
2015,7,Servicio civil del Ejecutivo,CONTRATADO,FEMENINO,4056
2015,7,Servicio civil del Ejecutivo,CONTRATADO,MASCULINO,4999
2015,7,Servicio civil del Ejecutivo,PERMANENTE,FEMENINO,4607
2015,7,Servicio civil del Ejecutivo,PERMANENTE,MASCULINO,8089
2015,8,Educación,CONTRATADO,FEMENINO,1858
2015,8,Educación,CONTRATADO,MASCULINO,1662
2015,8,Educación,PERMANENTE,FEMENINO,65696
2015,8,Educación,PERMANENTE,MASCULINO,35817
2015,8,Empresas públicas,CONTRATADO,FEMENINO,502
2015,8,Empresas públicas,CONTRATADO,MASCULINO,1772
2015,8,Empresas públicas,PERMANENTE,FEMENINO,1765
2015,8,Empresas públicas,PERMANENTE,MASCULINO,6064
2015,8,Entes autónomos y autárquicos,CONTRATADO,FEMENINO,885
2015,8,Entes autónomos y autárquicos,CONTRATADO,MASCULINO,1291
2015,8,Entes autónomos y autárquicos,PERMANENTE,FEMENINO,2466
2015,8,Entes autónomos y autárquicos,PERMANENTE,MASCULINO,4328
2015,8,Fuerzas públicas,CONTRATADO,FEMENINO,181
2015,8,Fuerzas públicas,CONTRATADO,MASCULINO,169
2015,8,Fuerzas públicas,PERMANENTE,FEMENINO,6328
2015,8,Fuerzas públicas,PERMANENTE,MASCULINO,38168
2015,8,Gobiernos departamentales,CONTRATADO,FEMENINO,442
2015,8,Gobiernos departamentales,CONTRATADO,MASCULINO,649
2015,8,Gobiernos departamentales,PERMANENTE,FEMENINO,308
2015,8,Gobiernos departamentales,PERMANENTE,MASCULINO,606
2015,8,Municipalidades,CONTRATADO,FEMENINO,720
2015,8,Municipalidades,CONTRATADO,MASCULINO,1557
2015,8,Municipalidades,PERMANENTE,FEMENINO,359
2015,8,Municipalidades,PERMANENTE,MASCULINO,625
2015,8,Otros organismos,CONTRATADO,FEMENINO,248
2015,8,Otros organismos,CONTRATADO,MASCULINO,333
2015,8,Otros organismos,PERMANENTE,FEMENINO,1334
2015,8,Otros organismos,PERMANENTE,MASCULINO,2364
2015,8,Poder Judicial,CONTRATADO,FEMENINO,3778
2015,8,Poder Judicial,CONTRATADO,MASCULINO,3339
2015,8,Poder Judicial,PERMANENTE,FEMENINO,11075
2015,8,Poder Judicial,PERMANENTE,MASCULINO,10097
2015,8,Poder Legislativo,CONTRATADO,FEMENINO,481
2015,8,Poder Legislativo,CONTRATADO,MASCULINO,710
2015,8,Poder Legislativo,PERMANENTE,FEMENINO,903
2015,8,Poder Legislativo,PERMANENTE,MASCULINO,1228
2015,8,SA del Estado,CONTRATADO,FEMENINO,186
2015,8,SA del Estado,CONTRATADO,MASCULINO,699
2015,8,SA del Estado,PERMANENTE,FEMENINO,1935
2015,8,SA del Estado,PERMANENTE,MASCULINO,3754
2015,8,Salud,CONTRATADO,FEMENINO,9708
2015,8,Salud,CONTRATADO,MASCULINO,5675
2015,8,Salud,PERMANENTE,FEMENINO,17323
2015,8,Salud,PERMANENTE,MASCULINO,8192
2015,8,Servicio civil del Ejecutivo,CONTRATADO,FEMENINO,4054
2015,8,Servicio civil del Ejecutivo,CONTRATADO,MASCULINO,5020
2015,8,Servicio civil del Ejecutivo,PERMANENTE,FEMENINO,4655
2015,8,Servicio civil del Ejecutivo,PERMANENTE,MASCULINO,8115
2015,9,Educación,CONTRATADO,FEMENINO,897
2015,9,Educación,CONTRATADO,MASCULINO,887
2015,9,Educación,PERMANENTE,FEMENINO,62456
2015,9,Educación,PERMANENTE,MASCULINO,33687
2015,9,Empresas públicas,CONTRATADO,FEMENINO,497
2015,9,Empresas públicas,CONTRATADO,MASCULINO,1768
2015,9,Empresas públicas,PERMANENTE,FEMENINO,1760
2015,9,Empresas públicas,PERMANENTE,MASCULINO,6053
2015,9,Entes autónomos y autárquicos,CONTRATADO,FEMENINO,897
2015,9,Entes autónomos y autárquicos,CONTRATADO,MASCULINO,1305
2015,9,Entes autónomos y autárquicos,PERMANENTE,FEMENINO,2508
2015,9,Entes autónomos y autárquicos,PERMANENTE,MASCULINO,4393
2015,9,Fuerzas públicas,CONTRATADO,FEMENINO,183
2015,9,Fuerzas públicas,CONTRATADO,MASCULINO,165
2015,9,Fuerzas públicas,PERMANENTE,FEMENINO,6314
2015,9,Fuerzas públicas,PERMANENTE,MASCULINO,38061
2015,9,Gobiernos departamentales,CONTRATADO,FEMENINO,418
2015,9,Gobiernos departamentales,CONTRATADO,MASCULINO,619
2015,9,Gobiernos departamentales,PERMANENTE,FEMENINO,290
2015,9,Gobiernos departamentales,PERMANENTE,MASCULINO,575
2015,9,Municipalidades,CONTRATADO,FEMENINO,727
2015,9,Municipalidades,CONTRATADO,MASCULINO,1591
2015,9,Municipalidades,PERMANENTE,FEMENINO,353
2015,9,Municipalidades,PERMANENTE,MASCULINO,608
2015,9,Otros organismos,CONTRATADO,FEMENINO,250
2015,9,Otros organismos,CONTRATADO,MASCULINO,335
2015,9,Otros organismos,PERMANENTE,FEMENINO,1332
2015,9,Otros organismos,PERMANENTE,MASCULINO,2354
2015,9,Poder Judicial,CONTRATADO,FEMENINO,3773
2015,9,Poder Judicial,CONTRATADO,MASCULINO,3354
2015,9,Poder Judicial,PERMANENTE,FEMENINO,11129
2015,9,Poder Judicial,PERMANENTE,MASCULINO,10103
2015,9,Poder Legislativo,CONTRATADO,FEMENINO,480
2015,9,Poder Legislativo,CONTRATADO,MASCULINO,709
2015,9,Poder Legislativo,PERMANENTE,FEMENINO,905
2015,9,Poder Legislativo,PERMANENTE,MASCULINO,1230
2015,9,SA del Estado,CONTRATADO,FEMENINO,190
2015,9,SA del Estado,CONTRATADO,MASCULINO,710
2015,9,SA del Estado,PERMANENTE,FEMENINO,1927
2015,9,SA del Estado,PERMANENTE,MASCULINO,3739
2015,9,Salud,CONTRATADO,FEMENINO,9754
2015,9,Salud,CONTRATADO,MASCULINO,5699
2015,9,Salud,PERMANENTE,FEMENINO,17304
2015,9,Salud,PERMANENTE,MASCULINO,8184
2015,9,Servicio civil del Ejecutivo,CONTRATADO,FEMENINO,4080
2015,9,Servicio civil del Ejecutivo,CONTRATADO,MASCULINO,5040
2015,9,Servicio civil del Ejecutivo,PERMANENTE,FEMENINO,4625
2015,9,Servicio civil del Ejecutivo,PERMANENTE,MASCULINO,8064
2015,10,Educación,CONTRATADO,FEMENINO,1576
2015,10,Educación,CONTRATADO,MASCULINO,1396
2015,10,Educación,PERMANENTE,FEMENINO,65167
2015,10,Educación,PERMANENTE,MASCULINO,35088
2015,10,Empresas públicas,CONTRATADO,FEMENINO,462
2015,10,Empresas públicas,CONTRATADO,MASCULINO,1701
2015,10,Empresas públicas,PERMANENTE,FEMENINO,1742
2015,10,Empresas públicas,PERMANENTE,MASCULINO,5893
2015,10,Entes autónomos y autárquicos,CONTRATADO,FEMENINO,891
2015,10,Entes autónomos y autárquicos,CONTRATADO,MASCULINO,1303
2015,10,Entes autónomos y autárquicos,PERMANENTE,FEMENINO,2463
2015,10,Entes autónomos y autárquicos,PERMANENTE,MASCULINO,4349
2015,10,Fuerzas públicas,CONTRATADO,FEMENINO,192
2015,10,Fuerzas públicas,CONTRATADO,MASCULINO,171
2015,10,Fuerzas públicas,PERMANENTE,FEMENINO,6311
2015,10,Fuerzas públicas,PERMANENTE,MASCULINO,38247
2015,10,Gobiernos departamentales,CONTRATADO,FEMENINO,429
2015,10,Gobiernos departamentales,CONTRATADO,MASCULINO,645
2015,10,Gobiernos departamentales,PERMANENTE,FEMENINO,290
2015,10,Gobiernos departamentales,PERMANENTE,MASCULINO,575
2015,10,Municipalidades,CONTRATADO,FEMENINO,706
2015,10,Municipalidades,CONTRATADO,MASCULINO,1503
2015,10,Municipalidades,PERMANENTE,FEMENINO,349
2015,10,Municipalidades,PERMANENTE,MASCULINO,598
2015,10,Otros organismos,CONTRATADO,FEMENINO,258
2015,10,Otros organismos,CONTRATADO,MASCULINO,336
2015,10,Otros organismos,PERMANENTE,FEMENINO,1327
2015,10,Otros organismos,PERMANENTE,MASCULINO,2351
2015,10,Poder Judicial,CONTRATADO,FEMENINO,3769
2015,10,Poder Judicial,CONTRATADO,MASCULINO,3334
2015,10,Poder Judicial,PERMANENTE,FEMENINO,11183
2015,10,Poder Judicial,PERMANENTE,MASCULINO,10133
2015,10,Poder Legislativo,CONTRATADO,FEMENINO,472
2015,10,Poder Legislativo,CONTRATADO,MASCULINO,695
2015,10,Poder Legislativo,PERMANENTE,FEMENINO,907
2015,10,Poder Legislativo,PERMANENTE,MASCULINO,1233
2015,10,SA del Estado,CONTRATADO,FEMENINO,190
2015,10,SA del Estado,CONTRATADO,MASCULINO,710
2015,10,SA del Estado,PERMANENTE,FEMENINO,1916
2015,10,SA del Estado,PERMANENTE,MASCULINO,3735
2015,10,Salud,CONTRATADO,FEMENINO,9804
2015,10,Salud,CONTRATADO,MASCULINO,5703
2015,10,Salud,PERMANENTE,FEMENINO,17297
2015,10,Salud,PERMANENTE,MASCULINO,8177
2015,10,Servicio civil del Ejecutivo,CONTRATADO,FEMENINO,4145
2015,10,Servicio civil del Ejecutivo,CONTRATADO,MASCULINO,5103
2015,10,Servicio civil del Ejecutivo,PERMANENTE,FEMENINO,4694
2015,10,Servicio civil del Ejecutivo,PERMANENTE,MASCULINO,8182
2015,11,Educación,CONTRATADO,FEMENINO,1846
2015,11,Educación,CONTRATADO,MASCULINO,1496
2015,11,Educación,PERMANENTE,FEMENINO,65283
2015,11,Educación,PERMANENTE,MASCULINO,35270
2015,11,Empresas públicas,CONTRATADO,FEMENINO,495
2015,11,Empresas públicas,CONTRATADO,MASCULINO,1898
2015,11,Empresas públicas,PERMANENTE,FEMENINO,1757
2015,11,Empresas públicas,PERMANENTE,MASCULINO,6026
2015,11,Entes autónomos y autárquicos,CONTRATADO,FEMENINO,914
2015,11,Entes autónomos y autárquicos,CONTRATADO,MASCULINO,1323
2015,11,Entes autónomos y autárquicos,PERMANENTE,FEMENINO,2466
2015,11,Entes autónomos y autárquicos,PERMANENTE,MASCULINO,4350
2015,11,Fuerzas públicas,CONTRATADO,FEMENINO,191
2015,11,Fuerzas públicas,CONTRATADO,MASCULINO,173
2015,11,Fuerzas públicas,PERMANENTE,FEMENINO,6311
2015,11,Fuerzas públicas,PERMANENTE,MASCULINO,38172
2015,11,Gobiernos departamentales,CONTRATADO,FEMENINO,377
2015,11,Gobiernos departamentales,CONTRATADO,MASCULINO,574
2015,11,Gobiernos departamentales,PERMANENTE,FEMENINO,290
2015,11,Gobiernos departamentales,PERMANENTE,MASCULINO,576
2015,11,Municipalidades,CONTRATADO,FEMENINO,636
2015,11,Municipalidades,CONTRATADO,MASCULINO,1346
2015,11,Municipalidades,PERMANENTE,FEMENINO,337
2015,11,Municipalidades,PERMANENTE,MASCULINO,596
2015,11,Otros organismos,CONTRATADO,FEMENINO,253
2015,11,Otros organismos,CONTRATADO,MASCULINO,334
2015,11,Otros organismos,PERMANENTE,FEMENINO,1337
2015,11,Otros organismos,PERMANENTE,MASCULINO,2355
2015,11,Poder Judicial,CONTRATADO,FEMENINO,3679
2015,11,Poder Judicial,CONTRATADO,MASCULINO,3190
2015,11,Poder Judicial,PERMANENTE,FEMENINO,11235
2015,11,Poder Judicial,PERMANENTE,MASCULINO,10183
2015,11,Poder Legislativo,CONTRATADO,FEMENINO,473
2015,11,Poder Legislativo,CONTRATADO,MASCULINO,697
2015,11,Poder Legislativo,PERMANENTE,FEMENINO,908
2015,11,Poder Legislativo,PERMANENTE,MASCULINO,1232
2015,11,SA del Estado,CONTRATADO,FEMENINO,197
2015,11,SA del Estado,CONTRATADO,MASCULINO,723
2015,11,SA del Estado,PERMANENTE,FEMENINO,1914
2015,11,SA del Estado,PERMANENTE,MASCULINO,3733
2015,11,Salud,CONTRATADO,FEMENINO,9926
2015,11,Salud,CONTRATADO,MASCULINO,5734
2015,11,Salud,PERMANENTE,FEMENINO,17287
2015,11,Salud,PERMANENTE,MASCULINO,8166
2015,11,Servicio civil del Ejecutivo,CONTRATADO,FEMENINO,4099
2015,11,Servicio civil del Ejecutivo,CONTRATADO,MASCULINO,5008
2015,11,Servicio civil del Ejecutivo,PERMANENTE,FEMENINO,4732
2015,11,Servicio civil del Ejecutivo,PERMANENTE,MASCULINO,8281
2015,12,Educación,CONTRATADO,FEMENINO,1790
2015,12,Educación,CONTRATADO,MASCULINO,1618
2015,12,Educación,PERMANENTE,FEMENINO,65799
2015,12,Educación,PERMANENTE,MASCULINO,35763
2015,12,Empresas públicas,CONTRATADO,FEMENINO,320
2015,12,Empresas públicas,CONTRATADO,MASCULINO,1608
2015,12,Empresas públicas,PERMANENTE,FEMENINO,1264
2015,12,Empresas públicas,PERMANENTE,MASCULINO,4908
2015,12,Entes autónomos y autárquicos,CONTRATADO,FEMENINO,980
2015,12,Entes autónomos y autárquicos,CONTRATADO,MASCULINO,1413
2015,12,Entes autónomos y autárquicos,PERMANENTE,FEMENINO,2610
2015,12,Entes autónomos y autárquicos,PERMANENTE,MASCULINO,4510
2015,12,Fuerzas públicas,CONTRATADO,FEMENINO,188
2015,12,Fuerzas públicas,CONTRATADO,MASCULINO,169
2015,12,Fuerzas públicas,PERMANENTE,FEMENINO,6302
2015,12,Fuerzas públicas,PERMANENTE,MASCULINO,38012
2015,12,Gobiernos departamentales,CONTRATADO,FEMENINO,360
2015,12,Gobiernos departamentales,CONTRATADO,MASCULINO,570
2015,12,Gobiernos departamentales,PERMANENTE,FEMENINO,304
2015,12,Gobiernos departamentales,PERMANENTE,MASCULINO,613
2015,12,Municipalidades,CONTRATADO,FEMENINO,596
2015,12,Municipalidades,CONTRATADO,MASCULINO,1325
2015,12,Municipalidades,PERMANENTE,FEMENINO,343
2015,12,Municipalidades,PERMANENTE,MASCULINO,613
2015,12,Otros organismos,CONTRATADO,FEMENINO,252
2015,12,Otros organismos,CONTRATADO,MASCULINO,351
2015,12,Otros organismos,PERMANENTE,FEMENINO,1342
2015,12,Otros organismos,PERMANENTE,MASCULINO,2361
2015,12,Poder Judicial,CONTRATADO,FEMENINO,3673
2015,12,Poder Judicial,CONTRATADO,MASCULINO,3197
2015,12,Poder Judicial,PERMANENTE,FEMENINO,11237
2015,12,Poder Judicial,PERMANENTE,MASCULINO,10179
2015,12,Poder Legislativo,CONTRATADO,FEMENINO,472
2015,12,Poder Legislativo,CONTRATADO,MASCULINO,697
2015,12,Poder Legislativo,PERMANENTE,FEMENINO,908
2015,12,Poder Legislativo,PERMANENTE,MASCULINO,1232
2015,12,SA del Estado,CONTRATADO,FEMENINO,195
2015,12,SA del Estado,CONTRATADO,MASCULINO,722
2015,12,SA del Estado,PERMANENTE,FEMENINO,1892
2015,12,SA del Estado,PERMANENTE,MASCULINO,3704
2015,12,Salud,CONTRATADO,FEMENINO,10150
2015,12,Salud,CONTRATADO,MASCULINO,5795
2015,12,Salud,PERMANENTE,FEMENINO,17278
2015,12,Salud,PERMANENTE,MASCULINO,8157
2015,12,Servicio civil del Ejecutivo,CONTRATADO,FEMENINO,4011
2015,12,Servicio civil del Ejecutivo,CONTRATADO,MASCULINO,4946
2015,12,Servicio civil del Ejecutivo,PERMANENTE,FEMENINO,4730
2015,12,Servicio civil del Ejecutivo,PERMANENTE,MASCULINO,8276
2016,1,Educación,CONTRATADO,FEMENINO,1327
2016,1,Educación,CONTRATADO,MASCULINO,1241
2016,1,Educación,PERMANENTE,FEMENINO,66537
2016,1,Educación,PERMANENTE,MASCULINO,36566
2016,1,Empresas públicas,CONTRATADO,FEMENINO,508
2016,1,Empresas públicas,CONTRATADO,MASCULINO,1969
2016,1,Empresas públicas,PERMANENTE,FEMENINO,1847
2016,1,Empresas públicas,PERMANENTE,MASCULINO,6468
2016,1,Entes autónomos y autárquicos,CONTRATADO,FEMENINO,861
2016,1,Entes autónomos y autárquicos,CONTRATADO,MASCULINO,1227
2016,1,Entes autónomos y autárquicos,PERMANENTE,FEMENINO,2664
2016,1,Entes autónomos y autárquicos,PERMANENTE,MASCULINO,4575
2016,1,Fuerzas públicas,CONTRATADO,FEMENINO,172
2016,1,Fuerzas públicas,CONTRATADO,MASCULINO,155
2016,1,Fuerzas públicas,PERMANENTE,FEMENINO,6264
2016,1,Fuerzas públicas,PERMANENTE,MASCULINO,36086
2016,1,Gobiernos departamentales,CONTRATADO,FEMENINO,424
2016,1,Gobiernos departamentales,CONTRATADO,MASCULINO,749
2016,1,Gobiernos departamentales,PERMANENTE,FEMENINO,388
2016,1,Gobiernos departamentales,PERMANENTE,MASCULINO,824
2016,1,Municipalidades,CONTRATADO,FEMENINO,2150
2016,1,Municipalidades,CONTRATADO,MASCULINO,4785
2016,1,Municipalidades,PERMANENTE,FEMENINO,1293
2016,1,Municipalidades,PERMANENTE,MASCULINO,2510
2016,1,Otros organismos,CONTRATADO,FEMENINO,251
2016,1,Otros organismos,CONTRATADO,MASCULINO,349
2016,1,Otros organismos,PERMANENTE,FEMENINO,1353
2016,1,Otros organismos,PERMANENTE,MASCULINO,2372
2016,1,Poder Judicial,CONTRATADO,FEMENINO,3227
2016,1,Poder Judicial,CONTRATADO,MASCULINO,2852
2016,1,Poder Judicial,PERMANENTE,FEMENINO,11231
2016,1,Poder Judicial,PERMANENTE,MASCULINO,10165
2016,1,Poder Legislativo,CONTRATADO,FEMENINO,454
2016,1,Poder Legislativo,CONTRATADO,MASCULINO,669
2016,1,Poder Legislativo,PERMANENTE,FEMENINO,904
2016,1,Poder Legislativo,PERMANENTE,MASCULINO,1228
2016,1,SA del Estado,CONTRATADO,FEMENINO,194
2016,1,SA del Estado,CONTRATADO,MASCULINO,723
2016,1,SA del Estado,PERMANENTE,FEMENINO,1889
2016,1,SA del Estado,PERMANENTE,MASCULINO,3687
2016,1,Salud,CONTRATADO,FEMENINO,13206
2016,1,Salud,CONTRATADO,MASCULINO,7321
2016,1,Salud,PERMANENTE,FEMENINO,24923
2016,1,Salud,PERMANENTE,MASCULINO,12668
2016,1,Servicio civil del Ejecutivo,CONTRATADO,FEMENINO,3457
2016,1,Servicio civil del Ejecutivo,CONTRATADO,MASCULINO,4203
2016,1,Servicio civil del Ejecutivo,PERMANENTE,FEMENINO,4767
2016,1,Servicio civil del Ejecutivo,PERMANENTE,MASCULINO,8293
2016,2,Educación,CONTRATADO,FEMENINO,1401
2016,2,Educación,CONTRATADO,MASCULINO,1274
2016,2,Educación,PERMANENTE,FEMENINO,66273
2016,2,Educación,PERMANENTE,MASCULINO,36357
2016,2,Empresas públicas,CONTRATADO,FEMENINO,494
2016,2,Empresas públicas,CONTRATADO,MASCULINO,1803
2016,2,Empresas públicas,PERMANENTE,FEMENINO,1842
2016,2,Empresas públicas,PERMANENTE,MASCULINO,6461
2016,2,Entes autónomos y autárquicos,CONTRATADO,FEMENINO,870
2016,2,Entes autónomos y autárquicos,CONTRATADO,MASCULINO,1241
2016,2,Entes autónomos y autárquicos,PERMANENTE,FEMENINO,2673
2016,2,Entes autónomos y autárquicos,PERMANENTE,MASCULINO,4582
2016,2,Fuerzas públicas,CONTRATADO,FEMENINO,174
2016,2,Fuerzas públicas,CONTRATADO,MASCULINO,156
2016,2,Fuerzas públicas,PERMANENTE,FEMENINO,6291
2016,2,Fuerzas públicas,PERMANENTE,MASCULINO,37200
2016,2,Gobiernos departamentales,CONTRATADO,FEMENINO,431
2016,2,Gobiernos departamentales,CONTRATADO,MASCULINO,785
2016,2,Gobiernos departamentales,PERMANENTE,FEMENINO,390
2016,2,Gobiernos departamentales,PERMANENTE,MASCULINO,826
2016,2,Municipalidades,CONTRATADO,FEMENINO,2453
2016,2,Municipalidades,CONTRATADO,MASCULINO,5381
2016,2,Municipalidades,PERMANENTE,FEMENINO,1317
2016,2,Municipalidades,PERMANENTE,MASCULINO,2613
2016,2,Otros organismos,CONTRATADO,FEMENINO,258
2016,2,Otros organismos,CONTRATADO,MASCULINO,336
2016,2,Otros organismos,PERMANENTE,FEMENINO,1359
2016,2,Otros organismos,PERMANENTE,MASCULINO,2399
2016,2,Poder Judicial,CONTRATADO,FEMENINO,3111
2016,2,Poder Judicial,CONTRATADO,MASCULINO,2737
2016,2,Poder Judicial,PERMANENTE,FEMENINO,11276
2016,2,Poder Judicial,PERMANENTE,MASCULINO,10183
2016,2,Poder Legislativo,CONTRATADO,FEMENINO,446
2016,2,Poder Legislativo,CONTRATADO,MASCULINO,659
2016,2,Poder Legislativo,PERMANENTE,FEMENINO,906
2016,2,Poder Legislativo,PERMANENTE,MASCULINO,1231
2016,2,SA del Estado,CONTRATADO,FEMENINO,194
2016,2,SA del Estado,CONTRATADO,MASCULINO,718
2016,2,SA del Estado,PERMANENTE,FEMENINO,1875
2016,2,SA del Estado,PERMANENTE,MASCULINO,3658
2016,2,Salud,CONTRATADO,FEMENINO,13202
2016,2,Salud,CONTRATADO,MASCULINO,7369
2016,2,Salud,PERMANENTE,FEMENINO,24885
2016,2,Salud,PERMANENTE,MASCULINO,12641
2016,2,Servicio civil del Ejecutivo,CONTRATADO,FEMENINO,3686
2016,2,Servicio civil del Ejecutivo,CONTRATADO,MASCULINO,4467
2016,2,Servicio civil del Ejecutivo,PERMANENTE,FEMENINO,4845
2016,2,Servicio civil del Ejecutivo,PERMANENTE,MASCULINO,8325
2016,3,Educación,CONTRATADO,FEMENINO,1489
2016,3,Educación,CONTRATADO,MASCULINO,1342
2016,3,Educación,PERMANENTE,FEMENINO,66117
2016,3,Educación,PERMANENTE,MASCULINO,36248
2016,3,Empresas públicas,CONTRATADO,FEMENINO,510
2016,3,Empresas públicas,CONTRATADO,MASCULINO,1954
2016,3,Empresas públicas,PERMANENTE,FEMENINO,1841
2016,3,Empresas públicas,PERMANENTE,MASCULINO,6455
2016,3,Entes autónomos y autárquicos,CONTRATADO,FEMENINO,875
2016,3,Entes autónomos y autárquicos,CONTRATADO,MASCULINO,1236
2016,3,Entes autónomos y autárquicos,PERMANENTE,FEMENINO,2671
2016,3,Entes autónomos y autárquicos,PERMANENTE,MASCULINO,4565
2016,3,Fuerzas públicas,CONTRATADO,FEMENINO,174
2016,3,Fuerzas públicas,CONTRATADO,MASCULINO,155
2016,3,Fuerzas públicas,PERMANENTE,FEMENINO,6312
2016,3,Fuerzas públicas,PERMANENTE,MASCULINO,37764
2016,3,Gobiernos departamentales,CONTRATADO,FEMENINO,420
2016,3,Gobiernos departamentales,CONTRATADO,MASCULINO,750
2016,3,Gobiernos departamentales,PERMANENTE,FEMENINO,391
2016,3,Gobiernos departamentales,PERMANENTE,MASCULINO,825
2016,3,Municipalidades,CONTRATADO,FEMENINO,3112
2016,3,Municipalidades,CONTRATADO,MASCULINO,6445
2016,3,Municipalidades,PERMANENTE,FEMENINO,1570
2016,3,Municipalidades,PERMANENTE,MASCULINO,3157
2016,3,Otros organismos,CONTRATADO,FEMENINO,252
2016,3,Otros organismos,CONTRATADO,MASCULINO,327
2016,3,Otros organismos,PERMANENTE,FEMENINO,1366
2016,3,Otros organismos,PERMANENTE,MASCULINO,2419
2016,3,Poder Judicial,CONTRATADO,FEMENINO,3055
2016,3,Poder Judicial,CONTRATADO,MASCULINO,2701
2016,3,Poder Judicial,PERMANENTE,FEMENINO,11280
2016,3,Poder Judicial,PERMANENTE,MASCULINO,10172
2016,3,Poder Legislativo,CONTRATADO,FEMENINO,441
2016,3,Poder Legislativo,CONTRATADO,MASCULINO,649
2016,3,Poder Legislativo,PERMANENTE,FEMENINO,901
2016,3,Poder Legislativo,PERMANENTE,MASCULINO,1234
2016,3,SA del Estado,CONTRATADO,FEMENINO,130
2016,3,SA del Estado,CONTRATADO,MASCULINO,605
2016,3,SA del Estado,PERMANENTE,FEMENINO,1865
2016,3,SA del Estado,PERMANENTE,MASCULINO,3639
2016,3,Salud,CONTRATADO,FEMENINO,13707
2016,3,Salud,CONTRATADO,MASCULINO,7646
2016,3,Salud,PERMANENTE,FEMENINO,24820
2016,3,Salud,PERMANENTE,MASCULINO,12583
2016,3,Servicio civil del Ejecutivo,CONTRATADO,FEMENINO,3903
2016,3,Servicio civil del Ejecutivo,CONTRATADO,MASCULINO,4677
2016,3,Servicio civil del Ejecutivo,PERMANENTE,FEMENINO,4875
2016,3,Servicio civil del Ejecutivo,PERMANENTE,MASCULINO,8346
2016,4,Educación,CONTRATADO,FEMENINO,1532
2016,4,Educación,CONTRATADO,MASCULINO,1429
2016,4,Educación,PERMANENTE,FEMENINO,66071
2016,4,Educación,PERMANENTE,MASCULINO,36200
2016,4,Empresas públicas,CONTRATADO,FEMENINO,467
2016,4,Empresas públicas,CONTRATADO,MASCULINO,1789
2016,4,Empresas públicas,PERMANENTE,FEMENINO,1730
2016,4,Empresas públicas,PERMANENTE,MASCULINO,5965
2016,4,Entes autónomos y autárquicos,CONTRATADO,FEMENINO,882
2016,4,Entes autónomos y autárquicos,CONTRATADO,MASCULINO,1236
2016,4,Entes autónomos y autárquicos,PERMANENTE,FEMENINO,2662
2016,4,Entes autónomos y autárquicos,PERMANENTE,MASCULINO,4561
2016,4,Fuerzas públicas,CONTRATADO,FEMENINO,178
2016,4,Fuerzas públicas,CONTRATADO,MASCULINO,156
2016,4,Fuerzas públicas,PERMANENTE,FEMENINO,6330
2016,4,Fuerzas públicas,PERMANENTE,MASCULINO,38273
2016,4,Gobiernos departamentales,CONTRATADO,FEMENINO,458
2016,4,Gobiernos departamentales,CONTRATADO,MASCULINO,774
2016,4,Gobiernos departamentales,PERMANENTE,FEMENINO,392
2016,4,Gobiernos departamentales,PERMANENTE,MASCULINO,825
2016,4,Municipalidades,CONTRATADO,FEMENINO,3442
2016,4,Municipalidades,CONTRATADO,MASCULINO,6861
2016,4,Municipalidades,PERMANENTE,FEMENINO,1554
2016,4,Municipalidades,PERMANENTE,MASCULINO,3142
2016,4,Otros organismos,CONTRATADO,FEMENINO,255
2016,4,Otros organismos,CONTRATADO,MASCULINO,325
2016,4,Otros organismos,PERMANENTE,FEMENINO,1365
2016,4,Otros organismos,PERMANENTE,MASCULINO,2418
2016,4,Poder Judicial,CONTRATADO,FEMENINO,2727
2016,4,Poder Judicial,CONTRATADO,MASCULINO,2389
2016,4,Poder Judicial,PERMANENTE,FEMENINO,11284
2016,4,Poder Judicial,PERMANENTE,MASCULINO,10167
2016,4,Poder Legislativo,CONTRATADO,FEMENINO,442
2016,4,Poder Legislativo,CONTRATADO,MASCULINO,662
2016,4,Poder Legislativo,PERMANENTE,FEMENINO,890
2016,4,Poder Legislativo,PERMANENTE,MASCULINO,1208
2016,4,SA del Estado,CONTRATADO,FEMENINO,115
2016,4,SA del Estado,CONTRATADO,MASCULINO,562
2016,4,SA del Estado,PERMANENTE,FEMENINO,1856
2016,4,SA del Estado,PERMANENTE,MASCULINO,3628
2016,4,Salud,CONTRATADO,FEMENINO,13680
2016,4,Salud,CONTRATADO,MASCULINO,7624
2016,4,Salud,PERMANENTE,FEMENINO,24767
2016,4,Salud,PERMANENTE,MASCULINO,12546
2016,4,Servicio civil del Ejecutivo,CONTRATADO,FEMENINO,3923
2016,4,Servicio civil del Ejecutivo,CONTRATADO,MASCULINO,4796
2016,4,Servicio civil del Ejecutivo,PERMANENTE,FEMENINO,4886
2016,4,Servicio civil del Ejecutivo,PERMANENTE,MASCULINO,8330
2016,5,Educación,CONTRATADO,FEMENINO,1530
2016,5,Educación,CONTRATADO,MASCULINO,1478
2016,5,Educación,PERMANENTE,FEMENINO,66060
2016,5,Educación,PERMANENTE,MASCULINO,36203
2016,5,Empresas públicas,CONTRATADO,FEMENINO,503
2016,5,Empresas públicas,CONTRATADO,MASCULINO,1941
2016,5,Empresas públicas,PERMANENTE,FEMENINO,1831
2016,5,Empresas públicas,PERMANENTE,MASCULINO,6417
2016,5,Entes autónomos y autárquicos,CONTRATADO,FEMENINO,885
2016,5,Entes autónomos y autárquicos,CONTRATADO,MASCULINO,1239
2016,5,Entes autónomos y autárquicos,PERMANENTE,FEMENINO,2661
2016,5,Entes autónomos y autárquicos,PERMANENTE,MASCULINO,4555
2016,5,Fuerzas públicas,CONTRATADO,FEMENINO,181
2016,5,Fuerzas públicas,CONTRATADO,MASCULINO,160
2016,5,Fuerzas públicas,PERMANENTE,FEMENINO,6315
2016,5,Fuerzas públicas,PERMANENTE,MASCULINO,38229
2016,5,Gobiernos departamentales,CONTRATADO,FEMENINO,464
2016,5,Gobiernos departamentales,CONTRATADO,MASCULINO,775
2016,5,Gobiernos departamentales,PERMANENTE,FEMENINO,391
2016,5,Gobiernos departamentales,PERMANENTE,MASCULINO,823
2016,5,Municipalidades,CONTRATADO,FEMENINO,3731
2016,5,Municipalidades,CONTRATADO,MASCULINO,7314
2016,5,Municipalidades,PERMANENTE,FEMENINO,1760
2016,5,Municipalidades,PERMANENTE,MASCULINO,3508
2016,5,Otros organismos,CONTRATADO,FEMENINO,208
2016,5,Otros organismos,CONTRATADO,MASCULINO,237
2016,5,Otros organismos,PERMANENTE,FEMENINO,1416
2016,5,Otros organismos,PERMANENTE,MASCULINO,2505
2016,5,Poder Judicial,CONTRATADO,FEMENINO,2740
2016,5,Poder Judicial,CONTRATADO,MASCULINO,2385
2016,5,Poder Judicial,PERMANENTE,FEMENINO,11314
2016,5,Poder Judicial,PERMANENTE,MASCULINO,10186
2016,5,Poder Legislativo,CONTRATADO,FEMENINO,445
2016,5,Poder Legislativo,CONTRATADO,MASCULINO,669
2016,5,Poder Legislativo,PERMANENTE,FEMENINO,890
2016,5,Poder Legislativo,PERMANENTE,MASCULINO,1210
2016,5,SA del Estado,CONTRATADO,FEMENINO,115
2016,5,SA del Estado,CONTRATADO,MASCULINO,562
2016,5,SA del Estado,PERMANENTE,FEMENINO,1853
2016,5,SA del Estado,PERMANENTE,MASCULINO,3622
2016,5,Salud,CONTRATADO,FEMENINO,13445
2016,5,Salud,CONTRATADO,MASCULINO,7580
2016,5,Salud,PERMANENTE,FEMENINO,24731
2016,5,Salud,PERMANENTE,MASCULINO,12526
2016,5,Servicio civil del Ejecutivo,CONTRATADO,FEMENINO,3984
2016,5,Servicio civil del Ejecutivo,CONTRATADO,MASCULINO,4840
2016,5,Servicio civil del Ejecutivo,PERMANENTE,FEMENINO,4894
2016,5,Servicio civil del Ejecutivo,PERMANENTE,MASCULINO,8330
2016,6,Educación,CONTRATADO,FEMENINO,1596
2016,6,Educación,CONTRATADO,MASCULINO,1508
2016,6,Educación,PERMANENTE,FEMENINO,66171
2016,6,Educación,PERMANENTE,MASCULINO,36239
2016,6,Empresas públicas,CONTRATADO,FEMENINO,529
2016,6,Empresas públicas,CONTRATADO,MASCULINO,2003
2016,6,Empresas públicas,PERMANENTE,FEMENINO,1827
2016,6,Empresas públicas,PERMANENTE,MASCULINO,6391
2016,6,Entes autónomos y autárquicos,CONTRATADO,FEMENINO,913
2016,6,Entes autónomos y autárquicos,CONTRATADO,MASCULINO,1268
2016,6,Entes autónomos y autárquicos,PERMANENTE,FEMENINO,2661
2016,6,Entes autónomos y autárquicos,PERMANENTE,MASCULINO,4542
2016,6,Fuerzas públicas,CONTRATADO,FEMENINO,180
2016,6,Fuerzas públicas,CONTRATADO,MASCULINO,161
2016,6,Fuerzas públicas,PERMANENTE,FEMENINO,6394
2016,6,Fuerzas públicas,PERMANENTE,MASCULINO,38824
2016,6,Gobiernos departamentales,CONTRATADO,FEMENINO,463
2016,6,Gobiernos departamentales,CONTRATADO,MASCULINO,777
2016,6,Gobiernos departamentales,PERMANENTE,FEMENINO,391
2016,6,Gobiernos departamentales,PERMANENTE,MASCULINO,819
2016,6,Municipalidades,CONTRATADO,FEMENINO,3853
2016,6,Municipalidades,CONTRATADO,MASCULINO,7537
2016,6,Municipalidades,PERMANENTE,FEMENINO,1786
2016,6,Municipalidades,PERMANENTE,MASCULINO,3592
2016,6,Otros organismos,CONTRATADO,FEMENINO,189
2016,6,Otros organismos,CONTRATADO,MASCULINO,204
2016,6,Otros organismos,PERMANENTE,FEMENINO,1423
2016,6,Otros organismos,PERMANENTE,MASCULINO,2512
2016,6,Poder Judicial,CONTRATADO,FEMENINO,2732
2016,6,Poder Judicial,CONTRATADO,MASCULINO,2377
2016,6,Poder Judicial,PERMANENTE,FEMENINO,11334
2016,6,Poder Judicial,PERMANENTE,MASCULINO,10196
2016,6,Poder Legislativo,CONTRATADO,FEMENINO,445
2016,6,Poder Legislativo,CONTRATADO,MASCULINO,671
2016,6,Poder Legislativo,PERMANENTE,FEMENINO,889
2016,6,Poder Legislativo,PERMANENTE,MASCULINO,1213
2016,6,SA del Estado,CONTRATADO,FEMENINO,137
2016,6,SA del Estado,CONTRATADO,MASCULINO,622
2016,6,SA del Estado,PERMANENTE,FEMENINO,1834
2016,6,SA del Estado,PERMANENTE,MASCULINO,3574
2016,6,Salud,CONTRATADO,FEMENINO,13393
2016,6,Salud,CONTRATADO,MASCULINO,7600
2016,6,Salud,PERMANENTE,FEMENINO,24690
2016,6,Salud,PERMANENTE,MASCULINO,12495
2016,6,Servicio civil del Ejecutivo,CONTRATADO,FEMENINO,4029
2016,6,Servicio civil del Ejecutivo,CONTRATADO,MASCULINO,4893
2016,6,Servicio civil del Ejecutivo,PERMANENTE,FEMENINO,4883
2016,6,Servicio civil del Ejecutivo,PERMANENTE,MASCULINO,8313
2016,7,Educación,CONTRATADO,FEMENINO,1547
2016,7,Educación,CONTRATADO,MASCULINO,1505
2016,7,Educación,PERMANENTE,FEMENINO,66180
2016,7,Educación,PERMANENTE,MASCULINO,36220
2016,7,Empresas públicas,CONTRATADO,FEMENINO,532
2016,7,Empresas públicas,CONTRATADO,MASCULINO,2005
2016,7,Empresas públicas,PERMANENTE,FEMENINO,1826
2016,7,Empresas públicas,PERMANENTE,MASCULINO,6381
2016,7,Entes autónomos y autárquicos,CONTRATADO,FEMENINO,932
2016,7,Entes autónomos y autárquicos,CONTRATADO,MASCULINO,1266
2016,7,Entes autónomos y autárquicos,PERMANENTE,FEMENINO,2656
2016,7,Entes autónomos y autárquicos,PERMANENTE,MASCULINO,4531
2016,7,Fuerzas públicas,CONTRATADO,FEMENINO,179
2016,7,Fuerzas públicas,CONTRATADO,MASCULINO,161
2016,7,Fuerzas públicas,PERMANENTE,FEMENINO,6432
2016,7,Fuerzas públicas,PERMANENTE,MASCULINO,38092
2016,7,Gobiernos departamentales,CONTRATADO,FEMENINO,454
2016,7,Gobiernos departamentales,CONTRATADO,MASCULINO,761
2016,7,Gobiernos departamentales,PERMANENTE,FEMENINO,391
2016,7,Gobiernos departamentales,PERMANENTE,MASCULINO,819
2016,7,Municipalidades,CONTRATADO,FEMENINO,3883
2016,7,Municipalidades,CONTRATADO,MASCULINO,7731
2016,7,Municipalidades,PERMANENTE,FEMENINO,1868
2016,7,Municipalidades,PERMANENTE,MASCULINO,3762
2016,7,Otros organismos,CONTRATADO,FEMENINO,216
2016,7,Otros organismos,CONTRATADO,MASCULINO,254
2016,7,Otros organismos,PERMANENTE,FEMENINO,1420
2016,7,Otros organismos,PERMANENTE,MASCULINO,2509
2016,7,Poder Judicial,CONTRATADO,FEMENINO,2712
2016,7,Poder Judicial,CONTRATADO,MASCULINO,2342
2016,7,Poder Judicial,PERMANENTE,FEMENINO,11356
2016,7,Poder Judicial,PERMANENTE,MASCULINO,10219
2016,7,Poder Legislativo,CONTRATADO,FEMENINO,443
2016,7,Poder Legislativo,CONTRATADO,MASCULINO,677
2016,7,Poder Legislativo,PERMANENTE,FEMENINO,891
2016,7,Poder Legislativo,PERMANENTE,MASCULINO,1220
2016,7,SA del Estado,CONTRATADO,FEMENINO,138
2016,7,SA del Estado,CONTRATADO,MASCULINO,627
2016,7,SA del Estado,PERMANENTE,FEMENINO,1823
2016,7,SA del Estado,PERMANENTE,MASCULINO,3564
2016,7,Salud,CONTRATADO,FEMENINO,13477
2016,7,Salud,CONTRATADO,MASCULINO,7581
2016,7,Salud,PERMANENTE,FEMENINO,24643
2016,7,Salud,PERMANENTE,MASCULINO,12467
2016,7,Servicio civil del Ejecutivo,CONTRATADO,FEMENINO,4020
2016,7,Servicio civil del Ejecutivo,CONTRATADO,MASCULINO,4863
2016,7,Servicio civil del Ejecutivo,PERMANENTE,FEMENINO,4878
2016,7,Servicio civil del Ejecutivo,PERMANENTE,MASCULINO,8300
2016,8,Educación,CONTRATADO,FEMENINO,1555
2016,8,Educación,CONTRATADO,MASCULINO,1495
2016,8,Educación,PERMANENTE,FEMENINO,66135
2016,8,Educación,PERMANENTE,MASCULINO,36191
2016,8,Empresas públicas,CONTRATADO,FEMENINO,535
2016,8,Empresas públicas,CONTRATADO,MASCULINO,2008
2016,8,Empresas públicas,PERMANENTE,FEMENINO,1823
2016,8,Empresas públicas,PERMANENTE,MASCULINO,6362
2016,8,Entes autónomos y autárquicos,CONTRATADO,FEMENINO,938
2016,8,Entes autónomos y autárquicos,CONTRATADO,MASCULINO,1284
2016,8,Entes autónomos y autárquicos,PERMANENTE,FEMENINO,2651
2016,8,Entes autónomos y autárquicos,PERMANENTE,MASCULINO,4518
2016,8,Fuerzas públicas,CONTRATADO,FEMENINO,192
2016,8,Fuerzas públicas,CONTRATADO,MASCULINO,167
2016,8,Fuerzas públicas,PERMANENTE,FEMENINO,6429
2016,8,Fuerzas públicas,PERMANENTE,MASCULINO,38451
2016,8,Gobiernos departamentales,CONTRATADO,FEMENINO,447
2016,8,Gobiernos departamentales,CONTRATADO,MASCULINO,752
2016,8,Gobiernos departamentales,PERMANENTE,FEMENINO,391
2016,8,Gobiernos departamentales,PERMANENTE,MASCULINO,817
2016,8,Municipalidades,CONTRATADO,FEMENINO,4184
2016,8,Municipalidades,CONTRATADO,MASCULINO,8169
2016,8,Municipalidades,PERMANENTE,FEMENINO,1761
2016,8,Municipalidades,PERMANENTE,MASCULINO,3608
2016,8,Otros organismos,CONTRATADO,FEMENINO,209
2016,8,Otros organismos,CONTRATADO,MASCULINO,249
2016,8,Otros organismos,PERMANENTE,FEMENINO,1430
2016,8,Otros organismos,PERMANENTE,MASCULINO,2514
2016,8,Poder Judicial,CONTRATADO,FEMENINO,2608
2016,8,Poder Judicial,CONTRATADO,MASCULINO,2257
2016,8,Poder Judicial,PERMANENTE,FEMENINO,11362
2016,8,Poder Judicial,PERMANENTE,MASCULINO,10229
2016,8,Poder Legislativo,CONTRATADO,FEMENINO,448
2016,8,Poder Legislativo,CONTRATADO,MASCULINO,685
2016,8,Poder Legislativo,PERMANENTE,FEMENINO,896
2016,8,Poder Legislativo,PERMANENTE,MASCULINO,1222
2016,8,SA del Estado,CONTRATADO,FEMENINO,139
2016,8,SA del Estado,CONTRATADO,MASCULINO,626
2016,8,SA del Estado,PERMANENTE,FEMENINO,1816
2016,8,SA del Estado,PERMANENTE,MASCULINO,3550
2016,8,Salud,CONTRATADO,FEMENINO,13327
2016,8,Salud,CONTRATADO,MASCULINO,7541
2016,8,Salud,PERMANENTE,FEMENINO,24599
2016,8,Salud,PERMANENTE,MASCULINO,12446
2016,8,Servicio civil del Ejecutivo,CONTRATADO,FEMENINO,4113
2016,8,Servicio civil del Ejecutivo,CONTRATADO,MASCULINO,5097
2016,8,Servicio civil del Ejecutivo,PERMANENTE,FEMENINO,4868
2016,8,Servicio civil del Ejecutivo,PERMANENTE,MASCULINO,8284
2016,9,Educación,CONTRATADO,FEMENINO,1682
2016,9,Educación,CONTRATADO,MASCULINO,1471
2016,9,Educación,PERMANENTE,FEMENINO,66104
2016,9,Educación,PERMANENTE,MASCULINO,36157
2016,9,Empresas públicas,CONTRATADO,FEMENINO,532
2016,9,Empresas públicas,CONTRATADO,MASCULINO,2000
2016,9,Empresas públicas,PERMANENTE,FEMENINO,1820
2016,9,Empresas públicas,PERMANENTE,MASCULINO,6346
2016,9,Entes autónomos y autárquicos,CONTRATADO,FEMENINO,934
2016,9,Entes autónomos y autárquicos,CONTRATADO,MASCULINO,1283
2016,9,Entes autónomos y autárquicos,PERMANENTE,FEMENINO,2642
2016,9,Entes autónomos y autárquicos,PERMANENTE,MASCULINO,4505
2016,9,Fuerzas públicas,CONTRATADO,FEMENINO,189
2016,9,Fuerzas públicas,CONTRATADO,MASCULINO,162
2016,9,Fuerzas públicas,PERMANENTE,FEMENINO,6429
2016,9,Fuerzas públicas,PERMANENTE,MASCULINO,38465
2016,9,Gobiernos departamentales,CONTRATADO,FEMENINO,490
2016,9,Gobiernos departamentales,CONTRATADO,MASCULINO,780
2016,9,Gobiernos departamentales,PERMANENTE,FEMENINO,391
2016,9,Gobiernos departamentales,PERMANENTE,MASCULINO,817
2016,9,Municipalidades,CONTRATADO,FEMENINO,4018
2016,9,Municipalidades,CONTRATADO,MASCULINO,7908
2016,9,Municipalidades,PERMANENTE,FEMENINO,1863
2016,9,Municipalidades,PERMANENTE,MASCULINO,3786
2016,9,Otros organismos,CONTRATADO,FEMENINO,209
2016,9,Otros organismos,CONTRATADO,MASCULINO,250
2016,9,Otros organismos,PERMANENTE,FEMENINO,1431
2016,9,Otros organismos,PERMANENTE,MASCULINO,2510
2016,9,Poder Judicial,CONTRATADO,FEMENINO,2575
2016,9,Poder Judicial,CONTRATADO,MASCULINO,2230
2016,9,Poder Judicial,PERMANENTE,FEMENINO,11373
2016,9,Poder Judicial,PERMANENTE,MASCULINO,10220
2016,9,Poder Legislativo,CONTRATADO,FEMENINO,459
2016,9,Poder Legislativo,CONTRATADO,MASCULINO,693
2016,9,Poder Legislativo,PERMANENTE,FEMENINO,893
2016,9,Poder Legislativo,PERMANENTE,MASCULINO,1224
2016,9,SA del Estado,CONTRATADO,FEMENINO,138
2016,9,SA del Estado,CONTRATADO,MASCULINO,629
2016,9,SA del Estado,PERMANENTE,FEMENINO,1817
2016,9,SA del Estado,PERMANENTE,MASCULINO,3551
2016,9,Salud,CONTRATADO,FEMENINO,13279
2016,9,Salud,CONTRATADO,MASCULINO,7520
2016,9,Salud,PERMANENTE,FEMENINO,24541
2016,9,Salud,PERMANENTE,MASCULINO,12410
2016,9,Servicio civil del Ejecutivo,CONTRATADO,FEMENINO,4099
2016,9,Servicio civil del Ejecutivo,CONTRATADO,MASCULINO,5104
2016,9,Servicio civil del Ejecutivo,PERMANENTE,FEMENINO,4856
2016,9,Servicio civil del Ejecutivo,PERMANENTE,MASCULINO,8250
2016,10,Educación,CONTRATADO,FEMENINO,1546
2016,10,Educación,CONTRATADO,MASCULINO,1482
2016,10,Educación,PERMANENTE,FEMENINO,65895
2016,10,Educación,PERMANENTE,MASCULINO,35870
2016,10,Empresas públicas,CONTRATADO,FEMENINO,524
2016,10,Empresas públicas,CONTRATADO,MASCULINO,1911
2016,10,Empresas públicas,PERMANENTE,FEMENINO,1794
2016,10,Empresas públicas,PERMANENTE,MASCULINO,6154
2016,10,Entes autónomos y autárquicos,CONTRATADO,FEMENINO,936
2016,10,Entes autónomos y autárquicos,CONTRATADO,MASCULINO,1283
2016,10,Entes autónomos y autárquicos,PERMANENTE,FEMENINO,2641
2016,10,Entes autónomos y autárquicos,PERMANENTE,MASCULINO,4509
2016,10,Fuerzas públicas,CONTRATADO,FEMENINO,191
2016,10,Fuerzas públicas,CONTRATADO,MASCULINO,165
2016,10,Fuerzas públicas,PERMANENTE,FEMENINO,6421
2016,10,Fuerzas públicas,PERMANENTE,MASCULINO,38492
2016,10,Gobiernos departamentales,CONTRATADO,FEMENINO,498
2016,10,Gobiernos departamentales,CONTRATADO,MASCULINO,793
2016,10,Gobiernos departamentales,PERMANENTE,FEMENINO,387
2016,10,Gobiernos departamentales,PERMANENTE,MASCULINO,816
2016,10,Municipalidades,CONTRATADO,FEMENINO,3936
2016,10,Municipalidades,CONTRATADO,MASCULINO,7806
2016,10,Municipalidades,PERMANENTE,FEMENINO,1868
2016,10,Municipalidades,PERMANENTE,MASCULINO,3793
2016,10,Otros organismos,CONTRATADO,FEMENINO,241
2016,10,Otros organismos,CONTRATADO,MASCULINO,271
2016,10,Otros organismos,PERMANENTE,FEMENINO,1432
2016,10,Otros organismos,PERMANENTE,MASCULINO,2503
2016,10,Poder Judicial,CONTRATADO,FEMENINO,2560
2016,10,Poder Judicial,CONTRATADO,MASCULINO,2227
2016,10,Poder Judicial,PERMANENTE,FEMENINO,11452
2016,10,Poder Judicial,PERMANENTE,MASCULINO,10249
2016,10,Poder Legislativo,CONTRATADO,FEMENINO,460
2016,10,Poder Legislativo,CONTRATADO,MASCULINO,697
2016,10,Poder Legislativo,PERMANENTE,FEMENINO,898
2016,10,Poder Legislativo,PERMANENTE,MASCULINO,1225
2016,10,SA del Estado,CONTRATADO,FEMENINO,139
2016,10,SA del Estado,CONTRATADO,MASCULINO,625
2016,10,SA del Estado,PERMANENTE,FEMENINO,1809
2016,10,SA del Estado,PERMANENTE,MASCULINO,3548
2016,10,Salud,CONTRATADO,FEMENINO,13293
2016,10,Salud,CONTRATADO,MASCULINO,7521
2016,10,Salud,PERMANENTE,FEMENINO,24487
2016,10,Salud,PERMANENTE,MASCULINO,12378
2016,10,Servicio civil del Ejecutivo,CONTRATADO,FEMENINO,4158
2016,10,Servicio civil del Ejecutivo,CONTRATADO,MASCULINO,5133
2016,10,Servicio civil del Ejecutivo,PERMANENTE,FEMENINO,4851
2016,10,Servicio civil del Ejecutivo,PERMANENTE,MASCULINO,8236
2016,11,Educación,CONTRATADO,FEMENINO,2005
2016,11,Educación,CONTRATADO,MASCULINO,1595
2016,11,Educación,PERMANENTE,FEMENINO,65713
2016,11,Educación,PERMANENTE,MASCULINO,35695
2016,11,Empresas públicas,CONTRATADO,FEMENINO,534
2016,11,Empresas públicas,CONTRATADO,MASCULINO,1929
2016,11,Empresas públicas,PERMANENTE,FEMENINO,1820
2016,11,Empresas públicas,PERMANENTE,MASCULINO,6398
2016,11,Entes autónomos y autárquicos,CONTRATADO,FEMENINO,931
2016,11,Entes autónomos y autárquicos,CONTRATADO,MASCULINO,1282
2016,11,Entes autónomos y autárquicos,PERMANENTE,FEMENINO,2642
2016,11,Entes autónomos y autárquicos,PERMANENTE,MASCULINO,4515
2016,11,Fuerzas públicas,CONTRATADO,FEMENINO,193
2016,11,Fuerzas públicas,CONTRATADO,MASCULINO,166
2016,11,Fuerzas públicas,PERMANENTE,FEMENINO,6419
2016,11,Fuerzas públicas,PERMANENTE,MASCULINO,38322
2016,11,Gobiernos departamentales,CONTRATADO,FEMENINO,515
2016,11,Gobiernos departamentales,CONTRATADO,MASCULINO,816
2016,11,Gobiernos departamentales,PERMANENTE,FEMENINO,386
2016,11,Gobiernos departamentales,PERMANENTE,MASCULINO,815
2016,11,Municipalidades,CONTRATADO,FEMENINO,3921
2016,11,Municipalidades,CONTRATADO,MASCULINO,7684
2016,11,Municipalidades,PERMANENTE,FEMENINO,1823
2016,11,Municipalidades,PERMANENTE,MASCULINO,3731
2016,11,Otros organismos,CONTRATADO,FEMENINO,247
2016,11,Otros organismos,CONTRATADO,MASCULINO,268
2016,11,Otros organismos,PERMANENTE,FEMENINO,1429
2016,11,Otros organismos,PERMANENTE,MASCULINO,2502
2016,11,Poder Judicial,CONTRATADO,FEMENINO,2627
2016,11,Poder Judicial,CONTRATADO,MASCULINO,2283
2016,11,Poder Judicial,PERMANENTE,FEMENINO,11487
2016,11,Poder Judicial,PERMANENTE,MASCULINO,10269
2016,11,Poder Legislativo,CONTRATADO,FEMENINO,462
2016,11,Poder Legislativo,CONTRATADO,MASCULINO,702
2016,11,Poder Legislativo,PERMANENTE,FEMENINO,903
2016,11,Poder Legislativo,PERMANENTE,MASCULINO,1231
2016,11,SA del Estado,CONTRATADO,FEMENINO,139
2016,11,SA del Estado,CONTRATADO,MASCULINO,627
2016,11,SA del Estado,PERMANENTE,FEMENINO,1804
2016,11,SA del Estado,PERMANENTE,MASCULINO,3541
2016,11,Salud,CONTRATADO,FEMENINO,13355
2016,11,Salud,CONTRATADO,MASCULINO,7525
2016,11,Salud,PERMANENTE,FEMENINO,24400
2016,11,Salud,PERMANENTE,MASCULINO,12326
2016,11,Servicio civil del Ejecutivo,CONTRATADO,FEMENINO,4112
2016,11,Servicio civil del Ejecutivo,CONTRATADO,MASCULINO,5106
2016,11,Servicio civil del Ejecutivo,PERMANENTE,FEMENINO,4857
2016,11,Servicio civil del Ejecutivo,PERMANENTE,MASCULINO,8233
2016,12,Educación,CONTRATADO,FEMENINO,1878
2016,12,Educación,CONTRATADO,MASCULINO,1706
2016,12,Educación,PERMANENTE,FEMENINO,65877
2016,12,Educación,PERMANENTE,MASCULINO,35819
2016,12,Empresas públicas,CONTRATADO,FEMENINO,512
2016,12,Empresas públicas,CONTRATADO,MASCULINO,1739
2016,12,Empresas públicas,PERMANENTE,FEMENINO,1840
2016,12,Empresas públicas,PERMANENTE,MASCULINO,6579
2016,12,Entes autónomos y autárquicos,CONTRATADO,FEMENINO,986
2016,12,Entes autónomos y autárquicos,CONTRATADO,MASCULINO,1334
2016,12,Entes autónomos y autárquicos,PERMANENTE,FEMENINO,2646
2016,12,Entes autónomos y autárquicos,PERMANENTE,MASCULINO,4521
2016,12,Fuerzas públicas,CONTRATADO,FEMENINO,190
2016,12,Fuerzas públicas,CONTRATADO,MASCULINO,161
2016,12,Fuerzas públicas,PERMANENTE,FEMENINO,6409
2016,12,Fuerzas públicas,PERMANENTE,MASCULINO,38207
2016,12,Gobiernos departamentales,CONTRATADO,FEMENINO,517
2016,12,Gobiernos departamentales,CONTRATADO,MASCULINO,833
2016,12,Gobiernos departamentales,PERMANENTE,FEMENINO,387
2016,12,Gobiernos departamentales,PERMANENTE,MASCULINO,815
2016,12,Municipalidades,CONTRATADO,FEMENINO,3606
2016,12,Municipalidades,CONTRATADO,MASCULINO,7362
2016,12,Municipalidades,PERMANENTE,FEMENINO,1772
2016,12,Municipalidades,PERMANENTE,MASCULINO,3616
2016,12,Otros organismos,CONTRATADO,FEMENINO,247
2016,12,Otros organismos,CONTRATADO,MASCULINO,257
2016,12,Otros organismos,PERMANENTE,FEMENINO,1427
2016,12,Otros organismos,PERMANENTE,MASCULINO,2483
2016,12,Poder Judicial,CONTRATADO,FEMENINO,2451
2016,12,Poder Judicial,CONTRATADO,MASCULINO,2163
2016,12,Poder Judicial,PERMANENTE,FEMENINO,11508
2016,12,Poder Judicial,PERMANENTE,MASCULINO,10283
2016,12,Poder Legislativo,CONTRATADO,FEMENINO,461
2016,12,Poder Legislativo,CONTRATADO,MASCULINO,697
2016,12,Poder Legislativo,PERMANENTE,FEMENINO,902
2016,12,Poder Legislativo,PERMANENTE,MASCULINO,1229
2016,12,SA del Estado,CONTRATADO,FEMENINO,139
2016,12,SA del Estado,CONTRATADO,MASCULINO,624
2016,12,SA del Estado,PERMANENTE,FEMENINO,1794
2016,12,SA del Estado,PERMANENTE,MASCULINO,3520
2016,12,Salud,CONTRATADO,FEMENINO,12950
2016,12,Salud,CONTRATADO,MASCULINO,7190
2016,12,Salud,PERMANENTE,FEMENINO,25190
2016,12,Salud,PERMANENTE,MASCULINO,12759
2016,12,Servicio civil del Ejecutivo,CONTRATADO,FEMENINO,4051
2016,12,Servicio civil del Ejecutivo,CONTRATADO,MASCULINO,5034
2016,12,Servicio civil del Ejecutivo,PERMANENTE,FEMENINO,4834
2016,12,Servicio civil del Ejecutivo,PERMANENTE,MASCULINO,8210
2017,1,Educación,CONTRATADO,FEMENINO,1320
2017,1,Educación,CONTRATADO,MASCULINO,1204
2017,1,Educación,PERMANENTE,FEMENINO,66018
2017,1,Educación,PERMANENTE,MASCULINO,36019
2017,1,Empresas públicas,CONTRATADO,FEMENINO,460
2017,1,Empresas públicas,CONTRATADO,MASCULINO,1578
2017,1,Empresas públicas,PERMANENTE,FEMENINO,1853
2017,1,Empresas públicas,PERMANENTE,MASCULINO,6578
2017,1,Entes autónomos y autárquicos,CONTRATADO,FEMENINO,845
2017,1,Entes autónomos y autárquicos,CONTRATADO,MASCULINO,1059
2017,1,Entes autónomos y autárquicos,PERMANENTE,FEMENINO,2651
2017,1,Entes autónomos y autárquicos,PERMANENTE,MASCULINO,4519
2017,1,Fuerzas públicas,CONTRATADO,FEMENINO,196
2017,1,Fuerzas públicas,CONTRATADO,MASCULINO,164
2017,1,Fuerzas públicas,PERMANENTE,FEMENINO,6374
2017,1,Fuerzas públicas,PERMANENTE,MASCULINO,36464
2017,1,Gobiernos departamentales,CONTRATADO,FEMENINO,457
2017,1,Gobiernos departamentales,CONTRATADO,MASCULINO,795
2017,1,Gobiernos departamentales,PERMANENTE,FEMENINO,385
2017,1,Gobiernos departamentales,PERMANENTE,MASCULINO,816
2017,1,Municipalidades,CONTRATADO,FEMENINO,4081
2017,1,Municipalidades,CONTRATADO,MASCULINO,8301
2017,1,Municipalidades,PERMANENTE,FEMENINO,2004
2017,1,Municipalidades,PERMANENTE,MASCULINO,4050
2017,1,Otros organismos,CONTRATADO,FEMENINO,233
2017,1,Otros organismos,CONTRATADO,MASCULINO,262
2017,1,Otros organismos,PERMANENTE,FEMENINO,1422
2017,1,Otros organismos,PERMANENTE,MASCULINO,2484
2017,1,Poder Judicial,CONTRATADO,FEMENINO,3130
2017,1,Poder Judicial,CONTRATADO,MASCULINO,2714
2017,1,Poder Judicial,PERMANENTE,FEMENINO,11528
2017,1,Poder Judicial,PERMANENTE,MASCULINO,10271
2017,1,Poder Legislativo,CONTRATADO,FEMENINO,454
2017,1,Poder Legislativo,CONTRATADO,MASCULINO,680
2017,1,Poder Legislativo,PERMANENTE,FEMENINO,902
2017,1,Poder Legislativo,PERMANENTE,MASCULINO,1228
2017,1,SA del Estado,CONTRATADO,FEMENINO,141
2017,1,SA del Estado,CONTRATADO,MASCULINO,628
2017,1,SA del Estado,PERMANENTE,FEMENINO,1785
2017,1,SA del Estado,PERMANENTE,MASCULINO,3511
2017,1,Salud,CONTRATADO,FEMENINO,12459
2017,1,Salud,CONTRATADO,MASCULINO,6988
2017,1,Salud,PERMANENTE,FEMENINO,25138
2017,1,Salud,PERMANENTE,MASCULINO,12739
2017,1,Servicio civil del Ejecutivo,CONTRATADO,FEMENINO,3655
2017,1,Servicio civil del Ejecutivo,CONTRATADO,MASCULINO,4631
2017,1,Servicio civil del Ejecutivo,PERMANENTE,FEMENINO,4822
2017,1,Servicio civil del Ejecutivo,PERMANENTE,MASCULINO,8150
2017,2,Educación,CONTRATADO,FEMENINO,1347
2017,2,Educación,CONTRATADO,MASCULINO,1220
2017,2,Educación,PERMANENTE,FEMENINO,65745
2017,2,Educación,PERMANENTE,MASCULINO,35965
2017,2,Empresas públicas,CONTRATADO,FEMENINO,478
2017,2,Empresas públicas,CONTRATADO,MASCULINO,1613
2017,2,Empresas públicas,PERMANENTE,FEMENINO,1853
2017,2,Empresas públicas,PERMANENTE,MASCULINO,6560
2017,2,Entes autónomos y autárquicos,CONTRATADO,FEMENINO,933
2017,2,Entes autónomos y autárquicos,CONTRATADO,MASCULINO,1262
2017,2,Entes autónomos y autárquicos,PERMANENTE,FEMENINO,2655
2017,2,Entes autónomos y autárquicos,PERMANENTE,MASCULINO,4519
2017,2,Fuerzas públicas,CONTRATADO,FEMENINO,197
2017,2,Fuerzas públicas,CONTRATADO,MASCULINO,167
2017,2,Fuerzas públicas,PERMANENTE,FEMENINO,6379
2017,2,Fuerzas públicas,PERMANENTE,MASCULINO,37841
2017,2,Gobiernos departamentales,CONTRATADO,FEMENINO,456
2017,2,Gobiernos departamentales,CONTRATADO,MASCULINO,784
2017,2,Gobiernos departamentales,PERMANENTE,FEMENINO,386
2017,2,Gobiernos departamentales,PERMANENTE,MASCULINO,814
2017,2,Municipalidades,CONTRATADO,FEMENINO,4554
2017,2,Municipalidades,CONTRATADO,MASCULINO,8961
2017,2,Municipalidades,PERMANENTE,FEMENINO,2000
2017,2,Municipalidades,PERMANENTE,MASCULINO,4050
2017,2,Otros organismos,CONTRATADO,FEMENINO,251
2017,2,Otros organismos,CONTRATADO,MASCULINO,267
2017,2,Otros organismos,PERMANENTE,FEMENINO,1429
2017,2,Otros organismos,PERMANENTE,MASCULINO,2498
2017,2,Poder Judicial,CONTRATADO,FEMENINO,3191
2017,2,Poder Judicial,CONTRATADO,MASCULINO,2734
2017,2,Poder Judicial,PERMANENTE,FEMENINO,11562
2017,2,Poder Judicial,PERMANENTE,MASCULINO,10294
2017,2,Poder Legislativo,CONTRATADO,FEMENINO,454
2017,2,Poder Legislativo,CONTRATADO,MASCULINO,701
2017,2,Poder Legislativo,PERMANENTE,FEMENINO,906
2017,2,Poder Legislativo,PERMANENTE,MASCULINO,1234
2017,2,SA del Estado,CONTRATADO,FEMENINO,140
2017,2,SA del Estado,CONTRATADO,MASCULINO,627
2017,2,SA del Estado,PERMANENTE,FEMENINO,1777
2017,2,SA del Estado,PERMANENTE,MASCULINO,3510
2017,2,Salud,CONTRATADO,FEMENINO,12993
2017,2,Salud,CONTRATADO,MASCULINO,7125
2017,2,Salud,PERMANENTE,FEMENINO,25105
2017,2,Salud,PERMANENTE,MASCULINO,12700
2017,2,Servicio civil del Ejecutivo,CONTRATADO,FEMENINO,4035
2017,2,Servicio civil del Ejecutivo,CONTRATADO,MASCULINO,5074
2017,2,Servicio civil del Ejecutivo,PERMANENTE,FEMENINO,4840
2017,2,Servicio civil del Ejecutivo,PERMANENTE,MASCULINO,8203
2017,3,Educación,CONTRATADO,FEMENINO,1569
2017,3,Educación,CONTRATADO,MASCULINO,1518
2017,3,Educación,PERMANENTE,FEMENINO,66067
2017,3,Educación,PERMANENTE,MASCULINO,36545
2017,3,Empresas públicas,CONTRATADO,FEMENINO,478
2017,3,Empresas públicas,CONTRATADO,MASCULINO,1632
2017,3,Empresas públicas,PERMANENTE,FEMENINO,1835
2017,3,Empresas públicas,PERMANENTE,MASCULINO,6413
2017,3,Entes autónomos y autárquicos,CONTRATADO,FEMENINO,932
2017,3,Entes autónomos y autárquicos,CONTRATADO,MASCULINO,1264
2017,3,Entes autónomos y autárquicos,PERMANENTE,FEMENINO,2660
2017,3,Entes autónomos y autárquicos,PERMANENTE,MASCULINO,4549
2017,3,Fuerzas públicas,CONTRATADO,FEMENINO,199
2017,3,Fuerzas públicas,CONTRATADO,MASCULINO,178
2017,3,Fuerzas públicas,PERMANENTE,FEMENINO,6400
2017,3,Fuerzas públicas,PERMANENTE,MASCULINO,38292
2017,3,Gobiernos departamentales,CONTRATADO,FEMENINO,465
2017,3,Gobiernos departamentales,CONTRATADO,MASCULINO,783
2017,3,Gobiernos departamentales,PERMANENTE,FEMENINO,384
2017,3,Gobiernos departamentales,PERMANENTE,MASCULINO,805
2017,3,Municipalidades,CONTRATADO,FEMENINO,5902
2017,3,Municipalidades,CONTRATADO,MASCULINO,10461
2017,3,Municipalidades,PERMANENTE,FEMENINO,2418
2017,3,Municipalidades,PERMANENTE,MASCULINO,4704
2017,3,Otros organismos,CONTRATADO,FEMENINO,261
2017,3,Otros organismos,CONTRATADO,MASCULINO,276
2017,3,Otros organismos,PERMANENTE,FEMENINO,1428
2017,3,Otros organismos,PERMANENTE,MASCULINO,2494
2017,3,Poder Judicial,CONTRATADO,FEMENINO,3151
2017,3,Poder Judicial,CONTRATADO,MASCULINO,2701
2017,3,Poder Judicial,PERMANENTE,FEMENINO,11560
2017,3,Poder Judicial,PERMANENTE,MASCULINO,10284
2017,3,Poder Legislativo,CONTRATADO,FEMENINO,454
2017,3,Poder Legislativo,CONTRATADO,MASCULINO,702
2017,3,Poder Legislativo,PERMANENTE,FEMENINO,904
2017,3,Poder Legislativo,PERMANENTE,MASCULINO,1232
2017,3,SA del Estado,CONTRATADO,FEMENINO,140
2017,3,SA del Estado,CONTRATADO,MASCULINO,627
2017,3,SA del Estado,PERMANENTE,FEMENINO,1770
2017,3,SA del Estado,PERMANENTE,MASCULINO,3489
2017,3,Salud,CONTRATADO,FEMENINO,13278
2017,3,Salud,CONTRATADO,MASCULINO,7242
2017,3,Salud,PERMANENTE,FEMENINO,25077
2017,3,Salud,PERMANENTE,MASCULINO,12693
2017,3,Servicio civil del Ejecutivo,CONTRATADO,FEMENINO,4193
2017,3,Servicio civil del Ejecutivo,CONTRATADO,MASCULINO,5204
2017,3,Servicio civil del Ejecutivo,PERMANENTE,FEMENINO,4839
2017,3,Servicio civil del Ejecutivo,PERMANENTE,MASCULINO,8190
2017,4,Educación,CONTRATADO,FEMENINO,1597
2017,4,Educación,CONTRATADO,MASCULINO,1551
2017,4,Educación,PERMANENTE,FEMENINO,66148
2017,4,Educación,PERMANENTE,MASCULINO,36564
2017,4,Empresas públicas,CONTRATADO,FEMENINO,477
2017,4,Empresas públicas,CONTRATADO,MASCULINO,1626
2017,4,Empresas públicas,PERMANENTE,FEMENINO,1845
2017,4,Empresas públicas,PERMANENTE,MASCULINO,6515
2017,4,Entes autónomos y autárquicos,CONTRATADO,FEMENINO,938
2017,4,Entes autónomos y autárquicos,CONTRATADO,MASCULINO,1265
2017,4,Entes autónomos y autárquicos,PERMANENTE,FEMENINO,2652
2017,4,Entes autónomos y autárquicos,PERMANENTE,MASCULINO,4532
2017,4,Fuerzas públicas,CONTRATADO,FEMENINO,195
2017,4,Fuerzas públicas,CONTRATADO,MASCULINO,177
2017,4,Fuerzas públicas,PERMANENTE,FEMENINO,6396
2017,4,Fuerzas públicas,PERMANENTE,MASCULINO,38546
2017,4,Gobiernos departamentales,CONTRATADO,FEMENINO,462
2017,4,Gobiernos departamentales,CONTRATADO,MASCULINO,780
2017,4,Gobiernos departamentales,PERMANENTE,FEMENINO,384
2017,4,Gobiernos departamentales,PERMANENTE,MASCULINO,806
2017,4,Municipalidades,CONTRATADO,FEMENINO,6057
2017,4,Municipalidades,CONTRATADO,MASCULINO,10606
2017,4,Municipalidades,PERMANENTE,FEMENINO,2437
2017,4,Municipalidades,PERMANENTE,MASCULINO,4759
2017,4,Otros organismos,CONTRATADO,FEMENINO,261
2017,4,Otros organismos,CONTRATADO,MASCULINO,279
2017,4,Otros organismos,PERMANENTE,FEMENINO,1427
2017,4,Otros organismos,PERMANENTE,MASCULINO,2485
2017,4,Poder Judicial,CONTRATADO,FEMENINO,3112
2017,4,Poder Judicial,CONTRATADO,MASCULINO,2642
2017,4,Poder Judicial,PERMANENTE,FEMENINO,11561
2017,4,Poder Judicial,PERMANENTE,MASCULINO,10276
2017,4,Poder Legislativo,CONTRATADO,FEMENINO,459
2017,4,Poder Legislativo,CONTRATADO,MASCULINO,717
2017,4,Poder Legislativo,PERMANENTE,FEMENINO,905
2017,4,Poder Legislativo,PERMANENTE,MASCULINO,1234
2017,4,SA del Estado,CONTRATADO,FEMENINO,5
2017,4,SA del Estado,CONTRATADO,MASCULINO,22
2017,4,SA del Estado,PERMANENTE,FEMENINO,1894
2017,4,SA del Estado,PERMANENTE,MASCULINO,4065
2017,4,Salud,CONTRATADO,FEMENINO,13360
2017,4,Salud,CONTRATADO,MASCULINO,7359
2017,4,Salud,PERMANENTE,FEMENINO,25011
2017,4,Salud,PERMANENTE,MASCULINO,12665
2017,4,Servicio civil del Ejecutivo,CONTRATADO,FEMENINO,4251
2017,4,Servicio civil del Ejecutivo,CONTRATADO,MASCULINO,5252
2017,4,Servicio civil del Ejecutivo,PERMANENTE,FEMENINO,4831
2017,4,Servicio civil del Ejecutivo,PERMANENTE,MASCULINO,8187
2017,5,Educación,CONTRATADO,FEMENINO,1609
2017,5,Educación,CONTRATADO,MASCULINO,1599
2017,5,Educación,PERMANENTE,FEMENINO,66129
2017,5,Educación,PERMANENTE,MASCULINO,36533
2017,5,Empresas públicas,CONTRATADO,FEMENINO,476
2017,5,Empresas públicas,CONTRATADO,MASCULINO,1626
2017,5,Empresas públicas,PERMANENTE,FEMENINO,1845
2017,5,Empresas públicas,PERMANENTE,MASCULINO,6504
2017,5,Entes autónomos y autárquicos,CONTRATADO,FEMENINO,949
2017,5,Entes autónomos y autárquicos,CONTRATADO,MASCULINO,1280
2017,5,Entes autónomos y autárquicos,PERMANENTE,FEMENINO,2665
2017,5,Entes autónomos y autárquicos,PERMANENTE,MASCULINO,4534
2017,5,Fuerzas públicas,CONTRATADO,FEMENINO,194
2017,5,Fuerzas públicas,CONTRATADO,MASCULINO,175
2017,5,Fuerzas públicas,PERMANENTE,FEMENINO,6371
2017,5,Fuerzas públicas,PERMANENTE,MASCULINO,38367
2017,5,Gobiernos departamentales,CONTRATADO,FEMENINO,498
2017,5,Gobiernos departamentales,CONTRATADO,MASCULINO,780
2017,5,Gobiernos departamentales,PERMANENTE,FEMENINO,385
2017,5,Gobiernos departamentales,PERMANENTE,MASCULINO,806
2017,5,Municipalidades,CONTRATADO,FEMENINO,6073
2017,5,Municipalidades,CONTRATADO,MASCULINO,10716
2017,5,Municipalidades,PERMANENTE,FEMENINO,2426
2017,5,Municipalidades,PERMANENTE,MASCULINO,4756
2017,5,Otros organismos,CONTRATADO,FEMENINO,284
2017,5,Otros organismos,CONTRATADO,MASCULINO,301
2017,5,Otros organismos,PERMANENTE,FEMENINO,1423
2017,5,Otros organismos,PERMANENTE,MASCULINO,2481
2017,5,Poder Judicial,CONTRATADO,FEMENINO,2842
2017,5,Poder Judicial,CONTRATADO,MASCULINO,2399
2017,5,Poder Judicial,PERMANENTE,FEMENINO,11564
2017,5,Poder Judicial,PERMANENTE,MASCULINO,10276
2017,5,Poder Legislativo,CONTRATADO,FEMENINO,460
2017,5,Poder Legislativo,CONTRATADO,MASCULINO,716
2017,5,Poder Legislativo,PERMANENTE,FEMENINO,910
2017,5,Poder Legislativo,PERMANENTE,MASCULINO,1236
2017,5,SA del Estado,CONTRATADO,FEMENINO,4
2017,5,SA del Estado,CONTRATADO,MASCULINO,21
2017,5,SA del Estado,PERMANENTE,FEMENINO,1886
2017,5,SA del Estado,PERMANENTE,MASCULINO,4067
2017,5,Salud,CONTRATADO,FEMENINO,13297
2017,5,Salud,CONTRATADO,MASCULINO,7379
2017,5,Salud,PERMANENTE,FEMENINO,24959
2017,5,Salud,PERMANENTE,MASCULINO,12642
2017,5,Servicio civil del Ejecutivo,CONTRATADO,FEMENINO,4328
2017,5,Servicio civil del Ejecutivo,CONTRATADO,MASCULINO,5294
2017,5,Servicio civil del Ejecutivo,PERMANENTE,FEMENINO,4836
2017,5,Servicio civil del Ejecutivo,PERMANENTE,MASCULINO,8171
2017,6,Educación,CONTRATADO,FEMENINO,1616
2017,6,Educación,CONTRATADO,MASCULINO,1582
2017,6,Educación,PERMANENTE,FEMENINO,66101
2017,6,Educación,PERMANENTE,MASCULINO,36496
2017,6,Empresas públicas,CONTRATADO,FEMENINO,477
2017,6,Empresas públicas,CONTRATADO,MASCULINO,1613
2017,6,Empresas públicas,PERMANENTE,FEMENINO,1820
2017,6,Empresas públicas,PERMANENTE,MASCULINO,6325
2017,6,Entes autónomos y autárquicos,CONTRATADO,FEMENINO,948
2017,6,Entes autónomos y autárquicos,CONTRATADO,MASCULINO,1274
2017,6,Entes autónomos y autárquicos,PERMANENTE,FEMENINO,2669
2017,6,Entes autónomos y autárquicos,PERMANENTE,MASCULINO,4520
2017,6,Fuerzas públicas,CONTRATADO,FEMENINO,194
2017,6,Fuerzas públicas,CONTRATADO,MASCULINO,172
2017,6,Fuerzas públicas,PERMANENTE,FEMENINO,6483
2017,6,Fuerzas públicas,PERMANENTE,MASCULINO,38949
2017,6,Gobiernos departamentales,CONTRATADO,FEMENINO,482
2017,6,Gobiernos departamentales,CONTRATADO,MASCULINO,767
2017,6,Gobiernos departamentales,PERMANENTE,FEMENINO,384
2017,6,Gobiernos departamentales,PERMANENTE,MASCULINO,804
2017,6,Municipalidades,CONTRATADO,FEMENINO,5902
2017,6,Municipalidades,CONTRATADO,MASCULINO,10525
2017,6,Municipalidades,PERMANENTE,FEMENINO,2527
2017,6,Municipalidades,PERMANENTE,MASCULINO,4946
2017,6,Otros organismos,CONTRATADO,FEMENINO,272
2017,6,Otros organismos,CONTRATADO,MASCULINO,267
2017,6,Otros organismos,PERMANENTE,FEMENINO,1427
2017,6,Otros organismos,PERMANENTE,MASCULINO,2477
2017,6,Poder Judicial,CONTRATADO,FEMENINO,2825
2017,6,Poder Judicial,CONTRATADO,MASCULINO,2359
2017,6,Poder Judicial,PERMANENTE,FEMENINO,11592
2017,6,Poder Judicial,PERMANENTE,MASCULINO,10280
2017,6,Poder Legislativo,CONTRATADO,FEMENINO,461
2017,6,Poder Legislativo,CONTRATADO,MASCULINO,728
2017,6,Poder Legislativo,PERMANENTE,FEMENINO,913
2017,6,Poder Legislativo,PERMANENTE,MASCULINO,1238
2017,6,SA del Estado,CONTRATADO,FEMENINO,4
2017,6,SA del Estado,CONTRATADO,MASCULINO,21
2017,6,SA del Estado,PERMANENTE,FEMENINO,1875
2017,6,SA del Estado,PERMANENTE,MASCULINO,4038
2017,6,Salud,CONTRATADO,FEMENINO,13433
2017,6,Salud,CONTRATADO,MASCULINO,7425
2017,6,Salud,PERMANENTE,FEMENINO,24927
2017,6,Salud,PERMANENTE,MASCULINO,12614
2017,6,Servicio civil del Ejecutivo,CONTRATADO,FEMENINO,4382
2017,6,Servicio civil del Ejecutivo,CONTRATADO,MASCULINO,5340
2017,6,Servicio civil del Ejecutivo,PERMANENTE,FEMENINO,4834
2017,6,Servicio civil del Ejecutivo,PERMANENTE,MASCULINO,8157
2017,7,Educación,CONTRATADO,FEMENINO,1762
2017,7,Educación,CONTRATADO,MASCULINO,1686
2017,7,Educación,PERMANENTE,FEMENINO,66128
2017,7,Educación,PERMANENTE,MASCULINO,36574
2017,7,Empresas públicas,CONTRATADO,FEMENINO,498
2017,7,Empresas públicas,CONTRATADO,MASCULINO,1706
2017,7,Empresas públicas,PERMANENTE,FEMENINO,1817
2017,7,Empresas públicas,PERMANENTE,MASCULINO,6297
2017,7,Entes autónomos y autárquicos,CONTRATADO,FEMENINO,944
2017,7,Entes autónomos y autárquicos,CONTRATADO,MASCULINO,1268
2017,7,Entes autónomos y autárquicos,PERMANENTE,FEMENINO,2666
2017,7,Entes autónomos y autárquicos,PERMANENTE,MASCULINO,4519
2017,7,Fuerzas públicas,CONTRATADO,FEMENINO,191
2017,7,Fuerzas públicas,CONTRATADO,MASCULINO,172
2017,7,Fuerzas públicas,PERMANENTE,FEMENINO,6524
2017,7,Fuerzas públicas,PERMANENTE,MASCULINO,38338
2017,7,Gobiernos departamentales,CONTRATADO,FEMENINO,505
2017,7,Gobiernos departamentales,CONTRATADO,MASCULINO,794
2017,7,Gobiernos departamentales,PERMANENTE,FEMENINO,384
2017,7,Gobiernos departamentales,PERMANENTE,MASCULINO,807
2017,7,Municipalidades,CONTRATADO,FEMENINO,6150
2017,7,Municipalidades,CONTRATADO,MASCULINO,10871
2017,7,Municipalidades,PERMANENTE,FEMENINO,2529
2017,7,Municipalidades,PERMANENTE,MASCULINO,4965
2017,7,Otros organismos,CONTRATADO,FEMENINO,292
2017,7,Otros organismos,CONTRATADO,MASCULINO,303
2017,7,Otros organismos,PERMANENTE,FEMENINO,1429
2017,7,Otros organismos,PERMANENTE,MASCULINO,2473
2017,7,Poder Judicial,CONTRATADO,FEMENINO,2669
2017,7,Poder Judicial,CONTRATADO,MASCULINO,2293
2017,7,Poder Judicial,PERMANENTE,FEMENINO,11601
2017,7,Poder Judicial,PERMANENTE,MASCULINO,10263
2017,7,Poder Legislativo,CONTRATADO,FEMENINO,464
2017,7,Poder Legislativo,CONTRATADO,MASCULINO,729
2017,7,Poder Legislativo,PERMANENTE,FEMENINO,914
2017,7,Poder Legislativo,PERMANENTE,MASCULINO,1245
2017,7,SA del Estado,CONTRATADO,FEMENINO,3
2017,7,SA del Estado,CONTRATADO,MASCULINO,14
2017,7,SA del Estado,PERMANENTE,FEMENINO,1870
2017,7,SA del Estado,PERMANENTE,MASCULINO,4064
2017,7,Salud,CONTRATADO,FEMENINO,13358
2017,7,Salud,CONTRATADO,MASCULINO,7428
2017,7,Salud,PERMANENTE,FEMENINO,24890
2017,7,Salud,PERMANENTE,MASCULINO,12585
2017,7,Servicio civil del Ejecutivo,CONTRATADO,FEMENINO,4361
2017,7,Servicio civil del Ejecutivo,CONTRATADO,MASCULINO,5314
2017,7,Servicio civil del Ejecutivo,PERMANENTE,FEMENINO,4833
2017,7,Servicio civil del Ejecutivo,PERMANENTE,MASCULINO,8145
2017,8,Educación,CONTRATADO,FEMENINO,1667
2017,8,Educación,CONTRATADO,MASCULINO,1588
2017,8,Educación,PERMANENTE,FEMENINO,66193
2017,8,Educación,PERMANENTE,MASCULINO,36572
2017,8,Empresas públicas,CONTRATADO,FEMENINO,495
2017,8,Empresas públicas,CONTRATADO,MASCULINO,1700
2017,8,Empresas públicas,PERMANENTE,FEMENINO,1816
2017,8,Empresas públicas,PERMANENTE,MASCULINO,6279
2017,8,Entes autónomos y autárquicos,CONTRATADO,FEMENINO,943
2017,8,Entes autónomos y autárquicos,CONTRATADO,MASCULINO,1249
2017,8,Entes autónomos y autárquicos,PERMANENTE,FEMENINO,2667
2017,8,Entes autónomos y autárquicos,PERMANENTE,MASCULINO,4527
2017,8,Fuerzas públicas,CONTRATADO,FEMENINO,192
2017,8,Fuerzas públicas,CONTRATADO,MASCULINO,173
2017,8,Fuerzas públicas,PERMANENTE,FEMENINO,6512
2017,8,Fuerzas públicas,PERMANENTE,MASCULINO,38528
2017,8,Gobiernos departamentales,CONTRATADO,FEMENINO,501
2017,8,Gobiernos departamentales,CONTRATADO,MASCULINO,792
2017,8,Gobiernos departamentales,PERMANENTE,FEMENINO,386
2017,8,Gobiernos departamentales,PERMANENTE,MASCULINO,803
2017,8,Municipalidades,CONTRATADO,FEMENINO,6104
2017,8,Municipalidades,CONTRATADO,MASCULINO,10799
2017,8,Municipalidades,PERMANENTE,FEMENINO,2400
2017,8,Municipalidades,PERMANENTE,MASCULINO,4727
2017,8,Otros organismos,CONTRATADO,FEMENINO,294
2017,8,Otros organismos,CONTRATADO,MASCULINO,310
2017,8,Otros organismos,PERMANENTE,FEMENINO,1430
2017,8,Otros organismos,PERMANENTE,MASCULINO,2465
2017,8,Poder Judicial,CONTRATADO,FEMENINO,2586
2017,8,Poder Judicial,CONTRATADO,MASCULINO,2215
2017,8,Poder Judicial,PERMANENTE,FEMENINO,11580
2017,8,Poder Judicial,PERMANENTE,MASCULINO,10252
2017,8,Poder Legislativo,CONTRATADO,FEMENINO,471
2017,8,Poder Legislativo,CONTRATADO,MASCULINO,750
2017,8,Poder Legislativo,PERMANENTE,FEMENINO,918
2017,8,Poder Legislativo,PERMANENTE,MASCULINO,1247
2017,8,SA del Estado,CONTRATADO,FEMENINO,3
2017,8,SA del Estado,CONTRATADO,MASCULINO,14
2017,8,SA del Estado,PERMANENTE,FEMENINO,1866
2017,8,SA del Estado,PERMANENTE,MASCULINO,4047
2017,8,Salud,CONTRATADO,FEMENINO,13440
2017,8,Salud,CONTRATADO,MASCULINO,7446
2017,8,Salud,PERMANENTE,FEMENINO,24840
2017,8,Salud,PERMANENTE,MASCULINO,12563
2017,8,Servicio civil del Ejecutivo,CONTRATADO,FEMENINO,4381
2017,8,Servicio civil del Ejecutivo,CONTRATADO,MASCULINO,5352
2017,8,Servicio civil del Ejecutivo,PERMANENTE,FEMENINO,4842
2017,8,Servicio civil del Ejecutivo,PERMANENTE,MASCULINO,8130
2017,9,Educación,CONTRATADO,FEMENINO,1711
2017,9,Educación,CONTRATADO,MASCULINO,1613
2017,9,Educación,PERMANENTE,FEMENINO,66215
2017,9,Educación,PERMANENTE,MASCULINO,36554
2017,9,Empresas públicas,CONTRATADO,FEMENINO,495
2017,9,Empresas públicas,CONTRATADO,MASCULINO,1699
2017,9,Empresas públicas,PERMANENTE,FEMENINO,1810
2017,9,Empresas públicas,PERMANENTE,MASCULINO,6258
2017,9,Entes autónomos y autárquicos,CONTRATADO,FEMENINO,947
2017,9,Entes autónomos y autárquicos,CONTRATADO,MASCULINO,1246
2017,9,Entes autónomos y autárquicos,PERMANENTE,FEMENINO,2678
2017,9,Entes autónomos y autárquicos,PERMANENTE,MASCULINO,4537
2017,9,Fuerzas públicas,CONTRATADO,FEMENINO,194
2017,9,Fuerzas públicas,CONTRATADO,MASCULINO,172
2017,9,Fuerzas públicas,PERMANENTE,FEMENINO,6495
2017,9,Fuerzas públicas,PERMANENTE,MASCULINO,38640
2017,9,Gobiernos departamentales,CONTRATADO,FEMENINO,502
2017,9,Gobiernos departamentales,CONTRATADO,MASCULINO,786
2017,9,Gobiernos departamentales,PERMANENTE,FEMENINO,387
2017,9,Gobiernos departamentales,PERMANENTE,MASCULINO,800
2017,9,Municipalidades,CONTRATADO,FEMENINO,6134
2017,9,Municipalidades,CONTRATADO,MASCULINO,10902
2017,9,Municipalidades,PERMANENTE,FEMENINO,2405
2017,9,Municipalidades,PERMANENTE,MASCULINO,4741
2017,9,Otros organismos,CONTRATADO,FEMENINO,294
2017,9,Otros organismos,CONTRATADO,MASCULINO,311
2017,9,Otros organismos,PERMANENTE,FEMENINO,1429
2017,9,Otros organismos,PERMANENTE,MASCULINO,2460
2017,9,Poder Judicial,CONTRATADO,FEMENINO,2644
2017,9,Poder Judicial,CONTRATADO,MASCULINO,2207
2017,9,Poder Judicial,PERMANENTE,FEMENINO,11590
2017,9,Poder Judicial,PERMANENTE,MASCULINO,10270
2017,9,Poder Legislativo,CONTRATADO,FEMENINO,458
2017,9,Poder Legislativo,CONTRATADO,MASCULINO,720
2017,9,Poder Legislativo,PERMANENTE,FEMENINO,917
2017,9,Poder Legislativo,PERMANENTE,MASCULINO,1247
2017,9,SA del Estado,CONTRATADO,FEMENINO,4
2017,9,SA del Estado,CONTRATADO,MASCULINO,14
2017,9,SA del Estado,PERMANENTE,FEMENINO,1862
2017,9,SA del Estado,PERMANENTE,MASCULINO,4059
2017,9,Salud,CONTRATADO,FEMENINO,13326
2017,9,Salud,CONTRATADO,MASCULINO,7416
2017,9,Salud,PERMANENTE,FEMENINO,24781
2017,9,Salud,PERMANENTE,MASCULINO,12529
2017,9,Servicio civil del Ejecutivo,CONTRATADO,FEMENINO,4381
2017,9,Servicio civil del Ejecutivo,CONTRATADO,MASCULINO,5244
2017,9,Servicio civil del Ejecutivo,PERMANENTE,FEMENINO,4866
2017,9,Servicio civil del Ejecutivo,PERMANENTE,MASCULINO,8246
2017,10,Educación,CONTRATADO,FEMENINO,1640
2017,10,Educación,CONTRATADO,MASCULINO,1638
2017,10,Educación,PERMANENTE,FEMENINO,66235
2017,10,Educación,PERMANENTE,MASCULINO,36562
2017,10,Empresas públicas,CONTRATADO,FEMENINO,491
2017,10,Empresas públicas,CONTRATADO,MASCULINO,1670
2017,10,Empresas públicas,PERMANENTE,FEMENINO,1824
2017,10,Empresas públicas,PERMANENTE,MASCULINO,6409
2017,10,Entes autónomos y autárquicos,CONTRATADO,FEMENINO,955
2017,10,Entes autónomos y autárquicos,CONTRATADO,MASCULINO,1252
2017,10,Entes autónomos y autárquicos,PERMANENTE,FEMENINO,2679
2017,10,Entes autónomos y autárquicos,PERMANENTE,MASCULINO,4533
2017,10,Fuerzas públicas,CONTRATADO,FEMENINO,192
2017,10,Fuerzas públicas,CONTRATADO,MASCULINO,169
2017,10,Fuerzas públicas,PERMANENTE,FEMENINO,6517
2017,10,Fuerzas públicas,PERMANENTE,MASCULINO,38685
2017,10,Gobiernos departamentales,CONTRATADO,FEMENINO,499
2017,10,Gobiernos departamentales,CONTRATADO,MASCULINO,794
2017,10,Gobiernos departamentales,PERMANENTE,FEMENINO,368
2017,10,Gobiernos departamentales,PERMANENTE,MASCULINO,750
2017,10,Municipalidades,CONTRATADO,FEMENINO,6353
2017,10,Municipalidades,CONTRATADO,MASCULINO,11056
2017,10,Municipalidades,PERMANENTE,FEMENINO,2385
2017,10,Municipalidades,PERMANENTE,MASCULINO,4689
2017,10,Otros organismos,CONTRATADO,FEMENINO,285
2017,10,Otros organismos,CONTRATADO,MASCULINO,304
2017,10,Otros organismos,PERMANENTE,FEMENINO,1424
2017,10,Otros organismos,PERMANENTE,MASCULINO,2456
2017,10,Poder Judicial,CONTRATADO,FEMENINO,2669
2017,10,Poder Judicial,CONTRATADO,MASCULINO,2217
2017,10,Poder Judicial,PERMANENTE,FEMENINO,11617
2017,10,Poder Judicial,PERMANENTE,MASCULINO,10265
2017,10,Poder Legislativo,CONTRATADO,FEMENINO,491
2017,10,Poder Legislativo,CONTRATADO,MASCULINO,765
2017,10,Poder Legislativo,PERMANENTE,FEMENINO,916
2017,10,Poder Legislativo,PERMANENTE,MASCULINO,1248
2017,10,SA del Estado,CONTRATADO,FEMENINO,4
2017,10,SA del Estado,CONTRATADO,MASCULINO,14
2017,10,SA del Estado,PERMANENTE,FEMENINO,1854
2017,10,SA del Estado,PERMANENTE,MASCULINO,4044
2017,10,Salud,CONTRATADO,FEMENINO,12182
2017,10,Salud,CONTRATADO,MASCULINO,6322
2017,10,Salud,PERMANENTE,FEMENINO,24740
2017,10,Salud,PERMANENTE,MASCULINO,12514
2017,10,Servicio civil del Ejecutivo,CONTRATADO,FEMENINO,4186
2017,10,Servicio civil del Ejecutivo,CONTRATADO,MASCULINO,4968
2017,10,Servicio civil del Ejecutivo,PERMANENTE,FEMENINO,5065
2017,10,Servicio civil del Ejecutivo,PERMANENTE,MASCULINO,8376
2017,11,Educación,CONTRATADO,FEMENINO,1690
2017,11,Educación,CONTRATADO,MASCULINO,1541
2017,11,Educación,PERMANENTE,FEMENINO,66088
2017,11,Educación,PERMANENTE,MASCULINO,36390
2017,11,Empresas públicas,CONTRATADO,FEMENINO,494
2017,11,Empresas públicas,CONTRATADO,MASCULINO,1687
2017,11,Empresas públicas,PERMANENTE,FEMENINO,1821
2017,11,Empresas públicas,PERMANENTE,MASCULINO,6386
2017,11,Entes autónomos y autárquicos,CONTRATADO,FEMENINO,965
2017,11,Entes autónomos y autárquicos,CONTRATADO,MASCULINO,1262
2017,11,Entes autónomos y autárquicos,PERMANENTE,FEMENINO,2674
2017,11,Entes autónomos y autárquicos,PERMANENTE,MASCULINO,4521
2017,11,Fuerzas públicas,CONTRATADO,FEMENINO,190
2017,11,Fuerzas públicas,CONTRATADO,MASCULINO,168
2017,11,Fuerzas públicas,PERMANENTE,FEMENINO,6514
2017,11,Fuerzas públicas,PERMANENTE,MASCULINO,38506
2017,11,Gobiernos departamentales,CONTRATADO,FEMENINO,423
2017,11,Gobiernos departamentales,CONTRATADO,MASCULINO,648
2017,11,Gobiernos departamentales,PERMANENTE,FEMENINO,338
2017,11,Gobiernos departamentales,PERMANENTE,MASCULINO,696
2017,11,Municipalidades,CONTRATADO,FEMENINO,6145
2017,11,Municipalidades,CONTRATADO,MASCULINO,11028
2017,11,Municipalidades,PERMANENTE,FEMENINO,2398
2017,11,Municipalidades,PERMANENTE,MASCULINO,4686
2017,11,Otros organismos,CONTRATADO,FEMENINO,287
2017,11,Otros organismos,CONTRATADO,MASCULINO,308
2017,11,Otros organismos,PERMANENTE,FEMENINO,1428
2017,11,Otros organismos,PERMANENTE,MASCULINO,2453
2017,11,Poder Judicial,CONTRATADO,FEMENINO,2778
2017,11,Poder Judicial,CONTRATADO,MASCULINO,2277
2017,11,Poder Judicial,PERMANENTE,FEMENINO,11664
2017,11,Poder Judicial,PERMANENTE,MASCULINO,10304
2017,11,Poder Legislativo,CONTRATADO,FEMENINO,491
2017,11,Poder Legislativo,CONTRATADO,MASCULINO,766
2017,11,Poder Legislativo,PERMANENTE,FEMENINO,915
2017,11,Poder Legislativo,PERMANENTE,MASCULINO,1247
2017,11,SA del Estado,CONTRATADO,FEMENINO,4
2017,11,SA del Estado,CONTRATADO,MASCULINO,16
2017,11,SA del Estado,PERMANENTE,FEMENINO,1849
2017,11,SA del Estado,PERMANENTE,MASCULINO,4051
2017,11,Salud,CONTRATADO,FEMENINO,12246
2017,11,Salud,CONTRATADO,MASCULINO,6370
2017,11,Salud,PERMANENTE,FEMENINO,24693
2017,11,Salud,PERMANENTE,MASCULINO,12490
2017,11,Servicio civil del Ejecutivo,CONTRATADO,FEMENINO,3911
2017,11,Servicio civil del Ejecutivo,CONTRATADO,MASCULINO,4859
2017,11,Servicio civil del Ejecutivo,PERMANENTE,FEMENINO,5371
2017,11,Servicio civil del Ejecutivo,PERMANENTE,MASCULINO,8625
2017,12,Educación,CONTRATADO,FEMENINO,1869
2017,12,Educación,CONTRATADO,MASCULINO,1784
2017,12,Educación,PERMANENTE,FEMENINO,65985
2017,12,Educación,PERMANENTE,MASCULINO,36232
2017,12,Empresas públicas,CONTRATADO,FEMENINO,508
2017,12,Empresas públicas,CONTRATADO,MASCULINO,1742
2017,12,Empresas públicas,PERMANENTE,FEMENINO,1823
2017,12,Empresas públicas,PERMANENTE,MASCULINO,6377
2017,12,Entes autónomos y autárquicos,CONTRATADO,FEMENINO,1015
2017,12,Entes autónomos y autárquicos,CONTRATADO,MASCULINO,1325
2017,12,Entes autónomos y autárquicos,PERMANENTE,FEMENINO,2669
2017,12,Entes autónomos y autárquicos,PERMANENTE,MASCULINO,4516
2017,12,Fuerzas públicas,CONTRATADO,FEMENINO,190
2017,12,Fuerzas públicas,CONTRATADO,MASCULINO,166
2017,12,Fuerzas públicas,PERMANENTE,FEMENINO,6507
2017,12,Fuerzas públicas,PERMANENTE,MASCULINO,38457
2017,12,Gobiernos departamentales,CONTRATADO,FEMENINO,280
2017,12,Gobiernos departamentales,CONTRATADO,MASCULINO,527
2017,12,Gobiernos departamentales,PERMANENTE,FEMENINO,316
2017,12,Gobiernos departamentales,PERMANENTE,MASCULINO,649
2017,12,Municipalidades,CONTRATADO,FEMENINO,5948
2017,12,Municipalidades,CONTRATADO,MASCULINO,10700
2017,12,Municipalidades,PERMANENTE,FEMENINO,2390
2017,12,Municipalidades,PERMANENTE,MASCULINO,4691
2017,12,Otros organismos,CONTRATADO,FEMENINO,295
2017,12,Otros organismos,CONTRATADO,MASCULINO,322
2017,12,Otros organismos,PERMANENTE,FEMENINO,1430
2017,12,Otros organismos,PERMANENTE,MASCULINO,2433
2017,12,Poder Judicial,CONTRATADO,FEMENINO,2672
2017,12,Poder Judicial,CONTRATADO,MASCULINO,2181
2017,12,Poder Judicial,PERMANENTE,FEMENINO,11667
2017,12,Poder Judicial,PERMANENTE,MASCULINO,10304
2017,12,Poder Legislativo,CONTRATADO,FEMENINO,492
2017,12,Poder Legislativo,CONTRATADO,MASCULINO,766
2017,12,Poder Legislativo,PERMANENTE,FEMENINO,915
2017,12,Poder Legislativo,PERMANENTE,MASCULINO,1244
2017,12,SA del Estado,CONTRATADO,FEMENINO,4
2017,12,SA del Estado,CONTRATADO,MASCULINO,19
2017,12,SA del Estado,PERMANENTE,FEMENINO,1844
2017,12,SA del Estado,PERMANENTE,MASCULINO,4058
2017,12,Salud,CONTRATADO,FEMENINO,12662
2017,12,Salud,CONTRATADO,MASCULINO,6494
2017,12,Salud,PERMANENTE,FEMENINO,24668
2017,12,Salud,PERMANENTE,MASCULINO,12471
2017,12,Servicio civil del Ejecutivo,CONTRATADO,FEMENINO,3918
2017,12,Servicio civil del Ejecutivo,CONTRATADO,MASCULINO,4916
2017,12,Servicio civil del Ejecutivo,PERMANENTE,FEMENINO,5384
2017,12,Servicio civil del Ejecutivo,PERMANENTE,MASCULINO,8597
2018,1,Educación,CONTRATADO,FEMENINO,1332
2018,1,Educación,CONTRATADO,MASCULINO,1269
2018,1,Educación,PERMANENTE,FEMENINO,66221
2018,1,Educación,PERMANENTE,MASCULINO,36447
2018,1,Empresas públicas,CONTRATADO,FEMENINO,479
2018,1,Empresas públicas,CONTRATADO,MASCULINO,1615
2018,1,Empresas públicas,PERMANENTE,FEMENINO,1814
2018,1,Empresas públicas,PERMANENTE,MASCULINO,6339
2018,1,Entes autónomos y autárquicos,CONTRATADO,FEMENINO,727
2018,1,Entes autónomos y autárquicos,CONTRATADO,MASCULINO,965
2018,1,Entes autónomos y autárquicos,PERMANENTE,FEMENINO,2673
2018,1,Entes autónomos y autárquicos,PERMANENTE,MASCULINO,4535
2018,1,Fuerzas públicas,CONTRATADO,FEMENINO,184
2018,1,Fuerzas públicas,CONTRATADO,MASCULINO,157
2018,1,Fuerzas públicas,PERMANENTE,FEMENINO,6493
2018,1,Fuerzas públicas,PERMANENTE,MASCULINO,36776
2018,1,Gobiernos departamentales,CONTRATADO,FEMENINO,488
2018,1,Gobiernos departamentales,CONTRATADO,MASCULINO,812
2018,1,Gobiernos departamentales,PERMANENTE,FEMENINO,402
2018,1,Gobiernos departamentales,PERMANENTE,MASCULINO,811
2018,1,Municipalidades,CONTRATADO,FEMENINO,5683
2018,1,Municipalidades,CONTRATADO,MASCULINO,10460
2018,1,Municipalidades,PERMANENTE,FEMENINO,2431
2018,1,Municipalidades,PERMANENTE,MASCULINO,4766
2018,1,Otros organismos,CONTRATADO,FEMENINO,250
2018,1,Otros organismos,CONTRATADO,MASCULINO,281
2018,1,Otros organismos,PERMANENTE,FEMENINO,1443
2018,1,Otros organismos,PERMANENTE,MASCULINO,2433
2018,1,Poder Judicial,CONTRATADO,FEMENINO,2247
2018,1,Poder Judicial,CONTRATADO,MASCULINO,1905
2018,1,Poder Judicial,PERMANENTE,FEMENINO,12217
2018,1,Poder Judicial,PERMANENTE,MASCULINO,10704
2018,1,Poder Legislativo,CONTRATADO,FEMENINO,314
2018,1,Poder Legislativo,CONTRATADO,MASCULINO,531
2018,1,Poder Legislativo,PERMANENTE,FEMENINO,1052
2018,1,Poder Legislativo,PERMANENTE,MASCULINO,1402
2018,1,SA del Estado,CONTRATADO,FEMENINO,4
2018,1,SA del Estado,CONTRATADO,MASCULINO,23
2018,1,SA del Estado,PERMANENTE,FEMENINO,1844
2018,1,SA del Estado,PERMANENTE,MASCULINO,4044
2018,1,Salud,CONTRATADO,FEMENINO,11964
2018,1,Salud,CONTRATADO,MASCULINO,6205
2018,1,Salud,PERMANENTE,FEMENINO,25148
2018,1,Salud,PERMANENTE,MASCULINO,12683
2018,1,Servicio civil del Ejecutivo,CONTRATADO,FEMENINO,3230
2018,1,Servicio civil del Ejecutivo,CONTRATADO,MASCULINO,4207
2018,1,Servicio civil del Ejecutivo,PERMANENTE,FEMENINO,5379
2018,1,Servicio civil del Ejecutivo,PERMANENTE,MASCULINO,8567
2018,2,Educación,CONTRATADO,FEMENINO,1405
2018,2,Educación,CONTRATADO,MASCULINO,1327
2018,2,Educación,PERMANENTE,FEMENINO,66168
2018,2,Educación,PERMANENTE,MASCULINO,36398
2018,2,Empresas públicas,CONTRATADO,FEMENINO,482
2018,2,Empresas públicas,CONTRATADO,MASCULINO,1631
2018,2,Empresas públicas,PERMANENTE,FEMENINO,1812
2018,2,Empresas públicas,PERMANENTE,MASCULINO,6323
2018,2,Entes autónomos y autárquicos,CONTRATADO,FEMENINO,916
2018,2,Entes autónomos y autárquicos,CONTRATADO,MASCULINO,1132
2018,2,Entes autónomos y autárquicos,PERMANENTE,FEMENINO,2587
2018,2,Entes autónomos y autárquicos,PERMANENTE,MASCULINO,4296
2018,2,Fuerzas públicas,CONTRATADO,FEMENINO,183
2018,2,Fuerzas públicas,CONTRATADO,MASCULINO,157
2018,2,Fuerzas públicas,PERMANENTE,FEMENINO,6512
2018,2,Fuerzas públicas,PERMANENTE,MASCULINO,38286
2018,2,Gobiernos departamentales,CONTRATADO,FEMENINO,470
2018,2,Gobiernos departamentales,CONTRATADO,MASCULINO,763
2018,2,Gobiernos departamentales,PERMANENTE,FEMENINO,397
2018,2,Gobiernos departamentales,PERMANENTE,MASCULINO,799
2018,2,Municipalidades,CONTRATADO,FEMENINO,5785
2018,2,Municipalidades,CONTRATADO,MASCULINO,10613
2018,2,Municipalidades,PERMANENTE,FEMENINO,2451
2018,2,Municipalidades,PERMANENTE,MASCULINO,4765
2018,2,Otros organismos,CONTRATADO,FEMENINO,280
2018,2,Otros organismos,CONTRATADO,MASCULINO,314
2018,2,Otros organismos,PERMANENTE,FEMENINO,1445
2018,2,Otros organismos,PERMANENTE,MASCULINO,2436
2018,2,Poder Judicial,CONTRATADO,FEMENINO,2295
2018,2,Poder Judicial,CONTRATADO,MASCULINO,1907
2018,2,Poder Judicial,PERMANENTE,FEMENINO,12228
2018,2,Poder Judicial,PERMANENTE,MASCULINO,10700
2018,2,Poder Legislativo,CONTRATADO,FEMENINO,365
2018,2,Poder Legislativo,CONTRATADO,MASCULINO,609
2018,2,Poder Legislativo,PERMANENTE,FEMENINO,1066
2018,2,Poder Legislativo,PERMANENTE,MASCULINO,1420
2018,2,SA del Estado,CONTRATADO,FEMENINO,3
2018,2,SA del Estado,CONTRATADO,MASCULINO,23
2018,2,SA del Estado,PERMANENTE,FEMENINO,1832
2018,2,SA del Estado,PERMANENTE,MASCULINO,4035
2018,2,Salud,CONTRATADO,FEMENINO,12579
2018,2,Salud,CONTRATADO,MASCULINO,6419
2018,2,Salud,PERMANENTE,FEMENINO,25058
2018,2,Salud,PERMANENTE,MASCULINO,12629
2018,2,Servicio civil del Ejecutivo,CONTRATADO,FEMENINO,3730
2018,2,Servicio civil del Ejecutivo,CONTRATADO,MASCULINO,4696
2018,2,Servicio civil del Ejecutivo,PERMANENTE,FEMENINO,5440
2018,2,Servicio civil del Ejecutivo,PERMANENTE,MASCULINO,8702
2018,3,Educación,CONTRATADO,FEMENINO,1535
2018,3,Educación,CONTRATADO,MASCULINO,1459
2018,3,Educación,PERMANENTE,FEMENINO,65923
2018,3,Educación,PERMANENTE,MASCULINO,36305
2018,3,Empresas públicas,CONTRATADO,FEMENINO,477
2018,3,Empresas públicas,CONTRATADO,MASCULINO,1531
2018,3,Empresas públicas,PERMANENTE,FEMENINO,1818
2018,3,Empresas públicas,PERMANENTE,MASCULINO,6363
2018,3,Entes autónomos y autárquicos,CONTRATADO,FEMENINO,954
2018,3,Entes autónomos y autárquicos,CONTRATADO,MASCULINO,1215
2018,3,Entes autónomos y autárquicos,PERMANENTE,FEMENINO,2704
2018,3,Entes autónomos y autárquicos,PERMANENTE,MASCULINO,4580
2018,3,Fuerzas públicas,CONTRATADO,FEMENINO,180
2018,3,Fuerzas públicas,CONTRATADO,MASCULINO,145
2018,3,Fuerzas públicas,PERMANENTE,FEMENINO,6571
2018,3,Fuerzas públicas,PERMANENTE,MASCULINO,38844
2018,3,Gobiernos departamentales,CONTRATADO,FEMENINO,482
2018,3,Gobiernos departamentales,CONTRATADO,MASCULINO,811
2018,3,Gobiernos departamentales,PERMANENTE,FEMENINO,395
2018,3,Gobiernos departamentales,PERMANENTE,MASCULINO,803
2018,3,Municipalidades,CONTRATADO,FEMENINO,6002
2018,3,Municipalidades,CONTRATADO,MASCULINO,10992
2018,3,Municipalidades,PERMANENTE,FEMENINO,2457
2018,3,Municipalidades,PERMANENTE,MASCULINO,4783
2018,3,Otros organismos,CONTRATADO,FEMENINO,289
2018,3,Otros organismos,CONTRATADO,MASCULINO,332
2018,3,Otros organismos,PERMANENTE,FEMENINO,1446
2018,3,Otros organismos,PERMANENTE,MASCULINO,2437
2018,3,Poder Judicial,CONTRATADO,FEMENINO,2284
2018,3,Poder Judicial,CONTRATADO,MASCULINO,1906
2018,3,Poder Judicial,PERMANENTE,FEMENINO,12234
2018,3,Poder Judicial,PERMANENTE,MASCULINO,10723
2018,3,Poder Legislativo,CONTRATADO,FEMENINO,371
2018,3,Poder Legislativo,CONTRATADO,MASCULINO,624
2018,3,Poder Legislativo,PERMANENTE,FEMENINO,1074
2018,3,Poder Legislativo,PERMANENTE,MASCULINO,1422
2018,3,SA del Estado,CONTRATADO,FEMENINO,3
2018,3,SA del Estado,CONTRATADO,MASCULINO,22
2018,3,SA del Estado,PERMANENTE,FEMENINO,1810
2018,3,SA del Estado,PERMANENTE,MASCULINO,4007
2018,3,Salud,CONTRATADO,FEMENINO,12787
2018,3,Salud,CONTRATADO,MASCULINO,6506
2018,3,Salud,PERMANENTE,FEMENINO,25012
2018,3,Salud,PERMANENTE,MASCULINO,12607
2018,3,Servicio civil del Ejecutivo,CONTRATADO,FEMENINO,3997
2018,3,Servicio civil del Ejecutivo,CONTRATADO,MASCULINO,4893
2018,3,Servicio civil del Ejecutivo,PERMANENTE,FEMENINO,5462
2018,3,Servicio civil del Ejecutivo,PERMANENTE,MASCULINO,8715
2018,4,Educación,CONTRATADO,FEMENINO,1607
2018,4,Educación,CONTRATADO,MASCULINO,1492
2018,4,Educación,PERMANENTE,FEMENINO,65928
2018,4,Educación,PERMANENTE,MASCULINO,36242
2018,4,Empresas públicas,CONTRATADO,FEMENINO,484
2018,4,Empresas públicas,CONTRATADO,MASCULINO,1581
2018,4,Empresas públicas,PERMANENTE,FEMENINO,1819
2018,4,Empresas públicas,PERMANENTE,MASCULINO,6351
2018,4,Entes autónomos y autárquicos,CONTRATADO,FEMENINO,947
2018,4,Entes autónomos y autárquicos,CONTRATADO,MASCULINO,1220
2018,4,Entes autónomos y autárquicos,PERMANENTE,FEMENINO,2706
2018,4,Entes autónomos y autárquicos,PERMANENTE,MASCULINO,4572
2018,4,Fuerzas públicas,CONTRATADO,FEMENINO,184
2018,4,Fuerzas públicas,CONTRATADO,MASCULINO,151
2018,4,Fuerzas públicas,PERMANENTE,FEMENINO,6565
2018,4,Fuerzas públicas,PERMANENTE,MASCULINO,39208
2018,4,Gobiernos departamentales,CONTRATADO,FEMENINO,457
2018,4,Gobiernos departamentales,CONTRATADO,MASCULINO,769
2018,4,Gobiernos departamentales,PERMANENTE,FEMENINO,395
2018,4,Gobiernos departamentales,PERMANENTE,MASCULINO,801
2018,4,Municipalidades,CONTRATADO,FEMENINO,6305
2018,4,Municipalidades,CONTRATADO,MASCULINO,11072
2018,4,Municipalidades,PERMANENTE,FEMENINO,2470
2018,4,Municipalidades,PERMANENTE,MASCULINO,4815
2018,4,Otros organismos,CONTRATADO,FEMENINO,285
2018,4,Otros organismos,CONTRATADO,MASCULINO,318
2018,4,Otros organismos,PERMANENTE,FEMENINO,1445
2018,4,Otros organismos,PERMANENTE,MASCULINO,2434
2018,4,Poder Judicial,CONTRATADO,FEMENINO,2146
2018,4,Poder Judicial,CONTRATADO,MASCULINO,1895
2018,4,Poder Judicial,PERMANENTE,FEMENINO,12390
2018,4,Poder Judicial,PERMANENTE,MASCULINO,10775
2018,4,Poder Legislativo,CONTRATADO,FEMENINO,378
2018,4,Poder Legislativo,CONTRATADO,MASCULINO,621
2018,4,Poder Legislativo,PERMANENTE,FEMENINO,1082
2018,4,Poder Legislativo,PERMANENTE,MASCULINO,1423
2018,4,SA del Estado,CONTRATADO,FEMENINO,3
2018,4,SA del Estado,CONTRATADO,MASCULINO,22
2018,4,SA del Estado,PERMANENTE,FEMENINO,1798
2018,4,SA del Estado,PERMANENTE,MASCULINO,3991
2018,4,Salud,CONTRATADO,FEMENINO,13101
2018,4,Salud,CONTRATADO,MASCULINO,6683
2018,4,Salud,PERMANENTE,FEMENINO,24936
2018,4,Salud,PERMANENTE,MASCULINO,12565
2018,4,Servicio civil del Ejecutivo,CONTRATADO,FEMENINO,4052
2018,4,Servicio civil del Ejecutivo,CONTRATADO,MASCULINO,4914
2018,4,Servicio civil del Ejecutivo,PERMANENTE,FEMENINO,5469
2018,4,Servicio civil del Ejecutivo,PERMANENTE,MASCULINO,8711
2018,5,Educación,CONTRATADO,FEMENINO,1613
2018,5,Educación,CONTRATADO,MASCULINO,1536
2018,5,Educación,PERMANENTE,FEMENINO,66010
2018,5,Educación,PERMANENTE,MASCULINO,36237
2018,5,Empresas públicas,CONTRATADO,FEMENINO,508
2018,5,Empresas públicas,CONTRATADO,MASCULINO,1689
2018,5,Empresas públicas,PERMANENTE,FEMENINO,1815
2018,5,Empresas públicas,PERMANENTE,MASCULINO,6337
2018,5,Entes autónomos y autárquicos,CONTRATADO,FEMENINO,950
2018,5,Entes autónomos y autárquicos,CONTRATADO,MASCULINO,1208
2018,5,Entes autónomos y autárquicos,PERMANENTE,FEMENINO,2701
2018,5,Entes autónomos y autárquicos,PERMANENTE,MASCULINO,4569
2018,5,Fuerzas públicas,CONTRATADO,FEMENINO,194
2018,5,Fuerzas públicas,CONTRATADO,MASCULINO,165
2018,5,Fuerzas públicas,PERMANENTE,FEMENINO,6546
2018,5,Fuerzas públicas,PERMANENTE,MASCULINO,39281
2018,5,Gobiernos departamentales,CONTRATADO,FEMENINO,509
2018,5,Gobiernos departamentales,CONTRATADO,MASCULINO,781
2018,5,Gobiernos departamentales,PERMANENTE,FEMENINO,395
2018,5,Gobiernos departamentales,PERMANENTE,MASCULINO,801
2018,5,Municipalidades,CONTRATADO,FEMENINO,6334
2018,5,Municipalidades,CONTRATADO,MASCULINO,11008
2018,5,Municipalidades,PERMANENTE,FEMENINO,2470
2018,5,Municipalidades,PERMANENTE,MASCULINO,4803
2018,5,Otros organismos,CONTRATADO,FEMENINO,287
2018,5,Otros organismos,CONTRATADO,MASCULINO,318
2018,5,Otros organismos,PERMANENTE,FEMENINO,1443
2018,5,Otros organismos,PERMANENTE,MASCULINO,2427
2018,5,Poder Judicial,CONTRATADO,FEMENINO,2134
2018,5,Poder Judicial,CONTRATADO,MASCULINO,1889
2018,5,Poder Judicial,PERMANENTE,FEMENINO,12401
2018,5,Poder Judicial,PERMANENTE,MASCULINO,10759
2018,5,Poder Legislativo,CONTRATADO,FEMENINO,387
2018,5,Poder Legislativo,CONTRATADO,MASCULINO,629
2018,5,Poder Legislativo,PERMANENTE,FEMENINO,1083
2018,5,Poder Legislativo,PERMANENTE,MASCULINO,1425
2018,5,SA del Estado,CONTRATADO,FEMENINO,3
2018,5,SA del Estado,CONTRATADO,MASCULINO,22
2018,5,SA del Estado,PERMANENTE,FEMENINO,1786
2018,5,SA del Estado,PERMANENTE,MASCULINO,3976
2018,5,Salud,CONTRATADO,FEMENINO,13243
2018,5,Salud,CONTRATADO,MASCULINO,6789
2018,5,Salud,PERMANENTE,FEMENINO,24877
2018,5,Salud,PERMANENTE,MASCULINO,12533
2018,5,Servicio civil del Ejecutivo,CONTRATADO,FEMENINO,4111
2018,5,Servicio civil del Ejecutivo,CONTRATADO,MASCULINO,4946
2018,5,Servicio civil del Ejecutivo,PERMANENTE,FEMENINO,5475
2018,5,Servicio civil del Ejecutivo,PERMANENTE,MASCULINO,8701
2018,6,Educación,CONTRATADO,FEMENINO,1641
2018,6,Educación,CONTRATADO,MASCULINO,1553
2018,6,Educación,PERMANENTE,FEMENINO,66117
2018,6,Educación,PERMANENTE,MASCULINO,36209
2018,6,Empresas públicas,CONTRATADO,FEMENINO,496
2018,6,Empresas públicas,CONTRATADO,MASCULINO,1606
2018,6,Empresas públicas,PERMANENTE,FEMENINO,1824
2018,6,Empresas públicas,PERMANENTE,MASCULINO,6392
2018,6,Entes autónomos y autárquicos,CONTRATADO,FEMENINO,936
2018,6,Entes autónomos y autárquicos,CONTRATADO,MASCULINO,1199
2018,6,Entes autónomos y autárquicos,PERMANENTE,FEMENINO,2695
2018,6,Entes autónomos y autárquicos,PERMANENTE,MASCULINO,4564
2018,6,Fuerzas públicas,CONTRATADO,FEMENINO,194
2018,6,Fuerzas públicas,CONTRATADO,MASCULINO,167
2018,6,Fuerzas públicas,PERMANENTE,FEMENINO,6552
2018,6,Fuerzas públicas,PERMANENTE,MASCULINO,39404
2018,6,Gobiernos departamentales,CONTRATADO,FEMENINO,493
2018,6,Gobiernos departamentales,CONTRATADO,MASCULINO,749
2018,6,Gobiernos departamentales,PERMANENTE,FEMENINO,397
2018,6,Gobiernos departamentales,PERMANENTE,MASCULINO,803
2018,6,Municipalidades,CONTRATADO,FEMENINO,6415
2018,6,Municipalidades,CONTRATADO,MASCULINO,11147
2018,6,Municipalidades,PERMANENTE,FEMENINO,2475
2018,6,Municipalidades,PERMANENTE,MASCULINO,4810
2018,6,Otros organismos,CONTRATADO,FEMENINO,286
2018,6,Otros organismos,CONTRATADO,MASCULINO,320
2018,6,Otros organismos,PERMANENTE,FEMENINO,1444
2018,6,Otros organismos,PERMANENTE,MASCULINO,2426
2018,6,Poder Judicial,CONTRATADO,FEMENINO,2141
2018,6,Poder Judicial,CONTRATADO,MASCULINO,1913
2018,6,Poder Judicial,PERMANENTE,FEMENINO,12430
2018,6,Poder Judicial,PERMANENTE,MASCULINO,10773
2018,6,Poder Legislativo,CONTRATADO,FEMENINO,321
2018,6,Poder Legislativo,CONTRATADO,MASCULINO,544
2018,6,Poder Legislativo,PERMANENTE,FEMENINO,1152
2018,6,Poder Legislativo,PERMANENTE,MASCULINO,1506
2018,6,SA del Estado,CONTRATADO,FEMENINO,3
2018,6,SA del Estado,CONTRATADO,MASCULINO,30
2018,6,SA del Estado,PERMANENTE,FEMENINO,1782
2018,6,SA del Estado,PERMANENTE,MASCULINO,3972
2018,6,Salud,CONTRATADO,FEMENINO,13626
2018,6,Salud,CONTRATADO,MASCULINO,6973
2018,6,Salud,PERMANENTE,FEMENINO,24818
2018,6,Salud,PERMANENTE,MASCULINO,12500
2018,6,Servicio civil del Ejecutivo,CONTRATADO,FEMENINO,4164
2018,6,Servicio civil del Ejecutivo,CONTRATADO,MASCULINO,4983
2018,6,Servicio civil del Ejecutivo,PERMANENTE,FEMENINO,5471
2018,6,Servicio civil del Ejecutivo,PERMANENTE,MASCULINO,8680
2018,7,Educación,CONTRATADO,FEMENINO,1619
2018,7,Educación,CONTRATADO,MASCULINO,1560
2018,7,Educación,PERMANENTE,FEMENINO,66363
2018,7,Educación,PERMANENTE,MASCULINO,36254
2018,7,Empresas públicas,CONTRATADO,FEMENINO,497
2018,7,Empresas públicas,CONTRATADO,MASCULINO,1611
2018,7,Empresas públicas,PERMANENTE,FEMENINO,1822
2018,7,Empresas públicas,PERMANENTE,MASCULINO,6369
2018,7,Entes autónomos y autárquicos,CONTRATADO,FEMENINO,871
2018,7,Entes autónomos y autárquicos,CONTRATADO,MASCULINO,1078
2018,7,Entes autónomos y autárquicos,PERMANENTE,FEMENINO,2697
2018,7,Entes autónomos y autárquicos,PERMANENTE,MASCULINO,4559
2018,7,Fuerzas públicas,CONTRATADO,FEMENINO,198
2018,7,Fuerzas públicas,CONTRATADO,MASCULINO,171
2018,7,Fuerzas públicas,PERMANENTE,FEMENINO,6540
2018,7,Fuerzas públicas,PERMANENTE,MASCULINO,38657
2018,7,Gobiernos departamentales,CONTRATADO,FEMENINO,402
2018,7,Gobiernos departamentales,CONTRATADO,MASCULINO,708
2018,7,Gobiernos departamentales,PERMANENTE,FEMENINO,393
2018,7,Gobiernos departamentales,PERMANENTE,MASCULINO,802
2018,7,Municipalidades,CONTRATADO,FEMENINO,6478
2018,7,Municipalidades,CONTRATADO,MASCULINO,11215
2018,7,Municipalidades,PERMANENTE,FEMENINO,2480
2018,7,Municipalidades,PERMANENTE,MASCULINO,4792
2018,7,Otros organismos,CONTRATADO,FEMENINO,271
2018,7,Otros organismos,CONTRATADO,MASCULINO,312
2018,7,Otros organismos,PERMANENTE,FEMENINO,1461
2018,7,Otros organismos,PERMANENTE,MASCULINO,2446
2018,7,Poder Judicial,CONTRATADO,FEMENINO,2090
2018,7,Poder Judicial,CONTRATADO,MASCULINO,1864
2018,7,Poder Judicial,PERMANENTE,FEMENINO,12449
2018,7,Poder Judicial,PERMANENTE,MASCULINO,10773
2018,7,Poder Legislativo,CONTRATADO,FEMENINO,269
2018,7,Poder Legislativo,CONTRATADO,MASCULINO,411
2018,7,Poder Legislativo,PERMANENTE,FEMENINO,1148
2018,7,Poder Legislativo,PERMANENTE,MASCULINO,1510
2018,7,SA del Estado,CONTRATADO,FEMENINO,3
2018,7,SA del Estado,CONTRATADO,MASCULINO,29
2018,7,SA del Estado,PERMANENTE,FEMENINO,1774
2018,7,SA del Estado,PERMANENTE,MASCULINO,3955
2018,7,Salud,CONTRATADO,FEMENINO,13134
2018,7,Salud,CONTRATADO,MASCULINO,6787
2018,7,Salud,PERMANENTE,FEMENINO,24769
2018,7,Salud,PERMANENTE,MASCULINO,12472
2018,7,Servicio civil del Ejecutivo,CONTRATADO,FEMENINO,4175
2018,7,Servicio civil del Ejecutivo,CONTRATADO,MASCULINO,4957
2018,7,Servicio civil del Ejecutivo,PERMANENTE,FEMENINO,5470
2018,7,Servicio civil del Ejecutivo,PERMANENTE,MASCULINO,8664
2018,8,Educación,CONTRATADO,FEMENINO,1594
2018,8,Educación,CONTRATADO,MASCULINO,1548
2018,8,Educación,PERMANENTE,FEMENINO,66348
2018,8,Educación,PERMANENTE,MASCULINO,36224
2018,8,Empresas públicas,CONTRATADO,FEMENINO,419
2018,8,Empresas públicas,CONTRATADO,MASCULINO,985
2018,8,Empresas públicas,PERMANENTE,FEMENINO,1842
2018,8,Empresas públicas,PERMANENTE,MASCULINO,6702
2018,8,Entes autónomos y autárquicos,CONTRATADO,FEMENINO,907
2018,8,Entes autónomos y autárquicos,CONTRATADO,MASCULINO,1119
2018,8,Entes autónomos y autárquicos,PERMANENTE,FEMENINO,2705
2018,8,Entes autónomos y autárquicos,PERMANENTE,MASCULINO,4555
2018,8,Fuerzas públicas,CONTRATADO,FEMENINO,205
2018,8,Fuerzas públicas,CONTRATADO,MASCULINO,171
2018,8,Fuerzas públicas,PERMANENTE,FEMENINO,6659
2018,8,Fuerzas públicas,PERMANENTE,MASCULINO,39497
2018,8,Gobiernos departamentales,CONTRATADO,FEMENINO,366
2018,8,Gobiernos departamentales,CONTRATADO,MASCULINO,584
2018,8,Gobiernos departamentales,PERMANENTE,FEMENINO,387
2018,8,Gobiernos departamentales,PERMANENTE,MASCULINO,808
2018,8,Municipalidades,CONTRATADO,FEMENINO,6473
2018,8,Municipalidades,CONTRATADO,MASCULINO,11157
2018,8,Municipalidades,PERMANENTE,FEMENINO,2467
2018,8,Municipalidades,PERMANENTE,MASCULINO,4789
2018,8,Otros organismos,CONTRATADO,FEMENINO,247
2018,8,Otros organismos,CONTRATADO,MASCULINO,292
2018,8,Otros organismos,PERMANENTE,FEMENINO,1489
2018,8,Otros organismos,PERMANENTE,MASCULINO,2458
2018,8,Poder Judicial,CONTRATADO,FEMENINO,2105
2018,8,Poder Judicial,CONTRATADO,MASCULINO,1879
2018,8,Poder Judicial,PERMANENTE,FEMENINO,12484
2018,8,Poder Judicial,PERMANENTE,MASCULINO,10760
2018,8,Poder Legislativo,CONTRATADO,FEMENINO,359
2018,8,Poder Legislativo,CONTRATADO,MASCULINO,580
2018,8,Poder Legislativo,PERMANENTE,FEMENINO,1152
2018,8,Poder Legislativo,PERMANENTE,MASCULINO,1511
2018,8,SA del Estado,CONTRATADO,FEMENINO,3
2018,8,SA del Estado,CONTRATADO,MASCULINO,34
2018,8,SA del Estado,PERMANENTE,FEMENINO,1765
2018,8,SA del Estado,PERMANENTE,MASCULINO,3942
2018,8,Salud,CONTRATADO,FEMENINO,13305
2018,8,Salud,CONTRATADO,MASCULINO,6850
2018,8,Salud,PERMANENTE,FEMENINO,24693
2018,8,Salud,PERMANENTE,MASCULINO,12424
2018,8,Servicio civil del Ejecutivo,CONTRATADO,FEMENINO,4102
2018,8,Servicio civil del Ejecutivo,CONTRATADO,MASCULINO,4907
2018,8,Servicio civil del Ejecutivo,PERMANENTE,FEMENINO,5461
2018,8,Servicio civil del Ejecutivo,PERMANENTE,MASCULINO,8615
2018,9,Educación,CONTRATADO,FEMENINO,1578
2018,9,Educación,CONTRATADO,MASCULINO,1536
2018,9,Educación,PERMANENTE,FEMENINO,66213
2018,9,Educación,PERMANENTE,MASCULINO,36148
2018,9,Empresas públicas,CONTRATADO,FEMENINO,450
2018,9,Empresas públicas,CONTRATADO,MASCULINO,1253
2018,9,Empresas públicas,PERMANENTE,FEMENINO,1878
2018,9,Empresas públicas,PERMANENTE,MASCULINO,6716
2018,9,Entes autónomos y autárquicos,CONTRATADO,FEMENINO,793
2018,9,Entes autónomos y autárquicos,CONTRATADO,MASCULINO,1022
2018,9,Entes autónomos y autárquicos,PERMANENTE,FEMENINO,2705
2018,9,Entes autónomos y autárquicos,PERMANENTE,MASCULINO,4558
2018,9,Fuerzas públicas,CONTRATADO,FEMENINO,203
2018,9,Fuerzas públicas,CONTRATADO,MASCULINO,173
2018,9,Fuerzas públicas,PERMANENTE,FEMENINO,6647
2018,9,Fuerzas públicas,PERMANENTE,MASCULINO,39606
2018,9,Gobiernos departamentales,CONTRATADO,FEMENINO,384
2018,9,Gobiernos departamentales,CONTRATADO,MASCULINO,623
2018,9,Gobiernos departamentales,PERMANENTE,FEMENINO,376
2018,9,Gobiernos departamentales,PERMANENTE,MASCULINO,802
2018,9,Municipalidades,CONTRATADO,FEMENINO,6486
2018,9,Municipalidades,CONTRATADO,MASCULINO,11193
2018,9,Municipalidades,PERMANENTE,FEMENINO,2474
2018,9,Municipalidades,PERMANENTE,MASCULINO,4784
2018,9,Otros organismos,CONTRATADO,FEMENINO,261
2018,9,Otros organismos,CONTRATADO,MASCULINO,300
2018,9,Otros organismos,PERMANENTE,FEMENINO,1497
2018,9,Otros organismos,PERMANENTE,MASCULINO,2471
2018,9,Poder Judicial,CONTRATADO,FEMENINO,2092
2018,9,Poder Judicial,CONTRATADO,MASCULINO,1856
2018,9,Poder Judicial,PERMANENTE,FEMENINO,12472
2018,9,Poder Judicial,PERMANENTE,MASCULINO,10766
2018,9,Poder Legislativo,CONTRATADO,FEMENINO,363
2018,9,Poder Legislativo,CONTRATADO,MASCULINO,588
2018,9,Poder Legislativo,PERMANENTE,FEMENINO,1149
2018,9,Poder Legislativo,PERMANENTE,MASCULINO,1503
2018,9,SA del Estado,CONTRATADO,FEMENINO,5
2018,9,SA del Estado,CONTRATADO,MASCULINO,37
2018,9,SA del Estado,PERMANENTE,FEMENINO,1758
2018,9,SA del Estado,PERMANENTE,MASCULINO,3931
2018,9,Salud,CONTRATADO,FEMENINO,11883
2018,9,Salud,CONTRATADO,MASCULINO,6400
2018,9,Salud,PERMANENTE,FEMENINO,26878
2018,9,Salud,PERMANENTE,MASCULINO,13345
2018,9,Servicio civil del Ejecutivo,CONTRATADO,FEMENINO,4057
2018,9,Servicio civil del Ejecutivo,CONTRATADO,MASCULINO,4850
2018,9,Servicio civil del Ejecutivo,PERMANENTE,FEMENINO,5447
2018,9,Servicio civil del Ejecutivo,PERMANENTE,MASCULINO,8587
2018,10,Educación,CONTRATADO,FEMENINO,1672
2018,10,Educación,CONTRATADO,MASCULINO,1537
2018,10,Educación,PERMANENTE,FEMENINO,65985
2018,10,Educación,PERMANENTE,MASCULINO,35931
2018,10,Empresas públicas,CONTRATADO,FEMENINO,376
2018,10,Empresas públicas,CONTRATADO,MASCULINO,1189
2018,10,Empresas públicas,PERMANENTE,FEMENINO,1950
2018,10,Empresas públicas,PERMANENTE,MASCULINO,6763
2018,10,Entes autónomos y autárquicos,CONTRATADO,FEMENINO,835
2018,10,Entes autónomos y autárquicos,CONTRATADO,MASCULINO,1093
2018,10,Entes autónomos y autárquicos,PERMANENTE,FEMENINO,2711
2018,10,Entes autónomos y autárquicos,PERMANENTE,MASCULINO,4561
2018,10,Fuerzas públicas,CONTRATADO,FEMENINO,202
2018,10,Fuerzas públicas,CONTRATADO,MASCULINO,170
2018,10,Fuerzas públicas,PERMANENTE,FEMENINO,6643
2018,10,Fuerzas públicas,PERMANENTE,MASCULINO,39785
2018,10,Gobiernos departamentales,CONTRATADO,FEMENINO,422
2018,10,Gobiernos departamentales,CONTRATADO,MASCULINO,679
2018,10,Gobiernos departamentales,PERMANENTE,FEMENINO,398
2018,10,Gobiernos departamentales,PERMANENTE,MASCULINO,843
2018,10,Municipalidades,CONTRATADO,FEMENINO,6517
2018,10,Municipalidades,CONTRATADO,MASCULINO,11169
2018,10,Municipalidades,PERMANENTE,FEMENINO,2472
2018,10,Municipalidades,PERMANENTE,MASCULINO,4788
2018,10,Otros organismos,CONTRATADO,FEMENINO,269
2018,10,Otros organismos,CONTRATADO,MASCULINO,304
2018,10,Otros organismos,PERMANENTE,FEMENINO,1502
2018,10,Otros organismos,PERMANENTE,MASCULINO,2465
2018,10,Poder Judicial,CONTRATADO,FEMENINO,1969
2018,10,Poder Judicial,CONTRATADO,MASCULINO,1773
2018,10,Poder Judicial,PERMANENTE,FEMENINO,12501
2018,10,Poder Judicial,PERMANENTE,MASCULINO,10774
2018,10,Poder Legislativo,CONTRATADO,FEMENINO,363
2018,10,Poder Legislativo,CONTRATADO,MASCULINO,592
2018,10,Poder Legislativo,PERMANENTE,FEMENINO,1138
2018,10,Poder Legislativo,PERMANENTE,MASCULINO,1486
2018,10,SA del Estado,CONTRATADO,FEMENINO,7
2018,10,SA del Estado,CONTRATADO,MASCULINO,47
2018,10,SA del Estado,PERMANENTE,FEMENINO,1755
2018,10,SA del Estado,PERMANENTE,MASCULINO,3937
2018,10,Salud,CONTRATADO,FEMENINO,11904
2018,10,Salud,CONTRATADO,MASCULINO,6383
2018,10,Salud,PERMANENTE,FEMENINO,26705
2018,10,Salud,PERMANENTE,MASCULINO,13280
2018,10,Servicio civil del Ejecutivo,CONTRATADO,FEMENINO,3982
2018,10,Servicio civil del Ejecutivo,CONTRATADO,MASCULINO,4816
2018,10,Servicio civil del Ejecutivo,PERMANENTE,FEMENINO,5439
2018,10,Servicio civil del Ejecutivo,PERMANENTE,MASCULINO,8572
2018,11,Educación,CONTRATADO,FEMENINO,1665
2018,11,Educación,CONTRATADO,MASCULINO,1531
2018,11,Educación,PERMANENTE,FEMENINO,66007
2018,11,Educación,PERMANENTE,MASCULINO,35932
2018,11,Empresas públicas,CONTRATADO,FEMENINO,407
2018,11,Empresas públicas,CONTRATADO,MASCULINO,1231
2018,11,Empresas públicas,PERMANENTE,FEMENINO,1952
2018,11,Empresas públicas,PERMANENTE,MASCULINO,6753
2018,11,Entes autónomos y autárquicos,CONTRATADO,FEMENINO,820
2018,11,Entes autónomos y autárquicos,CONTRATADO,MASCULINO,1075
2018,11,Entes autónomos y autárquicos,PERMANENTE,FEMENINO,2677
2018,11,Entes autónomos y autárquicos,PERMANENTE,MASCULINO,4550
2018,11,Fuerzas públicas,CONTRATADO,FEMENINO,202
2018,11,Fuerzas públicas,CONTRATADO,MASCULINO,172
2018,11,Fuerzas públicas,PERMANENTE,FEMENINO,6624
2018,11,Fuerzas públicas,PERMANENTE,MASCULINO,39599
2018,11,Gobiernos departamentales,CONTRATADO,FEMENINO,434
2018,11,Gobiernos departamentales,CONTRATADO,MASCULINO,701
2018,11,Gobiernos departamentales,PERMANENTE,FEMENINO,399
2018,11,Gobiernos departamentales,PERMANENTE,MASCULINO,836
2018,11,Municipalidades,CONTRATADO,FEMENINO,6452
2018,11,Municipalidades,CONTRATADO,MASCULINO,11055
2018,11,Municipalidades,PERMANENTE,FEMENINO,2447
2018,11,Municipalidades,PERMANENTE,MASCULINO,4748
2018,11,Otros organismos,CONTRATADO,FEMENINO,267
2018,11,Otros organismos,CONTRATADO,MASCULINO,301
2018,11,Otros organismos,PERMANENTE,FEMENINO,1516
2018,11,Otros organismos,PERMANENTE,MASCULINO,2469
2018,11,Poder Judicial,CONTRATADO,FEMENINO,1941
2018,11,Poder Judicial,CONTRATADO,MASCULINO,1762
2018,11,Poder Judicial,PERMANENTE,FEMENINO,12520
2018,11,Poder Judicial,PERMANENTE,MASCULINO,10780
2018,11,Poder Legislativo,CONTRATADO,FEMENINO,364
2018,11,Poder Legislativo,CONTRATADO,MASCULINO,591
2018,11,Poder Legislativo,PERMANENTE,FEMENINO,1140
2018,11,Poder Legislativo,PERMANENTE,MASCULINO,1487
2018,11,SA del Estado,CONTRATADO,FEMENINO,10
2018,11,SA del Estado,CONTRATADO,MASCULINO,56
2018,11,SA del Estado,PERMANENTE,FEMENINO,1748
2018,11,SA del Estado,PERMANENTE,MASCULINO,3920
2018,11,Salud,CONTRATADO,FEMENINO,11854
2018,11,Salud,CONTRATADO,MASCULINO,6384
2018,11,Salud,PERMANENTE,FEMENINO,26657
2018,11,Salud,PERMANENTE,MASCULINO,13271
2018,11,Servicio civil del Ejecutivo,CONTRATADO,FEMENINO,3834
2018,11,Servicio civil del Ejecutivo,CONTRATADO,MASCULINO,4705
2018,11,Servicio civil del Ejecutivo,PERMANENTE,FEMENINO,5422
2018,11,Servicio civil del Ejecutivo,PERMANENTE,MASCULINO,8563
2018,12,Educación,CONTRATADO,FEMENINO,1896
2018,12,Educación,CONTRATADO,MASCULINO,1796
2018,12,Educación,PERMANENTE,FEMENINO,65937
2018,12,Educación,PERMANENTE,MASCULINO,35797
2018,12,Empresas públicas,CONTRATADO,FEMENINO,419
2018,12,Empresas públicas,CONTRATADO,MASCULINO,1258
2018,12,Empresas públicas,PERMANENTE,FEMENINO,1955
2018,12,Empresas públicas,PERMANENTE,MASCULINO,6713
2018,12,Entes autónomos y autárquicos,CONTRATADO,FEMENINO,888
2018,12,Entes autónomos y autárquicos,CONTRATADO,MASCULINO,1184
2018,12,Entes autónomos y autárquicos,PERMANENTE,FEMENINO,2676
2018,12,Entes autónomos y autárquicos,PERMANENTE,MASCULINO,4553
2018,12,Fuerzas públicas,CONTRATADO,FEMENINO,199
2018,12,Fuerzas públicas,CONTRATADO,MASCULINO,165
2018,12,Fuerzas públicas,PERMANENTE,FEMENINO,6614
2018,12,Fuerzas públicas,PERMANENTE,MASCULINO,39474
2018,12,Gobiernos departamentales,CONTRATADO,FEMENINO,418
2018,12,Gobiernos departamentales,CONTRATADO,MASCULINO,666
2018,12,Gobiernos departamentales,PERMANENTE,FEMENINO,368
2018,12,Gobiernos departamentales,PERMANENTE,MASCULINO,773
2018,12,Municipalidades,CONTRATADO,FEMENINO,6076
2018,12,Municipalidades,CONTRATADO,MASCULINO,10663
2018,12,Municipalidades,PERMANENTE,FEMENINO,2443
2018,12,Municipalidades,PERMANENTE,MASCULINO,4722
2018,12,Otros organismos,CONTRATADO,FEMENINO,280
2018,12,Otros organismos,CONTRATADO,MASCULINO,330
2018,12,Otros organismos,PERMANENTE,FEMENINO,1510
2018,12,Otros organismos,PERMANENTE,MASCULINO,2454
2018,12,Poder Judicial,CONTRATADO,FEMENINO,1911
2018,12,Poder Judicial,CONTRATADO,MASCULINO,1713
2018,12,Poder Judicial,PERMANENTE,FEMENINO,12520
2018,12,Poder Judicial,PERMANENTE,MASCULINO,10751
2018,12,Poder Legislativo,CONTRATADO,FEMENINO,364
2018,12,Poder Legislativo,CONTRATADO,MASCULINO,590
2018,12,Poder Legislativo,PERMANENTE,FEMENINO,1138
2018,12,Poder Legislativo,PERMANENTE,MASCULINO,1488
2018,12,SA del Estado,CONTRATADO,FEMENINO,13
2018,12,SA del Estado,CONTRATADO,MASCULINO,76
2018,12,SA del Estado,PERMANENTE,FEMENINO,1743
2018,12,SA del Estado,PERMANENTE,MASCULINO,3924
2018,12,Salud,CONTRATADO,FEMENINO,12526
2018,12,Salud,CONTRATADO,MASCULINO,6571
2018,12,Salud,PERMANENTE,FEMENINO,26639
2018,12,Salud,PERMANENTE,MASCULINO,13249
2018,12,Servicio civil del Ejecutivo,CONTRATADO,FEMENINO,3766
2018,12,Servicio civil del Ejecutivo,CONTRATADO,MASCULINO,4579
2018,12,Servicio civil del Ejecutivo,PERMANENTE,FEMENINO,5420
2018,12,Servicio civil del Ejecutivo,PERMANENTE,MASCULINO,8559
2019,1,Educación,CONTRATADO,FEMENINO,1065
2019,1,Educación,CONTRATADO,MASCULINO,1060
2019,1,Educación,PERMANENTE,FEMENINO,66169
2019,1,Educación,PERMANENTE,MASCULINO,36010
2019,1,Empresas públicas,CONTRATADO,FEMENINO,384
2019,1,Empresas públicas,CONTRATADO,MASCULINO,1105
2019,1,Empresas públicas,PERMANENTE,FEMENINO,1974
2019,1,Empresas públicas,PERMANENTE,MASCULINO,6752
2019,1,Entes autónomos y autárquicos,CONTRATADO,FEMENINO,527
2019,1,Entes autónomos y autárquicos,CONTRATADO,MASCULINO,799
2019,1,Entes autónomos y autárquicos,PERMANENTE,FEMENINO,2683
2019,1,Entes autónomos y autárquicos,PERMANENTE,MASCULINO,4576
2019,1,Fuerzas públicas,CONTRATADO,FEMENINO,191
2019,1,Fuerzas públicas,CONTRATADO,MASCULINO,163
2019,1,Fuerzas públicas,PERMANENTE,FEMENINO,6546
2019,1,Fuerzas públicas,PERMANENTE,MASCULINO,37551
2019,1,Gobiernos departamentales,CONTRATADO,FEMENINO,436
2019,1,Gobiernos departamentales,CONTRATADO,MASCULINO,703
2019,1,Gobiernos departamentales,PERMANENTE,FEMENINO,410
2019,1,Gobiernos departamentales,PERMANENTE,MASCULINO,843
2019,1,Municipalidades,CONTRATADO,FEMENINO,5825
2019,1,Municipalidades,CONTRATADO,MASCULINO,10655
2019,1,Municipalidades,PERMANENTE,FEMENINO,2482
2019,1,Municipalidades,PERMANENTE,MASCULINO,4803
2019,1,Otros organismos,CONTRATADO,FEMENINO,225
2019,1,Otros organismos,CONTRATADO,MASCULINO,258
2019,1,Otros organismos,PERMANENTE,FEMENINO,1524
2019,1,Otros organismos,PERMANENTE,MASCULINO,2465
2019,1,Poder Judicial,CONTRATADO,FEMENINO,1920
2019,1,Poder Judicial,CONTRATADO,MASCULINO,1634
2019,1,Poder Judicial,PERMANENTE,FEMENINO,12519
2019,1,Poder Judicial,PERMANENTE,MASCULINO,10749
2019,1,Poder Legislativo,CONTRATADO,FEMENINO,371
2019,1,Poder Legislativo,CONTRATADO,MASCULINO,586
2019,1,Poder Legislativo,PERMANENTE,FEMENINO,1162
2019,1,Poder Legislativo,PERMANENTE,MASCULINO,1507
2019,1,SA del Estado,CONTRATADO,FEMENINO,12
2019,1,SA del Estado,CONTRATADO,MASCULINO,71
2019,1,SA del Estado,PERMANENTE,FEMENINO,1742
2019,1,SA del Estado,PERMANENTE,MASCULINO,3922
2019,1,Salud,CONTRATADO,FEMENINO,12038
2019,1,Salud,CONTRATADO,MASCULINO,6520
2019,1,Salud,PERMANENTE,FEMENINO,26557
2019,1,Salud,PERMANENTE,MASCULINO,13214
2019,1,Servicio civil del Ejecutivo,CONTRATADO,FEMENINO,2766
2019,1,Servicio civil del Ejecutivo,CONTRATADO,MASCULINO,3442
2019,1,Servicio civil del Ejecutivo,PERMANENTE,FEMENINO,5756
2019,1,Servicio civil del Ejecutivo,PERMANENTE,MASCULINO,9102
2019,2,Educación,CONTRATADO,FEMENINO,1038
2019,2,Educación,CONTRATADO,MASCULINO,1035
2019,2,Educación,PERMANENTE,FEMENINO,66038
2019,2,Educación,PERMANENTE,MASCULINO,35962
2019,2,Empresas públicas,CONTRATADO,FEMENINO,387
2019,2,Empresas públicas,CONTRATADO,MASCULINO,1107
2019,2,Empresas públicas,PERMANENTE,FEMENINO,1963
2019,2,Empresas públicas,PERMANENTE,MASCULINO,6723
2019,2,Entes autónomos y autárquicos,CONTRATADO,FEMENINO,578
2019,2,Entes autónomos y autárquicos,CONTRATADO,MASCULINO,854
2019,2,Entes autónomos y autárquicos,PERMANENTE,FEMENINO,2624
2019,2,Entes autónomos y autárquicos,PERMANENTE,MASCULINO,4335
2019,2,Fuerzas públicas,CONTRATADO,FEMENINO,191
2019,2,Fuerzas públicas,CONTRATADO,MASCULINO,163
2019,2,Fuerzas públicas,PERMANENTE,FEMENINO,6573
2019,2,Fuerzas públicas,PERMANENTE,MASCULINO,39700
2019,2,Gobiernos departamentales,CONTRATADO,FEMENINO,416
2019,2,Gobiernos departamentales,CONTRATADO,MASCULINO,673
2019,2,Gobiernos departamentales,PERMANENTE,FEMENINO,389
2019,2,Gobiernos departamentales,PERMANENTE,MASCULINO,807
2019,2,Municipalidades,CONTRATADO,FEMENINO,6205
2019,2,Municipalidades,CONTRATADO,MASCULINO,11161
2019,2,Municipalidades,PERMANENTE,FEMENINO,2496
2019,2,Municipalidades,PERMANENTE,MASCULINO,4827
2019,2,Otros organismos,CONTRATADO,FEMENINO,275
2019,2,Otros organismos,CONTRATADO,MASCULINO,310
2019,2,Otros organismos,PERMANENTE,FEMENINO,1536
2019,2,Otros organismos,PERMANENTE,MASCULINO,2464
2019,2,Poder Judicial,CONTRATADO,FEMENINO,2080
2019,2,Poder Judicial,CONTRATADO,MASCULINO,1780
2019,2,Poder Judicial,PERMANENTE,FEMENINO,12564
2019,2,Poder Judicial,PERMANENTE,MASCULINO,10777
2019,2,Poder Legislativo,CONTRATADO,FEMENINO,393
2019,2,Poder Legislativo,CONTRATADO,MASCULINO,621
2019,2,Poder Legislativo,PERMANENTE,FEMENINO,1167
2019,2,Poder Legislativo,PERMANENTE,MASCULINO,1530
2019,2,SA del Estado,CONTRATADO,FEMENINO,18
2019,2,SA del Estado,CONTRATADO,MASCULINO,77
2019,2,SA del Estado,PERMANENTE,FEMENINO,1736
2019,2,SA del Estado,PERMANENTE,MASCULINO,3934
2019,2,Salud,CONTRATADO,FEMENINO,12300
2019,2,Salud,CONTRATADO,MASCULINO,6565
2019,2,Salud,PERMANENTE,FEMENINO,27006
2019,2,Salud,PERMANENTE,MASCULINO,13456
2019,2,Servicio civil del Ejecutivo,CONTRATADO,FEMENINO,3285
2019,2,Servicio civil del Ejecutivo,CONTRATADO,MASCULINO,3828
2019,2,Servicio civil del Ejecutivo,PERMANENTE,FEMENINO,6078
2019,2,Servicio civil del Ejecutivo,PERMANENTE,MASCULINO,9428
2019,3,Educación,CONTRATADO,FEMENINO,1141
2019,3,Educación,CONTRATADO,MASCULINO,1153
2019,3,Educación,PERMANENTE,FEMENINO,65225
2019,3,Educación,PERMANENTE,MASCULINO,35553
2019,3,Empresas públicas,CONTRATADO,FEMENINO,417
2019,3,Empresas públicas,CONTRATADO,MASCULINO,1156
2019,3,Empresas públicas,PERMANENTE,FEMENINO,1965
2019,3,Empresas públicas,PERMANENTE,MASCULINO,6721
2019,3,Entes autónomos y autárquicos,CONTRATADO,FEMENINO,583
2019,3,Entes autónomos y autárquicos,CONTRATADO,MASCULINO,862
2019,3,Entes autónomos y autárquicos,PERMANENTE,FEMENINO,2838
2019,3,Entes autónomos y autárquicos,PERMANENTE,MASCULINO,4650
2019,3,Fuerzas públicas,CONTRATADO,FEMENINO,201
2019,3,Fuerzas públicas,CONTRATADO,MASCULINO,179
2019,3,Fuerzas públicas,PERMANENTE,FEMENINO,6567
2019,3,Fuerzas públicas,PERMANENTE,MASCULINO,40261
2019,3,Gobiernos departamentales,CONTRATADO,FEMENINO,440
2019,3,Gobiernos departamentales,CONTRATADO,MASCULINO,723
2019,3,Gobiernos departamentales,PERMANENTE,FEMENINO,407
2019,3,Gobiernos departamentales,PERMANENTE,MASCULINO,840
2019,3,Municipalidades,CONTRATADO,FEMENINO,6677
2019,3,Municipalidades,CONTRATADO,MASCULINO,11469
2019,3,Municipalidades,PERMANENTE,FEMENINO,2501
2019,3,Municipalidades,PERMANENTE,MASCULINO,4828
2019,3,Otros organismos,CONTRATADO,FEMENINO,274
2019,3,Otros organismos,CONTRATADO,MASCULINO,310
2019,3,Otros organismos,PERMANENTE,FEMENINO,1534
2019,3,Otros organismos,PERMANENTE,MASCULINO,2463
2019,3,Poder Judicial,CONTRATADO,FEMENINO,2203
2019,3,Poder Judicial,CONTRATADO,MASCULINO,1870
2019,3,Poder Judicial,PERMANENTE,FEMENINO,12572
2019,3,Poder Judicial,PERMANENTE,MASCULINO,10773
2019,3,Poder Legislativo,CONTRATADO,FEMENINO,385
2019,3,Poder Legislativo,CONTRATADO,MASCULINO,619
2019,3,Poder Legislativo,PERMANENTE,FEMENINO,1163
2019,3,Poder Legislativo,PERMANENTE,MASCULINO,1528
2019,3,SA del Estado,CONTRATADO,FEMENINO,31
2019,3,SA del Estado,CONTRATADO,MASCULINO,86
2019,3,SA del Estado,PERMANENTE,FEMENINO,1735
2019,3,SA del Estado,PERMANENTE,MASCULINO,3940
2019,3,Salud,CONTRATADO,FEMENINO,12504
2019,3,Salud,CONTRATADO,MASCULINO,6701
2019,3,Salud,PERMANENTE,FEMENINO,26922
2019,3,Salud,PERMANENTE,MASCULINO,13423
2019,3,Servicio civil del Ejecutivo,CONTRATADO,FEMENINO,3344
2019,3,Servicio civil del Ejecutivo,CONTRATADO,MASCULINO,3917
2019,3,Servicio civil del Ejecutivo,PERMANENTE,FEMENINO,6080
2019,3,Servicio civil del Ejecutivo,PERMANENTE,MASCULINO,9417
2019,4,Educación,CONTRATADO,FEMENINO,1208
2019,4,Educación,CONTRATADO,MASCULINO,1253
2019,4,Educación,PERMANENTE,FEMENINO,64834
2019,4,Educación,PERMANENTE,MASCULINO,35306
2019,4,Empresas públicas,CONTRATADO,FEMENINO,391
2019,4,Empresas públicas,CONTRATADO,MASCULINO,1125
2019,4,Empresas públicas,PERMANENTE,FEMENINO,1965
2019,4,Empresas públicas,PERMANENTE,MASCULINO,6713
2019,4,Entes autónomos y autárquicos,CONTRATADO,FEMENINO,590
2019,4,Entes autónomos y autárquicos,CONTRATADO,MASCULINO,878
2019,4,Entes autónomos y autárquicos,PERMANENTE,FEMENINO,2835
2019,4,Entes autónomos y autárquicos,PERMANENTE,MASCULINO,4647
2019,4,Fuerzas públicas,CONTRATADO,FEMENINO,202
2019,4,Fuerzas públicas,CONTRATADO,MASCULINO,177
2019,4,Fuerzas públicas,PERMANENTE,FEMENINO,6795
2019,4,Fuerzas públicas,PERMANENTE,MASCULINO,40705
2019,4,Gobiernos departamentales,CONTRATADO,FEMENINO,429
2019,4,Gobiernos departamentales,CONTRATADO,MASCULINO,707
2019,4,Gobiernos departamentales,PERMANENTE,FEMENINO,403
2019,4,Gobiernos departamentales,PERMANENTE,MASCULINO,837
2019,4,Municipalidades,CONTRATADO,FEMENINO,6753
2019,4,Municipalidades,CONTRATADO,MASCULINO,11632
2019,4,Municipalidades,PERMANENTE,FEMENINO,2493
2019,4,Municipalidades,PERMANENTE,MASCULINO,4793
2019,4,Otros organismos,CONTRATADO,FEMENINO,278
2019,4,Otros organismos,CONTRATADO,MASCULINO,314
2019,4,Otros organismos,PERMANENTE,FEMENINO,1534
2019,4,Otros organismos,PERMANENTE,MASCULINO,2462
2019,4,Poder Judicial,CONTRATADO,FEMENINO,2263
2019,4,Poder Judicial,CONTRATADO,MASCULINO,2028
2019,4,Poder Judicial,PERMANENTE,FEMENINO,12586
2019,4,Poder Judicial,PERMANENTE,MASCULINO,10766
2019,4,Poder Legislativo,CONTRATADO,FEMENINO,379
2019,4,Poder Legislativo,CONTRATADO,MASCULINO,609
2019,4,Poder Legislativo,PERMANENTE,FEMENINO,1165
2019,4,Poder Legislativo,PERMANENTE,MASCULINO,1529
2019,4,SA del Estado,CONTRATADO,FEMENINO,32
2019,4,SA del Estado,CONTRATADO,MASCULINO,87
2019,4,SA del Estado,PERMANENTE,FEMENINO,1724
2019,4,SA del Estado,PERMANENTE,MASCULINO,3919
2019,4,Salud,CONTRATADO,FEMENINO,12109
2019,4,Salud,CONTRATADO,MASCULINO,6624
2019,4,Salud,PERMANENTE,FEMENINO,26897
2019,4,Salud,PERMANENTE,MASCULINO,13401
2019,4,Servicio civil del Ejecutivo,CONTRATADO,FEMENINO,3748
2019,4,Servicio civil del Ejecutivo,CONTRATADO,MASCULINO,4263
2019,4,Servicio civil del Ejecutivo,PERMANENTE,FEMENINO,6092
2019,4,Servicio civil del Ejecutivo,PERMANENTE,MASCULINO,9404
2019,5,Educación,CONTRATADO,FEMENINO,1224
2019,5,Educación,CONTRATADO,MASCULINO,1242
2019,5,Educación,PERMANENTE,FEMENINO,65545
2019,5,Educación,PERMANENTE,MASCULINO,35585
2019,5,Empresas públicas,CONTRATADO,FEMENINO,418
2019,5,Empresas públicas,CONTRATADO,MASCULINO,1196
2019,5,Empresas públicas,PERMANENTE,FEMENINO,1963
2019,5,Empresas públicas,PERMANENTE,MASCULINO,6698
2019,5,Entes autónomos y autárquicos,CONTRATADO,FEMENINO,645
2019,5,Entes autónomos y autárquicos,CONTRATADO,MASCULINO,944
2019,5,Entes autónomos y autárquicos,PERMANENTE,FEMENINO,2830
2019,5,Entes autónomos y autárquicos,PERMANENTE,MASCULINO,4653
2019,5,Fuerzas públicas,CONTRATADO,FEMENINO,198
2019,5,Fuerzas públicas,CONTRATADO,MASCULINO,171
2019,5,Fuerzas públicas,PERMANENTE,FEMENINO,6776
2019,5,Fuerzas públicas,PERMANENTE,MASCULINO,40654
2019,5,Gobiernos departamentales,CONTRATADO,FEMENINO,404
2019,5,Gobiernos departamentales,CONTRATADO,MASCULINO,645
2019,5,Gobiernos departamentales,PERMANENTE,FEMENINO,407
2019,5,Gobiernos departamentales,PERMANENTE,MASCULINO,805
2019,5,Municipalidades,CONTRATADO,FEMENINO,6658
2019,5,Municipalidades,CONTRATADO,MASCULINO,11470
2019,5,Municipalidades,PERMANENTE,FEMENINO,2501
2019,5,Municipalidades,PERMANENTE,MASCULINO,4767
2019,5,Otros organismos,CONTRATADO,FEMENINO,280
2019,5,Otros organismos,CONTRATADO,MASCULINO,327
2019,5,Otros organismos,PERMANENTE,FEMENINO,1533
2019,5,Otros organismos,PERMANENTE,MASCULINO,2459
2019,5,Poder Judicial,CONTRATADO,FEMENINO,2001
2019,5,Poder Judicial,CONTRATADO,MASCULINO,1823
2019,5,Poder Judicial,PERMANENTE,FEMENINO,12591
2019,5,Poder Judicial,PERMANENTE,MASCULINO,10760
2019,5,Poder Legislativo,CONTRATADO,FEMENINO,394
2019,5,Poder Legislativo,CONTRATADO,MASCULINO,618
2019,5,Poder Legislativo,PERMANENTE,FEMENINO,1165
2019,5,Poder Legislativo,PERMANENTE,MASCULINO,1525
2019,5,SA del Estado,CONTRATADO,FEMENINO,38
2019,5,SA del Estado,CONTRATADO,MASCULINO,122
2019,5,SA del Estado,PERMANENTE,FEMENINO,1723
2019,5,SA del Estado,PERMANENTE,MASCULINO,3917
2019,5,Salud,CONTRATADO,FEMENINO,12621
2019,5,Salud,CONTRATADO,MASCULINO,6773
2019,5,Salud,PERMANENTE,FEMENINO,26853
2019,5,Salud,PERMANENTE,MASCULINO,13371
2019,5,Servicio civil del Ejecutivo,CONTRATADO,FEMENINO,3939
2019,5,Servicio civil del Ejecutivo,CONTRATADO,MASCULINO,4416
2019,5,Servicio civil del Ejecutivo,PERMANENTE,FEMENINO,6085
2019,5,Servicio civil del Ejecutivo,PERMANENTE,MASCULINO,9397
2019,6,Educación,CONTRATADO,FEMENINO,1549
2019,6,Educación,CONTRATADO,MASCULINO,1366
2019,6,Educación,PERMANENTE,FEMENINO,65872
2019,6,Educación,PERMANENTE,MASCULINO,35696
2019,6,Empresas públicas,CONTRATADO,FEMENINO,432
2019,6,Empresas públicas,CONTRATADO,MASCULINO,1214
2019,6,Empresas públicas,PERMANENTE,FEMENINO,1962
2019,6,Empresas públicas,PERMANENTE,MASCULINO,6670
2019,6,Entes autónomos y autárquicos,CONTRATADO,FEMENINO,653
2019,6,Entes autónomos y autárquicos,CONTRATADO,MASCULINO,940
2019,6,Entes autónomos y autárquicos,PERMANENTE,FEMENINO,2820
2019,6,Entes autónomos y autárquicos,PERMANENTE,MASCULINO,4641
2019,6,Fuerzas públicas,CONTRATADO,FEMENINO,197
2019,6,Fuerzas públicas,CONTRATADO,MASCULINO,170
2019,6,Fuerzas públicas,PERMANENTE,FEMENINO,6867
2019,6,Fuerzas públicas,PERMANENTE,MASCULINO,40570
2019,6,Gobiernos departamentales,CONTRATADO,FEMENINO,428
2019,6,Gobiernos departamentales,CONTRATADO,MASCULINO,699
2019,6,Gobiernos departamentales,PERMANENTE,FEMENINO,414
2019,6,Gobiernos departamentales,PERMANENTE,MASCULINO,846
2019,6,Municipalidades,CONTRATADO,FEMENINO,6594
2019,6,Municipalidades,CONTRATADO,MASCULINO,11383
2019,6,Municipalidades,PERMANENTE,FEMENINO,2522
2019,6,Municipalidades,PERMANENTE,MASCULINO,4793
2019,6,Otros organismos,CONTRATADO,FEMENINO,274
2019,6,Otros organismos,CONTRATADO,MASCULINO,315
2019,6,Otros organismos,PERMANENTE,FEMENINO,1531
2019,6,Otros organismos,PERMANENTE,MASCULINO,2451
2019,6,Poder Judicial,CONTRATADO,FEMENINO,1935
2019,6,Poder Judicial,CONTRATADO,MASCULINO,1808
2019,6,Poder Judicial,PERMANENTE,FEMENINO,12585
2019,6,Poder Judicial,PERMANENTE,MASCULINO,10739
2019,6,Poder Legislativo,CONTRATADO,FEMENINO,384
2019,6,Poder Legislativo,CONTRATADO,MASCULINO,619
2019,6,Poder Legislativo,PERMANENTE,FEMENINO,1167
2019,6,Poder Legislativo,PERMANENTE,MASCULINO,1529
2019,6,SA del Estado,CONTRATADO,FEMENINO,44
2019,6,SA del Estado,CONTRATADO,MASCULINO,139
2019,6,SA del Estado,PERMANENTE,FEMENINO,1710
2019,6,SA del Estado,PERMANENTE,MASCULINO,3897
2019,6,Salud,CONTRATADO,FEMENINO,12828
2019,6,Salud,CONTRATADO,MASCULINO,6901
2019,6,Salud,PERMANENTE,FEMENINO,26809
2019,6,Salud,PERMANENTE,MASCULINO,13344
2019,6,Servicio civil del Ejecutivo,CONTRATADO,FEMENINO,4055
2019,6,Servicio civil del Ejecutivo,CONTRATADO,MASCULINO,4626
2019,6,Servicio civil del Ejecutivo,PERMANENTE,FEMENINO,6079
2019,6,Servicio civil del Ejecutivo,PERMANENTE,MASCULINO,9381
2019,7,Educación,CONTRATADO,FEMENINO,1260
2019,7,Educación,CONTRATADO,MASCULINO,1302
2019,7,Educación,PERMANENTE,FEMENINO,65441
2019,7,Educación,PERMANENTE,MASCULINO,35561
2019,7,Empresas públicas,CONTRATADO,FEMENINO,486
2019,7,Empresas públicas,CONTRATADO,MASCULINO,1392
2019,7,Empresas públicas,PERMANENTE,FEMENINO,1964
2019,7,Empresas públicas,PERMANENTE,MASCULINO,6657
2019,7,Entes autónomos y autárquicos,CONTRATADO,FEMENINO,659
2019,7,Entes autónomos y autárquicos,CONTRATADO,MASCULINO,953
2019,7,Entes autónomos y autárquicos,PERMANENTE,FEMENINO,2814
2019,7,Entes autónomos y autárquicos,PERMANENTE,MASCULINO,4628
2019,7,Fuerzas públicas,CONTRATADO,FEMENINO,198
2019,7,Fuerzas públicas,CONTRATADO,MASCULINO,170
2019,7,Fuerzas públicas,PERMANENTE,FEMENINO,6857
2019,7,Fuerzas públicas,PERMANENTE,MASCULINO,39856
2019,7,Gobiernos departamentales,CONTRATADO,FEMENINO,416
2019,7,Gobiernos departamentales,CONTRATADO,MASCULINO,688
2019,7,Gobiernos departamentales,PERMANENTE,FEMENINO,415
2019,7,Gobiernos departamentales,PERMANENTE,MASCULINO,845
2019,7,Municipalidades,CONTRATADO,FEMENINO,6720
2019,7,Municipalidades,CONTRATADO,MASCULINO,11572
2019,7,Municipalidades,PERMANENTE,FEMENINO,2520
2019,7,Municipalidades,PERMANENTE,MASCULINO,4806
2019,7,Otros organismos,CONTRATADO,FEMENINO,289
2019,7,Otros organismos,CONTRATADO,MASCULINO,323
2019,7,Otros organismos,PERMANENTE,FEMENINO,1535
2019,7,Otros organismos,PERMANENTE,MASCULINO,2463
2019,7,Poder Judicial,CONTRATADO,FEMENINO,1810
2019,7,Poder Judicial,CONTRATADO,MASCULINO,1690
2019,7,Poder Judicial,PERMANENTE,FEMENINO,12579
2019,7,Poder Judicial,PERMANENTE,MASCULINO,10723
2019,7,Poder Legislativo,CONTRATADO,FEMENINO,363
2019,7,Poder Legislativo,CONTRATADO,MASCULINO,572
2019,7,Poder Legislativo,PERMANENTE,FEMENINO,1149
2019,7,Poder Legislativo,PERMANENTE,MASCULINO,1532
2019,7,SA del Estado,CONTRATADO,FEMENINO,47
2019,7,SA del Estado,CONTRATADO,MASCULINO,141
2019,7,SA del Estado,PERMANENTE,FEMENINO,1711
2019,7,SA del Estado,PERMANENTE,MASCULINO,3917
2019,7,Salud,CONTRATADO,FEMENINO,13131
2019,7,Salud,CONTRATADO,MASCULINO,6998
2019,7,Salud,PERMANENTE,FEMENINO,26801
2019,7,Salud,PERMANENTE,MASCULINO,13332
2019,7,Servicio civil del Ejecutivo,CONTRATADO,FEMENINO,4088
2019,7,Servicio civil del Ejecutivo,CONTRATADO,MASCULINO,4673
2019,7,Servicio civil del Ejecutivo,PERMANENTE,FEMENINO,6072
2019,7,Servicio civil del Ejecutivo,PERMANENTE,MASCULINO,9368
2019,8,Educación,CONTRATADO,FEMENINO,1278
2019,8,Educación,CONTRATADO,MASCULINO,1322
2019,8,Educación,PERMANENTE,FEMENINO,66024
2019,8,Educación,PERMANENTE,MASCULINO,35742
2019,8,Empresas públicas,CONTRATADO,FEMENINO,490
2019,8,Empresas públicas,CONTRATADO,MASCULINO,1395
2019,8,Empresas públicas,PERMANENTE,FEMENINO,1959
2019,8,Empresas públicas,PERMANENTE,MASCULINO,6643
2019,8,Entes autónomos y autárquicos,CONTRATADO,FEMENINO,660
2019,8,Entes autónomos y autárquicos,CONTRATADO,MASCULINO,940
2019,8,Entes autónomos y autárquicos,PERMANENTE,FEMENINO,2805
2019,8,Entes autónomos y autárquicos,PERMANENTE,MASCULINO,4640
2019,8,Fuerzas públicas,CONTRATADO,FEMENINO,196
2019,8,Fuerzas públicas,CONTRATADO,MASCULINO,170
2019,8,Fuerzas públicas,PERMANENTE,FEMENINO,6844
2019,8,Fuerzas públicas,PERMANENTE,MASCULINO,40111
2019,8,Gobiernos departamentales,CONTRATADO,FEMENINO,436
2019,8,Gobiernos departamentales,CONTRATADO,MASCULINO,691
2019,8,Gobiernos departamentales,PERMANENTE,FEMENINO,416
2019,8,Gobiernos departamentales,PERMANENTE,MASCULINO,845
2019,8,Municipalidades,CONTRATADO,FEMENINO,6701
2019,8,Municipalidades,CONTRATADO,MASCULINO,11525
2019,8,Municipalidades,PERMANENTE,FEMENINO,2517
2019,8,Municipalidades,PERMANENTE,MASCULINO,4816
2019,8,Otros organismos,CONTRATADO,FEMENINO,302
2019,8,Otros organismos,CONTRATADO,MASCULINO,335
2019,8,Otros organismos,PERMANENTE,FEMENINO,1534
2019,8,Otros organismos,PERMANENTE,MASCULINO,2460
2019,8,Poder Judicial,CONTRATADO,FEMENINO,1816
2019,8,Poder Judicial,CONTRATADO,MASCULINO,1720
2019,8,Poder Judicial,PERMANENTE,FEMENINO,12628
2019,8,Poder Judicial,PERMANENTE,MASCULINO,10765
2019,8,Poder Legislativo,CONTRATADO,FEMENINO,374
2019,8,Poder Legislativo,CONTRATADO,MASCULINO,595
2019,8,Poder Legislativo,PERMANENTE,FEMENINO,1148
2019,8,Poder Legislativo,PERMANENTE,MASCULINO,1533
2019,8,SA del Estado,CONTRATADO,FEMENINO,51
2019,8,SA del Estado,CONTRATADO,MASCULINO,146
2019,8,SA del Estado,PERMANENTE,FEMENINO,1706
2019,8,SA del Estado,PERMANENTE,MASCULINO,3919
2019,8,Salud,CONTRATADO,FEMENINO,13601
2019,8,Salud,CONTRATADO,MASCULINO,7209
2019,8,Salud,PERMANENTE,FEMENINO,26795
2019,8,Salud,PERMANENTE,MASCULINO,13316
2019,8,Servicio civil del Ejecutivo,CONTRATADO,FEMENINO,4094
2019,8,Servicio civil del Ejecutivo,CONTRATADO,MASCULINO,4665
2019,8,Servicio civil del Ejecutivo,PERMANENTE,FEMENINO,6074
2019,8,Servicio civil del Ejecutivo,PERMANENTE,MASCULINO,9353
2019,9,Educación,CONTRATADO,FEMENINO,1213
2019,9,Educación,CONTRATADO,MASCULINO,1231
2019,9,Educación,PERMANENTE,FEMENINO,66029
2019,9,Educación,PERMANENTE,MASCULINO,35669
2019,9,Empresas públicas,CONTRATADO,FEMENINO,490
2019,9,Empresas públicas,CONTRATADO,MASCULINO,1389
2019,9,Empresas públicas,PERMANENTE,FEMENINO,1958
2019,9,Empresas públicas,PERMANENTE,MASCULINO,6626
2019,9,Entes autónomos y autárquicos,CONTRATADO,FEMENINO,632
2019,9,Entes autónomos y autárquicos,CONTRATADO,MASCULINO,905
2019,9,Entes autónomos y autárquicos,PERMANENTE,FEMENINO,2795
2019,9,Entes autónomos y autárquicos,PERMANENTE,MASCULINO,4634
2019,9,Fuerzas públicas,CONTRATADO,FEMENINO,196
2019,9,Fuerzas públicas,CONTRATADO,MASCULINO,169
2019,9,Fuerzas públicas,PERMANENTE,FEMENINO,6841
2019,9,Fuerzas públicas,PERMANENTE,MASCULINO,40250
2019,9,Gobiernos departamentales,CONTRATADO,FEMENINO,420
2019,9,Gobiernos departamentales,CONTRATADO,MASCULINO,640
2019,9,Gobiernos departamentales,PERMANENTE,FEMENINO,418
2019,9,Gobiernos departamentales,PERMANENTE,MASCULINO,845
2019,9,Municipalidades,CONTRATADO,FEMENINO,6750
2019,9,Municipalidades,CONTRATADO,MASCULINO,11570
2019,9,Municipalidades,PERMANENTE,FEMENINO,2513
2019,9,Municipalidades,PERMANENTE,MASCULINO,4761
2019,9,Otros organismos,CONTRATADO,FEMENINO,299
2019,9,Otros organismos,CONTRATADO,MASCULINO,334
2019,9,Otros organismos,PERMANENTE,FEMENINO,1533
2019,9,Otros organismos,PERMANENTE,MASCULINO,2454
2019,9,Poder Judicial,CONTRATADO,FEMENINO,1840
2019,9,Poder Judicial,CONTRATADO,MASCULINO,1740
2019,9,Poder Judicial,PERMANENTE,FEMENINO,12638
2019,9,Poder Judicial,PERMANENTE,MASCULINO,10764
2019,9,Poder Legislativo,CONTRATADO,FEMENINO,377
2019,9,Poder Legislativo,CONTRATADO,MASCULINO,591
2019,9,Poder Legislativo,PERMANENTE,FEMENINO,1147
2019,9,Poder Legislativo,PERMANENTE,MASCULINO,1537
2019,9,SA del Estado,CONTRATADO,FEMENINO,63
2019,9,SA del Estado,CONTRATADO,MASCULINO,154
2019,9,SA del Estado,PERMANENTE,FEMENINO,1717
2019,9,SA del Estado,PERMANENTE,MASCULINO,4133
2019,9,Salud,CONTRATADO,FEMENINO,13613
2019,9,Salud,CONTRATADO,MASCULINO,7244
2019,9,Salud,PERMANENTE,FEMENINO,26758
2019,9,Salud,PERMANENTE,MASCULINO,13303
2019,9,Servicio civil del Ejecutivo,CONTRATADO,FEMENINO,4038
2019,9,Servicio civil del Ejecutivo,CONTRATADO,MASCULINO,4673
2019,9,Servicio civil del Ejecutivo,PERMANENTE,FEMENINO,6064
2019,9,Servicio civil del Ejecutivo,PERMANENTE,MASCULINO,9320
2019,10,Educación,CONTRATADO,FEMENINO,1298
2019,10,Educación,CONTRATADO,MASCULINO,1317
2019,10,Educación,PERMANENTE,FEMENINO,66350
2019,10,Educación,PERMANENTE,MASCULINO,35783
2019,10,Empresas públicas,CONTRATADO,FEMENINO,488
2019,10,Empresas públicas,CONTRATADO,MASCULINO,1383
2019,10,Empresas públicas,PERMANENTE,FEMENINO,1951
2019,10,Empresas públicas,PERMANENTE,MASCULINO,6602
2019,10,Entes autónomos y autárquicos,CONTRATADO,FEMENINO,646
2019,10,Entes autónomos y autárquicos,CONTRATADO,MASCULINO,903
2019,10,Entes autónomos y autárquicos,PERMANENTE,FEMENINO,2792
2019,10,Entes autónomos y autárquicos,PERMANENTE,MASCULINO,4633
2019,10,Fuerzas públicas,CONTRATADO,FEMENINO,198
2019,10,Fuerzas públicas,CONTRATADO,MASCULINO,172
2019,10,Fuerzas públicas,PERMANENTE,FEMENINO,6835
2019,10,Fuerzas públicas,PERMANENTE,MASCULINO,40314
2019,10,Gobiernos departamentales,CONTRATADO,FEMENINO,416
2019,10,Gobiernos departamentales,CONTRATADO,MASCULINO,635
2019,10,Gobiernos departamentales,PERMANENTE,FEMENINO,422
2019,10,Gobiernos departamentales,PERMANENTE,MASCULINO,845
2019,10,Municipalidades,CONTRATADO,FEMENINO,6660
2019,10,Municipalidades,CONTRATADO,MASCULINO,11501
2019,10,Municipalidades,PERMANENTE,FEMENINO,2467
2019,10,Municipalidades,PERMANENTE,MASCULINO,4695
2019,10,Otros organismos,CONTRATADO,FEMENINO,295
2019,10,Otros organismos,CONTRATADO,MASCULINO,318
2019,10,Otros organismos,PERMANENTE,FEMENINO,1536
2019,10,Otros organismos,PERMANENTE,MASCULINO,2451
2019,10,Poder Judicial,CONTRATADO,FEMENINO,1745
2019,10,Poder Judicial,CONTRATADO,MASCULINO,1647
2019,10,Poder Judicial,PERMANENTE,FEMENINO,12634
2019,10,Poder Judicial,PERMANENTE,MASCULINO,10709
2019,10,Poder Legislativo,CONTRATADO,FEMENINO,385
2019,10,Poder Legislativo,CONTRATADO,MASCULINO,597
2019,10,Poder Legislativo,PERMANENTE,FEMENINO,1143
2019,10,Poder Legislativo,PERMANENTE,MASCULINO,1540
2019,10,SA del Estado,CONTRATADO,FEMENINO,65
2019,10,SA del Estado,CONTRATADO,MASCULINO,156
2019,10,SA del Estado,PERMANENTE,FEMENINO,1714
2019,10,SA del Estado,PERMANENTE,MASCULINO,4160
2019,10,Salud,CONTRATADO,FEMENINO,13668
2019,10,Salud,CONTRATADO,MASCULINO,7257
2019,10,Salud,PERMANENTE,FEMENINO,26733
2019,10,Salud,PERMANENTE,MASCULINO,13278
2019,10,Servicio civil del Ejecutivo,CONTRATADO,FEMENINO,4073
2019,10,Servicio civil del Ejecutivo,CONTRATADO,MASCULINO,4672
2019,10,Servicio civil del Ejecutivo,PERMANENTE,FEMENINO,6060
2019,10,Servicio civil del Ejecutivo,PERMANENTE,MASCULINO,9303
2019,11,Educación,CONTRATADO,FEMENINO,1279
2019,11,Educación,CONTRATADO,MASCULINO,1301
2019,11,Educación,PERMANENTE,FEMENINO,66520
2019,11,Educación,PERMANENTE,MASCULINO,35834
2019,11,Empresas públicas,CONTRATADO,FEMENINO,489
2019,11,Empresas públicas,CONTRATADO,MASCULINO,1380
2019,11,Empresas públicas,PERMANENTE,FEMENINO,1940
2019,11,Empresas públicas,PERMANENTE,MASCULINO,6559
2019,11,Entes autónomos y autárquicos,CONTRATADO,FEMENINO,622
2019,11,Entes autónomos y autárquicos,CONTRATADO,MASCULINO,912
2019,11,Entes autónomos y autárquicos,PERMANENTE,FEMENINO,2750
2019,11,Entes autónomos y autárquicos,PERMANENTE,MASCULINO,4584
2019,11,Fuerzas públicas,CONTRATADO,FEMENINO,209
2019,11,Fuerzas públicas,CONTRATADO,MASCULINO,190
2019,11,Fuerzas públicas,PERMANENTE,FEMENINO,6830
2019,11,Fuerzas públicas,PERMANENTE,MASCULINO,40078
2019,11,Gobiernos departamentales,CONTRATADO,FEMENINO,418
2019,11,Gobiernos departamentales,CONTRATADO,MASCULINO,631
2019,11,Gobiernos departamentales,PERMANENTE,FEMENINO,422
2019,11,Gobiernos departamentales,PERMANENTE,MASCULINO,844
2019,11,Municipalidades,CONTRATADO,FEMENINO,6552
2019,11,Municipalidades,CONTRATADO,MASCULINO,11296
2019,11,Municipalidades,PERMANENTE,FEMENINO,2451
2019,11,Municipalidades,PERMANENTE,MASCULINO,4636
2019,11,Otros organismos,CONTRATADO,FEMENINO,296
2019,11,Otros organismos,CONTRATADO,MASCULINO,314
2019,11,Otros organismos,PERMANENTE,FEMENINO,1540
2019,11,Otros organismos,PERMANENTE,MASCULINO,2458
2019,11,Poder Judicial,CONTRATADO,FEMENINO,1719
2019,11,Poder Judicial,CONTRATADO,MASCULINO,1599
2019,11,Poder Judicial,PERMANENTE,FEMENINO,12649
2019,11,Poder Judicial,PERMANENTE,MASCULINO,10725
2019,11,Poder Legislativo,CONTRATADO,FEMENINO,386
2019,11,Poder Legislativo,CONTRATADO,MASCULINO,597
2019,11,Poder Legislativo,PERMANENTE,FEMENINO,1141
2019,11,Poder Legislativo,PERMANENTE,MASCULINO,1540
2019,11,SA del Estado,CONTRATADO,FEMENINO,67
2019,11,SA del Estado,CONTRATADO,MASCULINO,158
2019,11,SA del Estado,PERMANENTE,FEMENINO,1712
2019,11,SA del Estado,PERMANENTE,MASCULINO,4175
2019,11,Salud,CONTRATADO,FEMENINO,13694
2019,11,Salud,CONTRATADO,MASCULINO,7265
2019,11,Salud,PERMANENTE,FEMENINO,26712
2019,11,Salud,PERMANENTE,MASCULINO,13277
2019,11,Servicio civil del Ejecutivo,CONTRATADO,FEMENINO,4095
2019,11,Servicio civil del Ejecutivo,CONTRATADO,MASCULINO,4683
2019,11,Servicio civil del Ejecutivo,PERMANENTE,FEMENINO,6056
2019,11,Servicio civil del Ejecutivo,PERMANENTE,MASCULINO,9287
2019,12,Educación,CONTRATADO,FEMENINO,1438
2019,12,Educación,CONTRATADO,MASCULINO,1483
2019,12,Educación,PERMANENTE,FEMENINO,66140
2019,12,Educación,PERMANENTE,MASCULINO,35434
2019,12,Empresas públicas,CONTRATADO,FEMENINO,487
2019,12,Empresas públicas,CONTRATADO,MASCULINO,1372
2019,12,Empresas públicas,PERMANENTE,FEMENINO,1936
2019,12,Empresas públicas,PERMANENTE,MASCULINO,6547
2019,12,Entes autónomos y autárquicos,CONTRATADO,FEMENINO,651
2019,12,Entes autónomos y autárquicos,CONTRATADO,MASCULINO,935
2019,12,Entes autónomos y autárquicos,PERMANENTE,FEMENINO,2749
2019,12,Entes autónomos y autárquicos,PERMANENTE,MASCULINO,4616
2019,12,Fuerzas públicas,CONTRATADO,FEMENINO,196
2019,12,Fuerzas públicas,CONTRATADO,MASCULINO,180
2019,12,Fuerzas públicas,PERMANENTE,FEMENINO,6839
2019,12,Fuerzas públicas,PERMANENTE,MASCULINO,39840
2019,12,Gobiernos departamentales,CONTRATADO,FEMENINO,409
2019,12,Gobiernos departamentales,CONTRATADO,MASCULINO,628
2019,12,Gobiernos departamentales,PERMANENTE,FEMENINO,361
2019,12,Gobiernos departamentales,PERMANENTE,MASCULINO,726
2019,12,Municipalidades,CONTRATADO,FEMENINO,6233
2019,12,Municipalidades,CONTRATADO,MASCULINO,10767
2019,12,Municipalidades,PERMANENTE,FEMENINO,2283
2019,12,Municipalidades,PERMANENTE,MASCULINO,4425
2019,12,Otros organismos,CONTRATADO,FEMENINO,297
2019,12,Otros organismos,CONTRATADO,MASCULINO,317
2019,12,Otros organismos,PERMANENTE,FEMENINO,1553
2019,12,Otros organismos,PERMANENTE,MASCULINO,2420
2019,12,Poder Judicial,CONTRATADO,FEMENINO,1711
2019,12,Poder Judicial,CONTRATADO,MASCULINO,1615
2019,12,Poder Judicial,PERMANENTE,FEMENINO,12641
2019,12,Poder Judicial,PERMANENTE,MASCULINO,10705
2019,12,Poder Legislativo,CONTRATADO,FEMENINO,386
2019,12,Poder Legislativo,CONTRATADO,MASCULINO,596
2019,12,Poder Legislativo,PERMANENTE,FEMENINO,1141
2019,12,Poder Legislativo,PERMANENTE,MASCULINO,1536
2019,12,SA del Estado,CONTRATADO,FEMENINO,69
2019,12,SA del Estado,CONTRATADO,MASCULINO,160
2019,12,SA del Estado,PERMANENTE,FEMENINO,1710
2019,12,SA del Estado,PERMANENTE,MASCULINO,4163
2019,12,Salud,CONTRATADO,FEMENINO,14508
2019,12,Salud,CONTRATADO,MASCULINO,7479
2019,12,Salud,PERMANENTE,FEMENINO,26723
2019,12,Salud,PERMANENTE,MASCULINO,13272
2019,12,Servicio civil del Ejecutivo,CONTRATADO,FEMENINO,3986
2019,12,Servicio civil del Ejecutivo,CONTRATADO,MASCULINO,4612
2019,12,Servicio civil del Ejecutivo,PERMANENTE,FEMENINO,6049
2019,12,Servicio civil del Ejecutivo,PERMANENTE,MASCULINO,9274
2020,1,Educación,CONTRATADO,FEMENINO,950
2020,1,Educación,CONTRATADO,MASCULINO,928
2020,1,Educación,PERMANENTE,FEMENINO,65585
2020,1,Educación,PERMANENTE,MASCULINO,35377
2020,1,Empresas públicas,CONTRATADO,FEMENINO,419
2020,1,Empresas públicas,CONTRATADO,MASCULINO,1183
2020,1,Empresas públicas,PERMANENTE,FEMENINO,1953
2020,1,Empresas públicas,PERMANENTE,MASCULINO,6565
2020,1,Entes autónomos y autárquicos,CONTRATADO,FEMENINO,401
2020,1,Entes autónomos y autárquicos,CONTRATADO,MASCULINO,558
2020,1,Entes autónomos y autárquicos,PERMANENTE,FEMENINO,2791
2020,1,Entes autónomos y autárquicos,PERMANENTE,MASCULINO,4680
2020,1,Fuerzas públicas,CONTRATADO,FEMENINO,177
2020,1,Fuerzas públicas,CONTRATADO,MASCULINO,159
2020,1,Fuerzas públicas,PERMANENTE,FEMENINO,6838
2020,1,Fuerzas públicas,PERMANENTE,MASCULINO,38021
2020,1,Gobiernos departamentales,CONTRATADO,FEMENINO,350
2020,1,Gobiernos departamentales,CONTRATADO,MASCULINO,594
2020,1,Gobiernos departamentales,PERMANENTE,FEMENINO,405
2020,1,Gobiernos departamentales,PERMANENTE,MASCULINO,811
2020,1,Municipalidades,CONTRATADO,FEMENINO,6054
2020,1,Municipalidades,CONTRATADO,MASCULINO,11097
2020,1,Municipalidades,PERMANENTE,FEMENINO,2529
2020,1,Municipalidades,PERMANENTE,MASCULINO,4745
2020,1,Otros organismos,CONTRATADO,FEMENINO,250
2020,1,Otros organismos,CONTRATADO,MASCULINO,285
2020,1,Otros organismos,PERMANENTE,FEMENINO,1547
2020,1,Otros organismos,PERMANENTE,MASCULINO,2384
2020,1,Poder Judicial,CONTRATADO,FEMENINO,2444
2020,1,Poder Judicial,CONTRATADO,MASCULINO,2069
2020,1,Poder Judicial,PERMANENTE,FEMENINO,12647
2020,1,Poder Judicial,PERMANENTE,MASCULINO,10686
2020,1,Poder Legislativo,CONTRATADO,FEMENINO,358
2020,1,Poder Legislativo,CONTRATADO,MASCULINO,556
2020,1,Poder Legislativo,PERMANENTE,FEMENINO,1153
2020,1,Poder Legislativo,PERMANENTE,MASCULINO,1542
2020,1,SA del Estado,CONTRATADO,FEMENINO,53
2020,1,SA del Estado,CONTRATADO,MASCULINO,107
2020,1,SA del Estado,PERMANENTE,FEMENINO,1709
2020,1,SA del Estado,PERMANENTE,MASCULINO,4158
2020,1,Salud,CONTRATADO,FEMENINO,15350
2020,1,Salud,CONTRATADO,MASCULINO,8284
2020,1,Salud,PERMANENTE,FEMENINO,26653
2020,1,Salud,PERMANENTE,MASCULINO,13262
2020,1,Servicio civil del Ejecutivo,CONTRATADO,FEMENINO,3194
2020,1,Servicio civil del Ejecutivo,CONTRATADO,MASCULINO,3617
2020,1,Servicio civil del Ejecutivo,PERMANENTE,FEMENINO,6190
2020,1,Servicio civil del Ejecutivo,PERMANENTE,MASCULINO,9512
2020,2,Educación,CONTRATADO,FEMENINO,915
2020,2,Educación,CONTRATADO,MASCULINO,941
2020,2,Educación,PERMANENTE,FEMENINO,65045
2020,2,Educación,PERMANENTE,MASCULINO,35083
2020,2,Empresas públicas,CONTRATADO,FEMENINO,447
2020,2,Empresas públicas,CONTRATADO,MASCULINO,1260
2020,2,Empresas públicas,PERMANENTE,FEMENINO,1952
2020,2,Empresas públicas,PERMANENTE,MASCULINO,6555
2020,2,Entes autónomos y autárquicos,CONTRATADO,FEMENINO,406
2020,2,Entes autónomos y autárquicos,CONTRATADO,MASCULINO,599
2020,2,Entes autónomos y autárquicos,PERMANENTE,FEMENINO,2782
2020,2,Entes autónomos y autárquicos,PERMANENTE,MASCULINO,4657
2020,2,Fuerzas públicas,CONTRATADO,FEMENINO,176
2020,2,Fuerzas públicas,CONTRATADO,MASCULINO,160
2020,2,Fuerzas públicas,PERMANENTE,FEMENINO,6882
2020,2,Fuerzas públicas,PERMANENTE,MASCULINO,39961
2020,2,Gobiernos departamentales,CONTRATADO,FEMENINO,376
2020,2,Gobiernos departamentales,CONTRATADO,MASCULINO,619
2020,2,Gobiernos departamentales,PERMANENTE,FEMENINO,421
2020,2,Gobiernos departamentales,PERMANENTE,MASCULINO,844
2020,2,Municipalidades,CONTRATADO,FEMENINO,6485
2020,2,Municipalidades,CONTRATADO,MASCULINO,11474
2020,2,Municipalidades,PERMANENTE,FEMENINO,2544
2020,2,Municipalidades,PERMANENTE,MASCULINO,4784
2020,2,Otros organismos,CONTRATADO,FEMENINO,271
2020,2,Otros organismos,CONTRATADO,MASCULINO,297
2020,2,Otros organismos,PERMANENTE,FEMENINO,1546
2020,2,Otros organismos,PERMANENTE,MASCULINO,2383
2020,2,Poder Judicial,CONTRATADO,FEMENINO,2442
2020,2,Poder Judicial,CONTRATADO,MASCULINO,2079
2020,2,Poder Judicial,PERMANENTE,FEMENINO,12701
2020,2,Poder Judicial,PERMANENTE,MASCULINO,10701
2020,2,Poder Legislativo,CONTRATADO,FEMENINO,369
2020,2,Poder Legislativo,CONTRATADO,MASCULINO,576
2020,2,Poder Legislativo,PERMANENTE,FEMENINO,1160
2020,2,Poder Legislativo,PERMANENTE,MASCULINO,1543
2020,2,SA del Estado,CONTRATADO,FEMENINO,80
2020,2,SA del Estado,CONTRATADO,MASCULINO,147
2020,2,SA del Estado,PERMANENTE,FEMENINO,1715
2020,2,SA del Estado,PERMANENTE,MASCULINO,4189
2020,2,Salud,CONTRATADO,FEMENINO,15631
2020,2,Salud,CONTRATADO,MASCULINO,8511
2020,2,Salud,PERMANENTE,FEMENINO,26593
2020,2,Salud,PERMANENTE,MASCULINO,13248
2020,2,Servicio civil del Ejecutivo,CONTRATADO,FEMENINO,3893
2020,2,Servicio civil del Ejecutivo,CONTRATADO,MASCULINO,4375
2020,2,Servicio civil del Ejecutivo,PERMANENTE,FEMENINO,6211
2020,2,Servicio civil del Ejecutivo,PERMANENTE,MASCULINO,9524
2020,3,Educación,CONTRATADO,FEMENINO,956
2020,3,Educación,CONTRATADO,MASCULINO,1011
2020,3,Educación,PERMANENTE,FEMENINO,65265
2020,3,Educación,PERMANENTE,MASCULINO,35101
2020,3,Empresas públicas,CONTRATADO,FEMENINO,462
2020,3,Empresas públicas,CONTRATADO,MASCULINO,1273
2020,3,Empresas públicas,PERMANENTE,FEMENINO,1962
2020,3,Empresas públicas,PERMANENTE,MASCULINO,6558
2020,3,Entes autónomos y autárquicos,CONTRATADO,FEMENINO,484
2020,3,Entes autónomos y autárquicos,CONTRATADO,MASCULINO,692
2020,3,Entes autónomos y autárquicos,PERMANENTE,FEMENINO,2789
2020,3,Entes autónomos y autárquicos,PERMANENTE,MASCULINO,4665
2020,3,Fuerzas públicas,CONTRATADO,FEMENINO,179
2020,3,Fuerzas públicas,CONTRATADO,MASCULINO,163
2020,3,Fuerzas públicas,PERMANENTE,FEMENINO,7400
2020,3,Fuerzas públicas,PERMANENTE,MASCULINO,40935
2020,3,Gobiernos departamentales,CONTRATADO,FEMENINO,404
2020,3,Gobiernos departamentales,CONTRATADO,MASCULINO,676
2020,3,Gobiernos departamentales,PERMANENTE,FEMENINO,424
2020,3,Gobiernos departamentales,PERMANENTE,MASCULINO,847
2020,3,Municipalidades,CONTRATADO,FEMENINO,6465
2020,3,Municipalidades,CONTRATADO,MASCULINO,11214
2020,3,Municipalidades,PERMANENTE,FEMENINO,2553
2020,3,Municipalidades,PERMANENTE,MASCULINO,4795
2020,3,Otros organismos,CONTRATADO,FEMENINO,270
2020,3,Otros organismos,CONTRATADO,MASCULINO,297
2020,3,Otros organismos,PERMANENTE,FEMENINO,1545
2020,3,Otros organismos,PERMANENTE,MASCULINO,2378
2020,3,Poder Judicial,CONTRATADO,FEMENINO,2359
2020,3,Poder Judicial,CONTRATADO,MASCULINO,2058
2020,3,Poder Judicial,PERMANENTE,FEMENINO,12679
2020,3,Poder Judicial,PERMANENTE,MASCULINO,10687
2020,3,Poder Legislativo,CONTRATADO,FEMENINO,369
2020,3,Poder Legislativo,CONTRATADO,MASCULINO,588
2020,3,Poder Legislativo,PERMANENTE,FEMENINO,1160
2020,3,Poder Legislativo,PERMANENTE,MASCULINO,1542
2020,3,SA del Estado,CONTRATADO,FEMENINO,82
2020,3,SA del Estado,CONTRATADO,MASCULINO,153
2020,3,SA del Estado,PERMANENTE,FEMENINO,1710
2020,3,SA del Estado,PERMANENTE,MASCULINO,4190
2020,3,Salud,CONTRATADO,FEMENINO,17019
2020,3,Salud,CONTRATADO,MASCULINO,9048
2020,3,Salud,PERMANENTE,FEMENINO,26552
2020,3,Salud,PERMANENTE,MASCULINO,13235
2020,3,Servicio civil del Ejecutivo,CONTRATADO,FEMENINO,4167
2020,3,Servicio civil del Ejecutivo,CONTRATADO,MASCULINO,4665
2020,3,Servicio civil del Ejecutivo,PERMANENTE,FEMENINO,6204
2020,3,Servicio civil del Ejecutivo,PERMANENTE,MASCULINO,9511
2020,4,Educación,CONTRATADO,FEMENINO,971
2020,4,Educación,CONTRATADO,MASCULINO,1017
2020,4,Educación,PERMANENTE,FEMENINO,65251
2020,4,Educación,PERMANENTE,MASCULINO,35066
2020,4,Empresas públicas,CONTRATADO,FEMENINO,464
2020,4,Empresas públicas,CONTRATADO,MASCULINO,1279
2020,4,Empresas públicas,PERMANENTE,FEMENINO,1964
2020,4,Empresas públicas,PERMANENTE,MASCULINO,6547
2020,4,Entes autónomos y autárquicos,CONTRATADO,FEMENINO,514
2020,4,Entes autónomos y autárquicos,CONTRATADO,MASCULINO,725
2020,4,Entes autónomos y autárquicos,PERMANENTE,FEMENINO,2789
2020,4,Entes autónomos y autárquicos,PERMANENTE,MASCULINO,4662
2020,4,Fuerzas públicas,CONTRATADO,FEMENINO,180
2020,4,Fuerzas públicas,CONTRATADO,MASCULINO,159
2020,4,Fuerzas públicas,PERMANENTE,FEMENINO,7399
2020,4,Fuerzas públicas,PERMANENTE,MASCULINO,41005
2020,4,Gobiernos departamentales,CONTRATADO,FEMENINO,416
2020,4,Gobiernos departamentales,CONTRATADO,MASCULINO,690
2020,4,Gobiernos departamentales,PERMANENTE,FEMENINO,424
2020,4,Gobiernos departamentales,PERMANENTE,MASCULINO,849
2020,4,Municipalidades,CONTRATADO,FEMENINO,6170
2020,4,Municipalidades,CONTRATADO,MASCULINO,10743
2020,4,Municipalidades,PERMANENTE,FEMENINO,2538
2020,4,Municipalidades,PERMANENTE,MASCULINO,4772
2020,4,Otros organismos,CONTRATADO,FEMENINO,270
2020,4,Otros organismos,CONTRATADO,MASCULINO,297
2020,4,Otros organismos,PERMANENTE,FEMENINO,1553
2020,4,Otros organismos,PERMANENTE,MASCULINO,2376
2020,4,Poder Judicial,CONTRATADO,FEMENINO,2173
2020,4,Poder Judicial,CONTRATADO,MASCULINO,1877
2020,4,Poder Judicial,PERMANENTE,FEMENINO,12683
2020,4,Poder Judicial,PERMANENTE,MASCULINO,10678
2020,4,Poder Legislativo,CONTRATADO,FEMENINO,374
2020,4,Poder Legislativo,CONTRATADO,MASCULINO,601
2020,4,Poder Legislativo,PERMANENTE,FEMENINO,1164
2020,4,Poder Legislativo,PERMANENTE,MASCULINO,1543
2020,4,SA del Estado,CONTRATADO,FEMENINO,84
2020,4,SA del Estado,CONTRATADO,MASCULINO,160
2020,4,SA del Estado,PERMANENTE,FEMENINO,1693
2020,4,SA del Estado,PERMANENTE,MASCULINO,3931
2020,4,Salud,CONTRATADO,FEMENINO,18124
2020,4,Salud,CONTRATADO,MASCULINO,9687
2020,4,Salud,PERMANENTE,FEMENINO,26539
2020,4,Salud,PERMANENTE,MASCULINO,13222
2020,4,Servicio civil del Ejecutivo,CONTRATADO,FEMENINO,4181
2020,4,Servicio civil del Ejecutivo,CONTRATADO,MASCULINO,4626
2020,4,Servicio civil del Ejecutivo,PERMANENTE,FEMENINO,6205
2020,4,Servicio civil del Ejecutivo,PERMANENTE,MASCULINO,9509
2020,5,Educación,CONTRATADO,FEMENINO,941
2020,5,Educación,CONTRATADO,MASCULINO,975
2020,5,Educación,PERMANENTE,FEMENINO,65796
2020,5,Educación,PERMANENTE,MASCULINO,35263
2020,5,Empresas públicas,CONTRATADO,FEMENINO,460
2020,5,Empresas públicas,CONTRATADO,MASCULINO,1269
2020,5,Empresas públicas,PERMANENTE,FEMENINO,1954
2020,5,Empresas públicas,PERMANENTE,MASCULINO,6502
2020,5,Entes autónomos y autárquicos,CONTRATADO,FEMENINO,506
2020,5,Entes autónomos y autárquicos,CONTRATADO,MASCULINO,735
2020,5,Entes autónomos y autárquicos,PERMANENTE,FEMENINO,2744
2020,5,Entes autónomos y autárquicos,PERMANENTE,MASCULINO,4622
2020,5,Fuerzas públicas,CONTRATADO,FEMENINO,179
2020,5,Fuerzas públicas,CONTRATADO,MASCULINO,160
2020,5,Fuerzas públicas,PERMANENTE,FEMENINO,7399
2020,5,Fuerzas públicas,PERMANENTE,MASCULINO,40963
2020,5,Gobiernos departamentales,CONTRATADO,FEMENINO,420
2020,5,Gobiernos departamentales,CONTRATADO,MASCULINO,694
2020,5,Gobiernos departamentales,PERMANENTE,FEMENINO,426
2020,5,Gobiernos departamentales,PERMANENTE,MASCULINO,849
2020,5,Municipalidades,CONTRATADO,FEMENINO,6134
2020,5,Municipalidades,CONTRATADO,MASCULINO,10638
2020,5,Municipalidades,PERMANENTE,FEMENINO,2540
2020,5,Municipalidades,PERMANENTE,MASCULINO,4754
2020,5,Otros organismos,CONTRATADO,FEMENINO,268
2020,5,Otros organismos,CONTRATADO,MASCULINO,297
2020,5,Otros organismos,PERMANENTE,FEMENINO,1552
2020,5,Otros organismos,PERMANENTE,MASCULINO,2374
2020,5,Poder Judicial,CONTRATADO,FEMENINO,2080
2020,5,Poder Judicial,CONTRATADO,MASCULINO,1821
2020,5,Poder Judicial,PERMANENTE,FEMENINO,12685
2020,5,Poder Judicial,PERMANENTE,MASCULINO,10682
2020,5,Poder Legislativo,CONTRATADO,FEMENINO,372
2020,5,Poder Legislativo,CONTRATADO,MASCULINO,601
2020,5,Poder Legislativo,PERMANENTE,FEMENINO,1163
2020,5,Poder Legislativo,PERMANENTE,MASCULINO,1544
2020,5,SA del Estado,CONTRATADO,FEMENINO,83
2020,5,SA del Estado,CONTRATADO,MASCULINO,157
2020,5,SA del Estado,PERMANENTE,FEMENINO,1694
2020,5,SA del Estado,PERMANENTE,MASCULINO,4147
2020,5,Salud,CONTRATADO,FEMENINO,18460
2020,5,Salud,CONTRATADO,MASCULINO,9962
2020,5,Salud,PERMANENTE,FEMENINO,26523
2020,5,Salud,PERMANENTE,MASCULINO,13209
2020,5,Servicio civil del Ejecutivo,CONTRATADO,FEMENINO,4188
2020,5,Servicio civil del Ejecutivo,CONTRATADO,MASCULINO,4663
2020,5,Servicio civil del Ejecutivo,PERMANENTE,FEMENINO,6205
2020,5,Servicio civil del Ejecutivo,PERMANENTE,MASCULINO,9504
2020,6,Educación,CONTRATADO,FEMENINO,1011
2020,6,Educación,CONTRATADO,MASCULINO,1075
2020,6,Educación,PERMANENTE,FEMENINO,65899
2020,6,Educación,PERMANENTE,MASCULINO,35286
2020,6,Empresas públicas,CONTRATADO,FEMENINO,493
2020,6,Empresas públicas,CONTRATADO,MASCULINO,1360
2020,6,Empresas públicas,PERMANENTE,FEMENINO,1954
2020,6,Empresas públicas,PERMANENTE,MASCULINO,6509
2020,6,Entes autónomos y autárquicos,CONTRATADO,FEMENINO,521
2020,6,Entes autónomos y autárquicos,CONTRATADO,MASCULINO,755
2020,6,Entes autónomos y autárquicos,PERMANENTE,FEMENINO,2776
2020,6,Entes autónomos y autárquicos,PERMANENTE,MASCULINO,4637
2020,6,Fuerzas públicas,CONTRATADO,FEMENINO,192
2020,6,Fuerzas públicas,CONTRATADO,MASCULINO,179
2020,6,Fuerzas públicas,PERMANENTE,FEMENINO,7378
2020,6,Fuerzas públicas,PERMANENTE,MASCULINO,41884
2020,6,Gobiernos departamentales,CONTRATADO,FEMENINO,401
2020,6,Gobiernos departamentales,CONTRATADO,MASCULINO,630
2020,6,Gobiernos departamentales,PERMANENTE,FEMENINO,426
2020,6,Gobiernos departamentales,PERMANENTE,MASCULINO,852
2020,6,Municipalidades,CONTRATADO,FEMENINO,6149
2020,6,Municipalidades,CONTRATADO,MASCULINO,10642
2020,6,Municipalidades,PERMANENTE,FEMENINO,2553
2020,6,Municipalidades,PERMANENTE,MASCULINO,4803
2020,6,Otros organismos,CONTRATADO,FEMENINO,269
2020,6,Otros organismos,CONTRATADO,MASCULINO,292
2020,6,Otros organismos,PERMANENTE,FEMENINO,1549
2020,6,Otros organismos,PERMANENTE,MASCULINO,2370
2020,6,Poder Judicial,CONTRATADO,FEMENINO,2020
2020,6,Poder Judicial,CONTRATADO,MASCULINO,1791
2020,6,Poder Judicial,PERMANENTE,FEMENINO,12678
2020,6,Poder Judicial,PERMANENTE,MASCULINO,10672
2020,6,Poder Legislativo,CONTRATADO,FEMENINO,370
2020,6,Poder Legislativo,CONTRATADO,MASCULINO,600
2020,6,Poder Legislativo,PERMANENTE,FEMENINO,1164
2020,6,Poder Legislativo,PERMANENTE,MASCULINO,1544
2020,6,SA del Estado,CONTRATADO,FEMENINO,85
2020,6,SA del Estado,CONTRATADO,MASCULINO,158
2020,6,SA del Estado,PERMANENTE,FEMENINO,1679
2020,6,SA del Estado,PERMANENTE,MASCULINO,4119
2020,6,Salud,CONTRATADO,FEMENINO,18768
2020,6,Salud,CONTRATADO,MASCULINO,10102
2020,6,Salud,PERMANENTE,FEMENINO,26487
2020,6,Salud,PERMANENTE,MASCULINO,13196
2020,6,Servicio civil del Ejecutivo,CONTRATADO,FEMENINO,4203
2020,6,Servicio civil del Ejecutivo,CONTRATADO,MASCULINO,4682
2020,6,Servicio civil del Ejecutivo,PERMANENTE,FEMENINO,6200
2020,6,Servicio civil del Ejecutivo,PERMANENTE,MASCULINO,9495
2020,7,Educación,CONTRATADO,FEMENINO,1062
2020,7,Educación,CONTRATADO,MASCULINO,1111
2020,7,Educación,PERMANENTE,FEMENINO,66044
2020,7,Educación,PERMANENTE,MASCULINO,35342
2020,7,Empresas públicas,CONTRATADO,FEMENINO,490
2020,7,Empresas públicas,CONTRATADO,MASCULINO,1359
2020,7,Empresas públicas,PERMANENTE,FEMENINO,1939
2020,7,Empresas públicas,PERMANENTE,MASCULINO,6385
2020,7,Entes autónomos y autárquicos,CONTRATADO,FEMENINO,526
2020,7,Entes autónomos y autárquicos,CONTRATADO,MASCULINO,730
2020,7,Entes autónomos y autárquicos,PERMANENTE,FEMENINO,2783
2020,7,Entes autónomos y autárquicos,PERMANENTE,MASCULINO,4655
2020,7,Fuerzas públicas,CONTRATADO,FEMENINO,194
2020,7,Fuerzas públicas,CONTRATADO,MASCULINO,185
2020,7,Fuerzas públicas,PERMANENTE,FEMENINO,7370
2020,7,Fuerzas públicas,PERMANENTE,MASCULINO,41023
2020,7,Gobiernos departamentales,CONTRATADO,FEMENINO,400
2020,7,Gobiernos departamentales,CONTRATADO,MASCULINO,626
2020,7,Gobiernos departamentales,PERMANENTE,FEMENINO,425
2020,7,Gobiernos departamentales,PERMANENTE,MASCULINO,853
2020,7,Municipalidades,CONTRATADO,FEMENINO,5944
2020,7,Municipalidades,CONTRATADO,MASCULINO,10488
2020,7,Municipalidades,PERMANENTE,FEMENINO,2535
2020,7,Municipalidades,PERMANENTE,MASCULINO,4785
2020,7,Otros organismos,CONTRATADO,FEMENINO,270
2020,7,Otros organismos,CONTRATADO,MASCULINO,294
2020,7,Otros organismos,PERMANENTE,FEMENINO,1547
2020,7,Otros organismos,PERMANENTE,MASCULINO,2368
2020,7,Poder Judicial,CONTRATADO,FEMENINO,1960
2020,7,Poder Judicial,CONTRATADO,MASCULINO,1768
2020,7,Poder Judicial,PERMANENTE,FEMENINO,12675
2020,7,Poder Judicial,PERMANENTE,MASCULINO,10669
2020,7,Poder Legislativo,CONTRATADO,FEMENINO,368
2020,7,Poder Legislativo,CONTRATADO,MASCULINO,603
2020,7,Poder Legislativo,PERMANENTE,FEMENINO,1163
2020,7,Poder Legislativo,PERMANENTE,MASCULINO,1544
2020,7,SA del Estado,CONTRATADO,FEMENINO,94
2020,7,SA del Estado,CONTRATADO,MASCULINO,180
2020,7,SA del Estado,PERMANENTE,FEMENINO,1669
2020,7,SA del Estado,PERMANENTE,MASCULINO,4097
2020,7,Salud,CONTRATADO,FEMENINO,19252
2020,7,Salud,CONTRATADO,MASCULINO,10292
2020,7,Salud,PERMANENTE,FEMENINO,26427
2020,7,Salud,PERMANENTE,MASCULINO,13178
2020,7,Servicio civil del Ejecutivo,CONTRATADO,FEMENINO,4182
2020,7,Servicio civil del Ejecutivo,CONTRATADO,MASCULINO,4659
2020,7,Servicio civil del Ejecutivo,PERMANENTE,FEMENINO,6222
2020,7,Servicio civil del Ejecutivo,PERMANENTE,MASCULINO,9476
2020,8,Educación,CONTRATADO,FEMENINO,1079
2020,8,Educación,CONTRATADO,MASCULINO,1137
2020,8,Educación,PERMANENTE,FEMENINO,66100
2020,8,Educación,PERMANENTE,MASCULINO,35327
2020,8,Empresas públicas,CONTRATADO,FEMENINO,490
2020,8,Empresas públicas,CONTRATADO,MASCULINO,1356
2020,8,Empresas públicas,PERMANENTE,FEMENINO,1947
2020,8,Empresas públicas,PERMANENTE,MASCULINO,6456
2020,8,Entes autónomos y autárquicos,CONTRATADO,FEMENINO,541
2020,8,Entes autónomos y autárquicos,CONTRATADO,MASCULINO,760
2020,8,Entes autónomos y autárquicos,PERMANENTE,FEMENINO,2775
2020,8,Entes autónomos y autárquicos,PERMANENTE,MASCULINO,4656
2020,8,Fuerzas públicas,CONTRATADO,FEMENINO,205
2020,8,Fuerzas públicas,CONTRATADO,MASCULINO,214
2020,8,Fuerzas públicas,PERMANENTE,FEMENINO,7379
2020,8,Fuerzas públicas,PERMANENTE,MASCULINO,41194
2020,8,Gobiernos departamentales,CONTRATADO,FEMENINO,396
2020,8,Gobiernos departamentales,CONTRATADO,MASCULINO,625
2020,8,Gobiernos departamentales,PERMANENTE,FEMENINO,424
2020,8,Gobiernos departamentales,PERMANENTE,MASCULINO,852
2020,8,Municipalidades,CONTRATADO,FEMENINO,6042
2020,8,Municipalidades,CONTRATADO,MASCULINO,10645
2020,8,Municipalidades,PERMANENTE,FEMENINO,2526
2020,8,Municipalidades,PERMANENTE,MASCULINO,4760
2020,8,Otros organismos,CONTRATADO,FEMENINO,273
2020,8,Otros organismos,CONTRATADO,MASCULINO,303
2020,8,Otros organismos,PERMANENTE,FEMENINO,1546
2020,8,Otros organismos,PERMANENTE,MASCULINO,2367
2020,8,Poder Judicial,CONTRATADO,FEMENINO,1945
2020,8,Poder Judicial,CONTRATADO,MASCULINO,1760
2020,8,Poder Judicial,PERMANENTE,FEMENINO,12674
2020,8,Poder Judicial,PERMANENTE,MASCULINO,10654
2020,8,Poder Legislativo,CONTRATADO,FEMENINO,368
2020,8,Poder Legislativo,CONTRATADO,MASCULINO,602
2020,8,Poder Legislativo,PERMANENTE,FEMENINO,1169
2020,8,Poder Legislativo,PERMANENTE,MASCULINO,1545
2020,8,SA del Estado,CONTRATADO,FEMENINO,95
2020,8,SA del Estado,CONTRATADO,MASCULINO,181
2020,8,SA del Estado,PERMANENTE,FEMENINO,1654
2020,8,SA del Estado,PERMANENTE,MASCULINO,4088
2020,8,Salud,CONTRATADO,FEMENINO,19559
2020,8,Salud,CONTRATADO,MASCULINO,10458
2020,8,Salud,PERMANENTE,FEMENINO,26388
2020,8,Salud,PERMANENTE,MASCULINO,13160
2020,8,Servicio civil del Ejecutivo,CONTRATADO,FEMENINO,4248
2020,8,Servicio civil del Ejecutivo,CONTRATADO,MASCULINO,4780
2020,8,Servicio civil del Ejecutivo,PERMANENTE,FEMENINO,6217
2020,8,Servicio civil del Ejecutivo,PERMANENTE,MASCULINO,9462
2020,9,Educación,CONTRATADO,FEMENINO,1141
2020,9,Educación,CONTRATADO,MASCULINO,1215
2020,9,Educación,PERMANENTE,FEMENINO,65995
2020,9,Educación,PERMANENTE,MASCULINO,35198
2020,9,Empresas públicas,CONTRATADO,FEMENINO,511
2020,9,Empresas públicas,CONTRATADO,MASCULINO,1489
2020,9,Empresas públicas,PERMANENTE,FEMENINO,1949
2020,9,Empresas públicas,PERMANENTE,MASCULINO,6506
2020,9,Entes autónomos y autárquicos,CONTRATADO,FEMENINO,550
2020,9,Entes autónomos y autárquicos,CONTRATADO,MASCULINO,770
2020,9,Entes autónomos y autárquicos,PERMANENTE,FEMENINO,2773
2020,9,Entes autónomos y autárquicos,PERMANENTE,MASCULINO,4655
2020,9,Fuerzas públicas,CONTRATADO,FEMENINO,205
2020,9,Fuerzas públicas,CONTRATADO,MASCULINO,214
2020,9,Fuerzas públicas,PERMANENTE,FEMENINO,7369
2020,9,Fuerzas públicas,PERMANENTE,MASCULINO,41246
2020,9,Gobiernos departamentales,CONTRATADO,FEMENINO,405
2020,9,Gobiernos departamentales,CONTRATADO,MASCULINO,667
2020,9,Gobiernos departamentales,PERMANENTE,FEMENINO,424
2020,9,Gobiernos departamentales,PERMANENTE,MASCULINO,853
2020,9,Municipalidades,CONTRATADO,FEMENINO,6083
2020,9,Municipalidades,CONTRATADO,MASCULINO,10629
2020,9,Municipalidades,PERMANENTE,FEMENINO,2527
2020,9,Municipalidades,PERMANENTE,MASCULINO,4782
2020,9,Otros organismos,CONTRATADO,FEMENINO,277
2020,9,Otros organismos,CONTRATADO,MASCULINO,307
2020,9,Otros organismos,PERMANENTE,FEMENINO,1543
2020,9,Otros organismos,PERMANENTE,MASCULINO,2345
2020,9,Poder Judicial,CONTRATADO,FEMENINO,1897
2020,9,Poder Judicial,CONTRATADO,MASCULINO,1704
2020,9,Poder Judicial,PERMANENTE,FEMENINO,12670
2020,9,Poder Judicial,PERMANENTE,MASCULINO,10651
2020,9,Poder Legislativo,CONTRATADO,FEMENINO,367
2020,9,Poder Legislativo,CONTRATADO,MASCULINO,604
2020,9,Poder Legislativo,PERMANENTE,FEMENINO,1169
2020,9,Poder Legislativo,PERMANENTE,MASCULINO,1547
2020,9,SA del Estado,CONTRATADO,FEMENINO,93
2020,9,SA del Estado,CONTRATADO,MASCULINO,183
2020,9,SA del Estado,PERMANENTE,FEMENINO,1655
2020,9,SA del Estado,PERMANENTE,MASCULINO,4084
2020,9,Salud,CONTRATADO,FEMENINO,20072
2020,9,Salud,CONTRATADO,MASCULINO,10750
2020,9,Salud,PERMANENTE,FEMENINO,26345
2020,9,Salud,PERMANENTE,MASCULINO,13135
2020,9,Servicio civil del Ejecutivo,CONTRATADO,FEMENINO,4247
2020,9,Servicio civil del Ejecutivo,CONTRATADO,MASCULINO,4784
2020,9,Servicio civil del Ejecutivo,PERMANENTE,FEMENINO,6211
2020,9,Servicio civil del Ejecutivo,PERMANENTE,MASCULINO,9451
2020,10,Educación,CONTRATADO,FEMENINO,1135
2020,10,Educación,CONTRATADO,MASCULINO,1165
2020,10,Educación,PERMANENTE,FEMENINO,65755
2020,10,Educación,PERMANENTE,MASCULINO,35000
2020,10,Empresas públicas,CONTRATADO,FEMENINO,520
2020,10,Empresas públicas,CONTRATADO,MASCULINO,1575
2020,10,Empresas públicas,PERMANENTE,FEMENINO,1946
2020,10,Empresas públicas,PERMANENTE,MASCULINO,6493
2020,10,Entes autónomos y autárquicos,CONTRATADO,FEMENINO,553
2020,10,Entes autónomos y autárquicos,CONTRATADO,MASCULINO,774
2020,10,Entes autónomos y autárquicos,PERMANENTE,FEMENINO,2775
2020,10,Entes autónomos y autárquicos,PERMANENTE,MASCULINO,4644
2020,10,Fuerzas públicas,CONTRATADO,FEMENINO,205
2020,10,Fuerzas públicas,CONTRATADO,MASCULINO,214
2020,10,Fuerzas públicas,PERMANENTE,FEMENINO,7358
2020,10,Fuerzas públicas,PERMANENTE,MASCULINO,41387
2020,10,Gobiernos departamentales,CONTRATADO,FEMENINO,404
2020,10,Gobiernos departamentales,CONTRATADO,MASCULINO,669
2020,10,Gobiernos departamentales,PERMANENTE,FEMENINO,423
2020,10,Gobiernos departamentales,PERMANENTE,MASCULINO,852
2020,10,Municipalidades,CONTRATADO,FEMENINO,6130
2020,10,Municipalidades,CONTRATADO,MASCULINO,10623
2020,10,Municipalidades,PERMANENTE,FEMENINO,2528
2020,10,Municipalidades,PERMANENTE,MASCULINO,4775
2020,10,Otros organismos,CONTRATADO,FEMENINO,279
2020,10,Otros organismos,CONTRATADO,MASCULINO,317
2020,10,Otros organismos,PERMANENTE,FEMENINO,1543
2020,10,Otros organismos,PERMANENTE,MASCULINO,2333
2020,10,Poder Judicial,CONTRATADO,FEMENINO,1835
2020,10,Poder Judicial,CONTRATADO,MASCULINO,1637
2020,10,Poder Judicial,PERMANENTE,FEMENINO,12643
2020,10,Poder Judicial,PERMANENTE,MASCULINO,10626
2020,10,Poder Legislativo,CONTRATADO,FEMENINO,367
2020,10,Poder Legislativo,CONTRATADO,MASCULINO,601
2020,10,Poder Legislativo,PERMANENTE,FEMENINO,1168
2020,10,Poder Legislativo,PERMANENTE,MASCULINO,1546
2020,10,SA del Estado,CONTRATADO,FEMENINO,95
2020,10,SA del Estado,CONTRATADO,MASCULINO,183
2020,10,SA del Estado,PERMANENTE,FEMENINO,1658
2020,10,SA del Estado,PERMANENTE,MASCULINO,4095
2020,10,Salud,CONTRATADO,FEMENINO,21206
2020,10,Salud,CONTRATADO,MASCULINO,11118
2020,10,Salud,PERMANENTE,FEMENINO,26318
2020,10,Salud,PERMANENTE,MASCULINO,13127
2020,10,Servicio civil del Ejecutivo,CONTRATADO,FEMENINO,4283
2020,10,Servicio civil del Ejecutivo,CONTRATADO,MASCULINO,4789
2020,10,Servicio civil del Ejecutivo,PERMANENTE,FEMENINO,6205
2020,10,Servicio civil del Ejecutivo,PERMANENTE,MASCULINO,9447
2020,11,Educación,CONTRATADO,FEMENINO,1169
2020,11,Educación,CONTRATADO,MASCULINO,1229
2020,11,Educación,PERMANENTE,FEMENINO,66097
2020,11,Educación,PERMANENTE,MASCULINO,35228
2020,11,Empresas públicas,CONTRATADO,FEMENINO,520
2020,11,Empresas públicas,CONTRATADO,MASCULINO,1576
2020,11,Empresas públicas,PERMANENTE,FEMENINO,1944
2020,11,Empresas públicas,PERMANENTE,MASCULINO,6481
2020,11,Entes autónomos y autárquicos,CONTRATADO,FEMENINO,553
2020,11,Entes autónomos y autárquicos,CONTRATADO,MASCULINO,788
2020,11,Entes autónomos y autárquicos,PERMANENTE,FEMENINO,2770
2020,11,Entes autónomos y autárquicos,PERMANENTE,MASCULINO,4636
2020,11,Fuerzas públicas,CONTRATADO,FEMENINO,221
2020,11,Fuerzas públicas,CONTRATADO,MASCULINO,255
2020,11,Fuerzas públicas,PERMANENTE,FEMENINO,7346
2020,11,Fuerzas públicas,PERMANENTE,MASCULINO,41265
2020,11,Gobiernos departamentales,CONTRATADO,FEMENINO,401
2020,11,Gobiernos departamentales,CONTRATADO,MASCULINO,667
2020,11,Gobiernos departamentales,PERMANENTE,FEMENINO,423
2020,11,Gobiernos departamentales,PERMANENTE,MASCULINO,850
2020,11,Municipalidades,CONTRATADO,FEMENINO,5980
2020,11,Municipalidades,CONTRATADO,MASCULINO,10554
2020,11,Municipalidades,PERMANENTE,FEMENINO,2522
2020,11,Municipalidades,PERMANENTE,MASCULINO,4761
2020,11,Otros organismos,CONTRATADO,FEMENINO,279
2020,11,Otros organismos,CONTRATADO,MASCULINO,315
2020,11,Otros organismos,PERMANENTE,FEMENINO,1543
2020,11,Otros organismos,PERMANENTE,MASCULINO,2326
2020,11,Poder Judicial,CONTRATADO,FEMENINO,1809
2020,11,Poder Judicial,CONTRATADO,MASCULINO,1614
2020,11,Poder Judicial,PERMANENTE,FEMENINO,12637
2020,11,Poder Judicial,PERMANENTE,MASCULINO,10603
2020,11,Poder Legislativo,CONTRATADO,FEMENINO,372
2020,11,Poder Legislativo,CONTRATADO,MASCULINO,606
2020,11,Poder Legislativo,PERMANENTE,FEMENINO,1166
2020,11,Poder Legislativo,PERMANENTE,MASCULINO,1546
2020,11,SA del Estado,CONTRATADO,FEMENINO,97
2020,11,SA del Estado,CONTRATADO,MASCULINO,186
2020,11,SA del Estado,PERMANENTE,FEMENINO,1652
2020,11,SA del Estado,PERMANENTE,MASCULINO,4089
2020,11,Salud,CONTRATADO,FEMENINO,21298
2020,11,Salud,CONTRATADO,MASCULINO,11130
2020,11,Salud,PERMANENTE,FEMENINO,26301
2020,11,Salud,PERMANENTE,MASCULINO,13116
2020,11,Servicio civil del Ejecutivo,CONTRATADO,FEMENINO,4291
2020,11,Servicio civil del Ejecutivo,CONTRATADO,MASCULINO,4819
2020,11,Servicio civil del Ejecutivo,PERMANENTE,FEMENINO,6200
2020,11,Servicio civil del Ejecutivo,PERMANENTE,MASCULINO,9435
2020,12,Educación,CONTRATADO,FEMENINO,1263
2020,12,Educación,CONTRATADO,MASCULINO,1327
2020,12,Educación,PERMANENTE,FEMENINO,65788
2020,12,Educación,PERMANENTE,MASCULINO,34888
2020,12,Empresas públicas,CONTRATADO,FEMENINO,507
2020,12,Empresas públicas,CONTRATADO,MASCULINO,1448
2020,12,Empresas públicas,PERMANENTE,FEMENINO,1942
2020,12,Empresas públicas,PERMANENTE,MASCULINO,6462
2020,12,Entes autónomos y autárquicos,CONTRATADO,FEMENINO,558
2020,12,Entes autónomos y autárquicos,CONTRATADO,MASCULINO,800
2020,12,Entes autónomos y autárquicos,PERMANENTE,FEMENINO,2705
2020,12,Entes autónomos y autárquicos,PERMANENTE,MASCULINO,4580
2020,12,Fuerzas públicas,CONTRATADO,FEMENINO,221
2020,12,Fuerzas públicas,CONTRATADO,MASCULINO,251
2020,12,Fuerzas públicas,PERMANENTE,FEMENINO,7341
2020,12,Fuerzas públicas,PERMANENTE,MASCULINO,41158
2020,12,Gobiernos departamentales,CONTRATADO,FEMENINO,377
2020,12,Gobiernos departamentales,CONTRATADO,MASCULINO,616
2020,12,Gobiernos departamentales,PERMANENTE,FEMENINO,379
2020,12,Gobiernos departamentales,PERMANENTE,MASCULINO,759
2020,12,Municipalidades,CONTRATADO,FEMENINO,5722
2020,12,Municipalidades,CONTRATADO,MASCULINO,10112
2020,12,Municipalidades,PERMANENTE,FEMENINO,2348
2020,12,Municipalidades,PERMANENTE,MASCULINO,4527
2020,12,Otros organismos,CONTRATADO,FEMENINO,287
2020,12,Otros organismos,CONTRATADO,MASCULINO,307
2020,12,Otros organismos,PERMANENTE,FEMENINO,1493
2020,12,Otros organismos,PERMANENTE,MASCULINO,2196
2020,12,Poder Judicial,CONTRATADO,FEMENINO,1802
2020,12,Poder Judicial,CONTRATADO,MASCULINO,1589
2020,12,Poder Judicial,PERMANENTE,FEMENINO,12642
2020,12,Poder Judicial,PERMANENTE,MASCULINO,10597
2020,12,Poder Legislativo,CONTRATADO,FEMENINO,371
2020,12,Poder Legislativo,CONTRATADO,MASCULINO,605
2020,12,Poder Legislativo,PERMANENTE,FEMENINO,1167
2020,12,Poder Legislativo,PERMANENTE,MASCULINO,1544
2020,12,SA del Estado,CONTRATADO,FEMENINO,94
2020,12,SA del Estado,CONTRATADO,MASCULINO,187
2020,12,SA del Estado,PERMANENTE,FEMENINO,1646
2020,12,SA del Estado,PERMANENTE,MASCULINO,4082
2020,12,Salud,CONTRATADO,FEMENINO,21810
2020,12,Salud,CONTRATADO,MASCULINO,11285
2020,12,Salud,PERMANENTE,FEMENINO,26279
2020,12,Salud,PERMANENTE,MASCULINO,13115
2020,12,Servicio civil del Ejecutivo,CONTRATADO,FEMENINO,4222
2020,12,Servicio civil del Ejecutivo,CONTRATADO,MASCULINO,4615
2020,12,Servicio civil del Ejecutivo,PERMANENTE,FEMENINO,6200
2020,12,Servicio civil del Ejecutivo,PERMANENTE,MASCULINO,9427
2021,1,Educación,CONTRATADO,FEMENINO,908
2021,1,Educación,CONTRATADO,MASCULINO,961
2021,1,Educación,PERMANENTE,FEMENINO,63977
2021,1,Educación,PERMANENTE,MASCULINO,34352
2021,1,Empresas públicas,CONTRATADO,FEMENINO,494
2021,1,Empresas públicas,CONTRATADO,MASCULINO,1480
2021,1,Empresas públicas,PERMANENTE,FEMENINO,1941
2021,1,Empresas públicas,PERMANENTE,MASCULINO,6444
2021,1,Entes autónomos y autárquicos,CONTRATADO,FEMENINO,451
2021,1,Entes autónomos y autárquicos,CONTRATADO,MASCULINO,626
2021,1,Entes autónomos y autárquicos,PERMANENTE,FEMENINO,2749
2021,1,Entes autónomos y autárquicos,PERMANENTE,MASCULINO,4603
2021,1,Fuerzas públicas,CONTRATADO,FEMENINO,198
2021,1,Fuerzas públicas,CONTRATADO,MASCULINO,201
2021,1,Fuerzas públicas,PERMANENTE,FEMENINO,7258
2021,1,Fuerzas públicas,PERMANENTE,MASCULINO,39722
2021,1,Gobiernos departamentales,CONTRATADO,FEMENINO,374
2021,1,Gobiernos departamentales,CONTRATADO,MASCULINO,601
2021,1,Gobiernos departamentales,PERMANENTE,FEMENINO,418
2021,1,Gobiernos departamentales,PERMANENTE,MASCULINO,839
2021,1,Municipalidades,CONTRATADO,FEMENINO,5998
2021,1,Municipalidades,CONTRATADO,MASCULINO,10693
2021,1,Municipalidades,PERMANENTE,FEMENINO,2555
2021,1,Municipalidades,PERMANENTE,MASCULINO,4778
2021,1,Otros organismos,CONTRATADO,FEMENINO,292
2021,1,Otros organismos,CONTRATADO,MASCULINO,318
2021,1,Otros organismos,PERMANENTE,FEMENINO,1533
2021,1,Otros organismos,PERMANENTE,MASCULINO,2257
2021,1,Poder Judicial,CONTRATADO,FEMENINO,1326
2021,1,Poder Judicial,CONTRATADO,MASCULINO,1072
2021,1,Poder Judicial,PERMANENTE,FEMENINO,12636
2021,1,Poder Judicial,PERMANENTE,MASCULINO,10572
2021,1,Poder Legislativo,CONTRATADO,FEMENINO,364
2021,1,Poder Legislativo,CONTRATADO,MASCULINO,588
2021,1,Poder Legislativo,PERMANENTE,FEMENINO,1166
2021,1,Poder Legislativo,PERMANENTE,MASCULINO,1542
2021,1,SA del Estado,CONTRATADO,FEMENINO,92
2021,1,SA del Estado,CONTRATADO,MASCULINO,162
2021,1,SA del Estado,PERMANENTE,FEMENINO,1641
2021,1,SA del Estado,PERMANENTE,MASCULINO,4065
2021,1,Salud,CONTRATADO,FEMENINO,22617
2021,1,Salud,CONTRATADO,MASCULINO,11733
2021,1,Salud,PERMANENTE,FEMENINO,26488
2021,1,Salud,PERMANENTE,MASCULINO,13214
2021,1,Servicio civil del Ejecutivo,CONTRATADO,FEMENINO,3599
2021,1,Servicio civil del Ejecutivo,CONTRATADO,MASCULINO,4132
2021,1,Servicio civil del Ejecutivo,PERMANENTE,FEMENINO,6186
2021,1,Servicio civil del Ejecutivo,PERMANENTE,MASCULINO,9410
2021,2,Educación,CONTRATADO,FEMENINO,846
2021,2,Educación,CONTRATADO,MASCULINO,879
2021,2,Educación,PERMANENTE,FEMENINO,65173
2021,2,Educación,PERMANENTE,MASCULINO,34752
2021,2,Empresas públicas,CONTRATADO,FEMENINO,508
2021,2,Empresas públicas,CONTRATADO,MASCULINO,1492
2021,2,Empresas públicas,PERMANENTE,FEMENINO,1936
2021,2,Empresas públicas,PERMANENTE,MASCULINO,6435
2021,2,Entes autónomos y autárquicos,CONTRATADO,FEMENINO,670
2021,2,Entes autónomos y autárquicos,CONTRATADO,MASCULINO,860
2021,2,Entes autónomos y autárquicos,PERMANENTE,FEMENINO,2799
2021,2,Entes autónomos y autárquicos,PERMANENTE,MASCULINO,4642
2021,2,Fuerzas públicas,CONTRATADO,FEMENINO,198
2021,2,Fuerzas públicas,CONTRATADO,MASCULINO,200
2021,2,Fuerzas públicas,PERMANENTE,FEMENINO,7304
2021,2,Fuerzas públicas,PERMANENTE,MASCULINO,41231
2021,2,Gobiernos departamentales,CONTRATADO,FEMENINO,380
2021,2,Gobiernos departamentales,CONTRATADO,MASCULINO,604
2021,2,Gobiernos departamentales,PERMANENTE,FEMENINO,419
2021,2,Gobiernos departamentales,PERMANENTE,MASCULINO,834
2021,2,Municipalidades,CONTRATADO,FEMENINO,6268
2021,2,Municipalidades,CONTRATADO,MASCULINO,10958
2021,2,Municipalidades,PERMANENTE,FEMENINO,2590
2021,2,Municipalidades,PERMANENTE,MASCULINO,4806
2021,2,Otros organismos,CONTRATADO,FEMENINO,291
2021,2,Otros organismos,CONTRATADO,MASCULINO,318
2021,2,Otros organismos,PERMANENTE,FEMENINO,1530
2021,2,Otros organismos,PERMANENTE,MASCULINO,2255
2021,2,Poder Judicial,CONTRATADO,FEMENINO,2105
2021,2,Poder Judicial,CONTRATADO,MASCULINO,1768
2021,2,Poder Judicial,PERMANENTE,FEMENINO,12684
2021,2,Poder Judicial,PERMANENTE,MASCULINO,10585
2021,2,Poder Legislativo,CONTRATADO,FEMENINO,359
2021,2,Poder Legislativo,CONTRATADO,MASCULINO,595
2021,2,Poder Legislativo,PERMANENTE,FEMENINO,1176
2021,2,Poder Legislativo,PERMANENTE,MASCULINO,1549
2021,2,SA del Estado,CONTRATADO,FEMENINO,105
2021,2,SA del Estado,CONTRATADO,MASCULINO,200
2021,2,SA del Estado,PERMANENTE,FEMENINO,1640
2021,2,SA del Estado,PERMANENTE,MASCULINO,4074
2021,2,Salud,CONTRATADO,FEMENINO,23197
2021,2,Salud,CONTRATADO,MASCULINO,11918
2021,2,Salud,PERMANENTE,FEMENINO,26448
2021,2,Salud,PERMANENTE,MASCULINO,13191
2021,2,Servicio civil del Ejecutivo,CONTRATADO,FEMENINO,3781
2021,2,Servicio civil del Ejecutivo,CONTRATADO,MASCULINO,4286
2021,2,Servicio civil del Ejecutivo,PERMANENTE,FEMENINO,6177
2021,2,Servicio civil del Ejecutivo,PERMANENTE,MASCULINO,9383
2021,3,Educación,CONTRATADO,FEMENINO,1087
2021,3,Educación,CONTRATADO,MASCULINO,1126
2021,3,Educación,PERMANENTE,FEMENINO,65311
2021,3,Educación,PERMANENTE,MASCULINO,34756
2021,3,Empresas públicas,CONTRATADO,FEMENINO,497
2021,3,Empresas públicas,CONTRATADO,MASCULINO,1483
2021,3,Empresas públicas,PERMANENTE,FEMENINO,1933
2021,3,Empresas públicas,PERMANENTE,MASCULINO,6416
2021,3,Entes autónomos y autárquicos,CONTRATADO,FEMENINO,708
2021,3,Entes autónomos y autárquicos,CONTRATADO,MASCULINO,921
2021,3,Entes autónomos y autárquicos,PERMANENTE,FEMENINO,2801
2021,3,Entes autónomos y autárquicos,PERMANENTE,MASCULINO,4631
2021,3,Fuerzas públicas,CONTRATADO,FEMENINO,190
2021,3,Fuerzas públicas,CONTRATADO,MASCULINO,196
2021,3,Fuerzas públicas,PERMANENTE,FEMENINO,7403
2021,3,Fuerzas públicas,PERMANENTE,MASCULINO,41878
2021,3,Gobiernos departamentales,CONTRATADO,FEMENINO,414
2021,3,Gobiernos departamentales,CONTRATADO,MASCULINO,665
2021,3,Gobiernos departamentales,PERMANENTE,FEMENINO,424
2021,3,Gobiernos departamentales,PERMANENTE,MASCULINO,834
2021,3,Municipalidades,CONTRATADO,FEMENINO,6695
2021,3,Municipalidades,CONTRATADO,MASCULINO,11276
2021,3,Municipalidades,PERMANENTE,FEMENINO,2620
2021,3,Municipalidades,PERMANENTE,MASCULINO,4835
2021,3,Otros organismos,CONTRATADO,FEMENINO,291
2021,3,Otros organismos,CONTRATADO,MASCULINO,318
2021,3,Otros organismos,PERMANENTE,FEMENINO,1530
2021,3,Otros organismos,PERMANENTE,MASCULINO,2249
2021,3,Poder Judicial,CONTRATADO,FEMENINO,2076
2021,3,Poder Judicial,CONTRATADO,MASCULINO,1738
2021,3,Poder Judicial,PERMANENTE,FEMENINO,12676
2021,3,Poder Judicial,PERMANENTE,MASCULINO,10581
2021,3,Poder Legislativo,CONTRATADO,FEMENINO,350
2021,3,Poder Legislativo,CONTRATADO,MASCULINO,581
2021,3,Poder Legislativo,PERMANENTE,FEMENINO,1184
2021,3,Poder Legislativo,PERMANENTE,MASCULINO,1563
2021,3,SA del Estado,CONTRATADO,FEMENINO,107
2021,3,SA del Estado,CONTRATADO,MASCULINO,213
2021,3,SA del Estado,PERMANENTE,FEMENINO,1641
2021,3,SA del Estado,PERMANENTE,MASCULINO,3874
2021,3,Salud,CONTRATADO,FEMENINO,23955
2021,3,Salud,CONTRATADO,MASCULINO,12241
2021,3,Salud,PERMANENTE,FEMENINO,26436
2021,3,Salud,PERMANENTE,MASCULINO,13175
2021,3,Servicio civil del Ejecutivo,CONTRATADO,FEMENINO,4032
2021,3,Servicio civil del Ejecutivo,CONTRATADO,MASCULINO,4475
2021,3,Servicio civil del Ejecutivo,PERMANENTE,FEMENINO,6205
2021,3,Servicio civil del Ejecutivo,PERMANENTE,MASCULINO,9389
2021,4,Educación,CONTRATADO,FEMENINO,1120
2021,4,Educación,CONTRATADO,MASCULINO,1139
2021,4,Educación,PERMANENTE,FEMENINO,65792
2021,4,Educación,PERMANENTE,MASCULINO,34943
2021,4,Empresas públicas,CONTRATADO,FEMENINO,484
2021,4,Empresas públicas,CONTRATADO,MASCULINO,1501
2021,4,Empresas públicas,PERMANENTE,FEMENINO,1928
2021,4,Empresas públicas,PERMANENTE,MASCULINO,6357
2021,4,Entes autónomos y autárquicos,CONTRATADO,FEMENINO,707
2021,4,Entes autónomos y autárquicos,CONTRATADO,MASCULINO,921
2021,4,Entes autónomos y autárquicos,PERMANENTE,FEMENINO,2797
2021,4,Entes autónomos y autárquicos,PERMANENTE,MASCULINO,4623
2021,4,Fuerzas públicas,CONTRATADO,FEMENINO,172
2021,4,Fuerzas públicas,CONTRATADO,MASCULINO,157
2021,4,Fuerzas públicas,PERMANENTE,FEMENINO,7401
2021,4,Fuerzas públicas,PERMANENTE,MASCULINO,42099
2021,4,Gobiernos departamentales,CONTRATADO,FEMENINO,415
2021,4,Gobiernos departamentales,CONTRATADO,MASCULINO,671
2021,4,Gobiernos departamentales,PERMANENTE,FEMENINO,426
2021,4,Gobiernos departamentales,PERMANENTE,MASCULINO,835
2021,4,Municipalidades,CONTRATADO,FEMENINO,6843
2021,4,Municipalidades,CONTRATADO,MASCULINO,11501
2021,4,Municipalidades,PERMANENTE,FEMENINO,2642
2021,4,Municipalidades,PERMANENTE,MASCULINO,4831
2021,4,Otros organismos,CONTRATADO,FEMENINO,281
2021,4,Otros organismos,CONTRATADO,MASCULINO,306
2021,4,Otros organismos,PERMANENTE,FEMENINO,1572
2021,4,Otros organismos,PERMANENTE,MASCULINO,2265
2021,4,Poder Judicial,CONTRATADO,FEMENINO,2121
2021,4,Poder Judicial,CONTRATADO,MASCULINO,1812
2021,4,Poder Judicial,PERMANENTE,FEMENINO,12698
2021,4,Poder Judicial,PERMANENTE,MASCULINO,10573
2021,4,Poder Legislativo,CONTRATADO,FEMENINO,362
2021,4,Poder Legislativo,CONTRATADO,MASCULINO,597
2021,4,Poder Legislativo,PERMANENTE,FEMENINO,1186
2021,4,Poder Legislativo,PERMANENTE,MASCULINO,1566
2021,4,SA del Estado,CONTRATADO,FEMENINO,108
2021,4,SA del Estado,CONTRATADO,MASCULINO,211
2021,4,SA del Estado,PERMANENTE,FEMENINO,1639
2021,4,SA del Estado,PERMANENTE,MASCULINO,4062
2021,4,Salud,CONTRATADO,FEMENINO,24630
2021,4,Salud,CONTRATADO,MASCULINO,12552
2021,4,Salud,PERMANENTE,FEMENINO,26377
2021,4,Salud,PERMANENTE,MASCULINO,13133
2021,4,Servicio civil del Ejecutivo,CONTRATADO,FEMENINO,4041
2021,4,Servicio civil del Ejecutivo,CONTRATADO,MASCULINO,4482
2021,4,Servicio civil del Ejecutivo,PERMANENTE,FEMENINO,6215
2021,4,Servicio civil del Ejecutivo,PERMANENTE,MASCULINO,9384
2021,5,Educación,CONTRATADO,FEMENINO,1083
2021,5,Educación,CONTRATADO,MASCULINO,1081
2021,5,Educación,PERMANENTE,FEMENINO,65702
2021,5,Educación,PERMANENTE,MASCULINO,34890
2021,5,Empresas públicas,CONTRATADO,FEMENINO,503
2021,5,Empresas públicas,CONTRATADO,MASCULINO,1550
2021,5,Empresas públicas,PERMANENTE,FEMENINO,1928
2021,5,Empresas públicas,PERMANENTE,MASCULINO,6349
2021,5,Entes autónomos y autárquicos,CONTRATADO,FEMENINO,713
2021,5,Entes autónomos y autárquicos,CONTRATADO,MASCULINO,921
2021,5,Entes autónomos y autárquicos,PERMANENTE,FEMENINO,2795
2021,5,Entes autónomos y autárquicos,PERMANENTE,MASCULINO,4602
2021,5,Fuerzas públicas,CONTRATADO,FEMENINO,202
2021,5,Fuerzas públicas,CONTRATADO,MASCULINO,221
2021,5,Fuerzas públicas,PERMANENTE,FEMENINO,7756
2021,5,Fuerzas públicas,PERMANENTE,MASCULINO,44066
2021,5,Gobiernos departamentales,CONTRATADO,FEMENINO,417
2021,5,Gobiernos departamentales,CONTRATADO,MASCULINO,672
2021,5,Gobiernos departamentales,PERMANENTE,FEMENINO,425
2021,5,Gobiernos departamentales,PERMANENTE,MASCULINO,831
2021,5,Municipalidades,CONTRATADO,FEMENINO,6923
2021,5,Municipalidades,CONTRATADO,MASCULINO,11579
2021,5,Municipalidades,PERMANENTE,FEMENINO,2662
2021,5,Municipalidades,PERMANENTE,MASCULINO,4819
2021,5,Otros organismos,CONTRATADO,FEMENINO,282
2021,5,Otros organismos,CONTRATADO,MASCULINO,306
2021,5,Otros organismos,PERMANENTE,FEMENINO,1572
2021,5,Otros organismos,PERMANENTE,MASCULINO,2245
2021,5,Poder Judicial,CONTRATADO,FEMENINO,2094
2021,5,Poder Judicial,CONTRATADO,MASCULINO,1831
2021,5,Poder Judicial,PERMANENTE,FEMENINO,12725
2021,5,Poder Judicial,PERMANENTE,MASCULINO,10579
2021,5,Poder Legislativo,CONTRATADO,FEMENINO,372
2021,5,Poder Legislativo,CONTRATADO,MASCULINO,606
2021,5,Poder Legislativo,PERMANENTE,FEMENINO,1185
2021,5,Poder Legislativo,PERMANENTE,MASCULINO,1561
2021,5,SA del Estado,CONTRATADO,FEMENINO,110
2021,5,SA del Estado,CONTRATADO,MASCULINO,216
2021,5,SA del Estado,PERMANENTE,FEMENINO,1623
2021,5,SA del Estado,PERMANENTE,MASCULINO,4055
2021,5,Salud,CONTRATADO,FEMENINO,25509
2021,5,Salud,CONTRATADO,MASCULINO,13018
2021,5,Salud,PERMANENTE,FEMENINO,26335
2021,5,Salud,PERMANENTE,MASCULINO,13100
2021,5,Servicio civil del Ejecutivo,CONTRATADO,FEMENINO,4092
2021,5,Servicio civil del Ejecutivo,CONTRATADO,MASCULINO,4552
2021,5,Servicio civil del Ejecutivo,PERMANENTE,FEMENINO,6207
2021,5,Servicio civil del Ejecutivo,PERMANENTE,MASCULINO,9346
2021,6,Educación,CONTRATADO,FEMENINO,1138
2021,6,Educación,CONTRATADO,MASCULINO,1131
2021,6,Educación,PERMANENTE,FEMENINO,65778
2021,6,Educación,PERMANENTE,MASCULINO,34919
2021,6,Empresas públicas,CONTRATADO,FEMENINO,503
2021,6,Empresas públicas,CONTRATADO,MASCULINO,1553
2021,6,Empresas públicas,PERMANENTE,FEMENINO,1919
2021,6,Empresas públicas,PERMANENTE,MASCULINO,6308
2021,6,Entes autónomos y autárquicos,CONTRATADO,FEMENINO,725
2021,6,Entes autónomos y autárquicos,CONTRATADO,MASCULINO,932
2021,6,Entes autónomos y autárquicos,PERMANENTE,FEMENINO,2783
2021,6,Entes autónomos y autárquicos,PERMANENTE,MASCULINO,4576
2021,6,Fuerzas públicas,CONTRATADO,FEMENINO,203
2021,6,Fuerzas públicas,CONTRATADO,MASCULINO,222
2021,6,Fuerzas públicas,PERMANENTE,FEMENINO,7753
2021,6,Fuerzas públicas,PERMANENTE,MASCULINO,43939
2021,6,Gobiernos departamentales,CONTRATADO,FEMENINO,412
2021,6,Gobiernos departamentales,CONTRATADO,MASCULINO,673
2021,6,Gobiernos departamentales,PERMANENTE,FEMENINO,424
2021,6,Gobiernos departamentales,PERMANENTE,MASCULINO,833
2021,6,Municipalidades,CONTRATADO,FEMENINO,6801
2021,6,Municipalidades,CONTRATADO,MASCULINO,11352
2021,6,Municipalidades,PERMANENTE,FEMENINO,2682
2021,6,Municipalidades,PERMANENTE,MASCULINO,4791
2021,6,Otros organismos,CONTRATADO,FEMENINO,283
2021,6,Otros organismos,CONTRATADO,MASCULINO,309
2021,6,Otros organismos,PERMANENTE,FEMENINO,1569
2021,6,Otros organismos,PERMANENTE,MASCULINO,2225
2021,6,Poder Judicial,CONTRATADO,FEMENINO,2066
2021,6,Poder Judicial,CONTRATADO,MASCULINO,1813
2021,6,Poder Judicial,PERMANENTE,FEMENINO,12747
2021,6,Poder Judicial,PERMANENTE,MASCULINO,10589
2021,6,Poder Legislativo,CONTRATADO,FEMENINO,372
2021,6,Poder Legislativo,CONTRATADO,MASCULINO,608
2021,6,Poder Legislativo,PERMANENTE,FEMENINO,1181
2021,6,Poder Legislativo,PERMANENTE,MASCULINO,1562
2021,6,SA del Estado,CONTRATADO,FEMENINO,111
2021,6,SA del Estado,CONTRATADO,MASCULINO,212
2021,6,SA del Estado,PERMANENTE,FEMENINO,1627
2021,6,SA del Estado,PERMANENTE,MASCULINO,4059
2021,6,Salud,CONTRATADO,FEMENINO,26189
2021,6,Salud,CONTRATADO,MASCULINO,13377
2021,6,Salud,PERMANENTE,FEMENINO,26232
2021,6,Salud,PERMANENTE,MASCULINO,13035
2021,6,Servicio civil del Ejecutivo,CONTRATADO,FEMENINO,4107
2021,6,Servicio civil del Ejecutivo,CONTRATADO,MASCULINO,4562
2021,6,Servicio civil del Ejecutivo,PERMANENTE,FEMENINO,6215
2021,6,Servicio civil del Ejecutivo,PERMANENTE,MASCULINO,9340
2021,7,Educación,CONTRATADO,FEMENINO,1221
2021,7,Educación,CONTRATADO,MASCULINO,1238
2021,7,Educación,PERMANENTE,FEMENINO,65842
2021,7,Educación,PERMANENTE,MASCULINO,34919
2021,7,Empresas públicas,CONTRATADO,FEMENINO,499
2021,7,Empresas públicas,CONTRATADO,MASCULINO,1553
2021,7,Empresas públicas,PERMANENTE,FEMENINO,1913
2021,7,Empresas públicas,PERMANENTE,MASCULINO,6279
2021,7,Entes autónomos y autárquicos,CONTRATADO,FEMENINO,720
2021,7,Entes autónomos y autárquicos,CONTRATADO,MASCULINO,935
2021,7,Entes autónomos y autárquicos,PERMANENTE,FEMENINO,2773
2021,7,Entes autónomos y autárquicos,PERMANENTE,MASCULINO,4550
2021,7,Fuerzas públicas,CONTRATADO,FEMENINO,210
2021,7,Fuerzas públicas,CONTRATADO,MASCULINO,224
2021,7,Fuerzas públicas,PERMANENTE,FEMENINO,7756
2021,7,Fuerzas públicas,PERMANENTE,MASCULINO,43289
2021,7,Gobiernos departamentales,CONTRATADO,FEMENINO,414
2021,7,Gobiernos departamentales,CONTRATADO,MASCULINO,672
2021,7,Gobiernos departamentales,PERMANENTE,FEMENINO,423
2021,7,Gobiernos departamentales,PERMANENTE,MASCULINO,834
2021,7,Municipalidades,CONTRATADO,FEMENINO,6998
2021,7,Municipalidades,CONTRATADO,MASCULINO,11399
2021,7,Municipalidades,PERMANENTE,FEMENINO,2659
2021,7,Municipalidades,PERMANENTE,MASCULINO,4732
2021,7,Otros organismos,CONTRATADO,FEMENINO,282
2021,7,Otros organismos,CONTRATADO,MASCULINO,305
2021,7,Otros organismos,PERMANENTE,FEMENINO,1571
2021,7,Otros organismos,PERMANENTE,MASCULINO,2225
2021,7,Poder Judicial,CONTRATADO,FEMENINO,2037
2021,7,Poder Judicial,CONTRATADO,MASCULINO,1837
2021,7,Poder Judicial,PERMANENTE,FEMENINO,12756
2021,7,Poder Judicial,PERMANENTE,MASCULINO,10577
2021,7,Poder Legislativo,CONTRATADO,FEMENINO,377
2021,7,Poder Legislativo,CONTRATADO,MASCULINO,606
2021,7,Poder Legislativo,PERMANENTE,FEMENINO,1182
2021,7,Poder Legislativo,PERMANENTE,MASCULINO,1559
2021,7,SA del Estado,CONTRATADO,FEMENINO,114
2021,7,SA del Estado,CONTRATADO,MASCULINO,225
2021,7,SA del Estado,PERMANENTE,FEMENINO,1621
2021,7,SA del Estado,PERMANENTE,MASCULINO,4056
2021,7,Salud,CONTRATADO,FEMENINO,27720
2021,7,Salud,CONTRATADO,MASCULINO,13801
2021,7,Salud,PERMANENTE,FEMENINO,26162
2021,7,Salud,PERMANENTE,MASCULINO,12996
2021,7,Servicio civil del Ejecutivo,CONTRATADO,FEMENINO,4058
2021,7,Servicio civil del Ejecutivo,CONTRATADO,MASCULINO,4494
2021,7,Servicio civil del Ejecutivo,PERMANENTE,FEMENINO,6197
2021,7,Servicio civil del Ejecutivo,PERMANENTE,MASCULINO,9301
2021,8,Educación,CONTRATADO,FEMENINO,1129
2021,8,Educación,CONTRATADO,MASCULINO,1165
2021,8,Educación,PERMANENTE,FEMENINO,66020
2021,8,Educación,PERMANENTE,MASCULINO,34965
2021,8,Empresas públicas,CONTRATADO,FEMENINO,501
2021,8,Empresas públicas,CONTRATADO,MASCULINO,1571
2021,8,Empresas públicas,PERMANENTE,FEMENINO,1909
2021,8,Empresas públicas,PERMANENTE,MASCULINO,6245
2021,8,Entes autónomos y autárquicos,CONTRATADO,FEMENINO,712
2021,8,Entes autónomos y autárquicos,CONTRATADO,MASCULINO,929
2021,8,Entes autónomos y autárquicos,PERMANENTE,FEMENINO,2770
2021,8,Entes autónomos y autárquicos,PERMANENTE,MASCULINO,4542
2021,8,Fuerzas públicas,CONTRATADO,FEMENINO,210
2021,8,Fuerzas públicas,CONTRATADO,MASCULINO,221
2021,8,Fuerzas públicas,PERMANENTE,FEMENINO,7743
2021,8,Fuerzas públicas,PERMANENTE,MASCULINO,43432
2021,8,Gobiernos departamentales,CONTRATADO,FEMENINO,394
2021,8,Gobiernos departamentales,CONTRATADO,MASCULINO,665
2021,8,Gobiernos departamentales,PERMANENTE,FEMENINO,423
2021,8,Gobiernos departamentales,PERMANENTE,MASCULINO,833
2021,8,Municipalidades,CONTRATADO,FEMENINO,7128
2021,8,Municipalidades,CONTRATADO,MASCULINO,11539
2021,8,Municipalidades,PERMANENTE,FEMENINO,2640
2021,8,Municipalidades,PERMANENTE,MASCULINO,4705
2021,8,Otros organismos,CONTRATADO,FEMENINO,277
2021,8,Otros organismos,CONTRATADO,MASCULINO,304
2021,8,Otros organismos,PERMANENTE,FEMENINO,1583
2021,8,Otros organismos,PERMANENTE,MASCULINO,2226
2021,8,Poder Judicial,CONTRATADO,FEMENINO,2004
2021,8,Poder Judicial,CONTRATADO,MASCULINO,1829
2021,8,Poder Judicial,PERMANENTE,FEMENINO,12763
2021,8,Poder Judicial,PERMANENTE,MASCULINO,10590
2021,8,Poder Legislativo,CONTRATADO,FEMENINO,378
2021,8,Poder Legislativo,CONTRATADO,MASCULINO,605
2021,8,Poder Legislativo,PERMANENTE,FEMENINO,1182
2021,8,Poder Legislativo,PERMANENTE,MASCULINO,1555
2021,8,SA del Estado,CONTRATADO,FEMENINO,115
2021,8,SA del Estado,CONTRATADO,MASCULINO,233
2021,8,SA del Estado,PERMANENTE,FEMENINO,1605
2021,8,SA del Estado,PERMANENTE,MASCULINO,3779
2021,8,Salud,CONTRATADO,FEMENINO,27903
2021,8,Salud,CONTRATADO,MASCULINO,13913
2021,8,Salud,PERMANENTE,FEMENINO,26061
2021,8,Salud,PERMANENTE,MASCULINO,12936
2021,8,Servicio civil del Ejecutivo,CONTRATADO,FEMENINO,4123
2021,8,Servicio civil del Ejecutivo,CONTRATADO,MASCULINO,4566
2021,8,Servicio civil del Ejecutivo,PERMANENTE,FEMENINO,6184
2021,8,Servicio civil del Ejecutivo,PERMANENTE,MASCULINO,9277
2021,9,Educación,CONTRATADO,FEMENINO,1164
2021,9,Educación,CONTRATADO,MASCULINO,1179
2021,9,Educación,PERMANENTE,FEMENINO,65790
2021,9,Educación,PERMANENTE,MASCULINO,34646
2021,9,Empresas públicas,CONTRATADO,FEMENINO,502
2021,9,Empresas públicas,CONTRATADO,MASCULINO,1570
2021,9,Empresas públicas,PERMANENTE,FEMENINO,1906
2021,9,Empresas públicas,PERMANENTE,MASCULINO,6226
2021,9,Entes autónomos y autárquicos,CONTRATADO,FEMENINO,754
2021,9,Entes autónomos y autárquicos,CONTRATADO,MASCULINO,956
2021,9,Entes autónomos y autárquicos,PERMANENTE,FEMENINO,2767
2021,9,Entes autónomos y autárquicos,PERMANENTE,MASCULINO,4533
2021,9,Fuerzas públicas,CONTRATADO,FEMENINO,209
2021,9,Fuerzas públicas,CONTRATADO,MASCULINO,211
2021,9,Fuerzas públicas,PERMANENTE,FEMENINO,7728
2021,9,Fuerzas públicas,PERMANENTE,MASCULINO,43650
2021,9,Gobiernos departamentales,CONTRATADO,FEMENINO,387
2021,9,Gobiernos departamentales,CONTRATADO,MASCULINO,665
2021,9,Gobiernos departamentales,PERMANENTE,FEMENINO,427
2021,9,Gobiernos departamentales,PERMANENTE,MASCULINO,840
2021,9,Municipalidades,CONTRATADO,FEMENINO,7377
2021,9,Municipalidades,CONTRATADO,MASCULINO,11792
2021,9,Municipalidades,PERMANENTE,FEMENINO,2674
2021,9,Municipalidades,PERMANENTE,MASCULINO,4730
2021,9,Otros organismos,CONTRATADO,FEMENINO,269
2021,9,Otros organismos,CONTRATADO,MASCULINO,301
2021,9,Otros organismos,PERMANENTE,FEMENINO,1632
2021,9,Otros organismos,PERMANENTE,MASCULINO,2271
2021,9,Poder Judicial,CONTRATADO,FEMENINO,2015
2021,9,Poder Judicial,CONTRATADO,MASCULINO,1814
2021,9,Poder Judicial,PERMANENTE,FEMENINO,12766
2021,9,Poder Judicial,PERMANENTE,MASCULINO,10573
2021,9,Poder Legislativo,CONTRATADO,FEMENINO,395
2021,9,Poder Legislativo,CONTRATADO,MASCULINO,616
2021,9,Poder Legislativo,PERMANENTE,FEMENINO,1180
2021,9,Poder Legislativo,PERMANENTE,MASCULINO,1555
2021,9,SA del Estado,CONTRATADO,FEMENINO,114
2021,9,SA del Estado,CONTRATADO,MASCULINO,230
2021,9,SA del Estado,PERMANENTE,FEMENINO,1606
2021,9,SA del Estado,PERMANENTE,MASCULINO,4028
2021,9,Salud,CONTRATADO,FEMENINO,28065
2021,9,Salud,CONTRATADO,MASCULINO,13993
2021,9,Salud,PERMANENTE,FEMENINO,26026
2021,9,Salud,PERMANENTE,MASCULINO,12929
2021,9,Servicio civil del Ejecutivo,CONTRATADO,FEMENINO,4136
2021,9,Servicio civil del Ejecutivo,CONTRATADO,MASCULINO,4566
2021,9,Servicio civil del Ejecutivo,PERMANENTE,FEMENINO,6181
2021,9,Servicio civil del Ejecutivo,PERMANENTE,MASCULINO,9263
2021,10,Educación,CONTRATADO,FEMENINO,1109
2021,10,Educación,CONTRATADO,MASCULINO,1128
2021,10,Educación,PERMANENTE,FEMENINO,65797
2021,10,Educación,PERMANENTE,MASCULINO,34616
2021,10,Empresas públicas,CONTRATADO,FEMENINO,505
2021,10,Empresas públicas,CONTRATADO,MASCULINO,1571
2021,10,Empresas públicas,PERMANENTE,FEMENINO,1903
2021,10,Empresas públicas,PERMANENTE,MASCULINO,6204
2021,10,Entes autónomos y autárquicos,CONTRATADO,FEMENINO,769
2021,10,Entes autónomos y autárquicos,CONTRATADO,MASCULINO,978
2021,10,Entes autónomos y autárquicos,PERMANENTE,FEMENINO,2764
2021,10,Entes autónomos y autárquicos,PERMANENTE,MASCULINO,4525
2021,10,Fuerzas públicas,CONTRATADO,FEMENINO,209
2021,10,Fuerzas públicas,CONTRATADO,MASCULINO,211
2021,10,Fuerzas públicas,PERMANENTE,FEMENINO,7707
2021,10,Fuerzas públicas,PERMANENTE,MASCULINO,43641
2021,10,Gobiernos departamentales,CONTRATADO,FEMENINO,387
2021,10,Gobiernos departamentales,CONTRATADO,MASCULINO,671
2021,10,Gobiernos departamentales,PERMANENTE,FEMENINO,427
2021,10,Gobiernos departamentales,PERMANENTE,MASCULINO,833
2021,10,Municipalidades,CONTRATADO,FEMENINO,6647
2021,10,Municipalidades,CONTRATADO,MASCULINO,10771
2021,10,Municipalidades,PERMANENTE,FEMENINO,2599
2021,10,Municipalidades,PERMANENTE,MASCULINO,4583
2021,10,Otros organismos,CONTRATADO,FEMENINO,272
2021,10,Otros organismos,CONTRATADO,MASCULINO,302
2021,10,Otros organismos,PERMANENTE,FEMENINO,1632
2021,10,Otros organismos,PERMANENTE,MASCULINO,2267
2021,10,Poder Judicial,CONTRATADO,FEMENINO,2030
2021,10,Poder Judicial,CONTRATADO,MASCULINO,1810
2021,10,Poder Judicial,PERMANENTE,FEMENINO,12759
2021,10,Poder Judicial,PERMANENTE,MASCULINO,10574
2021,10,Poder Legislativo,CONTRATADO,FEMENINO,398
2021,10,Poder Legislativo,CONTRATADO,MASCULINO,618
2021,10,Poder Legislativo,PERMANENTE,FEMENINO,1180
2021,10,Poder Legislativo,PERMANENTE,MASCULINO,1553
2021,10,SA del Estado,CONTRATADO,FEMENINO,115
2021,10,SA del Estado,CONTRATADO,MASCULINO,234
2021,10,SA del Estado,PERMANENTE,FEMENINO,1601
2021,10,SA del Estado,PERMANENTE,MASCULINO,4013
2021,10,Salud,CONTRATADO,FEMENINO,28280
2021,10,Salud,CONTRATADO,MASCULINO,14045
2021,10,Salud,PERMANENTE,FEMENINO,26034
2021,10,Salud,PERMANENTE,MASCULINO,12888
2021,10,Servicio civil del Ejecutivo,CONTRATADO,FEMENINO,4138
2021,10,Servicio civil del Ejecutivo,CONTRATADO,MASCULINO,4581
2021,10,Servicio civil del Ejecutivo,PERMANENTE,FEMENINO,6176
2021,10,Servicio civil del Ejecutivo,PERMANENTE,MASCULINO,9251
2021,11,Educación,CONTRATADO,FEMENINO,1094
2021,11,Educación,CONTRATADO,MASCULINO,1126
2021,11,Educación,PERMANENTE,FEMENINO,65840
2021,11,Educación,PERMANENTE,MASCULINO,34629
2021,11,Empresas públicas,CONTRATADO,FEMENINO,507
2021,11,Empresas públicas,CONTRATADO,MASCULINO,1587
2021,11,Empresas públicas,PERMANENTE,FEMENINO,1901
2021,11,Empresas públicas,PERMANENTE,MASCULINO,6190
2021,11,Entes autónomos y autárquicos,CONTRATADO,FEMENINO,763
2021,11,Entes autónomos y autárquicos,CONTRATADO,MASCULINO,976
2021,11,Entes autónomos y autárquicos,PERMANENTE,FEMENINO,2765
2021,11,Entes autónomos y autárquicos,PERMANENTE,MASCULINO,4513
2021,11,Fuerzas públicas,CONTRATADO,FEMENINO,209
2021,11,Fuerzas públicas,CONTRATADO,MASCULINO,211
2021,11,Fuerzas públicas,PERMANENTE,FEMENINO,7682
2021,11,Fuerzas públicas,PERMANENTE,MASCULINO,43481
2021,11,Gobiernos departamentales,CONTRATADO,FEMENINO,360
2021,11,Gobiernos departamentales,CONTRATADO,MASCULINO,593
2021,11,Gobiernos departamentales,PERMANENTE,FEMENINO,350
2021,11,Gobiernos departamentales,PERMANENTE,MASCULINO,685
2021,11,Municipalidades,CONTRATADO,FEMENINO,6556
2021,11,Municipalidades,CONTRATADO,MASCULINO,10662
2021,11,Municipalidades,PERMANENTE,FEMENINO,2606
2021,11,Municipalidades,PERMANENTE,MASCULINO,4653
2021,11,Otros organismos,CONTRATADO,FEMENINO,291
2021,11,Otros organismos,CONTRATADO,MASCULINO,305
2021,11,Otros organismos,PERMANENTE,FEMENINO,1633
2021,11,Otros organismos,PERMANENTE,MASCULINO,2251
2021,11,Poder Judicial,CONTRATADO,FEMENINO,1980
2021,11,Poder Judicial,CONTRATADO,MASCULINO,1780
2021,11,Poder Judicial,PERMANENTE,FEMENINO,12773
2021,11,Poder Judicial,PERMANENTE,MASCULINO,10574
2021,11,Poder Legislativo,CONTRATADO,FEMENINO,403
2021,11,Poder Legislativo,CONTRATADO,MASCULINO,613
2021,11,Poder Legislativo,PERMANENTE,FEMENINO,1177
2021,11,Poder Legislativo,PERMANENTE,MASCULINO,1549
2021,11,SA del Estado,CONTRATADO,FEMENINO,117
2021,11,SA del Estado,CONTRATADO,MASCULINO,232
2021,11,SA del Estado,PERMANENTE,FEMENINO,1594
2021,11,SA del Estado,PERMANENTE,MASCULINO,4038
2021,11,Salud,CONTRATADO,FEMENINO,28808
2021,11,Salud,CONTRATADO,MASCULINO,14235
2021,11,Salud,PERMANENTE,FEMENINO,25999
2021,11,Salud,PERMANENTE,MASCULINO,12869
2021,11,Servicio civil del Ejecutivo,CONTRATADO,FEMENINO,4131
2021,11,Servicio civil del Ejecutivo,CONTRATADO,MASCULINO,4551
2021,11,Servicio civil del Ejecutivo,PERMANENTE,FEMENINO,6165
2021,11,Servicio civil del Ejecutivo,PERMANENTE,MASCULINO,9226
2021,12,Educación,CONTRATADO,FEMENINO,1302
2021,12,Educación,CONTRATADO,MASCULINO,1312
2021,12,Educación,PERMANENTE,FEMENINO,65966
2021,12,Educación,PERMANENTE,MASCULINO,34721
2021,12,Empresas públicas,CONTRATADO,FEMENINO,503
2021,12,Empresas públicas,CONTRATADO,MASCULINO,1566
2021,12,Empresas públicas,PERMANENTE,FEMENINO,1897
2021,12,Empresas públicas,PERMANENTE,MASCULINO,6197
2021,12,Entes autónomos y autárquicos,CONTRATADO,FEMENINO,751
2021,12,Entes autónomos y autárquicos,CONTRATADO,MASCULINO,976
2021,12,Entes autónomos y autárquicos,PERMANENTE,FEMENINO,2770
2021,12,Entes autónomos y autárquicos,PERMANENTE,MASCULINO,4504
2021,12,Fuerzas públicas,CONTRATADO,FEMENINO,209
2021,12,Fuerzas públicas,CONTRATADO,MASCULINO,211
2021,12,Fuerzas públicas,PERMANENTE,FEMENINO,7670
2021,12,Fuerzas públicas,PERMANENTE,MASCULINO,43424
2021,12,Gobiernos departamentales,CONTRATADO,FEMENINO,372
2021,12,Gobiernos departamentales,CONTRATADO,MASCULINO,602
2021,12,Gobiernos departamentales,PERMANENTE,FEMENINO,348
2021,12,Gobiernos departamentales,PERMANENTE,MASCULINO,690
2021,12,Municipalidades,CONTRATADO,FEMENINO,6415
2021,12,Municipalidades,CONTRATADO,MASCULINO,10547
2021,12,Municipalidades,PERMANENTE,FEMENINO,2654
2021,12,Municipalidades,PERMANENTE,MASCULINO,4705
2021,12,Otros organismos,CONTRATADO,FEMENINO,320
2021,12,Otros organismos,CONTRATADO,MASCULINO,337
2021,12,Otros organismos,PERMANENTE,FEMENINO,1630
2021,12,Otros organismos,PERMANENTE,MASCULINO,2240
2021,12,Poder Judicial,CONTRATADO,FEMENINO,1927
2021,12,Poder Judicial,CONTRATADO,MASCULINO,1724
2021,12,Poder Judicial,PERMANENTE,FEMENINO,12769
2021,12,Poder Judicial,PERMANENTE,MASCULINO,10562
2021,12,Poder Legislativo,CONTRATADO,FEMENINO,402
2021,12,Poder Legislativo,CONTRATADO,MASCULINO,612
2021,12,Poder Legislativo,PERMANENTE,FEMENINO,1175
2021,12,Poder Legislativo,PERMANENTE,MASCULINO,1548
2021,12,SA del Estado,CONTRATADO,FEMENINO,106
2021,12,SA del Estado,CONTRATADO,MASCULINO,227
2021,12,SA del Estado,PERMANENTE,FEMENINO,504
2021,12,SA del Estado,PERMANENTE,MASCULINO,1646
2021,12,Salud,CONTRATADO,FEMENINO,29111
2021,12,Salud,CONTRATADO,MASCULINO,14267
2021,12,Salud,PERMANENTE,FEMENINO,25970
2021,12,Salud,PERMANENTE,MASCULINO,12846
2021,12,Servicio civil del Ejecutivo,CONTRATADO,FEMENINO,3904
2021,12,Servicio civil del Ejecutivo,CONTRATADO,MASCULINO,4358
2021,12,Servicio civil del Ejecutivo,PERMANENTE,FEMENINO,6156
2021,12,Servicio civil del Ejecutivo,PERMANENTE,MASCULINO,9213
2022,1,Educación,CONTRATADO,FEMENINO,760
2022,1,Educación,CONTRATADO,MASCULINO,777
2022,1,Educación,PERMANENTE,FEMENINO,64163
2022,1,Educación,PERMANENTE,MASCULINO,33967
2022,1,Empresas públicas,CONTRATADO,FEMENINO,478
2022,1,Empresas públicas,CONTRATADO,MASCULINO,1423
2022,1,Empresas públicas,PERMANENTE,FEMENINO,1896
2022,1,Empresas públicas,PERMANENTE,MASCULINO,6183
2022,1,Entes autónomos y autárquicos,CONTRATADO,FEMENINO,523
2022,1,Entes autónomos y autárquicos,CONTRATADO,MASCULINO,734
2022,1,Entes autónomos y autárquicos,PERMANENTE,FEMENINO,2749
2022,1,Entes autónomos y autárquicos,PERMANENTE,MASCULINO,4467
2022,1,Fuerzas públicas,CONTRATADO,FEMENINO,170
2022,1,Fuerzas públicas,CONTRATADO,MASCULINO,140
2022,1,Fuerzas públicas,PERMANENTE,FEMENINO,7590
2022,1,Fuerzas públicas,PERMANENTE,MASCULINO,41794
2022,1,Gobiernos departamentales,CONTRATADO,FEMENINO,402
2022,1,Gobiernos departamentales,CONTRATADO,MASCULINO,637
2022,1,Gobiernos departamentales,PERMANENTE,FEMENINO,426
2022,1,Gobiernos departamentales,PERMANENTE,MASCULINO,835
2022,1,Municipalidades,CONTRATADO,FEMENINO,6454
2022,1,Municipalidades,CONTRATADO,MASCULINO,10632
2022,1,Municipalidades,PERMANENTE,FEMENINO,2717
2022,1,Municipalidades,PERMANENTE,MASCULINO,4755
2022,1,Otros organismos,CONTRATADO,FEMENINO,320
2022,1,Otros organismos,CONTRATADO,MASCULINO,339
2022,1,Otros organismos,PERMANENTE,FEMENINO,1624
2022,1,Otros organismos,PERMANENTE,MASCULINO,2216
2022,1,Poder Judicial,CONTRATADO,FEMENINO,2326
2022,1,Poder Judicial,CONTRATADO,MASCULINO,2011
2022,1,Poder Judicial,PERMANENTE,FEMENINO,12776
2022,1,Poder Judicial,PERMANENTE,MASCULINO,10542
2022,1,Poder Legislativo,CONTRATADO,FEMENINO,387
2022,1,Poder Legislativo,CONTRATADO,MASCULINO,570
2022,1,Poder Legislativo,PERMANENTE,FEMENINO,1179
2022,1,Poder Legislativo,PERMANENTE,MASCULINO,1550
2022,1,SA del Estado,CONTRATADO,FEMENINO,90
2022,1,SA del Estado,CONTRATADO,MASCULINO,147
2022,1,SA del Estado,PERMANENTE,FEMENINO,1592
2022,1,SA del Estado,PERMANENTE,MASCULINO,4013
2022,1,Salud,CONTRATADO,FEMENINO,28767
2022,1,Salud,CONTRATADO,MASCULINO,14186
2022,1,Salud,PERMANENTE,FEMENINO,26049
2022,1,Salud,PERMANENTE,MASCULINO,12888
2022,1,Servicio civil del Ejecutivo,CONTRATADO,FEMENINO,3311
2022,1,Servicio civil del Ejecutivo,CONTRATADO,MASCULINO,3857
2022,1,Servicio civil del Ejecutivo,PERMANENTE,FEMENINO,6135
2022,1,Servicio civil del Ejecutivo,PERMANENTE,MASCULINO,9192
2022,2,Educación,CONTRATADO,FEMENINO,909
2022,2,Educación,CONTRATADO,MASCULINO,910
2022,2,Educación,PERMANENTE,FEMENINO,64357
2022,2,Educación,PERMANENTE,MASCULINO,34003
2022,2,Empresas públicas,CONTRATADO,FEMENINO,414
2022,2,Empresas públicas,CONTRATADO,MASCULINO,1158
2022,2,Empresas públicas,PERMANENTE,FEMENINO,1964
2022,2,Empresas públicas,PERMANENTE,MASCULINO,6434
2022,2,Entes autónomos y autárquicos,CONTRATADO,FEMENINO,688
2022,2,Entes autónomos y autárquicos,CONTRATADO,MASCULINO,917
2022,2,Entes autónomos y autárquicos,PERMANENTE,FEMENINO,2732
2022,2,Entes autónomos y autárquicos,PERMANENTE,MASCULINO,4430
2022,2,Fuerzas públicas,CONTRATADO,FEMENINO,170
2022,2,Fuerzas públicas,CONTRATADO,MASCULINO,139
2022,2,Fuerzas públicas,PERMANENTE,FEMENINO,7589
2022,2,Fuerzas públicas,PERMANENTE,MASCULINO,41956
2022,2,Gobiernos departamentales,CONTRATADO,FEMENINO,422
2022,2,Gobiernos departamentales,CONTRATADO,MASCULINO,661
2022,2,Gobiernos departamentales,PERMANENTE,FEMENINO,425
2022,2,Gobiernos departamentales,PERMANENTE,MASCULINO,841
2022,2,Municipalidades,CONTRATADO,FEMENINO,7245
2022,2,Municipalidades,CONTRATADO,MASCULINO,11570
2022,2,Municipalidades,PERMANENTE,FEMENINO,2745
2022,2,Municipalidades,PERMANENTE,MASCULINO,4859
2022,2,Otros organismos,CONTRATADO,FEMENINO,346
2022,2,Otros organismos,CONTRATADO,MASCULINO,357
2022,2,Otros organismos,PERMANENTE,FEMENINO,1629
2022,2,Otros organismos,PERMANENTE,MASCULINO,2228
2022,2,Poder Judicial,CONTRATADO,FEMENINO,2216
2022,2,Poder Judicial,CONTRATADO,MASCULINO,1868
2022,2,Poder Judicial,PERMANENTE,FEMENINO,12772
2022,2,Poder Judicial,PERMANENTE,MASCULINO,10541
2022,2,Poder Legislativo,CONTRATADO,FEMENINO,381
2022,2,Poder Legislativo,CONTRATADO,MASCULINO,574
2022,2,Poder Legislativo,PERMANENTE,FEMENINO,1205
2022,2,Poder Legislativo,PERMANENTE,MASCULINO,1570
2022,2,SA del Estado,CONTRATADO,FEMENINO,113
2022,2,SA del Estado,CONTRATADO,MASCULINO,221
2022,2,SA del Estado,PERMANENTE,FEMENINO,1666
2022,2,SA del Estado,PERMANENTE,MASCULINO,4078
2022,2,Salud,CONTRATADO,FEMENINO,28669
2022,2,Salud,CONTRATADO,MASCULINO,14130
2022,2,Salud,PERMANENTE,FEMENINO,25986
2022,2,Salud,PERMANENTE,MASCULINO,12856
2022,2,Servicio civil del Ejecutivo,CONTRATADO,FEMENINO,3724
2022,2,Servicio civil del Ejecutivo,CONTRATADO,MASCULINO,4311
2022,2,Servicio civil del Ejecutivo,PERMANENTE,FEMENINO,6132
2022,2,Servicio civil del Ejecutivo,PERMANENTE,MASCULINO,9206
2022,3,Educación,CONTRATADO,FEMENINO,1032
2022,3,Educación,CONTRATADO,MASCULINO,1017
2022,3,Educación,PERMANENTE,FEMENINO,65034
2022,3,Educación,PERMANENTE,MASCULINO,34270
2022,3,Empresas públicas,CONTRATADO,FEMENINO,420
2022,3,Empresas públicas,CONTRATADO,MASCULINO,1229
2022,3,Empresas públicas,PERMANENTE,FEMENINO,1978
2022,3,Empresas públicas,PERMANENTE,MASCULINO,6444
2022,3,Entes autónomos y autárquicos,CONTRATADO,FEMENINO,693
2022,3,Entes autónomos y autárquicos,CONTRATADO,MASCULINO,937
2022,3,Entes autónomos y autárquicos,PERMANENTE,FEMENINO,2732
2022,3,Entes autónomos y autárquicos,PERMANENTE,MASCULINO,4428
2022,3,Fuerzas públicas,CONTRATADO,FEMENINO,173
2022,3,Fuerzas públicas,CONTRATADO,MASCULINO,154
2022,3,Fuerzas públicas,PERMANENTE,FEMENINO,7652
2022,3,Fuerzas públicas,PERMANENTE,MASCULINO,43340
2022,3,Gobiernos departamentales,CONTRATADO,FEMENINO,425
2022,3,Gobiernos departamentales,CONTRATADO,MASCULINO,660
2022,3,Gobiernos departamentales,PERMANENTE,FEMENINO,421
2022,3,Gobiernos departamentales,PERMANENTE,MASCULINO,841
2022,3,Municipalidades,CONTRATADO,FEMENINO,7696
2022,3,Municipalidades,CONTRATADO,MASCULINO,11929
2022,3,Municipalidades,PERMANENTE,FEMENINO,2765
2022,3,Municipalidades,PERMANENTE,MASCULINO,4884
2022,3,Otros organismos,CONTRATADO,FEMENINO,347
2022,3,Otros organismos,CONTRATADO,MASCULINO,357
2022,3,Otros organismos,PERMANENTE,FEMENINO,1627
2022,3,Otros organismos,PERMANENTE,MASCULINO,2221
2022,3,Poder Judicial,CONTRATADO,FEMENINO,2239
2022,3,Poder Judicial,CONTRATADO,MASCULINO,1915
2022,3,Poder Judicial,PERMANENTE,FEMENINO,12807
2022,3,Poder Judicial,PERMANENTE,MASCULINO,10570
2022,3,Poder Legislativo,CONTRATADO,FEMENINO,376
2022,3,Poder Legislativo,CONTRATADO,MASCULINO,563
2022,3,Poder Legislativo,PERMANENTE,FEMENINO,1212
2022,3,Poder Legislativo,PERMANENTE,MASCULINO,1582
2022,3,SA del Estado,CONTRATADO,FEMENINO,119
2022,3,SA del Estado,CONTRATADO,MASCULINO,243
2022,3,SA del Estado,PERMANENTE,FEMENINO,1662
2022,3,SA del Estado,PERMANENTE,MASCULINO,4074
2022,3,Salud,CONTRATADO,FEMENINO,29577
2022,3,Salud,CONTRATADO,MASCULINO,14459
2022,3,Salud,PERMANENTE,FEMENINO,25937
2022,3,Salud,PERMANENTE,MASCULINO,12833
2022,3,Servicio civil del Ejecutivo,CONTRATADO,FEMENINO,4035
2022,3,Servicio civil del Ejecutivo,CONTRATADO,MASCULINO,4465
2022,3,Servicio civil del Ejecutivo,PERMANENTE,FEMENINO,6117
2022,3,Servicio civil del Ejecutivo,PERMANENTE,MASCULINO,9187
2022,4,Educación,CONTRATADO,FEMENINO,1010
2022,4,Educación,CONTRATADO,MASCULINO,984
2022,4,Educación,PERMANENTE,FEMENINO,65447
2022,4,Educación,PERMANENTE,MASCULINO,34398
2022,4,Empresas públicas,CONTRATADO,FEMENINO,420
2022,4,Empresas públicas,CONTRATADO,MASCULINO,1243
2022,4,Empresas públicas,PERMANENTE,FEMENINO,1976
2022,4,Empresas públicas,PERMANENTE,MASCULINO,6423
2022,4,Entes autónomos y autárquicos,CONTRATADO,FEMENINO,751
2022,4,Entes autónomos y autárquicos,CONTRATADO,MASCULINO,1064
2022,4,Entes autónomos y autárquicos,PERMANENTE,FEMENINO,2774
2022,4,Entes autónomos y autárquicos,PERMANENTE,MASCULINO,4452
2022,4,Fuerzas públicas,CONTRATADO,FEMENINO,194
2022,4,Fuerzas públicas,CONTRATADO,MASCULINO,172
2022,4,Fuerzas públicas,PERMANENTE,FEMENINO,7846
2022,4,Fuerzas públicas,PERMANENTE,MASCULINO,44727
2022,4,Gobiernos departamentales,CONTRATADO,FEMENINO,427
2022,4,Gobiernos departamentales,CONTRATADO,MASCULINO,657
2022,4,Gobiernos departamentales,PERMANENTE,FEMENINO,422
2022,4,Gobiernos departamentales,PERMANENTE,MASCULINO,841
2022,4,Municipalidades,CONTRATADO,FEMENINO,7999
2022,4,Municipalidades,CONTRATADO,MASCULINO,12174
2022,4,Municipalidades,PERMANENTE,FEMENINO,2769
2022,4,Municipalidades,PERMANENTE,MASCULINO,4885
2022,4,Otros organismos,CONTRATADO,FEMENINO,349
2022,4,Otros organismos,CONTRATADO,MASCULINO,359
2022,4,Otros organismos,PERMANENTE,FEMENINO,1629
2022,4,Otros organismos,PERMANENTE,MASCULINO,2223
2022,4,Poder Judicial,CONTRATADO,FEMENINO,2282
2022,4,Poder Judicial,CONTRATADO,MASCULINO,1996
2022,4,Poder Judicial,PERMANENTE,FEMENINO,12809
2022,4,Poder Judicial,PERMANENTE,MASCULINO,10581
2022,4,Poder Legislativo,CONTRATADO,FEMENINO,398
2022,4,Poder Legislativo,CONTRATADO,MASCULINO,604
2022,4,Poder Legislativo,PERMANENTE,FEMENINO,1220
2022,4,Poder Legislativo,PERMANENTE,MASCULINO,1583
2022,4,SA del Estado,CONTRATADO,FEMENINO,122
2022,4,SA del Estado,CONTRATADO,MASCULINO,250
2022,4,SA del Estado,PERMANENTE,FEMENINO,1668
2022,4,SA del Estado,PERMANENTE,MASCULINO,4063
2022,4,Salud,CONTRATADO,FEMENINO,29706
2022,4,Salud,CONTRATADO,MASCULINO,14591
2022,4,Salud,PERMANENTE,FEMENINO,25888
2022,4,Salud,PERMANENTE,MASCULINO,12805
2022,4,Servicio civil del Ejecutivo,CONTRATADO,FEMENINO,4038
2022,4,Servicio civil del Ejecutivo,CONTRATADO,MASCULINO,4485
2022,4,Servicio civil del Ejecutivo,PERMANENTE,FEMENINO,6106
2022,4,Servicio civil del Ejecutivo,PERMANENTE,MASCULINO,9167
2022,5,Educación,CONTRATADO,FEMENINO,1053
2022,5,Educación,CONTRATADO,MASCULINO,1065
2022,5,Educación,PERMANENTE,FEMENINO,65895
2022,5,Educación,PERMANENTE,MASCULINO,34558
2022,5,Empresas públicas,CONTRATADO,FEMENINO,411
2022,5,Empresas públicas,CONTRATADO,MASCULINO,1271
2022,5,Empresas públicas,PERMANENTE,FEMENINO,1983
2022,5,Empresas públicas,PERMANENTE,MASCULINO,6395
2022,5,Entes autónomos y autárquicos,CONTRATADO,FEMENINO,819
2022,5,Entes autónomos y autárquicos,CONTRATADO,MASCULINO,1147
2022,5,Entes autónomos y autárquicos,PERMANENTE,FEMENINO,2769
2022,5,Entes autónomos y autárquicos,PERMANENTE,MASCULINO,4456
2022,5,Fuerzas públicas,CONTRATADO,FEMENINO,194
2022,5,Fuerzas públicas,CONTRATADO,MASCULINO,172
2022,5,Fuerzas públicas,PERMANENTE,FEMENINO,7845
2022,5,Fuerzas públicas,PERMANENTE,MASCULINO,44741
2022,5,Gobiernos departamentales,CONTRATADO,FEMENINO,426
2022,5,Gobiernos departamentales,CONTRATADO,MASCULINO,649
2022,5,Gobiernos departamentales,PERMANENTE,FEMENINO,422
2022,5,Gobiernos departamentales,PERMANENTE,MASCULINO,834
2022,5,Municipalidades,CONTRATADO,FEMENINO,7846
2022,5,Municipalidades,CONTRATADO,MASCULINO,12175
2022,5,Municipalidades,PERMANENTE,FEMENINO,2803
2022,5,Municipalidades,PERMANENTE,MASCULINO,4935
2022,5,Otros organismos,CONTRATADO,FEMENINO,330
2022,5,Otros organismos,CONTRATADO,MASCULINO,335
2022,5,Otros organismos,PERMANENTE,FEMENINO,1646
2022,5,Otros organismos,PERMANENTE,MASCULINO,2242
2022,5,Poder Judicial,CONTRATADO,FEMENINO,2274
2022,5,Poder Judicial,CONTRATADO,MASCULINO,1993
2022,5,Poder Judicial,PERMANENTE,FEMENINO,12817
2022,5,Poder Judicial,PERMANENTE,MASCULINO,10568
2022,5,Poder Legislativo,CONTRATADO,FEMENINO,391
2022,5,Poder Legislativo,CONTRATADO,MASCULINO,608
2022,5,Poder Legislativo,PERMANENTE,FEMENINO,1225
2022,5,Poder Legislativo,PERMANENTE,MASCULINO,1585
2022,5,SA del Estado,CONTRATADO,FEMENINO,126
2022,5,SA del Estado,CONTRATADO,MASCULINO,262
2022,5,SA del Estado,PERMANENTE,FEMENINO,1656
2022,5,SA del Estado,PERMANENTE,MASCULINO,3792
2022,5,Salud,CONTRATADO,FEMENINO,29770
2022,5,Salud,CONTRATADO,MASCULINO,14727
2022,5,Salud,PERMANENTE,FEMENINO,25859
2022,5,Salud,PERMANENTE,MASCULINO,12791
2022,5,Servicio civil del Ejecutivo,CONTRATADO,FEMENINO,4086
2022,5,Servicio civil del Ejecutivo,CONTRATADO,MASCULINO,4510
2022,5,Servicio civil del Ejecutivo,PERMANENTE,FEMENINO,6096
2022,5,Servicio civil del Ejecutivo,PERMANENTE,MASCULINO,9161
2022,6,Educación,CONTRATADO,FEMENINO,1154
2022,6,Educación,CONTRATADO,MASCULINO,1135
2022,6,Educación,PERMANENTE,FEMENINO,66073
2022,6,Educación,PERMANENTE,MASCULINO,34625
2022,6,Empresas públicas,CONTRATADO,FEMENINO,406
2022,6,Empresas públicas,CONTRATADO,MASCULINO,1278
2022,6,Empresas públicas,PERMANENTE,FEMENINO,1987
2022,6,Empresas públicas,PERMANENTE,MASCULINO,6382
2022,6,Entes autónomos y autárquicos,CONTRATADO,FEMENINO,930
2022,6,Entes autónomos y autárquicos,CONTRATADO,MASCULINO,1225
2022,6,Entes autónomos y autárquicos,PERMANENTE,FEMENINO,2577
2022,6,Entes autónomos y autárquicos,PERMANENTE,MASCULINO,4205
2022,6,Fuerzas públicas,CONTRATADO,FEMENINO,194
2022,6,Fuerzas públicas,CONTRATADO,MASCULINO,171
2022,6,Fuerzas públicas,PERMANENTE,FEMENINO,7828
2022,6,Fuerzas públicas,PERMANENTE,MASCULINO,44500
2022,6,Gobiernos departamentales,CONTRATADO,FEMENINO,409
2022,6,Gobiernos departamentales,CONTRATADO,MASCULINO,643
2022,6,Gobiernos departamentales,PERMANENTE,FEMENINO,427
2022,6,Gobiernos departamentales,PERMANENTE,MASCULINO,833
2022,6,Municipalidades,CONTRATADO,FEMENINO,8304
2022,6,Municipalidades,CONTRATADO,MASCULINO,12429
2022,6,Municipalidades,PERMANENTE,FEMENINO,2794
2022,6,Municipalidades,PERMANENTE,MASCULINO,4914
2022,6,Otros organismos,CONTRATADO,FEMENINO,328
2022,6,Otros organismos,CONTRATADO,MASCULINO,336
2022,6,Otros organismos,PERMANENTE,FEMENINO,1671
2022,6,Otros organismos,PERMANENTE,MASCULINO,2251
2022,6,Poder Judicial,CONTRATADO,FEMENINO,2271
2022,6,Poder Judicial,CONTRATADO,MASCULINO,2006
2022,6,Poder Judicial,PERMANENTE,FEMENINO,12815
2022,6,Poder Judicial,PERMANENTE,MASCULINO,10550
2022,6,Poder Legislativo,CONTRATADO,FEMENINO,398
2022,6,Poder Legislativo,CONTRATADO,MASCULINO,622
2022,6,Poder Legislativo,PERMANENTE,FEMENINO,1226
2022,6,Poder Legislativo,PERMANENTE,MASCULINO,1588
2022,6,SA del Estado,CONTRATADO,FEMENINO,131
2022,6,SA del Estado,CONTRATADO,MASCULINO,264
2022,6,SA del Estado,PERMANENTE,FEMENINO,1656
2022,6,SA del Estado,PERMANENTE,MASCULINO,4039
2022,6,Salud,CONTRATADO,FEMENINO,28537
2022,6,Salud,CONTRATADO,MASCULINO,14246
2022,6,Salud,PERMANENTE,FEMENINO,27653
2022,6,Salud,PERMANENTE,MASCULINO,13538
2022,6,Servicio civil del Ejecutivo,CONTRATADO,FEMENINO,4155
2022,6,Servicio civil del Ejecutivo,CONTRATADO,MASCULINO,4594
2022,6,Servicio civil del Ejecutivo,PERMANENTE,FEMENINO,6089
2022,6,Servicio civil del Ejecutivo,PERMANENTE,MASCULINO,9141
2022,7,Educación,CONTRATADO,FEMENINO,1199
2022,7,Educación,CONTRATADO,MASCULINO,1193
2022,7,Educación,PERMANENTE,FEMENINO,66165
2022,7,Educación,PERMANENTE,MASCULINO,34619
2022,7,Empresas públicas,CONTRATADO,FEMENINO,397
2022,7,Empresas públicas,CONTRATADO,MASCULINO,1170
2022,7,Empresas públicas,PERMANENTE,FEMENINO,1995
2022,7,Empresas públicas,PERMANENTE,MASCULINO,6487
2022,7,Entes autónomos y autárquicos,CONTRATADO,FEMENINO,938
2022,7,Entes autónomos y autárquicos,CONTRATADO,MASCULINO,1316
2022,7,Entes autónomos y autárquicos,PERMANENTE,FEMENINO,2647
2022,7,Entes autónomos y autárquicos,PERMANENTE,MASCULINO,4244
2022,7,Fuerzas públicas,CONTRATADO,FEMENINO,195
2022,7,Fuerzas públicas,CONTRATADO,MASCULINO,175
2022,7,Fuerzas públicas,PERMANENTE,FEMENINO,7816
2022,7,Fuerzas públicas,PERMANENTE,MASCULINO,43927
2022,7,Gobiernos departamentales,CONTRATADO,FEMENINO,406
2022,7,Gobiernos departamentales,CONTRATADO,MASCULINO,648
2022,7,Gobiernos departamentales,PERMANENTE,FEMENINO,427
2022,7,Gobiernos departamentales,PERMANENTE,MASCULINO,834
2022,7,Municipalidades,CONTRATADO,FEMENINO,8323
2022,7,Municipalidades,CONTRATADO,MASCULINO,12450
2022,7,Municipalidades,PERMANENTE,FEMENINO,2813
2022,7,Municipalidades,PERMANENTE,MASCULINO,4936
2022,7,Otros organismos,CONTRATADO,FEMENINO,320
2022,7,Otros organismos,CONTRATADO,MASCULINO,331
2022,7,Otros organismos,PERMANENTE,FEMENINO,1673
2022,7,Otros organismos,PERMANENTE,MASCULINO,2251
2022,7,Poder Judicial,CONTRATADO,FEMENINO,2162
2022,7,Poder Judicial,CONTRATADO,MASCULINO,1884
2022,7,Poder Judicial,PERMANENTE,FEMENINO,12834
2022,7,Poder Judicial,PERMANENTE,MASCULINO,10542
2022,7,Poder Legislativo,CONTRATADO,FEMENINO,401
2022,7,Poder Legislativo,CONTRATADO,MASCULINO,617
2022,7,Poder Legislativo,PERMANENTE,FEMENINO,1227
2022,7,Poder Legislativo,PERMANENTE,MASCULINO,1591
2022,7,SA del Estado,CONTRATADO,FEMENINO,139
2022,7,SA del Estado,CONTRATADO,MASCULINO,281
2022,7,SA del Estado,PERMANENTE,FEMENINO,1678
2022,7,SA del Estado,PERMANENTE,MASCULINO,4046
2022,7,Salud,CONTRATADO,FEMENINO,28144
2022,7,Salud,CONTRATADO,MASCULINO,14147
2022,7,Salud,PERMANENTE,FEMENINO,28154
2022,7,Salud,PERMANENTE,MASCULINO,13700
2022,7,Servicio civil del Ejecutivo,CONTRATADO,FEMENINO,4144
2022,7,Servicio civil del Ejecutivo,CONTRATADO,MASCULINO,4594
2022,7,Servicio civil del Ejecutivo,PERMANENTE,FEMENINO,6064
2022,7,Servicio civil del Ejecutivo,PERMANENTE,MASCULINO,9112
2022,8,Educación,CONTRATADO,FEMENINO,1212
2022,8,Educación,CONTRATADO,MASCULINO,1217
2022,8,Educación,PERMANENTE,FEMENINO,66411
2022,8,Educación,PERMANENTE,MASCULINO,34671
2022,8,Empresas públicas,CONTRATADO,FEMENINO,395
2022,8,Empresas públicas,CONTRATADO,MASCULINO,1129
2022,8,Empresas públicas,PERMANENTE,FEMENINO,2000
2022,8,Empresas públicas,PERMANENTE,MASCULINO,6584
2022,8,Entes autónomos y autárquicos,CONTRATADO,FEMENINO,882
2022,8,Entes autónomos y autárquicos,CONTRATADO,MASCULINO,1181
2022,8,Entes autónomos y autárquicos,PERMANENTE,FEMENINO,2632
2022,8,Entes autónomos y autárquicos,PERMANENTE,MASCULINO,4236
2022,8,Fuerzas públicas,CONTRATADO,FEMENINO,193
2022,8,Fuerzas públicas,CONTRATADO,MASCULINO,173
2022,8,Fuerzas públicas,PERMANENTE,FEMENINO,7842
2022,8,Fuerzas públicas,PERMANENTE,MASCULINO,44118
2022,8,Gobiernos departamentales,CONTRATADO,FEMENINO,398
2022,8,Gobiernos departamentales,CONTRATADO,MASCULINO,630
2022,8,Gobiernos departamentales,PERMANENTE,FEMENINO,430
2022,8,Gobiernos departamentales,PERMANENTE,MASCULINO,825
2022,8,Municipalidades,CONTRATADO,FEMENINO,8469
2022,8,Municipalidades,CONTRATADO,MASCULINO,12515
2022,8,Municipalidades,PERMANENTE,FEMENINO,2802
2022,8,Municipalidades,PERMANENTE,MASCULINO,4912
2022,8,Otros organismos,CONTRATADO,FEMENINO,306
2022,8,Otros organismos,CONTRATADO,MASCULINO,322
2022,8,Otros organismos,PERMANENTE,FEMENINO,1668
2022,8,Otros organismos,PERMANENTE,MASCULINO,2240
2022,8,Poder Judicial,CONTRATADO,FEMENINO,2148
2022,8,Poder Judicial,CONTRATADO,MASCULINO,1895
2022,8,Poder Judicial,PERMANENTE,FEMENINO,12830
2022,8,Poder Judicial,PERMANENTE,MASCULINO,10540
2022,8,Poder Legislativo,CONTRATADO,FEMENINO,402
2022,8,Poder Legislativo,CONTRATADO,MASCULINO,625
2022,8,Poder Legislativo,PERMANENTE,FEMENINO,1228
2022,8,Poder Legislativo,PERMANENTE,MASCULINO,1590
2022,8,SA del Estado,CONTRATADO,FEMENINO,142
2022,8,SA del Estado,CONTRATADO,MASCULINO,289
2022,8,SA del Estado,PERMANENTE,FEMENINO,1720
2022,8,SA del Estado,PERMANENTE,MASCULINO,4051
2022,8,Salud,CONTRATADO,FEMENINO,28440
2022,8,Salud,CONTRATADO,MASCULINO,14277
2022,8,Salud,PERMANENTE,FEMENINO,28086
2022,8,Salud,PERMANENTE,MASCULINO,13662
2022,8,Servicio civil del Ejecutivo,CONTRATADO,FEMENINO,4212
2022,8,Servicio civil del Ejecutivo,CONTRATADO,MASCULINO,4673
2022,8,Servicio civil del Ejecutivo,PERMANENTE,FEMENINO,6063
2022,8,Servicio civil del Ejecutivo,PERMANENTE,MASCULINO,9079
2022,9,Educación,CONTRATADO,FEMENINO,1169
2022,9,Educación,CONTRATADO,MASCULINO,1158
2022,9,Educación,PERMANENTE,FEMENINO,66031
2022,9,Educación,PERMANENTE,MASCULINO,34204
2022,9,Empresas públicas,CONTRATADO,FEMENINO,406
2022,9,Empresas públicas,CONTRATADO,MASCULINO,1145
2022,9,Empresas públicas,PERMANENTE,FEMENINO,1997
2022,9,Empresas públicas,PERMANENTE,MASCULINO,6588
2022,9,Entes autónomos y autárquicos,CONTRATADO,FEMENINO,986
2022,9,Entes autónomos y autárquicos,CONTRATADO,MASCULINO,1208
2022,9,Entes autónomos y autárquicos,PERMANENTE,FEMENINO,2624
2022,9,Entes autónomos y autárquicos,PERMANENTE,MASCULINO,4225
2022,9,Fuerzas públicas,CONTRATADO,FEMENINO,190
2022,9,Fuerzas públicas,CONTRATADO,MASCULINO,172
2022,9,Fuerzas públicas,PERMANENTE,FEMENINO,7838
2022,9,Fuerzas públicas,PERMANENTE,MASCULINO,44351
2022,9,Gobiernos departamentales,CONTRATADO,FEMENINO,414
2022,9,Gobiernos departamentales,CONTRATADO,MASCULINO,630
2022,9,Gobiernos departamentales,PERMANENTE,FEMENINO,430
2022,9,Gobiernos departamentales,PERMANENTE,MASCULINO,834
2022,9,Municipalidades,CONTRATADO,FEMENINO,8573
2022,9,Municipalidades,CONTRATADO,MASCULINO,12606
2022,9,Municipalidades,PERMANENTE,FEMENINO,2823
2022,9,Municipalidades,PERMANENTE,MASCULINO,4940
2022,9,Otros organismos,CONTRATADO,FEMENINO,319
2022,9,Otros organismos,CONTRATADO,MASCULINO,324
2022,9,Otros organismos,PERMANENTE,FEMENINO,1646
2022,9,Otros organismos,PERMANENTE,MASCULINO,2206
2022,9,Poder Judicial,CONTRATADO,FEMENINO,2273
2022,9,Poder Judicial,CONTRATADO,MASCULINO,1978
2022,9,Poder Judicial,PERMANENTE,FEMENINO,12851
2022,9,Poder Judicial,PERMANENTE,MASCULINO,10526
2022,9,Poder Legislativo,CONTRATADO,FEMENINO,394
2022,9,Poder Legislativo,CONTRATADO,MASCULINO,619
2022,9,Poder Legislativo,PERMANENTE,FEMENINO,1228
2022,9,Poder Legislativo,PERMANENTE,MASCULINO,1590
2022,9,SA del Estado,CONTRATADO,FEMENINO,136
2022,9,SA del Estado,CONTRATADO,MASCULINO,302
2022,9,SA del Estado,PERMANENTE,FEMENINO,1739
2022,9,SA del Estado,PERMANENTE,MASCULINO,4058
2022,9,Salud,CONTRATADO,FEMENINO,28501
2022,9,Salud,CONTRATADO,MASCULINO,14286
2022,9,Salud,PERMANENTE,FEMENINO,28039
2022,9,Salud,PERMANENTE,MASCULINO,13633
2022,9,Servicio civil del Ejecutivo,CONTRATADO,FEMENINO,4228
2022,9,Servicio civil del Ejecutivo,CONTRATADO,MASCULINO,4668
2022,9,Servicio civil del Ejecutivo,PERMANENTE,FEMENINO,6049
2022,9,Servicio civil del Ejecutivo,PERMANENTE,MASCULINO,9057
2022,10,Educación,CONTRATADO,FEMENINO,1154
2022,10,Educación,CONTRATADO,MASCULINO,1139
2022,10,Educación,PERMANENTE,FEMENINO,65975
2022,10,Educación,PERMANENTE,MASCULINO,34165
2022,10,Empresas públicas,CONTRATADO,FEMENINO,406
2022,10,Empresas públicas,CONTRATADO,MASCULINO,1155
2022,10,Empresas públicas,PERMANENTE,FEMENINO,1992
2022,10,Empresas públicas,PERMANENTE,MASCULINO,6575
2022,10,Entes autónomos y autárquicos,CONTRATADO,FEMENINO,941
2022,10,Entes autónomos y autárquicos,CONTRATADO,MASCULINO,1093
2022,10,Entes autónomos y autárquicos,PERMANENTE,FEMENINO,2622
2022,10,Entes autónomos y autárquicos,PERMANENTE,MASCULINO,4204
2022,10,Fuerzas públicas,CONTRATADO,FEMENINO,190
2022,10,Fuerzas públicas,CONTRATADO,MASCULINO,172
2022,10,Fuerzas públicas,PERMANENTE,FEMENINO,7826
2022,10,Fuerzas públicas,PERMANENTE,MASCULINO,44430
2022,10,Gobiernos departamentales,CONTRATADO,FEMENINO,365
2022,10,Gobiernos departamentales,CONTRATADO,MASCULINO,564
2022,10,Gobiernos departamentales,PERMANENTE,FEMENINO,383
2022,10,Gobiernos departamentales,PERMANENTE,MASCULINO,745
2022,10,Municipalidades,CONTRATADO,FEMENINO,8619
2022,10,Municipalidades,CONTRATADO,MASCULINO,12619
2022,10,Municipalidades,PERMANENTE,FEMENINO,2811
2022,10,Municipalidades,PERMANENTE,MASCULINO,4901
2022,10,Otros organismos,CONTRATADO,FEMENINO,316
2022,10,Otros organismos,CONTRATADO,MASCULINO,325
2022,10,Otros organismos,PERMANENTE,FEMENINO,1647
2022,10,Otros organismos,PERMANENTE,MASCULINO,2194
2022,10,Poder Judicial,CONTRATADO,FEMENINO,2182
2022,10,Poder Judicial,CONTRATADO,MASCULINO,1914
2022,10,Poder Judicial,PERMANENTE,FEMENINO,12871
2022,10,Poder Judicial,PERMANENTE,MASCULINO,10508
2022,10,Poder Legislativo,CONTRATADO,FEMENINO,402
2022,10,Poder Legislativo,CONTRATADO,MASCULINO,628
2022,10,Poder Legislativo,PERMANENTE,FEMENINO,1227
2022,10,Poder Legislativo,PERMANENTE,MASCULINO,1592
2022,10,SA del Estado,CONTRATADO,FEMENINO,141
2022,10,SA del Estado,CONTRATADO,MASCULINO,314
2022,10,SA del Estado,PERMANENTE,FEMENINO,1737
2022,10,SA del Estado,PERMANENTE,MASCULINO,3807
2022,10,Salud,CONTRATADO,FEMENINO,28516
2022,10,Salud,CONTRATADO,MASCULINO,14302
2022,10,Salud,PERMANENTE,FEMENINO,27974
2022,10,Salud,PERMANENTE,MASCULINO,13603
2022,10,Servicio civil del Ejecutivo,CONTRATADO,FEMENINO,4247
2022,10,Servicio civil del Ejecutivo,CONTRATADO,MASCULINO,4650
2022,10,Servicio civil del Ejecutivo,PERMANENTE,FEMENINO,6044
2022,10,Servicio civil del Ejecutivo,PERMANENTE,MASCULINO,9036
2022,11,Educación,CONTRATADO,FEMENINO,1209
2022,11,Educación,CONTRATADO,MASCULINO,1227
2022,11,Educación,PERMANENTE,FEMENINO,66015
2022,11,Educación,PERMANENTE,MASCULINO,34189
2022,11,Empresas públicas,CONTRATADO,FEMENINO,410
2022,11,Empresas públicas,CONTRATADO,MASCULINO,1158
2022,11,Empresas públicas,PERMANENTE,FEMENINO,1985
2022,11,Empresas públicas,PERMANENTE,MASCULINO,6498
2022,11,Entes autónomos y autárquicos,CONTRATADO,FEMENINO,1784
2022,11,Entes autónomos y autárquicos,CONTRATADO,MASCULINO,1743
2022,11,Entes autónomos y autárquicos,PERMANENTE,FEMENINO,2613
2022,11,Entes autónomos y autárquicos,PERMANENTE,MASCULINO,4196
2022,11,Fuerzas públicas,CONTRATADO,FEMENINO,193
2022,11,Fuerzas públicas,CONTRATADO,MASCULINO,173
2022,11,Fuerzas públicas,PERMANENTE,FEMENINO,7828
2022,11,Fuerzas públicas,PERMANENTE,MASCULINO,44335
2022,11,Gobiernos departamentales,CONTRATADO,FEMENINO,365
2022,11,Gobiernos departamentales,CONTRATADO,MASCULINO,565
2022,11,Gobiernos departamentales,PERMANENTE,FEMENINO,386
2022,11,Gobiernos departamentales,PERMANENTE,MASCULINO,742
2022,11,Municipalidades,CONTRATADO,FEMENINO,8265
2022,11,Municipalidades,CONTRATADO,MASCULINO,12280
2022,11,Municipalidades,PERMANENTE,FEMENINO,2796
2022,11,Municipalidades,PERMANENTE,MASCULINO,4858
2022,11,Otros organismos,CONTRATADO,FEMENINO,300
2022,11,Otros organismos,CONTRATADO,MASCULINO,309
2022,11,Otros organismos,PERMANENTE,FEMENINO,1658
2022,11,Otros organismos,PERMANENTE,MASCULINO,2206
2022,11,Poder Judicial,CONTRATADO,FEMENINO,2092
2022,11,Poder Judicial,CONTRATADO,MASCULINO,1881
2022,11,Poder Judicial,PERMANENTE,FEMENINO,12967
2022,11,Poder Judicial,PERMANENTE,MASCULINO,10549
2022,11,Poder Legislativo,CONTRATADO,FEMENINO,410
2022,11,Poder Legislativo,CONTRATADO,MASCULINO,639
2022,11,Poder Legislativo,PERMANENTE,FEMENINO,1227
2022,11,Poder Legislativo,PERMANENTE,MASCULINO,1593
2022,11,SA del Estado,CONTRATADO,FEMENINO,146
2022,11,SA del Estado,CONTRATADO,MASCULINO,319
2022,11,SA del Estado,PERMANENTE,FEMENINO,1744
2022,11,SA del Estado,PERMANENTE,MASCULINO,4047
2022,11,Salud,CONTRATADO,FEMENINO,28550
2022,11,Salud,CONTRATADO,MASCULINO,14258
2022,11,Salud,PERMANENTE,FEMENINO,27934
2022,11,Salud,PERMANENTE,MASCULINO,13593
2022,11,Servicio civil del Ejecutivo,CONTRATADO,FEMENINO,4245
2022,11,Servicio civil del Ejecutivo,CONTRATADO,MASCULINO,4664
2022,11,Servicio civil del Ejecutivo,PERMANENTE,FEMENINO,6004
2022,11,Servicio civil del Ejecutivo,PERMANENTE,MASCULINO,8988
2022,12,Educación,CONTRATADO,FEMENINO,1186
2022,12,Educación,CONTRATADO,MASCULINO,1242
2022,12,Educación,PERMANENTE,FEMENINO,65740
2022,12,Educación,PERMANENTE,MASCULINO,33940
2022,12,Empresas públicas,CONTRATADO,FEMENINO,416
2022,12,Empresas públicas,CONTRATADO,MASCULINO,1164
2022,12,Empresas públicas,PERMANENTE,FEMENINO,1988
2022,12,Empresas públicas,PERMANENTE,MASCULINO,6590
2022,12,Entes autónomos y autárquicos,CONTRATADO,FEMENINO,1203
2022,12,Entes autónomos y autárquicos,CONTRATADO,MASCULINO,1489
2022,12,Entes autónomos y autárquicos,PERMANENTE,FEMENINO,2563
2022,12,Entes autónomos y autárquicos,PERMANENTE,MASCULINO,4161
2022,12,Fuerzas públicas,CONTRATADO,FEMENINO,192
2022,12,Fuerzas públicas,CONTRATADO,MASCULINO,170
2022,12,Fuerzas públicas,PERMANENTE,FEMENINO,7819
2022,12,Fuerzas públicas,PERMANENTE,MASCULINO,44178
2022,12,Gobiernos departamentales,CONTRATADO,FEMENINO,385
2022,12,Gobiernos departamentales,CONTRATADO,MASCULINO,579
2022,12,Gobiernos departamentales,PERMANENTE,FEMENINO,363
2022,12,Gobiernos departamentales,PERMANENTE,MASCULINO,690
2022,12,Municipalidades,CONTRATADO,FEMENINO,7948
2022,12,Municipalidades,CONTRATADO,MASCULINO,11955
2022,12,Municipalidades,PERMANENTE,FEMENINO,2773
2022,12,Municipalidades,PERMANENTE,MASCULINO,4825
2022,12,Otros organismos,CONTRATADO,FEMENINO,323
2022,12,Otros organismos,CONTRATADO,MASCULINO,340
2022,12,Otros organismos,PERMANENTE,FEMENINO,1656
2022,12,Otros organismos,PERMANENTE,MASCULINO,2189
2022,12,Poder Judicial,CONTRATADO,FEMENINO,2020
2022,12,Poder Judicial,CONTRATADO,MASCULINO,1787
2022,12,Poder Judicial,PERMANENTE,FEMENINO,12950
2022,12,Poder Judicial,PERMANENTE,MASCULINO,10536
2022,12,Poder Legislativo,CONTRATADO,FEMENINO,409
2022,12,Poder Legislativo,CONTRATADO,MASCULINO,638
2022,12,Poder Legislativo,PERMANENTE,FEMENINO,1230
2022,12,Poder Legislativo,PERMANENTE,MASCULINO,1592
2022,12,SA del Estado,CONTRATADO,FEMENINO,151
2022,12,SA del Estado,CONTRATADO,MASCULINO,325
2022,12,SA del Estado,PERMANENTE,FEMENINO,1740
2022,12,SA del Estado,PERMANENTE,MASCULINO,4032
2022,12,Salud,CONTRATADO,FEMENINO,28875
2022,12,Salud,CONTRATADO,MASCULINO,14333
2022,12,Salud,PERMANENTE,FEMENINO,27925
2022,12,Salud,PERMANENTE,MASCULINO,13590
2022,12,Servicio civil del Ejecutivo,CONTRATADO,FEMENINO,4099
2022,12,Servicio civil del Ejecutivo,CONTRATADO,MASCULINO,4564
2022,12,Servicio civil del Ejecutivo,PERMANENTE,FEMENINO,6001
2022,12,Servicio civil del Ejecutivo,PERMANENTE,MASCULINO,8994
2023,1,Educación,CONTRATADO,FEMENINO,847
2023,1,Educación,CONTRATADO,MASCULINO,857
2023,1,Educación,PERMANENTE,FEMENINO,63238
2023,1,Educación,PERMANENTE,MASCULINO,32981
2023,1,Empresas públicas,CONTRATADO,FEMENINO,424
2023,1,Empresas públicas,CONTRATADO,MASCULINO,1098
2023,1,Empresas públicas,PERMANENTE,FEMENINO,1988
2023,1,Empresas públicas,PERMANENTE,MASCULINO,6576
2023,1,Entes autónomos y autárquicos,CONTRATADO,FEMENINO,426
2023,1,Entes autónomos y autárquicos,CONTRATADO,MASCULINO,590
2023,1,Entes autónomos y autárquicos,PERMANENTE,FEMENINO,2634
2023,1,Entes autónomos y autárquicos,PERMANENTE,MASCULINO,4196
2023,1,Fuerzas públicas,CONTRATADO,FEMENINO,166
2023,1,Fuerzas públicas,CONTRATADO,MASCULINO,129
2023,1,Fuerzas públicas,PERMANENTE,FEMENINO,7761
2023,1,Fuerzas públicas,PERMANENTE,MASCULINO,42271
2023,1,Gobiernos departamentales,CONTRATADO,FEMENINO,371
2023,1,Gobiernos departamentales,CONTRATADO,MASCULINO,579
2023,1,Gobiernos departamentales,PERMANENTE,FEMENINO,428
2023,1,Gobiernos departamentales,PERMANENTE,MASCULINO,823
2023,1,Municipalidades,CONTRATADO,FEMENINO,7094
2023,1,Municipalidades,CONTRATADO,MASCULINO,11406
2023,1,Municipalidades,PERMANENTE,FEMENINO,2855
2023,1,Municipalidades,PERMANENTE,MASCULINO,4970
2023,1,Otros organismos,CONTRATADO,FEMENINO,270
2023,1,Otros organismos,CONTRATADO,MASCULINO,283
2023,1,Otros organismos,PERMANENTE,FEMENINO,1672
2023,1,Otros organismos,PERMANENTE,MASCULINO,2206
2023,1,Poder Judicial,CONTRATADO,FEMENINO,2185
2023,1,Poder Judicial,CONTRATADO,MASCULINO,1867
2023,1,Poder Judicial,PERMANENTE,FEMENINO,12951
2023,1,Poder Judicial,PERMANENTE,MASCULINO,10513
2023,1,Poder Legislativo,CONTRATADO,FEMENINO,414
2023,1,Poder Legislativo,CONTRATADO,MASCULINO,635
2023,1,Poder Legislativo,PERMANENTE,FEMENINO,1231
2023,1,Poder Legislativo,PERMANENTE,MASCULINO,1590
2023,1,SA del Estado,CONTRATADO,FEMENINO,6
2023,1,SA del Estado,CONTRATADO,MASCULINO,4
2023,1,SA del Estado,PERMANENTE,FEMENINO,1725
2023,1,SA del Estado,PERMANENTE,MASCULINO,4002
2023,1,Salud,CONTRATADO,FEMENINO,29338
2023,1,Salud,CONTRATADO,MASCULINO,14527
2023,1,Salud,PERMANENTE,FEMENINO,27798
2023,1,Salud,PERMANENTE,MASCULINO,13537
2023,1,Servicio civil del Ejecutivo,CONTRATADO,FEMENINO,3256
2023,1,Servicio civil del Ejecutivo,CONTRATADO,MASCULINO,3856
2023,1,Servicio civil del Ejecutivo,PERMANENTE,FEMENINO,6037
2023,1,Servicio civil del Ejecutivo,PERMANENTE,MASCULINO,8960
2023,2,Educación,CONTRATADO,FEMENINO,955
2023,2,Educación,CONTRATADO,MASCULINO,957
2023,2,Educación,PERMANENTE,FEMENINO,64676
2023,2,Educación,PERMANENTE,MASCULINO,33465
2023,2,Empresas públicas,CONTRATADO,FEMENINO,406
2023,2,Empresas públicas,CONTRATADO,MASCULINO,1084
2023,2,Empresas públicas,PERMANENTE,FEMENINO,2020
2023,2,Empresas públicas,PERMANENTE,MASCULINO,6591
2023,2,Entes autónomos y autárquicos,CONTRATADO,FEMENINO,757
2023,2,Entes autónomos y autárquicos,CONTRATADO,MASCULINO,972
2023,2,Entes autónomos y autárquicos,PERMANENTE,FEMENINO,2634
2023,2,Entes autónomos y autárquicos,PERMANENTE,MASCULINO,4185
2023,2,Fuerzas públicas,CONTRATADO,FEMENINO,172
2023,2,Fuerzas públicas,CONTRATADO,MASCULINO,136
2023,2,Fuerzas públicas,PERMANENTE,FEMENINO,7956
2023,2,Fuerzas públicas,PERMANENTE,MASCULINO,43511
2023,2,Gobiernos departamentales,CONTRATADO,FEMENINO,428
2023,2,Gobiernos departamentales,CONTRATADO,MASCULINO,614
2023,2,Gobiernos departamentales,PERMANENTE,FEMENINO,436
2023,2,Gobiernos departamentales,PERMANENTE,MASCULINO,815
2023,2,Municipalidades,CONTRATADO,FEMENINO,7928
2023,2,Municipalidades,CONTRATADO,MASCULINO,12022
2023,2,Municipalidades,PERMANENTE,FEMENINO,2867
2023,2,Municipalidades,PERMANENTE,MASCULINO,4991
2023,2,Otros organismos,CONTRATADO,FEMENINO,312
2023,2,Otros organismos,CONTRATADO,MASCULINO,330
2023,2,Otros organismos,PERMANENTE,FEMENINO,1675
2023,2,Otros organismos,PERMANENTE,MASCULINO,2201
2023,2,Poder Judicial,CONTRATADO,FEMENINO,2221
2023,2,Poder Judicial,CONTRATADO,MASCULINO,1923
2023,2,Poder Judicial,PERMANENTE,FEMENINO,13035
2023,2,Poder Judicial,PERMANENTE,MASCULINO,10559
2023,2,Poder Legislativo,CONTRATADO,FEMENINO,446
2023,2,Poder Legislativo,CONTRATADO,MASCULINO,680
2023,2,Poder Legislativo,PERMANENTE,FEMENINO,1239
2023,2,Poder Legislativo,PERMANENTE,MASCULINO,1593
2023,2,SA del Estado,CONTRATADO,FEMENINO,121
2023,2,SA del Estado,CONTRATADO,MASCULINO,253
2023,2,SA del Estado,PERMANENTE,FEMENINO,1680
2023,2,SA del Estado,PERMANENTE,MASCULINO,3895
2023,2,Salud,CONTRATADO,FEMENINO,29374
2023,2,Salud,CONTRATADO,MASCULINO,14593
2023,2,Salud,PERMANENTE,FEMENINO,27733
2023,2,Salud,PERMANENTE,MASCULINO,13499
2023,2,Servicio civil del Ejecutivo,CONTRATADO,FEMENINO,3910
2023,2,Servicio civil del Ejecutivo,CONTRATADO,MASCULINO,4376
2023,2,Servicio civil del Ejecutivo,PERMANENTE,FEMENINO,6031
2023,2,Servicio civil del Ejecutivo,PERMANENTE,MASCULINO,8938
2023,3,Educación,CONTRATADO,FEMENINO,997
2023,3,Educación,CONTRATADO,MASCULINO,999
2023,3,Educación,PERMANENTE,FEMENINO,65421
2023,3,Educación,PERMANENTE,MASCULINO,33703
2023,3,Empresas públicas,CONTRATADO,FEMENINO,410
2023,3,Empresas públicas,CONTRATADO,MASCULINO,1092
2023,3,Empresas públicas,PERMANENTE,FEMENINO,2012
2023,3,Empresas públicas,PERMANENTE,MASCULINO,6556
2023,3,Entes autónomos y autárquicos,CONTRATADO,FEMENINO,1031
2023,3,Entes autónomos y autárquicos,CONTRATADO,MASCULINO,1223
2023,3,Entes autónomos y autárquicos,PERMANENTE,FEMENINO,2715
2023,3,Entes autónomos y autárquicos,PERMANENTE,MASCULINO,4294
2023,3,Fuerzas públicas,CONTRATADO,FEMENINO,190
2023,3,Fuerzas públicas,CONTRATADO,MASCULINO,212
2023,3,Fuerzas públicas,PERMANENTE,FEMENINO,8020
2023,3,Fuerzas públicas,PERMANENTE,MASCULINO,44832
2023,3,Gobiernos departamentales,CONTRATADO,FEMENINO,428
2023,3,Gobiernos departamentales,CONTRATADO,MASCULINO,629
2023,3,Gobiernos departamentales,PERMANENTE,FEMENINO,436
2023,3,Gobiernos departamentales,PERMANENTE,MASCULINO,824
2023,3,Municipalidades,CONTRATADO,FEMENINO,8282
2023,3,Municipalidades,CONTRATADO,MASCULINO,12281
2023,3,Municipalidades,PERMANENTE,FEMENINO,2861
2023,3,Municipalidades,PERMANENTE,MASCULINO,4973
2023,3,Otros organismos,CONTRATADO,FEMENINO,306
2023,3,Otros organismos,CONTRATADO,MASCULINO,326
2023,3,Otros organismos,PERMANENTE,FEMENINO,1668
2023,3,Otros organismos,PERMANENTE,MASCULINO,2196
2023,3,Poder Judicial,CONTRATADO,FEMENINO,2177
2023,3,Poder Judicial,CONTRATADO,MASCULINO,1863
2023,3,Poder Judicial,PERMANENTE,FEMENINO,12993
2023,3,Poder Judicial,PERMANENTE,MASCULINO,10527
2023,3,Poder Legislativo,CONTRATADO,FEMENINO,459
2023,3,Poder Legislativo,CONTRATADO,MASCULINO,687
2023,3,Poder Legislativo,PERMANENTE,FEMENINO,1242
2023,3,Poder Legislativo,PERMANENTE,MASCULINO,1593
2023,3,SA del Estado,CONTRATADO,FEMENINO,138
2023,3,SA del Estado,CONTRATADO,MASCULINO,306
2023,3,SA del Estado,PERMANENTE,FEMENINO,1665
2023,3,SA del Estado,PERMANENTE,MASCULINO,3866
2023,3,Salud,CONTRATADO,FEMENINO,30063
2023,3,Salud,CONTRATADO,MASCULINO,14751
2023,3,Salud,PERMANENTE,FEMENINO,27689
2023,3,Salud,PERMANENTE,MASCULINO,13472
2023,3,Servicio civil del Ejecutivo,CONTRATADO,FEMENINO,3984
2023,3,Servicio civil del Ejecutivo,CONTRATADO,MASCULINO,4439
2023,3,Servicio civil del Ejecutivo,PERMANENTE,FEMENINO,6084
2023,3,Servicio civil del Ejecutivo,PERMANENTE,MASCULINO,8963
2023,4,Educación,CONTRATADO,FEMENINO,1058
2023,4,Educación,CONTRATADO,MASCULINO,1040
2023,4,Educación,PERMANENTE,FEMENINO,65851
2023,4,Educación,PERMANENTE,MASCULINO,33853
2023,4,Empresas públicas,CONTRATADO,FEMENINO,415
2023,4,Empresas públicas,CONTRATADO,MASCULINO,1108
2023,4,Empresas públicas,PERMANENTE,FEMENINO,1999
2023,4,Empresas públicas,PERMANENTE,MASCULINO,6417
2023,4,Entes autónomos y autárquicos,CONTRATADO,FEMENINO,1171
2023,4,Entes autónomos y autárquicos,CONTRATADO,MASCULINO,1329
2023,4,Entes autónomos y autárquicos,PERMANENTE,FEMENINO,2780
2023,4,Entes autónomos y autárquicos,PERMANENTE,MASCULINO,4312
2023,4,Fuerzas públicas,CONTRATADO,FEMENINO,201
2023,4,Fuerzas públicas,CONTRATADO,MASCULINO,217
2023,4,Fuerzas públicas,PERMANENTE,FEMENINO,8004
2023,4,Fuerzas públicas,PERMANENTE,MASCULINO,45070
2023,4,Gobiernos departamentales,CONTRATADO,FEMENINO,421
2023,4,Gobiernos departamentales,CONTRATADO,MASCULINO,635
2023,4,Gobiernos departamentales,PERMANENTE,FEMENINO,438
2023,4,Gobiernos departamentales,PERMANENTE,MASCULINO,825
2023,4,Municipalidades,CONTRATADO,FEMENINO,8348
2023,4,Municipalidades,CONTRATADO,MASCULINO,12212
2023,4,Municipalidades,PERMANENTE,FEMENINO,2871
2023,4,Municipalidades,PERMANENTE,MASCULINO,4964
2023,4,Otros organismos,CONTRATADO,FEMENINO,231
2023,4,Otros organismos,CONTRATADO,MASCULINO,255
2023,4,Otros organismos,PERMANENTE,FEMENINO,1747
2023,4,Otros organismos,PERMANENTE,MASCULINO,2259
2023,4,Poder Judicial,CONTRATADO,FEMENINO,2180
2023,4,Poder Judicial,CONTRATADO,MASCULINO,1890
2023,4,Poder Judicial,PERMANENTE,FEMENINO,13065
2023,4,Poder Judicial,PERMANENTE,MASCULINO,10557
2023,4,Poder Legislativo,CONTRATADO,FEMENINO,459
2023,4,Poder Legislativo,CONTRATADO,MASCULINO,691
2023,4,Poder Legislativo,PERMANENTE,FEMENINO,1242
2023,4,Poder Legislativo,PERMANENTE,MASCULINO,1589
2023,4,SA del Estado,CONTRATADO,FEMENINO,149
2023,4,SA del Estado,CONTRATADO,MASCULINO,327
2023,4,SA del Estado,PERMANENTE,FEMENINO,1653
2023,4,SA del Estado,PERMANENTE,MASCULINO,3589
2023,4,Salud,CONTRATADO,FEMENINO,29681
2023,4,Salud,CONTRATADO,MASCULINO,14729
2023,4,Salud,PERMANENTE,FEMENINO,27644
2023,4,Salud,PERMANENTE,MASCULINO,13459
2023,4,Servicio civil del Ejecutivo,CONTRATADO,FEMENINO,4005
2023,4,Servicio civil del Ejecutivo,CONTRATADO,MASCULINO,4468
2023,4,Servicio civil del Ejecutivo,PERMANENTE,FEMENINO,6076
2023,4,Servicio civil del Ejecutivo,PERMANENTE,MASCULINO,8964
2023,5,Educación,CONTRATADO,FEMENINO,1161
2023,5,Educación,CONTRATADO,MASCULINO,1175
2023,5,Educación,PERMANENTE,FEMENINO,66208
2023,5,Educación,PERMANENTE,MASCULINO,33983
2023,5,Empresas públicas,CONTRATADO,FEMENINO,409
2023,5,Empresas públicas,CONTRATADO,MASCULINO,1100
2023,5,Empresas públicas,PERMANENTE,FEMENINO,2012
2023,5,Empresas públicas,PERMANENTE,MASCULINO,6512
2023,5,Entes autónomos y autárquicos,CONTRATADO,FEMENINO,1030
2023,5,Entes autónomos y autárquicos,CONTRATADO,MASCULINO,1242
2023,5,Entes autónomos y autárquicos,PERMANENTE,FEMENINO,2805
2023,5,Entes autónomos y autárquicos,PERMANENTE,MASCULINO,4323
2023,5,Fuerzas públicas,CONTRATADO,FEMENINO,202
2023,5,Fuerzas públicas,CONTRATADO,MASCULINO,217
2023,5,Fuerzas públicas,PERMANENTE,FEMENINO,8001
2023,5,Fuerzas públicas,PERMANENTE,MASCULINO,45035
2023,5,Gobiernos departamentales,CONTRATADO,FEMENINO,428
2023,5,Gobiernos departamentales,CONTRATADO,MASCULINO,631
2023,5,Gobiernos departamentales,PERMANENTE,FEMENINO,437
2023,5,Gobiernos departamentales,PERMANENTE,MASCULINO,826
2023,5,Municipalidades,CONTRATADO,FEMENINO,8392
2023,5,Municipalidades,CONTRATADO,MASCULINO,12253
2023,5,Municipalidades,PERMANENTE,FEMENINO,2868
2023,5,Municipalidades,PERMANENTE,MASCULINO,4973
2023,5,Otros organismos,CONTRATADO,FEMENINO,232
2023,5,Otros organismos,CONTRATADO,MASCULINO,254
2023,5,Otros organismos,PERMANENTE,FEMENINO,1746
2023,5,Otros organismos,PERMANENTE,MASCULINO,2254
2023,5,Poder Judicial,CONTRATADO,FEMENINO,2172
2023,5,Poder Judicial,CONTRATADO,MASCULINO,1912
2023,5,Poder Judicial,PERMANENTE,FEMENINO,13071
2023,5,Poder Judicial,PERMANENTE,MASCULINO,10548
2023,5,Poder Legislativo,CONTRATADO,FEMENINO,455
2023,5,Poder Legislativo,CONTRATADO,MASCULINO,677
2023,5,Poder Legislativo,PERMANENTE,FEMENINO,1244
2023,5,Poder Legislativo,PERMANENTE,MASCULINO,1582
2023,5,SA del Estado,CONTRATADO,FEMENINO,156
2023,5,SA del Estado,CONTRATADO,MASCULINO,339
2023,5,SA del Estado,PERMANENTE,FEMENINO,1646
2023,5,SA del Estado,PERMANENTE,MASCULINO,3576
2023,5,Salud,CONTRATADO,FEMENINO,29600
2023,5,Salud,CONTRATADO,MASCULINO,14711
2023,5,Salud,PERMANENTE,FEMENINO,27620
2023,5,Salud,PERMANENTE,MASCULINO,13444
2023,5,Servicio civil del Ejecutivo,CONTRATADO,FEMENINO,4021
2023,5,Servicio civil del Ejecutivo,CONTRATADO,MASCULINO,4451
2023,5,Servicio civil del Ejecutivo,PERMANENTE,FEMENINO,6078
2023,5,Servicio civil del Ejecutivo,PERMANENTE,MASCULINO,8961
2023,6,Educación,CONTRATADO,FEMENINO,1160
2023,6,Educación,CONTRATADO,MASCULINO,1119
2023,6,Educación,PERMANENTE,FEMENINO,66403
2023,6,Educación,PERMANENTE,MASCULINO,34050
2023,6,Empresas públicas,CONTRATADO,FEMENINO,410
2023,6,Empresas públicas,CONTRATADO,MASCULINO,1130
2023,6,Empresas públicas,PERMANENTE,FEMENINO,2013
2023,6,Empresas públicas,PERMANENTE,MASCULINO,6503
2023,6,Entes autónomos y autárquicos,CONTRATADO,FEMENINO,1136
2023,6,Entes autónomos y autárquicos,CONTRATADO,MASCULINO,1269
2023,6,Entes autónomos y autárquicos,PERMANENTE,FEMENINO,2815
2023,6,Entes autónomos y autárquicos,PERMANENTE,MASCULINO,4312
2023,6,Fuerzas públicas,CONTRATADO,FEMENINO,203
2023,6,Fuerzas públicas,CONTRATADO,MASCULINO,219
2023,6,Fuerzas públicas,PERMANENTE,FEMENINO,7995
2023,6,Fuerzas públicas,PERMANENTE,MASCULINO,44780
2023,6,Gobiernos departamentales,CONTRATADO,FEMENINO,426
2023,6,Gobiernos departamentales,CONTRATADO,MASCULINO,621
2023,6,Gobiernos departamentales,PERMANENTE,FEMENINO,439
2023,6,Gobiernos departamentales,PERMANENTE,MASCULINO,822
2023,6,Municipalidades,CONTRATADO,FEMENINO,8318
2023,6,Municipalidades,CONTRATADO,MASCULINO,12141
2023,6,Municipalidades,PERMANENTE,FEMENINO,2875
2023,6,Municipalidades,PERMANENTE,MASCULINO,4966
2023,6,Otros organismos,CONTRATADO,FEMENINO,223
2023,6,Otros organismos,CONTRATADO,MASCULINO,242
2023,6,Otros organismos,PERMANENTE,FEMENINO,1777
2023,6,Otros organismos,PERMANENTE,MASCULINO,2292
2023,6,Poder Judicial,CONTRATADO,FEMENINO,1498
2023,6,Poder Judicial,CONTRATADO,MASCULINO,1261
2023,6,Poder Judicial,PERMANENTE,FEMENINO,13094
2023,6,Poder Judicial,PERMANENTE,MASCULINO,10555
2023,6,Poder Legislativo,CONTRATADO,FEMENINO,439
2023,6,Poder Legislativo,CONTRATADO,MASCULINO,645
2023,6,Poder Legislativo,PERMANENTE,FEMENINO,1251
2023,6,Poder Legislativo,PERMANENTE,MASCULINO,1595
2023,6,SA del Estado,CONTRATADO,FEMENINO,38
2023,6,SA del Estado,CONTRATADO,MASCULINO,146
2023,6,SA del Estado,PERMANENTE,FEMENINO,1639
2023,6,SA del Estado,PERMANENTE,MASCULINO,3565
2023,6,Salud,CONTRATADO,FEMENINO,29759
2023,6,Salud,CONTRATADO,MASCULINO,14743
2023,6,Salud,PERMANENTE,FEMENINO,27543
2023,6,Salud,PERMANENTE,MASCULINO,13448
2023,6,Servicio civil del Ejecutivo,CONTRATADO,FEMENINO,4021
2023,6,Servicio civil del Ejecutivo,CONTRATADO,MASCULINO,4463
2023,6,Servicio civil del Ejecutivo,PERMANENTE,FEMENINO,6060
2023,6,Servicio civil del Ejecutivo,PERMANENTE,MASCULINO,8941
2023,7,Educación,CONTRATADO,FEMENINO,1169
2023,7,Educación,CONTRATADO,MASCULINO,1161
2023,7,Educación,PERMANENTE,FEMENINO,66532
2023,7,Educación,PERMANENTE,MASCULINO,34104
2023,7,Empresas públicas,CONTRATADO,FEMENINO,431
2023,7,Empresas públicas,CONTRATADO,MASCULINO,1170
2023,7,Empresas públicas,PERMANENTE,FEMENINO,2009
2023,7,Empresas públicas,PERMANENTE,MASCULINO,6479
2023,7,Entes autónomos y autárquicos,CONTRATADO,FEMENINO,1041
2023,7,Entes autónomos y autárquicos,CONTRATADO,MASCULINO,1203
2023,7,Entes autónomos y autárquicos,PERMANENTE,FEMENINO,2815
2023,7,Entes autónomos y autárquicos,PERMANENTE,MASCULINO,4307
2023,7,Fuerzas públicas,CONTRATADO,FEMENINO,201
2023,7,Fuerzas públicas,CONTRATADO,MASCULINO,218
2023,7,Fuerzas públicas,PERMANENTE,FEMENINO,7993
2023,7,Fuerzas públicas,PERMANENTE,MASCULINO,44151
2023,7,Gobiernos departamentales,CONTRATADO,FEMENINO,427
2023,7,Gobiernos departamentales,CONTRATADO,MASCULINO,621
2023,7,Gobiernos departamentales,PERMANENTE,FEMENINO,443
2023,7,Gobiernos departamentales,PERMANENTE,MASCULINO,824
2023,7,Municipalidades,CONTRATADO,FEMENINO,8369
2023,7,Municipalidades,CONTRATADO,MASCULINO,12151
2023,7,Municipalidades,PERMANENTE,FEMENINO,2866
2023,7,Municipalidades,PERMANENTE,MASCULINO,4943
2023,7,Otros organismos,CONTRATADO,FEMENINO,223
2023,7,Otros organismos,CONTRATADO,MASCULINO,240
2023,7,Otros organismos,PERMANENTE,FEMENINO,1771
2023,7,Otros organismos,PERMANENTE,MASCULINO,2289
2023,7,Poder Judicial,CONTRATADO,FEMENINO,1480
2023,7,Poder Judicial,CONTRATADO,MASCULINO,1231
2023,7,Poder Judicial,PERMANENTE,FEMENINO,13096
2023,7,Poder Judicial,PERMANENTE,MASCULINO,10549
2023,7,Poder Legislativo,CONTRATADO,FEMENINO,381
2023,7,Poder Legislativo,CONTRATADO,MASCULINO,510
2023,7,Poder Legislativo,PERMANENTE,FEMENINO,1261
2023,7,Poder Legislativo,PERMANENTE,MASCULINO,1592
2023,7,SA del Estado,CONTRATADO,FEMENINO,115
2023,7,SA del Estado,CONTRATADO,MASCULINO,280
2023,7,SA del Estado,PERMANENTE,FEMENINO,1631
2023,7,SA del Estado,PERMANENTE,MASCULINO,3553
2023,7,Salud,CONTRATADO,FEMENINO,29973
2023,7,Salud,CONTRATADO,MASCULINO,14846
2023,7,Salud,PERMANENTE,FEMENINO,27542
2023,7,Salud,PERMANENTE,MASCULINO,13436
2023,7,Servicio civil del Ejecutivo,CONTRATADO,FEMENINO,4019
2023,7,Servicio civil del Ejecutivo,CONTRATADO,MASCULINO,4451
2023,7,Servicio civil del Ejecutivo,PERMANENTE,FEMENINO,6051
2023,7,Servicio civil del Ejecutivo,PERMANENTE,MASCULINO,8913
2023,8,Educación,CONTRATADO,FEMENINO,1148
2023,8,Educación,CONTRATADO,MASCULINO,1096
2023,8,Educación,PERMANENTE,FEMENINO,66516
2023,8,Educación,PERMANENTE,MASCULINO,34112
2023,8,Empresas públicas,CONTRATADO,FEMENINO,434
2023,8,Empresas públicas,CONTRATADO,MASCULINO,1168
2023,8,Empresas públicas,PERMANENTE,FEMENINO,1998
2023,8,Empresas públicas,PERMANENTE,MASCULINO,6449
2023,8,Entes autónomos y autárquicos,CONTRATADO,FEMENINO,985
2023,8,Entes autónomos y autárquicos,CONTRATADO,MASCULINO,1148
2023,8,Entes autónomos y autárquicos,PERMANENTE,FEMENINO,2807
2023,8,Entes autónomos y autárquicos,PERMANENTE,MASCULINO,4274
2023,8,Fuerzas públicas,CONTRATADO,FEMENINO,201
2023,8,Fuerzas públicas,CONTRATADO,MASCULINO,217
2023,8,Fuerzas públicas,PERMANENTE,FEMENINO,7981
2023,8,Fuerzas públicas,PERMANENTE,MASCULINO,44319
2023,8,Gobiernos departamentales,CONTRATADO,FEMENINO,382
2023,8,Gobiernos departamentales,CONTRATADO,MASCULINO,569
2023,8,Gobiernos departamentales,PERMANENTE,FEMENINO,434
2023,8,Gobiernos departamentales,PERMANENTE,MASCULINO,774
2023,8,Municipalidades,CONTRATADO,FEMENINO,8341
2023,8,Municipalidades,CONTRATADO,MASCULINO,12198
2023,8,Municipalidades,PERMANENTE,FEMENINO,2866
2023,8,Municipalidades,PERMANENTE,MASCULINO,4923
2023,8,Otros organismos,CONTRATADO,FEMENINO,208
2023,8,Otros organismos,CONTRATADO,MASCULINO,224
2023,8,Otros organismos,PERMANENTE,FEMENINO,1759
2023,8,Otros organismos,PERMANENTE,MASCULINO,2267
2023,8,Poder Judicial,CONTRATADO,FEMENINO,1778
2023,8,Poder Judicial,CONTRATADO,MASCULINO,1533
2023,8,Poder Judicial,PERMANENTE,FEMENINO,13118
2023,8,Poder Judicial,PERMANENTE,MASCULINO,10556
2023,8,Poder Legislativo,CONTRATADO,FEMENINO,369
2023,8,Poder Legislativo,CONTRATADO,MASCULINO,490
2023,8,Poder Legislativo,PERMANENTE,FEMENINO,1262
2023,8,Poder Legislativo,PERMANENTE,MASCULINO,1588
2023,8,SA del Estado,CONTRATADO,FEMENINO,2
2023,8,SA del Estado,CONTRATADO,MASCULINO,4
2023,8,SA del Estado,PERMANENTE,FEMENINO,1133
2023,8,SA del Estado,PERMANENTE,MASCULINO,1998
2023,8,Salud,CONTRATADO,FEMENINO,29846
2023,8,Salud,CONTRATADO,MASCULINO,14834
2023,8,Salud,PERMANENTE,FEMENINO,27493
2023,8,Salud,PERMANENTE,MASCULINO,13409
2023,8,Servicio civil del Ejecutivo,CONTRATADO,FEMENINO,4009
2023,8,Servicio civil del Ejecutivo,CONTRATADO,MASCULINO,4424
2023,8,Servicio civil del Ejecutivo,PERMANENTE,FEMENINO,6024
2023,8,Servicio civil del Ejecutivo,PERMANENTE,MASCULINO,8868
2023,9,Educación,CONTRATADO,FEMENINO,1213
2023,9,Educación,CONTRATADO,MASCULINO,1152
2023,9,Educación,PERMANENTE,FEMENINO,67160
2023,9,Educación,PERMANENTE,MASCULINO,34692
2023,9,Empresas públicas,CONTRATADO,FEMENINO,412
2023,9,Empresas públicas,CONTRATADO,MASCULINO,1031
2023,9,Empresas públicas,PERMANENTE,FEMENINO,2000
2023,9,Empresas públicas,PERMANENTE,MASCULINO,6428
2023,9,Entes autónomos y autárquicos,CONTRATADO,FEMENINO,963
2023,9,Entes autónomos y autárquicos,CONTRATADO,MASCULINO,1161
2023,9,Entes autónomos y autárquicos,PERMANENTE,FEMENINO,2809
2023,9,Entes autónomos y autárquicos,PERMANENTE,MASCULINO,4274
2023,9,Fuerzas públicas,CONTRATADO,FEMENINO,200
2023,9,Fuerzas públicas,CONTRATADO,MASCULINO,213
2023,9,Fuerzas públicas,PERMANENTE,FEMENINO,7962
2023,9,Fuerzas públicas,PERMANENTE,MASCULINO,44509
2023,9,Gobiernos departamentales,CONTRATADO,FEMENINO,403
2023,9,Gobiernos departamentales,CONTRATADO,MASCULINO,578
2023,9,Gobiernos departamentales,PERMANENTE,FEMENINO,448
2023,9,Gobiernos departamentales,PERMANENTE,MASCULINO,767
2023,9,Municipalidades,CONTRATADO,FEMENINO,8256
2023,9,Municipalidades,CONTRATADO,MASCULINO,12004
2023,9,Municipalidades,PERMANENTE,FEMENINO,2847
2023,9,Municipalidades,PERMANENTE,MASCULINO,4933
2023,9,Otros organismos,CONTRATADO,FEMENINO,211
2023,9,Otros organismos,CONTRATADO,MASCULINO,223
2023,9,Otros organismos,PERMANENTE,FEMENINO,1756
2023,9,Otros organismos,PERMANENTE,MASCULINO,2243
2023,9,Poder Judicial,CONTRATADO,FEMENINO,1847
2023,9,Poder Judicial,CONTRATADO,MASCULINO,1602
2023,9,Poder Judicial,PERMANENTE,FEMENINO,13115
2023,9,Poder Judicial,PERMANENTE,MASCULINO,10553
2023,9,Poder Legislativo,CONTRATADO,FEMENINO,405
2023,9,Poder Legislativo,CONTRATADO,MASCULINO,555
2023,9,Poder Legislativo,PERMANENTE,FEMENINO,1293
2023,9,Poder Legislativo,PERMANENTE,MASCULINO,1638
2023,9,SA del Estado,CONTRATADO,FEMENINO,14
2023,9,SA del Estado,CONTRATADO,MASCULINO,41
2023,9,SA del Estado,PERMANENTE,FEMENINO,1588
2023,9,SA del Estado,PERMANENTE,MASCULINO,3501
2023,9,Salud,CONTRATADO,FEMENINO,29590
2023,9,Salud,CONTRATADO,MASCULINO,14743
2023,9,Salud,PERMANENTE,FEMENINO,27744
2023,9,Salud,PERMANENTE,MASCULINO,13481
2023,9,Servicio civil del Ejecutivo,CONTRATADO,FEMENINO,3977
2023,9,Servicio civil del Ejecutivo,CONTRATADO,MASCULINO,4388
2023,9,Servicio civil del Ejecutivo,PERMANENTE,FEMENINO,6003
2023,9,Servicio civil del Ejecutivo,PERMANENTE,MASCULINO,8838
2023,10,Educación,CONTRATADO,FEMENINO,1275
2023,10,Educación,CONTRATADO,MASCULINO,1218
2023,10,Educación,PERMANENTE,FEMENINO,66643
2023,10,Educación,PERMANENTE,MASCULINO,34131
2023,10,Empresas públicas,CONTRATADO,FEMENINO,428
2023,10,Empresas públicas,CONTRATADO,MASCULINO,1041
2023,10,Empresas públicas,PERMANENTE,FEMENINO,2001
2023,10,Empresas públicas,PERMANENTE,MASCULINO,6428
2023,10,Entes autónomos y autárquicos,CONTRATADO,FEMENINO,966
2023,10,Entes autónomos y autárquicos,CONTRATADO,MASCULINO,1148
2023,10,Entes autónomos y autárquicos,PERMANENTE,FEMENINO,2809
2023,10,Entes autónomos y autárquicos,PERMANENTE,MASCULINO,4261
2023,10,Fuerzas públicas,CONTRATADO,FEMENINO,202
2023,10,Fuerzas públicas,CONTRATADO,MASCULINO,214
2023,10,Fuerzas públicas,PERMANENTE,FEMENINO,7940
2023,10,Fuerzas públicas,PERMANENTE,MASCULINO,44565
2023,10,Gobiernos departamentales,CONTRATADO,FEMENINO,401
2023,10,Gobiernos departamentales,CONTRATADO,MASCULINO,580
2023,10,Gobiernos departamentales,PERMANENTE,FEMENINO,458
2023,10,Gobiernos departamentales,PERMANENTE,MASCULINO,781
2023,10,Municipalidades,CONTRATADO,FEMENINO,8307
2023,10,Municipalidades,CONTRATADO,MASCULINO,12068
2023,10,Municipalidades,PERMANENTE,FEMENINO,2842
2023,10,Municipalidades,PERMANENTE,MASCULINO,4921
2023,10,Otros organismos,CONTRATADO,FEMENINO,210
2023,10,Otros organismos,CONTRATADO,MASCULINO,222
2023,10,Otros organismos,PERMANENTE,FEMENINO,1756
2023,10,Otros organismos,PERMANENTE,MASCULINO,2236
2023,10,Poder Judicial,CONTRATADO,FEMENINO,1876
2023,10,Poder Judicial,CONTRATADO,MASCULINO,1648
2023,10,Poder Judicial,PERMANENTE,FEMENINO,13201
2023,10,Poder Judicial,PERMANENTE,MASCULINO,10572
2023,10,Poder Legislativo,CONTRATADO,FEMENINO,405
2023,10,Poder Legislativo,CONTRATADO,MASCULINO,570
2023,10,Poder Legislativo,PERMANENTE,FEMENINO,1304
2023,10,Poder Legislativo,PERMANENTE,MASCULINO,1655
2023,10,SA del Estado,CONTRATADO,FEMENINO,52
2023,10,SA del Estado,CONTRATADO,MASCULINO,94
2023,10,SA del Estado,PERMANENTE,FEMENINO,1550
2023,10,SA del Estado,PERMANENTE,MASCULINO,3445
2023,10,Salud,CONTRATADO,FEMENINO,29417
2023,10,Salud,CONTRATADO,MASCULINO,14647
2023,10,Salud,PERMANENTE,FEMENINO,27725
2023,10,Salud,PERMANENTE,MASCULINO,13476
2023,10,Servicio civil del Ejecutivo,CONTRATADO,FEMENINO,3478
2023,10,Servicio civil del Ejecutivo,CONTRATADO,MASCULINO,3945
2023,10,Servicio civil del Ejecutivo,PERMANENTE,FEMENINO,6144
2023,10,Servicio civil del Ejecutivo,PERMANENTE,MASCULINO,8884
2023,11,Educación,CONTRATADO,FEMENINO,1315
2023,11,Educación,CONTRATADO,MASCULINO,1247
2023,11,Educación,PERMANENTE,FEMENINO,66657
2023,11,Educación,PERMANENTE,MASCULINO,34126
2023,11,Empresas públicas,CONTRATADO,FEMENINO,479
2023,11,Empresas públicas,CONTRATADO,MASCULINO,1165
2023,11,Empresas públicas,PERMANENTE,FEMENINO,2003
2023,11,Empresas públicas,PERMANENTE,MASCULINO,6438
2023,11,Entes autónomos y autárquicos,CONTRATADO,FEMENINO,1057
2023,11,Entes autónomos y autárquicos,CONTRATADO,MASCULINO,1223
2023,11,Entes autónomos y autárquicos,PERMANENTE,FEMENINO,2812
2023,11,Entes autónomos y autárquicos,PERMANENTE,MASCULINO,4252
2023,11,Fuerzas públicas,CONTRATADO,FEMENINO,202
2023,11,Fuerzas públicas,CONTRATADO,MASCULINO,222
2023,11,Fuerzas públicas,PERMANENTE,FEMENINO,7929
2023,11,Fuerzas públicas,PERMANENTE,MASCULINO,44461
2023,11,Gobiernos departamentales,CONTRATADO,FEMENINO,404
2023,11,Gobiernos departamentales,CONTRATADO,MASCULINO,591
2023,11,Gobiernos departamentales,PERMANENTE,FEMENINO,455
2023,11,Gobiernos departamentales,PERMANENTE,MASCULINO,774
2023,11,Municipalidades,CONTRATADO,FEMENINO,7694
2023,11,Municipalidades,CONTRATADO,MASCULINO,11510
2023,11,Municipalidades,PERMANENTE,FEMENINO,2659
2023,11,Municipalidades,PERMANENTE,MASCULINO,4668
2023,11,Otros organismos,CONTRATADO,FEMENINO,207
2023,11,Otros organismos,CONTRATADO,MASCULINO,224
2023,11,Otros organismos,PERMANENTE,FEMENINO,1750
2023,11,Otros organismos,PERMANENTE,MASCULINO,2230
2023,11,Poder Judicial,CONTRATADO,FEMENINO,1892
2023,11,Poder Judicial,CONTRATADO,MASCULINO,1651
2023,11,Poder Judicial,PERMANENTE,FEMENINO,13253
2023,11,Poder Judicial,PERMANENTE,MASCULINO,10592
2023,11,Poder Legislativo,CONTRATADO,FEMENINO,403
2023,11,Poder Legislativo,CONTRATADO,MASCULINO,567
2023,11,Poder Legislativo,PERMANENTE,FEMENINO,1314
2023,11,Poder Legislativo,PERMANENTE,MASCULINO,1657
2023,11,SA del Estado,CONTRATADO,FEMENINO,67
2023,11,SA del Estado,CONTRATADO,MASCULINO,114
2023,11,SA del Estado,PERMANENTE,FEMENINO,1541
2023,11,SA del Estado,PERMANENTE,MASCULINO,3389
2023,11,Salud,CONTRATADO,FEMENINO,29410
2023,11,Salud,CONTRATADO,MASCULINO,14634
2023,11,Salud,PERMANENTE,FEMENINO,27671
2023,11,Salud,PERMANENTE,MASCULINO,13451
2023,11,Servicio civil del Ejecutivo,CONTRATADO,FEMENINO,3524
2023,11,Servicio civil del Ejecutivo,CONTRATADO,MASCULINO,3945
2023,11,Servicio civil del Ejecutivo,PERMANENTE,FEMENINO,6087
2023,11,Servicio civil del Ejecutivo,PERMANENTE,MASCULINO,8828
2023,12,Educación,CONTRATADO,FEMENINO,1394
2023,12,Educación,CONTRATADO,MASCULINO,1353
2023,12,Educación,PERMANENTE,FEMENINO,66405
2023,12,Educación,PERMANENTE,MASCULINO,33902
2023,12,Empresas públicas,CONTRATADO,FEMENINO,462
2023,12,Empresas públicas,CONTRATADO,MASCULINO,1090
2023,12,Empresas públicas,PERMANENTE,FEMENINO,1996
2023,12,Empresas públicas,PERMANENTE,MASCULINO,6411
2023,12,Entes autónomos y autárquicos,CONTRATADO,FEMENINO,1059
2023,12,Entes autónomos y autárquicos,CONTRATADO,MASCULINO,1248
2023,12,Entes autónomos y autárquicos,PERMANENTE,FEMENINO,2798
2023,12,Entes autónomos y autárquicos,PERMANENTE,MASCULINO,4243
2023,12,Fuerzas públicas,CONTRATADO,FEMENINO,197
2023,12,Fuerzas públicas,CONTRATADO,MASCULINO,203
2023,12,Fuerzas públicas,PERMANENTE,FEMENINO,7915
2023,12,Fuerzas públicas,PERMANENTE,MASCULINO,44343
2023,12,Gobiernos departamentales,CONTRATADO,FEMENINO,421
2023,12,Gobiernos departamentales,CONTRATADO,MASCULINO,606
2023,12,Gobiernos departamentales,PERMANENTE,FEMENINO,460
2023,12,Gobiernos departamentales,PERMANENTE,MASCULINO,782
2023,12,Municipalidades,CONTRATADO,FEMENINO,7622
2023,12,Municipalidades,CONTRATADO,MASCULINO,11367
2023,12,Municipalidades,PERMANENTE,FEMENINO,2787
2023,12,Municipalidades,PERMANENTE,MASCULINO,4785
2023,12,Otros organismos,CONTRATADO,FEMENINO,209
2023,12,Otros organismos,CONTRATADO,MASCULINO,225
2023,12,Otros organismos,PERMANENTE,FEMENINO,1744
2023,12,Otros organismos,PERMANENTE,MASCULINO,2214
2023,12,Poder Judicial,CONTRATADO,FEMENINO,1836
2023,12,Poder Judicial,CONTRATADO,MASCULINO,1573
2023,12,Poder Judicial,PERMANENTE,FEMENINO,13274
2023,12,Poder Judicial,PERMANENTE,MASCULINO,10596
2023,12,Poder Legislativo,CONTRATADO,FEMENINO,403
2023,12,Poder Legislativo,CONTRATADO,MASCULINO,567
2023,12,Poder Legislativo,PERMANENTE,FEMENINO,1313
2023,12,Poder Legislativo,PERMANENTE,MASCULINO,1655
2023,12,SA del Estado,CONTRATADO,FEMENINO,84
2023,12,SA del Estado,CONTRATADO,MASCULINO,180
2023,12,SA del Estado,PERMANENTE,FEMENINO,1538
2023,12,SA del Estado,PERMANENTE,MASCULINO,3384
2023,12,Salud,CONTRATADO,FEMENINO,29437
2023,12,Salud,CONTRATADO,MASCULINO,14572
2023,12,Salud,PERMANENTE,FEMENINO,27666
2023,12,Salud,PERMANENTE,MASCULINO,13442
2023,12,Servicio civil del Ejecutivo,CONTRATADO,FEMENINO,3207
2023,12,Servicio civil del Ejecutivo,CONTRATADO,MASCULINO,3728
2023,12,Servicio civil del Ejecutivo,PERMANENTE,FEMENINO,6085
2023,12,Servicio civil del Ejecutivo,PERMANENTE,MASCULINO,8805
2024,1,Educación,CONTRATADO,FEMENINO,976
2024,1,Educación,CONTRATADO,MASCULINO,918
2024,1,Educación,PERMANENTE,FEMENINO,64479
2024,1,Educación,PERMANENTE,MASCULINO,33674
2024,1,Empresas públicas,CONTRATADO,FEMENINO,479
2024,1,Empresas públicas,CONTRATADO,MASCULINO,1165
2024,1,Empresas públicas,PERMANENTE,FEMENINO,1991
2024,1,Empresas públicas,PERMANENTE,MASCULINO,6369
2024,1,Entes autónomos y autárquicos,CONTRATADO,FEMENINO,773
2024,1,Entes autónomos y autárquicos,CONTRATADO,MASCULINO,943
2024,1,Entes autónomos y autárquicos,PERMANENTE,FEMENINO,3205
2024,1,Entes autónomos y autárquicos,PERMANENTE,MASCULINO,4701
2024,1,Fuerzas públicas,CONTRATADO,FEMENINO,154
2024,1,Fuerzas públicas,CONTRATADO,MASCULINO,122
2024,1,Fuerzas públicas,PERMANENTE,FEMENINO,7831
2024,1,Fuerzas públicas,PERMANENTE,MASCULINO,42429
2024,1,Gobiernos departamentales,CONTRATADO,FEMENINO,373
2024,1,Gobiernos departamentales,CONTRATADO,MASCULINO,545
2024,1,Gobiernos departamentales,PERMANENTE,FEMENINO,463
2024,1,Gobiernos departamentales,PERMANENTE,MASCULINO,796
2024,1,Municipalidades,CONTRATADO,FEMENINO,6926
2024,1,Municipalidades,CONTRATADO,MASCULINO,11161
2024,1,Municipalidades,PERMANENTE,FEMENINO,2864
2024,1,Municipalidades,PERMANENTE,MASCULINO,4924
2024,1,Otros organismos,CONTRATADO,FEMENINO,217
2024,1,Otros organismos,CONTRATADO,MASCULINO,228
2024,1,Otros organismos,PERMANENTE,FEMENINO,1777
2024,1,Otros organismos,PERMANENTE,MASCULINO,2250
2024,1,Poder Judicial,CONTRATADO,FEMENINO,1038
2024,1,Poder Judicial,CONTRATADO,MASCULINO,818
2024,1,Poder Judicial,PERMANENTE,FEMENINO,13458
2024,1,Poder Judicial,PERMANENTE,MASCULINO,10680
2024,1,Poder Legislativo,CONTRATADO,FEMENINO,392
2024,1,Poder Legislativo,CONTRATADO,MASCULINO,536
2024,1,Poder Legislativo,PERMANENTE,FEMENINO,1312
2024,1,Poder Legislativo,PERMANENTE,MASCULINO,1646
2024,1,SA del Estado,CONTRATADO,FEMENINO,38
2024,1,SA del Estado,CONTRATADO,MASCULINO,49
2024,1,SA del Estado,PERMANENTE,FEMENINO,1443
2024,1,SA del Estado,PERMANENTE,MASCULINO,3196
2024,1,Salud,CONTRATADO,FEMENINO,28737
2024,1,Salud,CONTRATADO,MASCULINO,14273
2024,1,Salud,PERMANENTE,FEMENINO,27803
2024,1,Salud,PERMANENTE,MASCULINO,13526
2024,1,Servicio civil del Ejecutivo,CONTRATADO,FEMENINO,2310
2024,1,Servicio civil del Ejecutivo,CONTRATADO,MASCULINO,2733
2024,1,Servicio civil del Ejecutivo,PERMANENTE,FEMENINO,5696
2024,1,Servicio civil del Ejecutivo,PERMANENTE,MASCULINO,8318
2024,2,Educación,CONTRATADO,FEMENINO,1069
2024,2,Educación,CONTRATADO,MASCULINO,1003
2024,2,Educación,PERMANENTE,FEMENINO,65258
2024,2,Educación,PERMANENTE,MASCULINO,33987
2024,2,Empresas públicas,CONTRATADO,FEMENINO,483
2024,2,Empresas públicas,CONTRATADO,MASCULINO,1171
2024,2,Empresas públicas,PERMANENTE,FEMENINO,1985
2024,2,Empresas públicas,PERMANENTE,MASCULINO,6341
2024,2,Entes autónomos y autárquicos,CONTRATADO,FEMENINO,871
2024,2,Entes autónomos y autárquicos,CONTRATADO,MASCULINO,1027
2024,2,Entes autónomos y autárquicos,PERMANENTE,FEMENINO,3249
2024,2,Entes autónomos y autárquicos,PERMANENTE,MASCULINO,4711
2024,2,Fuerzas públicas,CONTRATADO,FEMENINO,160
2024,2,Fuerzas públicas,CONTRATADO,MASCULINO,139
2024,2,Fuerzas públicas,PERMANENTE,FEMENINO,7824
2024,2,Fuerzas públicas,PERMANENTE,MASCULINO,42690
2024,2,Gobiernos departamentales,CONTRATADO,FEMENINO,381
2024,2,Gobiernos departamentales,CONTRATADO,MASCULINO,543
2024,2,Gobiernos departamentales,PERMANENTE,FEMENINO,462
2024,2,Gobiernos departamentales,PERMANENTE,MASCULINO,797
2024,2,Municipalidades,CONTRATADO,FEMENINO,7458
2024,2,Municipalidades,CONTRATADO,MASCULINO,11620
2024,2,Municipalidades,PERMANENTE,FEMENINO,2871
2024,2,Municipalidades,PERMANENTE,MASCULINO,4922
2024,2,Otros organismos,CONTRATADO,FEMENINO,220
2024,2,Otros organismos,CONTRATADO,MASCULINO,232
2024,2,Otros organismos,PERMANENTE,FEMENINO,1776
2024,2,Otros organismos,PERMANENTE,MASCULINO,2245
2024,2,Poder Judicial,CONTRATADO,FEMENINO,1469
2024,2,Poder Judicial,CONTRATADO,MASCULINO,1220
2024,2,Poder Judicial,PERMANENTE,FEMENINO,13623
2024,2,Poder Judicial,PERMANENTE,MASCULINO,10871
2024,2,Poder Legislativo,CONTRATADO,FEMENINO,403
2024,2,Poder Legislativo,CONTRATADO,MASCULINO,554
2024,2,Poder Legislativo,PERMANENTE,FEMENINO,1318
2024,2,Poder Legislativo,PERMANENTE,MASCULINO,1658
2024,2,SA del Estado,CONTRATADO,FEMENINO,86
2024,2,SA del Estado,CONTRATADO,MASCULINO,141
2024,2,SA del Estado,PERMANENTE,FEMENINO,1432
2024,2,SA del Estado,PERMANENTE,MASCULINO,3184
2024,2,Salud,CONTRATADO,FEMENINO,28811
2024,2,Salud,CONTRATADO,MASCULINO,14354
2024,2,Salud,PERMANENTE,FEMENINO,27796
2024,2,Salud,PERMANENTE,MASCULINO,13498
2024,2,Servicio civil del Ejecutivo,CONTRATADO,FEMENINO,2789
2024,2,Servicio civil del Ejecutivo,CONTRATADO,MASCULINO,3326
2024,2,Servicio civil del Ejecutivo,PERMANENTE,FEMENINO,5830
2024,2,Servicio civil del Ejecutivo,PERMANENTE,MASCULINO,8438
2024,3,Educación,CONTRATADO,FEMENINO,1116
2024,3,Educación,CONTRATADO,MASCULINO,1073
2024,3,Educación,PERMANENTE,FEMENINO,66396
2024,3,Educación,PERMANENTE,MASCULINO,34469
2024,3,Empresas públicas,CONTRATADO,FEMENINO,486
2024,3,Empresas públicas,CONTRATADO,MASCULINO,1164
2024,3,Empresas públicas,PERMANENTE,FEMENINO,1981
2024,3,Empresas públicas,PERMANENTE,MASCULINO,6318
2024,3,Entes autónomos y autárquicos,CONTRATADO,FEMENINO,834
2024,3,Entes autónomos y autárquicos,CONTRATADO,MASCULINO,1014
2024,3,Entes autónomos y autárquicos,PERMANENTE,FEMENINO,3249
2024,3,Entes autónomos y autárquicos,PERMANENTE,MASCULINO,4709
2024,3,Fuerzas públicas,CONTRATADO,FEMENINO,160
2024,3,Fuerzas públicas,CONTRATADO,MASCULINO,140
2024,3,Fuerzas públicas,PERMANENTE,FEMENINO,7858
2024,3,Fuerzas públicas,PERMANENTE,MASCULINO,43774
2024,3,Gobiernos departamentales,CONTRATADO,FEMENINO,383
2024,3,Gobiernos departamentales,CONTRATADO,MASCULINO,549
2024,3,Gobiernos departamentales,PERMANENTE,FEMENINO,460
2024,3,Gobiernos departamentales,PERMANENTE,MASCULINO,796
2024,3,Municipalidades,CONTRATADO,FEMENINO,7858
2024,3,Municipalidades,CONTRATADO,MASCULINO,11808
2024,3,Municipalidades,PERMANENTE,FEMENINO,2848
2024,3,Municipalidades,PERMANENTE,MASCULINO,4894
2024,3,Otros organismos,CONTRATADO,FEMENINO,215
2024,3,Otros organismos,CONTRATADO,MASCULINO,231
2024,3,Otros organismos,PERMANENTE,FEMENINO,1758
2024,3,Otros organismos,PERMANENTE,MASCULINO,2215
2024,3,Poder Judicial,CONTRATADO,FEMENINO,1462
2024,3,Poder Judicial,CONTRATADO,MASCULINO,1223
2024,3,Poder Judicial,PERMANENTE,FEMENINO,13659
2024,3,Poder Judicial,PERMANENTE,MASCULINO,10862
2024,3,Poder Legislativo,CONTRATADO,FEMENINO,411
2024,3,Poder Legislativo,CONTRATADO,MASCULINO,558
2024,3,Poder Legislativo,PERMANENTE,FEMENINO,1320
2024,3,Poder Legislativo,PERMANENTE,MASCULINO,1658
2024,3,SA del Estado,CONTRATADO,FEMENINO,94
2024,3,SA del Estado,CONTRATADO,MASCULINO,136
2024,3,SA del Estado,PERMANENTE,FEMENINO,1415
2024,3,SA del Estado,PERMANENTE,MASCULINO,3206
2024,3,Salud,CONTRATADO,FEMENINO,28898
2024,3,Salud,CONTRATADO,MASCULINO,14361
2024,3,Salud,PERMANENTE,FEMENINO,27731
2024,3,Salud,PERMANENTE,MASCULINO,13451
2024,3,Servicio civil del Ejecutivo,CONTRATADO,FEMENINO,3057
2024,3,Servicio civil del Ejecutivo,CONTRATADO,MASCULINO,3666
2024,3,Servicio civil del Ejecutivo,PERMANENTE,FEMENINO,5837
2024,3,Servicio civil del Ejecutivo,PERMANENTE,MASCULINO,8435
2024,4,Educación,CONTRATADO,FEMENINO,1179
2024,4,Educación,CONTRATADO,MASCULINO,1090
2024,4,Educación,PERMANENTE,FEMENINO,67210
2024,4,Educación,PERMANENTE,MASCULINO,34780
2024,4,Empresas públicas,CONTRATADO,FEMENINO,485
2024,4,Empresas públicas,CONTRATADO,MASCULINO,1154
2024,4,Empresas públicas,PERMANENTE,FEMENINO,1974
2024,4,Empresas públicas,PERMANENTE,MASCULINO,6300
2024,4,Entes autónomos y autárquicos,CONTRATADO,FEMENINO,821
2024,4,Entes autónomos y autárquicos,CONTRATADO,MASCULINO,1008
2024,4,Entes autónomos y autárquicos,PERMANENTE,FEMENINO,3229
2024,4,Entes autónomos y autárquicos,PERMANENTE,MASCULINO,4651
2024,4,Fuerzas públicas,CONTRATADO,FEMENINO,155
2024,4,Fuerzas públicas,CONTRATADO,MASCULINO,157
2024,4,Fuerzas públicas,PERMANENTE,FEMENINO,7875
2024,4,Fuerzas públicas,PERMANENTE,MASCULINO,44217
2024,4,Gobiernos departamentales,CONTRATADO,FEMENINO,395
2024,4,Gobiernos departamentales,CONTRATADO,MASCULINO,576
2024,4,Gobiernos departamentales,PERMANENTE,FEMENINO,460
2024,4,Gobiernos departamentales,PERMANENTE,MASCULINO,798
2024,4,Municipalidades,CONTRATADO,FEMENINO,8058
2024,4,Municipalidades,CONTRATADO,MASCULINO,12067
2024,4,Municipalidades,PERMANENTE,FEMENINO,2887
2024,4,Municipalidades,PERMANENTE,MASCULINO,4931
2024,4,Otros organismos,CONTRATADO,FEMENINO,211
2024,4,Otros organismos,CONTRATADO,MASCULINO,222
2024,4,Otros organismos,PERMANENTE,FEMENINO,1725
2024,4,Otros organismos,PERMANENTE,MASCULINO,2147
2024,4,Poder Judicial,CONTRATADO,FEMENINO,1507
2024,4,Poder Judicial,CONTRATADO,MASCULINO,1251
2024,4,Poder Judicial,PERMANENTE,FEMENINO,13720
2024,4,Poder Judicial,PERMANENTE,MASCULINO,10912
2024,4,Poder Legislativo,CONTRATADO,FEMENINO,413
2024,4,Poder Legislativo,CONTRATADO,MASCULINO,555
2024,4,Poder Legislativo,PERMANENTE,FEMENINO,1321
2024,4,Poder Legislativo,PERMANENTE,MASCULINO,1659
2024,4,SA del Estado,CONTRATADO,FEMENINO,98
2024,4,SA del Estado,CONTRATADO,MASCULINO,168
2024,4,SA del Estado,PERMANENTE,FEMENINO,1407
2024,4,SA del Estado,PERMANENTE,MASCULINO,3202
2024,4,Salud,CONTRATADO,FEMENINO,28859
2024,4,Salud,CONTRATADO,MASCULINO,14273
2024,4,Salud,PERMANENTE,FEMENINO,27705
2024,4,Salud,PERMANENTE,MASCULINO,13455
2024,4,Servicio civil del Ejecutivo,CONTRATADO,FEMENINO,2769
2024,4,Servicio civil del Ejecutivo,CONTRATADO,MASCULINO,3490
2024,4,Servicio civil del Ejecutivo,PERMANENTE,FEMENINO,5835
2024,4,Servicio civil del Ejecutivo,PERMANENTE,MASCULINO,8435
2024,5,Educación,CONTRATADO,FEMENINO,1246
2024,5,Educación,CONTRATADO,MASCULINO,1179
2024,5,Educación,PERMANENTE,FEMENINO,67550
2024,5,Educación,PERMANENTE,MASCULINO,34841
2024,5,Empresas públicas,CONTRATADO,FEMENINO,457
2024,5,Empresas públicas,CONTRATADO,MASCULINO,1116
2024,5,Empresas públicas,PERMANENTE,FEMENINO,1991
2024,5,Empresas públicas,PERMANENTE,MASCULINO,6316
2024,5,Entes autónomos y autárquicos,CONTRATADO,FEMENINO,860
2024,5,Entes autónomos y autárquicos,CONTRATADO,MASCULINO,1025
2024,5,Entes autónomos y autárquicos,PERMANENTE,FEMENINO,3233
2024,5,Entes autónomos y autárquicos,PERMANENTE,MASCULINO,4644
2024,5,Fuerzas públicas,CONTRATADO,FEMENINO,154
2024,5,Fuerzas públicas,CONTRATADO,MASCULINO,159
2024,5,Fuerzas públicas,PERMANENTE,FEMENINO,7917
2024,5,Fuerzas públicas,PERMANENTE,MASCULINO,44444
2024,5,Gobiernos departamentales,CONTRATADO,FEMENINO,395
2024,5,Gobiernos departamentales,CONTRATADO,MASCULINO,581
2024,5,Gobiernos departamentales,PERMANENTE,FEMENINO,462
2024,5,Gobiernos departamentales,PERMANENTE,MASCULINO,797
2024,5,Municipalidades,CONTRATADO,FEMENINO,8181
2024,5,Municipalidades,CONTRATADO,MASCULINO,12191
2024,5,Municipalidades,PERMANENTE,FEMENINO,2886
2024,5,Municipalidades,PERMANENTE,MASCULINO,4932
2024,5,Otros organismos,CONTRATADO,FEMENINO,214
2024,5,Otros organismos,CONTRATADO,MASCULINO,226
2024,5,Otros organismos,PERMANENTE,FEMENINO,1723
2024,5,Otros organismos,PERMANENTE,MASCULINO,2137
2024,5,Poder Judicial,CONTRATADO,FEMENINO,1497
2024,5,Poder Judicial,CONTRATADO,MASCULINO,1276
2024,5,Poder Judicial,PERMANENTE,FEMENINO,13792
2024,5,Poder Judicial,PERMANENTE,MASCULINO,10926
2024,5,Poder Legislativo,CONTRATADO,FEMENINO,420
2024,5,Poder Legislativo,CONTRATADO,MASCULINO,565
2024,5,Poder Legislativo,PERMANENTE,FEMENINO,1323
2024,5,Poder Legislativo,PERMANENTE,MASCULINO,1671
2024,5,SA del Estado,CONTRATADO,FEMENINO,99
2024,5,SA del Estado,CONTRATADO,MASCULINO,195
2024,5,SA del Estado,PERMANENTE,FEMENINO,1400
2024,5,SA del Estado,PERMANENTE,MASCULINO,3188
2024,5,Salud,CONTRATADO,FEMENINO,29981
2024,5,Salud,CONTRATADO,MASCULINO,14735
2024,5,Salud,PERMANENTE,FEMENINO,27649
2024,5,Salud,PERMANENTE,MASCULINO,13428
2024,5,Servicio civil del Ejecutivo,CONTRATADO,FEMENINO,3059
2024,5,Servicio civil del Ejecutivo,CONTRATADO,MASCULINO,3713
2024,5,Servicio civil del Ejecutivo,PERMANENTE,FEMENINO,5830
2024,5,Servicio civil del Ejecutivo,PERMANENTE,MASCULINO,8425
2024,6,Educación,CONTRATADO,FEMENINO,1223
2024,6,Educación,CONTRATADO,MASCULINO,1140
2024,6,Educación,PERMANENTE,FEMENINO,67739
2024,6,Educación,PERMANENTE,MASCULINO,34837
2024,6,Empresas públicas,CONTRATADO,FEMENINO,458
2024,6,Empresas públicas,CONTRATADO,MASCULINO,1110
2024,6,Empresas públicas,PERMANENTE,FEMENINO,1987
2024,6,Empresas públicas,PERMANENTE,MASCULINO,6286
2024,6,Entes autónomos y autárquicos,CONTRATADO,FEMENINO,912
2024,6,Entes autónomos y autárquicos,CONTRATADO,MASCULINO,1076
2024,6,Entes autónomos y autárquicos,PERMANENTE,FEMENINO,3223
2024,6,Entes autónomos y autárquicos,PERMANENTE,MASCULINO,4632
2024,6,Fuerzas públicas,CONTRATADO,FEMENINO,161
2024,6,Fuerzas públicas,CONTRATADO,MASCULINO,159
2024,6,Fuerzas públicas,PERMANENTE,FEMENINO,7918
2024,6,Fuerzas públicas,PERMANENTE,MASCULINO,44461
2024,6,Gobiernos departamentales,CONTRATADO,FEMENINO,396
2024,6,Gobiernos departamentales,CONTRATADO,MASCULINO,578
2024,6,Gobiernos departamentales,PERMANENTE,FEMENINO,462
2024,6,Gobiernos departamentales,PERMANENTE,MASCULINO,794
2024,6,Municipalidades,CONTRATADO,FEMENINO,8165
2024,6,Municipalidades,CONTRATADO,MASCULINO,12208
2024,6,Municipalidades,PERMANENTE,FEMENINO,2884
2024,6,Municipalidades,PERMANENTE,MASCULINO,4926
2024,6,Otros organismos,CONTRATADO,FEMENINO,215
2024,6,Otros organismos,CONTRATADO,MASCULINO,224
2024,6,Otros organismos,PERMANENTE,FEMENINO,1759
2024,6,Otros organismos,PERMANENTE,MASCULINO,2184
2024,6,Poder Judicial,CONTRATADO,FEMENINO,1514
2024,6,Poder Judicial,CONTRATADO,MASCULINO,1275
2024,6,Poder Judicial,PERMANENTE,FEMENINO,13855
2024,6,Poder Judicial,PERMANENTE,MASCULINO,10962
2024,6,Poder Legislativo,CONTRATADO,FEMENINO,408
2024,6,Poder Legislativo,CONTRATADO,MASCULINO,568
2024,6,Poder Legislativo,PERMANENTE,FEMENINO,1313
2024,6,Poder Legislativo,PERMANENTE,MASCULINO,1646
2024,6,SA del Estado,CONTRATADO,FEMENINO,29
2024,6,SA del Estado,CONTRATADO,MASCULINO,51
2024,6,SA del Estado,PERMANENTE,FEMENINO,1398
2024,6,SA del Estado,PERMANENTE,MASCULINO,3166
2024,6,Salud,CONTRATADO,FEMENINO,29699
2024,6,Salud,CONTRATADO,MASCULINO,14674
2024,6,Salud,PERMANENTE,FEMENINO,27594
2024,6,Salud,PERMANENTE,MASCULINO,13406
2024,6,Servicio civil del Ejecutivo,CONTRATADO,FEMENINO,3357
2024,6,Servicio civil del Ejecutivo,CONTRATADO,MASCULINO,3974
2024,6,Servicio civil del Ejecutivo,PERMANENTE,FEMENINO,5833
2024,6,Servicio civil del Ejecutivo,PERMANENTE,MASCULINO,8413
2024,7,Educación,CONTRATADO,FEMENINO,1234
2024,7,Educación,CONTRATADO,MASCULINO,1186
2024,7,Educación,PERMANENTE,FEMENINO,67960
2024,7,Educación,PERMANENTE,MASCULINO,34904
2024,7,Empresas públicas,CONTRATADO,FEMENINO,488
2024,7,Empresas públicas,CONTRATADO,MASCULINO,1198
2024,7,Empresas públicas,PERMANENTE,FEMENINO,1979
2024,7,Empresas públicas,PERMANENTE,MASCULINO,6273
2024,7,Entes autónomos y autárquicos,CONTRATADO,FEMENINO,919
2024,7,Entes autónomos y autárquicos,CONTRATADO,MASCULINO,1057
2024,7,Entes autónomos y autárquicos,PERMANENTE,FEMENINO,3217
2024,7,Entes autónomos y autárquicos,PERMANENTE,MASCULINO,4621
2024,7,Fuerzas públicas,CONTRATADO,FEMENINO,167
2024,7,Fuerzas públicas,CONTRATADO,MASCULINO,176
2024,7,Fuerzas públicas,PERMANENTE,FEMENINO,8070
2024,7,Fuerzas públicas,PERMANENTE,MASCULINO,44734
2024,7,Gobiernos departamentales,CONTRATADO,FEMENINO,394
2024,7,Gobiernos departamentales,CONTRATADO,MASCULINO,573
2024,7,Gobiernos departamentales,PERMANENTE,FEMENINO,464
2024,7,Gobiernos departamentales,PERMANENTE,MASCULINO,802
2024,7,Municipalidades,CONTRATADO,FEMENINO,8177
2024,7,Municipalidades,CONTRATADO,MASCULINO,12211
2024,7,Municipalidades,PERMANENTE,FEMENINO,2876
2024,7,Municipalidades,PERMANENTE,MASCULINO,4901
2024,7,Otros organismos,CONTRATADO,FEMENINO,227
2024,7,Otros organismos,CONTRATADO,MASCULINO,230
2024,7,Otros organismos,PERMANENTE,FEMENINO,1752
2024,7,Otros organismos,PERMANENTE,MASCULINO,2172
2024,7,Poder Judicial,CONTRATADO,FEMENINO,1155
2024,7,Poder Judicial,CONTRATADO,MASCULINO,999
2024,7,Poder Judicial,PERMANENTE,FEMENINO,13841
2024,7,Poder Judicial,PERMANENTE,MASCULINO,10958
2024,7,Poder Legislativo,CONTRATADO,FEMENINO,397
2024,7,Poder Legislativo,CONTRATADO,MASCULINO,562
2024,7,Poder Legislativo,PERMANENTE,FEMENINO,1337
2024,7,Poder Legislativo,PERMANENTE,MASCULINO,1672
2024,7,SA del Estado,CONTRATADO,FEMENINO,106
2024,7,SA del Estado,CONTRATADO,MASCULINO,191
2024,7,SA del Estado,PERMANENTE,FEMENINO,1391
2024,7,SA del Estado,PERMANENTE,MASCULINO,3163
2024,7,Salud,CONTRATADO,FEMENINO,29587
2024,7,Salud,CONTRATADO,MASCULINO,14616
2024,7,Salud,PERMANENTE,FEMENINO,27557
2024,7,Salud,PERMANENTE,MASCULINO,13368
2024,7,Servicio civil del Ejecutivo,CONTRATADO,FEMENINO,3326
2024,7,Servicio civil del Ejecutivo,CONTRATADO,MASCULINO,3871
2024,7,Servicio civil del Ejecutivo,PERMANENTE,FEMENINO,5829
2024,7,Servicio civil del Ejecutivo,PERMANENTE,MASCULINO,8390
2024,8,Educación,CONTRATADO,FEMENINO,1243
2024,8,Educación,CONTRATADO,MASCULINO,1162
2024,8,Educación,PERMANENTE,FEMENINO,68411
2024,8,Educación,PERMANENTE,MASCULINO,35054
2024,8,Empresas públicas,CONTRATADO,FEMENINO,488
2024,8,Empresas públicas,CONTRATADO,MASCULINO,1202
2024,8,Empresas públicas,PERMANENTE,FEMENINO,1979
2024,8,Empresas públicas,PERMANENTE,MASCULINO,6268
2024,8,Entes autónomos y autárquicos,CONTRATADO,FEMENINO,840
2024,8,Entes autónomos y autárquicos,CONTRATADO,MASCULINO,1024
2024,8,Entes autónomos y autárquicos,PERMANENTE,FEMENINO,3085
2024,8,Entes autónomos y autárquicos,PERMANENTE,MASCULINO,4550
2024,8,Fuerzas públicas,CONTRATADO,FEMENINO,171
2024,8,Fuerzas públicas,CONTRATADO,MASCULINO,174
2024,8,Fuerzas públicas,PERMANENTE,FEMENINO,8090
2024,8,Fuerzas públicas,PERMANENTE,MASCULINO,44569
2024,8,Gobiernos departamentales,CONTRATADO,FEMENINO,401
2024,8,Gobiernos departamentales,CONTRATADO,MASCULINO,588
2024,8,Gobiernos departamentales,PERMANENTE,FEMENINO,469
2024,8,Gobiernos departamentales,PERMANENTE,MASCULINO,809
2024,8,Municipalidades,CONTRATADO,FEMENINO,8214
2024,8,Municipalidades,CONTRATADO,MASCULINO,12195
2024,8,Municipalidades,PERMANENTE,FEMENINO,2869
2024,8,Municipalidades,PERMANENTE,MASCULINO,4882
2024,8,Otros organismos,CONTRATADO,FEMENINO,212
2024,8,Otros organismos,CONTRATADO,MASCULINO,221
2024,8,Otros organismos,PERMANENTE,FEMENINO,1762
2024,8,Otros organismos,PERMANENTE,MASCULINO,2173
2024,8,Poder Judicial,CONTRATADO,FEMENINO,1371
2024,8,Poder Judicial,CONTRATADO,MASCULINO,1144
2024,8,Poder Judicial,PERMANENTE,FEMENINO,13920
2024,8,Poder Judicial,PERMANENTE,MASCULINO,11024
2024,8,Poder Legislativo,CONTRATADO,FEMENINO,395
2024,8,Poder Legislativo,CONTRATADO,MASCULINO,568
2024,8,Poder Legislativo,PERMANENTE,FEMENINO,1357
2024,8,Poder Legislativo,PERMANENTE,MASCULINO,1699
2024,8,SA del Estado,CONTRATADO,FEMENINO,107
2024,8,SA del Estado,CONTRATADO,MASCULINO,198
2024,8,SA del Estado,PERMANENTE,FEMENINO,1390
2024,8,SA del Estado,PERMANENTE,MASCULINO,3150
2024,8,Salud,CONTRATADO,FEMENINO,29823
2024,8,Salud,CONTRATADO,MASCULINO,14679
2024,8,Salud,PERMANENTE,FEMENINO,27506
2024,8,Salud,PERMANENTE,MASCULINO,13344
2024,8,Servicio civil del Ejecutivo,CONTRATADO,FEMENINO,3483
2024,8,Servicio civil del Ejecutivo,CONTRATADO,MASCULINO,3930
2024,8,Servicio civil del Ejecutivo,PERMANENTE,FEMENINO,5820
2024,8,Servicio civil del Ejecutivo,PERMANENTE,MASCULINO,8378
2024,9,Educación,CONTRATADO,FEMENINO,1207
2024,9,Educación,CONTRATADO,MASCULINO,1130
2024,9,Educación,PERMANENTE,FEMENINO,68292
2024,9,Educación,PERMANENTE,MASCULINO,34981
2024,9,Empresas públicas,CONTRATADO,FEMENINO,495
2024,9,Empresas públicas,CONTRATADO,MASCULINO,1207
2024,9,Empresas públicas,PERMANENTE,FEMENINO,1970
2024,9,Empresas públicas,PERMANENTE,MASCULINO,6246
2024,9,Entes autónomos y autárquicos,CONTRATADO,FEMENINO,866
2024,9,Entes autónomos y autárquicos,CONTRATADO,MASCULINO,1052
2024,9,Entes autónomos y autárquicos,PERMANENTE,FEMENINO,3204
2024,9,Entes autónomos y autárquicos,PERMANENTE,MASCULINO,4592
2024,9,Fuerzas públicas,CONTRATADO,FEMENINO,166
2024,9,Fuerzas públicas,CONTRATADO,MASCULINO,172
2024,9,Fuerzas públicas,PERMANENTE,FEMENINO,8090
2024,9,Fuerzas públicas,PERMANENTE,MASCULINO,44682
2024,9,Gobiernos departamentales,CONTRATADO,FEMENINO,401
2024,9,Gobiernos departamentales,CONTRATADO,MASCULINO,600
2024,9,Gobiernos departamentales,PERMANENTE,FEMENINO,467
2024,9,Gobiernos departamentales,PERMANENTE,MASCULINO,808
2024,9,Municipalidades,CONTRATADO,FEMENINO,8171
2024,9,Municipalidades,CONTRATADO,MASCULINO,12044
2024,9,Municipalidades,PERMANENTE,FEMENINO,2856
2024,9,Municipalidades,PERMANENTE,MASCULINO,4817
2024,9,Otros organismos,CONTRATADO,FEMENINO,227
2024,9,Otros organismos,CONTRATADO,MASCULINO,233
2024,9,Otros organismos,PERMANENTE,FEMENINO,1761
2024,9,Otros organismos,PERMANENTE,MASCULINO,2163
2024,9,Poder Judicial,CONTRATADO,FEMENINO,1398
2024,9,Poder Judicial,CONTRATADO,MASCULINO,1185
2024,9,Poder Judicial,PERMANENTE,FEMENINO,13950
2024,9,Poder Judicial,PERMANENTE,MASCULINO,11025
2024,9,Poder Legislativo,CONTRATADO,FEMENINO,416
2024,9,Poder Legislativo,CONTRATADO,MASCULINO,578
2024,9,Poder Legislativo,PERMANENTE,FEMENINO,1360
2024,9,Poder Legislativo,PERMANENTE,MASCULINO,1704
2024,9,SA del Estado,CONTRATADO,FEMENINO,119
2024,9,SA del Estado,CONTRATADO,MASCULINO,217
2024,9,SA del Estado,PERMANENTE,FEMENINO,1385
2024,9,SA del Estado,PERMANENTE,MASCULINO,3139
2024,9,Salud,CONTRATADO,FEMENINO,29784
2024,9,Salud,CONTRATADO,MASCULINO,14653
2024,9,Salud,PERMANENTE,FEMENINO,27485
2024,9,Salud,PERMANENTE,MASCULINO,13326
2024,9,Servicio civil del Ejecutivo,CONTRATADO,FEMENINO,2960
2024,9,Servicio civil del Ejecutivo,CONTRATADO,MASCULINO,3390
2024,9,Servicio civil del Ejecutivo,PERMANENTE,FEMENINO,5828
2024,9,Servicio civil del Ejecutivo,PERMANENTE,MASCULINO,8362
2024,10,Educación,CONTRATADO,FEMENINO,1290
2024,10,Educación,CONTRATADO,MASCULINO,1197
2024,10,Educación,PERMANENTE,FEMENINO,68299
2024,10,Educación,PERMANENTE,MASCULINO,34742
2024,10,Empresas públicas,CONTRATADO,FEMENINO,495
2024,10,Empresas públicas,CONTRATADO,MASCULINO,1191
2024,10,Empresas públicas,PERMANENTE,FEMENINO,1942
2024,10,Empresas públicas,PERMANENTE,MASCULINO,6135
2024,10,Entes autónomos y autárquicos,CONTRATADO,FEMENINO,855
2024,10,Entes autónomos y autárquicos,CONTRATADO,MASCULINO,1035
2024,10,Entes autónomos y autárquicos,PERMANENTE,FEMENINO,3204
2024,10,Entes autónomos y autárquicos,PERMANENTE,MASCULINO,4590
2024,10,Fuerzas públicas,CONTRATADO,FEMENINO,163
2024,10,Fuerzas públicas,CONTRATADO,MASCULINO,168
2024,10,Fuerzas públicas,PERMANENTE,FEMENINO,8089
2024,10,Fuerzas públicas,PERMANENTE,MASCULINO,44871
2024,10,Gobiernos departamentales,CONTRATADO,FEMENINO,392
2024,10,Gobiernos departamentales,CONTRATADO,MASCULINO,598
2024,10,Gobiernos departamentales,PERMANENTE,FEMENINO,469
2024,10,Gobiernos departamentales,PERMANENTE,MASCULINO,808
2024,10,Municipalidades,CONTRATADO,FEMENINO,8227
2024,10,Municipalidades,CONTRATADO,MASCULINO,12215
2024,10,Municipalidades,PERMANENTE,FEMENINO,2890
2024,10,Municipalidades,PERMANENTE,MASCULINO,4915
2024,10,Otros organismos,CONTRATADO,FEMENINO,219
2024,10,Otros organismos,CONTRATADO,MASCULINO,229
2024,10,Otros organismos,PERMANENTE,FEMENINO,1763
2024,10,Otros organismos,PERMANENTE,MASCULINO,2160
2024,10,Poder Judicial,CONTRATADO,FEMENINO,1479
2024,10,Poder Judicial,CONTRATADO,MASCULINO,1274
2024,10,Poder Judicial,PERMANENTE,FEMENINO,14014
2024,10,Poder Judicial,PERMANENTE,MASCULINO,11065
2024,10,Poder Legislativo,CONTRATADO,FEMENINO,428
2024,10,Poder Legislativo,CONTRATADO,MASCULINO,611
2024,10,Poder Legislativo,PERMANENTE,FEMENINO,1354
2024,10,Poder Legislativo,PERMANENTE,MASCULINO,1699
2024,10,SA del Estado,CONTRATADO,FEMENINO,102
2024,10,SA del Estado,CONTRATADO,MASCULINO,237
2024,10,SA del Estado,PERMANENTE,FEMENINO,1374
2024,10,SA del Estado,PERMANENTE,MASCULINO,3111
2024,10,Salud,CONTRATADO,FEMENINO,29888
2024,10,Salud,CONTRATADO,MASCULINO,14665
2024,10,Salud,PERMANENTE,FEMENINO,27437
2024,10,Salud,PERMANENTE,MASCULINO,13288
2024,10,Servicio civil del Ejecutivo,CONTRATADO,FEMENINO,3387
2024,10,Servicio civil del Ejecutivo,CONTRATADO,MASCULINO,3786
2024,10,Servicio civil del Ejecutivo,PERMANENTE,FEMENINO,6058
2024,10,Servicio civil del Ejecutivo,PERMANENTE,MASCULINO,8654
2024,11,Educación,CONTRATADO,FEMENINO,1279
2024,11,Educación,CONTRATADO,MASCULINO,1200
2024,11,Educación,PERMANENTE,FEMENINO,68428
2024,11,Educación,PERMANENTE,MASCULINO,34795
2024,11,Empresas públicas,CONTRATADO,FEMENINO,503
2024,11,Empresas públicas,CONTRATADO,MASCULINO,1196
2024,11,Empresas públicas,PERMANENTE,FEMENINO,1939
2024,11,Empresas públicas,PERMANENTE,MASCULINO,6124
2024,11,Entes autónomos y autárquicos,CONTRATADO,FEMENINO,881
2024,11,Entes autónomos y autárquicos,CONTRATADO,MASCULINO,1049
2024,11,Entes autónomos y autárquicos,PERMANENTE,FEMENINO,3208
2024,11,Entes autónomos y autárquicos,PERMANENTE,MASCULINO,4592
2024,11,Fuerzas públicas,CONTRATADO,FEMENINO,170
2024,11,Fuerzas públicas,CONTRATADO,MASCULINO,171
2024,11,Fuerzas públicas,PERMANENTE,FEMENINO,8068
2024,11,Fuerzas públicas,PERMANENTE,MASCULINO,44813
2024,11,Gobiernos departamentales,CONTRATADO,FEMENINO,416
2024,11,Gobiernos departamentales,CONTRATADO,MASCULINO,609
2024,11,Gobiernos departamentales,PERMANENTE,FEMENINO,465
2024,11,Gobiernos departamentales,PERMANENTE,MASCULINO,808
2024,11,Municipalidades,CONTRATADO,FEMENINO,8074
2024,11,Municipalidades,CONTRATADO,MASCULINO,12188
2024,11,Municipalidades,PERMANENTE,FEMENINO,2879
2024,11,Municipalidades,PERMANENTE,MASCULINO,4884
2024,11,Otros organismos,CONTRATADO,FEMENINO,220
2024,11,Otros organismos,CONTRATADO,MASCULINO,236
2024,11,Otros organismos,PERMANENTE,FEMENINO,1787
2024,11,Otros organismos,PERMANENTE,MASCULINO,2164
2024,11,Poder Judicial,CONTRATADO,FEMENINO,1521
2024,11,Poder Judicial,CONTRATADO,MASCULINO,1284
2024,11,Poder Judicial,PERMANENTE,FEMENINO,14106
2024,11,Poder Judicial,PERMANENTE,MASCULINO,11096
2024,11,Poder Legislativo,CONTRATADO,FEMENINO,472
2024,11,Poder Legislativo,CONTRATADO,MASCULINO,656
2024,11,Poder Legislativo,PERMANENTE,FEMENINO,1361
2024,11,Poder Legislativo,PERMANENTE,MASCULINO,1712
2024,11,SA del Estado,CONTRATADO,FEMENINO,103
2024,11,SA del Estado,CONTRATADO,MASCULINO,239
2024,11,SA del Estado,PERMANENTE,FEMENINO,1372
2024,11,SA del Estado,PERMANENTE,MASCULINO,3100
2024,11,Salud,CONTRATADO,FEMENINO,30069
2024,11,Salud,CONTRATADO,MASCULINO,14751
2024,11,Salud,PERMANENTE,FEMENINO,27408
2024,11,Salud,PERMANENTE,MASCULINO,13265
2024,11,Servicio civil del Ejecutivo,CONTRATADO,FEMENINO,3510
2024,11,Servicio civil del Ejecutivo,CONTRATADO,MASCULINO,3865
2024,11,Servicio civil del Ejecutivo,PERMANENTE,FEMENINO,6051
2024,11,Servicio civil del Ejecutivo,PERMANENTE,MASCULINO,8648
2024,12,Educación,CONTRATADO,FEMENINO,1501
2024,12,Educación,CONTRATADO,MASCULINO,1403
2024,12,Educación,PERMANENTE,FEMENINO,68382
2024,12,Educación,PERMANENTE,MASCULINO,34757
2024,12,Empresas públicas,CONTRATADO,FEMENINO,380
2024,12,Empresas públicas,CONTRATADO,MASCULINO,963
2024,12,Empresas públicas,PERMANENTE,FEMENINO,1647
2024,12,Empresas públicas,PERMANENTE,MASCULINO,5258
2024,12,Entes autónomos y autárquicos,CONTRATADO,FEMENINO,926
2024,12,Entes autónomos y autárquicos,CONTRATADO,MASCULINO,1059
2024,12,Entes autónomos y autárquicos,PERMANENTE,FEMENINO,3216
2024,12,Entes autónomos y autárquicos,PERMANENTE,MASCULINO,4395
2024,12,Fuerzas públicas,CONTRATADO,FEMENINO,161
2024,12,Fuerzas públicas,CONTRATADO,MASCULINO,166
2024,12,Fuerzas públicas,PERMANENTE,FEMENINO,8065
2024,12,Fuerzas públicas,PERMANENTE,MASCULINO,44688
2024,12,Gobiernos departamentales,CONTRATADO,FEMENINO,425
2024,12,Gobiernos departamentales,CONTRATADO,MASCULINO,618
2024,12,Gobiernos departamentales,PERMANENTE,FEMENINO,464
2024,12,Gobiernos departamentales,PERMANENTE,MASCULINO,809
2024,12,Municipalidades,CONTRATADO,FEMENINO,7868
2024,12,Municipalidades,CONTRATADO,MASCULINO,11896
2024,12,Municipalidades,PERMANENTE,FEMENINO,2861
2024,12,Municipalidades,PERMANENTE,MASCULINO,4865
2024,12,Otros organismos,CONTRATADO,FEMENINO,202
2024,12,Otros organismos,CONTRATADO,MASCULINO,221
2024,12,Otros organismos,PERMANENTE,FEMENINO,1817
2024,12,Otros organismos,PERMANENTE,MASCULINO,2169
2024,12,Poder Judicial,CONTRATADO,FEMENINO,1541
2024,12,Poder Judicial,CONTRATADO,MASCULINO,1307
2024,12,Poder Judicial,PERMANENTE,FEMENINO,14086
2024,12,Poder Judicial,PERMANENTE,MASCULINO,11084
2024,12,Poder Legislativo,CONTRATADO,FEMENINO,471
2024,12,Poder Legislativo,CONTRATADO,MASCULINO,650
2024,12,Poder Legislativo,PERMANENTE,FEMENINO,1358
2024,12,Poder Legislativo,PERMANENTE,MASCULINO,1712
2024,12,SA del Estado,CONTRATADO,FEMENINO,34
2024,12,SA del Estado,CONTRATADO,MASCULINO,47
2024,12,SA del Estado,PERMANENTE,FEMENINO,1368
2024,12,SA del Estado,PERMANENTE,MASCULINO,3096
2024,12,Salud,CONTRATADO,FEMENINO,30452
2024,12,Salud,CONTRATADO,MASCULINO,14853
2024,12,Salud,PERMANENTE,FEMENINO,27402
2024,12,Salud,PERMANENTE,MASCULINO,13252
2024,12,Servicio civil del Ejecutivo,CONTRATADO,FEMENINO,3582
2024,12,Servicio civil del Ejecutivo,CONTRATADO,MASCULINO,3948
2024,12,Servicio civil del Ejecutivo,PERMANENTE,FEMENINO,6085
2024,12,Servicio civil del Ejecutivo,PERMANENTE,MASCULINO,8676
2025,1,Educación,CONTRATADO,FEMENINO,1022
2025,1,Educación,CONTRATADO,MASCULINO,984
2025,1,Educación,PERMANENTE,FEMENINO,63447
2025,1,Educación,PERMANENTE,MASCULINO,32919
2025,1,Empresas públicas,CONTRATADO,FEMENINO,473
2025,1,Empresas públicas,CONTRATADO,MASCULINO,1077
2025,1,Empresas públicas,PERMANENTE,FEMENINO,1931
2025,1,Empresas públicas,PERMANENTE,MASCULINO,6078
2025,1,Entes autónomos y autárquicos,CONTRATADO,FEMENINO,632
2025,1,Entes autónomos y autárquicos,CONTRATADO,MASCULINO,764
2025,1,Entes autónomos y autárquicos,PERMANENTE,FEMENINO,3287
2025,1,Entes autónomos y autárquicos,PERMANENTE,MASCULINO,4587
2025,1,Fuerzas públicas,CONTRATADO,FEMENINO,142
2025,1,Fuerzas públicas,CONTRATADO,MASCULINO,133
2025,1,Fuerzas públicas,PERMANENTE,FEMENINO,8384
2025,1,Fuerzas públicas,PERMANENTE,MASCULINO,45609
2025,1,Gobiernos departamentales,CONTRATADO,FEMENINO,427
2025,1,Gobiernos departamentales,CONTRATADO,MASCULINO,615
2025,1,Gobiernos departamentales,PERMANENTE,FEMENINO,462
2025,1,Gobiernos departamentales,PERMANENTE,MASCULINO,813
2025,1,Municipalidades,CONTRATADO,FEMENINO,7219
2025,1,Municipalidades,CONTRATADO,MASCULINO,11466
2025,1,Municipalidades,PERMANENTE,FEMENINO,2942
2025,1,Municipalidades,PERMANENTE,MASCULINO,4916
2025,1,Otros organismos,CONTRATADO,FEMENINO,168
2025,1,Otros organismos,CONTRATADO,MASCULINO,198
2025,1,Otros organismos,PERMANENTE,FEMENINO,1842
2025,1,Otros organismos,PERMANENTE,MASCULINO,2218
2025,1,Poder Judicial,CONTRATADO,FEMENINO,1229
2025,1,Poder Judicial,CONTRATADO,MASCULINO,971
2025,1,Poder Judicial,PERMANENTE,FEMENINO,14049
2025,1,Poder Judicial,PERMANENTE,MASCULINO,11007
2025,1,Poder Legislativo,CONTRATADO,FEMENINO,458
2025,1,Poder Legislativo,CONTRATADO,MASCULINO,629
2025,1,Poder Legislativo,PERMANENTE,FEMENINO,1341
2025,1,Poder Legislativo,PERMANENTE,MASCULINO,1691
2025,1,SA del Estado,CONTRATADO,FEMENINO,59
2025,1,SA del Estado,CONTRATADO,MASCULINO,132
2025,1,SA del Estado,PERMANENTE,FEMENINO,1358
2025,1,SA del Estado,PERMANENTE,MASCULINO,3077
2025,1,Salud,CONTRATADO,FEMENINO,30597
2025,1,Salud,CONTRATADO,MASCULINO,14820
2025,1,Salud,PERMANENTE,FEMENINO,27267
2025,1,Salud,PERMANENTE,MASCULINO,13196
2025,1,Servicio civil del Ejecutivo,CONTRATADO,FEMENINO,2481
2025,1,Servicio civil del Ejecutivo,CONTRATADO,MASCULINO,2825
2025,1,Servicio civil del Ejecutivo,PERMANENTE,FEMENINO,6051
2025,1,Servicio civil del Ejecutivo,PERMANENTE,MASCULINO,8618
2025,2,Educación,CONTRATADO,FEMENINO,1127
2025,2,Educación,CONTRATADO,MASCULINO,1080
2025,2,Educación,PERMANENTE,FEMENINO,65715
2025,2,Educación,PERMANENTE,MASCULINO,33743
2025,2,Empresas públicas,CONTRATADO,FEMENINO,469
2025,2,Empresas públicas,CONTRATADO,MASCULINO,1076
2025,2,Empresas públicas,PERMANENTE,FEMENINO,1926
2025,2,Empresas públicas,PERMANENTE,MASCULINO,6037
2025,2,Entes autónomos y autárquicos,CONTRATADO,FEMENINO,753
2025,2,Entes autónomos y autárquicos,CONTRATADO,MASCULINO,956
2025,2,Entes autónomos y autárquicos,PERMANENTE,FEMENINO,3287
2025,2,Entes autónomos y autárquicos,PERMANENTE,MASCULINO,4592
2025,2,Fuerzas públicas,CONTRATADO,FEMENINO,146
2025,2,Fuerzas públicas,CONTRATADO,MASCULINO,146
2025,2,Fuerzas públicas,PERMANENTE,FEMENINO,8378
2025,2,Fuerzas públicas,PERMANENTE,MASCULINO,45683
2025,2,Gobiernos departamentales,CONTRATADO,FEMENINO,441
2025,2,Gobiernos departamentales,CONTRATADO,MASCULINO,624
2025,2,Gobiernos departamentales,PERMANENTE,FEMENINO,472
2025,2,Gobiernos departamentales,PERMANENTE,MASCULINO,822
2025,2,Municipalidades,CONTRATADO,FEMENINO,7719
2025,2,Municipalidades,CONTRATADO,MASCULINO,11796
2025,2,Municipalidades,PERMANENTE,FEMENINO,2944
2025,2,Municipalidades,PERMANENTE,MASCULINO,4900
2025,2,Otros organismos,CONTRATADO,FEMENINO,208
2025,2,Otros organismos,CONTRATADO,MASCULINO,219
2025,2,Otros organismos,PERMANENTE,FEMENINO,1849
2025,2,Otros organismos,PERMANENTE,MASCULINO,2222
2025,2,Poder Judicial,CONTRATADO,FEMENINO,1567
2025,2,Poder Judicial,CONTRATADO,MASCULINO,1293
2025,2,Poder Judicial,PERMANENTE,FEMENINO,14098
2025,2,Poder Judicial,PERMANENTE,MASCULINO,11042
2025,2,Poder Legislativo,CONTRATADO,FEMENINO,460
2025,2,Poder Legislativo,CONTRATADO,MASCULINO,636
2025,2,Poder Legislativo,PERMANENTE,FEMENINO,1365
2025,2,Poder Legislativo,PERMANENTE,MASCULINO,1727
2025,2,SA del Estado,CONTRATADO,FEMENINO,100
2025,2,SA del Estado,CONTRATADO,MASCULINO,243
2025,2,SA del Estado,PERMANENTE,FEMENINO,1350
2025,2,SA del Estado,PERMANENTE,MASCULINO,3063
2025,2,Salud,CONTRATADO,FEMENINO,30612
2025,2,Salud,CONTRATADO,MASCULINO,14822
2025,2,Salud,PERMANENTE,FEMENINO,27219
2025,2,Salud,PERMANENTE,MASCULINO,13159
2025,2,Servicio civil del Ejecutivo,CONTRATADO,FEMENINO,2891
2025,2,Servicio civil del Ejecutivo,CONTRATADO,MASCULINO,3425
2025,2,Servicio civil del Ejecutivo,PERMANENTE,FEMENINO,6061
2025,2,Servicio civil del Ejecutivo,PERMANENTE,MASCULINO,8654
2025,3,Educación,CONTRATADO,FEMENINO,1200
2025,3,Educación,CONTRATADO,MASCULINO,1140
2025,3,Educación,PERMANENTE,FEMENINO,67276
2025,3,Educación,PERMANENTE,MASCULINO,34366
2025,3,Empresas públicas,CONTRATADO,FEMENINO,472
2025,3,Empresas públicas,CONTRATADO,MASCULINO,1081
2025,3,Empresas públicas,PERMANENTE,FEMENINO,1930
2025,3,Empresas públicas,PERMANENTE,MASCULINO,6043
2025,3,Entes autónomos y autárquicos,CONTRATADO,FEMENINO,786
2025,3,Entes autónomos y autárquicos,CONTRATADO,MASCULINO,981
2025,3,Entes autónomos y autárquicos,PERMANENTE,FEMENINO,3294
2025,3,Entes autónomos y autárquicos,PERMANENTE,MASCULINO,4584
2025,3,Fuerzas públicas,CONTRATADO,FEMENINO,145
2025,3,Fuerzas públicas,CONTRATADO,MASCULINO,163
2025,3,Fuerzas públicas,PERMANENTE,FEMENINO,8493
2025,3,Fuerzas públicas,PERMANENTE,MASCULINO,47025
2025,3,Gobiernos departamentales,CONTRATADO,FEMENINO,450
2025,3,Gobiernos departamentales,CONTRATADO,MASCULINO,643
2025,3,Gobiernos departamentales,PERMANENTE,FEMENINO,471
2025,3,Gobiernos departamentales,PERMANENTE,MASCULINO,821
2025,3,Municipalidades,CONTRATADO,FEMENINO,8013
2025,3,Municipalidades,CONTRATADO,MASCULINO,12085
2025,3,Municipalidades,PERMANENTE,FEMENINO,2966
2025,3,Municipalidades,PERMANENTE,MASCULINO,4947
2025,3,Otros organismos,CONTRATADO,FEMENINO,205
2025,3,Otros organismos,CONTRATADO,MASCULINO,218
2025,3,Otros organismos,PERMANENTE,FEMENINO,1852
2025,3,Otros organismos,PERMANENTE,MASCULINO,2213
2025,3,Poder Judicial,CONTRATADO,FEMENINO,1577
2025,3,Poder Judicial,CONTRATADO,MASCULINO,1312
2025,3,Poder Judicial,PERMANENTE,FEMENINO,14153
2025,3,Poder Judicial,PERMANENTE,MASCULINO,11066
2025,3,Poder Legislativo,CONTRATADO,FEMENINO,456
2025,3,Poder Legislativo,CONTRATADO,MASCULINO,609
2025,3,Poder Legislativo,PERMANENTE,FEMENINO,1365
2025,3,Poder Legislativo,PERMANENTE,MASCULINO,1725
2025,3,SA del Estado,CONTRATADO,FEMENINO,100
2025,3,SA del Estado,CONTRATADO,MASCULINO,190
2025,3,SA del Estado,PERMANENTE,FEMENINO,1349
2025,3,SA del Estado,PERMANENTE,MASCULINO,3063
2025,3,Salud,CONTRATADO,FEMENINO,30674
2025,3,Salud,CONTRATADO,MASCULINO,14794
2025,3,Salud,PERMANENTE,FEMENINO,27168
2025,3,Salud,PERMANENTE,MASCULINO,13130
2025,3,Servicio civil del Ejecutivo,CONTRATADO,FEMENINO,3352
2025,3,Servicio civil del Ejecutivo,CONTRATADO,MASCULINO,3761
2025,3,Servicio civil del Ejecutivo,PERMANENTE,FEMENINO,6057
2025,3,Servicio civil del Ejecutivo,PERMANENTE,MASCULINO,8651
2025,4,Educación,CONTRATADO,FEMENINO,1299
2025,4,Educación,CONTRATADO,MASCULINO,1233
2025,4,Educación,PERMANENTE,FEMENINO,68153
2025,4,Educación,PERMANENTE,MASCULINO,34656
2025,4,Empresas públicas,CONTRATADO,FEMENINO,497
2025,4,Empresas públicas,CONTRATADO,MASCULINO,1186
2025,4,Empresas públicas,PERMANENTE,FEMENINO,1924
2025,4,Empresas públicas,PERMANENTE,MASCULINO,6026
2025,4,Entes autónomos y autárquicos,CONTRATADO,FEMENINO,851
2025,4,Entes autónomos y autárquicos,CONTRATADO,MASCULINO,1020
2025,4,Entes autónomos y autárquicos,PERMANENTE,FEMENINO,3292
2025,4,Entes autónomos y autárquicos,PERMANENTE,MASCULINO,4573
2025,4,Fuerzas públicas,CONTRATADO,FEMENINO,170
2025,4,Fuerzas públicas,CONTRATADO,MASCULINO,257
2025,4,Fuerzas públicas,PERMANENTE,FEMENINO,8489
2025,4,Fuerzas públicas,PERMANENTE,MASCULINO,47362
2025,4,Gobiernos departamentales,CONTRATADO,FEMENINO,456
2025,4,Gobiernos departamentales,CONTRATADO,MASCULINO,654
2025,4,Gobiernos departamentales,PERMANENTE,FEMENINO,469
2025,4,Gobiernos departamentales,PERMANENTE,MASCULINO,820
2025,4,Municipalidades,CONTRATADO,FEMENINO,8280
2025,4,Municipalidades,CONTRATADO,MASCULINO,12223
2025,4,Municipalidades,PERMANENTE,FEMENINO,2992
2025,4,Municipalidades,PERMANENTE,MASCULINO,4954
2025,4,Otros organismos,CONTRATADO,FEMENINO,207
2025,4,Otros organismos,CONTRATADO,MASCULINO,220
2025,4,Otros organismos,PERMANENTE,FEMENINO,1850
2025,4,Otros organismos,PERMANENTE,MASCULINO,2206
2025,4,Poder Judicial,CONTRATADO,FEMENINO,1578
2025,4,Poder Judicial,CONTRATADO,MASCULINO,1292
2025,4,Poder Judicial,PERMANENTE,FEMENINO,14125
2025,4,Poder Judicial,PERMANENTE,MASCULINO,10996
2025,4,Poder Legislativo,CONTRATADO,FEMENINO,468
2025,4,Poder Legislativo,CONTRATADO,MASCULINO,610
2025,4,Poder Legislativo,PERMANENTE,FEMENINO,1373
2025,4,Poder Legislativo,PERMANENTE,MASCULINO,1739
2025,4,SA del Estado,CONTRATADO,FEMENINO,101
2025,4,SA del Estado,CONTRATADO,MASCULINO,220
2025,4,SA del Estado,PERMANENTE,FEMENINO,1351
2025,4,SA del Estado,PERMANENTE,MASCULINO,3056
2025,4,Salud,CONTRATADO,FEMENINO,30796
2025,4,Salud,CONTRATADO,MASCULINO,14876
2025,4,Salud,PERMANENTE,FEMENINO,27120
2025,4,Salud,PERMANENTE,MASCULINO,13082
2025,4,Servicio civil del Ejecutivo,CONTRATADO,FEMENINO,2937
2025,4,Servicio civil del Ejecutivo,CONTRATADO,MASCULINO,3478
2025,4,Servicio civil del Ejecutivo,PERMANENTE,FEMENINO,6048
2025,4,Servicio civil del Ejecutivo,PERMANENTE,MASCULINO,8639
2025,5,Educación,CONTRATADO,FEMENINO,1293
2025,5,Educación,CONTRATADO,MASCULINO,1237
2025,5,Educación,PERMANENTE,FEMENINO,68608
2025,5,Educación,PERMANENTE,MASCULINO,34813
2025,5,Empresas públicas,CONTRATADO,FEMENINO,510
2025,5,Empresas públicas,CONTRATADO,MASCULINO,1191
2025,5,Empresas públicas,PERMANENTE,FEMENINO,1913
2025,5,Empresas públicas,PERMANENTE,MASCULINO,5971
2025,5,Entes autónomos y autárquicos,CONTRATADO,FEMENINO,869
2025,5,Entes autónomos y autárquicos,CONTRATADO,MASCULINO,1016
2025,5,Entes autónomos y autárquicos,PERMANENTE,FEMENINO,3289
2025,5,Entes autónomos y autárquicos,PERMANENTE,MASCULINO,4566
2025,5,Fuerzas públicas,CONTRATADO,FEMENINO,166
2025,5,Fuerzas públicas,CONTRATADO,MASCULINO,230
2025,5,Fuerzas públicas,PERMANENTE,FEMENINO,9334
2025,5,Fuerzas públicas,PERMANENTE,MASCULINO,51495
2025,5,Gobiernos departamentales,CONTRATADO,FEMENINO,459
2025,5,Gobiernos departamentales,CONTRATADO,MASCULINO,650
2025,5,Gobiernos departamentales,PERMANENTE,FEMENINO,468
2025,5,Gobiernos departamentales,PERMANENTE,MASCULINO,816
2025,5,Municipalidades,CONTRATADO,FEMENINO,8362
2025,5,Municipalidades,CONTRATADO,MASCULINO,12234
2025,5,Municipalidades,PERMANENTE,FEMENINO,2984
2025,5,Municipalidades,PERMANENTE,MASCULINO,4947
2025,5,Otros organismos,CONTRATADO,FEMENINO,207
2025,5,Otros organismos,CONTRATADO,MASCULINO,220
2025,5,Otros organismos,PERMANENTE,FEMENINO,1848
2025,5,Otros organismos,PERMANENTE,MASCULINO,2201
2025,5,Poder Judicial,CONTRATADO,FEMENINO,1615
2025,5,Poder Judicial,CONTRATADO,MASCULINO,1335
2025,5,Poder Judicial,PERMANENTE,FEMENINO,14227
2025,5,Poder Judicial,PERMANENTE,MASCULINO,11109
2025,5,Poder Legislativo,CONTRATADO,FEMENINO,469
2025,5,Poder Legislativo,CONTRATADO,MASCULINO,614
2025,5,Poder Legislativo,PERMANENTE,FEMENINO,1382
2025,5,Poder Legislativo,PERMANENTE,MASCULINO,1752
2025,5,SA del Estado,CONTRATADO,FEMENINO,103
2025,5,SA del Estado,CONTRATADO,MASCULINO,193
2025,5,SA del Estado,PERMANENTE,FEMENINO,1348
2025,5,SA del Estado,PERMANENTE,MASCULINO,3046
2025,5,Salud,CONTRATADO,FEMENINO,31652
2025,5,Salud,CONTRATADO,MASCULINO,15330
2025,5,Salud,PERMANENTE,FEMENINO,27069
2025,5,Salud,PERMANENTE,MASCULINO,13056
2025,5,Servicio civil del Ejecutivo,CONTRATADO,FEMENINO,3483
2025,5,Servicio civil del Ejecutivo,CONTRATADO,MASCULINO,3893
2025,5,Servicio civil del Ejecutivo,PERMANENTE,FEMENINO,6024
2025,5,Servicio civil del Ejecutivo,PERMANENTE,MASCULINO,8618
2025,6,Educación,CONTRATADO,FEMENINO,1351
2025,6,Educación,CONTRATADO,MASCULINO,1279
2025,6,Educación,PERMANENTE,FEMENINO,69126
2025,6,Educación,PERMANENTE,MASCULINO,34893
2025,6,Empresas públicas,CONTRATADO,FEMENINO,517
2025,6,Empresas públicas,CONTRATADO,MASCULINO,1201
2025,6,Empresas públicas,PERMANENTE,FEMENINO,1911
2025,6,Empresas públicas,PERMANENTE,MASCULINO,5954
2025,6,Entes autónomos y autárquicos,CONTRATADO,FEMENINO,847
2025,6,Entes autónomos y autárquicos,CONTRATADO,MASCULINO,1035
2025,6,Entes autónomos y autárquicos,PERMANENTE,FEMENINO,3281
2025,6,Entes autónomos y autárquicos,PERMANENTE,MASCULINO,4532
2025,6,Fuerzas públicas,CONTRATADO,FEMENINO,201
2025,6,Fuerzas públicas,CONTRATADO,MASCULINO,312
2025,6,Fuerzas públicas,PERMANENTE,FEMENINO,9331
2025,6,Fuerzas públicas,PERMANENTE,MASCULINO,51459
2025,6,Gobiernos departamentales,CONTRATADO,FEMENINO,455
2025,6,Gobiernos departamentales,CONTRATADO,MASCULINO,655
2025,6,Gobiernos departamentales,PERMANENTE,FEMENINO,473
2025,6,Gobiernos departamentales,PERMANENTE,MASCULINO,814
2025,6,Municipalidades,CONTRATADO,FEMENINO,8320
2025,6,Municipalidades,CONTRATADO,MASCULINO,12166
2025,6,Municipalidades,PERMANENTE,FEMENINO,2973
2025,6,Municipalidades,PERMANENTE,MASCULINO,4944
2025,6,Otros organismos,CONTRATADO,FEMENINO,209
2025,6,Otros organismos,CONTRATADO,MASCULINO,218
2025,6,Otros organismos,PERMANENTE,FEMENINO,1839
2025,6,Otros organismos,PERMANENTE,MASCULINO,2185
2025,6,Poder Judicial,CONTRATADO,FEMENINO,1451
2025,6,Poder Judicial,CONTRATADO,MASCULINO,1225
2025,6,Poder Judicial,PERMANENTE,FEMENINO,14422
2025,6,Poder Judicial,PERMANENTE,MASCULINO,11247
2025,6,Poder Legislativo,CONTRATADO,FEMENINO,476
2025,6,Poder Legislativo,CONTRATADO,MASCULINO,642
2025,6,Poder Legislativo,PERMANENTE,FEMENINO,1383
2025,6,Poder Legislativo,PERMANENTE,MASCULINO,1760
2025,6,SA del Estado,CONTRATADO,FEMENINO,6
2025,6,SA del Estado,CONTRATADO,MASCULINO,31
2025,6,SA del Estado,PERMANENTE,FEMENINO,1346
2025,6,SA del Estado,PERMANENTE,MASCULINO,3045
2025,6,Salud,CONTRATADO,FEMENINO,31944
2025,6,Salud,CONTRATADO,MASCULINO,15514
2025,6,Salud,PERMANENTE,FEMENINO,27002
2025,6,Salud,PERMANENTE,MASCULINO,12999
2025,6,Servicio civil del Ejecutivo,CONTRATADO,FEMENINO,3460
2025,6,Servicio civil del Ejecutivo,CONTRATADO,MASCULINO,3950
2025,6,Servicio civil del Ejecutivo,PERMANENTE,FEMENINO,6034
2025,6,Servicio civil del Ejecutivo,PERMANENTE,MASCULINO,8599
2025,7,Educación,CONTRATADO,FEMENINO,1364
2025,7,Educación,CONTRATADO,MASCULINO,1268
2025,7,Educación,PERMANENTE,FEMENINO,69518
2025,7,Educación,PERMANENTE,MASCULINO,35054
2025,7,Empresas públicas,CONTRATADO,FEMENINO,527
2025,7,Empresas públicas,CONTRATADO,MASCULINO,1296
2025,7,Empresas públicas,PERMANENTE,FEMENINO,1909
2025,7,Empresas públicas,PERMANENTE,MASCULINO,5933
2025,7,Entes autónomos y autárquicos,CONTRATADO,FEMENINO,851
2025,7,Entes autónomos y autárquicos,CONTRATADO,MASCULINO,1038
2025,7,Entes autónomos y autárquicos,PERMANENTE,FEMENINO,3280
2025,7,Entes autónomos y autárquicos,PERMANENTE,MASCULINO,4530
2025,7,Fuerzas públicas,CONTRATADO,FEMENINO,212
2025,7,Fuerzas públicas,CONTRATADO,MASCULINO,338
2025,7,Fuerzas públicas,PERMANENTE,FEMENINO,9312
2025,7,Fuerzas públicas,PERMANENTE,MASCULINO,50963
2025,7,Gobiernos departamentales,CONTRATADO,FEMENINO,473
2025,7,Gobiernos departamentales,CONTRATADO,MASCULINO,660
2025,7,Gobiernos departamentales,PERMANENTE,FEMENINO,474
2025,7,Gobiernos departamentales,PERMANENTE,MASCULINO,816
2025,7,Municipalidades,CONTRATADO,FEMENINO,8410
2025,7,Municipalidades,CONTRATADO,MASCULINO,12152
2025,7,Municipalidades,PERMANENTE,FEMENINO,2954
2025,7,Municipalidades,PERMANENTE,MASCULINO,4910
2025,7,Otros organismos,CONTRATADO,FEMENINO,208
2025,7,Otros organismos,CONTRATADO,MASCULINO,211
2025,7,Otros organismos,PERMANENTE,FEMENINO,1850
2025,7,Otros organismos,PERMANENTE,MASCULINO,2186
2025,7,Poder Judicial,CONTRATADO,FEMENINO,1427
2025,7,Poder Judicial,CONTRATADO,MASCULINO,1214
2025,7,Poder Judicial,PERMANENTE,FEMENINO,14414
2025,7,Poder Judicial,PERMANENTE,MASCULINO,11236
2025,7,Poder Legislativo,CONTRATADO,FEMENINO,424
2025,7,Poder Legislativo,CONTRATADO,MASCULINO,577
2025,7,Poder Legislativo,PERMANENTE,FEMENINO,1418
2025,7,Poder Legislativo,PERMANENTE,MASCULINO,1802
2025,7,SA del Estado,CONTRATADO,FEMENINO,82
2025,7,SA del Estado,CONTRATADO,MASCULINO,173
2025,7,SA del Estado,PERMANENTE,FEMENINO,1342
2025,7,SA del Estado,PERMANENTE,MASCULINO,3040
2025,7,Salud,CONTRATADO,FEMENINO,31860
2025,7,Salud,CONTRATADO,MASCULINO,15483
2025,7,Salud,PERMANENTE,FEMENINO,26926
2025,7,Salud,PERMANENTE,MASCULINO,12952
2025,7,Servicio civil del Ejecutivo,CONTRATADO,FEMENINO,3679
2025,7,Servicio civil del Ejecutivo,CONTRATADO,MASCULINO,4079
2025,7,Servicio civil del Ejecutivo,PERMANENTE,FEMENINO,6024
2025,7,Servicio civil del Ejecutivo,PERMANENTE,MASCULINO,8569
2025,8,Educación,CONTRATADO,FEMENINO,1330
2025,8,Educación,CONTRATADO,MASCULINO,1242
2025,8,Educación,PERMANENTE,FEMENINO,69763
2025,8,Educación,PERMANENTE,MASCULINO,35095
2025,8,Empresas públicas,CONTRATADO,FEMENINO,522
2025,8,Empresas públicas,CONTRATADO,MASCULINO,1300
2025,8,Empresas públicas,PERMANENTE,FEMENINO,1915
2025,8,Empresas públicas,PERMANENTE,MASCULINO,5888
2025,8,Entes autónomos y autárquicos,CONTRATADO,FEMENINO,907
2025,8,Entes autónomos y autárquicos,CONTRATADO,MASCULINO,1068
2025,8,Entes autónomos y autárquicos,PERMANENTE,FEMENINO,3279
2025,8,Entes autónomos y autárquicos,PERMANENTE,MASCULINO,4509
2025,8,Fuerzas públicas,CONTRATADO,FEMENINO,215
2025,8,Fuerzas públicas,CONTRATADO,MASCULINO,341
2025,8,Fuerzas públicas,PERMANENTE,FEMENINO,9304
2025,8,Fuerzas públicas,PERMANENTE,MASCULINO,50757
2025,8,Gobiernos departamentales,CONTRATADO,FEMENINO,467
2025,8,Gobiernos departamentales,CONTRATADO,MASCULINO,648
2025,8,Gobiernos departamentales,PERMANENTE,FEMENINO,448
2025,8,Gobiernos departamentales,PERMANENTE,MASCULINO,781
2025,8,Municipalidades,CONTRATADO,FEMENINO,8393
2025,8,Municipalidades,CONTRATADO,MASCULINO,12135
2025,8,Municipalidades,PERMANENTE,FEMENINO,2951
2025,8,Municipalidades,PERMANENTE,MASCULINO,4904
2025,8,Otros organismos,CONTRATADO,FEMENINO,212
2025,8,Otros organismos,CONTRATADO,MASCULINO,219
2025,8,Otros organismos,PERMANENTE,FEMENINO,1867
2025,8,Otros organismos,PERMANENTE,MASCULINO,2206
2025,8,Poder Judicial,CONTRATADO,FEMENINO,1448
2025,8,Poder Judicial,CONTRATADO,MASCULINO,1221
2025,8,Poder Judicial,PERMANENTE,FEMENINO,14499
2025,8,Poder Judicial,PERMANENTE,MASCULINO,11268
2025,8,Poder Legislativo,CONTRATADO,FEMENINO,432
2025,8,Poder Legislativo,CONTRATADO,MASCULINO,583
2025,8,Poder Legislativo,PERMANENTE,FEMENINO,1472
2025,8,Poder Legislativo,PERMANENTE,MASCULINO,1854
2025,8,SA del Estado,CONTRATADO,FEMENINO,82
2025,8,SA del Estado,CONTRATADO,MASCULINO,171
2025,8,SA del Estado,PERMANENTE,FEMENINO,1333
2025,8,SA del Estado,PERMANENTE,MASCULINO,3000
2025,8,Salud,CONTRATADO,FEMENINO,32157
2025,8,Salud,CONTRATADO,MASCULINO,15583
2025,8,Salud,PERMANENTE,FEMENINO,26864
2025,8,Salud,PERMANENTE,MASCULINO,12925
2025,8,Servicio civil del Ejecutivo,CONTRATADO,FEMENINO,3670
2025,8,Servicio civil del Ejecutivo,CONTRATADO,MASCULINO,4086
2025,8,Servicio civil del Ejecutivo,PERMANENTE,FEMENINO,6020
2025,8,Servicio civil del Ejecutivo,PERMANENTE,MASCULINO,8552
2025,9,Educación,CONTRATADO,FEMENINO,1315
2025,9,Educación,CONTRATADO,MASCULINO,1199
2025,9,Educación,PERMANENTE,FEMENINO,69930
2025,9,Educación,PERMANENTE,MASCULINO,35136
2025,9,Empresas públicas,CONTRATADO,FEMENINO,513
2025,9,Empresas públicas,CONTRATADO,MASCULINO,1287
2025,9,Empresas públicas,PERMANENTE,FEMENINO,1926
2025,9,Empresas públicas,PERMANENTE,MASCULINO,5901
2025,9,Entes autónomos y autárquicos,CONTRATADO,FEMENINO,869
2025,9,Entes autónomos y autárquicos,CONTRATADO,MASCULINO,1046
2025,9,Entes autónomos y autárquicos,PERMANENTE,FEMENINO,3280
2025,9,Entes autónomos y autárquicos,PERMANENTE,MASCULINO,4507
2025,9,Fuerzas públicas,CONTRATADO,FEMENINO,213
2025,9,Fuerzas públicas,CONTRATADO,MASCULINO,339
2025,9,Fuerzas públicas,PERMANENTE,FEMENINO,9320
2025,9,Fuerzas públicas,PERMANENTE,MASCULINO,51077
2025,9,Gobiernos departamentales,CONTRATADO,FEMENINO,462
2025,9,Gobiernos departamentales,CONTRATADO,MASCULINO,647
2025,9,Gobiernos departamentales,PERMANENTE,FEMENINO,449
2025,9,Gobiernos departamentales,PERMANENTE,MASCULINO,779
2025,9,Municipalidades,CONTRATADO,FEMENINO,8433
2025,9,Municipalidades,CONTRATADO,MASCULINO,12195
2025,9,Municipalidades,PERMANENTE,FEMENINO,2946
2025,9,Municipalidades,PERMANENTE,MASCULINO,4882
2025,9,Otros organismos,CONTRATADO,FEMENINO,215
2025,9,Otros organismos,CONTRATADO,MASCULINO,225
2025,9,Otros organismos,PERMANENTE,FEMENINO,1868
2025,9,Otros organismos,PERMANENTE,MASCULINO,2200
2025,9,Poder Judicial,CONTRATADO,FEMENINO,1457
2025,9,Poder Judicial,CONTRATADO,MASCULINO,1232
2025,9,Poder Judicial,PERMANENTE,FEMENINO,14535
2025,9,Poder Judicial,PERMANENTE,MASCULINO,11276
2025,9,Poder Legislativo,CONTRATADO,FEMENINO,444
2025,9,Poder Legislativo,CONTRATADO,MASCULINO,597
2025,9,Poder Legislativo,PERMANENTE,FEMENINO,1471
2025,9,Poder Legislativo,PERMANENTE,MASCULINO,1857
2025,9,SA del Estado,CONTRATADO,FEMENINO,84
2025,9,SA del Estado,CONTRATADO,MASCULINO,170
2025,9,SA del Estado,PERMANENTE,FEMENINO,1329
2025,9,SA del Estado,PERMANENTE,MASCULINO,3001
2025,9,Salud,CONTRATADO,FEMENINO,33153
2025,9,Salud,CONTRATADO,MASCULINO,15925
2025,9,Salud,PERMANENTE,FEMENINO,26796
2025,9,Salud,PERMANENTE,MASCULINO,12886
2025,9,Servicio civil del Ejecutivo,CONTRATADO,FEMENINO,3542
2025,9,Servicio civil del Ejecutivo,CONTRATADO,MASCULINO,3964
2025,9,Servicio civil del Ejecutivo,PERMANENTE,FEMENINO,6013
2025,9,Servicio civil del Ejecutivo,PERMANENTE,MASCULINO,8540
2025,10,Educación,CONTRATADO,FEMENINO,1373
2025,10,Educación,CONTRATADO,MASCULINO,1254
2025,10,Educación,PERMANENTE,FEMENINO,70047
2025,10,Educación,PERMANENTE,MASCULINO,35137
2025,10,Empresas públicas,CONTRATADO,FEMENINO,509
2025,10,Empresas públicas,CONTRATADO,MASCULINO,1283
2025,10,Empresas públicas,PERMANENTE,FEMENINO,1925
2025,10,Empresas públicas,PERMANENTE,MASCULINO,5867
2025,10,Entes autónomos y autárquicos,CONTRATADO,FEMENINO,897
2025,10,Entes autónomos y autárquicos,CONTRATADO,MASCULINO,1069
2025,10,Entes autónomos y autárquicos,PERMANENTE,FEMENINO,3292
2025,10,Entes autónomos y autárquicos,PERMANENTE,MASCULINO,4498
2025,10,Fuerzas públicas,CONTRATADO,FEMENINO,214
2025,10,Fuerzas públicas,CONTRATADO,MASCULINO,342
2025,10,Fuerzas públicas,PERMANENTE,FEMENINO,9309
2025,10,Fuerzas públicas,PERMANENTE,MASCULINO,51120
2025,10,Gobiernos departamentales,CONTRATADO,FEMENINO,463
2025,10,Gobiernos departamentales,CONTRATADO,MASCULINO,653
2025,10,Gobiernos departamentales,PERMANENTE,FEMENINO,446
2025,10,Gobiernos departamentales,PERMANENTE,MASCULINO,781
2025,10,Municipalidades,CONTRATADO,FEMENINO,8477
2025,10,Municipalidades,CONTRATADO,MASCULINO,12220
2025,10,Municipalidades,PERMANENTE,FEMENINO,2939
2025,10,Municipalidades,PERMANENTE,MASCULINO,4853
2025,10,Otros organismos,CONTRATADO,FEMENINO,210
2025,10,Otros organismos,CONTRATADO,MASCULINO,219
2025,10,Otros organismos,PERMANENTE,FEMENINO,1869
2025,10,Otros organismos,PERMANENTE,MASCULINO,2193
2025,10,Poder Judicial,CONTRATADO,FEMENINO,1491
2025,10,Poder Judicial,CONTRATADO,MASCULINO,1275
2025,10,Poder Judicial,PERMANENTE,FEMENINO,14564
2025,10,Poder Judicial,PERMANENTE,MASCULINO,11300
2025,10,Poder Legislativo,CONTRATADO,FEMENINO,467
2025,10,Poder Legislativo,CONTRATADO,MASCULINO,651
2025,10,Poder Legislativo,PERMANENTE,FEMENINO,1477
2025,10,Poder Legislativo,PERMANENTE,MASCULINO,1863
2025,10,SA del Estado,CONTRATADO,FEMENINO,86
2025,10,SA del Estado,CONTRATADO,MASCULINO,163
2025,10,SA del Estado,PERMANENTE,FEMENINO,1327
2025,10,SA del Estado,PERMANENTE,MASCULINO,2991
2025,10,Salud,CONTRATADO,FEMENINO,33417
2025,10,Salud,CONTRATADO,MASCULINO,16022
2025,10,Salud,PERMANENTE,FEMENINO,26744
2025,10,Salud,PERMANENTE,MASCULINO,12861
2025,10,Servicio civil del Ejecutivo,CONTRATADO,FEMENINO,3707
2025,10,Servicio civil del Ejecutivo,CONTRATADO,MASCULINO,4060
2025,10,Servicio civil del Ejecutivo,PERMANENTE,FEMENINO,6002
2025,10,Servicio civil del Ejecutivo,PERMANENTE,MASCULINO,8531
2025,11,Educación,CONTRATADO,FEMENINO,1502
2025,11,Educación,CONTRATADO,MASCULINO,1296
2025,11,Educación,PERMANENTE,FEMENINO,70403
2025,11,Educación,PERMANENTE,MASCULINO,35227
2025,11,Empresas públicas,CONTRATADO,FEMENINO,508
2025,11,Empresas públicas,CONTRATADO,MASCULINO,1282
2025,11,Empresas públicas,PERMANENTE,FEMENINO,1922
2025,11,Empresas públicas,PERMANENTE,MASCULINO,5851
2025,11,Entes autónomos y autárquicos,CONTRATADO,FEMENINO,918
2025,11,Entes autónomos y autárquicos,CONTRATADO,MASCULINO,1069
2025,11,Entes autónomos y autárquicos,PERMANENTE,FEMENINO,3316
2025,11,Entes autónomos y autárquicos,PERMANENTE,MASCULINO,4494
2025,11,Fuerzas públicas,CONTRATADO,FEMENINO,209
2025,11,Fuerzas públicas,CONTRATADO,MASCULINO,327
2025,11,Fuerzas públicas,PERMANENTE,FEMENINO,9315
2025,11,Fuerzas públicas,PERMANENTE,MASCULINO,51130
2025,11,Gobiernos departamentales,CONTRATADO,FEMENINO,464
2025,11,Gobiernos departamentales,CONTRATADO,MASCULINO,651
2025,11,Gobiernos departamentales,PERMANENTE,FEMENINO,445
2025,11,Gobiernos departamentales,PERMANENTE,MASCULINO,778
2025,11,Municipalidades,CONTRATADO,FEMENINO,8195
2025,11,Municipalidades,CONTRATADO,MASCULINO,11944
2025,11,Municipalidades,PERMANENTE,FEMENINO,2908
2025,11,Municipalidades,PERMANENTE,MASCULINO,4778
2025,11,Otros organismos,CONTRATADO,FEMENINO,213
2025,11,Otros organismos,CONTRATADO,MASCULINO,220
2025,11,Otros organismos,PERMANENTE,FEMENINO,1876
2025,11,Otros organismos,PERMANENTE,MASCULINO,2187
2025,11,Poder Judicial,CONTRATADO,FEMENINO,1500
2025,11,Poder Judicial,CONTRATADO,MASCULINO,1302
2025,11,Poder Judicial,PERMANENTE,FEMENINO,14597
2025,11,Poder Judicial,PERMANENTE,MASCULINO,11327
2025,11,Poder Legislativo,CONTRATADO,FEMENINO,479
2025,11,Poder Legislativo,CONTRATADO,MASCULINO,668
2025,11,Poder Legislativo,PERMANENTE,FEMENINO,1476
2025,11,Poder Legislativo,PERMANENTE,MASCULINO,1865
2025,11,SA del Estado,CONTRATADO,FEMENINO,86
2025,11,SA del Estado,CONTRATADO,MASCULINO,162
2025,11,SA del Estado,PERMANENTE,FEMENINO,1323
2025,11,SA del Estado,PERMANENTE,MASCULINO,2990
2025,11,Salud,CONTRATADO,FEMENINO,33588
2025,11,Salud,CONTRATADO,MASCULINO,16111
2025,11,Salud,PERMANENTE,FEMENINO,26702
2025,11,Salud,PERMANENTE,MASCULINO,12855
2025,11,Servicio civil del Ejecutivo,CONTRATADO,FEMENINO,3886
2025,11,Servicio civil del Ejecutivo,CONTRATADO,MASCULINO,4285
2025,11,Servicio civil del Ejecutivo,PERMANENTE,FEMENINO,5982
2025,11,Servicio civil del Ejecutivo,PERMANENTE,MASCULINO,8498
2025,12,Educación,CONTRATADO,FEMENINO,1652
2025,12,Educación,CONTRATADO,MASCULINO,1449
2025,12,Educación,PERMANENTE,FEMENINO,70392
2025,12,Educación,PERMANENTE,MASCULINO,35222
2025,12,Empresas públicas,CONTRATADO,FEMENINO,509
2025,12,Empresas públicas,CONTRATADO,MASCULINO,1288
2025,12,Empresas públicas,PERMANENTE,FEMENINO,1918
2025,12,Empresas públicas,PERMANENTE,MASCULINO,5831
2025,12,Entes autónomos y autárquicos,CONTRATADO,FEMENINO,875
2025,12,Entes autónomos y autárquicos,CONTRATADO,MASCULINO,998
2025,12,Entes autónomos y autárquicos,PERMANENTE,FEMENINO,3170
2025,12,Entes autónomos y autárquicos,PERMANENTE,MASCULINO,4269
2025,12,Fuerzas públicas,CONTRATADO,FEMENINO,203
2025,12,Fuerzas públicas,CONTRATADO,MASCULINO,315
2025,12,Fuerzas públicas,PERMANENTE,FEMENINO,9302
2025,12,Fuerzas públicas,PERMANENTE,MASCULINO,51009
2025,12,Gobiernos departamentales,CONTRATADO,FEMENINO,479
2025,12,Gobiernos departamentales,CONTRATADO,MASCULINO,668
2025,12,Gobiernos departamentales,PERMANENTE,FEMENINO,446
2025,12,Gobiernos departamentales,PERMANENTE,MASCULINO,780
2025,12,Municipalidades,CONTRATADO,FEMENINO,7927
2025,12,Municipalidades,CONTRATADO,MASCULINO,11625
2025,12,Municipalidades,PERMANENTE,FEMENINO,2623
2025,12,Municipalidades,PERMANENTE,MASCULINO,4450
2025,12,Otros organismos,CONTRATADO,FEMENINO,220
2025,12,Otros organismos,CONTRATADO,MASCULINO,229
2025,12,Otros organismos,PERMANENTE,FEMENINO,1887
2025,12,Otros organismos,PERMANENTE,MASCULINO,2176
2025,12,Poder Judicial,CONTRATADO,FEMENINO,1478
2025,12,Poder Judicial,CONTRATADO,MASCULINO,1288
2025,12,Poder Judicial,PERMANENTE,FEMENINO,14576
2025,12,Poder Judicial,PERMANENTE,MASCULINO,11303
2025,12,Poder Legislativo,CONTRATADO,FEMENINO,479
2025,12,Poder Legislativo,CONTRATADO,MASCULINO,663
2025,12,Poder Legislativo,PERMANENTE,FEMENINO,1475
2025,12,Poder Legislativo,PERMANENTE,MASCULINO,1864
2025,12,SA del Estado,CONTRATADO,FEMENINO,85
2025,12,SA del Estado,CONTRATADO,MASCULINO,160
2025,12,SA del Estado,PERMANENTE,FEMENINO,1310
2025,12,SA del Estado,PERMANENTE,MASCULINO,2953
2025,12,Salud,CONTRATADO,FEMENINO,33612
2025,12,Salud,CONTRATADO,MASCULINO,16089
2025,12,Salud,PERMANENTE,FEMENINO,26272
2025,12,Salud,PERMANENTE,MASCULINO,12785
2025,12,Servicio civil del Ejecutivo,CONTRATADO,FEMENINO,3984
2025,12,Servicio civil del Ejecutivo,CONTRATADO,MASCULINO,4381
2025,12,Servicio civil del Ejecutivo,PERMANENTE,FEMENINO,5973
2025,12,Servicio civil del Ejecutivo,PERMANENTE,MASCULINO,8485
2026,1,Educación,CONTRATADO,FEMENINO,987
2026,1,Educación,CONTRATADO,MASCULINO,916
2026,1,Educación,PERMANENTE,FEMENINO,63727
2026,1,Educación,PERMANENTE,MASCULINO,32145
2026,1,Empresas públicas,CONTRATADO,FEMENINO,493
2026,1,Empresas públicas,CONTRATADO,MASCULINO,1194
2026,1,Empresas públicas,PERMANENTE,FEMENINO,1917
2026,1,Empresas públicas,PERMANENTE,MASCULINO,5837
2026,1,Entes autónomos y autárquicos,CONTRATADO,FEMENINO,735
2026,1,Entes autónomos y autárquicos,CONTRATADO,MASCULINO,924
2026,1,Entes autónomos y autárquicos,PERMANENTE,FEMENINO,3257
2026,1,Entes autónomos y autárquicos,PERMANENTE,MASCULINO,4414
2026,1,Fuerzas públicas,CONTRATADO,FEMENINO,94
2026,1,Fuerzas públicas,CONTRATADO,MASCULINO,92
2026,1,Fuerzas públicas,PERMANENTE,FEMENINO,9484
2026,1,Fuerzas públicas,PERMANENTE,MASCULINO,49646
2026,1,Gobiernos departamentales,CONTRATADO,FEMENINO,459
2026,1,Gobiernos departamentales,CONTRATADO,MASCULINO,654
2026,1,Gobiernos departamentales,PERMANENTE,FEMENINO,464
2026,1,Gobiernos departamentales,PERMANENTE,MASCULINO,815
2026,1,Municipalidades,CONTRATADO,FEMENINO,7829
2026,1,Municipalidades,CONTRATADO,MASCULINO,11690
2026,1,Municipalidades,PERMANENTE,FEMENINO,2988
2026,1,Municipalidades,PERMANENTE,MASCULINO,4859
2026,1,Otros organismos,CONTRATADO,FEMENINO,215
2026,1,Otros organismos,CONTRATADO,MASCULINO,223
2026,1,Otros organismos,PERMANENTE,FEMENINO,1886
2026,1,Otros organismos,PERMANENTE,MASCULINO,2154
2026,1,Poder Judicial,CONTRATADO,FEMENINO,928
2026,1,Poder Judicial,CONTRATADO,MASCULINO,790
2026,1,Poder Judicial,PERMANENTE,FEMENINO,14623
2026,1,Poder Judicial,PERMANENTE,MASCULINO,11257
2026,1,Poder Legislativo,CONTRATADO,FEMENINO,440
2026,1,Poder Legislativo,CONTRATADO,MASCULINO,603
2026,1,Poder Legislativo,PERMANENTE,FEMENINO,1475
2026,1,Poder Legislativo,PERMANENTE,MASCULINO,1861
2026,1,SA del Estado,CONTRATADO,FEMENINO,785
2026,1,SA del Estado,CONTRATADO,MASCULINO,1167
2026,1,SA del Estado,PERMANENTE,FEMENINO,549
2026,1,SA del Estado,PERMANENTE,MASCULINO,1789
2026,1,Salud,CONTRATADO,FEMENINO,36087
2026,1,Salud,CONTRATADO,MASCULINO,16857
2026,1,Salud,PERMANENTE,FEMENINO,26546
2026,1,Salud,PERMANENTE,MASCULINO,12776
2026,1,Servicio civil del Ejecutivo,CONTRATADO,FEMENINO,2732
2026,1,Servicio civil del Ejecutivo,CONTRATADO,MASCULINO,3117
2026,1,Servicio civil del Ejecutivo,PERMANENTE,FEMENINO,5849
2026,1,Servicio civil del Ejecutivo,PERMANENTE,MASCULINO,8099
2026,2,Educación,CONTRATADO,FEMENINO,1161
2026,2,Educación,CONTRATADO,MASCULINO,1099
2026,2,Educación,PERMANENTE,FEMENINO,65586
2026,2,Educación,PERMANENTE,MASCULINO,32777
2026,2,Empresas públicas,CONTRATADO,FEMENINO,489
2026,2,Empresas públicas,CONTRATADO,MASCULINO,1163
2026,2,Empresas públicas,PERMANENTE,FEMENINO,1915
2026,2,Empresas públicas,PERMANENTE,MASCULINO,5848
2026,2,Entes autónomos y autárquicos,CONTRATADO,FEMENINO,791
2026,2,Entes autónomos y autárquicos,CONTRATADO,MASCULINO,975
2026,2,Entes autónomos y autárquicos,PERMANENTE,FEMENINO,3226
2026,2,Entes autónomos y autárquicos,PERMANENTE,MASCULINO,4390
2026,2,Fuerzas públicas,CONTRATADO,FEMENINO,166
2026,2,Fuerzas públicas,CONTRATADO,MASCULINO,144
2026,2,Fuerzas públicas,PERMANENTE,FEMENINO,9514
2026,2,Fuerzas públicas,PERMANENTE,MASCULINO,49674
2026,2,Gobiernos departamentales,CONTRATADO,FEMENINO,470
2026,2,Gobiernos departamentales,CONTRATADO,MASCULINO,646
2026,2,Gobiernos departamentales,PERMANENTE,FEMENINO,468
2026,2,Gobiernos departamentales,PERMANENTE,MASCULINO,812
2026,2,Municipalidades,CONTRATADO,FEMENINO,8199
2026,2,Municipalidades,CONTRATADO,MASCULINO,12079
2026,2,Municipalidades,PERMANENTE,FEMENINO,3029
2026,2,Municipalidades,PERMANENTE,MASCULINO,4934
2026,2,Otros organismos,CONTRATADO,FEMENINO,222
2026,2,Otros organismos,CONTRATADO,MASCULINO,227
2026,2,Otros organismos,PERMANENTE,FEMENINO,1888
2026,2,Otros organismos,PERMANENTE,MASCULINO,2154
2026,2,Poder Judicial,CONTRATADO,FEMENINO,1380
2026,2,Poder Judicial,CONTRATADO,MASCULINO,1216
2026,2,Poder Judicial,PERMANENTE,FEMENINO,14693
2026,2,Poder Judicial,PERMANENTE,MASCULINO,11328
2026,2,Poder Legislativo,CONTRATADO,FEMENINO,453
2026,2,Poder Legislativo,CONTRATADO,MASCULINO,624
2026,2,Poder Legislativo,PERMANENTE,FEMENINO,1475
2026,2,Poder Legislativo,PERMANENTE,MASCULINO,1856
2026,2,SA del Estado,CONTRATADO,FEMENINO,815
2026,2,SA del Estado,CONTRATADO,MASCULINO,1241
2026,2,SA del Estado,PERMANENTE,FEMENINO,554
2026,2,SA del Estado,PERMANENTE,MASCULINO,1785
2026,2,Salud,CONTRATADO,FEMENINO,33721
2026,2,Salud,CONTRATADO,MASCULINO,16112
2026,2,Salud,PERMANENTE,FEMENINO,26489
2026,2,Salud,PERMANENTE,MASCULINO,12711
2026,2,Servicio civil del Ejecutivo,CONTRATADO,FEMENINO,3168
2026,2,Servicio civil del Ejecutivo,CONTRATADO,MASCULINO,3677
2026,2,Servicio civil del Ejecutivo,PERMANENTE,FEMENINO,5938
2026,2,Servicio civil del Ejecutivo,PERMANENTE,MASCULINO,8447
2026,3,Educación,CONTRATADO,FEMENINO,1239
2026,3,Educación,CONTRATADO,MASCULINO,1164
2026,3,Educación,PERMANENTE,FEMENINO,67674
2026,3,Educación,PERMANENTE,MASCULINO,33921
2026,3,Empresas públicas,CONTRATADO,FEMENINO,493
2026,3,Empresas públicas,CONTRATADO,MASCULINO,1165
2026,3,Empresas públicas,PERMANENTE,FEMENINO,1911
2026,3,Empresas públicas,PERMANENTE,MASCULINO,5829
2026,3,Entes autónomos y autárquicos,CONTRATADO,FEMENINO,860
2026,3,Entes autónomos y autárquicos,CONTRATADO,MASCULINO,1015
2026,3,Entes autónomos y autárquicos,PERMANENTE,FEMENINO,3275
2026,3,Entes autónomos y autárquicos,PERMANENTE,MASCULINO,4421
2026,3,Fuerzas públicas,CONTRATADO,FEMENINO,160
2026,3,Fuerzas públicas,CONTRATADO,MASCULINO,148
2026,3,Fuerzas públicas,PERMANENTE,FEMENINO,9562
2026,3,Fuerzas públicas,PERMANENTE,MASCULINO,50908
2026,3,Gobiernos departamentales,CONTRATADO,FEMENINO,473
2026,3,Gobiernos departamentales,CONTRATADO,MASCULINO,652
2026,3,Gobiernos departamentales,PERMANENTE,FEMENINO,472
2026,3,Gobiernos departamentales,PERMANENTE,MASCULINO,813
2026,3,Municipalidades,CONTRATADO,FEMENINO,8387
2026,3,Municipalidades,CONTRATADO,MASCULINO,12229
2026,3,Municipalidades,PERMANENTE,FEMENINO,3034
2026,3,Municipalidades,PERMANENTE,MASCULINO,4908
2026,3,Otros organismos,CONTRATADO,FEMENINO,220
2026,3,Otros organismos,CONTRATADO,MASCULINO,224
2026,3,Otros organismos,PERMANENTE,FEMENINO,1885
2026,3,Otros organismos,PERMANENTE,MASCULINO,2143
2026,3,Poder Judicial,CONTRATADO,FEMENINO,1358
2026,3,Poder Judicial,CONTRATADO,MASCULINO,1221
2026,3,Poder Judicial,PERMANENTE,FEMENINO,14726
2026,3,Poder Judicial,PERMANENTE,MASCULINO,11334
2026,3,Poder Legislativo,CONTRATADO,FEMENINO,456
2026,3,Poder Legislativo,CONTRATADO,MASCULINO,620
2026,3,Poder Legislativo,PERMANENTE,FEMENINO,1481
2026,3,Poder Legislativo,PERMANENTE,MASCULINO,1866
2026,3,SA del Estado,CONTRATADO,FEMENINO,835
2026,3,SA del Estado,CONTRATADO,MASCULINO,1267
2026,3,SA del Estado,PERMANENTE,FEMENINO,551
2026,3,SA del Estado,PERMANENTE,MASCULINO,1778
2026,3,Salud,CONTRATADO,FEMENINO,34508
2026,3,Salud,CONTRATADO,MASCULINO,16438
2026,3,Salud,PERMANENTE,FEMENINO,26387
2026,3,Salud,PERMANENTE,MASCULINO,12568
2026,3,Servicio civil del Ejecutivo,CONTRATADO,FEMENINO,3736
2026,3,Servicio civil del Ejecutivo,CONTRATADO,MASCULINO,4085
2026,3,Servicio civil del Ejecutivo,PERMANENTE,FEMENINO,5936
2026,3,Servicio civil del Ejecutivo,PERMANENTE,MASCULINO,8429
2026,4,Educación,CONTRATADO,FEMENINO,1284
2026,4,Educación,CONTRATADO,MASCULINO,1209
2026,4,Educación,PERMANENTE,FEMENINO,68895
2026,4,Educación,PERMANENTE,MASCULINO,34369
2026,4,Empresas públicas,CONTRATADO,FEMENINO,497
2026,4,Empresas públicas,CONTRATADO,MASCULINO,1193
2026,4,Empresas públicas,PERMANENTE,FEMENINO,1907
2026,4,Empresas públicas,PERMANENTE,MASCULINO,5809
2026,4,Entes autónomos y autárquicos,CONTRATADO,FEMENINO,882
2026,4,Entes autónomos y autárquicos,CONTRATADO,MASCULINO,1039
2026,4,Entes autónomos y autárquicos,PERMANENTE,FEMENINO,3285
2026,4,Entes autónomos y autárquicos,PERMANENTE,MASCULINO,4429
2026,4,Fuerzas públicas,CONTRATADO,FEMENINO,156
2026,4,Fuerzas públicas,CONTRATADO,MASCULINO,139
2026,4,Fuerzas públicas,PERMANENTE,FEMENINO,9561
2026,4,Fuerzas públicas,PERMANENTE,MASCULINO,51021
2026,4,Gobiernos departamentales,CONTRATADO,FEMENINO,482
2026,4,Gobiernos departamentales,CONTRATADO,MASCULINO,674
2026,4,Gobiernos departamentales,PERMANENTE,FEMENINO,472
2026,4,Gobiernos departamentales,PERMANENTE,MASCULINO,808
2026,4,Municipalidades,CONTRATADO,FEMENINO,8655
2026,4,Municipalidades,CONTRATADO,MASCULINO,12300
2026,4,Municipalidades,PERMANENTE,FEMENINO,3032
2026,4,Municipalidades,PERMANENTE,MASCULINO,4896
2026,4,Otros organismos,CONTRATADO,FEMENINO,220
2026,4,Otros organismos,CONTRATADO,MASCULINO,223
2026,4,Otros organismos,PERMANENTE,FEMENINO,1886
2026,4,Otros organismos,PERMANENTE,MASCULINO,2135
2026,4,Poder Judicial,CONTRATADO,FEMENINO,1308
2026,4,Poder Judicial,CONTRATADO,MASCULINO,1178
2026,4,Poder Judicial,PERMANENTE,FEMENINO,14722
2026,4,Poder Judicial,PERMANENTE,MASCULINO,11294
2026,4,Poder Legislativo,CONTRATADO,FEMENINO,452
2026,4,Poder Legislativo,CONTRATADO,MASCULINO,618
2026,4,Poder Legislativo,PERMANENTE,FEMENINO,1478
2026,4,Poder Legislativo,PERMANENTE,MASCULINO,1862
2026,4,SA del Estado,CONTRATADO,FEMENINO,826
2026,4,SA del Estado,CONTRATADO,MASCULINO,1317
2026,4,SA del Estado,PERMANENTE,FEMENINO,549
2026,4,SA del Estado,PERMANENTE,MASCULINO,1769
2026,4,Salud,CONTRATADO,FEMENINO,33857
2026,4,Salud,CONTRATADO,MASCULINO,16008
2026,4,Salud,PERMANENTE,FEMENINO,26372
2026,4,Salud,PERMANENTE,MASCULINO,12658
2026,4,Servicio civil del Ejecutivo,CONTRATADO,FEMENINO,3566
2026,4,Servicio civil del Ejecutivo,CONTRATADO,MASCULINO,3911
2026,4,Servicio civil del Ejecutivo,PERMANENTE,FEMENINO,5920
2026,4,Servicio civil del Ejecutivo,PERMANENTE,MASCULINO,8402
2026,5,Educación,CONTRATADO,FEMENINO,1258
2026,5,Educación,CONTRATADO,MASCULINO,1167
2026,5,Educación,PERMANENTE,FEMENINO,69354
2026,5,Educación,PERMANENTE,MASCULINO,34552
2026,5,Empresas públicas,CONTRATADO,FEMENINO,514
2026,5,Empresas públicas,CONTRATADO,MASCULINO,1216
2026,5,Empresas públicas,PERMANENTE,FEMENINO,1921
2026,5,Empresas públicas,PERMANENTE,MASCULINO,5918
2026,5,Entes autónomos y autárquicos,CONTRATADO,FEMENINO,896
2026,5,Entes autónomos y autárquicos,CONTRATADO,MASCULINO,996
2026,5,Entes autónomos y autárquicos,PERMANENTE,FEMENINO,3218
2026,5,Entes autónomos y autárquicos,PERMANENTE,MASCULINO,4206
2026,5,Fuerzas públicas,CONTRATADO,FEMENINO,164
2026,5,Fuerzas públicas,CONTRATADO,MASCULINO,135
2026,5,Fuerzas públicas,PERMANENTE,FEMENINO,10597
2026,5,Fuerzas públicas,PERMANENTE,MASCULINO,55149
2026,5,Gobiernos departamentales,CONTRATADO,FEMENINO,478
2026,5,Gobiernos departamentales,CONTRATADO,MASCULINO,669
2026,5,Gobiernos departamentales,PERMANENTE,FEMENINO,439
2026,5,Gobiernos departamentales,PERMANENTE,MASCULINO,741
2026,5,Municipalidades,CONTRATADO,FEMENINO,8753
2026,5,Municipalidades,CONTRATADO,MASCULINO,12284
2026,5,Municipalidades,PERMANENTE,FEMENINO,3008
2026,5,Municipalidades,PERMANENTE,MASCULINO,4844
2026,5,Otros organismos,CONTRATADO,FEMENINO,220
2026,5,Otros organismos,CONTRATADO,MASCULINO,221
2026,5,Otros organismos,PERMANENTE,FEMENINO,1879
2026,5,Otros organismos,PERMANENTE,MASCULINO,2132
2026,5,Poder Judicial,CONTRATADO,FEMENINO,1291
2026,5,Poder Judicial,CONTRATADO,MASCULINO,1163
2026,5,Poder Judicial,PERMANENTE,FEMENINO,14764
2026,5,Poder Judicial,PERMANENTE,MASCULINO,11339
2026,5,Poder Legislativo,CONTRATADO,FEMENINO,449
2026,5,Poder Legislativo,CONTRATADO,MASCULINO,619
2026,5,Poder Legislativo,PERMANENTE,FEMENINO,1480
2026,5,Poder Legislativo,PERMANENTE,MASCULINO,1875
2026,5,SA del Estado,CONTRATADO,FEMENINO,844
2026,5,SA del Estado,CONTRATADO,MASCULINO,1366
2026,5,SA del Estado,PERMANENTE,FEMENINO,549
2026,5,SA del Estado,PERMANENTE,MASCULINO,1770
2026,5,Salud,CONTRATADO,FEMENINO,35280
2026,5,Salud,CONTRATADO,MASCULINO,16522
2026,5,Salud,PERMANENTE,FEMENINO,26303
2026,5,Salud,PERMANENTE,MASCULINO,12700
2026,5,Servicio civil del Ejecutivo,CONTRATADO,FEMENINO,3429
2026,5,Servicio civil del Ejecutivo,CONTRATADO,MASCULINO,3836
2026,5,Servicio civil del Ejecutivo,PERMANENTE,FEMENINO,5950
2026,5,Servicio civil del Ejecutivo,PERMANENTE,MASCULINO,8437
2026,6,Educación,CONTRATADO,FEMENINO,1369
2026,6,Educación,CONTRATADO,MASCULINO,1267
2026,6,Educación,PERMANENTE,FEMENINO,69511
2026,6,Educación,PERMANENTE,MASCULINO,34510
2026,6,Empresas públicas,CONTRATADO,FEMENINO,513
2026,6,Empresas públicas,CONTRATADO,MASCULINO,1207
2026,6,Empresas públicas,PERMANENTE,FEMENINO,1915
2026,6,Empresas públicas,PERMANENTE,MASCULINO,5897
2026,6,Entes autónomos y autárquicos,CONTRATADO,FEMENINO,922
2026,6,Entes autónomos y autárquicos,CONTRATADO,MASCULINO,983
2026,6,Entes autónomos y autárquicos,PERMANENTE,FEMENINO,3215
2026,6,Entes autónomos y autárquicos,PERMANENTE,MASCULINO,4198
2026,6,Fuerzas públicas,CONTRATADO,FEMENINO,168
2026,6,Fuerzas públicas,CONTRATADO,MASCULINO,159
2026,6,Fuerzas públicas,PERMANENTE,FEMENINO,10586
2026,6,Fuerzas públicas,PERMANENTE,MASCULINO,55036
2026,6,Gobiernos departamentales,CONTRATADO,FEMENINO,479
2026,6,Gobiernos departamentales,CONTRATADO,MASCULINO,669
2026,6,Gobiernos departamentales,PERMANENTE,FEMENINO,436
2026,6,Gobiernos departamentales,PERMANENTE,MASCULINO,737
2026,6,Municipalidades,CONTRATADO,FEMENINO,8563
2026,6,Municipalidades,CONTRATADO,MASCULINO,12011
2026,6,Municipalidades,PERMANENTE,FEMENINO,2909
2026,6,Municipalidades,PERMANENTE,MASCULINO,4692
2026,6,Otros organismos,CONTRATADO,FEMENINO,199
2026,6,Otros organismos,CONTRATADO,MASCULINO,206
2026,6,Otros organismos,PERMANENTE,FEMENINO,1908
2026,6,Otros organismos,PERMANENTE,MASCULINO,2143
2026,6,Poder Judicial,CONTRATADO,FEMENINO,1318
2026,6,Poder Judicial,CONTRATADO,MASCULINO,1201
2026,6,Poder Judicial,PERMANENTE,FEMENINO,14825
2026,6,Poder Judicial,PERMANENTE,MASCULINO,11376
2026,6,Poder Legislativo,CONTRATADO,FEMENINO,447
2026,6,Poder Legislativo,CONTRATADO,MASCULINO,605
2026,6,Poder Legislativo,PERMANENTE,FEMENINO,1483
2026,6,Poder Legislativo,PERMANENTE,MASCULINO,1876
2026,6,SA del Estado,CONTRATADO,FEMENINO,811
2026,6,SA del Estado,CONTRATADO,MASCULINO,1246
2026,6,SA del Estado,PERMANENTE,FEMENINO,540
2026,6,SA del Estado,PERMANENTE,MASCULINO,1735
2026,6,Salud,CONTRATADO,FEMENINO,35020
2026,6,Salud,CONTRATADO,MASCULINO,16422
2026,6,Salud,PERMANENTE,FEMENINO,26249
2026,6,Salud,PERMANENTE,MASCULINO,12674
2026,6,Servicio civil del Ejecutivo,CONTRATADO,FEMENINO,3544
2026,6,Servicio civil del Ejecutivo,CONTRATADO,MASCULINO,3932
2026,6,Servicio civil del Ejecutivo,PERMANENTE,FEMENINO,5929
2026,6,Servicio civil del Ejecutivo,PERMANENTE,MASCULINO,8416
2026,7,Educación,CONTRATADO,FEMENINO,1353
2026,7,Educación,CONTRATADO,MASCULINO,1279
2026,7,Educación,PERMANENTE,FEMENINO,69893
2026,7,Educación,PERMANENTE,MASCULINO,34697
2026,7,Empresas públicas,CONTRATADO,FEMENINO,519
2026,7,Empresas públicas,CONTRATADO,MASCULINO,1192
2026,7,Empresas públicas,PERMANENTE,FEMENINO,1923
2026,7,Empresas públicas,PERMANENTE,MASCULINO,5906
2026,7,Entes autónomos y autárquicos,CONTRATADO,FEMENINO,956
2026,7,Entes autónomos y autárquicos,CONTRATADO,MASCULINO,1017
2026,7,Entes autónomos y autárquicos,PERMANENTE,FEMENINO,3174
2026,7,Entes autónomos y autárquicos,PERMANENTE,MASCULINO,4175
2026,7,Fuerzas públicas,CONTRATADO,FEMENINO,163
2026,7,Fuerzas públicas,CONTRATADO,MASCULINO,156
2026,7,Fuerzas públicas,PERMANENTE,FEMENINO,10577
2026,7,Fuerzas públicas,PERMANENTE,MASCULINO,54365
2026,7,Gobiernos departamentales,CONTRATADO,FEMENINO,471
2026,7,Gobiernos departamentales,CONTRATADO,MASCULINO,655
2026,7,Gobiernos departamentales,PERMANENTE,FEMENINO,436
2026,7,Gobiernos departamentales,PERMANENTE,MASCULINO,731
2026,7,Municipalidades,CONTRATADO,FEMENINO,8417
2026,7,Municipalidades,CONTRATADO,MASCULINO,11665
2026,7,Municipalidades,PERMANENTE,FEMENINO,2860
2026,7,Municipalidades,PERMANENTE,MASCULINO,4553
2026,7,Otros organismos,CONTRATADO,FEMENINO,198
2026,7,Otros organismos,CONTRATADO,MASCULINO,205
2026,7,Otros organismos,PERMANENTE,FEMENINO,1901
2026,7,Otros organismos,PERMANENTE,MASCULINO,2136
2026,7,Poder Judicial,CONTRATADO,FEMENINO,1286
2026,7,Poder Judicial,CONTRATADO,MASCULINO,1175
2026,7,Poder Judicial,PERMANENTE,FEMENINO,14883
2026,7,Poder Judicial,PERMANENTE,MASCULINO,11394
2026,7,Poder Legislativo,CONTRATADO,FEMENINO,443
2026,7,Poder Legislativo,CONTRATADO,MASCULINO,598
2026,7,Poder Legislativo,PERMANENTE,FEMENINO,1485
2026,7,Poder Legislativo,PERMANENTE,MASCULINO,1875
2026,7,SA del Estado,CONTRATADO,FEMENINO,814
2026,7,SA del Estado,CONTRATADO,MASCULINO,1257
2026,7,SA del Estado,PERMANENTE,FEMENINO,553
2026,7,SA del Estado,PERMANENTE,MASCULINO,1771
2026,7,Salud,CONTRATADO,FEMENINO,35081
2026,7,Salud,CONTRATADO,MASCULINO,16457
2026,7,Salud,PERMANENTE,FEMENINO,26202
2026,7,Salud,PERMANENTE,MASCULINO,12654
2026,7,Servicio civil del Ejecutivo,CONTRATADO,FEMENINO,3281
2026,7,Servicio civil del Ejecutivo,CONTRATADO,MASCULINO,3704
2026,7,Servicio civil del Ejecutivo,PERMANENTE,FEMENINO,5925
2026,7,Servicio civil del Ejecutivo,PERMANENTE,MASCULINO,8417
2026,8,Educación,CONTRATADO,FEMENINO,1240
2026,8,Educación,CONTRATADO,MASCULINO,1121
2026,8,Educación,PERMANENTE,FEMENINO,70013
2026,8,Educación,PERMANENTE,MASCULINO,34547
2026,8,Empresas públicas,CONTRATADO,FEMENINO,514
2026,8,Empresas públicas,CONTRATADO,MASCULINO,1241
2026,8,Empresas públicas,PERMANENTE,FEMENINO,1919
2026,8,Empresas públicas,PERMANENTE,MASCULINO,5864
2026,8,Entes autónomos y autárquicos,CONTRATADO,FEMENINO,885
2026,8,Entes autónomos y autárquicos,CONTRATADO,MASCULINO,933
2026,8,Entes autónomos y autárquicos,PERMANENTE,FEMENINO,2847
2026,8,Entes autónomos y autárquicos,PERMANENTE,MASCULINO,3665
2026,8,Fuerzas públicas,CONTRATADO,FEMENINO,164
2026,8,Fuerzas públicas,CONTRATADO,MASCULINO,143
2026,8,Fuerzas públicas,PERMANENTE,FEMENINO,10567
2026,8,Fuerzas públicas,PERMANENTE,MASCULINO,54299
2026,8,Gobiernos departamentales,CONTRATADO,FEMENINO,461
2026,8,Gobiernos departamentales,CONTRATADO,MASCULINO,632
2026,8,Gobiernos departamentales,PERMANENTE,FEMENINO,412
2026,8,Gobiernos departamentales,PERMANENTE,MASCULINO,698
2026,8,Municipalidades,CONTRATADO,FEMENINO,8374
2026,8,Municipalidades,CONTRATADO,MASCULINO,11381
2026,8,Municipalidades,PERMANENTE,FEMENINO,2786
2026,8,Municipalidades,PERMANENTE,MASCULINO,4368
2026,8,Otros organismos,CONTRATADO,FEMENINO,174
2026,8,Otros organismos,CONTRATADO,MASCULINO,165
2026,8,Otros organismos,PERMANENTE,FEMENINO,1918
2026,8,Otros organismos,PERMANENTE,MASCULINO,2169
2026,8,Poder Judicial,CONTRATADO,FEMENINO,1331
2026,8,Poder Judicial,CONTRATADO,MASCULINO,1184
2026,8,Poder Judicial,PERMANENTE,FEMENINO,14896
2026,8,Poder Judicial,PERMANENTE,MASCULINO,11370
2026,8,Poder Legislativo,CONTRATADO,FEMENINO,448
2026,8,Poder Legislativo,CONTRATADO,MASCULINO,603
2026,8,Poder Legislativo,PERMANENTE,FEMENINO,1486
2026,8,Poder Legislativo,PERMANENTE,MASCULINO,1879
2026,8,SA del Estado,CONTRATADO,FEMENINO,814
2026,8,SA del Estado,CONTRATADO,MASCULINO,1269
2026,8,SA del Estado,PERMANENTE,FEMENINO,550
2026,8,SA del Estado,PERMANENTE,MASCULINO,1739
2026,8,Salud,CONTRATADO,FEMENINO,35107
2026,8,Salud,CONTRATADO,MASCULINO,16476
2026,8,Salud,PERMANENTE,FEMENINO,26170
2026,8,Salud,PERMANENTE,MASCULINO,12637
2026,8,Servicio civil del Ejecutivo,CONTRATADO,FEMENINO,3769
2026,8,Servicio civil del Ejecutivo,CONTRATADO,MASCULINO,4017
2026,8,Servicio civil del Ejecutivo,PERMANENTE,FEMENINO,5919
2026,8,Servicio civil del Ejecutivo,PERMANENTE,MASCULINO,8395
